date,open,high,low,close,volume
2018-01-02 00:00:00+00:00,133.6516141347332,134.17403618180523,133.0247129925446,133.94764709472656,3061900
2018-01-03 00:00:00+00:00,133.20753013017824,134.9489187875717,133.20753013017824,134.56581115722656,2064200
2018-01-04 00:00:00+00:00,134.95764754325504,136.57713984520385,134.7573915281991,136.15921020507812,1777000
2018-01-05 00:00:00+00:00,136.3594149353511,137.3258859986008,135.9414854524087,137.2823486328125,1597600
2018-01-08 00:00:00+00:00,137.0211895277993,138.4491279796443,136.55972250460047,138.3794708251953,2616900
2018-01-09 00:00:00+00:00,138.0050547009288,138.86704689170688,137.09082297478383,138.84092712402344,3204700
2018-01-10 00:00:00+00:00,138.39685463235696,138.57099083307548,137.33460653651127,138.3533172607422,1624100
2018-01-11 00:00:00+00:00,138.353342168252,138.7886893912934,137.6132598605274,138.53619384765625,1809200
2018-01-12 00:00:00+00:00,138.8757363144788,139.86832725263227,138.06599701907945,139.4068603515625,2048800
2018-01-16 00:00:00+00:00,139.52879671277245,139.63327580364657,137.4913747262628,137.534912109375,2858700
2018-01-17 00:00:00+00:00,138.52748619128536,139.72033328366598,138.27497737192124,139.49395751953125,2143100
2018-01-18 00:00:00+00:00,139.42430202195166,140.25145906555872,139.1543888768976,140.1295623779297,1715500
2018-01-19 00:00:00+00:00,140.7042400032466,141.48785975838,139.48525970157414,140.8348388671875,2246700
2018-01-22 00:00:00+00:00,140.3646423267769,140.9480059483077,140.02507206093833,140.55618286132812,1720000
2018-01-23 00:00:00+00:00,140.43424499024616,141.09598100651232,139.86829914176988,140.0772705078125,1635800
2018-01-24 00:00:00+00:00,140.35591996654256,141.04377591073057,139.781258533972,139.83351135253906,1951900
2018-01-25 00:00:00+00:00,140.2862626005861,140.83480426585615,139.85091544675038,139.99893188476562,1327100
2018-01-26 00:00:00+00:00,140.39946673560578,141.55749183847374,139.59842951193042,141.5313720703125,1950700
2018-01-29 00:00:00+00:00,141.33982006402155,141.57491126623728,140.15567517776628,140.34722900390625,1314800
2018-01-30 00:00:00+00:00,140.14696433331537,140.32110054108713,138.53617451850926,139.0498809814453,1700000
2018-01-31 00:00:00+00:00,139.38940832065222,140.13820574069396,139.07595792887344,139.9205322265625,1878300
2018-02-01 00:00:00+00:00,139.45039794767928,140.29497245532076,138.91055846413363,139.71160888671875,1692600
2018-02-02 00:00:00+00:00,139.29366311594225,139.5461718897635,136.37684533478946,136.61192321777344,2183600
2018-02-05 00:00:00+00:00,135.93279794780616,138.6754931273449,131.23975592316407,132.19752502441406,3733700
2018-02-06 00:00:00+00:00,130.85666526537798,135.1143606667003,130.10786749424136,134.68772888183594,4259600
2018-02-07 00:00:00+00:00,134.2784869306532,138.379449977198,133.2771937185074,135.08822631835938,2918700
2018-02-08 00:00:00+00:00,135.2275695642838,135.36688388202614,130.9263363256382,131.04823303222656,2900900
2018-02-09 00:00:00+00:00,132.0756591165835,134.94895380399052,129.55063693672813,133.94764709472656,3656800
2018-02-12 00:00:00+00:00,134.67029965133827,136.23755220983878,133.99986125130766,134.91409301757812,2273700
2018-02-13 00:00:00+00:00,134.26102993210088,136.6902739539818,134.07819160788748,136.55966186523438,2059500
2018-02-14 00:00:00+00:00,135.83702640516702,139.41558086379894,135.08822870162206,139.1282501220703,2583200
2018-02-15 00:00:00+00:00,139.65070603786458,140.27760721126657,137.66552341733998,140.23406982421875,1854900
2018-02-16 00:00:00+00:00,140.1469736957044,142.44560633477636,140.05119678217048,141.6271514892578,1997900
2018-02-20 00:00:00+00:00,141.38335043086104,141.67938331631322,140.24274297722843,140.5648956298828,1425700
2018-02-21 00:00:00+00:00,140.69548438087307,142.5848893589322,139.67677367578534,139.71160888671875,1628600
2018-02-22 00:00:00+00:00,140.25145992024622,141.05249719893874,139.23274903476522,139.58973693847656,1511700
2018-02-23 00:00:00+00:00,140.26889230102708,141.9667439556357,139.58975163918362,141.87966918945312,1577200
2018-02-26 00:00:00+00:00,142.63714946770963,143.51654594550374,141.8535166105277,143.4381866455078,1782800
2018-02-27 00:00:00+00:00,143.49043439685585,144.16957494053153,141.5313720703125,141.5313720703125,1820800
2018-02-28 00:00:00+00:00,141.836071615933,143.1334106813405,140.13822068183484,140.19046020507812,2002200
2018-03-01 00:00:00+00:00,140.42562132084183,140.69553451592463,135.72387588568554,135.95895385742188,3005400
2018-03-02 00:00:00+00:00,135.14051462703992,137.24759396343003,134.68774971531496,137.1343994140625,2960100
2018-03-05 00:00:00+00:00,136.84704091342002,139.01507481026707,136.69032229438514,138.309814453125,1936800
2018-03-06 00:00:00+00:00,138.58843157823938,139.4417084042456,136.68160864050924,137.59584045410156,2352500
2018-03-07 00:00:00+00:00,136.6815875556033,138.4055718361137,136.28107561743752,138.048583984375,3176200
2018-03-08 00:00:00+00:00,138.44911529042108,138.80610319209939,137.60454063803215,138.00506591796875,3093200
2018-03-09 00:00:00+00:00,139.0063170500489,140.90443722361425,138.62322278044,140.6258087158203,2988000
2018-03-12 00:00:00+00:00,141.05249064881326,141.72292904659622,140.19921386983435,140.78257751464844,2105000
2018-03-13 00:00:00+00:00,141.15697526531267,143.0550960114667,141.1047357257773,141.47914123535156,2742200
2018-03-14 00:00:00+00:00,141.7142259429125,142.09733363215648,139.67680408910743,140.1818084716797,2214800
2018-03-15 00:00:00+00:00,140.43430337176775,142.34984180914446,140.08603090265004,141.80130004882812,1840300
2018-03-16 00:00:00+00:00,141.5836399864153,142.1757058977359,140.0773421489726,140.08604431152344,4018600
2018-03-19 00:00:00+00:00,139.7986668427183,140.61712156453987,138.7625385581033,139.8509063720703,1890000
2018-03-20 00:00:00+00:00,140.13830843440115,142.05383410531277,140.13830843440115,141.81875610351562,2249400
2018-03-21 00:00:00+00:00,142.09732414010298,142.55008895039617,140.9915385265136,141.07861328125,3452600
2018-03-22 00:00:00+00:00,136.48135983410853,137.51748839174192,130.36908086028575,130.80442810058594,8203600
2018-03-23 00:00:00+00:00,131.76217365460334,132.75476465260448,128.1313799175534,128.29681396484375,4039800
2018-03-26 00:00:00+00:00,129.73345387293708,133.3642475984478,129.73345387293708,133.08563232421875,4231000
2018-03-27 00:00:00+00:00,133.41645552034024,133.79086089837082,128.6885928530835,129.6115264892578,3212000
2018-03-28 00:00:00+00:00,130.32552670949994,130.9089036278905,128.28810507563827,128.34906005859375,2965700
2018-03-29 00:00:00+00:00,129.11522798453146,133.65155029296875,128.7060139622139,133.65155029296875,3595900
2018-04-02 00:00:00+00:00,132.1888287291896,132.1888287291896,127.55672819505267,128.84535217285156,2845800
2018-04-03 00:00:00+00:00,129.28943094100106,129.70736058051807,127.16493423769539,129.55062866210938,2363300
2018-04-04 00:00:00+00:00,127.72218687661638,131.02211340668737,127.17364505347543,130.57806396484375,2161100
2018-04-05 00:00:00+00:00,131.56188781004786,132.4064621754938,130.6128211151347,131.9711151123047,3336300
2018-04-06 00:00:00+00:00,130.5170616790125,131.2919790236606,127.28679347829846,128.3229217529297,1927200
2018-04-09 00:00:00+00:00,129.08917701667454,130.97858271029153,128.87150336599407,129.08047485351562,1465800
2018-04-10 00:00:00+00:00,130.59544050332474,132.9898497854853,130.4648283892172,132.38906860351562,2257400
2018-04-11 00:00:00+00:00,131.22958902028446,131.64242750456606,130.14040953237267,130.35121154785156,1734900
2018-04-12 00:00:00+00:00,131.03635134466995,132.7491982224834,130.81675696576846,131.83567810058594,2005600
2018-04-13 00:00:00+00:00,132.63500323206205,132.99514122576426,131.2823077719059,131.87081909179688,1607800
2018-04-16 00:00:00+00:00,133.03033280920874,133.55736492044423,132.17830515773528,133.0039825439453,2151600
2018-04-17 00:00:00+00:00,134.0843416533775,135.78839642286735,133.58367336712382,135.48097229003906,2702300
2018-04-18 00:00:00+00:00,135.57757033540275,136.76337189980512,134.69040049657144,136.6052703857422,1975700
2018-04-19 00:00:00+00:00,136.14851384977706,136.33297902391573,134.93634859880703,135.7883758544922,1512900
2018-04-20 00:00:00+00:00,135.28769280873456,135.92890456694414,133.4343159324782,133.87350463867188,2302000
2018-04-23 00:00:00+00:00,134.59381957702132,134.79585611071428,133.61004078087805,134.4269256591797,1533000
2018-04-24 00:00:00+00:00,134.8924310454996,135.56877202992922,131.62486586857372,132.6964874267578,1922600
2018-04-25 00:00:00+00:00,133.0741936143049,133.0741936143049,130.37756820796548,131.83567810058594,2040200
2018-04-26 00:00:00+00:00,132.57354841469916,134.50599020225243,132.28369554954708,133.7681427001953,1634600
2018-04-27 00:00:00+00:00,133.76812916204747,134.3654329458352,132.80192176903782,133.85597229003906,1179500
2018-04-30 00:00:00+00:00,134.54113543989186,134.62018623071242,132.79315867040336,132.81072998046875,1504700
2018-05-01 00:00:00+00:00,132.71410578881233,133.4695112739339,131.86207820432702,133.4431610107422,1204800
2018-05-02 00:00:00+00:00,133.2674667171842,133.59246217967157,132.11679406601854,132.38031005859375,1642100
2018-05-03 00:00:00+00:00,132.02018655036733,133.54855535059218,131.00126508156302,133.27626037597656,1725000
2018-05-04 00:00:00+00:00,132.380337176318,135.235065307542,132.0641206010477,134.77830505371094,1504100
2018-05-07 00:00:00+00:00,134.3478566055193,134.46204998703354,133.37285689445676,133.77691650390625,2057000
2018-05-08 00:00:00+00:00,132.9424993958644,133.95262861108264,132.66141203682244,133.4607391357422,1770100
2018-05-09 00:00:00+00:00,134.30390228829688,136.13092893204268,133.68904077429005,135.81471252441406,1515300
2018-05-10 00:00:00+00:00,136.13976128196106,137.90529559153154,135.647858523259,137.50123596191406,1299400
2018-05-11 00:00:00+00:00,137.50125442153154,138.44990405048694,136.8688347385428,137.9755859375,1211600
2018-05-14 00:00:00+00:00,138.18636113567052,138.4762139294798,136.4208137009666,136.64920043945312,1636700
2018-05-15 00:00:00+00:00,135.91133818961134,135.9728310441345,134.725536681715,135.3316192626953,1774500
2018-05-16 00:00:00+00:00,135.70932527097273,136.19243558198264,134.97149137941787,135.3404083251953,1946900
2018-05-17 00:00:00+00:00,135.63031984275912,136.78099262076194,135.11208015545705,136.08706665039062,1615300
2018-05-18 00:00:00+00:00,136.14852723356412,136.96541196353584,135.81473945849,136.4208221435547,1517400
2018-05-21 00:00:00+00:00,137.0445093812998,138.27423295152522,137.0445093812998,137.8526153564453,1653000
2018-05-22 00:00:00+00:00,137.87900073991096,138.28304712891426,136.2803462884163,136.43846130371094,1757100
2018-05-23 00:00:00+00:00,136.40325083881962,137.07960533984613,135.34920040534902,136.4208221435547,1738000
2018-05-24 00:00:00+00:00,136.87756346583603,137.07080758247284,135.87621368098016,136.666748046875,1911100
2018-05-25 00:00:00+00:00,136.49111071726423,137.44853919670828,136.192465514994,137.0181427001953,1314900
2018-05-29 00:00:00+00:00,136.11341223578097,136.35935691583202,134.09314087566463,134.86610412597656,2047300
2018-05-30 00:00:00+00:00,135.97286763830692,137.5012362246532,135.73570191170913,137.0532684326172,1577800
2018-05-31 00:00:00+00:00,137.0268962846212,137.71202969380607,136.06946798242402,136.79852294921875,2767100
2018-06-01 00:00:00+00:00,137.85259588413814,139.90799644817238,137.51880807523386,139.5654296875,1808800
2018-06-04 00:00:00+00:00,139.35457006487485,140.54038492386016,138.83633061218225,140.03970336914062,1481800
2018-06-05 00:00:00+00:00,139.80260679819904,140.85665742432428,139.70598470896365,140.4701690673828,1756500
2018-06-06 00:00:00+00:00,141.04112477198885,142.95598187457372,140.6809866700594,142.9208526611328,1771300
2018-06-07 00:00:00+00:00,142.9472279506376,143.04385005824406,140.1891218097613,141.07627868652344,1841800
2018-06-08 00:00:00+00:00,141.16407881507237,142.5870463270447,141.0762356883914,142.44650268554688,1725200
2018-06-11 00:00:00+00:00,141.88435646945672,143.72895510024327,141.88435646945672,142.9559783935547,1978400
2018-06-12 00:00:00+00:00,143.56203557775476,144.06270383493734,142.69243693783338,143.03500366210938,2881300
2018-06-13 00:00:00+00:00,143.2546252254158,144.27354664062818,142.83300765473444,143.19314575195312,2357600
2018-06-14 00:00:00+00:00,143.46540330424293,144.00999308283102,142.4201319010994,142.9647216796875,1914400
2018-06-15 00:00:00+00:00,142.15664432979594,143.79042739456386,141.10259376610244,143.59718322753906,8561500
2018-06-18 00:00:00+00:00,142.29719844594183,143.15800490592827,141.29584832633037,143.07017517089844,1789800
2018-06-19 00:00:00+00:00,142.4025588101727,143.4741804534751,141.68229621556296,143.4478302001953,2574400
2018-06-20 00:00:00+00:00,143.1755852967418,143.50058080263295,141.9985622294229,142.09518432617188,2026800
2018-06-21 00:00:00+00:00,141.74374912050976,142.2356382935606,140.21538110466963,140.5667266845703,2034200
2018-06-22 00:00:00+00:00,140.97960782341977,140.97960782341977,139.17015207309112,140.21542358398438,3623900
2018-06-25 00:00:00+00:00,138.77488257594874,138.83636203872192,136.45596623592184,137.16744995117188,3134500
2018-06-26 00:00:00+00:00,137.49242143026362,138.42349938450747,137.16742606211562,137.78228759765625,2164000
2018-06-27 00:00:00+00:00,138.0458277482983,139.39852336395947,136.41204486534318,136.44717407226562,3191900
2018-06-28 00:00:00+00:00,140.97084374680244,145.42421177465548,140.27691784903328,144.49313354492188,5801100
2018-06-29 00:00:00+00:00,144.22083385063496,145.42420698684396,143.20191252210336,143.6938018798828,3370000
2018-07-02 00:00:00+00:00,142.20933486326015,143.54447263179023,141.68231631990454,143.37757873535156,2279400
2018-07-03 00:00:00+00:00,143.9748790650612,145.3012244476089,143.1931235185434,143.4741973876953,1919100
2018-07-05 00:00:00+00:00,143.7904168092477,144.8005591357836,143.31609878154617,144.7566375732422,2427900
2018-07-06 00:00:00+00:00,144.73032468920965,145.08167047430874,143.18437106761556,144.50193786621094,1840400
2018-07-09 00:00:00+00:00,144.93235542864952,146.03910677230343,144.93235542864952,145.9249267578125,1651600
2018-07-10 00:00:00+00:00,146.24991193150908,147.365455553131,146.10936825888317,146.21478271484375,2071000
2018-07-11 00:00:00+00:00,145.2836504579205,146.77690310831116,144.5897380475098,146.08297729492188,1307100
2018-07-12 00:00:00+00:00,147.1458127864947,147.6991815359559,146.6714813978389,147.59378051757812,1717000
2018-07-13 00:00:00+00:00,147.347869670022,148.00665299194458,147.24246862746827,147.64651489257812,1420300
2018-07-16 00:00:00+00:00,147.69920376040366,147.9802910556771,147.02286258673936,147.25123596191406,1522800
2018-07-17 00:00:00+00:00,146.7593835833956,148.401945994784,146.68911174186783,147.6289825439453,2315300
2018-07-18 00:00:00+00:00,147.10192930512443,147.10192930512443,145.78436262243898,146.14450073242188,2206500
2018-07-19 00:00:00+00:00,145.99516260367653,146.92624081602995,145.38028749470658,146.5924530029297,2055100
2018-07-20 00:00:00+00:00,146.32890499276488,146.6802640357144,146.09175271712314,146.26742553710938,1110200
2018-07-23 00:00:00+00:00,145.74919481184017,146.20595493571957,145.38027781281494,145.7755584716797,1783300
2018-07-24 00:00:00+00:00,146.1005558099474,146.26744970755522,144.3262292080348,145.08163452148438,2545500
2018-07-25 00:00:00+00:00,144.93225099557023,146.79440653759207,144.93225099557023,146.75927734375,2285200
2018-07-26 00:00:00+00:00,147.0404129238209,147.6640669512534,144.98501244407876,145.08163452148438,2228000
2018-07-27 00:00:00+00:00,145.24853659369538,145.59110335959875,141.51543137934667,142.31475830078125,2704000
2018-07-30 00:00:00+00:00,142.507975902861,142.66607742550923,138.85392214569026,140.03094482421875,2553200
2018-07-31 00:00:00+00:00,140.80396234253746,141.6823401320692,139.56544644258213,139.95193481445312,2722700
2018-08-01 00:00:00+00:00,140.81273945021974,141.76138905884116,139.74111748879446,140.2857208251953,2060600
2018-08-02 00:00:00+00:00,139.04717442606207,140.80392959656703,138.64311483953549,140.6721649169922,1774700
2018-08-03 00:00:00+00:00,140.97081664081938,141.3660838544047,139.62690007284266,140.8654022216797,1478500
2018-08-06 00:00:00+00:00,140.77761652015948,141.42760752700073,140.17153368179424,141.04991149902344,1135800
2018-08-07 00:00:00+00:00,141.57691111505767,142.2181364855805,141.41880956264166,141.594482421875,1415700
2018-08-08 00:00:00+00:00,141.5066493546274,141.98974635537454,141.33096309655966,141.54177856445312,1123400
2018-08-09 00:00:00+00:00,141.53301001679398,142.06882097613658,141.01475696216505,141.10260009765625,1722100
2018-08-10 00:00:00+00:00,140.58435697966607,141.83165173559883,140.4350343753974,141.13772583007812,1354200
2018-08-13 00:00:00+00:00,141.18163572376733,142.20933596439644,140.5843453560769,140.74244689941406,1590100
2018-08-14 00:00:00+00:00,140.6194961788097,141.97220547140603,140.44382330266222,141.629638671875,2083200
2018-08-15 00:00:00+00:00,141.03229448158197,141.80527099917782,140.32958977494732,140.90054321289062,1669400
2018-08-16 00:00:00+00:00,142.12152045845778,143.39516549589567,141.86678340918186,143.07894897460938,1957000
2018-08-17 00:00:00+00:00,143.58836842251966,145.08160746514864,143.2282304372629,144.83566284179688,2717500
2018-08-20 00:00:00+00:00,145.230918053033,145.4944339571731,144.75660014796136,145.0376739501953,1285800
2018-08-21 00:00:00+00:00,145.37152314713148,145.72286889928552,144.51071667226722,144.5897674560547,1291600
2018-08-22 00:00:00+00:00,144.66000693713528,145.6877071054942,144.352569420516,144.86203002929688,1184400
2018-08-23 00:00:00+00:00,144.91472705468956,146.2322934034063,144.91472705468956,145.10797119140625,1299200
2018-08-24 00:00:00+00:00,145.7316267442803,146.50458989656977,144.94107888467164,145.7052764892578,1768200
2018-08-27 00:00:00+00:00,146.49582410576105,146.90866267550305,145.93366294315183,146.5748748779297,1406800
2018-08-28 00:00:00+00:00,147.02284902160403,147.4795957298115,146.3201442512358,147.27757263183594,1668500
2018-08-29 00:00:00+00:00,147.17216261304958,149.2539131378234,147.17216261304958,149.12216186523438,1370800
2018-08-30 00:00:00+00:00,148.93771916994166,149.12218438239807,147.68164550500202,148.12083435058594,1480000
2018-08-31 00:00:00+00:00,148.1911533894278,148.937766623011,147.7431720462937,148.5073699951172,2803300
2018-09-04 00:00:00+00:00,148.23506625657654,148.96412160395917,147.46210273164036,148.88507080078125,1676900
2018-09-05 00:00:00+00:00,148.48974621187455,148.70054827252142,147.12825815728587,148.12960815429688,1869000
2018-09-06 00:00:00+00:00,147.81345036114226,149.25398976055143,147.42696189249853,148.76210021972656,1813000
2018-09-07 00:00:00+00:00,148.33168367852429,149.03438873594342,147.9715588966708,148.5073699951172,1826600
2018-09-10 00:00:00+00:00,149.2012347583921,150.20258478752305,148.8410966892624,148.92893981933594,1888500
2018-09-11 00:00:00+00:00,149.06947625222588,150.21135647004277,148.64784533185303,149.93028259277344,1963400
2018-09-12 00:00:00+00:00,149.9303133350854,150.2289585793505,148.89382053036624,149.6316680908203,1743300
2018-09-13 00:00:00+00:00,150.3431594935963,151.52896157668278,150.07086449828714,151.14248657226562,1586500
2018-09-14 00:00:00+00:00,150.8526136521817,151.31815283077793,150.2289594943173,150.7647705078125,2212900
2018-09-17 00:00:00+00:00,150.59783945498535,150.8350051639384,149.99175675598235,150.23770141601562,1770900
2018-09-18 00:00:00+00:00,150.32554250630332,151.8100028004918,150.2552706896755,151.4410858154297,2078400
2018-09-19 00:00:00+00:00,151.80124726011266,152.23164377423765,150.94921978119743,152.0823211669922,1531100
2018-09-20 00:00:00+00:00,152.74985254884288,153.18026237895182,152.18769144573014,152.95188903808594,1818900
2018-09-21 00:00:00+00:00,153.49649750396733,154.27825309247493,152.7235208670683,153.00460815429688,4743000
2018-09-24 00:00:00+00:00,152.0120649294913,152.17895886146437,151.29180207932242,151.63436889648438,2074700
2018-09-25 00:00:00+00:00,152.43362797582296,153.27687628709054,151.45862839856534,151.80120849609375,1979900
2018-09-26 00:00:00+00:00,152.0207807219144,153.32077550116063,151.48496998000599,151.9329376220703,2623900
2018-09-27 00:00:00+00:00,148.38437170385095,152.7762611887643,148.18234854038016,149.3681640625,3112800
2018-09-28 00:00:00+00:00,149.31544136316765,150.02692520960696,148.49854307071365,149.49989318847656,2384500
2018-10-01 00:00:00+00:00,150.32555209263407,152.995814279882,150.29920183509057,152.4073028564453,2336700
2018-10-02 00:00:00+00:00,152.0647294555229,152.4512177532318,151.52891857060447,152.09107971191406,1762700
2018-10-03 00:00:00+00:00,152.59179155278346,153.55801248805273,152.5390910295836,152.96070861816406,1655500
2018-10-04 00:00:00+00:00,152.72355778593183,152.96072356649015,149.74585730730527,150.95802307128906,1779100
2018-10-05 00:00:00+00:00,150.6681485988148,151.21273856623583,149.42085368450665,150.40463256835938,1485800
2018-10-08 00:00:00+00:00,149.62284695634062,150.8525837185831,148.13838657074342,149.23635864257812,1693600
2018-10-09 00:00:00+00:00,148.630233746822,149.21874494893237,147.66401332367099,148.2700958251953,2027900
2018-10-10 00:00:00+00:00,148.0066456958169,148.12083908827478,141.9282734868745,142.06881713867188,2972300
2018-10-11 00:00:00+00:00,141.5242058848246,141.8931228978237,136.24516091381724,137.02691650390625,4752800
2018-10-12 00:00:00+00:00,140.18032004394115,140.74248134056086,138.24789142449725,140.04856872558594,3376300
2018-10-15 00:00:00+00:00,139.60928167395772,140.20657176802558,138.64306134182075,138.7133331298828,1945100
2018-10-16 00:00:00+00:00,140.16273588629207,142.19178622684447,139.57421103324126,141.594482421875,2830200
2018-10-17 00:00:00+00:00,141.07150077830778,142.144057923287,139.87486086749243,140.8498992919922,2687200
2018-10-18 00:00:00+00:00,140.442173640242,140.442173640242,137.54362213329458,138.4566192626953,2196000
2018-10-19 00:00:00+00:00,138.28816328465095,140.62827404371572,137.77404630021138,140.30030822753906,2426100
2018-10-22 00:00:00+00:00,140.13194277497408,142.08203356881074,139.19235443501998,141.4261016845703,1958300
2018-10-23 00:00:00+00:00,138.8998085121457,141.22220127928264,137.90703818450322,140.1319122314453,2204000
2018-10-24 00:00:00+00:00,139.93688336010007,140.44214117292506,135.6200913175574,135.72645568847656,2473700
2018-10-25 00:00:00+00:00,137.74744708087994,140.0166571448373,137.2865258327677,139.09478759765625,2313700
2018-10-26 00:00:00+00:00,136.77247051418863,138.35027236604606,135.49604350471193,136.90542602539062,2472500
2018-10-29 00:00:00+00:00,138.32364994116662,138.84662620078186,133.51933135903693,135.3896484375,1909200
2018-10-30 00:00:00+00:00,136.01012357911992,137.26881833516393,135.00848058308944,137.0560760498047,2296400
2018-10-31 00:00:00+00:00,138.47430834732089,141.33739515336873,138.30588908952777,139.71527099609375,2414900
2018-11-01 00:00:00+00:00,139.96346021120314,141.12466308599318,139.55572114718186,140.56622314453125,1771600
2018-11-02 00:00:00+00:00,140.88537613916967,142.41885477922034,138.27048106380488,139.51144409179688,1998600
2018-11-05 00:00:00+00:00,139.72416955023854,140.9030910473391,138.9263961066503,140.583984375,1705200
2018-11-06 00:00:00+00:00,140.90311283863872,141.79837808745867,140.67263860740047,141.31085205078125,1364700
2018-11-07 00:00:00+00:00,141.8249240366114,145.36168794894675,141.8160648480315,145.25531005859375,2278400
2018-11-08 00:00:00+00:00,144.3689356822645,145.84923202578986,144.3689356822645,145.81378173828125,1294400
2018-11-09 00:00:00+00:00,145.39718316634472,146.83315663787548,144.6082823235863,146.38995361328125,1882100
2018-11-12 00:00:00+00:00,145.83147271139484,146.2126206784253,143.88138283423066,143.9877471923828,2263800
2018-11-13 00:00:00+00:00,144.19159964724534,145.2286925928625,142.64924900927613,143.1101837158203,1486700
2018-11-14 00:00:00+00:00,144.67914606814693,144.83869260923132,141.27535127023123,142.08197021484375,2819900
2018-11-15 00:00:00+00:00,141.75404977639997,144.43985894786536,141.3197059553395,144.03211975097656,2561800
2018-11-16 00:00:00+00:00,143.34065894785084,146.9926457788485,143.3229270482944,146.25692749023438,3218500
2018-11-19 00:00:00+00:00,145.81379792159117,147.0902248212739,143.69528796393206,144.2803192138672,2194400
2018-11-20 00:00:00+00:00,142.00222972592948,142.68476609091627,139.8216786748537,140.8498992919922,2224800
2018-11-21 00:00:00+00:00,141.82496016413938,141.82496016413938,138.93528146996863,139.14801025390625,2525600
2018-11-23 00:00:00+00:00,138.1463769189898,139.93690725409664,137.61452792262267,139.1036834716797,938800
2018-11-26 00:00:00+00:00,140.53078879282893,141.36401252281604,139.50256820362446,140.4066925048828,2127500
2018-11-27 00:00:00+00:00,140.08759562436268,141.27538992113764,139.6178015353366,141.0360565185547,1930000
2018-11-28 00:00:00+00:00,141.83378620366966,143.91684522939266,141.19557295006427,143.7838897705078,2784000
2018-11-29 00:00:00+00:00,143.78387844924077,144.0054798802531,142.54290232028504,142.77337646484375,2414600
2018-11-30 00:00:00+00:00,143.39388105535124,145.8492155713973,142.6936128453533,145.8314971923828,5832800
2018-12-03 00:00:00+00:00,147.11678882993203,148.09184073360316,145.9733176405831,147.8702392578125,2319800
2018-12-04 00:00:00+00:00,147.5511147004408,149.24413949082938,145.45032376734864,145.55670166015625,3108900
2018-12-06 00:00:00+00:00,142.45428417072438,143.36728107615474,138.84660601927322,141.16012573242188,6012000
2018-12-07 00:00:00+00:00,140.83217317826325,142.5163389715907,138.49206215228668,139.56460571289062,3090000
2018-12-10 00:00:00+00:00,139.18345839359193,140.62829081522142,136.86993845044015,139.80393981933594,2280800
2018-12-11 00:00:00+00:00,141.8249260748795,142.5606445019504,139.52913833015734,140.3180389404297,1786300
2018-12-12 00:00:00+00:00,142.05540496717637,142.8975013943532,140.52192654404712,140.60169982910156,2423400
2018-12-13 00:00:00+00:00,141.6388018741236,142.79113232296442,141.13355751203986,142.0465545654297,2227100
2018-12-14 00:00:00+00:00,140.3446715797549,140.61945529129548,137.49930220682197,137.86273193359375,2336100
2018-12-17 00:00:00+00:00,137.15359274681506,137.37519424060093,133.74093785780175,134.44119262695312,2755000
2018-12-18 00:00:00+00:00,135.9126286100527,136.53311008216173,133.9802565677913,134.85780334472656,2692600
2018-12-19 00:00:00+00:00,134.99072105889704,138.46544338143462,132.58856913354296,133.8118133544922,3261000
2018-12-20 00:00:00+00:00,129.41527958780216,130.47896411219443,123.64478123699921,127.19926452636719,6409200
2018-12-21 00:00:00+00:00,125.00094467611864,128.395880376646,121.37553482055333,121.6148681640625,6236900
2018-12-24 00:00:00+00:00,121.0652990838337,121.36667379303198,118.42381373322335,118.48585510253906,2305400
2018-12-26 00:00:00+00:00,119.48753004682557,123.22816440321203,117.56403067335854,123.21929168701172,2488600
2018-12-27 00:00:00+00:00,121.53512369262585,124.46026611328125,119.39002285760702,124.46026611328125,2684100
2018-12-28 00:00:00+00:00,124.9921211786534,125.69238958249522,123.04203043431241,123.93730926513672,2015600
2018-12-31 00:00:00+00:00,124.45139538262364,125.24029617141638,123.55613020335882,124.99210357666016,1826400
2019-01-02 00:00:00+00:00,123.14836731685315,125.15165334168125,122.5722088821171,124.61980438232422,2059300
2019-01-03 00:00:00+00:00,123.32565725636604,123.71567801663653,120.17891360470803,120.36505126953125,2801300
2019-01-04 00:00:00+00:00,122.43035742421824,125.28458501105403,121.88079018933576,125.0452651977539,2296400
2019-01-07 00:00:00+00:00,124.83254175229386,126.19760085681654,123.96386777668852,125.4796142578125,2315600
2019-01-08 00:00:00+00:00,128.20090715876808,130.1332657925182,126.48127731377134,128.65296936035156,2647800
2019-01-09 00:00:00+00:00,128.7593253905744,130.47895512386464,128.65296100310707,129.30003356933594,2181500
2019-01-10 00:00:00+00:00,128.2274935573246,130.41691743121083,127.88179576278898,130.3194122314453,1836300
2019-01-11 00:00:00+00:00,126.76492725514316,130.68284046314233,126.76492725514316,129.61915588378906,2004100
2019-01-14 00:00:00+00:00,128.33382616104487,129.11386756596218,127.7753861983901,128.46678161621094,1484500
2019-01-15 00:00:00+00:00,128.59977007672396,130.74487073970067,128.5377151712608,130.20416259765625,1543800
2019-01-16 00:00:00+00:00,131.879409320766,132.48217209452832,130.93982165403824,131.08164978027344,2677100
2019-01-17 00:00:00+00:00,130.51442829321664,132.62406544028687,130.51442829321664,132.1808624267578,1814700
2019-01-18 00:00:00+00:00,132.96087654518695,134.20183931608346,132.17197588537138,133.35975646972656,2470500
2019-01-22 00:00:00+00:00,132.51767610396013,133.31543596797255,131.10829403231415,132.04788208007812,1950300
2019-01-23 00:00:00+00:00,132.83679044624347,133.78523773835437,130.69168976334464,131.56036376953125,1989400
2019-01-24 00:00:00+00:00,131.9060608832299,133.23566974399841,131.78196459724407,133.09384155273438,1947100
2019-01-25 00:00:00+00:00,134.36138991857692,134.9286890774465,133.81182266246296,134.60072326660156,1742800
2019-01-28 00:00:00+00:00,133.59911597608553,134.9464569091797,133.1381810600697,134.9464569091797,2046500
2019-01-29 00:00:00+00:00,134.75146484375,135.0971626964425,133.94483201230605,134.75146484375,1963200
2019-01-30 00:00:00+00:00,135.1946683621265,136.9497487335175,134.59190515321902,136.58631896972656,1679400
2019-01-31 00:00:00+00:00,136.06331249572074,137.30427540796475,135.72647390861965,136.10763549804688,2115600
2019-02-01 00:00:00+00:00,136.72808612547766,137.58790077990952,136.2051099821984,137.1624298095703,1957400
2019-02-04 00:00:00+00:00,137.3928987517229,138.84660372007679,136.7103624998221,138.76683044433594,1666100
2019-02-05 00:00:00+00:00,138.9440527097443,139.5290835462148,138.76677432685213,139.44931030273438,1985700
2019-02-06 00:00:00+00:00,139.29868343693025,140.07872496639158,139.0682227693534,139.30755615234375,1375100
2019-02-07 00:00:00+00:00,138.14633291703572,138.27928836103803,136.67489621784856,137.55242919921875,2109800
2019-02-08 00:00:00+00:00,136.6394517509457,138.2349849321366,136.52422819166486,137.91587829589844,2300000
2019-02-11 00:00:00+00:00,138.2793089179621,139.43163919737435,137.41063499522713,137.6765594482422,1410500
2019-02-12 00:00:00+00:00,138.305904373093,139.19231022744876,137.96020663091343,138.83775329589844,1861300
2019-02-13 00:00:00+00:00,139.16570795934672,140.53076691423405,139.0416116907206,140.07870483398438,1952100
2019-02-14 00:00:00+00:00,139.8039523474885,140.79672271764335,138.93527827360302,139.919189453125,1552900
2019-02-15 00:00:00+00:00,141.00948528988613,141.23108681689587,140.25603468785954,141.14244079589844,2395200
2019-02-19 00:00:00+00:00,140.59282966678373,141.91357922669084,140.22054084010406,141.36399841308594,1656500
2019-02-20 00:00:00+00:00,141.62994299518505,141.93131777501924,140.43328954078004,141.56790161132812,1942300
2019-02-21 00:00:00+00:00,141.45263292965856,141.86924471926736,140.83215160220243,141.40830993652344,1835700
2019-02-22 00:00:00+00:00,141.98449396619418,143.44707185146905,141.78949710697182,143.15455627441406,1679300
2019-02-25 00:00:00+00:00,143.65091927255438,143.96116670732215,143.18112528880587,143.3052215576172,1368000
2019-02-26 00:00:00+00:00,143.26093368734055,144.04097529710378,142.74681658322226,143.0127410888672,1526200
2019-02-27 00:00:00+00:00,142.5783874456876,142.94180356753233,141.940174146891,142.3833770751953,1536300
2019-02-28 00:00:00+00:00,142.62270268912513,143.59775458104045,142.17064055313557,143.04818725585938,2017300
2019-03-01 00:00:00+00:00,144.48415200021634,146.16831768695948,144.2004956390286,145.54783630371094,2227600
2019-03-04 00:00:00+00:00,146.03535693775368,146.18604430212812,142.63156187952288,144.32460021972656,1896300
2019-03-05 00:00:00+00:00,144.45755210183765,145.29077570518905,144.05867220302528,145.07803344726562,1564900
2019-03-06 00:00:00+00:00,145.42377796202405,145.42377796202405,143.89915843662993,143.9434814453125,1733300
2019-03-07 00:00:00+00:00,143.78391992615045,143.9966487049816,142.5163523418601,143.46481323242188,1655000
2019-03-08 00:00:00+00:00,142.71131492652867,143.42930136549882,142.26811208514195,143.32293701171875,1458100
2019-03-11 00:00:00+00:00,144.02320914752357,145.4326046347046,143.58887896620098,145.31736755371094,1240400
2019-03-12 00:00:00+00:00,145.80489724302564,146.98381859893757,145.1223609789757,145.3616943359375,2351200
2019-03-13 00:00:00+00:00,146.2304189363188,146.50520266988838,145.0692290813073,145.46810913085938,2095200
2019-03-14 00:00:00+00:00,145.77833592764904,146.1949343019662,145.46808841912377,146.09744262695312,2270100
2019-03-15 00:00:00+00:00,146.25700133018051,148.06526375905014,146.16835531312046,147.48910522460938,3737200
2019-03-18 00:00:00+00:00,147.80819252974837,148.41981480084505,146.38107840568324,147.5245361328125,1592100
2019-03-19 00:00:00+00:00,148.12726541312855,148.58820019023014,146.72674270516939,147.3206329345703,1949600
2019-03-20 00:00:00+00:00,147.49792925260547,148.26023883094442,146.0885471855365,147.38270568847656,2128800
2019-03-21 00:00:00+00:00,146.41652329247276,149.73168630061426,146.41652329247276,149.12893676757812,1666400
2019-03-22 00:00:00+00:00,148.73892366939194,149.28849103967562,146.354489458867,146.4697265625,1602600
2019-03-25 00:00:00+00:00,146.239219613718,146.67356330860505,145.37054574942255,146.32786560058594,1769900
2019-03-26 00:00:00+00:00,147.5688555969199,148.56163943690765,147.0902023454202,147.9766082763672,1777800
2019-03-27 00:00:00+00:00,148.02979162362425,148.7389190790133,146.58494561674866,147.55999755859375,2376200
2019-03-28 00:00:00+00:00,151.5044846492599,157.3281775141155,151.11446391532692,155.22738647460938,5398700
2019-03-29 00:00:00+00:00,155.38694844814793,156.86724459685814,155.07670098998068,156.02516174316406,2773000
2019-04-01 00:00:00+00:00,155.5642477898469,156.46838566670053,154.93489359971304,156.29110717773438,2977900
2019-04-02 00:00:00+00:00,155.85675780992827,156.4949711677704,154.7310184807511,155.44900512695312,1923600
2019-04-03 00:00:00+00:00,155.91878473035177,157.23953432555874,155.5464958937219,157.062255859375,2481800
2019-04-04 00:00:00+00:00,157.06226614422295,157.28386762283367,155.88334465495612,157.03567504882812,2270200
2019-04-05 00:00:00+00:00,157.28385218580647,158.15252610956767,156.92928173954098,157.91319274902344,1861500
2019-04-08 00:00:00+00:00,157.4877505077227,158.73758619884543,157.2218260058163,158.58689880371094,1373300
2019-04-09 00:00:00+00:00,157.55865597821648,158.19686933763512,157.1420441039993,157.54092407226562,1813900
2019-04-10 00:00:00+00:00,158.01458206079047,158.86363957291942,157.3889614538274,158.19332885742188,1582600
2019-04-11 00:00:00+00:00,158.35424490799002,159.5071873253078,158.10399658931078,159.40887451171875,1417200
2019-04-12 00:00:00+00:00,159.5339792494476,160.30260288825065,158.90835852891234,159.6591033935547,2663400
2019-04-15 00:00:00+00:00,159.45352750941345,160.55283334177616,159.04239757444043,160.24896240234375,1619800
2019-04-16 00:00:00+00:00,160.69583252578815,160.78519910957885,159.31945348784225,160.03445434570312,1618200
2019-04-17 00:00:00+00:00,160.49926861091333,160.87464113706503,159.89151287511137,159.9362030029297,1637400
2019-04-18 00:00:00+00:00,159.7306065038086,159.98085479460948,158.5419203037498,159.63229370117188,1319700
2019-04-22 00:00:00+00:00,158.4168089260699,159.31055679025084,158.21125073581112,159.14968872070312,1393900
2019-04-23 00:00:00+00:00,159.2658601698064,161.36617301992064,159.05136941916294,161.30360412597656,1785500
2019-04-24 00:00:00+00:00,161.6432161152884,162.13478009770202,161.1159082239302,161.59852600097656,1463900
2019-04-25 00:00:00+00:00,161.39297574370502,161.39297574370502,159.632291526161,160.8299102783203,1035300
2019-04-26 00:00:00+00:00,160.98179679414082,161.63424229405385,160.06123795180295,161.61636352539062,1010300
2019-04-29 00:00:00+00:00,161.57173601862377,162.41186118371556,161.44661186451498,161.9560546875,1111900
2019-04-30 00:00:00+00:00,162.28671303120873,163.40389768394243,161.9202731921102,163.26089477539062,1535800
2019-05-01 00:00:00+00:00,163.73459293940937,163.86866329085603,162.02753138188862,162.04541015625,1242400
2019-05-02 00:00:00+00:00,161.76835654275766,162.9570427881089,159.52505440849137,160.3294219970703,1889900
2019-05-03 00:00:00+00:00,158.22015092699544,159.05134336209488,157.7643445190424,158.1754608154297,2680200
2019-05-06 00:00:00+00:00,155.36021190930444,158.07719974892652,154.52008663200004,157.53201293945312,1630200
2019-05-07 00:00:00+00:00,156.33438047290653,156.53993867066907,154.04638803908338,155.45851135253906,2308500
2019-05-08 00:00:00+00:00,155.57464844378103,156.62926404656537,154.76133486959634,155.35121154785156,1984900
2019-05-09 00:00:00+00:00,153.81400292260108,156.030493663771,153.1794359796101,155.92324829101562,2044800
2019-05-10 00:00:00+00:00,155.26186756390499,156.38798487266018,152.53593406998388,155.78024291992188,2139600
2019-05-13 00:00:00+00:00,153.17946779340522,153.7246546139902,152.24997588229107,152.84878540039062,1853800
2019-05-14 00:00:00+00:00,153.64419039949217,156.20030970004905,153.64419039949217,155.16355895996094,2181200
2019-05-15 00:00:00+00:00,153.9122925640515,157.42471436828757,153.8854675873904,156.76333618164062,2060800
2019-05-16 00:00:00+00:00,157.5409288212581,160.65116735261418,157.39792589998652,159.23904418945312,2232100
2019-05-17 00:00:00+00:00,157.64816152383548,160.15065789493445,157.64816152383548,159.3820343017578,1551100
2019-05-20 00:00:00+00:00,158.17548822362056,160.40092524514174,157.69287039260294,159.56973266601562,1566000
2019-05-21 00:00:00+00:00,160.52605458304194,160.87461570490214,159.8110535635181,160.4903106689453,1224900
2019-05-22 00:00:00+00:00,160.26687193530017,162.10799033495118,160.1506803501247,161.22317504882812,1212300
2019-05-23 00:00:00+00:00,159.92723958802287,159.92723958802287,157.69287000316174,159.32843017578125,1250200
2019-05-24 00:00:00+00:00,160.48134597781305,161.16953557312019,159.65909967319675,159.81103515625,1288100
2019-05-28 00:00:00+00:00,160.21320983141638,160.9729008410875,158.9083458098146,159.43565368652344,2336500
2019-05-29 00:00:00+00:00,158.76535199128944,159.7127224375756,157.84479288687865,158.73854064941406,1547700
2019-05-30 00:00:00+00:00,158.78319583955994,160.39194418576983,158.78319583955994,159.8199462890625,1047900
2019-05-31 00:00:00+00:00,158.6134345471905,159.65018534264283,157.73756545879604,159.14968872070312,1799600
2019-06-03 00:00:00+00:00,158.97087641029023,159.40881763046528,155.71763579079118,156.548828125,1774600
2019-06-04 00:00:00+00:00,158.4346819795464,159.10499285347197,157.0940602316953,159.060302734375,2269700
2019-06-05 00:00:00+00:00,160.3561991187226,161.18739151120897,159.43564014519364,160.4813232421875,1492100
2019-06-06 00:00:00+00:00,160.8745925421059,161.75046150522172,160.27578319525568,161.23208618164062,1737700
2019-06-07 00:00:00+00:00,162.33140068002092,164.65513653991923,162.00965095941868,163.4843292236328,1965900
2019-06-10 00:00:00+00:00,164.7444911769004,165.58461607450906,164.20823718002086,164.84280395507812,1525000
2019-06-11 00:00:00+00:00,166.02257696055537,166.8448232532127,163.61840697102335,163.8865203857422,1423400
2019-06-12 00:00:00+00:00,164.10997694090062,165.40592224199952,163.75248325353473,164.97691345214844,1402100
2019-06-13 00:00:00+00:00,166.12089131991732,166.32646312314523,164.66409174872095,165.29864501953125,1323700
2019-06-14 00:00:00+00:00,165.0394839231224,166.08516728803264,164.57473121510333,165.31654357910156,1864700
2019-06-17 00:00:00+00:00,165.343342264026,165.6382806732143,164.25296886187874,164.36021423339844,1177900
2019-06-18 00:00:00+00:00,165.33439514844306,165.94213705026067,164.7087608362677,164.89645385742188,1972600
2019-06-19 00:00:00+00:00,165.10198345818156,165.68292755650714,164.0116103405609,164.4048614501953,2023500
2019-06-20 00:00:00+00:00,165.15563463342508,167.09507918043357,164.8785750231404,166.7018280029297,2122000
2019-06-21 00:00:00+00:00,167.22022081806193,167.4079002212825,165.51315922681576,165.84384155273438,3306600
2019-06-24 00:00:00+00:00,166.29961376439118,167.2648491208103,165.86167255383583,166.33535766601562,1703100
2019-06-25 00:00:00+00:00,166.70183264178638,166.82695678015514,164.87857961126096,165.2539520263672,1863300
2019-06-26 00:00:00+00:00,165.90641781850783,166.17453126359524,163.83291625976562,163.83291625976562,2395300
2019-06-27 00:00:00+00:00,159.80209423220828,163.65414470336856,159.07816076477545,163.5558319091797,3434500
2019-06-28 00:00:00+00:00,164.65515541026502,165.7902189487944,163.43965784174384,165.13778686523438,2937900
2019-07-01 00:00:00+00:00,165.19140891055147,167.09509610468876,164.833901605016,167.0146484375,2397800
2019-07-02 00:00:00+00:00,167.0504159835895,168.68597620582915,166.451606553181,168.56085205078125,2123500
2019-07-03 00:00:00+00:00,169.2132854146595,170.6790313720703,168.11397935597896,170.6790313720703,1106900
2019-07-05 00:00:00+00:00,169.7405871746503,171.3672147802395,168.24802992680742,171.0543975830078,2111000
2019-07-08 00:00:00+00:00,170.75948333437557,170.8309848077937,169.68698850812697,170.08917236328125,1877200
2019-07-09 00:00:00+00:00,168.9809093378784,170.8398928295821,168.9809093378784,170.78627014160156,1732500
2019-07-10 00:00:00+00:00,171.16161735736057,171.67999266058794,170.68793216669738,171.3403778076172,1584400
2019-07-11 00:00:00+00:00,172.0375219281835,173.9858856201172,171.8230175429438,173.9858856201172,1922200
2019-07-12 00:00:00+00:00,174.28078776130218,175.38009352714087,173.22617210444207,175.3622283935547,2059400
2019-07-15 00:00:00+00:00,175.37120109175075,175.49632524301984,174.35232910641403,174.56683349609375,1267000
2019-07-16 00:00:00+00:00,174.41485635810406,174.8170537288628,172.83293276481533,173.61048889160156,1460100
2019-07-17 00:00:00+00:00,174.13782909871466,174.37914483848806,172.97595415768754,173.21726989746094,1557700
2019-07-18 00:00:00+00:00,173.11000998370514,174.85281543015824,172.66313609294747,174.1199493408203,1562400
2019-07-19 00:00:00+00:00,174.1288745601238,175.13881387461507,173.26193815764177,173.32449340820312,1583200
2019-07-22 00:00:00+00:00,173.9679680587095,174.63827877093803,173.66409714216744,173.78028869628906,1090000
2019-07-23 00:00:00+00:00,174.5668108388975,174.72767888214582,172.49330958697772,173.79818725585938,1111800
2019-07-24 00:00:00+00:00,173.3870663658064,173.8786303639328,172.38607323326428,173.80712890625,1250900
2019-07-25 00:00:00+00:00,174.2897264498797,174.81704793433806,173.10998662894613,174.2539825439453,1531000
2019-07-26 00:00:00+00:00,174.37017581137346,176.09510226787023,173.90542320463302,176.00572204589844,1255400
2019-07-29 00:00:00+00:00,176.06831684775926,176.4883794053511,175.3533158792513,176.38113403320312,1319700
2019-07-30 00:00:00+00:00,175.50527020685922,176.27389394394157,174.59365717073484,174.8617706298828,1143900
2019-07-31 00:00:00+00:00,175.22814231583027,175.52308064356973,170.26784069022165,172.11790466308594,1566000
2019-08-01 00:00:00+00:00,172.7882627672201,176.26494114272785,172.6988825327561,173.5300750732422,1837100
2019-08-02 00:00:00+00:00,173.80712071758603,173.80712071758603,170.2589411676069,172.5022430419922,1833100
2019-08-05 00:00:00+00:00,169.43670229080743,170.70582247585463,164.65514631095675,165.83489990234375,2422000
2019-08-06 00:00:00+00:00,166.83593032308565,169.41886138610934,166.69292737625452,168.74855041503906,2055600
2019-08-07 00:00:00+00:00,167.3185434527657,169.2400959034417,164.80710050192653,168.80215454101562,2495100
2019-08-08 00:00:00+00:00,169.81208381725915,173.63732335119457,169.2579645393321,173.54794311523438,1804100
2019-08-09 00:00:00+00:00,173.03851385745537,173.10106911258467,169.99977676165773,171.13482666015625,1831800
2019-08-12 00:00:00+00:00,171.1347848520884,171.501224637284,169.20430042064308,169.81204223632812,1597200
2019-08-13 00:00:00+00:00,168.70378291865538,172.51115621620718,168.70378291865538,172.3860321044922,2072000
2019-08-14 00:00:00+00:00,170.16953634715875,171.05435137422467,166.9609857594997,167.10398864746094,2316500
2019-08-15 00:00:00+00:00,167.4436483291424,170.01763260502287,166.86270410250495,169.4188232421875,1932600
2019-08-16 00:00:00+00:00,170.8130505826425,173.08317730485203,170.23212005127388,172.68992614746094,2526900
2019-08-19 00:00:00+00:00,174.28081285772316,175.43374146535513,173.8518177522681,174.44168090820312,1891000
2019-08-20 00:00:00+00:00,174.3791555472208,175.15671186617305,172.60059229394452,173.5658416748047,1423500
2019-08-21 00:00:00+00:00,174.89746837711309,175.92527265242077,174.34334923433914,174.93321228027344,1044700
2019-08-22 00:00:00+00:00,175.5856983402871,176.04150480762027,173.62838848128206,175.4784393310547,1160900
2019-08-23 00:00:00+00:00,174.28084220666102,176.8995170332995,171.21529342564648,172.3235321044922,2290400
2019-08-26 00:00:00+00:00,173.69092741867004,174.70086669921875,172.91337127170334,174.70086669921875,1641500
2019-08-27 00:00:00+00:00,175.19246219697564,176.42582499041228,174.49533994579093,176.21133422851562,1632700
2019-08-28 00:00:00+00:00,175.96999834365607,176.541996372431,173.8965106034127,175.92530822753906,1326200
2019-08-29 00:00:00+00:00,176.96203491463285,178.66909620120495,176.46153841202693,177.6234130859375,1494200
2019-08-30 00:00:00+00:00,178.7495739096495,179.35731591493743,175.86277210951152,177.114013671875,2176600
2019-09-03 00:00:00+00:00,175.4963280905495,176.7475696235424,174.674081706367,174.95114135742188,1696500
2019-09-04 00:00:00+00:00,176.81009569364605,177.28378084765532,176.39896578237992,176.70285034179688,1250700
2019-09-05 00:00:00+00:00,178.57080657401065,178.57080657401065,177.3642416335578,178.2937469482422,2216100
2019-09-06 00:00:00+00:00,178.74957133969622,181.25206806595398,177.89156739676127,179.7505645751953,2184100
2019-09-09 00:00:00+00:00,179.61648637076877,179.75054307823723,172.35031280079247,174.12887573242188,2702800
2019-09-10 00:00:00+00:00,172.4754603275271,172.97595695328675,167.92628693712768,169.5082244873047,3631000
2019-09-11 00:00:00+00:00,169.81208414476467,172.01964232964735,169.13284071768896,171.03651428222656,2430300
2019-09-12 00:00:00+00:00,174.01268000901916,175.38011294260443,171.53699498260647,174.7455596923828,2122200
2019-09-13 00:00:00+00:00,175.17455358906923,175.17455358906923,173.3513142358906,173.94117736816406,1592600
2019-09-16 00:00:00+00:00,172.82400667850024,174.4774455535206,172.50225692694258,173.5300750732422,1360000
2019-09-17 00:00:00+00:00,172.81508917523294,174.9868899594424,172.81508917523294,174.23614501953125,1457800
2019-09-18 00:00:00+00:00,173.5478808101347,173.91432055350356,171.18838798546184,173.50320434570312,1780500
2019-09-19 00:00:00+00:00,173.81607135315778,175.29076343135057,173.58370183061348,173.9858856201172,1567900
2019-09-20 00:00:00+00:00,174.32549727696312,175.3801130512277,172.0017477264531,172.57374572753906,2541000
2019-09-23 00:00:00+00:00,171.89452005885437,173.33345459624363,171.60851421011412,172.35032653808594,1516300
2019-09-24 00:00:00+00:00,173.78029723180245,175.05834983988885,169.61542986225646,169.9371795654297,2950200
2019-09-25 00:00:00+00:00,171.242075808999,171.59956945703107,168.659145335068,170.58963012695312,2825100
2019-09-26 00:00:00+00:00,168.07818891757836,172.79717564432624,167.38106680822975,171.70680236816406,3594600
2019-09-27 00:00:00+00:00,172.99381956332715,173.01169833757933,170.1606407135052,171.0454559326172,2012500
2019-09-30 00:00:00+00:00,171.14373004664083,172.80610110107142,171.0722286033044,171.912353515625,2025200
2019-10-01 00:00:00+00:00,172.13585171670547,172.82402778358306,169.28479372175036,169.47247314453125,2066900
2019-10-02 00:00:00+00:00,168.32844515955682,168.60550477544282,163.45752273065278,165.2092742919922,2930700
2019-10-03 00:00:00+00:00,165.6293483083933,166.31752429316958,163.4217901585047,166.06727600097656,2172800
2019-10-04 00:00:00+00:00,166.96103314261018,169.65122289051416,166.32647980814482,169.49034118652344,1568800
2019-10-07 00:00:00+00:00,168.2837720156,168.65021189695432,166.94315027772672,166.96102905273438,1596400
2019-10-08 00:00:00+00:00,165.70978734605887,165.98684698953952,162.66210399275283,162.84085083007812,2200000
2019-10-09 00:00:00+00:00,164.26189973487715,165.61146762094603,163.75247058790765,164.7534637451172,1683100
2019-10-10 00:00:00+00:00,164.2976531982422,165.22714487289593,163.19834726631788,164.2976531982422,1999700
2019-10-11 00:00:00+00:00,165.97792190830137,167.76541763720985,165.11098538877994,165.31654357910156,2381200
2019-10-14 00:00:00+00:00,165.66506752294723,166.5320038479148,164.6461957316203,165.79019165039062,1348400
2019-10-15 00:00:00+00:00,166.07619789839887,167.4704420758302,165.8438147771556,167.1308135986328,1462400
2019-10-16 00:00:00+00:00,165.68567277859802,167.8398909889846,165.29971672902818,167.46290588378906,1923100
2019-10-17 00:00:00+00:00,167.81295988566845,168.1450628677437,166.19729969594133,166.98716735839844,1486500
2019-10-18 00:00:00+00:00,167.73220063948386,168.8631698498324,167.4988327798742,167.9207000732422,2896700
2019-10-21 00:00:00+00:00,167.80400935557364,168.33358278493594,166.40377480521198,168.15406799316406,1344700
2019-10-22 00:00:00+00:00,168.09127525395792,168.84524573734222,163.66616016970562,164.0072479248047,1752100
2019-10-23 00:00:00+00:00,163.71102438399,165.91011156791782,163.33403918355395,165.21897888183594,2263000
2019-10-24 00:00:00+00:00,166.09860832096783,167.86685720371915,165.73956501963926,166.05372619628906,2008700
2019-10-25 00:00:00+00:00,165.75751266340535,165.9011299770527,164.27649849270696,164.32138061523438,1389200
2019-10-28 00:00:00+00:00,165.52413832472251,166.88846166269104,163.86359572888273,164.141845703125,1832700
2019-10-29 00:00:00+00:00,163.85460411038042,166.7268814280641,163.69303123520834,165.87417602539062,1554000
2019-10-30 00:00:00+00:00,166.1883662252645,167.88480652278906,165.41644021339025,167.471923828125,1243300
2019-10-31 00:00:00+00:00,167.09492966805593,168.80034082113602,165.46131347847066,166.4307098388672,1574800
2019-11-01 00:00:00+00:00,167.57960222174293,169.06062997976485,167.05002882467744,168.94393920898438,1502100
2019-11-04 00:00:00+00:00,169.20426573139162,169.79667694714388,168.19897181091685,168.56698608398438,1144500
2019-11-05 00:00:00+00:00,168.7465202319388,168.7465202319388,166.48459495562284,167.74122619628906,1536600
2019-11-06 00:00:00+00:00,167.83992204383298,169.88642081989303,167.7681133872571,169.8505096435547,1652200
2019-11-07 00:00:00+00:00,169.922293350611,170.7211457055845,169.3478378784514,169.72482299804688,1676800
2019-11-08 00:00:00+00:00,169.33888428290555,170.2813540265019,168.98882565769551,170.27236938476562,1282400
2019-11-11 00:00:00+00:00,169.42863808888106,170.9545480345997,169.24015235419378,170.5955047607422,1167000
2019-11-12 00:00:00+00:00,170.69425497530557,172.02268096526896,170.42497592023284,171.82521057128906,1522800
2019-11-13 00:00:00+00:00,171.57390121951613,174.82317834477607,170.98150368494635,174.58082580566406,1817700
2019-11-14 00:00:00+00:00,174.13200854647692,176.29519812527832,173.97942028561263,176.15158081054688,1672900
2019-11-15 00:00:00+00:00,175.8373821681517,177.32738067468097,175.75660258187068,176.65419006347656,2426200
2019-11-18 00:00:00+00:00,177.21072354527354,178.57506061110655,176.60934146201637,177.7403106689453,1561000
2019-11-19 00:00:00+00:00,177.90188038340779,178.39555636035485,177.17483653376823,178.0275421142578,1342200
2019-11-20 00:00:00+00:00,178.3775808874104,179.3020950247722,176.618316851617,177.46205139160156,1477300
2019-11-21 00:00:00+00:00,177.20175964939085,177.65952443948834,176.05284850490602,176.62730407714844,1217400
2019-11-22 00:00:00+00:00,177.7672846830909,178.09938782025287,175.11940314190574,176.51963806152344,1117900
2019-11-25 00:00:00+00:00,177.39925265459,178.0634725587238,177.18382665149454,178.04551696777344,1951900
2019-11-26 00:00:00+00:00,178.04547025722601,180.41510088518748,177.51589688,180.34329223632812,2324500
2019-11-27 00:00:00+00:00,180.0022026578439,180.73823102872518,178.79046767353086,180.63949584960938,1205000
2019-11-29 00:00:00+00:00,180.63053973308976,181.00752489445262,179.51752614042303,180.55873107910156,750600
2019-12-02 00:00:00+00:00,180.81006355221336,181.03446047109844,177.7672418799758,179.14952087402344,1262300
2019-12-03 00:00:00+00:00,177.3094664564567,178.88024491572975,176.34905474904528,178.3955535888672,1243600
2019-12-04 00:00:00+00:00,179.30207736732095,179.8675618854734,178.83534171992702,179.14051818847656,1221800
2019-12-05 00:00:00+00:00,179.51755199708032,179.5444785341917,178.51225808864942,179.38291931152344,1816600
2019-12-06 00:00:00+00:00,180.77420789916522,182.0487948424836,179.9574132725864,181.8064422607422,1345700
2019-12-09 00:00:00+00:00,181.10629274905065,182.10261574668758,180.8100871339583,181.33966064453125,1976300
2019-12-10 00:00:00+00:00,181.3396039618432,181.54604525470492,180.29839916081266,181.20497131347656,1403000
2019-12-11 00:00:00+00:00,181.4293972157074,181.86920640146278,179.8227076423092,181.5819854736328,1669700
2019-12-12 00:00:00+00:00,181.4563224453824,183.49383654782955,180.63054345166844,183.03607177734375,1932600
2019-12-13 00:00:00+00:00,182.2641620949656,185.54933647081174,182.21927996928648,185.4954833984375,1648300
2019-12-16 00:00:00+00:00,185.90835944037067,187.29065216371973,183.9785513700486,184.00547790527344,2702400
2019-12-17 00:00:00+00:00,184.00555865549208,184.6518231767024,182.1655003297157,182.5694122314453,2377400
2019-12-18 00:00:00+00:00,182.7488281392844,185.05562098901422,182.6680348518628,184.68760681152344,3002800
2019-12-19 00:00:00+00:00,181.36654725585373,186.96749877929688,181.36654725585373,186.96749877929688,3759800
2019-12-20 00:00:00+00:00,189.48972961290892,191.410566638838,187.6586568305497,189.4807586669922,4148800
2019-12-23 00:00:00+00:00,189.35507882778012,189.65127067180208,187.45218387573723,189.23838806152344,2220900
2019-12-24 00:00:00+00:00,189.13068374192602,189.99236014314167,188.99603738816768,189.93850708007812,998500
2019-12-26 00:00:00+00:00,189.93855526961713,190.3963201178968,189.6243940605743,190.33349609375,1059800
2019-12-27 00:00:00+00:00,190.69249479278471,190.8540676928496,189.93852444875034,190.48605346679688,1292200
2019-12-30 00:00:00+00:00,190.50404763028735,190.50404763028735,187.64074023625338,189.06790161132812,1193900
2019-12-31 00:00:00+00:00,188.47544828523522,189.44484457725642,187.9907569872748,189.00503540039062,1371000
2020-01-02 00:00:00+00:00,189.26539098915467,190.2168320011725,187.42533299808562,188.6280975341797,2431100
2020-01-03 00:00:00+00:00,187.14703704940118,189.05890324949286,185.8006554878947,188.31390380859375,1802100
2020-01-06 00:00:00+00:00,186.94057912780684,187.40731483319797,185.63009516457726,187.0841827392578,2841400
2020-01-07 00:00:00+00:00,182.38980879194435,185.1364248253978,182.38083784598888,183.0450439453125,3097400
2020-01-08 00:00:00+00:00,183.10792339106703,184.40942304849844,182.68605600129146,183.4041290283203,2271300
2020-01-09 00:00:00+00:00,184.45426271290694,186.0519676397443,184.14908619791566,185.03768920898438,2910600
2020-01-10 00:00:00+00:00,185.73783272450433,186.97650824354537,185.55831790774107,186.39308166503906,1573100
2020-01-13 00:00:00+00:00,186.24045573066496,188.34977836933626,186.24045573066496,188.12538146972656,2202800
2020-01-14 00:00:00+00:00,188.0894876167997,189.39098692039758,185.82756299023572,186.45587158203125,2499100
2020-01-15 00:00:00+00:00,187.4200532121386,187.81652090916666,186.27570576827193,186.75326538085938,1986000
2020-01-16 00:00:00+00:00,187.5461695588888,188.411191094704,187.3299107376723,188.3030548095703,2691600
2020-01-17 00:00:00+00:00,189.22213070028286,189.80781274806836,187.73539088725795,188.50128173828125,2584500
2020-01-21 00:00:00+00:00,186.9695130261109,189.36633032419408,186.51898407906,188.4562530517578,2687200
2020-01-22 00:00:00+00:00,189.40236618425445,190.89812558502868,188.63647522534163,188.69053649902344,1873600
2020-01-23 00:00:00+00:00,188.681501221113,189.95199604178418,188.2039416784297,189.83485412597656,2368400
2020-01-24 00:00:00+00:00,190.12317259601468,190.6547933333597,187.46505516024044,187.93360900878906,2348900
2020-01-27 00:00:00+00:00,184.87908178699738,187.27589946979126,184.5817447333846,186.11354064941406,1381300
2020-01-28 00:00:00+00:00,187.3028838943436,190.0871629962832,186.74423244787505,189.4384002685547,1810200
2020-01-29 00:00:00+00:00,189.834867468857,190.31244079415856,187.23081074685365,187.38400268554688,1491600
2020-01-30 00:00:00+00:00,186.9695020466125,188.25800815996732,184.89706626206865,187.75341796875,1579600
2020-01-31 00:00:00+00:00,187.87055634535022,188.88875608639074,183.81579613645778,184.9060821533203,1793600
2020-02-03 00:00:00+00:00,185.02321404596057,187.79847385024854,184.9421221399225,187.2398223876953,2345700
2020-02-04 00:00:00+00:00,189.22215570728108,192.63715903927238,188.99689123620098,191.5018310546875,2242800
2020-02-05 00:00:00+00:00,192.7272686660675,193.24087825524796,189.59159110539585,191.22250366210938,2102500
2020-02-06 00:00:00+00:00,191.92528978945066,193.16875381313446,191.30355777760877,192.97052001953125,1611500
2020-02-07 00:00:00+00:00,192.23166978337935,192.2767254236656,190.2042897119577,190.64581298828125,1447700
2020-02-10 00:00:00+00:00,189.3933093081174,191.89824847062746,189.3933093081174,191.51980590820312,1421600
2020-02-11 00:00:00+00:00,192.26775322912414,192.80837975941677,190.80802997451113,191.1504364013672,1321000
2020-02-12 00:00:00+00:00,191.2044579644054,191.80816502648224,190.60975653046088,191.01524353027344,1801300
2020-02-13 00:00:00+00:00,189.10502905828804,192.41191011098326,188.62746944094573,191.38470458984375,1721200
2020-02-14 00:00:00+00:00,192.1505860626762,192.41188678898177,190.43858165130467,191.35765075683594,2096600
2020-02-18 00:00:00+00:00,191.47476439211292,192.8804122273318,190.30338661308065,192.61009216308594,1699400
2020-02-19 00:00:00+00:00,193.72747054828253,194.9799406218651,193.16881898639872,194.5564422607422,1806000
2020-02-20 00:00:00+00:00,194.5203561180042,194.9168237373263,190.67283558382883,192.7362518310547,1481700
2020-02-21 00:00:00+00:00,191.55587810323553,192.4208996575308,189.66366493610704,190.92514038085938,2088800
2020-02-24 00:00:00+00:00,184.2392536074209,187.30284403153365,183.32017098056778,184.14013671875,2600400
2020-02-25 00:00:00+00:00,184.51861269448534,185.149350396165,176.48117887681533,177.59849548339844,2883600
2020-02-26 00:00:00+00:00,179.01315576456204,181.51809540864642,175.5170470171128,176.3099822998047,2671100
2020-02-27 00:00:00+00:00,173.18328182152825,175.12056406590233,167.9301139434899,167.99319458007812,3040100
2020-02-28 00:00:00+00:00,162.4246799050953,165.07379213197657,157.95544075623624,162.72203063964844,5785200
2020-03-02 00:00:00+00:00,163.99252750023365,171.038806435228,160.40632113320473,170.79551696777344,4317900
2020-03-03 00:00:00+00:00,170.9937709074314,172.9130149902979,162.74908242098667,164.19078063964844,3514000
2020-03-04 00:00:00+00:00,167.416532576719,170.93967167640068,166.06494595271275,170.17376708984375,3875400
2020-03-05 00:00:00+00:00,166.77679131053844,168.91230772794916,163.01938179004807,164.4971160888672,3548200
2020-03-06 00:00:00+00:00,159.8927241345112,162.46975031923893,156.7119907971198,161.06410217285156,3284400
2020-03-09 00:00:00+00:00,149.03500908367397,153.97281753146137,144.2594119977224,147.87265014648438,5112200
2020-03-10 00:00:00+00:00,154.1529881103332,157.45086334396854,149.61164856751185,157.28866577148438,4349500
2020-03-11 00:00:00+00:00,152.56709479175836,154.2340432701554,146.55702789551216,148.7736358642578,5188300
2020-03-12 00:00:00+00:00,137.86182217533332,143.0429037276743,132.5275624704612,137.43832397460938,6357900
2020-03-13 00:00:00+00:00,144.72789596758327,150.21534828734318,137.79875945180703,150.03512573242188,5742800
2020-03-16 00:00:00+00:00,133.61786134899373,150.0351363311895,129.3108059638872,137.44735717773438,5324900
2020-03-17 00:00:00+00:00,138.76294909586525,144.76399941497928,137.39333691739128,142.1058807373047,6081100
2020-03-18 00:00:00+00:00,136.573372243354,143.98907598251193,127.95024029439016,136.19491577148438,5860200
2020-03-19 00:00:00+00:00,136.3841055011647,160.2080752942329,136.3841055011647,142.81765747070312,6338300
2020-03-20 00:00:00+00:00,141.94362390857344,143.69167811449321,132.83392965686633,135.10459899902344,6449700
2020-03-23 00:00:00+00:00,133.3655543233401,133.3655543233401,123.58006648397357,129.47299194335938,6173700
2020-03-24 00:00:00+00:00,137.19505172625878,142.0337413222286,134.69913159147367,141.33091735839844,4685100
2020-03-25 00:00:00+00:00,140.96149752492224,143.88993564692743,133.4556837038658,136.79861450195312,4795500
2020-03-26 00:00:00+00:00,138.22225868956664,154.62152137227002,135.1586677208477,154.38723754882812,5194500
2020-03-27 00:00:00+00:00,148.67453560371519,152.54006747982942,144.71889244882684,146.76429748535156,3802500
2020-03-30 00:00:00+00:00,147.8815988027984,153.51320994108497,147.57524245664777,153.01763916015625,2731300
2020-03-31 00:00:00+00:00,150.86408312898055,153.07168547884345,146.1155189802203,147.10667419433594,2963000
2020-04-01 00:00:00+00:00,142.8807383033004,144.90811830161945,137.4833972692284,139.3756103515625,2973100
2020-04-02 00:00:00+00:00,138.80793940948163,144.61975873987228,138.35741056605525,140.80828857421875,3030000
2020-04-03 00:00:00+00:00,140.20459226271282,143.01588806032296,133.60884289256563,137.09593200683594,3766600
2020-04-06 00:00:00+00:00,143.2501805743915,150.25140428181555,141.5021260548626,149.62066650390625,3090000
2020-04-07 00:00:00+00:00,154.15295971294574,154.52239668588734,147.71038862653378,147.881591796875,3002500
2020-04-08 00:00:00+00:00,150.0982054310057,155.6036689723391,148.73761314384382,154.7386474609375,2466200
2020-04-09 00:00:00+00:00,156.09022959550452,162.0732524830325,155.44146691802138,160.31619262695312,3743700
2020-04-13 00:00:00+00:00,158.74838090807202,159.49626064645494,152.78338175855552,155.49557495117188,1918500
2020-04-14 00:00:00+00:00,159.4872396774424,161.19023846640897,158.6042068329176,160.47840881347656,2875000
2020-04-15 00:00:00+00:00,157.76302329111994,157.7720695538115,152.86630201282506,153.3731689453125,2504700
2020-04-16 00:00:00+00:00,155.01149089723117,155.7265464052179,151.6263368579531,152.01553344726562,3051800
2020-04-17 00:00:00+00:00,156.15192790031293,158.54145366045722,155.7265187018968,158.47808837890625,4759100
2020-04-20 00:00:00+00:00,156.21527665930924,160.1163571118433,155.46402242431813,158.1613006591797,2511700
2020-04-21 00:00:00+00:00,154.61316337105913,156.40530357577737,149.9879829160851,150.4676971435547,2711400
2020-04-22 00:00:00+00:00,153.90718837097995,156.89409857661047,153.15594804654572,155.96182250976562,1921200
2020-04-23 00:00:00+00:00,156.91224310030321,158.68629160562026,155.8079910960828,156.49588012695312,3027900
2020-04-24 00:00:00+00:00,159.6637928390143,159.6637928390143,156.19718170631054,158.81298828125,2121100
2020-04-27 00:00:00+00:00,159.50993344029953,163.41101407564173,159.48278083628804,162.4063262939453,2457800
2020-04-28 00:00:00+00:00,164.80491195548208,165.8729512079239,160.12542445287534,161.43785095214844,2160100
2020-04-29 00:00:00+00:00,165.01307028932513,170.3170947836519,164.46094437774357,169.7649688720703,2957600
2020-04-30 00:00:00+00:00,167.92753537975972,168.7873998070019,166.71467339560394,167.6197967529297,2740800
2020-05-01 00:00:00+00:00,164.4699713398106,165.6285281323237,162.25240806544932,163.003662109375,2064200
2020-05-04 00:00:00+00:00,161.09386681166126,163.5014984890907,160.09823930919913,162.49681091308594,1710500
2020-05-05 00:00:00+00:00,164.80488215787128,166.443153419681,163.82734715838023,164.38851928710938,1621900
2020-05-06 00:00:00+00:00,164.8229877742293,165.18503163419783,162.06235845593332,163.26617431640625,1474900
2020-05-07 00:00:00+00:00,165.62853160710407,169.64726779670823,165.18501618070985,169.35763549804688,2295400
2020-05-08 00:00:00+00:00,171.0593306064999,171.8377375298927,169.87360697501643,170.6701202392578,1778600
2020-05-11 00:00:00+00:00,168.7964999545936,171.54806953725145,167.71034061906244,169.93695068359375,2013800
2020-05-12 00:00:00+00:00,170.01839043077996,171.96441419098855,168.07238048165956,168.0995330810547,1912300
2020-05-13 00:00:00+00:00,167.48405511474277,167.57457299390808,161.79083407913123,163.82736206054688,2349300
2020-05-14 00:00:00+00:00,161.7455756352236,162.9312852760405,158.34231605895397,162.91319274902344,2773300
2020-05-15 00:00:00+00:00,161.44687325621655,166.5065240857016,160.95811264618112,166.43411254882812,3630000
2020-05-18 00:00:00+00:00,171.06834180067486,175.7206760464084,170.26278243670254,174.46255493164062,2254700
2020-05-19 00:00:00+00:00,174.23629815460882,176.05559167243837,171.9010775401928,172.05494689941406,1784100
2020-05-20 00:00:00+00:00,174.23624805297595,177.10548746747898,173.9918608769143,176.66197204589844,2294800
2020-05-21 00:00:00+00:00,176.22751796607875,176.96972576128223,174.41727122002538,175.14137268066406,1373000
2020-05-22 00:00:00+00:00,175.66635792621443,176.39950569880747,172.99624655511988,175.3314666748047,1317500
2020-05-26 00:00:00+00:00,180.49972745875502,181.0156544852101,177.43135933351564,177.76625061035156,2408700
2020-05-27 00:00:00+00:00,179.55835843476189,180.97939478462325,177.59424259933567,180.96128845214844,2000500
2020-05-28 00:00:00+00:00,181.03373142253224,184.8080944507933,181.03373142253224,182.53623962402344,2280600
2020-05-29 00:00:00+00:00,182.3733254009692,183.20603730160514,179.83897702754948,182.49098205566406,2535400
2020-06-01 00:00:00+00:00,182.418592339832,184.41892144192178,180.90703768399456,184.0840301513672,1530800
2020-06-02 00:00:00+00:00,184.72665617765063,186.26536340189435,183.1426900151167,186.25631713867188,1939200
2020-06-03 00:00:00+00:00,185.02532959634746,188.1118038021886,184.92576546676912,187.61398315429688,1605400
2020-06-04 00:00:00+00:00,186.53689199216822,188.07559912379122,183.1336327283713,183.83058166503906,2451400
2020-06-05 00:00:00+00:00,186.4464043896859,189.82251135236876,185.3602450845825,188.70921325683594,2537900
2020-06-08 00:00:00+00:00,187.82217751729078,191.27070974548693,187.3605694919837,191.2344970703125,1626900
2020-06-09 00:00:00+00:00,189.52381039311422,189.88585427112503,186.00288050676784,187.66830444335938,2269600
2020-06-10 00:00:00+00:00,187.59591153023226,190.82720939719388,186.36494288725973,189.56002807617188,2077200
2020-06-11 00:00:00+00:00,186.0209863119826,186.41018278917667,177.29559629042544,177.35894775390625,4046600
2020-06-12 00:00:00+00:00,182.02038067462885,183.22418303578502,178.5899541347526,182.46388244628906,2590100
2020-06-15 00:00:00+00:00,177.84772862316174,181.69450365251424,176.34522023821208,180.83462524414062,2310800
2020-06-16 00:00:00+00:00,184.0659406917047,187.25197971464303,182.94358242618006,185.00726318359375,2154000
2020-06-17 00:00:00+00:00,186.48260798002642,186.75414781318293,184.32840946436508,185.73135375976562,1594800
2020-06-18 00:00:00+00:00,182.59055138951945,183.8939313793438,180.3820479413269,183.67669677734375,2228000
2020-06-19 00:00:00+00:00,187.84930799532856,188.52815055846892,182.40047496583793,182.42762756347656,3710000
2020-06-22 00:00:00+00:00,181.7488113490748,184.71761548405263,180.54499537192078,183.37803649902344,2454500
2020-06-23 00:00:00+00:00,185.88522596242274,189.78630639834296,185.88522596242274,187.72262573242188,2203800
2020-06-24 00:00:00+00:00,186.0119261100501,187.72260897809733,181.4772623324871,182.69012451171875,2753700
2020-06-25 00:00:00+00:00,192.79130636631035,197.21735974875534,191.43362111020957,196.70144653320312,4690200
2020-06-26 00:00:00+00:00,196.21266441243307,196.34842740828384,191.04441714108887,192.31158447265625,3348400
2020-06-29 00:00:00+00:00,190.21169828663218,193.14430340303454,190.21169828663218,192.53787231445312,2247900
2020-06-30 00:00:00+00:00,192.22109850265983,195.18085660320497,192.00387767324833,194.34814453125,3136400
2020-07-01 00:00:00+00:00,194.14901094118977,196.32130204266917,193.5878387323771,194.23046875,2124700
2020-07-02 00:00:00+00:00,196.0225953325275,197.72421805421672,194.51102699308248,195.25323486328125,2006200
2020-07-06 00:00:00+00:00,197.09969039510872,198.8194333492743,195.78726406896175,196.9096221923828,1934500
2020-07-07 00:00:00+00:00,195.79634314031892,199.00952086092744,195.61530737203952,195.80538940429688,1783700
2020-07-08 00:00:00+00:00,196.8371934277412,198.35779416082502,195.8143995322893,198.12246704101562,1750700
2020-07-09 00:00:00+00:00,197.74233931760986,199.67930312537698,195.71485763212627,198.5026397705078,1756700
2020-07-10 00:00:00+00:00,198.2220372084188,199.90556739194753,197.01822135251658,199.36248779296875,1373600
2020-07-13 00:00:00+00:00,200.33098404918076,200.81974465775613,194.809725226095,195.27134704589844,2090000
2020-07-14 00:00:00+00:00,194.4205430581337,198.55695053722533,193.2529259338783,198.36688232421875,1747800
2020-07-15 00:00:00+00:00,199.85676346050403,202.35497300376034,198.45777221542488,199.63873291015625,2193700
2020-07-16 00:00:00+00:00,199.65685538692802,200.42903459627476,198.58490330605338,199.04820251464844,1408400
2020-07-17 00:00:00+00:00,199.5751207735862,202.2550151278328,198.3123901395953,201.61911010742188,2069700
2020-07-20 00:00:00+00:00,201.67357909479585,203.5903870902094,199.95662890832116,202.97264099121094,1371800
2020-07-21 00:00:00+00:00,204.30808982689993,205.07118973533773,202.07333585261196,202.35494995117188,1546200
2020-07-22 00:00:00+00:00,202.35493032490953,204.1627302033176,202.07331625366314,203.6994171142578,1488000
2020-07-23 00:00:00+00:00,203.563173319698,204.86223546057315,201.1012955890453,201.94615173339844,1444900
2020-07-24 00:00:00+00:00,200.04747919298597,202.73645249559596,200.04747919298597,201.16485595703125,1542300
2020-07-27 00:00:00+00:00,201.21937494448431,203.96286646608368,200.61072206516545,202.87274169921875,1523200
2020-07-28 00:00:00+00:00,202.61835575325162,204.1808729238174,201.58273519710343,201.83709716796875,1422300
2020-07-29 00:00:00+00:00,201.6554147840383,204.76227649497292,201.60999003254375,203.83567810058594,1473700
2020-07-30 00:00:00+00:00,200.59253827926892,203.4813833061994,199.65684663555663,203.4722900390625,1408600
2020-07-31 00:00:00+00:00,203.3905554172121,204.35349924128198,200.674315837003,204.19906616210938,1495500
2020-08-03 00:00:00+00:00,204.39891129161174,207.12423010883325,203.90836000365474,206.37930297851562,1631700
2020-08-04 00:00:00+00:00,205.5707921662925,206.92437216827943,204.89855572990956,206.35205078125,1260500
2020-08-05 00:00:00+00:00,207.0697227364981,208.3960367777485,206.63367561378314,207.7601318359375,1155400
2020-08-06 00:00:00+00:00,206.83353636399465,209.82231062569699,206.83353636399465,209.7496337890625,1317900
2020-08-07 00:00:00+00:00,208.2598132742241,210.63992099018853,207.77834131430288,210.35830688476562,1275400
2020-08-10 00:00:00+00:00,208.65944365304105,210.08568627322572,208.50501062166342,209.2499237060547,1315700
2020-08-11 00:00:00+00:00,209.46801804892633,211.22129993562285,207.26959573950845,207.64205932617188,1757200
2020-08-12 00:00:00+00:00,209.2136031983479,210.14021529687793,208.25973902589217,208.71395874023438,1512900
2020-08-13 00:00:00+00:00,208.56868056261112,211.10323524815746,207.969106995956,210.5127410888672,1745700
2020-08-14 00:00:00+00:00,209.4589354892693,210.69440009858738,208.4051421748274,209.16822814941406,1130500
2020-08-17 00:00:00+00:00,210.25835529481398,212.3659419471968,209.8313875481966,211.32122802734375,1395400
2020-08-18 00:00:00+00:00,211.98438081604257,213.4197031492711,211.2848784605512,212.78379821777344,1475800
2020-08-19 00:00:00+00:00,212.39317975321626,214.84596388356627,212.39317975321626,213.14718627929688,1671500
2020-08-20 00:00:00+00:00,212.5203301144843,215.25472790690878,212.1932913534563,214.94586181640625,1279300
2020-08-21 00:00:00+00:00,215.1729789763467,216.4811340648047,213.48328096403625,215.74530029296875,1976100
2020-08-24 00:00:00+00:00,216.2631356733196,217.4441099623277,214.25549185752564,215.9815216064453,1293200
2020-08-25 00:00:00+00:00,216.1450229681434,216.8717774056657,215.0367394314896,216.39939880371094,1501700
2020-08-26 00:00:00+00:00,216.81728944618385,219.1610654049011,216.3085654604199,218.43431091308594,2322100
2020-08-27 00:00:00+00:00,220.17851642649032,220.54190060827625,218.02551886345427,218.81585693359375,1295300
2020-08-28 00:00:00+00:00,219.81514790986122,220.95069749659163,218.26170997607073,220.74176025390625,1212200
2020-08-31 00:00:00+00:00,221.02333409940243,221.2413507088867,217.20789095487305,217.96188354492188,2001100
2020-09-01 00:00:00+00:00,216.65377437512217,218.04368591308594,215.48187947891657,218.04368591308594,1914500
2020-09-02 00:00:00+00:00,219.75155061357123,225.12952565789675,218.78860678130616,224.54811096191406,1702800
2020-09-03 00:00:00+00:00,222.65855200228717,223.60332308925578,215.41828726517107,217.09889221191406,2350500
2020-09-04 00:00:00+00:00,218.17990042426007,218.81580526511922,210.67619557875025,214.45530700683594,1946400
2020-09-08 00:00:00+00:00,209.8949850933922,214.3917586140179,209.50434883360188,211.34848022460938,2361200
2020-09-09 00:00:00+00:00,215.11853096951447,219.2610139230086,213.31073091548683,217.03533935546875,1670200
2020-09-10 00:00:00+00:00,218.933949000835,221.6501884620491,210.85792131207674,212.2569122314453,2024100
2020-09-11 00:00:00+00:00,214.78239821716411,215.99062471869294,211.89356653600797,213.27439880371094,1301000
2020-09-14 00:00:00+00:00,215.8452847598135,218.9248948810164,215.12760961267122,216.96266174316406,1576400
2020-09-15 00:00:00+00:00,218.3615863635536,220.56910143718042,217.11702875163726,218.2071533203125,1297500
2020-09-16 00:00:00+00:00,219.3518360315185,222.4768566703448,217.27150154593335,217.4986114501953,1800400
2020-09-17 00:00:00+00:00,215.66357104011334,217.19883629264365,212.46587339804242,215.13668823242188,2002500
2020-09-18 00:00:00+00:00,213.13810371469376,216.57200444195607,212.0570583261688,214.55526733398438,3676400
2020-09-21 00:00:00+00:00,211.5210508453855,212.55667132577585,208.96833805628125,212.4930877685547,2305900
2020-09-22 00:00:00+00:00,212.70204756378797,215.36378280204647,210.5672089573637,215.22750854492188,1786200
2020-09-23 00:00:00+00:00,216.6900940916216,217.43502120833696,209.2772237173317,209.53158569335938,2688100
2020-09-24 00:00:00+00:00,198.83015069480925,200.265486780957,193.63387559973305,194.78759765625,4828600
2020-09-25 00:00:00+00:00,193.52488466662916,195.37810919198793,191.15385678326794,194.9783935546875,3691100
2020-09-28 00:00:00+00:00,199.0300123052691,203.39052479979355,198.3123511793015,202.3821563720703,2587600
2020-09-29 00:00:00+00:00,202.91815788459786,204.55335200840005,201.95521408438347,203.5631561279297,2572000
2020-09-30 00:00:00+00:00,204.6441859500386,207.39675674001762,204.0536919121368,205.2982635498047,2250100
2020-10-01 00:00:00+00:00,206.5428138475444,208.2506846141736,203.51770852357743,204.56240844726562,1928800
2020-10-02 00:00:00+00:00,201.718980781979,204.3261975436621,201.08307594518874,202.03692626953125,1936100
2020-10-05 00:00:00+00:00,203.8265933439144,204.34441058153524,201.7099273634168,203.0271759033203,1446000
2020-10-06 00:00:00+00:00,203.11800273142217,204.64418843665015,199.93846419569252,200.17466735839844,2286300
2020-10-07 00:00:00+00:00,201.5827604432678,204.0628107623372,199.90215534397825,202.9908447265625,2005800
2020-10-08 00:00:00+00:00,205.3437169249897,206.02504674390715,203.46325383285668,204.95309448242188,1394200
2020-10-09 00:00:00+00:00,205.9836222747881,208.92936839226195,205.92890468684254,208.5645751953125,1312500
2020-10-12 00:00:00+00:00,209.47657163197766,211.37352686697412,207.55225760307002,210.29736328125,1524300
2020-10-13 00:00:00+00:00,210.41590478108094,211.49205433550145,208.67398753692544,209.19383239746094,1634000
2020-10-14 00:00:00+00:00,208.73786898075744,211.49208978471944,208.2271529089226,209.2394561767578,1443800
2020-10-15 00:00:00+00:00,205.73734009483704,210.3794001358398,205.4363795023916,208.6374969482422,1273300
2020-10-16 00:00:00+00:00,208.87466033760944,211.52857480184528,208.55545583873342,209.80490112304688,1796400
2020-10-19 00:00:00+00:00,209.9690436837152,212.7232782351495,205.85594264913146,206.33018493652344,1904500
2020-10-20 00:00:00+00:00,206.74967400321384,211.84773283028082,206.5216748007586,210.1149444580078,1783800
2020-10-21 00:00:00+00:00,209.6680705013256,213.7538264137468,208.90199648623445,212.5864715576172,1701800
2020-10-22 00:00:00+00:00,212.58651496822745,214.05483075496906,207.79853052224007,208.06300354003906,1661300
2020-10-23 00:00:00+00:00,207.6616480597039,209.57684671686778,206.95940669661508,209.4856414794922,1187600
2020-10-26 00:00:00+00:00,205.5276337849825,207.92619022331868,199.13454015730377,199.9370880126953,2162100
2020-10-27 00:00:00+00:00,201.21388266106177,203.37531088416472,200.83084562886432,201.24124145507812,1567800
2020-10-28 00:00:00+00:00,197.73006731740432,198.75149950415943,194.18239954451033,195.11264038085938,2412300
2020-10-29 00:00:00+00:00,196.54442910730774,199.29866339231504,193.75372107263007,197.39259338378906,1499000
2020-10-30 00:00:00+00:00,196.334714231629,198.64206554227658,194.8390396992412,197.82127380371094,1972700
2020-11-02 00:00:00+00:00,199.88236604381973,203.52123881456595,199.10717700070734,200.81260681152344,2087200
2020-11-03 00:00:00+00:00,202.46334757311166,207.72557451236213,201.94350256859582,205.84686279296875,1544000
2020-11-04 00:00:00+00:00,205.19930588308935,210.58008211541406,204.65210216768037,207.86233520507812,1725000
2020-11-05 00:00:00+00:00,212.8327305108139,215.3407222027657,211.96633616406083,213.39817810058594,1954800
2020-11-06 00:00:00+00:00,214.3283575191751,216.14323611486643,210.73510190777438,215.49571228027344,1417600
2020-11-09 00:00:00+00:00,218.77893437455444,226.1752297425316,218.57829394456988,219.07989501953125,3052100
2020-11-10 00:00:00+00:00,217.61156879652262,218.5235656459417,214.84821945606026,217.70277404785156,2818000
2020-11-11 00:00:00+00:00,219.75476929404795,222.60019504135988,218.99781023107093,221.38723754882812,1757200
2020-11-12 00:00:00+00:00,220.70322509876405,221.6972982686744,216.04292090470932,217.19203186035156,1672200
2020-11-13 00:00:00+00:00,218.87012577999081,221.08627141280488,217.13732344122977,220.50259399414062,1456200
2020-11-16 00:00:00+00:00,222.4178167569829,224.98052591542822,221.28693554887096,223.39364624023438,1631400
2020-11-17 00:00:00+00:00,221.95267316264417,223.88611598436083,220.04660304963951,222.3630828857422,1318100
2020-11-18 00:00:00+00:00,221.94354854309017,222.3630732068528,218.46884285614897,218.63299560546875,1613200
2020-11-19 00:00:00+00:00,220.25637614188193,222.04389626870602,217.68455200537474,221.7976531982422,1611700
2020-11-20 00:00:00+00:00,222.48163867300028,224.3512350818762,220.9403617013707,222.0165252685547,1771900
2020-11-23 00:00:00+00:00,223.1747639182561,224.96227002044964,221.22309114040996,224.53363037109375,1288600
2020-11-24 00:00:00+00:00,225.63713810301573,228.0812829174921,224.26001398927718,227.99920654296875,1899300
2020-11-25 00:00:00+00:00,227.99920453319385,228.3731265684604,226.467056558395,227.38816833496094,1434000
2020-11-27 00:00:00+00:00,228.07216882796473,228.82912786648757,226.6403271257551,228.108642578125,888100
2020-11-30 00:00:00+00:00,227.14193747191544,228.40049760150427,224.6157022538161,227.16929626464844,2441400
2020-12-01 00:00:00+00:00,229.37631625637744,231.58334690113685,228.1998464761256,230.06944274902344,2078600
2020-12-02 00:00:00+00:00,228.64677811726364,229.65909536216222,226.29382414490564,227.68917846679688,1671100
2020-12-03 00:00:00+00:00,227.99925601724897,229.55877705143385,226.95957996644913,227.93540954589844,1552300
2020-12-04 00:00:00+00:00,228.19985882194004,231.1547337021068,228.0448210233466,231.13648986816406,1852700
2020-12-07 00:00:00+00:00,227.86242565131127,228.91121649516086,226.5035452926473,227.36082458496094,1973400
2020-12-08 00:00:00+00:00,227.08724881029264,228.50996187748873,225.44565145738576,227.87156677246094,1825600
2020-12-09 00:00:00+00:00,228.1086324319286,228.47343949714116,223.94992930027212,225.05345153808594,2201500
2020-12-10 00:00:00+00:00,224.2326749693819,226.01108007000084,223.09267883614842,224.49716186523438,1874000
2020-12-11 00:00:00+00:00,224.25089983418815,225.19025545523323,223.02882742257165,224.19618225097656,1838900
2020-12-14 00:00:00+00:00,225.3544352351072,227.44290197303377,222.1168435189959,222.2992401123047,2412500
2020-12-15 00:00:00+00:00,227.00515268850975,227.00515268850975,223.49395904212398,225.308837890625,2415800
2020-12-16 00:00:00+00:00,225.2815082385823,226.43973443685755,224.55190783789294,225.6736602783203,2248000
2020-12-17 00:00:00+00:00,240.56650552813556,247.3152760218994,240.12873706149497,241.19578552246094,4855600
2020-12-18 00:00:00+00:00,240.6668839476058,243.46669337893246,235.8606422994758,242.81918334960938,5948000
2020-12-21 00:00:00+00:00,238.1406450732673,240.156150590118,235.05809085223754,238.4142608642578,2680500
2020-12-22 00:00:00+00:00,237.90344892087856,238.1405769722044,235.61435609958815,236.6357879638672,1602900
2020-12-23 00:00:00+00:00,237.87612443118377,238.8702254826477,234.68413547910646,234.7844696044922,1455900
2020-12-24 00:00:00+00:00,235.29522360146342,236.91857713163782,233.7265876641761,234.6568145751953,528100
2020-12-28 00:00:00+00:00,236.87297860735697,237.45664218463253,235.6509060302461,236.82736206054688,1057100
2020-12-29 00:00:00+00:00,237.93084825942557,238.0585133333193,234.5929367754166,235.0762939453125,1065200
2020-12-30 00:00:00+00:00,235.906216931969,236.4351628129447,234.55645169178604,234.8756561279297,992800
2020-12-31 00:00:00+00:00,234.93033134309067,238.32295983171463,234.82089620344598,238.22262573242188,1325300
2021-01-04 00:00:00+00:00,238.03122131837227,238.6331426891251,231.69284483657515,233.8907470703125,2505100
2021-01-05 00:00:00+00:00,233.83599121194501,235.8788831204361,232.6868801688826,235.2222442626953,1809200
2021-01-06 00:00:00+00:00,236.38958183140295,240.3932333131454,234.33758903019955,237.79403686523438,2535600
2021-01-07 00:00:00+00:00,237.44748684763874,241.60621809499088,237.4292569301092,240.03758239746094,2068200
2021-01-08 00:00:00+00:00,240.59391195777619,243.07454476273097,238.29568967469052,240.91311645507812,2010700
2021-01-11 00:00:00+00:00,239.70008857272614,241.41464688018704,237.36537916782282,237.4383544921875,1745100
2021-01-12 00:00:00+00:00,237.2286548720945,238.2318571371512,233.48946161066834,235.66001892089844,1898200
2021-01-13 00:00:00+00:00,234.6808110541734,237.0966955833582,234.6808110541734,235.25730895996094,1870700
2021-01-14 00:00:00+00:00,235.41288667566639,235.41288667566639,232.54857769696153,233.3538818359375,2253200
2021-01-15 00:00:00+00:00,232.09103221497014,234.24155406962282,231.55111871563892,232.1184844970703,1915100
2021-01-19 00:00:00+00:00,232.81396858895073,235.45863139693554,232.20999048413137,234.12257385253906,2249400
2021-01-20 00:00:00+00:00,236.09010969726063,240.10747114210048,235.18415631968782,239.45774841308594,2081600
2021-01-21 00:00:00+00:00,238.35041765182703,239.5858262718145,235.1017763983817,236.04434204101562,1625600
2021-01-22 00:00:00+00:00,233.69246166086984,234.6075748931571,232.04526901356863,233.14340209960938,2049600
2021-01-25 00:00:00+00:00,230.48039742025745,232.24655908886012,227.91807781975257,230.64511108398438,1921600
2021-01-26 00:00:00+00:00,231.69753096961867,232.81397027563847,229.82154597419063,231.51451110839844,1345500
2021-01-27 00:00:00+00:00,227.55206883817138,229.8947565728271,223.6445312694571,225.20938110351562,1833100
2021-01-28 00:00:00+00:00,228.08284397191932,231.34064508651377,227.07621375627687,228.17434692382812,1794200
2021-01-29 00:00:00+00:00,227.16772363037276,228.07367683284906,221.21032729399033,221.3842010498047,2494400
2021-02-01 00:00:00+00:00,225.20940867752466,227.77171497382577,223.26021270742513,226.55462646484375,1559700
2021-02-02 00:00:00+00:00,228.7783215393373,230.0869268360524,227.52462080562833,227.63442993164062,2010300
2021-02-03 00:00:00+00:00,227.12196844009483,228.87898427168614,225.65778159867511,227.28668212890625,2470400
2021-02-04 00:00:00+00:00,228.37569846849098,231.55114309189673,225.950653537543,231.5328369140625,1702200
2021-02-05 00:00:00+00:00,232.52115267026824,234.0402442146565,230.7549905698876,232.01783752441406,1497700
2021-02-08 00:00:00+00:00,232.36560050305553,235.50444682943422,232.21917900298922,235.46783447265625,1508700
2021-02-09 00:00:00+00:00,234.55271086660392,236.84049434267553,233.9121342860083,235.80641174316406,1542600
2021-02-10 00:00:00+00:00,236.11752149301245,237.18821633230084,234.14088739502938,235.12921142578125,1428300
2021-02-11 00:00:00+00:00,236.0992772859636,237.92034417023518,235.22077616679832,236.9869384765625,1285300
2021-02-12 00:00:00+00:00,235.5959198246777,236.63913441842715,233.72908095576136,235.6142120361328,1219200
2021-02-16 00:00:00+00:00,235.7789319540521,237.46273704477343,234.51607115425082,235.2298583984375,1606700
2021-02-17 00:00:00+00:00,234.8638532667229,239.40280800279638,234.0585629536585,236.81304931640625,1881000
2021-02-18 00:00:00+00:00,233.89381163024038,236.19075501504736,233.07936132867903,235.76065063476562,1664300
2021-02-19 00:00:00+00:00,236.52018350905047,236.55679586183118,232.58520735992215,232.70416259765625,2038400
2021-02-22 00:00:00+00:00,231.239978415522,232.59434216867663,228.86067828711035,231.18507385253906,1476000
2021-02-23 00:00:00+00:00,230.2059371304503,236.0352053356505,229.31827596732109,234.4429168701172,2191300
2021-02-24 00:00:00+00:00,231.71587301705682,238.35959135616463,231.35897934519406,237.26144409179688,2476300
2021-02-25 00:00:00+00:00,236.996057711086,237.11499898399248,231.13932408389212,232.23745727539062,2157700
2021-02-26 00:00:00+00:00,233.57351564921063,234.1317353014657,228.60444334085471,229.60191345214844,2712800
2021-03-01 00:00:00+00:00,232.43876157929645,237.74640716895271,232.43876157929645,236.24563598632812,1954700
2021-03-02 00:00:00+00:00,236.24570588003837,238.9544340361592,235.28481994324244,237.22488403320312,2099800
2021-03-03 00:00:00+00:00,237.8379497500051,237.92946666874775,232.48454512807106,232.60350036621094,2114400
2021-03-04 00:00:00+00:00,231.36811743942204,233.02447042233115,224.35834560045495,226.0330047607422,2590400
2021-03-05 00:00:00+00:00,228.08288547240966,229.40063713512828,223.69033803944419,228.3299560546875,3236500
2021-03-08 00:00:00+00:00,232.98785452566014,234.07682763620392,228.07368655124688,228.22010803222656,2856100
2021-03-09 00:00:00+00:00,231.08443812585026,235.60508656213136,230.27913387093145,232.7773895263672,2729200
2021-03-10 00:00:00+00:00,234.5344343575928,236.31888883219395,232.99703649769282,235.31228637695312,2046000
2021-03-11 00:00:00+00:00,237.9295053899839,245.3510623262042,237.9295053899839,243.75877380371094,2972000
2021-03-12 00:00:00+00:00,242.48672657326358,243.64891038314042,240.40026941551494,242.4592742919922,1828600
2021-03-15 00:00:00+00:00,241.3062180127798,243.96004088411254,241.11405204755263,243.65806579589844,2295700
2021-03-16 00:00:00+00:00,244.5365959240672,244.57320827845078,240.76633330682884,241.15066528320312,2185600
2021-03-17 00:00:00+00:00,241.1597545627139,243.67631559227198,239.42104525497183,241.83692932128906,2626500
2021-03-18 00:00:00+00:00,244.5365637075572,248.462407368432,241.66309469845368,244.23458862304688,4089900
2021-03-19 00:00:00+00:00,243.74047438101772,246.2661685270102,238.96358102773135,241.3886260986328,4460500
2021-03-22 00:00:00+00:00,240.81206550570076,243.35607942807673,240.07998601768097,242.6880645751953,2295700
2021-03-23 00:00:00+00:00,242.96260759244493,244.45424690211175,241.92852498257554,243.44761657714844,2160300
2021-03-24 00:00:00+00:00,243.3469507319277,246.88843487588423,243.14562468081436,244.83856201171875,2160600
2021-03-25 00:00:00+00:00,243.5848446781123,246.62302745162017,243.24625723490968,245.80856323242188,1714700
2021-03-26 00:00:00+00:00,245.69875059988678,257.42134924345856,245.69875059988678,256.93634033203125,3171900
2021-03-29 00:00:00+00:00,254.60284989044527,257.41225471576763,254.16358540708083,255.81080627441406,2398700
2021-03-30 00:00:00+00:00,256.0395599057558,256.3049226572335,253.0471215194864,254.90480041503906,1763100
2021-03-31 00:00:00+00:00,254.8590998999134,255.56372721394294,252.66283317020677,252.8000946044922,2375800
2021-04-01 00:00:00+00:00,254.96890765356744,255.1153291583537,252.63537950233152,254.71267700195312,2301900
2021-04-05 00:00:00+00:00,255.32583294055996,258.6934440020709,255.13363899329147,257.265869140625,2631300
2021-04-06 00:00:00+00:00,257.5402938311216,259.0227727045304,255.91139349864252,257.72332763671875,1786600
2021-04-07 00:00:00+00:00,258.0345140476051,259.5536055694524,257.2383698963996,258.5835876464844,2736300
2021-04-08 00:00:00+00:00,260.00199953279974,261.1275990027023,259.18756317649735,260.27655029296875,1600600
2021-04-09 00:00:00+00:00,260.8073125299848,263.3879389564563,259.52615938717616,263.2872619628906,1787800
2021-04-12 00:00:00+00:00,261.69500948304153,263.6442057121115,260.9354775637049,263.1317443847656,1437500
2021-04-13 00:00:00+00:00,262.27152805860646,262.69247243839715,259.9654242235642,261.0086669921875,2228000
2021-04-14 00:00:00+00:00,261.0453588579265,263.26677139173705,259.8520128400219,261.1004333496094,1903500
2021-04-15 00:00:00+00:00,262.7711315071342,263.6156258200734,261.07292644693763,261.752197265625,2047500
2021-04-16 00:00:00+00:00,261.7613142179772,263.8725774373668,261.6236280103597,263.4136047363281,2625500
2021-04-19 00:00:00+00:00,263.54215391914227,263.6614913141546,261.53185106917203,263.0281066894531,1437100
2021-04-20 00:00:00+00:00,262.46814065995835,265.1944398175276,262.31210561811065,264.9190673828125,1889800
2021-04-21 00:00:00+00:00,265.9013415663202,267.25988326511686,264.1755991790579,266.86517333984375,1585900
2021-04-22 00:00:00+00:00,267.1129872757863,269.21509059153425,265.4239706948564,266.3511047363281,1460400
2021-04-23 00:00:00+00:00,266.3786177415479,268.85708189793974,265.9288333925298,267.8014221191406,1505300
2021-04-26 00:00:00+00:00,267.67289197941795,268.3796998729979,265.13935363787886,265.7635498046875,1420700
2021-04-27 00:00:00+00:00,266.26843133487904,267.0211532929917,264.4325405180993,266.43365478515625,1270900
2021-04-28 00:00:00+00:00,266.8651130416346,267.5352233318454,266.03896770621355,266.4520263671875,1159900
2021-04-29 00:00:00+00:00,268.11349152987145,269.21503726219436,266.75495020860774,268.5357666015625,1247800
2021-04-30 00:00:00+00:00,266.9110420796102,267.04875633557805,264.6987897386747,266.17669677734375,1969200
2021-05-03 00:00:00+00:00,268.8937253757494,269.3435376476185,267.461732866974,268.19610595703125,1300400
2021-05-04 00:00:00+00:00,267.02117913838896,267.9850107051008,265.4239349240308,267.67291259765625,1810700
2021-05-05 00:00:00+00:00,268.3521626307408,268.8019469254306,265.39637723676896,265.7635498046875,1553800
2021-05-06 00:00:00+00:00,265.7268404084376,267.28733075646346,264.0102590054042,267.26898193359375,1863200
2021-05-07 00:00:00+00:00,268.2237089585751,269.9586115330924,267.1588887270275,267.6086730957031,1394200
2021-05-10 00:00:00+00:00,266.773409613917,269.967871151026,266.3786996347192,266.76422119140625,1620700
2021-05-11 00:00:00+00:00,264.77220254405984,264.790551369229,261.2197579374188,264.3224182128906,1541700
2021-05-12 00:00:00+00:00,261.82561172752844,261.89903504347274,256.23532685156897,256.4648132324219,2116600
2021-05-13 00:00:00+00:00,258.0527909523162,263.6798004003694,258.0527909523162,261.9081726074219,1698200
2021-05-14 00:00:00+00:00,263.3218691258767,270.3349871629222,263.1015711397001,264.55194091796875,1285600
2021-05-17 00:00:00+00:00,264.03775468632216,264.87306011557735,262.6241113206871,263.45025634765625,1500000
2021-05-18 00:00:00+00:00,262.3579554740541,263.1749402733985,259.61330787082534,259.7877197265625,1438400
2021-05-19 00:00:00+00:00,256.9605203259923,258.00699181853093,254.16079728532156,257.9151916503906,1625200
2021-05-20 00:00:00+00:00,258.5852271240955,261.733773083153,258.4750501461699,260.6506042480469,2094700
2021-05-21 00:00:00+00:00,261.6144474851698,263.5788641513493,259.4756469597272,260.12738037109375,2210200
2021-05-24 00:00:00+00:00,261.7980626444079,262.5691334875905,260.88927756816133,261.4767761230469,1231300
2021-05-25 00:00:00+00:00,262.348842488646,262.71604314112653,260.3385393742651,262.52325439453125,1761300
2021-05-26 00:00:00+00:00,262.4405809473893,263.2942634353897,260.08145457590985,260.6506042480469,1873200
2021-05-27 00:00:00+00:00,260.8526075101562,261.871513656377,256.2445027749552,257.0706481933594,7166300
2021-05-28 00:00:00+00:00,259.36558318381105,261.5411383332665,258.9525243682058,259.0075988769531,2005700
2021-06-01 00:00:00+00:00,262.1468152606255,262.1468152606255,257.5846258457204,257.8324890136719,1670800
2021-06-02 00:00:00+00:00,257.98854290461935,259.88869660172776,257.98854290461935,258.677001953125,2089800
2021-06-03 00:00:00+00:00,257.0247855595315,257.74997047684843,254.619772405381,256.6851501464844,1540600
2021-06-04 00:00:00+00:00,258.2364266236205,260.1824665399748,258.1079008112143,259.93463134765625,1146200
2021-06-07 00:00:00+00:00,259.9346614478637,260.92603034541025,257.9977817127689,259.0350646972656,1404000
2021-06-08 00:00:00+00:00,258.86060217158933,260.21917144514066,257.869233467923,258.3557434082031,1321400
2021-06-09 00:00:00+00:00,259.8704246663661,260.02645974264993,258.4384316628689,258.9616394042969,1166500
2021-06-10 00:00:00+00:00,260.265113832548,261.3482829130898,259.57665463523267,260.89849853515625,2007200
2021-06-11 00:00:00+00:00,261.61446685968366,262.13770251663664,260.641446873143,261.8714904785156,1473100
2021-06-14 00:00:00+00:00,262.29374207885206,262.38554223290237,259.94380380522955,262.2662048339844,1672400
2021-06-15 00:00:00+00:00,263.3126038259153,264.32234921611257,261.95403475424376,262.7067565917969,1408200
2021-06-16 00:00:00+00:00,263.89098390662843,263.89098390662843,259.80611520330206,260.6414489746094,2350600
2021-06-17 00:00:00+00:00,259.31962446348825,262.0091982700878,259.31962446348825,261.4033508300781,1872100
2021-06-18 00:00:00+00:00,259.6317102060914,260.69653038194446,257.75909348211025,258.17218017578125,3134000
2021-06-21 00:00:00+00:00,260.6598214946099,263.90935672202136,258.86984440492887,262.1285400390625,1959400
2021-06-22 00:00:00+00:00,262.312137074467,263.1015568242987,260.4303318333404,262.2203369140625,2019800
2021-06-23 00:00:00+00:00,264.1387652216696,264.7354240756018,262.15599997341985,262.2569885253906,2161300
2021-06-24 00:00:00+00:00,272.8409012774772,273.3641088267924,265.7910598332884,267.6361389160156,3003900
2021-06-25 00:00:00+00:00,268.34301319890824,270.9958893134802,266.5897618313623,270.4818420410156,4233600
2021-06-28 00:00:00+00:00,270.27987810649114,271.59253346207663,268.49906157666544,269.7841796875,1662400
2021-06-29 00:00:00+00:00,270.6012424339058,273.2265538998392,270.42683049584934,272.1066589355469,2060700
2021-06-30 00:00:00+00:00,271.70265293780847,272.6205983477957,269.683189843919,270.60113525390625,1595300
2021-07-01 00:00:00+00:00,271.2345331032419,275.43871096082654,270.79390920003254,275.3836364746094,3104100
2021-07-02 00:00:00+00:00,275.38368466824045,280.1294758266197,275.38368466824045,279.8265380859375,2280100
2021-07-06 00:00:00+00:00,279.8448167847635,281.6715471511184,276.93494560019167,280.34051513671875,1856200
2021-07-07 00:00:00+00:00,280.72614531746063,284.37039066734735,280.1570234967971,284.20513916015625,1889900
2021-07-08 00:00:00+00:00,280.0008759427294,283.8654181184195,277.82534989136343,283.7828063964844,1867700
2021-07-09 00:00:00+00:00,285.1139300020377,290.2727801725672,284.72838049565723,286.9681701660156,2054000
2021-07-12 00:00:00+00:00,286.2521381932407,286.56423631997876,285.2332320747848,286.0043029785156,1456900
2021-07-13 00:00:00+00:00,285.6738607948588,288.1523252804285,284.60904046842404,286.97735595703125,1570600
2021-07-14 00:00:00+00:00,288.17392712716526,290.4476533036047,287.6952582820097,289.407470703125,1743800
2021-07-15 00:00:00+00:00,288.9380517457937,290.420102286074,288.4041247504081,289.913818359375,1927800
2021-07-16 00:00:00+00:00,291.9205295212214,291.9205295212214,286.5630003648669,287.1245422363281,2666100
2021-07-19 00:00:00+00:00,283.52528473894034,285.1730531882394,281.9235599771087,284.61151123046875,1851600
2021-07-20 00:00:00+00:00,285.3664221752855,289.20507318269017,284.43667097148386,287.2627258300781,1448700
2021-07-21 00:00:00+00:00,287.7689660426246,289.094541146044,287.16143653839566,288.8367919921875,1180300
2021-07-22 00:00:00+00:00,289.7573269284908,289.96906048279646,287.91625352860007,289.2878723144531,1274800
2021-07-23 00:00:00+00:00,290.8895631413157,293.46705436251096,290.46612417480804,293.3289794921875,1221000
2021-07-26 00:00:00+00:00,293.4670945403765,294.3324013029335,291.672064795324,293.6328125,1345800
2021-07-27 00:00:00+00:00,292.62020180154525,294.66379433716673,290.7146841482192,294.4704895019531,1641000
2021-07-28 00:00:00+00:00,295.3541707455167,295.49224561561266,291.0000225581752,291.1749267578125,2006300
2021-07-29 00:00:00+00:00,292.5650340642406,293.78014947194094,291.0093245102656,293.05291748046875,1863800
2021-07-30 00:00:00+00:00,292.46368064862935,293.8168705989857,291.7180482364481,292.4360656738281,2305400
2021-08-02 00:00:00+00:00,293.89970979848624,294.10222897393305,290.4292969341747,290.96319580078125,1507200
2021-08-03 00:00:00+00:00,292.5188871435601,294.2034847490054,290.429279304354,293.20928955078125,1979600
2021-08-04 00:00:00+00:00,292.7490595008092,293.82609975741343,290.75151067360713,291.598388671875,1448300
2021-08-05 00:00:00+00:00,292.6478644624375,295.0872814223042,291.84700192208066,294.8571472167969,1952400
2021-08-06 00:00:00+00:00,295.49228402978457,296.75341482818766,293.1909422538517,296.2563171386719,1392600
2021-08-09 00:00:00+00:00,296.4220075940131,296.6521417502539,294.00099177555217,294.1298522949219,1225100
2021-08-10 00:00:00+00:00,294.5440914238241,296.4680095101278,293.70639976265034,294.7373962402344,918900
2021-08-11 00:00:00+00:00,295.14245101403054,295.3633708165119,291.88374346468703,294.37841796875,1841600
2021-08-12 00:00:00+00:00,294.2955608739873,296.256280225033,293.3197943299767,296.1918640136719,910900
2021-08-13 00:00:00+00:00,296.58767355012543,298.2906717876173,296.0261316460126,297.74755859375,970300
2021-08-16 00:00:00+00:00,298.2539174064642,302.3963329259984,297.4622692582676,302.16619873046875,1781000
2021-08-17 00:00:00+00:00,301.56785578896614,303.7311228479547,300.8037945270952,303.13275146484375,1531700
2021-08-18 00:00:00+00:00,301.3560824820326,303.02225159250526,298.6036868528356,298.7601623535156,1636800
2021-08-19 00:00:00+00:00,297.15847638833867,302.85660131705777,296.82709663120147,302.16619873046875,1294200
2021-08-20 00:00:00+00:00,303.60217114913894,307.0449690134793,302.23976687971117,306.21649169921875,1726800
2021-08-23 00:00:00+00:00,307.6801749738427,308.2693319412032,306.29018367172426,306.465087890625,2017900
2021-08-24 00:00:00+00:00,306.66767555908575,307.4593238066157,304.46757888933575,304.6148681640625,1451300
2021-08-25 00:00:00+00:00,305.5629510687742,308.0023676783073,304.8173185974179,306.9437561035156,1613600
2021-08-26 00:00:00+00:00,307.8919449247638,307.8919449247638,304.9186009444984,306.75048828125,1702300
2021-08-27 00:00:00+00:00,307.5421162976936,309.21749990780756,306.8609280992623,308.98736572265625,1126200
2021-08-30 00:00:00+00:00,308.3797823852177,311.7397355897109,306.4650784851596,310.2208557128906,973800
2021-08-31 00:00:00+00:00,310.40498338256657,310.59828822172534,308.471850713328,309.8158264160156,1641300
2021-09-01 00:00:00+00:00,310.6351222622114,312.08955789502824,309.90789039952756,311.0493469238281,1621100
2021-09-02 00:00:00+00:00,311.5647834690282,314.86950621295097,311.3714786652596,313.9029541015625,1600500
2021-09-03 00:00:00+00:00,313.9030134209617,316.73825408468684,313.0837222768757,316.0478515625,1566100
2021-09-07 00:00:00+00:00,316.04787976009516,317.0604758348225,313.17580950636153,314.3540954589844,1380700
2021-09-08 00:00:00+00:00,313.755707517532,315.0720681810554,312.7247109672886,313.27703857421875,1392800
2021-09-09 00:00:00+00:00,314.3263747615251,315.3297561413831,312.8903401176417,313.9949951171875,1668200
2021-09-10 00:00:00+00:00,316.2043746739456,318.06384880179525,314.3633011678382,314.74993896484375,1725200
2021-09-13 00:00:00+00:00,317.585161789734,318.01781516283074,309.18065721625845,312.46697998046875,1854200
2021-09-14 00:00:00+00:00,313.958273324928,315.9834654868866,312.98250658122606,313.6452941894531,1758800
2021-09-15 00:00:00+00:00,313.2033740766591,318.04540574123524,312.8259506871628,317.0604248046875,1657200
2021-09-16 00:00:00+00:00,317.25374435921685,317.58512404771346,313.1849602643195,315.0352478027344,2252700
2021-09-17 00:00:00+00:00,313.0101059498705,314.38169670009927,307.9839832254791,308.7480163574219,4455100
2021-09-20 00:00:00+00:00,304.7897213813823,308.3061784836497,302.14778542243215,305.8851623535156,2650200
2021-09-21 00:00:00+00:00,307.2659234987931,308.803203908573,304.57794423178956,304.835693359375,2820300
2021-09-22 00:00:00+00:00,308.7940042185047,310.0459204716134,306.6675669852489,308.0667724609375,2441100
2021-09-23 00:00:00+00:00,310.79158778251866,317.3458044150567,310.340533801292,315.74407958984375,4543400
2021-09-24 00:00:00+00:00,313.60841238108117,315.63360420419673,310.88363182206535,312.2736511230469,2035900
2021-09-27 00:00:00+00:00,310.6995686198587,310.8836872156933,306.6123830068011,307.92877197265625,2025300
2021-09-28 00:00:00+00:00,305.2131551562268,305.6365941850092,298.12501111667285,298.44720458984375,2300500
2021-09-29 00:00:00+00:00,300.3710737136827,300.47234734523516,297.3977585504341,297.8211975097656,1741300
2021-09-30 00:00:00+00:00,298.70493920004355,299.99371302995144,293.0068148863386,294.49810791015625,2382100
2021-10-01 00:00:00+00:00,297.6739111860766,300.91421794656884,294.19428401626413,299.0455017089844,1802300
2021-10-04 00:00:00+00:00,297.70156631047513,298.5484724441557,290.8988146336443,294.1022644042969,1774500
2021-10-05 00:00:00+00:00,295.455475750223,301.3192905183594,295.3174008523377,299.284912109375,1628800
2021-10-06 00:00:00+00:00,297.4345419850464,299.4873485413601,295.04116950312135,299.3492736816406,2166400
2021-10-07 00:00:00+00:00,301.93598165110154,303.34440141741857,299.91079004935034,300.3250427246094,1188400
2021-10-08 00:00:00+00:00,300.77609405298404,301.59538504156166,298.7509305611594,299.3492736816406,1229800
2021-10-11 00:00:00+00:00,298.92586659545657,302.6080130738496,298.7233474154431,300.5552062988281,1475900
2021-10-12 00:00:00+00:00,302.0372443981908,303.2247444547369,301.19036647468204,301.650634765625,2054600
2021-10-13 00:00:00+00:00,303.0632805583854,306.11005931341884,300.8566524397622,304.8451843261719,1768500
2021-10-14 00:00:00+00:00,307.57801465914343,313.2376330245924,306.54392915166665,313.0252990722656,1638400
2021-10-15 00:00:00+00:00,315.0011349105043,315.6751319036662,313.1730790216891,315.592041015625,2074900
2021-10-18 00:00:00+00:00,315.38896342581774,317.82638100080464,314.5118458618132,316.84771728515625,1636800
2021-10-19 00:00:00+00:00,318.52800804168834,323.8460498879063,318.05713153523516,322.904296875,2177800
2021-10-20 00:00:00+00:00,323.1443140843129,323.55055490466617,319.0542370997018,319.2665710449219,1740100
2021-10-21 00:00:00+00:00,319.2666288806663,320.836198532357,318.26951007113627,320.4853515625,1520200
2021-10-22 00:00:00+00:00,321.52860325260326,328.08382233529767,321.52860325260326,326.6435241699219,1459400
2021-10-25 00:00:00+00:00,326.16343300726606,329.7549651827712,324.5108007527232,329.0902099609375,1523800
2021-10-26 00:00:00+00:00,329.5980444804937,331.7400369681287,328.93328916281234,328.9979248046875,1547700
2021-10-27 00:00:00+00:00,327.77917863811706,329.53341350124134,326.64357500940906,326.88360595703125,1567700
2021-10-28 00:00:00+00:00,328.16691895270304,330.9182722531513,327.52061902125797,328.9794006347656,1500600
2021-10-29 00:00:00+00:00,327.3729327865337,332.0262196078529,326.9297813970434,331.2599182128906,1936400
2021-11-01 00:00:00+00:00,331.2968710323384,332.26632117259527,325.0832836655072,328.05621337890625,1600200
2021-11-02 00:00:00+00:00,329.6442184742324,335.3684736547752,329.22873584276135,333.7619934082031,2204300
2021-11-03 00:00:00+00:00,333.2449523029289,334.68525071399415,327.19754731903,334.3159484863281,1727500
2021-11-04 00:00:00+00:00,335.0914663540713,338.7660894558037,333.7342589333566,338.6552734375,1979200
2021-11-05 00:00:00+00:00,340.5480159339418,343.56709754517874,338.80302277151566,340.18792724609375,2110600
2021-11-08 00:00:00+00:00,341.6097434354312,342.219104737268,338.0274529690912,338.7752990722656,1731600
2021-11-09 00:00:00+00:00,338.49841304390674,339.5601676842411,336.78111655547053,339.2739562988281,1865700
2021-11-10 00:00:00+00:00,336.96581070300186,339.1355005656744,334.8515147792945,336.7534484863281,1352400
2021-11-11 00:00:00+00:00,337.52893127235063,338.98771320603174,336.30099494423695,338.110595703125,1184300
2021-11-12 00:00:00+00:00,339.76325107598234,343.09624118300286,338.2583169502919,342.74542236328125,1802100
2021-11-15 00:00:00+00:00,343.24394473586614,343.56709474582544,339.8186222525859,340.1787109375,1957400
2021-11-16 00:00:00+00:00,339.1169202297598,344.4811144690563,338.8584058631414,342.6807556152344,2041600
2021-11-17 00:00:00+00:00,343.04082084487135,346.15226317564714,341.2127650042794,344.17645263671875,2254600
2021-11-18 00:00:00+00:00,342.828529607902,344.1487985853829,340.9450514326135,342.3299560546875,2555900
2021-11-19 00:00:00+00:00,343.4101900861051,345.94918186387963,341.3051362119339,341.4159240722656,2554000
2021-11-22 00:00:00+00:00,342.92080080433385,344.10258474315344,335.22070768976766,335.423828125,2098400
2021-11-23 00:00:00+00:00,334.63900636726055,335.6730635904059,329.8379942015757,333.0232849121094,1998600
2021-11-24 00:00:00+00:00,331.6661640365936,335.0822448105166,331.1768322527851,334.5652160644531,2191500
2021-11-26 00:00:00+00:00,333.4572661856841,334.07584098787083,325.6371721949348,326.4681091308594,2649400
2021-11-29 00:00:00+00:00,331.58308414067426,341.17584139902505,331.58308414067426,337.7505187988281,2857100
2021-11-30 00:00:00+00:00,333.918972763249,337.0396007559003,329.87504687261384,329.9765930175781,4761200
2021-12-01 00:00:00+00:00,337.24269732686184,341.22198729277784,332.33092416741766,332.50634765625,2876800
2021-12-02 00:00:00+00:00,332.1092818230599,340.5849177027665,332.1092818230599,337.2703552246094,3183100
2021-12-03 00:00:00+00:00,341.0649942276141,342.31141370553365,329.9211244418696,333.6880798339844,2331900
2021-12-06 00:00:00+00:00,334.21440074369093,337.3627539059642,330.6136544297565,334.4360046386719,2100200
2021-12-07 00:00:00+00:00,341.60977637454226,344.50885664985447,337.8982424610596,342.8469543457031,1943800
2021-12-08 00:00:00+00:00,343.4009406258101,346.0968724195862,341.2866450856545,345.7922058105469,2271000
2021-12-09 00:00:00+00:00,344.19490831093515,345.1920552942646,342.1452485962615,342.9485168457031,1841400
2021-12-10 00:00:00+00:00,345.50600083428054,350.7778631238604,344.3796106322521,350.3254699707031,1984000
2021-12-13 00:00:00+00:00,350.32548240056286,351.90426581176524,348.31276107213444,348.7374572753906,2843900
2021-12-14 00:00:00+00:00,345.6537333684805,346.94630538274816,338.3876049471748,341.36053466796875,2475200
2021-12-15 00:00:00+00:00,341.80361311704144,347.03856387675614,339.1076818024688,346.5030517578125,2804900
2021-12-16 00:00:00+00:00,381.3750211933259,381.9105052211363,368.40306502138895,369.8618469238281,6298500
2021-12-17 00:00:00+00:00,365.94718312507666,373.56415853217794,361.29392389033626,365.8363952636719,4929100
2021-12-20 00:00:00+00:00,360.8876667254403,361.39545379270527,354.0923870465202,356.1789855957031,2690800
2021-12-21 00:00:00+00:00,358.2285761778189,362.9834086027211,355.3202828053797,362.7433776855469,2222400
2021-12-22 00:00:00+00:00,363.06654271132595,372.77011560378145,363.03884574927895,372.7147216796875,2282400
2021-12-23 00:00:00+00:00,371.4313497692704,375.6322433656954,370.19417188318823,372.3638610839844,1374000
2021-12-27 00:00:00+00:00,375.54917873726487,384.0340292304395,375.1613930797339,383.4615783691406,1906300
2021-12-28 00:00:00+00:00,383.1569162951761,385.1419404672975,381.93819355822495,383.40618896484375,1362600
2021-12-29 00:00:00+00:00,382.9907408009788,385.345067247676,381.0334135600304,383.5447082519531,1041700
2021-12-30 00:00:00+00:00,384.3202267800979,384.6895289984256,380.27630127592033,382.07666015625,1278000
2021-12-31 00:00:00+00:00,381.0333374752149,384.9572328868228,380.4885836702975,382.7413635253906,1163200
2022-01-03 00:00:00+00:00,382.8430314359884,383.64627159673944,373.9611810994786,375.96466064453125,2129900
2022-01-04 00:00:00+00:00,377.44184803511996,379.80541598906296,372.26231903341,373.27789306640625,2516300
2022-01-05 00:00:00+00:00,372.9362936140969,372.973232288438,366.63037446008326,366.7042236328125,2471400
2022-01-06 00:00:00+00:00,355.17258655525274,362.1063503042041,346.9277957459054,348.99591064453125,4386600
2022-01-07 00:00:00+00:00,350.0022809149638,350.833217947389,341.739034625912,342.3022155761719,3469000
2022-01-10 00:00:00+00:00,335.5346073661569,344.7211218015678,332.5801337549598,344.3795166015625,2952400
2022-01-11 00:00:00+00:00,341.15737970201883,346.94627030344395,335.9408836033702,346.3276672363281,2407000
2022-01-12 00:00:00+00:00,349.76185053402986,354.93630450263305,348.62327461288123,349.1509094238281,3143400
2022-01-13 00:00:00+00:00,350.10439099964753,351.0855918840926,333.9423169276522,334.5069580078125,2944100
2022-01-14 00:00:00+00:00,330.49880835535816,332.6648569289635,323.7229467154647,327.09234619140625,3949800
2022-01-18 00:00:00+00:00,322.6954711094441,324.9263230637723,319.3260713696345,322.3900146484375,3425600
2022-01-19 00:00:00+00:00,324.90782473069174,329.60094453434016,317.9653498432838,318.1875,3374700
2022-01-20 00:00:00+00:00,319.7704160615868,329.4806155787249,316.6139006432265,317.215576171875,2817300
2022-01-21 00:00:00+00:00,316.01221924943167,318.5022276295625,310.3286328174299,310.6803894042969,2830700
2022-01-24 00:00:00+00:00,303.8952864457339,314.3367685889001,295.3792000163462,313.7998962402344,4544500
2022-01-25 00:00:00+00:00,307.236909494325,314.4385688430868,302.8862806818716,310.0509338378906,3625400
2022-01-26 00:00:00+00:00,316.0399616535819,318.3911259872233,303.663820177584,305.3670654296875,4422200
2022-01-27 00:00:00+00:00,312.4390681223155,316.3268644806038,306.4037548198929,308.57904052734375,2778000
2022-01-28 00:00:00+00:00,309.0789798848587,317.5580593678732,302.84928376042234,317.3636779785156,2457400
2022-01-31 00:00:00+00:00,319.35378218865367,327.40706277822727,318.00232191867593,327.29595947265625,3159300
2022-02-01 00:00:00+00:00,327.8884685892617,330.1841238362533,322.94542975613757,327.14794921875,2087200
2022-02-02 00:00:00+00:00,328.0550494973914,333.3313413114921,327.23122389601104,332.7481689453125,2603200
2022-02-03 00:00:00+00:00,319.6130571262483,325.76871307689845,318.409706007717,319.86297607421875,2706300
2022-02-04 00:00:00+00:00,319.25197101845373,324.48196206221746,315.51228405705405,321.6679382324219,2142800
2022-02-07 00:00:00+00:00,320.44611747441263,322.3807504000076,317.5117806048317,318.3911437988281,1265100
2022-02-08 00:00:00+00:00,314.70698728539213,320.21466641764073,314.5958839713928,319.4186096191406,2197700
2022-02-09 00:00:00+00:00,325.4909627905088,330.02670692180345,325.3891251467595,329.1010437011719,2430500
2022-02-10 00:00:00+00:00,320.3628034214426,325.4446858244335,314.71625172422955,316.9378662109375,2457700
2022-02-11 00:00:00+00:00,318.37260635371433,319.33530400076495,302.96031957413214,304.7098083496094,3091600
2022-02-14 00:00:00+00:00,299.0633669413655,303.4973032502053,297.5637965120275,301.88665771484375,2689900
2022-02-15 00:00:00+00:00,307.9867033629471,308.5513444330305,303.0158958156105,304.9227600097656,2395600
2022-02-16 00:00:00+00:00,301.64586125731915,310.50446482563694,300.9423481884541,308.9123229980469,2867500
2022-02-17 00:00:00+00:00,308.1717807318594,308.1717807318594,298.294942735241,298.9058837890625,2148000
2022-02-18 00:00:00+00:00,298.4431415866811,302.2198358468708,296.30486138255077,297.3045654296875,2421800
2022-02-22 00:00:00+00:00,296.2214781773028,303.59901472498984,294.1665048230826,297.23968505859375,2794300
2022-02-23 00:00:00+00:00,298.77628560684934,300.67391201915274,289.353041492769,289.88067626953125,2192200
2022-02-24 00:00:00+00:00,279.8743179811816,293.04648929978714,278.35621653601925,292.6669921875,3785900
2022-02-25 00:00:00+00:00,293.74071776386836,299.1466162067342,292.87062026515537,298.5356750488281,2552600
2022-02-28 00:00:00+00:00,294.9996093612975,295.7031224374925,288.7236139549766,292.528076171875,3419300
2022-03-01 00:00:00+00:00,293.4351908492943,293.78694733292764,286.7333993156323,288.2052001953125,2525400
2022-03-02 00:00:00+00:00,291.9726962902341,296.4529027471797,289.3160192014907,294.6663513183594,2220800
2022-03-03 00:00:00+00:00,298.84117242714746,299.6279919768509,292.1393783664845,295.2403564453125,2120900
2022-03-04 00:00:00+00:00,291.1673599397977,292.80580194887875,286.95560351045395,290.8063659667969,1917300
2022-03-07 00:00:00+00:00,289.8992728644968,290.6583236742357,281.9570928828338,282.3458557128906,2908100
2022-03-08 00:00:00+00:00,281.13311872457365,286.0391498689648,275.255152671338,279.198486328125,2902600
2022-03-09 00:00:00+00:00,287.90903594393484,289.44564030974215,284.87286165158065,286.4187316894531,2825900
2022-03-10 00:00:00+00:00,282.3273036005163,287.10372956934293,281.42014340619204,286.51129150390625,2049000
2022-03-11 00:00:00+00:00,291.0377947527921,295.027401222792,288.0756609622996,288.41815185546875,3811900
2022-03-14 00:00:00+00:00,286.09472983134305,289.87142322910574,281.3090386941229,284.80804443359375,3156600
2022-03-15 00:00:00+00:00,288.1589923506763,293.3612441573036,287.18705712334946,292.7225341796875,2695200
2022-03-16 00:00:00+00:00,296.83239963188134,301.26630555542613,292.08374339423887,300.7572021484375,3473100
2022-03-17 00:00:00+00:00,313.7073146527653,318.8540007991072,294.66641209659883,295.74945068359375,4661600
2022-03-18 00:00:00+00:00,297.9432264423072,300.35922221983924,292.9816849704263,299.8686218261719,7566200
2022-03-21 00:00:00+00:00,299.3317425132303,302.09022936951055,297.0638843343546,300.37774658203125,2290500
2022-03-22 00:00:00+00:00,299.91490043788116,304.31180098442417,299.22991865557384,303.126953125,2022800
2022-03-23 00:00:00+00:00,300.84053313304406,302.85847208322303,296.4806674702817,296.675048828125,1837500
2022-03-24 00:00:00+00:00,296.5454374076027,301.22931900254184,296.2122122283648,301.1089782714844,1430400
2022-03-25 00:00:00+00:00,303.228780341355,305.0153320323686,300.15559956381946,303.34912109375,1814000
2022-03-28 00:00:00+00:00,302.303106925785,306.2927417225756,301.14602780521983,306.15386962890625,1984400
2022-03-29 00:00:00+00:00,313.79985408102846,315.70671819104024,311.948527508279,315.3642272949219,2223000
2022-03-30 00:00:00+00:00,311.55049887233884,315.3827301859577,311.4671925664995,313.29998779296875,1721600
2022-03-31 00:00:00+00:00,312.4112958201426,318.19669018718224,312.161376953125,312.161376953125,2752600
2022-04-01 00:00:00+00:00,313.4203359165867,315.9288755703514,311.3468591473348,315.3179626464844,2090300
2022-04-04 00:00:00+00:00,316.5675651898301,319.1316704665229,314.7717762285292,318.86322021484375,2317500
2022-04-05 00:00:00+00:00,316.1139638168817,319.6314724660504,316.1139638168817,317.3358459472656,3058100
2022-04-06 00:00:00+00:00,313.1425984498624,316.5119976643302,309.67136159826896,314.9661560058594,2299000
2022-04-07 00:00:00+00:00,313.79060965630737,319.17797712756544,312.69833368418386,316.36395263671875,2313100
2022-04-08 00:00:00+00:00,316.97488917621007,318.70587509364924,313.1241263108841,313.725830078125,2170000
2022-04-11 00:00:00+00:00,311.11545667205615,312.33733907023225,300.71098143925815,302.94183349609375,2445400
2022-04-12 00:00:00+00:00,305.2189452404193,309.12524517849107,301.99762704892424,302.44195556640625,1835000
2022-04-13 00:00:00+00:00,301.123594211896,303.9181461310914,300.10232703767866,302.28411865234375,2081400
2022-04-14 00:00:00+00:00,303.4817958340265,304.78157757507876,296.43509464524465,296.6022033691406,2964800
2022-04-18 00:00:00+00:00,295.7201515549179,298.0226419794775,288.58060375299726,291.15234375,2479300
2022-04-19 00:00:00+00:00,290.3260814262912,297.83699249313577,289.80616872366755,297.62347412109375,1758200
2022-04-20 00:00:00+00:00,300.8357432699243,304.874373410065,299.52666848887935,300.50152587890625,2273600
2022-04-21 00:00:00+00:00,302.84113296797096,306.6755097070277,298.33829311298774,299.2388610839844,1910200
2022-04-22 00:00:00+00:00,298.0412446931514,300.659394720308,288.09787888053665,288.55279541015625,1906800
2022-04-25 00:00:00+00:00,287.2437558570799,294.42971454984934,284.3192114280525,294.14190673828125,2049600
2022-04-26 00:00:00+00:00,289.3140852640945,292.55426031081805,280.47554166492995,281.4039611816406,2101400
2022-04-27 00:00:00+00:00,281.29255537293375,287.16943844714194,280.7354979962843,281.4039611816406,1821200
2022-04-28 00:00:00+00:00,286.10182688363244,293.51062651566804,283.74363284038793,291.375244140625,2215200
2022-04-29 00:00:00+00:00,287.81005478858583,289.64833566102806,278.3401642332635,278.8600769042969,2972100
2022-05-02 00:00:00+00:00,278.95286960277645,284.1427303625134,275.9726514264463,282.7965393066406,2528900
2022-05-03 00:00:00+00:00,284.7277012581062,285.60971116529015,281.04187450527434,283.0008544921875,2121700
2022-05-04 00:00:00+00:00,281.4503887715899,293.2691801728924,279.2778903639261,292.3221740722656,1900200
2022-05-05 00:00:00+00:00,288.4692390713152,289.8526035086913,273.5216782028191,277.3189392089844,2231700
2022-05-06 00:00:00+00:00,274.4871548931584,275.7962294799715,268.9723420947151,274.5707092285156,2477000
2022-05-09 00:00:00+00:00,269.8544182318421,271.5534134689195,265.3979875830604,266.91131591796875,2584100
2022-05-10 00:00:00+00:00,269.2416447000021,271.469845748138,263.4390230469848,267.004150390625,2634600
2022-05-11 00:00:00+00:00,265.27730689803946,267.8397253835495,260.3845181296347,260.8301696777344,2398600
2022-05-12 00:00:00+00:00,258.1006223867132,261.4986411749437,255.1204037089733,261.0808410644531,2284600
2022-05-13 00:00:00+00:00,262.77987216691844,268.00687866331555,260.87659512719966,266.24285888671875,2373600
2022-05-16 00:00:00+00:00,264.30245720777157,268.2853848073115,261.86070938256546,265.6858215332031,1598000
2022-05-17 00:00:00+00:00,273.58668867285644,273.58668867285644,267.57054762774436,270.235107421875,1598000
2022-05-18 00:00:00+00:00,266.3356957819958,266.68849972310886,252.92005108996221,254.53549194335938,2666000
2022-05-19 00:00:00+00:00,250.81256302609364,258.100662952343,250.3947911830567,254.02488708496094,2679500
2022-05-20 00:00:00+00:00,255.85384381587502,258.47199371298694,248.974279972426,256.8472595214844,3007800
2022-05-23 00:00:00+00:00,261.1458479119821,263.6061540342172,256.3923443852978,263.1048278808594,2128900
2022-05-24 00:00:00+00:00,259.7903670540007,260.91374678389514,253.50494852440875,259.3168640136719,2088700
2022-05-25 00:00:00+00:00,258.4070351772529,261.2015874602057,255.53822178701634,259.623291015625,1812600
2022-05-26 00:00:00+00:00,262.2228360774687,271.91553904155813,260.9880221335668,270.68072509765625,2742800
2022-05-27 00:00:00+00:00,272.43544874891023,282.3974012223967,272.43544874891023,282.3788146972656,2759000
2022-05-31 00:00:00+00:00,280.7540752645728,281.6082337445593,275.4621006595891,277.0960998535156,4143700
2022-06-01 00:00:00+00:00,282.3602718392902,284.7555820625197,276.0934392206224,277.27252197265625,1784600
2022-06-02 00:00:00+00:00,278.4887194850928,284.801989406835,276.55761929320875,284.6719970703125,1318500
2022-06-03 00:00:00+00:00,280.6612473058936,284.85772223382656,280.3084716406694,283.12158203125,1714500
2022-06-06 00:00:00+00:00,287.81005815194254,289.9639982903178,282.02599420270917,282.91729736328125,1401000
2022-06-07 00:00:00+00:00,278.9250750911604,284.922685708414,278.90651690031615,284.58843994140625,2311100
2022-06-08 00:00:00+00:00,283.1679546689351,285.40544912055526,280.1320330269962,280.9768981933594,1428600
2022-06-09 00:00:00+00:00,279.1292787254383,280.9582660229149,273.65161009333053,274.2829284667969,2497900
2022-06-10 00:00:00+00:00,270.06798455287344,270.3743505469382,265.50944102646287,265.53729248046875,2169900
2022-06-13 00:00:00+00:00,256.85658887700663,261.1737346687366,255.18541647390097,256.7080383300781,2414200
2022-06-14 00:00:00+00:00,254.99046046299003,257.4043573072474,253.0964763749579,255.42681884765625,2052600
2022-06-15 00:00:00+00:00,257.15364814178275,265.3887247282197,256.3366344331329,261.0622863769531,2536000
2022-06-16 00:00:00+00:00,255.64029740408662,255.6867070426479,249.82838266733793,251.50881958007812,2741800
2022-06-17 00:00:00+00:00,253.09645716992023,258.6484166571158,251.53671901959788,255.66819763183594,4446100
2022-06-21 00:00:00+00:00,258.23994813766734,263.95901720521147,257.7943247902758,262.49212646484375,2550200
2022-06-22 00:00:00+00:00,259.11257865571145,269.5758555666424,259.11257865571145,265.8993225097656,2939000
2022-06-23 00:00:00+00:00,256.2438254564851,265.787978401757,255.31540579903412,265.37017822265625,3482100
2022-06-24 00:00:00+00:00,264.9802489534824,278.16379064762975,264.5717420512436,277.94097900390625,4647900
2022-06-27 00:00:00+00:00,277.5417206768566,279.4542625325231,270.76426982908083,271.6741027832031,2107500
2022-06-28 00:00:00+00:00,272.11046821491374,275.30423356578694,263.1976353365029,263.4854431152344,2167500
2022-06-29 00:00:00+00:00,258.4905784787072,261.0251456670172,255.54747609669036,259.78106689453125,2405800
2022-06-30 00:00:00+00:00,257.47856424697284,260.57021700983563,255.6124603418386,257.7756652832031,2562200
2022-07-01 00:00:00+00:00,257.7107189407841,262.15785708315497,256.50378470580097,260.56097412109375,2400200
2022-07-05 00:00:00+00:00,256.50378356964706,256.6244826592347,250.37620812222244,255.47325134277344,3181300
2022-07-06 00:00:00+00:00,258.0634770294607,259.2240014078008,255.27821852144444,256.1880798339844,2260300
2022-07-07 00:00:00+00:00,257.4135877201943,259.7346363627464,254.76758660106225,259.400390625,2169100
2022-07-08 00:00:00+00:00,257.77565656272753,259.781045989769,255.4824593706726,259.0940246582031,1987600
2022-07-11 00:00:00+00:00,256.95864770664883,258.1377585722236,253.75561752012533,255.1946563720703,1850000
2022-07-12 00:00:00+00:00,254.94400501583712,259.29829481689205,252.93861545929266,254.08058166503906,2280400
2022-07-13 00:00:00+00:00,249.88783943862893,256.31671523450785,249.07721745416765,253.58677673339844,2185200
2022-07-14 00:00:00+00:00,250.17668095703485,251.56493762508123,243.89685540126877,250.3257598876953,1877700
2022-07-15 00:00:00+00:00,253.5215395132209,254.22033095155174,248.63929732903293,252.9811248779297,1741100
2022-07-18 00:00:00+00:00,254.36006358198108,256.5030124510555,249.6921280415755,250.30706787109375,2048900
2022-07-19 00:00:00+00:00,253.79179575316405,261.34804831462964,253.1861536427466,260.9194641113281,1942100
2022-07-20 00:00:00+00:00,260.88217101046814,264.2922770864587,260.36973526240047,262.4288330078125,2158500
2022-07-21 00:00:00+00:00,261.981568580484,268.55022532573076,261.5902612881953,268.3452453613281,1546800
2022-07-22 00:00:00+00:00,267.8700580725089,271.20561011081014,266.28611939904306,268.3452453613281,1502400
2022-07-25 00:00:00+00:00,268.5594863151838,269.789365932638,265.960002928979,269.5378112792969,1354700
2022-07-26 00:00:00+00:00,268.2520459902859,268.99741210991186,264.29222805774646,265.70843505859375,1710700
2022-07-27 00:00:00+00:00,269.11857417112833,279.0600602411514,268.28935639184397,277.2152404785156,1821500
2022-07-28 00:00:00+00:00,276.7027328608733,283.70927011654925,274.6436073409921,282.94525146484375,1845400
2022-07-29 00:00:00+00:00,283.7372625253035,286.7467344290932,282.23720394917206,285.3491516113281,1868000
2022-08-01 00:00:00+00:00,281.8738552245288,285.8336737203408,280.4855985448447,283.9329528808594,1425700
2022-08-02 00:00:00+00:00,281.7341231319227,285.64733875246867,278.96690745593963,281.8273010253906,1772100
2022-08-03 00:00:00+00:00,281.45460203447095,288.28414101299677,281.02601782603875,287.1288146972656,1359800
2022-08-04 00:00:00+00:00,288.0790705536815,289.58845534612584,286.4112805416097,289.402099609375,1624600
2022-08-05 00:00:00+00:00,284.0540555185607,288.45178409226935,283.5322935211627,288.2281799316406,1504500
2022-08-08 00:00:00+00:00,289.29967111464344,291.4519465863884,287.4548513814772,289.1412658691406,1604700
2022-08-09 00:00:00+00:00,287.0635103427314,289.84002328387277,286.8026293596598,288.63812255859375,1761100
2022-08-10 00:00:00+00:00,293.4924097073435,296.0732692326941,292.90542033850534,294.8713684082031,1474800
2022-08-11 00:00:00+00:00,296.05461709137654,298.0298628589754,292.3650065361656,292.9519958496094,1570100
2022-08-12 00:00:00+00:00,295.132214114799,299.0268045155878,292.9706126586497,298.5609436035156,1774400
2022-08-15 00:00:00+00:00,295.9894687427938,299.0455160814499,295.90561716619095,298.4585266113281,1125300
2022-08-16 00:00:00+00:00,296.46465084260353,300.83442967152354,296.399423472882,298.8778076171875,1596000
2022-08-17 00:00:00+00:00,295.74720615114626,298.45849211631406,294.07941582995454,296.7068786621094,1505900
2022-08-18 00:00:00+00:00,297.21924309793644,298.9522319329354,294.8154134546398,297.6478271484375,1386200
2022-08-19 00:00:00+00:00,295.26275438024953,296.05472392331626,292.1601320188949,293.7626953125,1672500
2022-08-22 00:00:00+00:00,288.2095350590985,291.4892144841112,287.4455446784054,288.83380126953125,1648100
2022-08-23 00:00:00+00:00,287.04490777820814,290.0171033005256,285.57279949563906,285.7591552734375,1217900
2022-08-24 00:00:00+00:00,285.740458877321,286.9517143797212,283.11299635578786,285.3491516113281,1695500
2022-08-25 00:00:00+00:00,286.15044928146983,289.47670356645557,284.9951231278091,288.6195068359375,1722900
2022-08-26 00:00:00+00:00,288.67539091420326,288.749944591031,277.6531330751867,277.7742614746094,1701600
2022-08-29 00:00:00+00:00,274.857948611685,277.53198579960264,273.18086063778173,274.9884033203125,1662800
2022-08-30 00:00:00+00:00,277.22457339117926,277.65315755208337,269.8919257596135,272.5286865234375,1661100
2022-08-31 00:00:00+00:00,274.5318879551302,275.7151931201608,267.80485382237424,268.7645263671875,2455000
2022-09-01 00:00:00+00:00,268.14959731055507,269.2956256797734,264.7301932756843,269.072021484375,2021400
2022-09-02 00:00:00+00:00,272.59389177285794,273.1436042992657,263.5096029590696,264.67425537109375,1889400
2022-09-06 00:00:00+00:00,264.5530716298016,266.6773960475971,262.1399157489556,264.1058349609375,2354500
2022-09-07 00:00:00+00:00,262.89467624950856,268.37320601967286,260.3138166113155,267.18060302734375,1899300
2022-09-08 00:00:00+00:00,264.79538981919933,268.6154270707694,263.0809964077145,268.29864501953125,1790700
2022-09-09 00:00:00+00:00,269.64034786969705,272.1466823872111,269.17448685802384,270.7118225097656,2005100
2022-09-12 00:00:00+00:00,273.8051126258351,276.5443773107801,272.68706339628164,275.1002197265625,2026400
2022-09-13 00:00:00+00:00,268.42908588724214,270.1434507763508,261.19891482256554,262.29833984375,1789200
2022-09-14 00:00:00+00:00,261.75799628821346,263.2860056720952,257.18323758816115,259.5125427246094,2397600
2022-09-15 00:00:00+00:00,258.3013040229021,261.3386984516735,253.08365506084354,255.161376953125,2198700
2022-09-16 00:00:00+00:00,254.4253053542818,255.39427565519998,251.6860407011374,254.06192016601562,3838900
2022-09-19 00:00:00+00:00,251.91896864759934,256.540301250969,251.75126553188048,256.20489501953125,2165200
2022-09-20 00:00:00+00:00,253.06499828931476,253.33520563029137,249.35676293407903,251.78854370117188,2390100
2022-09-21 00:00:00+00:00,251.56492723072253,256.16763595180385,247.12992163699295,247.2976531982422,2746500
2022-09-22 00:00:00+00:00,246.05847004943635,252.92525693252128,244.05527335088473,244.40933227539062,3462900
2022-09-23 00:00:00+00:00,241.44643718265397,242.58311065292585,238.7071724043106,242.2290802001953,3100000
2022-09-26 00:00:00+00:00,240.42154947002967,244.44656684382315,239.50845168663054,239.9556884765625,2349800
2022-09-27 00:00:00+00:00,241.7538949543021,245.22922805610506,236.90894366870535,238.8376007080078,2495800
2022-09-28 00:00:00+00:00,239.45251652059753,245.70436220055925,238.54874518470098,244.0458984375,2552600
2022-09-29 00:00:00+00:00,241.24150638938175,243.28195169471232,238.23203367354037,240.6358642578125,2559100
2022-09-30 00:00:00+00:00,241.04577173420134,246.02116341151952,239.40596047799283,239.73204040527344,2924400
2022-10-03 00:00:00+00:00,242.49923886079375,248.8629151031834,241.00850662825306,246.80381774902344,1893900
2022-10-04 00:00:00+00:00,251.9376215495276,256.16764736476495,251.49041318999858,255.58065795898438,3143700
2022-10-05 00:00:00+00:00,252.82275726519148,258.0310795628099,251.17359121308846,255.6085968017578,1843000
2022-10-06 00:00:00+00:00,254.90976471911935,256.88501039243164,250.81952078879678,251.07107543945312,2336800
2022-10-07 00:00:00+00:00,248.28528457538582,248.63931504489224,240.6544792503966,241.97750854492188,1951200
2022-10-10 00:00:00+00:00,243.63595989666723,243.63595989666723,238.45558820826355,240.2445068359375,1526800
2022-10-11 00:00:00+00:00,238.70717603801975,239.7413737589041,234.11377941103078,235.70701599121094,2261800
2022-10-12 00:00:00+00:00,236.19370707532553,237.64428697729826,233.9008254905613,234.0318603515625,1699400
2022-10-13 00:00:00+00:00,228.04227068439923,242.54819550821108,227.36844660060356,240.94784545898438,3435100
2022-10-14 00:00:00+00:00,244.38251742448426,245.00019196758416,235.89421205357976,236.5118865966797,1723100
2022-10-17 00:00:00+00:00,241.36899592528403,246.0108792966582,241.09758702177655,245.40257263183594,2534800
2022-10-18 00:00:00+00:00,251.76645521740542,252.44964712062216,245.15924894367254,247.11520385742188,2114500
2022-10-19 00:00:00+00:00,245.365156684882,247.7048199271141,243.11908568440765,247.1245880126953,2412600
2022-10-20 00:00:00+00:00,247.33046202694496,252.36542153776466,243.91455964695854,244.9907989501953,1970100
2022-10-21 00:00:00+00:00,244.75682475558344,252.58067268349896,243.96133362305406,252.28118896484375,3206600
2022-10-24 00:00:00+00:00,255.2759400519194,259.1785104983356,252.79590298661384,257.6530456542969,2201900
2022-10-25 00:00:00+00:00,257.8215631723774,263.1185650361654,257.8215631723774,262.6131896972656,1701400
2022-10-26 00:00:00+00:00,260.1705298785927,265.43945561089623,260.1705298785927,261.92059326171875,1772500
2022-10-27 00:00:00+00:00,263.14664786227405,264.6627453647471,260.59175338971676,260.95672607421875,1927800
2022-10-28 00:00:00+00:00,261.1625274249548,269.7350556574043,261.1625274249548,269.3232727050781,2306300
2022-10-31 00:00:00+00:00,265.29903031593574,269.46361258411025,265.1024780952099,265.69207763671875,2364500
2022-11-01 00:00:00+00:00,268.64951383477893,269.70704628437267,262.56638886168116,263.41802978515625,1537200
2022-11-02 00:00:00+00:00,261.8270134609407,265.0463922395835,254.64894291183498,254.97650146484375,1727200
2022-11-03 00:00:00+00:00,249.53912924569929,251.1956004915042,239.60021608984542,240.4050750732422,3225500
2022-11-04 00:00:00+00:00,243.25945890327893,247.21817937680504,239.7031822118482,244.41058349609375,2496300
2022-11-07 00:00:00+00:00,245.89860276349268,251.85069224606357,244.6071041051087,251.8132781982422,2170000
2022-11-08 00:00:00+00:00,253.70368255523928,257.2693265266122,249.05243157206098,251.7758026123047,2444000
2022-11-09 00:00:00+00:00,249.2396142035317,251.92554262085483,248.3505308847525,249.35191345214844,1831600
2022-11-10 00:00:00+00:00,260.33898476184953,268.88343894490936,259.58093620474267,268.6120300292969,3121400
2022-11-11 00:00:00+00:00,268.78984153920794,273.0293098386611,262.6318609650328,271.4851379394531,2620500
2022-11-14 00:00:00+00:00,267.7978618918604,274.04943552171915,266.7029154355512,270.380859375,2493000
2022-11-15 00:00:00+00:00,274.2085400208873,277.4372868138712,271.42901886529256,273.8809814453125,1960700
2022-11-16 00:00:00+00:00,273.9745506794246,274.28337364395657,271.5038527218063,272.8140869140625,1607900
2022-11-17 00:00:00+00:00,267.4796484412219,271.11081023006784,265.17742789192914,268.724365234375,1555400
2022-11-18 00:00:00+00:00,271.9717892344007,272.24319815643156,264.88731092896904,268.1253967285156,1322900
2022-11-21 00:00:00+00:00,267.1895251508468,270.3059438233594,266.80581697645414,268.6120300292969,1308100
2022-11-22 00:00:00+00:00,270.32471725433754,274.9104518453918,268.74310249761646,274.1056213378906,1417500
2022-11-23 00:00:00+00:00,274.2833345050316,277.3810743017878,273.6469530832442,275.6403503417969,1229100
2022-11-25 00:00:00+00:00,275.4251192459793,278.4386063576684,275.4251192459793,277.39044189453125,677900
2022-11-28 00:00:00+00:00,274.4518069239163,276.0521282396174,271.19498611129967,271.96240234375,1253100
2022-11-29 00:00:00+00:00,270.75515566466896,271.98113677797477,268.23767602031694,269.5104675292969,1055000
2022-11-30 00:00:00+00:00,268.2377134054455,281.66738645734625,267.87274078208276,281.62994384765625,2767100
2022-12-01 00:00:00+00:00,283.0524762253244,285.5605884175182,280.7595947771737,283.4080810546875,1767200
2022-12-02 00:00:00+00:00,279.8705055891609,282.77169372136393,277.4466178976445,280.8812561035156,1744500
2022-12-05 00:00:00+00:00,276.800880793224,278.13918993268953,271.94373740321686,273.9652099609375,1800300
2022-12-06 00:00:00+00:00,272.58941077071376,273.7218280776355,264.16662507540735,267.1052551269531,1920300
2022-12-07 00:00:00+00:00,266.81520027027625,268.6494882443874,264.0918288452646,268.30322265625,1861600
2022-12-08 00:00:00+00:00,269.52921994185624,275.200561659972,268.4436127120714,273.4130554199219,2046000
2022-12-09 00:00:00+00:00,270.8300610677664,273.0573963939669,269.4168953870709,269.91290283203125,1827200
2022-12-12 00:00:00+00:00,267.78856300700744,274.1618046612292,266.2350228780296,273.5909118652344,2429900
2022-12-13 00:00:00+00:00,283.5296646089644,284.4374548404578,274.14293939728236,276.4077453613281,3516800
2022-12-14 00:00:00+00:00,275.1911613366569,278.22338412359545,269.39815323856897,272.7579345703125,2552200
2022-12-15 00:00:00+00:00,268.99579318655145,269.89424456111794,261.3684956584077,263.0904846191406,2870000
2022-12-16 00:00:00+00:00,257.05406032307013,257.3628832163827,246.36646911531912,247.51759338378906,6532500
2022-12-19 00:00:00+00:00,246.28232851545127,247.3117861107737,237.85954037973957,239.02000427246094,4147500
2022-12-20 00:00:00+00:00,237.4664540389484,245.5991110785401,237.2418412377436,245.1031036376953,3102500
2022-12-21 00:00:00+00:00,247.51769833585013,253.34812166558152,247.45218090149788,251.67294311523438,3580100
2022-12-22 00:00:00+00:00,247.48020986797718,248.87463995608786,243.9239333295664,247.77969360351562,2276200
2022-12-23 00:00:00+00:00,248.74362014954096,249.60460014198225,246.42266416580378,249.0243682861328,1213300
2022-12-27 00:00:00+00:00,248.8653263083301,250.08193983855594,246.7877040900035,248.29443359375,1009600
2022-12-28 00:00:00+00:00,249.0337773528503,251.87881603666128,245.82376603097862,246.24488830566406,1387000
2022-12-29 00:00:00+00:00,248.55648433991533,253.4978524335819,248.55648433991533,251.1675567626953,1516800
2022-12-30 00:00:00+00:00,248.50970477106145,249.77312876529186,245.7582582273047,249.726318359375,1339500
2023-01-03 00:00:00+00:00,251.9349716765352,255.88432472186548,249.92283826160758,252.92698669433594,2250100
2023-01-04 00:00:00+00:00,255.89363401478067,257.3442423200137,249.8853949729845,252.06594848632812,2052400
2023-01-05 00:00:00+00:00,250.26910520302738,250.94292934558413,244.6351779509901,246.11386108398438,2477100
2023-01-06 00:00:00+00:00,247.0496730568605,253.14213528090454,244.60705035700084,251.94422912597656,1587000
2023-01-09 00:00:00+00:00,254.48046405948529,260.6290763868317,254.09675592088809,256.1930847167969,2181500
2023-01-10 00:00:00+00:00,255.80943234886738,258.5702465663741,253.872184212258,257.2974548339844,1853000
2023-01-11 00:00:00+00:00,258.34985950698365,264.2323484552476,258.14312584396333,264.12896728515625,2382400
2023-01-12 00:00:00+00:00,265.68886584778147,270.60347197115686,265.3411839264046,266.7225341796875,2482500
2023-01-13 00:00:00+00:00,263.4148124781794,265.61369118979474,262.15562699428824,265.12506103515625,2226800
2023-01-17 00:00:00+00:00,265.9708272093171,270.39677508112527,265.3130303603209,267.6998596191406,2863700
2023-01-18 00:00:00+00:00,267.41795356716284,269.95513739272786,260.2763061771567,261.14080810546875,2192700
2023-01-19 00:00:00+00:00,260.558130093366,262.12743035980037,256.1509666786012,256.4328918457031,2212500
2023-01-20 00:00:00+00:00,257.9457860074397,264.1195772763659,256.35770218921374,263.5557556152344,3306600
2023-01-23 00:00:00+00:00,261.76102822853954,265.8111050611353,260.699169948023,262.4939880371094,2593300
2023-01-24 00:00:00+00:00,260.02251974453293,261.34749071194454,256.51748215994064,258.2934875488281,2205300
2023-01-25 00:00:00+00:00,254.4125446773476,257.2410305737731,249.63891552245977,256.6866149902344,2576300
2023-01-26 00:00:00+00:00,260.4548174761515,260.6051431756913,254.53473218670257,257.7203063964844,1942600
2023-01-27 00:00:00+00:00,256.7806463003657,262.5691615058132,256.4799375080172,260.5487976074219,2101100
2023-01-30 00:00:00+00:00,257.07190238985396,260.71791697406394,256.8275729557068,257.77667236328125,1732900
2023-01-31 00:00:00+00:00,258.35930938271645,262.221435546875,257.3914263139699,262.221435546875,1841800
2023-02-01 00:00:00+00:00,259.9191565806111,268.066280932925,259.0734383978921,266.49700927734375,1797000
2023-02-02 00:00:00+00:00,271.9660423703589,277.9518839900248,269.5604011847768,276.3638000488281,2715900
2023-02-03 00:00:00+00:00,270.83838294517983,272.2103270265496,269.46643886381,271.778076171875,2168000
2023-02-06 00:00:00+00:00,268.752328858645,270.44376561136346,266.34671590149634,267.3240051269531,1262400
2023-02-07 00:00:00+00:00,265.6513294247489,271.4304379638695,265.4633792782872,270.4625549316406,1401100
2023-02-08 00:00:00+00:00,268.63952335149617,271.74049974938123,266.8541118291634,267.5400695800781,1381800
2023-02-09 00:00:00+00:00,270.08663698922686,271.9284276645403,267.26755733884124,267.9629211425781,1752000
2023-02-10 00:00:00+00:00,264.71163958628784,267.4085550287941,264.07262628607344,266.8353271484375,1347600
2023-02-13 00:00:00+00:00,267.22064178950154,271.0170116412653,267.22064178950154,270.96063232421875,1284500
2023-02-14 00:00:00+00:00,268.25423229044924,270.76322587716356,266.26208719573236,267.596435546875,1821100
2023-02-15 00:00:00+00:00,264.9935036228021,270.4719027996055,264.96531397163085,270.3027648925781,1890200
2023-02-16 00:00:00+00:00,265.96137099905286,268.2448186419029,261.8361326739879,264.2605285644531,1899200
2023-02-17 00:00:00+00:00,261.9677208965304,262.5503262072693,258.33111208252103,260.342041015625,2722400
2023-02-21 00:00:00+00:00,255.59658878891983,256.67723039579295,252.57077508337616,252.91845703125,2446200
2023-02-22 00:00:00+00:00,254.30923075842298,256.0570467265105,251.98818690121516,253.36953735351562,1823800
2023-02-23 00:00:00+00:00,254.4407672707852,255.87849700126876,251.6592828836546,254.873046875,1885500
2023-02-24 00:00:00+00:00,251.27397998990224,251.27397998990224,248.30454575248686,250.45645141601562,1735000
2023-02-27 00:00:00+00:00,252.6929779990563,253.7078343429196,249.46043012279648,250.19338989257812,1512900
2023-02-28 00:00:00+00:00,248.72744568696507,252.29826909800795,246.904438216238,249.5355682373047,2160400
2023-03-01 00:00:00+00:00,249.02816390344498,249.93026156244485,245.96475415919087,247.69378662109375,1700500
2023-03-02 00:00:00+00:00,247.96621942398792,250.13690818738064,245.84250384465787,249.26300048828125,2278300
2023-03-03 00:00:00+00:00,251.7532720562451,253.45411488242226,249.94904803990832,252.96548461914062,1596100
2023-03-06 00:00:00+00:00,253.90516947683287,255.64357933417796,252.85268877451645,253.36953735351562,1649100
2023-03-07 00:00:00+00:00,252.98426420420864,253.75481969272704,247.80654427257582,248.2670135498047,2219300
2023-03-08 00:00:00+00:00,247.54336647132823,249.57310717274876,246.66005259171482,247.75950622558594,1462700
2023-03-09 00:00:00+00:00,249.79865838186748,250.6162156451569,243.11745275553298,244.09474182128906,1949800
2023-03-10 00:00:00+00:00,244.45181513402778,244.6397365772031,236.42682677194307,237.69540405273438,2924600
2023-03-13 00:00:00+00:00,237.84576287851115,239.86609766283556,234.20915453129464,236.15431213378906,3232100
2023-03-14 00:00:00+00:00,240.90919090999623,241.24749544407317,234.88576714981522,237.2537841796875,2925600
2023-03-15 00:00:00+00:00,233.0063694292323,233.01576120084474,228.15754830084342,231.32431030273438,4508000
2023-03-16 00:00:00+00:00,230.1778793086338,238.49417105043824,228.84351649490802,237.667236328125,4119600
2023-03-17 00:00:00+00:00,238.99222933354508,240.30779438668583,233.43863777766097,234.92335510253906,6470800
2023-03-20 00:00:00+00:00,235.59989392532012,238.57871982158176,234.9327054056211,237.3195343017578,3182100
2023-03-21 00:00:00+00:00,239.5090506137168,242.91073602306267,238.62573655218694,242.08380126953125,2831200
2023-03-22 00:00:00+00:00,241.7455211666837,245.56067388564645,237.77060795976004,237.9961395263672,3059300
2023-03-23 00:00:00+00:00,243.80345180369935,258.0491777932545,243.66247485907667,255.277099609375,5166900
2023-03-24 00:00:00+00:00,254.140090102436,255.67176624718772,248.8496117012007,255.5966033935547,4123600
2023-03-27 00:00:00+00:00,254.40316365099764,257.81422605639267,254.31859469983866,257.4383544921875,3743800
2023-03-28 00:00:00+00:00,257.4008236974986,259.5057276955213,256.1604215513068,258.4156799316406,2869400
2023-03-29 00:00:00+00:00,259.35540561430116,263.35850909504234,259.35540561430116,263.05780029296875,2431500
2023-03-30 00:00:00+00:00,264.0538748718852,265.97085765145243,263.84714115372435,265.61376953125,2293600
2023-03-31 00:00:00+00:00,266.0459835155531,268.71470925702516,265.56673071801725,268.5737609863281,3009300
2023-04-03 00:00:00+00:00,266.2997275944122,269.18456455080167,266.08358778765546,268.6019592285156,2417300
2023-04-04 00:00:00+00:00,267.28639419800413,270.0960683000073,267.07966050198326,268.6019592285156,2331700
2023-04-05 00:00:00+00:00,268.97778893866604,269.59798993007973,263.9692364924935,264.3638916015625,2443200
2023-04-06 00:00:00+00:00,263.7343198442892,265.2190226112045,262.04285473118074,264.71160888671875,2125300
2023-04-10 00:00:00+00:00,261.22533938003863,264.7398119313475,259.693634665258,264.69281005859375,1575900
2023-04-11 00:00:00+00:00,265.94264803978086,270.31221677420126,265.5103684124066,269.0624084472656,3122500
2023-04-12 00:00:00+00:00,272.0624203982712,272.3076805663917,266.920968070067,267.6945495605469,2656000
2023-04-13 00:00:00+00:00,266.9774876822997,269.2604880536564,263.88319145015237,269.11895751953125,3164200
2023-04-14 00:00:00+00:00,267.25112736284825,268.8171474720779,262.0530749175567,263.4398498535156,2871700
2023-04-17 00:00:00+00:00,262.9964378620321,265.8643316201405,262.9964378620321,264.1285095214844,2899000
2023-04-18 00:00:00+00:00,265.4303501953658,265.47753664111445,262.6473863281937,264.109619140625,1893800
2023-04-19 00:00:00+00:00,263.0152207355141,264.14729207459897,261.7982771542334,264.0529479980469,2204700
2023-04-20 00:00:00+00:00,261.58137411196975,261.8549633864174,258.4870774026821,259.9493103027344,2686100
2023-04-21 00:00:00+00:00,260.11911262642826,262.10019471465375,259.8077799852891,260.68511962890625,1600700
2023-04-24 00:00:00+00:00,260.18509178925757,261.90205623330405,259.2983092210038,261.5530090332031,1359700
2023-04-25 00:00:00+00:00,260.241749991998,261.0436316987663,255.27012947368058,255.37391662597656,1935400
2023-04-26 00:00:00+00:00,256.4588054930523,258.08142623465403,254.9022285047771,255.8550262451172,2009400
2023-04-27 00:00:00+00:00,258.34556120444284,260.83607851923847,255.4965247857464,259.85498046875,1983600
2023-04-28 00:00:00+00:00,258.22289339565805,264.55298765425533,258.22289339565805,264.4209289550781,2084500
2023-05-01 00:00:00+00:00,263.2889175432346,264.06249898149474,261.7417834564962,263.6002502441406,1165600
2023-05-02 00:00:00+00:00,264.0153125868924,264.5058904696926,258.5153990307599,261.07196044921875,1728300
2023-05-03 00:00:00+00:00,262.3738307273532,263.7511626618538,259.2606764996973,259.60028076171875,1951200
2023-05-04 00:00:00+00:00,257.80780493570967,258.2794966183928,250.6380856009707,251.4116668701172,2586200
2023-05-05 00:00:00+00:00,253.9776725345342,255.07200070071138,249.42114351575808,250.6097869873047,2592700
2023-05-08 00:00:00+00:00,250.9588862688806,251.88341252937727,248.54382663919722,249.82684326171875,1843000
2023-05-09 00:00:00+00:00,248.06270625396968,249.51549613531705,246.86459076702602,248.5626983642578,2712000
2023-05-10 00:00:00+00:00,250.79851834814465,254.62865319416727,249.44948680366167,253.66641235351562,2800200
2023-05-11 00:00:00+00:00,255.00598741766032,257.0153988462121,252.99657598910855,256.8550109863281,2915700
2023-05-12 00:00:00+00:00,257.66629539894905,261.60018779132054,257.0719592903725,261.4964294433594,2664400
2023-05-15 00:00:00+00:00,260.66626823358234,262.76058055954866,259.07194796432174,261.79833984375,2762700
2023-05-16 00:00:00+00:00,261.4021286525953,264.80775803342755,260.71344833830045,263.38323974609375,2079000
2023-05-17 00:00:00+00:00,265.26998699346467,270.1567062146328,264.3643469686011,268.5152282714844,2486600
2023-05-18 00:00:00+00:00,268.43033825881537,271.618978965792,268.16619204112504,271.2038879394531,1869700
2023-05-19 00:00:00+00:00,272.2604773209019,274.85478188361185,271.08124797421556,273.4963073730469,2213300
2023-05-22 00:00:00+00:00,272.9868247175714,275.2509389111577,272.5151330610003,274.4773864746094,2044100
2023-05-23 00:00:00+00:00,272.78880266277866,274.5623684204478,270.8642920757566,271.788818359375,2219800
2023-05-24 00:00:00+00:00,269.835956834551,271.96801256354956,268.7699289700517,270.58123779296875,2815100
2023-05-25 00:00:00+00:00,272.1755807959867,276.5528652331081,269.0340976418144,275.2415771484375,3689600
2023-05-26 00:00:00+00:00,277.3547078339003,291.1281106475525,277.0151036434,286.41119384765625,4578800
2023-05-30 00:00:00+00:00,288.87349116026314,300.8544746892127,287.7320050374833,290.9678039550781,6238600
2023-05-31 00:00:00+00:00,287.43006895244844,292.7790658989898,285.8451916311691,288.5998840332031,5270100
2023-06-01 00:00:00+00:00,288.4206158272458,288.7602200304821,283.09991965833166,287.9206237792969,2393700
2023-06-02 00:00:00+00:00,290.0903570769142,294.52426998554364,289.2601751885093,293.7601318359375,2272500
2023-06-05 00:00:00+00:00,288.05273115868397,289.99609897832755,284.7980751685964,287.213134765625,3008000
2023-06-06 00:00:00+00:00,285.73199133294236,291.7979401637939,284.6754064479778,290.599853515625,2419400
2023-06-07 00:00:00+00:00,291.9582995000007,294.33561525892645,289.7696431436573,293.4205322265625,2490000
2023-06-08 00:00:00+00:00,293.269577800385,293.269577800385,289.34509960436293,289.92999267578125,1870300
2023-06-09 00:00:00+00:00,291.6280625518025,293.552572402505,289.279047521382,291.24127197265625,2202600
2023-06-12 00:00:00+00:00,290.4017200857995,294.1941400499912,290.12815960890964,293.8450927734375,2642300
2023-06-13 00:00:00+00:00,297.4676867554059,299.49595548580663,295.6469635428468,297.3167419433594,3981900
2023-06-14 00:00:00+00:00,298.12800416904213,300.3355178144781,295.5620002343021,297.2129211425781,2421100
2023-06-15 00:00:00+00:00,301.1091431442499,306.6751001199157,297.4865539045985,305.43927001953125,3288900
2023-06-16 00:00:00+00:00,307.4675832366557,309.3637646194839,301.02425738503547,301.44879150390625,5266300
2023-06-20 00:00:00+00:00,299.2977814025595,302.4864214183716,297.1751690737846,299.4298400878906,3349400
2023-06-21 00:00:00+00:00,298.57142326986013,299.6846376374673,295.36392525063235,295.46771240234375,3121400
2023-06-22 00:00:00+00:00,281.32635912040297,290.15644282392367,279.24148984184296,289.85455322265625,4889000
2023-06-23 00:00:00+00:00,283.033881201179,285.5527275813663,280.8452535632709,281.5339050292969,4233800
2023-06-26 00:00:00+00:00,279.79813485703284,283.8263724127065,279.72267683751136,280.57171630859375,2826900
2023-06-27 00:00:00+00:00,280.2980875524409,283.98672031638546,279.34526105013055,283.7791748046875,2054200
2023-06-28 00:00:00+00:00,283.4678784922139,285.04331278185714,280.92073157978564,284.6376647949219,2061700
2023-06-29 00:00:00+00:00,284.33577253830754,292.98661163904427,283.1093855413288,290.8734130859375,2739400
2023-06-30 00:00:00+00:00,291.9677659332936,294.98660481185846,290.8734375595584,291.1092834472656,2668500
2023-07-03 00:00:00+00:00,290.56213286437065,293.6469867028627,290.0055400256704,293.3639831542969,1172800
2023-07-05 00:00:00+00:00,288.80745069010055,294.3168071076947,287.7602799902487,292.35455322265625,1924800
2023-07-06 00:00:00+00:00,289.5432115046276,290.98658678409623,287.40171301479023,290.53375244140625,1375800
2023-07-07 00:00:00+00:00,289.3640272254416,293.6375532683892,287.99610965388285,288.4489440917969,1902800
2023-07-10 00:00:00+00:00,287.9300513811064,291.60924103557096,286.90176688728025,290.98663330078125,1684500
2023-07-11 00:00:00+00:00,290.9866058923477,293.20353373355283,288.51491733135106,292.1846923828125,1347800
2023-07-12 00:00:00+00:00,295.72574676457475,297.94127206572915,294.2203268379286,297.183837890625,1788200
2023-07-13 00:00:00+00:00,298.2442937955722,299.6550273994245,297.5625913968403,298.443115234375,1822700
2023-07-14 00:00:00+00:00,299.25738716034965,300.98058336320764,298.2537737442379,298.97332763671875,1295500
2023-07-17 00:00:00+00:00,298.88810404942393,303.66949797135186,298.25375937631134,302.77001953125,2033400
2023-07-18 00:00:00+00:00,302.5237797028488,305.57249957462255,302.410167479371,305.27899169921875,1574200
2023-07-19 00:00:00+00:00,305.8187344815525,306.94543739381504,301.7474749610205,301.8421325683594,2170900
2023-07-20 00:00:00+00:00,299.4278073764308,299.4278073764308,294.19196418503407,295.848876953125,2097000
2023-07-21 00:00:00+00:00,296.5305250074878,299.65497695403553,295.92455457984255,298.05487060546875,3265700
2023-07-24 00:00:00+00:00,297.87497707406067,300.00529311494444,296.0476462491696,296.6252136230469,1341500
2023-07-25 00:00:00+00:00,296.7956615472707,302.4102214487773,296.36958673893156,300.6965026855469,2163900
2023-07-26 00:00:00+00:00,299.5603684626483,301.6149240744819,297.65727658829445,299.6739807128906,1512500
2023-07-27 00:00:00+00:00,302.9783095662775,306.34894094866127,301.0373663283238,301.861083984375,2981200
2023-07-28 00:00:00+00:00,302.72262904911685,305.0138859335003,297.26901118503355,298.76495361328125,1920900
2023-07-31 00:00:00+00:00,298.2442046748858,301.4444169544783,298.2442046748858,299.52239990234375,1351400
2023-08-01 00:00:00+00:00,298.6608855043395,304.2849229609644,297.5341825492546,303.896728515625,1913800
2023-08-02 00:00:00+00:00,300.6491793169791,303.8493924137839,299.84438738349195,300.87640380859375,1799700
2023-08-03 00:00:00+00:00,299.26682138399144,301.42554074752684,297.43949033516725,300.260986328125,1355900
2023-08-04 00:00:00+00:00,298.79339609022,300.9710699330466,294.69373372884894,295.4038391113281,2140600
2023-08-07 00:00:00+00:00,297.38270780704306,299.31420283111805,295.45121278296807,299.0680236816406,1530600
2023-08-08 00:00:00+00:00,296.2843480037492,298.52827627685497,293.1504187176611,298.3862609863281,1550300
2023-08-09 00:00:00+00:00,297.84664368433533,298.42421119330965,293.7091001846562,294.9588928222656,1504500
2023-08-10 00:00:00+00:00,294.9304845443378,298.0738918278774,292.44037663280693,293.8984680175781,1862400
2023-08-11 00:00:00+00:00,291.5882092470517,293.98363026380105,289.8460874979851,292.6107482910156,1351200
2023-08-14 00:00:00+00:00,291.6545061207171,295.84885519919067,291.3894012530865,295.1292724609375,1334200
2023-08-15 00:00:00+00:00,294.31501929583663,294.9304381873591,290.19640226139825,291.04852294921875,1256100
2023-08-16 00:00:00+00:00,289.29693483456634,293.8889556355186,289.02238154433104,291.2757873535156,1212500
2023-08-17 00:00:00+00:00,291.93853377982805,292.76225143541564,288.5584250810086,289.3821716308594,1653700
2023-08-18 00:00:00+00:00,286.7310886477418,288.62470304554296,285.2824747891944,286.8257751464844,1997100
2023-08-21 00:00:00+00:00,288.0376750972981,290.9443800103591,286.9204495841824,290.20587158203125,1072400
2023-08-22 00:00:00+00:00,293.13155721095177,294.3907982552414,291.4935701165818,292.4687805175781,1139700
2023-08-23 00:00:00+00:00,293.5101854135962,299.84432688777224,292.80008012630526,298.5661315917969,1486100
2023-08-24 00:00:00+00:00,299.56978778500286,300.9426697620111,296.95661960049614,297.4300231933594,2077500
2023-08-25 00:00:00+00:00,299.8254367523188,302.73211278048836,297.44894152915225,301.80426025390625,1451500
2023-08-28 00:00:00+00:00,301.80424475235833,305.09911501508765,301.78529011776146,303.8398742675781,1236400
2023-08-29 00:00:00+00:00,303.34761441025216,307.1158890923439,302.5617481453496,306.2448425292969,1525000
2023-08-30 00:00:00+00:00,306.5856296293789,306.68979344385036,304.4079846802923,306.055419921875,1470400
2023-08-31 00:00:00+00:00,307.5892843409815,308.87695729991526,306.49098440062403,306.54779052734375,1986300
2023-09-01 00:00:00+00:00,308.7065034854286,311.2344916479627,307.8070539019111,310.3066101074219,1732700
2023-09-05 00:00:00+00:00,310.3066117489293,311.3859859279784,307.2200396339127,308.8106689453125,1736600
2023-09-06 00:00:00+00:00,307.00220275101526,310.30655029005203,306.4909188256633,308.9431457519531,1247900
2023-09-07 00:00:00+00:00,306.67083827484146,311.53744102471694,306.0364936482309,310.74212646484375,1533000
2023-09-08 00:00:00+00:00,312.00144545075085,312.86304366334264,307.2674083887759,308.15740966796875,1416800
2023-09-11 00:00:00+00:00,310.069894888538,310.77055189673916,307.22947315839633,308.53607177734375,1551300
2023-09-12 00:00:00+00:00,304.3511897150712,305.33584841122877,296.4547921436729,298.14013671875,3205000
2023-09-13 00:00:00+00:00,297.51523499258275,299.8632983415328,296.27491987990027,297.2122497558594,2496200
2023-09-14 00:00:00+00:00,298.84079840690083,300.128442490148,296.63472117514607,299.7497253417969,1904000
2023-09-15 00:00:00+00:00,299.40886856623445,299.8443918130177,294.8925794688276,295.9056701660156,3339300
2023-09-18 00:00:00+00:00,295.40383716899515,299.901171228459,294.45702999858173,299.07745361328125,1350700
2023-09-19 00:00:00+00:00,294.5517868301037,300.87645330410135,294.4571003115999,300.45037841796875,1898800
2023-09-20 00:00:00+00:00,301.79486390007344,306.121780726536,299.61721840061983,299.9485778808594,1693100
2023-09-21 00:00:00+00:00,297.6098871194214,299.6833971478015,295.0914054565126,295.4038391113281,1911600
2023-09-22 00:00:00+00:00,297.335332489192,301.7095770022789,296.28436150288854,299.2762756347656,1994400
2023-09-25 00:00:00+00:00,298.7744905492381,301.7285245169964,298.13066856021675,300.12841796875,2054600
2023-09-26 00:00:00+00:00,296.0855160334466,297.76135419039485,292.3077649689102,294.0877380371094,2343600
2023-09-27 00:00:00+00:00,295.6027333224953,298.2254083399667,294.1257160747527,297.6573181152344,2435400
2023-09-28 00:00:00+00:00,285.69909123525423,290.3763214198763,278.8252612687319,284.7712097167969,4326800
2023-09-29 00:00:00+00:00,288.16078797628546,292.8474664566396,286.75950286545543,290.7739562988281,3171700
2023-10-02 00:00:00+00:00,291.2094936976016,292.05213706975997,288.88032721165405,291.86279296875,2063300
2023-10-03 00:00:00+00:00,290.72657200548116,294.97772643639604,289.29688410622566,289.94073486328125,2454800
2023-10-04 00:00:00+00:00,294.2108754114219,294.4570545424129,290.5467359795873,292.9327087402344,2153800
2023-10-05 00:00:00+00:00,292.38353206764464,293.89842938176713,289.1265129552733,293.1883239746094,2095400
2023-10-06 00:00:00+00:00,291.88172063817314,298.34840106032965,290.4047037269344,295.583740234375,2441500
2023-10-09 00:00:00+00:00,293.3398502573182,296.4358997858749,291.957490768884,295.4133605957031,1407600
2023-10-10 00:00:00+00:00,296.69147626442725,298.6513740101832,294.98723494288555,295.7068176269531,1904600
2023-10-11 00:00:00+00:00,296.93332387954985,299.24360111220136,294.68008837999304,297.1424865722656,1298000
2023-10-12 00:00:00+00:00,296.42939391203737,296.42939391203737,289.22281316792885,289.36541748046875,2295500
2023-10-13 00:00:00+00:00,287.4069292302121,290.9246572800903,285.3153314556153,286.9600830078125,1672500
2023-10-16 00:00:00+00:00,289.04220405529935,292.66449907397237,287.07420629148174,290.29718017578125,1491600
2023-10-17 00:00:00+00:00,287.86323515607677,294.5658981525653,287.5209848478418,293.0637512207031,1576200
2023-10-18 00:00:00+00:00,291.6091201351202,294.1285593156163,288.367113863577,288.804443359375,1373800
2023-10-19 00:00:00+00:00,289.9073630880861,291.8753897806107,286.7223978202325,288.0154113769531,1384700
2023-10-20 00:00:00+00:00,287.4829963513396,287.9964009152744,281.35074949031224,282.3680419921875,2385700
2023-10-23 00:00:00+00:00,280.466526581458,283.78457891650334,280.18131799057403,280.40948486328125,1314900
2023-10-24 00:00:00+00:00,281.6739938345367,283.31877434544487,279.5633628785132,281.50286865234375,1849200
2023-10-25 00:00:00+00:00,279.06899408871175,280.9419415261167,276.77772130387905,278.2608642578125,2174900
2023-10-26 00:00:00+00:00,279.33513235319975,281.32216277596797,276.0646053280807,277.65234375,2692500
2023-10-27 00:00:00+00:00,277.5477263847093,278.60305604750647,274.24867875849316,275.7508544921875,1480300
2023-10-30 00:00:00+00:00,277.3671511024007,279.34469423589707,275.38963698300597,278.2798767089844,1843500
2023-10-31 00:00:00+00:00,278.6411298397104,282.63422455898836,278.6411298397104,282.4535827636719,1953400
2023-11-01 00:00:00+00:00,283.4804207865304,287.29284508605537,283.4804207865304,285.8287353515625,1973000
2023-11-02 00:00:00+00:00,288.7093760668232,293.66269155994826,286.4561123528596,292.94012451171875,2152800
2023-11-03 00:00:00+00:00,294.38535084769677,301.12605282644006,293.7863836610006,298.045654296875,2145600
2023-11-06 00:00:00+00:00,296.9332894058203,298.7016409546622,295.7163508842433,297.66534423828125,1426200
2023-11-07 00:00:00+00:00,297.57975535977124,302.68519252672274,297.30403436344506,299.661865234375,1860400
2023-11-08 00:00:00+00:00,301.25911398433544,303.72151185727716,299.8425294393484,302.1623229980469,1815000
2023-11-09 00:00:00+00:00,301.64896004427305,301.7535558985416,298.0076606527186,298.7397155761719,1574900
2023-11-10 00:00:00+00:00,299.99464485031524,304.4915985564871,299.2530734158151,303.940185546875,1433500
2023-11-13 00:00:00+00:00,300.44145323109956,301.3446331004142,298.82519386523364,300.0801696777344,1448600
2023-11-14 00:00:00+00:00,304.0637995207863,306.317034789608,303.1225529928975,304.7007751464844,1823700
2023-11-15 00:00:00+00:00,303.87357749137595,309.67306033260087,303.03692698128486,309.4638977050781,2347100
2023-11-16 00:00:00+00:00,310.9851427487246,313.4285364499601,310.0153753576721,311.1943054199219,2142100
2023-11-17 00:00:00+00:00,311.51752963918517,312.72495146603694,310.1484702538234,311.67913818359375,1561500
2023-11-20 00:00:00+00:00,310.3766688741798,315.6912694003888,310.14850195799613,314.5979309082031,1413900
2023-11-21 00:00:00+00:00,314.97821406697227,316.06206493085887,312.5633702024985,313.9894714355469,1602800
2023-11-22 00:00:00+00:00,317.77337961494106,318.9998348178763,316.4138367155741,316.71807861328125,1425700
2023-11-24 00:00:00+00:00,316.7370541743052,318.4008388207406,315.7292783667353,317.5832214355469,708500
2023-11-27 00:00:00+00:00,317.37408568465594,317.9540195980992,315.8243843546164,316.05255126953125,1586900
2023-11-28 00:00:00+00:00,315.26345079840956,316.77511461931965,313.7327537254215,316.1761474609375,1377800
2023-11-29 00:00:00+00:00,318.49591614303364,319.2564917998242,316.3852853292232,316.9176940917969,1307300
2023-11-30 00:00:00+00:00,317.7353760119278,318.4959517537576,315.7958701519258,316.72760009765625,4298100
2023-12-01 00:00:00+00:00,317.3550150202833,321.8234766712856,316.74656031420466,321.4051513671875,1688800
2023-12-04 00:00:00+00:00,318.6765981465798,322.11825130105956,317.70685970970425,319.8554992675781,2349500
2023-12-05 00:00:00+00:00,318.14417061761367,320.7111353928574,316.88919458663935,319.2850341796875,1516500
2023-12-06 00:00:00+00:00,321.1294608368184,322.73620385861994,318.47693346964843,318.8857421875,1502100
2023-12-07 00:00:00+00:00,319.9790670830924,319.9790670830924,317.75435276586063,318.59100341796875,1870200
2023-12-08 00:00:00+00:00,318.59095982935617,321.07236156958174,318.0775553605136,320.61602783203125,1274500
2023-12-11 00:00:00+00:00,318.69561247651666,325.5219062849753,318.68612486382784,325.4458312988281,1814100
2023-12-12 00:00:00+00:00,325.08448854829476,326.3394644646091,324.39047125698664,326.3109436035156,1935300
2023-12-13 00:00:00+00:00,326.4821007056893,328.19343958099864,323.12601032293645,326.7102966308594,2461000
2023-12-14 00:00:00+00:00,325.854580384389,328.3740488387769,323.95311227638354,325.8450927734375,2551300
2023-12-15 00:00:00+00:00,321.76647590695137,329.8667206177396,319.6843657464632,327.1951599121094,3880200
2023-12-18 00:00:00+00:00,325.77857624819376,327.03355232396945,323.85810365764326,325.00848388671875,3208000
2023-12-19 00:00:00+00:00,316.3377669594728,327.8131054747659,315.6627248595539,324.6852111816406,3252800
2023-12-20 00:00:00+00:00,328.5356773534277,329.55296981644125,322.49850994065974,322.77423095703125,3406200
2023-12-21 00:00:00+00:00,323.41125605102616,332.281593109459,323.41125605102616,331.56854248046875,3304200
2023-12-22 00:00:00+00:00,332.75695334964956,337.33949892773535,330.7699224527684,336.98773193359375,2313900
2023-12-26 00:00:00+00:00,336.69298643374884,337.44404547887666,334.19255112087257,336.0179443359375,1535700
2023-12-27 00:00:00+00:00,337.0352251091817,337.87187572632104,334.3066229924439,336.38873291015625,1309700
2023-12-28 00:00:00+00:00,336.6929437314761,337.03519403560534,333.9453086177895,334.2685546875,1300800
2023-12-29 00:00:00+00:00,334.45875146608375,335.5235689976903,332.2150039409686,333.6221008300781,1233500
2024-01-02 00:00:00+00:00,331.03606550356085,333.0421002666323,328.2789427753226,329.8286437988281,2319500
2024-01-03 00:00:00+00:00,325.654965203904,326.8338662580238,320.9012944836099,321.2720947265625,3060900
2024-01-04 00:00:00+00:00,321.2720355984832,323.05939108851544,319.9505014546918,320.48291015625,2750600
2024-01-05 00:00:00+00:00,321.3481506140686,323.0119354175438,319.0093526714184,320.0361328125,1510800
2024-01-08 00:00:00+00:00,318.49593354511677,323.69645039670115,318.49593354511677,323.5823669433594,1909500
2024-01-09 00:00:00+00:00,322.5555401881932,325.87362184990155,321.3766392160215,325.8641052246094,1625900
2024-01-10 00:00:00+00:00,327.60396597744693,328.6022542596712,325.89265608521123,328.3170166015625,1569100
2024-01-11 00:00:00+00:00,326.57715236977583,331.2642643618006,326.14931043351993,330.8269348144531,1785800
2024-01-12 00:00:00+00:00,332.75692109630336,340.0395474797031,331.5304660346001,338.7750549316406,2405900
2024-01-16 00:00:00+00:00,335.0101751253535,338.9177074214301,333.8122408571383,337.09228515625,2097500
2024-01-17 00:00:00+00:00,335.6991597395783,340.96636557943714,335.6991597395783,337.45489501953125,1917100
2024-01-18 00:00:00+00:00,339.71628050926415,343.3041030239365,338.905229013593,343.0846252441406,2064100
2024-01-19 00:00:00+00:00,344.97404093754795,348.1133863481445,343.62860719014947,347.2355041503906,2506500
2024-01-22 00:00:00+00:00,347.33092828339886,351.7679796476243,346.85382535993267,350.3939208984375,2302500
2024-01-23 00:00:00+00:00,350.5370318652488,353.0561491775452,348.8958258297258,352.92254638671875,1693100
2024-01-24 00:00:00+00:00,354.01036886230816,355.1935747929193,350.98552351769706,352.00653076171875,2250100
2024-01-25 00:00:00+00:00,355.3271099019392,358.52370470108974,353.17059578238434,354.9072570800781,2227400
2024-01-26 00:00:00+00:00,354.8882291806125,357.0065671929529,352.87483982723796,354.0771484375,1404800
2024-01-29 00:00:00+00:00,353.5523278204165,358.2374818628924,353.1324749325333,356.25274658203125,1683100
2024-01-30 00:00:00+00:00,356.8729676385443,358.0657248833255,353.9912766183708,354.2966003417969,1849500
2024-01-31 00:00:00+00:00,354.0103405677135,355.65157565644125,346.7965472782018,347.2164001464844,2320100
2024-02-01 00:00:00+00:00,347.3308736176029,354.21068853756924,346.80607213240825,353.9244384765625,1500000
2024-02-02 00:00:00+00:00,355.1458879645032,357.64590270496547,352.5599981894508,355.87109375,1590500
2024-02-05 00:00:00+00:00,355.44164211501635,356.87295074098284,352.1687233791179,353.38055419921875,1787300
2024-02-06 00:00:00+00:00,353.55229553268674,354.68780267757427,345.80414968760545,347.99884033203125,4012000
2024-02-07 00:00:00+00:00,348.285154706603,352.9798605636908,347.44544885248547,349.8595886230469,2531800
2024-02-08 00:00:00+00:00,350.8423917914785,352.5504283769268,350.1172151639546,351.60577392578125,1679800
2024-02-09 00:00:00+00:00,352.34046751249684,355.42256251857225,351.1000117054958,354.649658203125,1482600
2024-02-12 00:00:00+00:00,352.5695130556871,353.4378438806312,349.411093996192,350.6038513183594,1325000
2024-02-13 00:00:00+00:00,344.8595217564189,349.0103228114402,343.5140880836852,346.1954040527344,1696900
2024-02-14 00:00:00+00:00,349.46834688582453,354.1916775683883,349.46834688582453,353.9913024902344,2114600
2024-02-15 00:00:00+00:00,355.5275387378269,357.40732534560243,353.1897519787479,354.49700927734375,2358800
2024-02-16 00:00:00+00:00,355.25080524726013,356.3290624530479,351.48170983522783,352.5599670410156,2410200
2024-02-20 00:00:00+00:00,352.9416181767748,353.05611820455243,344.8881195292077,346.3289794921875,1631000
2024-02-21 00:00:00+00:00,343.83848101203205,345.785068808186,342.5312238524745,344.38238525390625,1757700
2024-02-22 00:00:00+00:00,352.78899900701344,355.1458886946714,351.52944025699856,354.3061828613281,1614600
2024-02-23 00:00:00+00:00,356.8634328349541,360.66118256192345,355.75655056598737,360.04095458984375,1614500
2024-02-26 00:00:00+00:00,359.60203241397454,362.8845031392354,359.60203241397454,360.19366455078125,1455000
2024-02-27 00:00:00+00:00,359.73558159319504,362.3596475066733,357.73174361707447,360.6039123535156,1083200
2024-02-28 00:00:00+00:00,360.91875883477286,362.11151597360396,358.0275166950481,360.7183837890625,1264200
2024-02-29 00:00:00+00:00,362.97988047158776,362.97988047158776,357.0160942219887,357.61724853515625,3329500
2024-03-01 00:00:00+00:00,358.5905465099188,364.5066344234509,358.5905465099188,363.5428771972656,2110500
2024-03-04 00:00:00+00:00,364.8024233450877,369.2585773205811,364.134467625575,366.1383056640625,1642900
2024-03-05 00:00:00+00:00,364.0676963612684,366.56771094802156,356.8347999454957,359.62109375,1539400
2024-03-06 00:00:00+00:00,362.59821971839654,365.51808726336685,360.49895521937475,363.39019775390625,1451200
2024-03-07 00:00:00+00:00,367.0352276783295,369.76427120452325,366.12874970819723,369.1917419433594,1564300
2024-03-08 00:00:00+00:00,368.9818431979149,369.7642989428675,360.43216738199243,360.8520202636719,1641100
2024-03-11 00:00:00+00:00,357.2356054704485,358.3615614309313,350.26036274975576,356.12872314453125,2220000
2024-03-12 00:00:00+00:00,357.82718547617424,364.90740553228517,357.68406042599395,363.0562438964844,1793700
2024-03-13 00:00:00+00:00,362.12111043306805,363.7241692295722,360.41307385343225,361.3768310546875,1635800
2024-03-14 00:00:00+00:00,363.53330519640025,364.0199303113087,359.31570310689216,360.89013671875,1706700
2024-03-15 00:00:00+00:00,351.90153223777435,357.9607443253333,350.0694444602267,357.4454650878906,3865400
2024-03-18 00:00:00+00:00,361.4150225742,361.58677264100595,355.1363316782523,355.6039123535156,2164400
2024-03-19 00:00:00+00:00,356.3862820401975,361.004634191661,354.0389441423979,360.7660827636719,2062800
2024-03-20 00:00:00+00:00,360.71836622499546,363.80998325989384,358.0179770069898,363.01800537109375,2877600
2024-03-21 00:00:00+00:00,347.3213474264397,352.1305526403959,326.60554840147483,329.2296142578125,9574800
2024-03-22 00:00:00+00:00,334.28691196383426,334.42051475620104,320.4127803134449,322.0444641113281,5899600
2024-03-25 00:00:00+00:00,320.62270254902097,320.62270254902097,314.5921148595827,318.5329895019531,5320000
2024-03-26 00:00:00+00:00,319.7925333238384,322.36887141138055,319.02915124156567,320.98529052734375,3006500
2024-03-27 00:00:00+00:00,322.40703708925867,326.6818601278353,322.40703708925867,325.326904296875,3295200
2024-03-28 00:00:00+00:00,325.78494256102084,331.09032424348413,325.2314869144052,330.73724365234375,3614900
2024-04-01 00:00:00+00:00,329.06740480870343,329.2010076010064,322.5883682632244,323.63800048828125,2320200
2024-04-02 00:00:00+00:00,321.2524977016507,323.3612844855249,317.7505494044011,321.0520935058594,2453300
2024-04-03 00:00:00+00:00,320.8421848355766,321.7486920952036,316.69141243637216,317.06353759765625,1975700
2024-04-04 00:00:00+00:00,318.8192097922743,322.51198126118607,315.0501146787547,315.33636474609375,2273000
2024-04-05 00:00:00+00:00,316.34786554651373,318.53300510533717,315.20280687392943,317.75054931640625,3694700
2024-04-08 00:00:00+00:00,318.7333888627373,319.6589697309394,316.49099922121127,316.6054992675781,2431900
2024-04-09 00:00:00+00:00,318.3707426837816,319.53487486365776,314.71614747387,319.1341247558594,2416600
2024-04-10 00:00:00+00:00,314.5266386334469,315.647365860947,310.01493541182145,310.742919921875,2156700
2024-04-11 00:00:00+00:00,312.32344470059235,313.23346186396066,309.6509233671695,311.4996643066406,2204200
2024-04-12 00:00:00+00:00,307.4573081690906,308.92289468619674,300.00484384798835,302.1217956542969,4207900
2024-04-15 00:00:00+00:00,302.7444133909329,308.0607782149559,299.037343475315,300.0814514160156,2997900
2024-04-16 00:00:00+00:00,301.8728200916361,302.3517704090504,298.7117304570172,300.72332763671875,2900300
2024-04-17 00:00:00+00:00,303.5299299943343,303.67360922430566,299.4492644663245,301.29803466796875,2760000
2024-04-18 00:00:00+00:00,299.46841345982085,304.3920064254228,298.8745198757211,302.696533203125,3025100
2024-04-19 00:00:00+00:00,304.4782440605935,305.13919775542405,301.3555082559547,303.5395202636719,3381500
2024-04-22 00:00:00+00:00,305.1296371084872,305.6277348506417,302.21761136843674,304.0567932128906,2433300
2024-04-23 00:00:00+00:00,305.07216690388873,306.34616172792045,303.1659249984647,303.4916076660156,2000300
2024-04-24 00:00:00+00:00,302.5432777730428,302.5432777730428,297.61009625069164,300.3401184082031,4133800
2024-04-25 00:00:00+00:00,296.17327541702434,297.17905930827544,292.49494078782504,295.99127197265625,3639000
2024-04-26 00:00:00+00:00,296.38402372339175,296.4606429078116,294.33410243828826,295.04296875,3371800
2024-04-29 00:00:00+00:00,294.1329932471177,295.627316034246,289.7649682950795,290.3971862792969,4719100
2024-04-30 00:00:00+00:00,289.2859598757391,290.25344876492017,287.0636236316816,288.2418518066406,5225000
2024-05-01 00:00:00+00:00,287.4946626624239,290.71319409707775,285.5501259457868,286.0865478515625,2617200
2024-05-02 00:00:00+00:00,288.0981929296109,290.55997524715093,285.7130005645955,287.69586181640625,2684200
2024-05-03 00:00:00+00:00,289.7840462713839,292.12132581012804,288.9698542395518,290.9239501953125,2767100
2024-05-06 00:00:00+00:00,292.32253251399607,293.87432677450494,290.50249802791217,293.175048828125,2361300
2024-05-07 00:00:00+00:00,294.93757549050497,299.0086528555018,294.65021701668604,297.5813903808594,2483600
2024-05-08 00:00:00+00:00,297.06407754757026,300.20598979789384,297.06407754757026,298.8553466796875,2296400
2024-05-09 00:00:00+00:00,294.0754995821637,295.2345511836042,290.1672777921717,293.701904296875,3238100
2024-05-10 00:00:00+00:00,295.0333615233824,296.2403255386572,293.17503216737055,293.43365478515625,1786900
2024-05-13 00:00:00+00:00,295.1770377098583,295.7996671977505,293.96051458019815,294.46820068359375,1695000
2024-05-14 00:00:00+00:00,295.89544572708076,299.1427423125151,293.3282795146679,294.0275573730469,1813600
2024-05-15 00:00:00+00:00,292.15960391244624,295.5314025878906,288.7494810381904,295.5314025878906,4230800
2024-05-16 00:00:00+00:00,296.62347406005887,297.51431451435803,293.83598008093895,295.0333557128906,2583100
2024-05-17 00:00:00+00:00,296.7001034617295,296.94916695625477,287.3797499304523,290.80902099609375,4232000
2024-05-20 00:00:00+00:00,290.73239572119655,294.14251922839424,288.91236134982364,292.8302001953125,2418000
2024-05-21 00:00:00+00:00,293.8742836098314,294.2191137358261,290.20550856129057,290.8569030761719,1866500
2024-05-22 00:00:00+00:00,291.16343583859214,295.2153655893413,290.90481322025653,294.1808166503906,2432400
2024-05-23 00:00:00+00:00,297.08328893215736,297.8974810088186,291.7381875229517,293.0505065917969,2526100
2024-05-24 00:00:00+00:00,293.9700559283981,294.5160369174439,287.68620266372517,288.31842041015625,2048700
2024-05-28 00:00:00+00:00,286.76665075293397,287.67666786629934,283.3661158756663,285.1957092285156,3530200
2024-05-29 00:00:00+00:00,281.76641163355004,283.63432920491726,278.7586194204049,281.40240478515625,4480000
2024-05-30 00:00:00+00:00,277.762386112787,278.27007216636025,272.321518740002,272.8100280761719,5007800
2024-05-31 00:00:00+00:00,272.81007228562,273.3752593501921,266.9573137994239,270.40576171875,6882000
2024-06-03 00:00:00+00:00,274.2947693245064,275.4154963565111,268.8921973531241,269.89801025390625,3596600
2024-06-04 00:00:00+00:00,269.8980391728594,276.7182856750076,268.53780767633356,275.93280029296875,3498600
2024-06-05 00:00:00+00:00,276.1244332457924,280.00391893961137,275.9328414347963,278.7682189941406,3002200
2024-06-06 00:00:00+00:00,278.94064051383367,281.4982185079942,278.36589436063684,279.4578857421875,2363200
2024-06-07 00:00:00+00:00,279.170540278673,279.5249588070165,276.0190392653831,276.2585144042969,2626900
2024-06-10 00:00:00+00:00,275.28147883087826,278.2892715108211,274.917471925992,278.20306396484375,2509900
2024-06-11 00:00:00+00:00,277.90609806042346,281.91970363381563,276.6321032134919,281.83349609375,2457600
2024-06-12 00:00:00+00:00,279.35253498949174,281.76643379046664,273.4231283967345,273.700927734375,3749600
2024-06-13 00:00:00+00:00,275.5592834261822,277.36011203105073,270.21418161156623,270.43450927734375,3119200
2024-06-14 00:00:00+00:00,269.56281735517524,274.8695949825051,268.8922752271245,274.6396789550781,2966200
2024-06-17 00:00:00+00:00,274.17988044601236,276.4501000349679,271.9958683972041,273.50933837890625,3559600
2024-06-18 00:00:00+00:00,273.2986203705385,277.70496901778034,272.41736818077413,273.3369445800781,5314900
2024-06-20 00:00:00+00:00,301.3842311823468,304.35372850195756,285.4543416028965,293.27081298828125,11374600
2024-06-21 00:00:00+00:00,294.1041892659787,297.28442594098954,289.8415203490126,295.97210693359375,8473700
2024-06-24 00:00:00+00:00,292.50445918116026,299.21935050193395,291.85309390929086,294.2765808105469,4399600
2024-06-25 00:00:00+00:00,295.01417824201997,296.9491265427809,292.57151466142324,294.23828125,4481400
2024-06-26 00:00:00+00:00,287.2935393528782,292.8684982114818,286.8241482156346,291.795654296875,3162100
2024-06-27 00:00:00+00:00,292.15967047578596,292.60029654771154,288.7686943119635,290.4258728027344,3162000
2024-06-28 00:00:00+00:00,290.7611589536473,292.68651929885,288.95071277143427,290.6366271972656,14905500
2024-07-01 00:00:00+00:00,290.9431194264288,291.5465721652107,286.9869858196449,289.8127746582031,2411100
2024-07-02 00:00:00+00:00,288.2610344026778,291.20179640195295,288.2610344026778,291.0389404296875,2177200
2024-07-03 00:00:00+00:00,291.9201817609985,293.97010289354347,291.18260888872595,292.8780822753906,1751200
2024-07-05 00:00:00+00:00,292.0734313038845,292.83018084867945,285.14780048895807,286.5463562011719,3158900
2024-07-08 00:00:00+00:00,287.810800012443,289.2380917546079,283.15541722650863,286.86248779296875,2557700
2024-07-09 00:00:00+00:00,286.49841598948547,286.555887672627,282.08250934891265,285.51177978515625,2479200
2024-07-10 00:00:00+00:00,284.40060148877365,285.4542976959559,278.2987810776883,283.0020751953125,2283500
2024-07-11 00:00:00+00:00,284.2432473489501,290.72780155788433,282.8385874895411,286.69659423828125,2988000
2024-07-12 00:00:00+00:00,288.2359957964365,300.1949108484779,287.69722128487774,298.85760498046875,3951600
2024-07-15 00:00:00+00:00,300.82030128101565,307.2663639792041,300.82030128101565,305.8232116699219,3866200
2024-07-16 00:00:00+00:00,306.3138463537854,312.8272622176804,305.97710499386665,312.6829528808594,3640500
2024-07-17 00:00:00+00:00,313.5969953030581,316.1176965323522,311.35528236851263,313.26025390625,4383900
2024-07-18 00:00:00+00:00,316.92581675816416,323.5065866252275,315.41531055612813,315.66546630859375,4563600
2024-07-19 00:00:00+00:00,318.54218990337125,323.0640788083819,315.29028205606687,316.7142028808594,5376200
2024-07-22 00:00:00+00:00,318.18615973954047,320.2065784473323,317.22405838925897,318.94622802734375,3419300
2024-07-23 00:00:00+00:00,318.8692916384499,319.61012858110297,315.54042868477285,317.81097412109375,1994000
2024-07-24 00:00:00+00:00,316.8969629471354,319.93720688598825,315.70396660997966,316.2234802246094,3286500
2024-07-25 00:00:00+00:00,313.2505688633925,322.96779817951267,311.0858408684599,317.60888671875,2764500
2024-07-26 00:00:00+00:00,313.5680939432646,317.31065303484854,312.88498082516514,316.0118103027344,2438200
2024-07-29 00:00:00+00:00,316.20428590839214,316.5121654383397,311.595811452829,313.8375244140625,1629200
2024-07-30 00:00:00+00:00,315.0785709039923,317.92641212296047,314.55905729976496,316.7237854003906,1985400
2024-07-31 00:00:00+00:00,319.0713280567869,321.2745191619978,316.5698585001536,318.0899658203125,2606300
2024-08-01 00:00:00+00:00,321.22644642781614,326.0754461018737,314.04917761731133,315.646240234375,2538100
2024-08-02 00:00:00+00:00,312.67333930788,314.2992930992933,308.20920386947745,310.903076171875,2682700
2024-08-05 00:00:00+00:00,299.8004504423589,305.8232155517329,298.4727749642146,301.8497314453125,3186500
2024-08-06 00:00:00+00:00,304.9861546644072,310.43165230571066,303.7546660029785,306.60247802734375,2284200
2024-08-07 00:00:00+00:00,307.824407632697,313.3949545571339,305.8809436792993,305.967529296875,2327700
2024-08-08 00:00:00+00:00,303.35056459031205,307.40103268985877,302.55203333421673,303.9085998535156,2213700
2024-08-09 00:00:00+00:00,304.21647581568453,305.29402469085176,301.34940306061077,303.8604736328125,1851300
2024-08-12 00:00:00+00:00,303.5140921435754,305.4382947046375,300.8875450777652,302.0613098144531,2276500
2024-08-13 00:00:00+00:00,304.129906593311,308.0456669447978,303.187065866237,307.2278747558594,2269600
2024-08-14 00:00:00+00:00,307.87249352087065,309.86405075997595,305.967521897247,307.70892333984375,1404600
2024-08-15 00:00:00+00:00,310.0660494701149,312.8849996295941,309.7389385053533,312.80804443359375,2271600
2024-08-16 00:00:00+00:00,312.59634880265014,315.2902208007689,311.01848851732154,314.5301818847656,2292800
2024-08-19 00:00:00+00:00,315.14592610192466,317.9071523684264,314.60715167729035,316.9546813964844,1678200
2024-08-20 00:00:00+00:00,317.4261297929725,318.0418888248104,315.617374338207,317.8494567871094,1790100
2024-08-21 00:00:00+00:00,318.3016825344179,321.014816030954,318.01306380542906,320.95709228515625,1233900
2024-08-22 00:00:00+00:00,321.23605384469573,321.4092250518365,317.15672390123757,318.0418701171875,1679200
2024-08-23 00:00:00+00:00,319.09055719024207,321.11097602360974,317.17598477970574,320.6395263671875,1518700
2024-08-26 00:00:00+00:00,320.45672306677244,324.4302065672851,319.19637257507054,324.0165100097656,1692200
2024-08-27 00:00:00+00:00,322.4771631585626,328.06697034155223,322.3039919408778,327.4801025390625,2154100
2024-08-28 00:00:00+00:00,327.65323843886193,330.57803480885866,322.4097742564373,324.6033935546875,1528000
2024-08-29 00:00:00+00:00,327.3550205996573,330.8378231746979,326.1235319096815,327.3165283203125,1612600
2024-08-30 00:00:00+00:00,328.07659246955245,330.4337527522258,325.80604715454166,328.9906005859375,2004000
2024-09-03 00:00:00+00:00,328.4229367461736,332.44454311991524,326.7970123084554,328.9232482910156,2049300
2024-09-04 00:00:00+00:00,327.11450209122467,331.8384238653335,326.1331691549135,330.9532775878906,1478300
2024-09-05 00:00:00+00:00,331.17453806863807,331.3958319559131,326.6334183823723,328.00921630859375,1195100
2024-09-06 00:00:00+00:00,327.7879632546423,329.4620103182572,323.99728133737227,326.9605407714844,1613400
2024-09-09 00:00:00+00:00,327.7205625013445,329.2791618714639,326.2389183145022,328.8558349609375,1569400
2024-09-10 00:00:00+00:00,330.7800859537332,334.81129324135287,329.25034822345106,334.5226745605469,1655700
2024-09-11 00:00:00+00:00,333.23347018987124,337.428248107655,329.26961660363156,337.0337829589844,2121700
2024-09-12 00:00:00+00:00,337.19730548580947,339.0637845298985,332.11741132483627,336.6296691894531,2182100
2024-09-13 00:00:00+00:00,337.79380328202154,338.11128382129766,335.57135142407566,336.3313903808594,1812000
2024-09-16 00:00:00+00:00,337.5436494235924,341.5267632865707,336.3795149583614,340.6993408203125,2536400
2024-09-17 00:00:00+00:00,341.6422757591745,341.8154469963385,323.56437891185624,324.2667236328125,4528800
2024-09-18 00:00:00+00:00,322.30399731443856,326.1524032525214,320.34130206493427,323.43927001953125,2150800
2024-09-19 00:00:00+00:00,327.1144939019461,327.48009715171514,319.63897618479626,322.5348815917969,2645700
2024-09-20 00:00:00+00:00,319.7255628796406,323.60283057257817,319.2926054800718,323.4777526855469,5231000
2024-09-23 00:00:00+00:00,324.5937680295774,326.57569452195486,321.38995399450823,326.3544006347656,1998500
2024-09-24 00:00:00+00:00,325.1325779203686,327.7110028513903,322.5733844490683,326.7489013671875,2842900
2024-09-25 00:00:00+00:00,322.43868773889704,326.87396124335345,321.49581776637876,324.2762756347656,3552700
2024-09-26 00:00:00+00:00,341.5556479609034,350.19530026170776,336.4468915683902,342.3253173828125,4454800
2024-09-27 00:00:00+00:00,342.8255764692095,344.7594096647758,336.062004850458,336.4468688964844,2575200
2024-09-30 00:00:00+00:00,335.2923425555734,340.6416240649684,334.5419046275937,340.0836181640625,2424900
2024-10-01 00:00:00+00:00,341.5364085338444,341.5364085338444,336.6393153297633,338.6405029296875,1827300
2024-10-02 00:00:00+00:00,339.3427699876778,343.65299474599584,338.0246957930169,342.787109375,2421300
2024-10-03 00:00:00+00:00,345.923515425909,350.63783534951665,345.71185196255925,347.5494689941406,3646300
2024-10-04 00:00:00+00:00,350.3973672189315,353.8513079739016,346.1833580813614,348.5116271972656,2131400
2024-10-07 00:00:00+00:00,346.3565072493791,348.2807100674312,342.3637922741219,343.27777099609375,1536800
2024-10-08 00:00:00+00:00,345.9042844264932,346.98183320096894,343.97045138883453,346.7220764160156,2348300
2024-10-09 00:00:00+00:00,347.2993653657428,352.57166211650565,347.0973029368092,351.24395751953125,2046400
2024-10-10 00:00:00+00:00,351.20533149575965,352.084410987342,346.7133558690824,348.7999572753906,2088000
2024-10-11 00:00:00+00:00,350.2006807589836,351.05078094206766,347.82428577846525,348.4811706542969,1436500
2024-10-14 00:00:00+00:00,349.2926299604427,353.19534930919843,348.8869190785502,352.21002197265625,2256500
2024-10-15 00:00:00+00:00,353.01177187032914,358.39249648041255,353.01177187032914,356.13201904296875,2955900
2024-10-16 00:00:00+00:00,353.26296817163893,360.19896726147874,352.4804962969629,359.6097106933594,2110700
2024-10-17 00:00:00+00:00,360.32455735681896,362.74927091649755,359.14601472994326,362.4014892578125,1906900
2024-10-18 00:00:00+00:00,362.7492750805235,364.5074046911943,360.9524670311451,364.0533752441406,1893300
2024-10-21 00:00:00+00:00,362.25658999276965,364.51706757666255,361.4934278553069,363.2515869140625,1785100
2024-10-22 00:00:00+00:00,361.88948683823014,362.12132161452655,358.5180950506847,359.1556701660156,1740200
2024-10-23 00:00:00+00:00,358.23795064916555,359.8222336081039,355.7166589524733,358.03509521484375,2211800
2024-10-24 00:00:00+00:00,355.0114670280213,360.74961391475233,351.38890103793943,351.85260009765625,2311800
2024-10-25 00:00:00+00:00,351.630422304764,353.03115968032847,347.3702809584094,348.5391540527344,2129300
2024-10-28 00:00:00+00:00,351.6303933855271,354.5187764688572,348.1430841292471,349.0414733886719,2717700
2024-10-29 00:00:00+00:00,348.64538092915035,352.6736574120061,346.84857304172493,350.7030029296875,2642900
2024-10-30 00:00:00+00:00,345.8342986328597,346.63608026440767,333.6045123558345,334.792724609375,3916800
2024-10-31 00:00:00+00:00,332.91862716182527,336.0388449263273,330.9769224864553,333.1021728515625,3078200
2024-11-01 00:00:00+00:00,335.15014103786115,336.12582822589593,333.11182861739,333.9233093261719,2579800
2024-11-04 00:00:00+00:00,333.52720854210816,334.8989368709216,329.9722417682714,332.2134094238281,1931300
2024-11-05 00:00:00+00:00,331.14112970601053,335.6137952132316,330.58082307631923,333.7493591308594,1553900
2024-11-06 00:00:00+00:00,343.8056373835514,345.09045722380614,341.0041924071876,344.02783203125,3009700
2024-11-07 00:00:00+00:00,345.8342493852448,349.69831921077827,344.1823677893729,348.4521484375,2250500
2024-11-08 00:00:00+00:00,348.51013409937383,350.4325290331094,343.0521409444892,343.4482116699219,2289500
2024-11-11 00:00:00+00:00,342.93625233878424,348.38460582236456,342.0668423838881,345.1580810546875,2985200
2024-11-12 00:00:00+00:00,345.4865165979097,349.82392578619005,344.8199621572389,348.3555603027344,3233600
2024-11-13 00:00:00+00:00,347.3219475261961,358.04474789833887,346.8389387660141,357.6390075683594,3353900
2024-11-14 00:00:00+00:00,358.759612495169,359.3585386760798,348.76132467622307,349.7659912109375,3503000
2024-11-15 00:00:00+00:00,348.0368097429942,348.0657890909403,336.995235967755,341.5548400878906,3614700
2024-11-18 00:00:00+00:00,341.5548536410004,343.4192605540568,339.86432282252053,340.8013610839844,1759900
2024-11-19 00:00:00+00:00,339.31364647842076,341.9412152545703,338.0964549960787,341.9219055175781,2447000
2024-11-20 00:00:00+00:00,341.69007860521367,345.1870576163349,339.7000846985478,344.9359130859375,1792700
2024-11-21 00:00:00+00:00,347.3026339125379,351.1473945400201,346.13376088126864,348.7806396484375,2240100
2024-11-22 00:00:00+00:00,346.066122444953,352.24865843452415,345.1387538387239,346.47186279296875,2211100
2024-11-25 00:00:00+00:00,347.76631082113306,351.7752776747736,346.317284526045,349.0124816894531,3054800
2024-11-26 00:00:00+00:00,349.6887239774786,352.14241709311017,348.36528449763415,350.8382873535156,2106100
2024-11-27 00:00:00+00:00,351.7076730645812,353.2436669836979,348.6164344484661,349.8529357910156,1657000
2024-11-29 00:00:00+00:00,347.91122592363257,352.59641708789013,347.7663291825766,350.0557861328125,1311300
2024-12-02 00:00:00+00:00,350.4421753315999,351.01212214735006,344.82961573525427,349.09942626953125,2445500
2024-12-03 00:00:00+00:00,336.94691918469243,342.298664817712,334.8410079414109,340.5598449707031,3044700
2024-12-04 00:00:00+00:00,341.65146076066867,349.80462225889136,341.11046377752973,347.7953186035156,2074000
2024-12-05 00:00:00+00:00,343.96984525112316,346.70366170098384,342.8299517196908,345.9598388671875,1821300
2024-12-06 00:00:00+00:00,352.88619476778547,359.242606675628,349.2636290010185,350.37457275390625,2332100
2024-12-09 00:00:00+00:00,348.2010231039983,353.5624084897101,345.93087606048874,347.2832946777344,2185000
2024-12-10 00:00:00+00:00,346.3365876062311,353.9005212302822,344.9551896401247,350.5677490234375,2157800
2024-12-11 00:00:00+00:00,351.4854996876164,354.1323784027826,351.0797593356959,351.475830078125,1541300
2024-12-12 00:00:00+00:00,349.0318206817968,349.69837519184694,343.3226530629638,347.9402160644531,1834200
2024-12-13 00:00:00+00:00,347.36055975643575,348.5004828118823,344.1437344521411,346.49114990234375,1808700
2024-12-16 00:00:00+00:00,347.3315519230047,348.7515987110734,344.3369215023605,344.9261779785156,2306300
2024-12-17 00:00:00+00:00,345.2160397529794,346.298004242303,341.0235268535984,345.1580810546875,2479100
2024-12-18 00:00:00+00:00,345.15807616963906,347.18671902269716,335.32402409172624,335.79736328125,3232900
2024-12-19 00:00:00+00:00,352.59640290123633,364.1016753664427,350.8479135083043,359.5130920410156,6075500
2024-12-20 00:00:00+00:00,358.1027335267336,359.42617291229567,349.6983686752054,353.91986083984375,7013100
2024-12-23 00:00:00+00:00,348.32661450392027,350.6257411171682,343.6414527112879,346.578125,3549300
2024-12-24 00:00:00+00:00,347.7180095469532,349.65004453933966,346.35592133965906,349.3409118652344,1075400
2024-12-26 00:00:00+00:00,348.10446373768133,349.6500978634133,346.8679623331995,348.1817321777344,910500
2024-12-27 00:00:00+00:00,346.58776227073093,348.1816852717025,341.9701997360021,344.07611083984375,1195700
2024-12-30 00:00:00+00:00,340.62742251210847,342.5787967639402,337.3623080683445,340.5115051269531,1490100
2024-12-31 00:00:00+00:00,342.9169255365315,343.0135037085338,338.5215279313189,339.8353271484375,1748600
2025-01-02 00:00:00+00:00,341.1008323693542,342.7527142685027,334.3483490627657,336.9662780761719,2253600
2025-01-03 00:00:00+00:00,338.1061439037678,342.7623555894236,337.22706439195605,341.8253173828125,2029700
2025-01-06 00:00:00+00:00,340.8206773975534,342.4435799392752,337.7680581516376,339.3909606933594,2356300
2025-01-07 00:00:00+00:00,343.2743556710857,350.8769093690871,341.78668033154446,344.2790222167969,4663100
2025-01-08 00:00:00+00:00,348.732353264096,351.2440049177803,343.27435972545675,345.573486328125,2216900
2025-01-10 00:00:00+00:00,342.96518138924813,345.83425445599465,336.8889232449607,337.90325927734375,2830000
2025-01-13 00:00:00+00:00,333.40165071159277,338.9852311214818,332.6674679200898,337.275390625,2711200
2025-01-14 00:00:00+00:00,339.27499212147137,340.54047266640026,333.8846275350314,337.13043212890625,1825400
2025-01-15 00:00:00+00:00,340.376298242154,343.1294542253476,337.1980921677753,337.8453369140625,2624000
2025-01-16 00:00:00+00:00,338.67958318021346,342.6959060994241,336.6326381217273,340.0862731933594,2025800
2025-01-17 00:00:00+00:00,344.31606722544086,346.33391003325437,341.39598752973444,342.0556640625,4064800
2025-01-21 00:00:00+00:00,338.81544554831845,346.1980671016637,337.6027918419895,345.771240234375,3098600
2025-01-22 00:00:00+00:00,347.5368266508807,349.4091863936997,344.2384146320453,348.3808288574219,3155800
2025-01-23 00:00:00+00:00,347.39134192667626,352.46509588074485,346.9644854377089,352.4068908691406,2111100
2025-01-24 00:00:00+00:00,351.3203223472926,353.1247367363143,349.3897576381353,351.5822448730469,1827800
2025-01-27 00:00:00+00:00,348.5846152900255,362.6805017739518,348.2062530964046,362.00140380859375,3855600
2025-01-28 00:00:00+00:00,360.8857389787826,370.6063603222188,359.67308528597755,367.0848388671875,4052700
2025-01-29 00:00:00+00:00,368.52058099238377,370.4899292935823,362.0304564280919,363.2334289550781,2345600
2025-01-30 00:00:00+00:00,366.7064903895478,374.3801667966922,365.4647341460058,369.37432861328125,2218600
2025-01-31 00:00:00+00:00,369.3743241856972,375.4375928033219,368.2975018899929,373.4488525390625,3104400
2025-02-03 00:00:00+00:00,369.7527021304566,375.1077705438801,367.2303763567712,373.7010803222656,2792900
2025-02-04 00:00:00+00:00,370.1115968438088,380.72474373227834,369.1802575441578,379.9195251464844,3166600
2025-02-05 00:00:00+00:00,379.1434344719471,386.4484586397189,378.75539123762235,386.3514404296875,3463400
2025-02-06 00:00:00+00:00,383.3926074335106,385.99252987311877,374.38986750669454,375.7674255371094,2828000
2025-02-07 00:00:00+00:00,377.3777889154258,378.86207569273773,373.84652752815816,374.4480285644531,2437400
2025-02-10 00:00:00+00:00,376.64054446642723,378.3479704221899,373.6816811554473,375.3309020996094,1771300
2025-02-11 00:00:00+00:00,373.4973405004504,378.68750427012384,372.4205182230399,378.357666015625,2121000
2025-02-12 00:00:00+00:00,374.5159500296592,379.81284261075365,374.46745572486566,377.212890625,2251000
2025-02-13 00:00:00+00:00,376.99947213449207,379.23077272289925,373.23541989001507,377.8919982910156,3387300
2025-02-14 00:00:00+00:00,378.34796079655285,379.31808377295425,375.8547376418083,376.40771484375,2024700
2025-02-18 00:00:00+00:00,373.13838192241633,378.8232879994586,370.09218175535545,375.9808349609375,3701100
2025-02-19 00:00:00+00:00,374.4577703852448,380.3076109392711,372.954091565162,378.5614013671875,1438000
2025-02-20 00:00:00+00:00,376.28157332257905,378.3479398850333,372.76973307903603,373.34210205078125,2252400
2025-02-21 00:00:00+00:00,368.6467089005495,371.3339387257622,353.05682650033646,353.3769836425781,3751700
2025-02-24 00:00:00+00:00,353.5225065416847,355.9672057091555,350.2725887492442,353.0374450683594,2755800
2025-02-25 00:00:00+00:00,350.2919853328378,354.6575386523716,348.75920408275493,352.10614013671875,1947600
2025-02-26 00:00:00+00:00,351.8636262033565,352.16436196682463,346.19808179384245,347.6435852050781,2267500
2025-02-27 00:00:00+00:00,347.3525016185249,350.8158475678086,344.75257928368546,346.207763671875,2735400
2025-02-28 00:00:00+00:00,346.47941800241375,348.4099828735678,332.17981468435306,338.0878601074219,5768000
2025-03-03 00:00:00+00:00,338.980375930892,341.4735694245981,332.7618842372283,334.6827087402344,3011100
2025-03-04 00:00:00+00:00,331.9566181030387,338.8056828161445,331.7820031015349,335.4490661621094,3156300
2025-03-05 00:00:00+00:00,334.9058290775746,338.3788560367069,333.1984032979065,337.8550109863281,2578500
2025-03-06 00:00:00+00:00,334.22672274063564,336.72965634115627,329.66716298474415,331.6268005371094,3467600
2025-03-07 00:00:00+00:00,328.87165091913937,332.64544307114903,325.8739748218645,331.9566345214844,4459900
2025-03-10 00:00:00+00:00,328.7649633038583,329.74476729945917,322.5949662739985,325.2821960449219,3454700
2025-03-11 00:00:00+00:00,323.1285106680717,324.43818245625397,315.8234866829134,317.99658203125,3390000
2025-03-12 00:00:00+00:00,318.6853792161857,320.1405635961683,313.2430038458358,314.63995361328125,3086200
2025-03-13 00:00:00+00:00,314.019102553743,314.019102553743,305.2103695183706,307.5968933105469,3667400
2025-03-14 00:00:00+00:00,306.95661675632994,309.3722135113436,304.8999607682761,309.29461669921875,4086000
2025-03-17 00:00:00+00:00,310.4393656248814,316.9683041912695,310.05132233901134,315.978759765625,3518100
2025-03-18 00:00:00+00:00,313.9706105781326,315.33845790556563,309.94457658906373,314.38775634765625,2811300
2025-03-19 00:00:00+00:00,315.47424645999206,316.9682439125697,311.4773451246019,314.7757568359375,4314100
2025-03-20 00:00:00+00:00,287.3019134124768,297.68224109768164,282.800558198992,291.9197082519531,10699500
2025-03-21 00:00:00+00:00,289.14512443627393,296.46957024506094,286.748919639869,296.19793701171875,11735300
2025-03-24 00:00:00+00:00,298.8949065706356,301.1843826731656,296.06213434285957,298.00238037109375,3793200
2025-03-25 00:00:00+00:00,298.3613180137792,303.1343362196277,296.294980884302,299.6709899902344,3890400
2025-03-26 00:00:00+00:00,299.79706740117,303.4059256385609,299.7873566986764,301.8634338378906,3669700
2025-03-27 00:00:00+00:00,299.9814294618896,303.6484931469723,298.29342494828444,299.3120422363281,2871000
2025-03-28 00:00:00+00:00,299.166534207356,300.8060444388628,294.7621675164216,295.2375183105469,2377500
2025-03-31 00:00:00+00:00,293.4136878714993,303.7551721059487,291.42491812964215,302.7171630859375,5511900
2025-04-01 00:00:00+00:00,302.2903265698486,306.57825356334297,301.68885505901665,304.2111511230469,3503900
2025-04-02 00:00:00+00:00,300.49554167714615,308.4990548937287,300.49554167714615,306.8789367675781,4123000
2025-04-03 00:00:00+00:00,298.7978592544968,302.47463340962315,291.977896313537,292.4532470703125,3614800
2025-04-04 00:00:00+00:00,287.932509044972,290.11528590479816,276.09702561295353,276.54327392578125,4659000
2025-04-07 00:00:00+00:00,270.6060999181724,284.2848395291978,266.7935238036241,276.2134094238281,6333600
2025-04-08 00:00:00+00:00,281.6169984598829,284.2751258597265,268.41360976155767,272.98291015625,4730400
2025-04-09 00:00:00+00:00,271.6344150044656,291.4734403712196,270.58669528742973,290.9786682128906,6702200
2025-04-10 00:00:00+00:00,285.13885638290236,288.6778704241012,271.3630386369667,278.0705871582031,4578600
2025-04-11 00:00:00+00:00,275.49672331173673,279.12347749008785,269.793385559729,277.2126159667969,5019500
2025-04-14 00:00:00+00:00,282.65274709811746,285.9090215754838,279.45496625337483,282.5260009765625,3299300
2025-04-15 00:00:00+00:00,281.6680803328158,284.75860329731586,280.13742738374606,281.4243469238281,3273200
2025-04-16 00:00:00+00:00,282.19454935173394,285.16808500371894,276.6276569371304,278.0900573730469,3183900
2025-04-17 00:00:00+00:00,278.36301412086766,279.4842114959337,274.7070133394188,275.2724914550781,2321500
2025-04-21 00:00:00+00:00,275.2627420279827,275.2627420279827,269.0621787714975,272.230712890625,2835500
2025-04-22 00:00:00+00:00,274.34630497004434,277.95357113692455,273.12763798834317,276.8421325683594,2499500
2025-04-23 00:00:00+00:00,287.2641372300399,289.496743177887,279.77665541893765,280.93682861328125,2763100
2025-04-24 00:00:00+00:00,277.85607968563573,284.4466404298925,277.6025874254374,284.10540771484375,3271400
2025-04-25 00:00:00+00:00,284.2126158830702,286.64022063809966,281.77528202438117,286.0357666015625,2919200
2025-04-28 00:00:00+00:00,287.1374163632357,288.63882235013335,282.62349905149864,285.8992614746094,1865200
2025-04-29 00:00:00+00:00,288.20986711728676,291.5441531325339,287.4104144217592,290.9884338378906,3251900
2025-04-30 00:00:00+00:00,287.86862023161,292.0413346591915,284.3978591541175,291.6513671875,2834700
2025-05-01 00:00:00+00:00,293.2697453280788,297.1207445747817,291.0176513112059,292.99676513671875,2848600
2025-05-02 00:00:00+00:00,297.3547376510649,298.66114505928414,296.25305796098905,297.67645263671875,1810000
2025-05-05 00:00:00+00:00,295.82405113901416,301.6541639114243,295.80456318085106,299.99676513671875,3548600
2025-05-06 00:00:00+00:00,296.24327756504914,298.28091475227757,295.59984764052433,296.1847839355469,2719400
2025-05-07 00:00:00+00:00,297.15974676990464,300.367286616474,295.86309818443857,298.41741943359375,2647700
2025-05-08 00:00:00+00:00,301.25446895581433,305.3979365709024,300.27953539932304,301.1374816894531,2861600
2025-05-09 00:00:00+00:00,302.2586198692848,303.7795136889686,299.0121045337389,300.1820068359375,1844400
2025-05-12 00:00:00+00:00,308.53723538923475,314.38683694765984,307.45504362956785,314.016357421875,3271300
2025-05-13 00:00:00+00:00,313.85064778354183,317.5456248255152,313.4996562047983,314.4453430175781,2775500
2025-05-14 00:00:00+00:00,313.4801587346434,314.0261191715837,309.9313861419189,312.37847900390625,2417100
2025-05-15 00:00:00+00:00,312.1932042272271,315.87845163958457,311.74474315130885,315.1082458496094,3050400
2025-05-16 00:00:00+00:00,309.463432694829,310.0873747199939,301.96619102046,309.7266540527344,3968000
2025-05-19 00:00:00+00:00,307.87429673200774,312.8464641532751,307.17234333426865,311.3840637207031,2247300
2025-05-20 00:00:00+00:00,310.4773184883478,312.3004393988204,309.434162240517,312.1542053222656,2930500
2025-05-21 00:00:00+00:00,309.092942216644,314.76703288757676,308.4884881737269,309.7558898925781,2788000
2025-05-22 00:00:00+00:00,309.5511578853459,311.18903909233796,308.1180043910752,308.5177307128906,2996600
2025-05-23 00:00:00+00:00,303.3115629151219,303.9160467092235,300.1527877292097,301.8199157714844,2947200
2025-05-27 00:00:00+00:00,305.6611582469074,307.7865360143144,304.1890288068076,307.5232849121094,3248900
2025-05-28 00:00:00+00:00,306.860336297946,309.4341751632392,306.1778709087092,308.0692443847656,3437600
2025-05-29 00:00:00+00:00,309.5608675475276,310.4383314807326,306.88955933584725,309.765625,2557800
2025-05-30 00:00:00+00:00,310.1848558477845,310.9940375875082,306.2168692352907,308.8784484863281,4012700
2025-06-02 00:00:00+00:00,305.768431168628,307.04559181043464,303.40907875436574,306.5873718261719,2340400
2025-06-03 00:00:00+00:00,305.1542009656195,306.11937565870085,302.81436639755543,305.05670166015625,3678200
2025-06-04 00:00:00+00:00,307.2112910358372,308.8492019818399,306.50936745519203,308.4689636230469,2337800
2025-06-05 00:00:00+00:00,309.34640409791524,309.9898638124432,305.55392805261374,307.47454833984375,3787400
2025-06-06 00:00:00+00:00,310.4383705027707,312.1249865918133,308.44949762483833,309.6876525878906,2309500
2025-06-09 00:00:00+00:00,310.03861301342164,311.2280330779669,308.11799282114623,308.6834411621094,2291300
2025-06-10 00:00:00+00:00,309.60963821667127,313.62635946952116,309.05391898197655,312.87567138671875,2356100
2025-06-11 00:00:00+00:00,312.87569118949517,313.7043609134676,309.87287916301085,311.2182922363281,1859000
2025-06-12 00:00:00+00:00,309.5413962456079,310.6333170404504,308.18622435559473,310.1556091308594,2194500
2025-06-13 00:00:00+00:00,306.44110681516486,309.35614847792255,303.4773006255305,303.8965148925781,3102600
2025-06-16 00:00:00+00:00,306.4508361816406,309.10265651093624,304.9787068177611,306.4508361816406,2930000
2025-06-17 00:00:00+00:00,305.1249665652747,308.03027937168105,304.03304570592013,304.2085266113281,2533800
2025-06-18 00:00:00+00:00,306.324121484627,306.324121484627,298.2029086652049,298.70013427734375,4593100
2025-06-20 00:00:00+00:00,274.37552601174974,281.6290335856254,266.34208354389983,278.2167663574219,11697400
2025-06-23 00:00:00+00:00,278.8310054455773,287.92712270690095,277.1053837102285,287.60540771484375,5454900
2025-06-24 00:00:00+00:00,288.2683636122241,294.0887184731705,287.615174752839,293.1820373535156,4940500
2025-06-25 00:00:00+00:00,293.4549922188464,294.0886930621525,286.9716902017428,287.2154235839844,3164500
2025-06-26 00:00:00+00:00,289.15555084870067,289.5162715177815,285.26557533250946,288.6583251953125,3634000
2025-06-27 00:00:00+00:00,288.4633487148933,289.26280138087714,285.6457764235397,288.0538635253906,4159500
2025-06-30 00:00:00+00:00,289.30175735587807,291.51487544321134,288.32682385558587,291.39788818359375,3136800
2025-07-01 00:00:00+00:00,290.64719222892853,296.5650461618716,290.46195246971797,295.0343933105469,3565600
2025-07-02 00:00:00+00:00,295.57062330337686,295.57062330337686,290.84218954162884,294.7126770019531,2748500
2025-07-03 00:00:00+00:00,295.4048781865201,297.647213545637,294.7126836673755,297.1402587890625,1616100
2025-07-07 00:00:00+00:00,295.92160331005516,297.15002920380414,291.7878942426771,293.0065612792969,2753300
2025-07-08 00:00:00+00:00,294.1861806765862,300.05526957682525,292.9772726695372,295.7265625,2890500
2025-07-09 00:00:00+00:00,295.5608475055293,296.5650278342706,287.40065875843345,289.9452209472656,3177400
2025-07-10 00:00:00+00:00,286.14356333811645,286.6922542441161,280.01975420739547,282.537841796875,5197200
2025-07-11 00:00:00+00:00,281.41110749754773,281.93040539069784,274.7679995901671,275.3852844238281,5077100
2025-07-14 00:00:00+00:00,275.02276223351214,275.2677146363778,271.35828385509575,274.3368835449219,4281800
2025-07-15 00:00:00+00:00,275.36568742966864,275.4342513738718,270.3882381143848,270.49603271484375,3970300
2025-07-16 00:00:00+00:00,271.162288947011,274.6112077474287,270.45682488540126,274.0233459472656,3176400
2025-07-17 00:00:00+00:00,275.0815165011895,277.4134678901274,272.63199275674435,276.9921569824219,3513000
2025-07-18 00:00:00+00:00,277.5212624799134,278.08956879464023,274.97378143237745,276.7374267578125,4207400
2025-07-21 00:00:00+00:00,277.79559640723465,278.85380747957174,276.48265518159894,276.7472229003906,2955600
2025-07-22 00:00:00+00:00,276.1103168723039,281.2739322936278,276.1103168723039,281.1661376953125,3614500
2025-07-23 00:00:00+00:00,283.89001748703726,285.1245871234474,280.00997993156807,280.2647399902344,2953400
2025-07-24 00:00:00+00:00,276.0907496104856,278.6578459942381,273.6314179307242,276.02215576171875,3952800
2025-07-25 00:00:00+00:00,276.11032604573444,278.5598499812055,274.8953717421937,277.4330749511719,2632300
2025-07-28 00:00:00+00:00,274.53283570196487,275.3166713685376,270.14327822548137,271.4464416503906,3693900
2025-07-29 00:00:00+00:00,271.84815404839856,273.3276460403709,270.9565238273224,273.26885986328125,3492600
2025-07-30 00:00:00+00:00,272.8769467207637,273.06311291853905,266.89032500714444,268.4678039550781,4272700
2025-07-31 00:00:00+00:00,265.5283738632888,268.35023000074835,260.75670639395685,261.7071228027344,4794100
2025-08-01 00:00:00+00:00,259.2870046960328,259.75729414076113,249.06758336658766,250.21395874023438,6042400
2025-08-04 00:00:00+00:00,252.86923609892344,253.90786173365447,251.42891486099748,253.55511474609375,3470600
2025-08-05 00:00:00+00:00,250.5764896318644,250.6352758103894,240.77839452552163,242.08154296875,10175900
2025-08-06 00:00:00+00:00,242.69881107262637,243.08093618103524,239.07351889913326,242.5420379638672,8064700
2025-08-07 00:00:00+00:00,243.18873088261518,246.25553960327076,234.97793689980656,236.83956909179688,7246300
2025-08-08 00:00:00+00:00,237.7605851891701,238.01533028584188,233.22406226098673,234.3704376220703,3810900
2025-08-11 00:00:00+00:00,233.19467397216124,236.9375536467094,232.1756786137874,233.7923583984375,4675000
2025-08-12 00:00:00+00:00,234.1058869834579,237.5254276715246,231.89152279805188,233.06729125976562,4832300
2025-08-13 00:00:00+00:00,233.9295166184664,241.74839219191412,232.51858855543992,240.71958923339844,5278400
2025-08-14 00:00:00+00:00,239.60262448542392,241.68962364343682,237.4568540963222,241.18992614746094,4928200
2025-08-15 00:00:00+00:00,240.77838831380862,244.36447966767736,240.77838831380862,242.02273559570312,4223400
2025-08-18 00:00:00+00:00,242.012961181318,245.9224067057324,240.15132899866774,244.09996032714844,3776000
2025-08-19 00:00:00+00:00,245.47168182604233,252.41852784720757,245.34430180215267,250.7136688232422,4555700
2025-08-20 00:00:00+00:00,251.8502628480734,255.13263092177976,249.84165021867284,249.9004364013672,5069900
2025-08-21 00:00:00+00:00,249.85143392302865,249.85143392302865,245.6676429805509,248.86183166503906,2670200
2025-08-22 00:00:00+00:00,249.5477004399748,256.8766867488636,249.33214113967173,253.98623657226562,3102600
2025-08-25 00:00:00+00:00,253.9862278764185,254.48594030578826,249.89061626159136,250.88021850585938,2358600
2025-08-26 00:00:00+00:00,250.18456815343924,251.50731703280252,248.04859050015276,250.26295471191406,4884400
2025-08-27 00:00:00+00:00,250.94880986326206,253.07500968154676,250.28254656497893,251.92861938476562,2239000
2025-08-28 00:00:00+00:00,252.79085625884318,252.91823628071916,248.8324323748064,250.99781799316406,2984900
2025-08-29 00:00:00+00:00,251.73267749014633,255.12281009001416,250.9194188358231,254.72108459472656,2805800
2025-09-02 00:00:00+00:00,252.64389081106842,255.14239312747992,246.89239875993894,250.99781799316406,3537800
2025-09-03 00:00:00+00:00,248.09759201102165,249.66527837921842,246.24575249030337,249.0186004638672,2934800
2025-09-04 00:00:00+00:00,248.15636200787458,249.55748244903836,242.88498199136419,247.83302307128906,4165400
2025-09-05 00:00:00+00:00,247.82322495961026,253.4277368416971,245.13855633230725,249.8024444580078,4235900
2025-09-08 00:00:00+00:00,250.12577423364579,250.83123828738562,244.43308328806472,250.40992736816406,4707800
2025-09-09 00:00:00+00:00,249.85142769496494,250.79205141283344,244.79560698167367,246.90220642089844,3456400
2025-09-10 00:00:00+00:00,246.95119994055761,246.95119994055761,235.80097708773744,238.20150756835938,5117500
2025-09-11 00:00:00+00:00,238.29948110722597,239.62221499529466,237.45684431786154,239.22048950195312,4644500
2025-09-12 00:00:00+00:00,239.56342616435265,240.29828329982612,233.20445703646777,233.7237548828125,5637500
2025-09-15 00:00:00+00:00,235.81076097090246,237.3588618432633,231.15666564064242,233.06729125976562,5385900
2025-09-16 00:00:00+00:00,232.7145501869041,233.9295193555496,231.06847739458428,232.0286865234375,6464100
2025-09-17 00:00:00+00:00,232.93012158495617,240.24930016506408,232.20507208189642,236.3692626953125,5248200
2025-09-18 00:00:00+00:00,237.09429350471532,238.42683499397276,233.12606212525185,234.71336364746094,5698200
2025-09-19 00:00:00+00:00,234.6839930157713,236.10471390590234,229.45179853554015,234.8603515625,11522600
2025-09-22 00:00:00+00:00,235.01712070591242,237.59402462248153,233.77275838356405,235.14450073242188,6070400
2025-09-23 00:00:00+00:00,235.65397255684124,236.33004348987964,229.3734051551286,230.74513244628906,6777800
2025-09-24 00:00:00+00:00,231.89152405226,235.22288548762526,230.99010106171377,234.25286865234375,6855400
2025-09-25 00:00:00+00:00,233.67478024162773,237.1139063104043,224.76830024949717,227.864501953125,10401100
2025-09-26 00:00:00+00:00,227.9036987515232,236.42803852625627,226.38499101591572,234.14508056640625,8163200
2025-09-29 00:00:00+00:00,235.64419274581107,244.0999538019556,232.45981176275956,242.01295471191406,7837500
2025-09-30 00:00:00+00:00,241.61122505122782,247.00998505482787,240.4256639088271,241.62103271484375,8966400
2025-10-01 00:00:00+00:00,240.30807571879262,243.9627759659195,234.87014488350536,238.7893829345703,6545100
2025-10-02 00:00:00+00:00,239.9651606074439,243.16912707315402,238.3386731654013,239.4066619873047,4323200
2025-10-03 00:00:00+00:00,239.93576373666676,241.4838645961912,237.760585372714,240.36688232421875,3384000
2025-10-06 00:00:00+00:00,241.03314736306146,243.39449194775548,237.16290266180414,243.15933227539062,3400900
2025-10-07 00:00:00+00:00,244.09995592974087,247.72524824421313,243.19853294538126,246.1575469970703,5930400
2025-10-08 00:00:00+00:00,246.62786031843035,248.54827860103688,242.64982111733187,247.87220764160156,5672000
2025-10-09 00:00:00+00:00,248.3915083376094,249.03818621497913,244.5702571544372,246.95118713378906,4427400
2025-10-10 00:00:00+00:00,246.5690534433717,247.84280877704865,235.84995012636494,236.07530212402344,4548800
2025-10-13 00:00:00+00:00,237.33926178998485,239.03434306656433,235.02691066682016,238.6424102783203,3572500
2025-10-14 00:00:00+00:00,237.1726936666141,241.10173947069205,234.7133771158462,239.2694854736328,3788600
2025-10-15 00:00:00+00:00,238.9853447179922,242.3166911211353,234.23326254370497,234.87014770507812,4118100
2025-10-16 00:00:00+00:00,234.96811924459772,235.24246471489488,229.03047592919876,229.29502868652344,4800800
2025-10-17 00:00:00+00:00,229.6183734908331,234.29205426899654,228.88351633003555,233.57679748535156,4436100
2025-10-20 00:00:00+00:00,235.25227725154454,239.25969469419306,234.8995452180408,237.29026794433594,3495200
2025-10-21 00:00:00+00:00,237.62341858929895,247.00018830065466,237.62341858929895,245.45208740234375,4475500
2025-10-22 00:00:00+00:00,243.59045859198568,245.98119634271382,242.17953041446037,244.10975646972656,3899900
2025-10-23 00:00:00+00:00,241.09193429829634,245.04056556937115,240.48445716450243,244.76622009277344,2885700
2025-10-24 00:00:00+00:00,244.96217715698302,246.02037325186535,242.12073547771706,242.6498260498047,2793900
2025-10-27 00:00:00+00:00,244.40368445461792,247.15694676181388,242.19911307616766,245.7068328857422,3033200
2025-10-28 00:00:00+00:00,244.95237342673667,249.53787468094612,244.15873012894707,248.2347412109375,3425100
2025-10-29 00:00:00+00:00,248.03878362605198,250.28255588625575,242.5028656036654,242.74781799316406,5780700
2025-10-30 00:00:00+00:00,240.84698206712395,246.79443318662098,240.52364312291684,244.217529296875,3982200
2025-10-31 00:00:00+00:00,244.61925067768232,245.81461949950673,243.05154945049085,245.0503692626953,3847800
2025-11-03 00:00:00+00:00,244.4918626652548,244.4918626652548,238.03492166621623,243.4238739013672,4196300
2025-11-04 00:00:00+00:00,241.98355948042337,243.5512607000266,236.2026892657117,237.9957275390625,3688300
2025-11-05 00:00:00+00:00,238.46604952051678,243.96278161238428,237.8585574420609,242.81640625,3631800
2025-11-06 00:00:00+00:00,242.72820630694792,243.649229640665,235.3306414986043,236.46722412109375,3512400
2025-11-07 00:00:00+00:00,235.15429128306263,241.57204680613768,234.60560032884865,240.79798889160156,4047400
2025-11-10 00:00:00+00:00,242.34608880477964,243.24751179035644,235.54620818347968,239.6124267578125,2818600
2025-11-11 00:00:00+00:00,239.94555565957248,239.94555565957248,233.7139664389041,237.66259765625,3766700
2025-11-12 00:00:00+00:00,239.0735275203493,241.9835630472888,237.41764700729604,241.5524444580078,3230700
2025-11-13 00:00:00+00:00,240.4746501243471,243.56105917013778,239.3870758790398,242.5714569091797,3703500
2025-11-14 00:00:00+00:00,240.80778516654496,244.1195311123385,239.16169743104732,240.25909423828125,2845000
2025-11-17 00:00:00+00:00,239.0049391264185,240.0337421559889,235.73237877964297,236.4574432373047,3187800
2025-11-18 00:00:00+00:00,236.19289262741805,236.86896362304688,232.63617910295727,235.154296875,3375300
2025-11-19 00:00:00+00:00,235.15428257203635,239.44585301320214,235.15428257203635,236.2124786376953,2554600
2025-11-20 00:00:00+00:00,237.88794852210364,239.80838177365825,234.70356755881707,235.92832946777344,2905500
2025-11-21 00:00:00+00:00,236.99632794265054,248.84222127438073,236.4182289719464,246.76502990722656,5959400
2025-11-24 00:00:00+00:00,245.9224090818942,246.2555407471523,238.3288849228751,238.70120239257812,5596900
2025-11-25 00:00:00+00:00,240.05333168192536,246.59845207960757,240.05333168192536,244.1979217529297,3664500
2025-11-26 00:00:00+00:00,245.22672462681297,246.8532120125931,241.90517096345587,242.84579467773438,2389100
2025-11-28 00:00:00+00:00,242.49307593889534,246.37311346493664,240.18072475492954,244.952392578125,1493700
2025-12-01 00:00:00+00:00,248.01919180957847,253.67268204904482,245.95179309744483,252.23236083984375,5025100
2025-12-02 00:00:00+00:00,252.5948899832083,257.6507108484528,251.81105430391753,255.7498779296875,4966400
2025-12-03 00:00:00+00:00,256.6905092205107,268.52659508422806,256.46514226604506,267.3410339355469,6961900
2025-12-04 00:00:00+00:00,270.72135170407324,275.04231516832334,263.73533511684866,263.9018859863281,4119400
2025-12-05 00:00:00+00:00,262.68694998804153,265.52839174226995,260.6979377699402,261.2074279785156,3785400
2025-12-08 00:00:00+00:00,260.36482005541194,263.2062619618694,259.6593559357507,261.1192626953125,3218800
2025-12-09 00:00:00+00:00,262.52037242913633,266.90012242837463,261.85410909403,264.08807373046875,3515000
2025-12-10 00:00:00+00:00,262.9612898273956,268.11509758992776,262.6379359335454,266.7237548828125,3580500
2025-12-11 00:00:00+00:00,267.65458696588706,272.0441145971684,264.26442440608184,264.9111022949219,4063100
2025-12-12 00:00:00+00:00,266.46897469189946,267.9191034698478,264.84248738595267,266.0770568847656,2983800
2025-12-15 00:00:00+00:00,270.42741253140673,270.81933033740177,265.5479506277448,269.1144714355469,4041700
2025-12-16 00:00:00+00:00,275.45385886793775,275.45385886793775,265.3618027345727,266.5473937988281,5503300
2025-12-17 00:00:00+00:00,267.14508484112054,273.7392142970959,266.5082145733425,268.21307373046875,5586800
2025-12-18 00:00:00+00:00,259.64952206346584,266.8707134211557,256.22018875319367,264.5093688964844,6923200
2025-12-19 00:00:00+00:00,264.5485718782283,271.2210723545994,264.5485718782283,266.7531433105469,8375700
2025-12-22 00:00:00+00:00,266.12607164156,267.2920474600314,262.44200787107184,265.205078125,3289500
2025-12-23 00:00:00+00:00,264.3722079438489,266.18486150926196,263.3531976857583,265.3030090332031,2598800
2025-12-24 00:00:00+00:00,264.5779702158985,266.4298246084566,264.29381707547867,264.52899169921875,1062700
2025-12-26 00:00:00+00:00,264.45060134868635,266.2632550635326,264.05868349446934,265.6165771484375,1411900
2025-12-29 00:00:00+00:00,265.5087941563959,267.7525364253242,264.4995915481361,265.86151123046875,2753800
2025-12-30 00:00:00+00:00,264.9698643570904,266.91970551004636,264.07823416279217,264.5485534667969,1784800
2025-12-31 00:00:00+00:00,264.2938322706365,265.4598080882281,262.8829040527344,262.8829040527344,1973000
2026-01-02 00:00:00+00:00,263.36302050710975,264.39180858650604,252.79086696214927,254.70150756835938,4899900
2026-01-05 00:00:00+00:00,255.5636921995151,261.36417744795233,254.24097332943686,258.6501159667969,3538200
2026-01-06 00:00:00+00:00,257.7192892295881,270.41761186094254,256.7982659159068,270.35882568359375,4080100
2026-01-07 00:00:00+00:00,270.4372544588084,276.1789243025619,266.40044373291477,268.4482421875,4303300
2026-01-08 00:00:00+00:00,266.75312948107126,280.7840083347984,266.6257494651372,276.1299133300781,5268900
2026-01-09 00:00:00+00:00,276.2670760263673,278.65781357925835,271.7305532936157,275.0031433105469,3135900
2026-01-12 00:00:00+00:00,273.89594925197207,275.70860276258014,271.0250847626534,275.2872619628906,4086400
2026-01-13 00:00:00+00:00,273.2688792416453,274.8365805118354,267.48800884039593,271.2112731933594,3622800
2026-01-14 00:00:00+00:00,271.0251129292245,285.212766378532,270.60380198716206,282.7142639160156,6421700
2026-01-15 00:00:00+00:00,282.1165509450835,284.8012493916583,279.4514678260239,281.95977783203125,5743500
2026-01-16 00:00:00+00:00,279.66702418433573,283.32172445932116,275.0717151423205,280.4312744140625,5702500
2026-01-20 00:00:00+00:00,276.737415229684,281.4698822600232,266.72376030469394,267.203857421875,5656100
2026-01-21 00:00:00+00:00,269.4476124876381,279.7748129895599,269.3986339732055,275.0521240234375,4232200
2026-01-22 00:00:00+00:00,278.09932325705034,283.1649516384854,277.6682345770051,279.3338928222656,4379200
2026-01-23 00:00:00+00:00,278.59904706729526,280.16674834563247,274.0331309235425,275.39508056640625,2565300
2026-01-26 00:00:00+00:00,277.5310524873876,278.8439936841538,270.5646210035781,275.0423278808594,3169300
2026-01-27 00:00:00+00:00,274.3466571300153,274.3466571300153,268.6245732980445,270.2314453125,2937100
2026-01-28 00:00:00+00:00,270.25106677268064,273.03372219855504,262.451761528244,264.9698791503906,3735200
2026-01-29 00:00:00+00:00,264.029290918764,265.7243722707983,252.17358892168951,255.94586181640625,8227500
2026-01-30 00:00:00+00:00,255.9458642193201,259.1988392589064,254.6525083744606,258.3170166015625,5457900
2026-02-02 00:00:00+00:00,258.2190306614721,263.71574817128663,256.85708096318336,261.4034118652344,3427300
2026-02-03 00:00:00+00:00,244.40370288716193,246.47110168934574,233.33185169467095,236.33987426757812,9119200
2026-02-04 00:00:00+00:00,233.03789368055442,240.12192730603238,227.16884419821778,236.77096557617188,7633800
2026-02-05 00:00:00+00:00,235.61480948686125,239.78879289039614,228.0310780008479,228.86392211914062,6108300
2026-02-06 00:00:00+00:00,227.6097570041504,236.22227620191828,227.31581115475717,235.7617645263672,5026300
2026-02-09 00:00:00+00:00,230.83333042058217,234.174484604999,227.17864495164784,231.97970581054688,4770300
2026-02-10 00:00:00+00:00,232.67537914820244,238.68161658011763,230.25524832085853,235.99693298339844,5673200
2026-02-11 00:00:00+00:00,237.0355128965478,237.417638004246,224.20981010533416,225.77749633789062,6076200
2026-02-12 00:00:00+00:00,225.60114666654388,225.60114666654388,210.8158242907694,217.56671142578125,9719900
2026-02-13 00:00:00+00:00,218.7032875582705,222.7204975834911,216.45951540538056,219.7026824951172,7644400
2026-02-17 00:00:00+00:00,221.0646218146973,224.48416246346295,212.94200737312948,215.4503173828125,7431600
2026-02-18 00:00:00+00:00,214.98981042270444,219.73208507320598,212.7754462141745,219.09521484375,4968700
2026-02-19 00:00:00+00:00,210.65903985124402,211.91319479941816,206.79858807767098,210.61004638671875,8040700
2026-02-20 00:00:00+00:00,209.22851587354225,214.0589845249708,207.66082963031553,211.00198364257812,5932400
2026-02-23 00:00:00+00:00,207.83719107528555,209.69883813798322,195.08008186010917,197.11807250976562,10007300
2026-02-24 00:00:00+00:00,196.4909911253084,200.17508442451557,192.13084182772104,192.75791931152344,11119600
2026-02-25 00:00:00+00:00,192.3954046953837,192.84612366870806,184.9194530112652,187.63352966308594,14156500
2026-02-26 00:00:00+00:00,190.08304554179662,203.3006812557976,190.07325282892,203.19290161132812,10834000
2026-02-27 00:00:00+00:00,200.04772273827837,204.6430321199434,195.2368540501726,204.505859375,7929300
2026-03-02 00:00:00+00:00,201.09611499775943,204.92715892949522,200.19469201672118,201.7721710205078,7263300
2026-03-03 00:00:00+00:00,198.90133461516177,208.94438229893225,198.90133461516177,205.6522216796875,5818700
2026-03-04 00:00:00+00:00,207.52365459275012,211.18813254551497,204.39805990312848,205.75999450683594,5549200
2026-03-05 00:00:00+00:00,205.56404784984048,212.28554200238514,205.0741430718145,209.6792449951172,7438800
2026-03-06 00:00:00+00:00,210.86482420526445,214.18637805059552,207.71962890625002,210.6590576171875,6495300
2026-03-09 00:00:00+00:00,208.54265221513722,211.2959145420962,201.67419294234,205.13291931152344,7849100
2026-03-10 00:00:00+00:00,204.398072258107,204.398072258107,195.70716627283574,197.5590057373047,5163000
2026-03-11 00:00:00+00:00,199.34225917991301,202.50703998663334,193.66916820125908,197.4120330810547,5132300
2026-03-12 00:00:00+00:00,196.94171368379074,200.86095176705024,191.5331609426947,192.09165954589844,7049600
2026-03-13 00:00:00+00:00,193.35560586875715,196.3636282525189,191.13144903689815,192.67953491210938,4223300
2026-03-16 00:00:00+00:00,193.5025972534718,196.42242558424277,191.68994356970126,195.2858428955078,7832700
2026-03-17 00:00:00+00:00,196.206865176089,200.80217442301296,194.0708875030709,194.6489715576172,5729500
2026-03-18 00:00:00+00:00,194.7371438931611,195.7659468887758,190.33779372559695,191.20982360839844,8070100
2026-03-19 00:00:00+00:00,183.22438073343088,203.7807803321922,183.22438073343088,199.4402313232422,10613700
2026-03-20 00:00:00+00:00,199.39124406927988,203.2320957236057,194.48240359017288,195.95211791992188,44335900
2026-03-23 00:00:00+00:00,199.51861934845857,200.3220553885715,194.70775096870426,195.98150634765625,4827900
2026-03-24 00:00:00+00:00,193.5809702618786,194.47258554512717,186.80067535928364,189.63232421875,5113700
2026-03-25 00:00:00+00:00,191.5429646177421,193.2576312434626,184.860656648595,188.40756225585938,4371200
2026-03-26 00:00:00+00:00,187.6041238805438,193.61036082675815,187.10442642387244,192.4541778564453,4916500
2026-03-27 00:00:00+00:00,191.06285583043382,191.59194639134557,186.42836100084733,188.71131896972656,4890100
2026-03-30 00:00:00+00:00,191.0628536198242,194.56078073166475,190.28881068859837,193.56137084960938,4636500
2026-03-31 00:00:00+00:00,195.96191897381888,197.43163336612253,191.97408674636188,194.28643798828125,6907300
2026-04-01 00:00:00+00:00,193.1596396039645,194.49218109006574,188.12341949265806,193.0812530517578,4810200
2026-04-02 00:00:00+00:00,193.62994540283495,197.26504516601562,191.34698751151384,197.26504516601562,5518700
2026-04-06 00:00:00+00:00,196.9025322174105,197.6471820873739,191.39599242268653,194.93310546875,5501600
2026-04-07 00:00:00+00:00,194.96249432794562,196.22645698259717,192.54236361470174,193.31642150878906,3803000
2026-04-08 00:00:00+00:00,196.8829229483252,198.07829173211226,189.6225309789397,189.92626953125,4952200
2026-04-09 00:00:00+00:00,188.4836387975651,188.4836387975651,180.21309024498134,183.81971740722656,6064900
2026-04-10 00:00:00+00:00,183.6220927232271,183.77030449149265,175.3910624615088,177.39694213867188,7261000
2026-04-13 00:00:00+00:00,178.82970972151224,189.75829961882647,178.226956739667,189.66937255859375,6681800
2026-04-14 00:00:00+00:00,190.43022385291374,191.99145309985212,187.2583564119674,188.10813903808594,4629600
2026-04-15 00:00:00+00:00,190.7167796687326,194.11591031662425,189.2346016590702,191.6950225830078,4433600
2026-04-16 00:00:00+00:00,193.90841383866837,194.35306422606823,189.01721434478682,191.6950225830078,4849400
2026-04-17 00:00:00+00:00,193.5329251985083,197.27788836026798,193.48351624902713,195.30165100097656,4501400
2026-04-20 00:00:00+00:00,194.88663198658105,197.20871678393988,191.67524645863443,192.74241638183594,4626800
2026-04-21 00:00:00+00:00,192.8313535395209,197.15931816405714,191.47763577855633,192.1100311279297,4203000
2026-04-22 00:00:00+00:00,190.83535256143233,192.44597564799383,185.95404420061018,187.8413543701172,4081800
2026-04-23 00:00:00+00:00,178.84947283228564,179.23483849661457,172.7923007784163,176.1617889404297,7387200
2026-04-24 00:00:00+00:00,176.62621040070064,177.811949776703,171.7745441635429,176.2408447265625,4568800
2026-04-27 00:00:00+00:00,175.88511633048242,179.77830614929772,174.53139863071436,174.8673553466797,4411700
2026-04-28 00:00:00+00:00,176.47799893409413,179.18543441638184,174.88712728634718,175.63809204101562,4426600
2026-04-29 00:00:00+00:00,174.47211060114793,178.33564291612757,173.48399198890377,178.11825561523438,5171900
2026-04-30 00:00:00+00:00,176.2013195220372,176.8633571880119,171.58679229932173,176.58668518066406,6033700
2026-05-01 00:00:00+00:00,179.14591022275005,181.715009608349,174.90687286639655,177.69337463378906,3708700
2026-05-04 00:00:00+00:00,177.84158343111847,180.17354395676873,175.64795890794346,177.97991943359375,6087200
2026-05-05 00:00:00+00:00,178.28624437777864,178.28624437777864,171.49787394017653,176.88311767578125,5134500
2026-05-06 00:00:00+00:00,177.36729783875347,177.36729783875347,171.45835252799642,172.49588012695312,6813000
2026-05-07 00:00:00+00:00,173.98793450973318,178.59257105872715,173.5432841306659,178.04910278320312,6330000
2026-05-08 00:00:00+00:00,175.9147641884362,178.98781383033457,170.470235788752,178.2763671875,5696000
2026-05-11 00:00:00+00:00,178.3455468435347,179.13602972936167,170.17380109871962,170.30226135253906,4624400
2026-05-12 00:00:00+00:00,171.93265227083796,172.9207709620497,167.74302359220223,167.75291442871094,5451900
2026-05-13 00:00:00+00:00,165.52963515188694,166.1521396286924,153.9686503337944,157.74325561523438,13901900
2026-05-14 00:00:00+00:00,160.07521869084823,164.09686876799435,158.59304074000704,162.0415802001953,8723100
2026-05-15 00:00:00+00:00,165.48022754911207,167.5849250478839,162.97039779496743,166.81419372558594,4996700
2026-05-18 00:00:00+00:00,165.75690933941863,175.4404754638672,163.89924138759739,175.4404754638672,5367600
2026-05-19 00:00:00+00:00,177.8613633745053,182.59444524354035,174.07686700007065,174.6993865966797,7191600
2026-05-20 00:00:00+00:00,172.92076012642266,178.365288345934,168.25683898995624,177.0906219482422,4239100
2026-05-21 00:00:00+00:00,174.71914035059729,176.3495300307022,171.0729802570059,175.75665283203125,3514600
2026-05-22 00:00:00+00:00,176.88311918704613,180.52927952262914,175.06498443744474,177.1103973388672,3450300
2026-05-26 00:00:00+00:00,175.88512183582716,176.52739293512883,171.77454458331258,174.89700317382812,3822100
2026-05-27 00:00:00+00:00,174.89699798294313,177.4759882173168,173.94839746148077,174.2646026611328,5272300
2026-05-28 00:00:00+00:00,176.02345956350499,177.70325828980037,173.24684850858537,176.28036499023438,4105400
2026-05-29 00:00:00+00:00,176.50764236841627,186.0034633644745,173.35554140726197,184.8473663330078,10778700
2026-06-01 00:00:00+00:00,191.141674224318,195.64749285959445,186.74454924372995,194.25424194335938,7179500
2026-06-02 00:00:00+00:00,188.4243532476994,189.6199684054914,181.23085047319213,184.00746154785156,5282800
2026-06-03 00:00:00+00:00,180.98381485370484,181.81383089790106,174.2744808027172,175.32188415527344,4955500
2026-06-04 00:00:00+00:00,181.49763329129277,182.8019571960512,175.479994102735,176.7349090576172,4395400
2026-06-05 00:00:00+00:00,178.76055570427187,181.00357427324207,174.23497029786685,176.1321563720703,3745700
2026-06-08 00:00:00+00:00,174.84759190339332,178.03921091756965,172.29824397998982,172.35752868652344,3795700
2026-06-09 00:00:00+00:00,171.39905978872656,174.26459771108114,168.3062437315178,171.408935546875,4426900
2026-06-10 00:00:00+00:00,168.07898648077474,171.46822617445795,165.8557195436084,168.47422790527344,3320600
2026-06-11 00:00:00+00:00,165.1146397850015,168.81019405066502,161.63645776070516,165.52964782714844,5257500
2026-06-12 00:00:00+00:00,166.43870131118177,169.7291380963356,162.6937233307017,168.2568359375,4040100
2026-06-15 00:00:00+00:00,165.60868530695788,170.53938752840648,163.08897983230824,163.39529418945312,6026500
2026-06-16 00:00:00+00:00,163.6620994180411,167.77266160829046,163.06922218764748,163.55340576171875,4422600
2026-06-17 00:00:00+00:00,162.94076164818452,164.8873566222918,154.05758450920686,154.15638732910156,7563200
2026-06-18 00:00:00+00:00,124.99700797545336,133.0995778089563,124.10769969159402,126.45942687988281,41744300
2026-06-22 00:00:00+00:00,123.51483352787281,124.34484959058148,116.74622215829481,123.34685516357422,27630900
2026-06-23 00:00:00+00:00,123.30732903318342,126.31121067756176,122.94172241341221,125.5009536743164,23534700
2026-06-24 00:00:00+00:00,124.9871249933929,130.31309141272945,124.30532825633719,127.61551666259766,13775200
2026-06-25 00:00:00+00:00,126.82503502324265,128.25780405323474,124.18675249278755,124.32508850097656,20977600
2026-06-26 00:00:00+00:00,124.74998056864486,127.71433654255324,124.2163955886917,127.44754028320312,14148700
2026-06-29 00:00:00+00:00,129.02853619548992,130.80715279572718,122.96148823731528,123.25791931152344,17088300
2026-06-30 00:00:00+00:00,121.79550651166825,123.98913111369626,120.33308759740059,122.96148681640625,10984400
2026-07-01 00:00:00+00:00,124.70057333453096,132.22015702815156,124.55236156479572,129.57200622558594,14977700
2026-07-02 00:00:00+00:00,131.55812278034074,137.24968104996864,131.36050205634226,135.71810913085938,13837800
2026-07-06 00:00:00+00:00,134.34461453192392,136.46906353902833,131.91383608678925,135.33273315429688,6974800
2026-07-07 00:00:00+00:00,138.73185522029812,142.25944610897065,138.72197946149726,140.45118713378906,8702700
2026-07-08 00:00:00+00:00,138.0895788445274,139.94724669778847,135.5303552058284,135.55999755859375,6861700
2026-07-09 00:00:00+00:00,130.94000244140625,139.1300048828125,129.5,139.05999755859375,7003100
2026-07-10 00:00:00+00:00,141.3699951171875,142.4499969482422,134.85000610351562,135.22999572753906,7632600
2026-07-13 00:00:00+00:00,139.10000610351562,141.74000549316406,136.10000610351562,138.52000427246094,5377400
2026-07-14 00:00:00+00:00,130.47999572753906,137.75,129.9600067138672,134.55999755859375,6876400
2026-07-15 00:00:00+00:00,137.00999450683594,139.5399932861328,135.92999267578125,137.02000427246094,10189100
2026-07-16 00:00:00+00:00,138.92999267578125,145.52000427246094,135.5,144.61000061035156,9515800
2026-07-17 00:00:00+00:00,145.0,147.4199981689453,139.72000122070312,143.57000732421875,10575100
2026-07-20 00:00:00+00:00,142.83999633789062,145.58999633789062,140.0,144.72999572753906,8070300
2026-07-21 00:00:00+00:00,141.3300018310547,144.4199981689453,140.30999755859375,140.86000061035156,4771000
2026-07-22 00:00:00+00:00,140.82000732421875,143.49000549316406,138.89999389648438,140.08999633789062,4767800
2026-07-23 00:00:00+00:00,139.0,139.2949981689453,135.9600067138672,138.2899932861328,5913826
