date,open,high,low,close,volume
2018-01-02 00:00:00+00:00,281.8476547861883,283.0293566949503,281.5141014491241,282.88641357421875,2978900
2018-01-03 00:00:00+00:00,282.0287167249351,284.46837618399087,281.58080890564565,283.80126953125,3211200
2018-01-04 00:00:00+00:00,283.93468617650075,284.392133204921,281.580792722419,282.7243957519531,4171700
2018-01-05 00:00:00+00:00,282.8197245882366,294.37002427797,282.7720865710396,294.3223571777344,6177700
2018-01-08 00:00:00+00:00,294.1507896430618,296.2473565564132,291.3775768363558,295.57073974609375,4124900
2018-01-09 00:00:00+00:00,295.9900268407316,304.8719266139948,295.8947217452268,303.46148681640625,5641300
2018-01-10 00:00:00+00:00,302.5657267658409,307.00667746704806,300.6692800744787,305.2055358886719,4479300
2018-01-11 00:00:00+00:00,306.9875964459802,312.9628512433409,306.09178082568235,312.6960144042969,4635300
2018-01-12 00:00:00+00:00,314.8497654641245,321.0442186552089,314.8497654641245,320.40570068359375,6559300
2018-01-16 00:00:00+00:00,323.9222981293985,331.38424921995096,315.7551415618931,319.4051208496094,12305500
2018-01-17 00:00:00+00:00,321.8542959937748,335.67269276070783,320.59633841161536,334.5100402832031,9699900
2018-01-18 00:00:00+00:00,334.2145964982495,334.33846113617335,323.20751188221584,324.1700439453125,9458600
2018-01-19 00:00:00+00:00,325.60907263684703,327.8295331315816,319.9673422933969,321.8542785644531,7264400
2018-01-22 00:00:00+00:00,319.52900014674157,325.33272346432085,316.4317731969031,322.1116027832031,6792900
2018-01-23 00:00:00+00:00,322.43554928251285,323.0073507238261,319.0714861871391,319.8148193359375,4537800
2018-01-24 00:00:00+00:00,320.3961817132025,323.05501060840857,318.4330189287065,318.9571533203125,4205400
2018-01-25 00:00:00+00:00,320.4057090932462,327.4673894063933,319.53848213376847,326.9813537597656,4747500
2018-01-26 00:00:00+00:00,328.14402027807495,329.7164817711253,325.20881505158036,327.0862121582031,5236300
2018-01-29 00:00:00+00:00,325.18977232050304,328.2869991939154,324.1128857081541,324.7990417480469,3324900
2018-01-30 00:00:00+00:00,323.226595569605,323.9985174463004,318.45209211646153,321.835205078125,4983100
2018-01-31 00:00:00+00:00,343.5539173885351,344.00182518479016,335.09133635131025,337.7120666503906,11409600
2018-02-01 00:00:00+00:00,336.35882288916685,344.4592617492762,335.4915959447677,340.1612548828125,6067600
2018-02-02 00:00:00+00:00,337.3594889497435,338.5030920709229,332.3086381777779,332.5087585449219,5486100
2018-02-05 00:00:00+00:00,326.5620992150632,333.54752457607776,302.47043917471825,313.4203186035156,10511300
2018-02-06 00:00:00+00:00,304.9577407951113,325.60911060111636,302.71820156953993,324.88482666015625,11935100
2018-02-07 00:00:00+00:00,324.5131677519934,336.9687933133865,323.8937281150471,331.75592041015625,7946700
2018-02-08 00:00:00+00:00,333.27864151881005,334.23633876455375,315.46546690265694,315.7144775390625,8295900
2018-02-09 00:00:00+00:00,319.4399094072553,323.51970908768556,305.7448502788283,318.7503662109375,8833000
2018-02-12 00:00:00+00:00,322.33212467429735,333.0391713944652,320.9530384920056,329.2562561035156,6885000
2018-02-13 00:00:00+00:00,326.0479901012041,333.1636725554376,325.89475505767626,328.6433410644531,4030200
2018-02-14 00:00:00+00:00,326.9004053690555,332.73277864177857,326.7376131887307,330.2619323730469,4340200
2018-02-15 00:00:00+00:00,333.72877582740216,341.46695707117647,333.32653010588285,341.3807678222656,5827500
2018-02-16 00:00:00+00:00,341.5052932196031,344.29219600460755,338.5555982526211,340.0208740234375,5211600
2018-02-20 00:00:00+00:00,337.10941616035063,342.6544911607542,336.5347919920302,338.4023132324219,4303400
2018-02-21 00:00:00+00:00,337.6457404505708,345.5467427707625,336.8700080154437,337.4637756347656,5258600
2018-02-22 00:00:00+00:00,339.64732273488977,342.92266017867496,337.72237114289544,340.8636169433594,3414300
2018-02-23 00:00:00+00:00,343.0279547569299,343.59299256261187,338.13413639792674,341.572265625,3355400
2018-02-26 00:00:00+00:00,344.29217507255987,348.64968604278187,343.05673738746015,348.10382080078125,4148100
2018-02-27 00:00:00+00:00,349.1764056081692,354.24263198894414,347.9313817099176,349.2147216796875,4774100
2018-02-28 00:00:00+00:00,351.28327726199154,355.8802407820617,346.887451171875,346.887451171875,5472900
2018-03-01 00:00:00+00:00,347.0024022580743,347.3950616044135,331.7462933758272,334.8971252441406,8978000
2018-03-02 00:00:00+00:00,327.3600349155607,331.449391075684,321.11583101974935,330.0894775390625,10021300
2018-03-05 00:00:00+00:00,323.7016636167833,339.76223563619385,322.370450438822,337.82769775390625,8140200
2018-03-06 00:00:00+00:00,339.25465603474646,340.1836235131647,331.38238366682504,334.15972900390625,4888300
2018-03-07 00:00:00+00:00,327.0726854817964,333.6712321747197,325.1381479654025,332.35919189453125,4575700
2018-03-08 00:00:00+00:00,334.7247247412964,337.5882297346197,329.3999311721206,333.97772216796875,4319900
2018-03-09 00:00:00+00:00,337.7319075652246,339.87716914082773,335.41429673673207,339.5227966308594,3538300
2018-03-12 00:00:00+00:00,340.1740464533161,340.2027761993504,328.73913990610504,329.6297912597656,6088800
2018-03-13 00:00:00+00:00,330.71200327229286,333.16370575989254,323.3281368360323,324.34332275390625,5443800
2018-03-14 00:00:00+00:00,325.41591495079797,326.1150151484516,308.6657723263046,316.2890625,13057900
2018-03-15 00:00:00+00:00,318.2427703678216,318.83656718682664,309.25000878705276,316.02093505859375,8766000
2018-03-16 00:00:00+00:00,315.86767604747746,316.8349302796415,311.8549227141139,316.49017333984375,9329000
2018-03-19 00:00:00+00:00,313.5979139475551,319.2291481092957,312.95624405773543,317.7255859375,6328900
2018-03-20 00:00:00+00:00,317.8021854210463,325.3296994284703,316.99772340660155,323.3472595214844,6500500
2018-03-21 00:00:00+00:00,322.8109614188044,327.4462117737704,320.99134281410306,322.8396911621094,4056300
2018-03-22 00:00:00+00:00,316.1453575483789,318.60664596881793,305.5149437283994,306.08953857421875,7282200
2018-03-23 00:00:00+00:00,306.60669753085705,317.1318077379228,304.8541248301073,307.4207458496094,7237500
2018-03-26 00:00:00+00:00,316.49981268841105,317.89804255617156,309.9012642946896,315.0536804199219,5392900
2018-03-27 00:00:00+00:00,317.4861930300924,320.7136277643928,305.5053922751904,307.53570556640625,5355500
2018-03-28 00:00:00+00:00,308.23484096294567,309.56602483553087,298.0066421701015,306.48223876953125,5634700
2018-03-29 00:00:00+00:00,309.70009808491284,316.49975345463525,308.3784713884213,314.0097351074219,3652100
2018-04-02 00:00:00+00:00,311.4430883819053,315.9825629885483,303.75278233746695,308.7998352050781,5024900
2018-04-03 00:00:00+00:00,311.02170606413574,317.09350190770095,309.4223391167742,316.8253479003906,4783100
2018-04-04 00:00:00+00:00,299.08882901979416,313.94272220009606,298.6866125557633,313.58837890625,8235700
2018-04-05 00:00:00+00:00,316.60509348727135,324.6210138596974,316.28906629129136,322.1693115234375,6220000
2018-04-06 00:00:00+00:00,316.6242699984443,320.43591552933134,308.5796190401934,312.32421875,5713600
2018-04-09 00:00:00+00:00,318.1948866875966,320.7136349364283,308.4263638029362,308.83819580078125,4931700
2018-04-10 00:00:00+00:00,317.332943211777,322.447042271469,315.6090708779932,320.66571044921875,5552000
2018-04-11 00:00:00+00:00,317.57240537204393,323.2898589692579,312.50617887286506,313.5117492675781,4573500
2018-04-12 00:00:00+00:00,317.93627946834783,324.0368050444903,316.48056123685245,323.20361328125,4325000
2018-04-13 00:00:00+00:00,324.64972487912405,325.300981107908,312.783873216191,315.3504943847656,4733500
2018-04-16 00:00:00+00:00,318.281062839223,319.12384099560387,313.7703175097268,317.73516845703125,3901400
2018-04-17 00:00:00+00:00,320.56996116434067,325.36800376664,319.5356319282861,322.47576904296875,3381800
2018-04-18 00:00:00+00:00,324.0176732250328,327.915507752096,322.91632731615556,326.5747375488281,3117500
2018-04-19 00:00:00+00:00,325.7990050483725,327.9250939508111,323.22279730358787,326.22998046875,3006800
2018-04-20 00:00:00+00:00,326.316176642731,326.9578173981939,320.87643434843267,324.34332275390625,3038000
2018-04-23 00:00:00+00:00,325.1860297370377,326.8237127764794,321.78621681548833,324.5060729980469,2765600
2018-04-24 00:00:00+00:00,328.65289029099364,332.96252676399774,309.60428305155096,315.1397705078125,7051800
2018-04-25 00:00:00+00:00,323.8165731999143,330.31934538365545,316.53806862083457,328.3560485839844,11023600
2018-04-26 00:00:00+00:00,329.4573624852779,331.0279704063635,324.01762117828997,328.2889709472656,5273600
2018-04-27 00:00:00+00:00,326.8141516179652,328.4135187141575,323.48135502274755,326.4598083496094,3390400
2018-04-30 00:00:00+00:00,326.73755348835647,328.0878807668293,319.29622783757463,319.449462890625,3721600
2018-05-01 00:00:00+00:00,318.4342623287391,319.78461864761016,310.4662160284164,315.5994873046875,4313100
2018-05-02 00:00:00+00:00,315.56126145597625,316.720067009589,310.274782863025,310.47589111328125,3436100
2018-05-03 00:00:00+00:00,309.30744367625056,318.55880147213594,305.62989019911674,316.70086669921875,6383200
2018-05-04 00:00:00+00:00,314.1629242926357,321.6808514019986,314.1629242926357,320.2825927734375,3655100
2018-05-07 00:00:00+00:00,321.04886143697814,328.4710151660429,321.02968878684635,326.02886962890625,4192200
2018-05-08 00:00:00+00:00,325.39677000240624,327.4749858045035,322.3704433164293,324.0559997558594,4014100
2018-05-09 00:00:00+00:00,325.12859421360736,332.25386330637275,324.25708630497473,329.9266662597656,4347000
2018-05-10 00:00:00+00:00,331.0816159574138,335.48976591022165,329.5609190697506,331.15863037109375,3920400
2018-05-11 00:00:00+00:00,330.8698786676051,332.4579852363194,328.2519466123611,329.6090393066406,2332200
2018-05-14 00:00:00+00:00,331.09126216343674,334.6909077656988,330.98540405626136,331.65911865234375,2520300
2018-05-15 00:00:00+00:00,330.1287510521304,330.9468602455423,327.49158034084974,329.2817687988281,3009100
2018-05-16 00:00:00+00:00,329.1663049135386,330.6677629019493,327.53008638577137,328.1749572753906,2230100
2018-05-17 00:00:00+00:00,327.69371858181506,331.8323474909181,327.4819730011581,331.22601318359375,2483300
2018-05-18 00:00:00+00:00,332.6312206909218,338.8391641078969,332.23660258847207,338.0499572753906,4327700
2018-05-21 00:00:00+00:00,345.0086611122645,351.3032536624321,344.99905633881804,350.2637939453125,6785400
2018-05-22 00:00:00+00:00,350.3407559079349,351.158865195935,341.2164860866005,341.6977233886719,5389400
2018-05-23 00:00:00+00:00,339.06055721498313,346.1058784673041,338.4253204424892,345.7304992675781,4497500
2018-05-24 00:00:00+00:00,344.9990625375192,347.12612336679183,341.07214937474276,345.5284118652344,3932100
2018-05-25 00:00:00+00:00,344.6814079450457,347.06835558868966,343.65155304710134,346.5774841308594,2463700
2018-05-29 00:00:00+00:00,344.28677503106223,347.424451572361,337.5013409665111,339.2530517578125,4249600
2018-05-30 00:00:00+00:00,342.3040855887956,345.4513963288819,340.8122617078696,344.748779296875,2825200
2018-05-31 00:00:00+00:00,343.4397774991777,343.4397774991777,338.42529336545067,338.9450378417969,4406300
2018-06-01 00:00:00+00:00,342.43885949393854,344.7102855396462,341.1587517775465,343.3339538574219,2657800
2018-06-04 00:00:00+00:00,345.49951670909803,349.7536674680386,345.38402445388243,347.1934814453125,2950300
2018-06-05 00:00:00+00:00,346.9720811199756,349.7343784254256,345.3840039602018,346.58709716796875,2567800
2018-06-06 00:00:00+00:00,348.85854056287025,357.6555726385396,347.4437017045967,357.6170654296875,4488400
2018-06-07 00:00:00+00:00,358.0405632962131,360.4275109589167,352.3138274837808,354.7007751464844,4517800
2018-06-08 00:00:00+00:00,354.3254175237878,357.48233307414364,351.74596324233096,355.6343688964844,3292900
2018-06-11 00:00:00+00:00,357.07807083230705,359.320623690231,354.96061499755166,357.02032470703125,2468500
2018-06-12 00:00:00+00:00,357.3090708773314,358.74317804378245,354.18102834177864,356.71234130859375,2440400
2018-06-13 00:00:00+00:00,356.760526457061,357.07813019888135,349.6574581432785,350.1964416503906,3867600
2018-06-14 00:00:00+00:00,352.41004909959946,353.8441561461878,345.36472837438146,348.8200378417969,4039500
2018-06-15 00:00:00+00:00,344.7102664992513,348.0885616893757,340.20589249401434,344.4504089355469,9946000
2018-06-18 00:00:00+00:00,339.93636842395426,344.22899643709474,339.1471322905725,341.4281921386719,3363200
2018-06-19 00:00:00+00:00,334.1423560399542,334.1423560399542,325.8650677078937,328.3193664550781,6857300
2018-06-20 00:00:00+00:00,333.01614068096706,333.95937616215764,327.68402430822294,329.8303527832031,4540000
2018-06-21 00:00:00+00:00,328.3481931039969,328.3481931039969,323.58396161430505,324.9891662597656,4048300
2018-06-22 00:00:00+00:00,327.6552115176601,328.14608294857743,323.9689468305159,326.1922607421875,3192000
2018-06-25 00:00:00+00:00,320.0420199836901,321.32212755649806,315.30666174696495,318.7715759277344,5006200
2018-06-26 00:00:00+00:00,319.9169209297667,321.85147474856296,318.0785910653967,318.8677978515625,3112400
2018-06-27 00:00:00+00:00,322.2846361123258,328.60810148830245,317.3856437645012,317.4433898925781,4578900
2018-06-28 00:00:00+00:00,317.6166012709867,324.87366759702394,315.0083034666372,322.09210205078125,3348000
2018-06-29 00:00:00+00:00,324.53681111043096,327.24136237319436,322.7754661526465,322.91986083984375,3108500
2018-07-02 00:00:00+00:00,318.2807220972024,323.7090634698895,316.9621366185097,323.46844482421875,2820700
2018-07-03 00:00:00+00:00,325.4896679039913,326.94301401490765,319.54158165627047,320.4366760253906,1464400
2018-07-05 00:00:00+00:00,323.5358581060396,324.6234591950265,316.75042335473734,320.67730712890625,2427900
2018-07-06 00:00:00+00:00,320.35007795279205,323.4877548967752,318.0497786767114,322.0825500488281,2105100
2018-07-09 00:00:00+00:00,324.835234582898,330.16735302817494,323.88239396062255,329.0893859863281,3128700
2018-07-10 00:00:00+00:00,329.91704692193554,334.9411655805394,329.91704692193554,334.1326904296875,3278300
2018-07-11 00:00:00+00:00,328.90647924950736,331.4666653940312,326.4617853656935,327.8188781738281,3056900
2018-07-12 00:00:00+00:00,332.323218534999,333.59369201746256,329.87852490160265,333.0450744628906,2030700
2018-07-13 00:00:00+00:00,333.97867797531154,338.0595607796481,333.2087100632306,337.62646484375,2272300
2018-07-16 00:00:00+00:00,340.68713752402164,342.9681976410825,339.12793336159496,342.7372131347656,2889000
2018-07-17 00:00:00+00:00,344.190563807782,345.5284177412409,341.71702614864483,343.48797607421875,2730500
2018-07-18 00:00:00+00:00,345.52836496253775,348.28102808883915,340.9662449747328,346.71221923828125,3090100
2018-07-19 00:00:00+00:00,344.26751840623956,345.9037368629487,341.9287123380616,341.9960632324219,2711700
2018-07-20 00:00:00+00:00,339.7920257784558,343.593782654621,339.75351857191146,341.58221435546875,1816700
2018-07-23 00:00:00+00:00,341.67845821047445,341.67845821047445,339.16641378547786,340.01336669921875,1943700
2018-07-24 00:00:00+00:00,343.3627938947124,345.9807258317486,341.33198670371195,344.82574462890625,3182000
2018-07-25 00:00:00+00:00,338.3290833414828,342.9297110608641,332.53499643781544,342.5639953613281,7378100
2018-07-26 00:00:00+00:00,342.04424282603566,346.6833776478498,341.93835534181585,345.8363952636719,3191200
2018-07-27 00:00:00+00:00,347.5110731847908,350.8604953327192,345.9807421110733,347.116455078125,2914700
2018-07-30 00:00:00+00:00,348.406193546815,348.8489530395217,337.31849601309074,337.8863525390625,3080400
2018-07-31 00:00:00+00:00,341.08178307360885,345.54765033186493,340.7737841254819,342.9297180175781,2728400
2018-08-01 00:00:00+00:00,340.80263079642725,344.4792908524009,337.34735047459867,339.5225524902344,2717800
2018-08-02 00:00:00+00:00,335.5378392549261,337.56867562530425,333.045033945231,336.606201171875,2655900
2018-08-03 00:00:00+00:00,336.38487527503395,337.8189530408458,332.6986104526688,335.3646545410156,2285200
2018-08-06 00:00:00+00:00,334.3347872442768,334.3347872442768,330.24427031488915,333.5648193359375,3251100
2018-08-07 00:00:00+00:00,334.98923765663136,338.90651591727,332.53493943292784,337.5975646972656,2267400
2018-08-08 00:00:00+00:00,337.34736336390097,338.42533026764886,333.25684611911754,334.72943115234375,2333600
2018-08-09 00:00:00+00:00,334.72941815053116,335.474174902269,331.8760767782711,332.4564208984375,2301800
2018-08-10 00:00:00+00:00,329.82555141543355,329.82555141543355,325.4246651023854,328.28765869140625,2745700
2018-08-13 00:00:00+00:00,328.4714499777597,330.9378756925069,326.2854998265913,327.2720642089844,1877200
2018-08-14 00:00:00+00:00,328.00715627689493,329.0034023709924,326.5563107310718,328.0265197753906,2017300
2018-08-15 00:00:00+00:00,325.54074255818614,326.09207096996295,317.28058668372336,320.88836669921875,3798600
2018-08-16 00:00:00+00:00,327.94911754459116,336.3253358521811,327.2140130387318,334.6423645019531,5867900
2018-08-17 00:00:00+00:00,334.6617282340903,337.07980430514584,330.4736334667353,335.0486145019531,3069200
2018-08-20 00:00:00+00:00,337.17651077845267,341.0550844659957,335.72566523251913,339.2463684082031,3018200
2018-08-21 00:00:00+00:00,339.49784560228807,342.83480204556076,338.1727447738812,342.17706298828125,2967200
2018-08-22 00:00:00+00:00,342.7090577297157,344.2082529347294,338.3758552234898,338.55963134765625,2682900
2018-08-23 00:00:00+00:00,337.7084587807952,338.8014337602034,334.1393765549077,336.09320068359375,1833400
2018-08-24 00:00:00+00:00,337.34094333230945,339.1400072646261,336.6929154800054,337.93096923828125,1954100
2018-08-27 00:00:00+00:00,340.5714506417319,343.36676040896697,339.50752091364086,342.1480407714844,2279500
2018-08-28 00:00:00+00:00,343.3667694925702,344.02447903725084,339.1206141464884,339.7009582519531,2475100
2018-08-29 00:00:00+00:00,340.7165598203092,340.80360700645707,337.7664896523957,338.7143859863281,1850100
2018-08-30 00:00:00+00:00,338.8691833162047,339.44952747130947,334.41991748377507,335.5322265625,3257700
2018-08-31 00:00:00+00:00,333.7428051846538,334.5166071397525,330.38651484307434,331.556884765625,3462700
2018-09-04 00:00:00+00:00,330.4059183724816,334.97124714935836,328.1619367071034,334.9035339355469,2699400
2018-09-05 00:00:00+00:00,334.43921384796465,335.87072533386856,331.91475690587663,335.31939697265625,2959000
2018-09-06 00:00:00+00:00,336.1608743209008,341.7708276940314,335.2226597621417,339.75897216796875,3585900
2018-09-07 00:00:00+00:00,337.3893412797359,338.54034790606784,333.17220106079407,337.8342590332031,3921900
2018-09-10 00:00:00+00:00,338.0373208223382,339.2560404918092,330.4832542564673,330.6573486328125,3065500
2018-09-11 00:00:00+00:00,327.9008013071529,335.26141079605316,326.25649775014915,333.9363098144531,2731800
2018-09-12 00:00:00+00:00,333.6945067928185,343.40550882062547,333.3172727471596,341.82891845703125,4003800
2018-09-13 00:00:00+00:00,344.6822385862672,348.6092214786855,342.6897461652176,343.8117370605469,3166500
2018-09-14 00:00:00+00:00,344.7596109458837,350.3888990366044,344.4307561474006,348.0094909667969,2835800
2018-09-17 00:00:00+00:00,347.5065613590307,349.46035627806083,342.9218983863644,344.29534912109375,2554500
2018-09-18 00:00:00+00:00,345.59141311246594,353.8225533335155,344.4307543329098,351.6656188964844,3003500
2018-09-19 00:00:00+00:00,351.6656200464747,359.06495630891567,351.28841553508255,353.25189208984375,4753400
2018-09-20 00:00:00+00:00,356.65654132551435,359.5485803994572,353.6871663219785,355.4184875488281,4011100
2018-09-21 00:00:00+00:00,357.2948870939472,360.36102030581196,354.0546595024571,360.03216552734375,7144000
2018-09-24 00:00:00+00:00,358.8424641425289,359.70331333273987,355.2927157278541,355.93109130859375,2800200
2018-09-25 00:00:00+00:00,356.9853976209154,358.3201803502227,354.8575083645458,355.196044921875,2969200
2018-09-26 00:00:00+00:00,355.45714480270254,356.48240658685376,352.3813594502489,353.0680847167969,2368600
2018-09-27 00:00:00+00:00,356.32768221664315,356.87901064240435,352.45876052152755,355.3507995605469,2355900
2018-09-28 00:00:00+00:00,356.55011912638753,361.9569330964673,354.2190905030032,359.71295166015625,3600500
2018-10-01 00:00:00+00:00,362.8661248896471,370.6523170405418,362.7113644986912,369.7624816894531,4755700
2018-10-02 00:00:00+00:00,368.36970014006954,375.88506964824273,367.32507478847174,373.70880126953125,4622600
2018-10-03 00:00:00+00:00,376.15588069089904,381.3595847448372,374.01830986253447,379.4444580078125,4794300
2018-10-04 00:00:00+00:00,377.93562793741063,378.27416450858357,372.66423953712075,377.210205078125,3822300
2018-10-05 00:00:00+00:00,376.25260305930686,379.5315280872858,370.47823673653875,373.8055114746094,2899700
2018-10-08 00:00:00+00:00,371.2617009600484,374.0570108923512,364.98438531650845,373.1284484863281,3324000
2018-10-09 00:00:00+00:00,371.7743215872527,374.1440477306054,368.6501864758648,372.80926513671875,2862700
2018-10-10 00:00:00+00:00,370.410583101092,371.22305317698334,355.06063982677364,355.4281921386719,6033100
2018-10-11 00:00:00+00:00,351.53020172144574,357.73015182391083,343.46350412261035,346.3748474121094,6266800
2018-10-12 00:00:00+00:00,354.0160091622216,355.08962074087844,340.7165911241805,348.309326171875,5509700
2018-10-15 00:00:00+00:00,347.6806400822545,350.6693785514811,343.85041586662334,347.1196594238281,2979800
2018-10-16 00:00:00+00:00,348.63823140031695,356.49213801916164,346.80046991078285,356.1826171875,2822500
2018-10-17 00:00:00+00:00,355.940750309935,356.42436545981263,350.81444152824264,353.5226745605469,2238200
2018-10-18 00:00:00+00:00,352.865000722946,355.70866045318195,345.0691260799948,347.5742492675781,3254900
2018-10-19 00:00:00+00:00,348.0095154232392,348.0772286411492,342.6027005739669,344.5855407714844,3491600
2018-10-22 00:00:00+00:00,346.12341343729605,347.0035966660163,340.9100272789218,344.314697265625,2263500
2018-10-23 00:00:00+00:00,338.04704506488764,341.9739983628942,331.59560492243065,338.5790100097656,4389600
2018-10-24 00:00:00+00:00,349.7408095747505,352.65218229777753,340.16523526349096,343.0282287597656,8442600
2018-10-25 00:00:00+00:00,345.5914138161942,352.4491034011039,343.3377799477581,351.8493957519531,4003500
2018-10-26 00:00:00+00:00,348.88001860077685,351.39479403766484,342.51562601134583,347.4968566894531,4073000
2018-10-29 00:00:00+00:00,348.7348633177214,349.8568539771305,317.8608895161491,324.5928039550781,7462000
2018-10-30 00:00:00+00:00,319.52454984272117,339.54620024039826,318.96353971373895,338.4435729980469,5774000
2018-10-31 00:00:00+00:00,340.9583860120365,351.5011911055921,340.9583860120365,343.2313537597656,4175600
2018-11-01 00:00:00+00:00,345.75586690840345,352.6232089426805,341.62580355184235,351.17236328125,3760700
2018-11-02 00:00:00+00:00,354.9445377485651,359.3647877194253,345.0691237218475,346.02667236328125,4029800
2018-11-05 00:00:00+00:00,347.97078950027515,351.38511135046406,344.79827523017764,350.1180419921875,2253900
2018-11-06 00:00:00+00:00,350.53395412905894,356.3663519495977,350.24376731400304,354.4609069824219,2471900
2018-11-07 00:00:00+00:00,355.59256603833023,360.6318276984643,347.719297130985,359.8290100097656,4015300
2018-11-08 00:00:00+00:00,358.876785653581,363.1231258102083,355.2037727355707,360.2760314941406,2751800
2018-11-09 00:00:00+00:00,357.4192334183214,360.49952542992446,355.75764013518153,358.8865051269531,2590300
2018-11-12 00:00:00+00:00,359.7318841825314,359.9942613116869,345.9143537261117,346.9249267578125,3088700
2018-11-13 00:00:00+00:00,339.6566138562857,345.32162296117355,332.3591908535609,339.6177673339844,4960000
2018-11-14 00:00:00+00:00,342.1247184524495,345.7783078637442,334.1568225849193,334.96331787109375,3445800
2018-11-15 00:00:00+00:00,331.4651904215356,338.1310455426296,326.98568264049453,331.9024658203125,4863000
2018-11-16 00:00:00+00:00,329.40519148541887,330.5615129664795,321.78709268032196,326.4415283203125,4425200
2018-11-19 00:00:00+00:00,326.05286078829243,326.5290124015612,308.22224760739806,311.85638427734375,6782800
2018-11-20 00:00:00+00:00,293.54959364089524,313.0612513023103,288.21495832723787,308.70806884765625,6875900
2018-11-21 00:00:00+00:00,315.86945563086556,317.6379507543538,306.6383369152582,308.33880615234375,4401000
2018-11-23 00:00:00+00:00,306.0844869437494,308.02788051164623,303.0430712653777,303.4803466796875,1599400
2018-11-26 00:00:00+00:00,306.62862978880037,309.572869810177,301.8673215555744,307.4059753417969,3362300
2018-11-27 00:00:00+00:00,306.356611478771,309.54377627060836,302.1588735615694,309.0287780761719,2946400
2018-11-28 00:00:00+00:00,316.5010826559165,324.5564574252317,312.6240219159144,324.0608825683594,6117600
2018-11-29 00:00:00+00:00,326.46099273573475,333.5155213744393,324.60504818891343,332.8644714355469,5331900
2018-11-30 00:00:00+00:00,332.2620316239802,337.7423865759208,327.9476951290863,336.94561767578125,5374000
2018-12-03 00:00:00+00:00,353.9988905634366,358.55615133619534,346.2836149076354,349.7720031738281,6573400
2018-12-04 00:00:00+00:00,346.8957558736314,348.17840276016807,332.0676532901987,332.80615234375,5199100
2018-12-06 00:00:00+00:00,320.6501897476233,324.1871800268637,308.31935605219917,322.5061340332031,9297400
2018-12-07 00:00:00+00:00,322.94346621641927,328.05457167570916,312.29367664156115,314.0718688964844,4526300
2018-12-10 00:00:00+00:00,312.17707455885176,317.9392601220053,306.5801201819571,317.1133117675781,4400500
2018-12-11 00:00:00+00:00,323.8179669055377,325.0228614792152,309.72836294415646,312.91552734375,3566400
2018-12-12 00:00:00+00:00,318.11410720610365,322.50616612301985,315.47109069007297,317.4436340332031,3424800
2018-12-13 00:00:00+00:00,319.10521260601575,319.4355859485988,314.9949542567868,316.2581481933594,2247700
2018-12-14 00:00:00+00:00,313.32362228011385,314.74229120207184,306.6286175802058,309.72833251953125,3298400
2018-12-17 00:00:00+00:00,307.94044798100185,317.95863999194717,305.5403556089481,307.1825256347656,4968400
2018-12-18 00:00:00+00:00,316.248454041122,322.69080901415697,314.05243928623776,318.7748718261719,5881100
2018-12-19 00:00:00+00:00,320.0089004949749,324.0414660186735,307.15337055237836,310.5057067871094,4871500
2018-12-20 00:00:00+00:00,308.0278809111542,312.7114665327799,299.282609844276,304.1896667480469,5368600
2018-12-21 00:00:00+00:00,300.34177938865116,306.0553616793808,295.4055723794899,295.9302673339844,7641700
2018-12-24 00:00:00+00:00,292.1406536892054,294.424147230506,285.8343505859375,285.8343505859375,3435300
2018-12-26 00:00:00+00:00,290.1583962234626,305.2002748666915,284.19219269496983,305.0447998046875,4843400
2018-12-27 00:00:00+00:00,300.29316060304353,308.1639099121094,293.68560515982693,308.1639099121094,4341100
2018-12-28 00:00:00+00:00,310.69030180588544,312.42964724919153,306.2302173902269,307.4254150390625,3725200
2018-12-31 00:00:00+00:00,311.4288292700006,314.47997150355303,309.72835984340935,313.3722229003906,3557700
2019-01-02 00:00:00+00:00,307.2408166556756,314.78119338877127,304.8309978920488,314.6451416015625,3292200
2019-01-03 00:00:00+00:00,310.44742809820144,310.690352319294,300.6430100933666,302.1005554199219,5705600
2019-01-04 00:00:00+00:00,307.7266270951845,319.14406320145184,307.13387669435707,317.8225402832031,4448800
2019-01-07 00:00:00+00:00,321.1652488993689,321.33045042015283,314.1981987284659,318.8234558105469,4030300
2019-01-08 00:00:00+00:00,324.65357035607957,331.5914990311859,323.23490147648374,330.8918762207031,4736500
2019-01-09 00:00:00+00:00,333.2531087974314,337.3731231785814,331.2222661500944,334.0984802246094,4213900
2019-01-10 00:00:00+00:00,336.7026779447765,343.46567957633874,333.2920125833411,342.6300048828125,5358100
2019-01-11 00:00:00+00:00,338.6946133876837,344.33044261924266,338.237914733642,342.9117736816406,3158900
2019-01-14 00:00:00+00:00,338.34482563252516,342.8243334879572,337.18850410919197,340.44366455078125,2476400
2019-01-15 00:00:00+00:00,342.03724905130736,343.31989585216917,338.1310388710437,342.27044677734375,2940900
2019-01-16 00:00:00+00:00,342.5231300290162,344.9523720859596,341.60973264329886,342.0955810546875,2731100
2019-01-17 00:00:00+00:00,340.822657357937,353.532438631681,340.8032340970457,348.9266052246094,4270400
2019-01-18 00:00:00+00:00,353.5810037695866,356.9236428260908,351.0934625629551,354.4069519042969,4256500
2019-01-22 00:00:00+00:00,352.5898712872964,353.891971038068,344.2041531770381,347.770263671875,4336500
2019-01-23 00:00:00+00:00,351.66679178683194,351.9485921613766,343.66001965907697,348.4601745605469,2924900
2019-01-24 00:00:00+00:00,348.7517219987629,352.9008568967576,346.7986018297971,348.12982177734375,2801300
2019-01-25 00:00:00+00:00,352.23037535652526,356.55443812308687,350.13150663966957,353.8919982910156,3185600
2019-01-28 00:00:00+00:00,350.44243372330214,352.8911285590352,347.3815948324678,352.69677734375,3128900
2019-01-29 00:00:00+00:00,352.7939601296682,357.37064370058647,352.1526366907764,354.5818786621094,3202700
2019-01-30 00:00:00+00:00,376.4353572612338,380.8760190239658,369.73065486462644,376.7463073730469,12705300
2019-01-31 00:00:00+00:00,376.202140384081,377.9803324980611,371.26590398489236,374.7057189941406,6878500
2019-02-01 00:00:00+00:00,375.18186108212245,381.6825154599816,373.84094432203705,376.4645080566406,5625700
2019-02-04 00:00:00+00:00,377.96094690206974,385.8316977753748,377.13499860078923,385.763671875,4256600
2019-02-05 00:00:00+00:00,389.40752324753817,399.1244920122927,388.2414751342335,398.57061767578125,7230400
2019-02-06 00:00:00+00:00,399.86297614073044,402.16589290705,394.17854369563514,399.4742736816406,5356000
2019-02-07 00:00:00+00:00,398.3756033423541,400.73893608738354,392.86771688802776,395.6802673339844,5211400
2019-02-08 00:00:00+00:00,390.63135759319107,395.47517808256055,388.4828732053055,395.4263610839844,4570900
2019-02-11 00:00:00+00:00,398.54168636057915,400.23114806867727,393.25839317148996,394.4888916015625,3046900
2019-02-12 00:00:00+00:00,397.4674381707345,401.57882519375806,395.9049066547102,401.1003112792969,3263300
2019-02-13 00:00:00+00:00,402.85809590412947,403.0534234980113,398.1217146819639,400.9635314941406,3078700
2019-02-14 00:00:00+00:00,399.35220541414606,402.56515675490925,398.24866703309675,400.22137451171875,2724300
2019-02-15 00:00:00+00:00,402.81907500021157,408.2585941169282,401.7936497836626,408.18048095703125,4017300
2019-02-19 00:00:00+00:00,405.7683499159238,408.1512037412914,404.8308429396051,406.51055908203125,3051500
2019-02-20 00:00:00+00:00,407.3699509825484,411.95985183889525,407.3406250182045,411.6766357421875,3990100
2019-02-21 00:00:00+00:00,411.7059046252337,412.5164813786678,405.9440980836438,407.7995910644531,2880500
2019-02-22 00:00:00+00:00,409.8699801693115,414.52824856477946,409.32309863116546,414.1180725097656,3132300
2019-02-25 00:00:00+00:00,417.4775136678135,419.85062196062427,416.5302313755384,416.8720397949219,3276100
2019-02-26 00:00:00+00:00,416.0223983883755,418.95213358829363,414.31338618842324,416.77435302734375,2503700
2019-02-27 00:00:00+00:00,417.16500982066736,426.11044177206503,417.1454591787965,425.2413024902344,4603800
2019-02-28 00:00:00+00:00,428.42495750298633,431.0812519524104,426.84287545508187,429.6554260253906,5063100
2019-03-01 00:00:00+00:00,435.5637598939369,435.5637598939369,429.8800662161222,430.29998779296875,5124200
2019-03-04 00:00:00+00:00,432.8390635578851,434.089082671328,416.63763208018963,422.5556945800781,5971000
2019-03-05 00:00:00+00:00,420.9443636825811,423.6885466141026,418.6005814731104,420.0458984375,2844300
2019-03-06 00:00:00+00:00,419.6357851581005,421.88190374301564,412.194232099384,414.51849365234375,4159400
2019-03-07 00:00:00+00:00,413.4442146614212,424.176831479543,406.6863088631579,412.6629638671875,4893600
2019-03-08 00:00:00+00:00,407.00858645189385,413.51260245048974,405.76834255984363,412.6434631347656,3794900
2019-03-11 00:00:00+00:00,362.5742597077945,393.23884597554195,356.9882299464508,390.6411437988281,34742200
2019-03-12 00:00:00+00:00,375.69947698842884,380.86558519392247,359.380859875291,366.6173095703125,36922600
2019-03-13 00:00:00+00:00,369.5665578947395,372.82832618442364,354.820218048873,368.3067932128906,32662300
2019-03-14 00:00:00+00:00,366.2071521819085,371.4806997802074,363.38485589140896,364.5567321777344,13514100
2019-03-15 00:00:00+00:00,362.1934272788097,376.67607285795003,357.86719181467834,370.11346435546875,26697700
2019-03-18 00:00:00+00:00,361.3340103358745,364.3321131959298,358.5996027193208,363.56060791015625,13119200
2019-03-19 00:00:00+00:00,362.44731176834216,369.8985797221901,362.3203518113653,364.68365478515625,9856100
2019-03-20 00:00:00+00:00,365.92393533803374,371.88103968592173,364.9278063045753,367.3497314453125,8737600
2019-03-21 00:00:00+00:00,365.2793755771125,368.17003915780987,363.51177114203824,363.97076416015625,6951000
2019-03-22 00:00:00+00:00,360.15235261746756,361.19726884412506,353.0623839726225,353.6874084472656,10143900
2019-03-25 00:00:00+00:00,356.45112380658645,362.515667458619,354.3905576428059,361.7832336425781,7939600
2019-03-26 00:00:00+00:00,366.78329838588826,366.80284902747337,358.9902219120972,361.7051086425781,6479700
2019-03-27 00:00:00+00:00,363.1797950853828,367.838063832347,356.98826112773764,365.4454345703125,9600000
2019-03-28 00:00:00+00:00,367.7794263189254,367.8380186378912,363.60941753474583,365.6700134277344,4921300
2019-03-29 00:00:00+00:00,367.7012838060932,373.2287210567865,365.9629754681075,372.4865417480469,7694700
2019-04-01 00:00:00+00:00,376.7639266748987,383.697639125952,374.1271829334381,382.3695068359375,7735700
2019-04-02 00:00:00+00:00,379.40075132988693,385.5824801881255,379.40075132988693,381.5980529785156,6401000
2019-04-03 00:00:00+00:00,380.55305939046525,382.3695106910718,375.0744689347087,375.728759765625,7350300
2019-04-04 00:00:00+00:00,376.94949366318406,387.76022389268616,376.08035436946295,386.58831787109375,9388100
2019-04-05 00:00:00+00:00,388.7466029044294,389.3227806316155,381.793368891377,382.7503967285156,6857200
2019-04-08 00:00:00+00:00,367.38881282032116,370.9044712833301,363.1504362591808,365.7481384277344,14482600
2019-04-09 00:00:00+00:00,361.61723793936096,363.52154801065694,359.1367203635118,360.3965148925781,7980100
2019-04-10 00:00:00+00:00,359.7714699465743,360.1523498208788,354.4198394873331,356.39251708984375,8285000
2019-04-11 00:00:00+00:00,356.08004226107033,362.38873092635066,355.67964150607554,361.49029541015625,6598400
2019-04-12 00:00:00+00:00,366.94935598700454,371.05099743612675,363.28718676557736,370.7482604980469,7334600
2019-04-15 00:00:00+00:00,367.8771458615638,369.04902222125855,364.92785961362006,366.6661682128906,3822100
2019-04-16 00:00:00+00:00,367.6915754463374,375.63116330911055,366.2462285574735,372.779541015625,7083800
2019-04-17 00:00:00+00:00,375.10378987521415,375.19167835967454,368.63884528278106,368.6778869628906,4424400
2019-04-18 00:00:00+00:00,368.6778894188431,373.2190030992119,368.6778894188431,371.1681823730469,4703100
2019-04-22 00:00:00+00:00,366.8907446136387,370.07439976172697,366.11923932626354,366.3829345703125,4147700
2019-04-23 00:00:00+00:00,366.74427547942963,368.0431116906041,363.88287800183446,365.2598571777344,4894500
2019-04-24 00:00:00+00:00,369.0392767018257,372.2229024583343,364.9083387719426,366.6661682128906,9855100
2019-04-25 00:00:00+00:00,367.2032521484634,375.7873547896831,364.0293723620545,373.8341979980469,6615000
2019-04-26 00:00:00+00:00,374.89870645576934,375.0061157773367,369.2833805033743,371.8713073730469,4259600
2019-04-29 00:00:00+00:00,369.6251460725636,376.2756425382437,367.93568452810257,370.1720275878906,5457300
2019-04-30 00:00:00+00:00,370.61147646448256,372.2130792320209,366.26569097216947,368.8438720703125,3732800
2019-05-01 00:00:00+00:00,369.66422281663733,372.271700273791,367.5645852043809,367.9747314453125,2765600
2019-05-02 00:00:00+00:00,366.7052073319499,368.80484503520614,364.5079058233031,366.9981689453125,2438800
2019-05-03 00:00:00+00:00,367.27159563074883,369.04897549112866,365.4551740919576,367.6427001953125,2953800
2019-05-06 00:00:00+00:00,359.2636725098833,363.7559391848371,357.0663710734958,362.89654541015625,4747600
2019-05-07 00:00:00+00:00,357.7499686700181,359.097651692667,346.7048688404776,348.8631286621094,9740300
2019-05-08 00:00:00+00:00,349.3904606235719,353.0526298036937,345.0544499300829,351.3240966796875,6030000
2019-05-09 00:00:00+00:00,348.4413851947938,349.315517833258,341.2812188695289,347.8226013183594,6075200
2019-05-10 00:00:00+00:00,345.60281927820176,349.20746589489164,341.3597558420732,348.35296630859375,4574100
2019-05-13 00:00:00+00:00,338.37392753244677,340.4561633276864,330.99767886573784,331.361083984375,7757800
2019-05-14 00:00:00+00:00,333.84602697367893,339.93561061496627,331.22359919301016,336.93011474609375,4747800
2019-05-15 00:00:00+00:00,333.74778545434333,342.58748579865056,331.62628374885367,339.4837951660156,4810000
2019-05-16 00:00:00+00:00,342.43037017379777,350.1503609390868,339.66059013894204,347.5082702636719,6036500
2019-05-17 00:00:00+00:00,345.2393917200587,353.57816572923326,344.90545109735484,348.6966857910156,5282900
2019-05-20 00:00:00+00:00,346.7126904904862,349.60032832762096,344.2866826470166,346.5064392089844,3219900
2019-05-21 00:00:00+00:00,351.6531132749201,354.3443014422412,348.5592240358271,352.36029052734375,4022600
2019-05-22 00:00:00+00:00,350.85753383398935,351.20130595729347,345.48495914106485,346.4966125488281,3841400
2019-05-23 00:00:00+00:00,339.75879552889165,345.2099319030322,335.07373531937196,344.3063049316406,5305400
2019-05-24 00:00:00+00:00,348.6770823131069,354.96308568957977,346.71270438458237,348.578857421875,5387500
2019-05-28 00:00:00+00:00,348.96193570313966,352.910324664207,348.5592346191406,348.5592346191406,3504300
2019-05-29 00:00:00+00:00,346.30999841108235,346.50644819076587,339.8864742829902,342.5874938964844,4160500
2019-05-30 00:00:00+00:00,343.76614761691263,345.65196367241265,341.7428406888612,343.6384582519531,2183900
2019-05-31 00:00:00+00:00,339.69004462396305,339.69004462396305,335.2799959824228,335.5255432128906,3217600
2019-06-03 00:00:00+00:00,332.1763216366201,333.07008722215613,324.78043989163695,332.8540344238281,5148000
2019-06-04 00:00:00+00:00,336.46845834031416,340.24006011577166,334.0620835480383,338.48193359375,3592300
2019-06-05 00:00:00+00:00,340.05345430645997,346.9582413211946,326.567989436999,342.53839111328125,3188400
2019-06-06 00:00:00+00:00,341.97853849539064,345.3769338146551,339.4248412524036,344.3947448730469,2582300
2019-06-07 00:00:00+00:00,346.0251495499244,348.95208336466686,346.0251495499244,347.4002380371094,2470700
2019-06-10 00:00:00+00:00,349.6592713147349,351.03432987004334,347.2528963624238,347.4984436035156,2560800
2019-06-11 00:00:00+00:00,349.08962000162904,349.138717460953,341.9294539541061,343.1080627441406,2702700
2019-06-12 00:00:00+00:00,342.7839429681926,343.04912319359244,336.69435949891727,340.8490295410156,2738300
2019-06-13 00:00:00+00:00,341.065113514968,342.8428731198164,337.9712243115817,342.64642333984375,2621300
2019-06-14 00:00:00+00:00,341.8017501983827,342.95092444365633,339.72934592810395,340.9767150878906,2258400
2019-06-17 00:00:00+00:00,342.410711925269,349.7083687359709,340.8686680576105,348.578857421875,3746400
2019-06-18 00:00:00+00:00,351.24055266443395,367.9770596521824,351.23075115792483,367.2993469238281,9199200
2019-06-19 00:00:00+00:00,368.7137130212329,372.5540752791516,361.7892931539895,361.99554443359375,5716000
2019-06-20 00:00:00+00:00,366.35645252045174,369.0967678904767,362.38840104948684,368.2029724121094,3794500
2019-06-21 00:00:00+00:00,367.72170162782106,369.4110376917036,365.099244183443,365.21710205078125,4923700
2019-06-24 00:00:00+00:00,366.3073720023862,368.8021102935425,365.4725054203415,367.3288269042969,2323200
2019-06-25 00:00:00+00:00,368.0753137860091,368.56640826737805,361.4750027574496,362.7420349121094,3005400
2019-06-26 00:00:00+00:00,364.41173844754985,372.2299841783195,363.4099164954289,368.2619323730469,4542000
2019-06-27 00:00:00+00:00,360.9937317259999,363.3411477082232,355.89616872487886,357.5364074707031,8980000
2019-06-28 00:00:00+00:00,357.4382179190023,359.70707200856987,355.1300678784819,357.526611328125,4737100
2019-07-01 00:00:00+00:00,358.3810973484541,358.72486946470605,347.0269958494563,350.1110534667969,6392600
2019-07-02 00:00:00+00:00,349.29586977262426,350.42538109841377,346.40823178987574,347.85205078125,3774700
2019-07-03 00:00:00+00:00,348.18598912827963,348.52976126185797,345.9858954318239,348.1565246582031,2164900
2019-07-05 00:00:00+00:00,347.6948715441967,350.8869854778652,345.1706388705756,349.521728515625,3208200
2019-07-08 00:00:00+00:00,344.1688346559421,346.67340449675976,343.17681422161263,344.8661804199219,3262300
2019-07-09 00:00:00+00:00,342.83303474751284,347.54755960583907,341.7035234704441,346.80108642578125,4828200
2019-07-10 00:00:00+00:00,348.1761426292686,350.1699849491897,344.99386010215034,346.025146484375,2946700
2019-07-11 00:00:00+00:00,346.3394346549007,352.86118314132966,344.45364880934875,352.6058044433594,5059200
2019-07-12 00:00:00+00:00,353.5880054126873,358.9409469286845,351.7611484389212,358.82305908203125,3592800
2019-07-15 00:00:00+00:00,354.0790962387786,356.3872461341695,352.6254458852071,355.1693115234375,4814600
2019-07-16 00:00:00+00:00,354.82558007816624,358.842729178204,354.76665114068123,356.2890319824219,2960400
2019-07-17 00:00:00+00:00,356.28906767524217,363.16439082817584,355.55242590885643,362.9384765625,4010000
2019-07-18 00:00:00+00:00,361.0526801261142,361.8875467656742,353.34249052975565,354.6782531738281,4582800
2019-07-19 00:00:00+00:00,364.0680076678154,371.6603094095844,361.93664436183354,370.6388244628906,9504000
2019-07-22 00:00:00+00:00,370.2263067791666,375.6676419779434,365.26626455026746,366.7690124511719,4265100
2019-07-23 00:00:00+00:00,367.6038406671867,369.72537235648707,364.07778599935835,366.42523193359375,3354900
2019-07-24 00:00:00+00:00,363.684932126424,364.7456830298666,353.6174951420198,354.9925537109375,7447900
2019-07-25 00:00:00+00:00,349.83604146497765,351.3191563221913,339.55252229909803,341.89013671875,9663700
2019-07-26 00:00:00+00:00,340.03383284346677,342.22409505958035,335.90862718665085,338.8551940917969,4441100
2019-07-29 00:00:00+00:00,338.845374935994,339.91595735358965,333.07009879598627,334.1505126953125,4116600
2019-07-30 00:00:00+00:00,333.787087342533,341.30082677406494,330.5655088031429,341.2713623046875,4528000
2019-07-31 00:00:00+00:00,342.2829779261412,345.03312465183956,334.97549058709427,335.1031799316406,5219700
2019-08-01 00:00:00+00:00,335.8202433747184,338.1578579821254,327.0689358194233,328.3359680175781,6465300
2019-08-02 00:00:00+00:00,328.60114010054673,334.4746409442244,326.4010463947808,333.5120849609375,4675400
2019-08-05 00:00:00+00:00,326.5385106022667,327.43230609076215,321.1364716969172,325.1634521484375,5876100
2019-08-06 00:00:00+00:00,328.041266390019,329.720831017304,323.2776741277026,326.5287170410156,3653300
2019-08-07 00:00:00+00:00,322.74729908621845,327.7073413574459,318.7890787661339,325.477783203125,4187600
2019-08-08 00:00:00+00:00,327.4296620267179,332.4997369644338,325.0181642779366,332.4206848144531,3673000
2019-08-09 00:00:00+00:00,330.1574394897988,335.1187839522711,329.2778523378545,333.6066589355469,3102900
2019-08-12 00:00:00+00:00,329.78188264397966,332.0846800527171,327.49887089470695,329.050537109375,2683400
2019-08-13 00:00:00+00:00,327.943637213326,333.4584375620654,326.63905040874084,328.9714660644531,3689700
2019-08-14 00:00:00+00:00,324.51417216147473,325.69027281615644,316.66692601761224,316.67681884765625,5110400
2019-08-15 00:00:00+00:00,319.2266543318586,324.2374328939278,315.81694580475437,324.1682434082031,4721800
2019-08-16 00:00:00+00:00,326.3623061742369,327.29132732211616,322.66600724186554,326.5896301269531,3866600
2019-08-19 00:00:00+00:00,330.2760584203092,331.98585919268106,327.52853594929684,329.8807373046875,2335600
2019-08-20 00:00:00+00:00,328.58604075060066,329.60400694190963,325.03798324572654,327.87445068359375,2039000
2019-08-21 00:00:00+00:00,331.56086520657925,338.5778974324276,329.31736450558594,336.0181579589844,3265600
2019-08-22 00:00:00+00:00,338.4296857652399,352.2760289710398,337.02629126021714,350.2697448730469,8320900
2019-08-23 00:00:00+00:00,351.19875030775677,365.3712245072307,350.2104324682308,351.8510437011719,11518700
2019-08-26 00:00:00+00:00,360.7755490692011,363.04866801352813,352.72076478778735,354.84564208984375,4661100
2019-08-27 00:00:00+00:00,355.2212116215283,357.0891166569398,349.48895004808156,350.58599853515625,3740300
2019-08-28 00:00:00+00:00,349.18257014001347,355.98220163687733,347.07744833612816,355.7647705078125,2402000
2019-08-29 00:00:00+00:00,359.5994287860741,361.76384712813604,355.96242660949207,358.50238037109375,2717500
2019-08-30 00:00:00+00:00,360.11336719356024,362.09000287717487,358.16637983875717,359.8366394042969,3147000
2019-09-03 00:00:00+00:00,349.97322628064137,351.16911261866863,346.51411373749704,350.2796325683594,4272200
2019-09-04 00:00:00+00:00,353.50151920518965,353.84743648280494,350.28948621217216,352.3649597167969,2737100
2019-09-05 00:00:00+00:00,355.9328075498304,360.4493972345758,354.9345968625714,356.0909118652344,3643300
2019-09-06 00:00:00+00:00,357.385592648467,360.64705955325667,354.92469092658604,358.7593688964844,3022600
2019-09-09 00:00:00+00:00,353.79801140117223,356.71353076920263,350.5859786011125,354.5886535644531,4183300
2019-09-10 00:00:00+00:00,354.8061088513451,365.1735534667969,354.36135375353905,365.1735534667969,4547200
2019-09-11 00:00:00+00:00,364.4323054718177,379.0198862336827,363.7009599321909,378.4664306640625,8437000
2019-09-12 00:00:00+00:00,379.22744704309275,379.51406767471707,369.9372649603524,371.2418518066406,4495300
2019-09-13 00:00:00+00:00,372.98126951750123,377.2903206539453,372.6452149233146,375.3235778808594,3628900
2019-09-16 00:00:00+00:00,373.7224971622006,377.1717165384545,370.61916487764734,374.4241943359375,3055500
2019-09-17 00:00:00+00:00,373.9893621465285,380.80874929588447,373.38647257280866,379.71173095703125,3269500
2019-09-18 00:00:00+00:00,378.77281651157256,382.2220361610758,375.36310786015304,381.8959045410156,4186400
2019-09-19 00:00:00+00:00,381.6290659699697,383.98123709852734,378.4268956525087,379.94891357421875,2928800
2019-09-20 00:00:00+00:00,379.62274746596086,380.23552985627964,373.5050878422204,374.9579162597656,6643000
2019-09-23 00:00:00+00:00,372.2103510180996,375.6596006388506,370.0459627910404,372.6254577636719,2674900
2019-09-24 00:00:00+00:00,375.1061616365466,377.428714593985,370.92556631315745,377.1914978027344,3533300
2019-09-25 00:00:00+00:00,380.4134160581407,386.43226796803356,378.6245632152149,381.6883544921875,4705500
2019-09-26 00:00:00+00:00,382.5778385924778,383.6946425678044,378.85186106477056,382.37030029296875,2520400
2019-09-27 00:00:00+00:00,383.6551106783142,385.13758746132805,376.8554790077866,378.3873596191406,2730800
2019-09-30 00:00:00+00:00,378.5257113422288,379.28670517806654,372.289428536917,376.0252685546875,3183300
2019-10-01 00:00:00+00:00,377.240944484116,378.37750400674304,370.2535298778747,370.5599060058594,2943800
2019-10-02 00:00:00+00:00,367.5059879379869,368.63265457068417,359.5203630504826,363.06842041015625,3698300
2019-10-03 00:00:00+00:00,361.93186107005033,367.90130915871816,358.98669326421947,367.7234191894531,2623900
2019-10-04 00:00:00+00:00,367.90129620911097,371.73597404842434,367.3774889884459,371.3110046386719,2008400
2019-10-07 00:00:00+00:00,369.6901657531172,373.73238206588286,368.7018479213095,372.1412048339844,1931800
2019-10-08 00:00:00+00:00,366.7153183358692,372.93184592452764,364.33349891004355,369.7297058105469,4030200
2019-10-09 00:00:00+00:00,371.6075098832566,373.445766598452,369.13671526967113,370.57965087890625,2774100
2019-10-10 00:00:00+00:00,369.3343943442266,370.16457772279796,366.0037378387857,366.6659240722656,2723700
2019-10-11 00:00:00+00:00,368.6425774898764,372.53655243710534,365.75667594482263,370.5401611328125,3935400
2019-10-14 00:00:00+00:00,369.8779418698923,374.2759682063856,368.32627566333866,368.8204345703125,2124500
2019-10-15 00:00:00+00:00,368.2274433477458,369.1663573494414,366.2014038633288,366.6263732910156,2836600
2019-10-16 00:00:00+00:00,365.89501920987203,373.0109194748945,364.92645690236276,368.0791931152344,3657100
2019-10-17 00:00:00+00:00,368.06935996845397,369.4332133143302,364.74859619140625,364.74859619140625,2397100
2019-10-18 00:00:00+00:00,364.68926824525346,365.0351855075095,339.9813232421875,339.9813232421875,13544300
2019-10-21 00:00:00+00:00,329.0011434378175,330.3353484059528,320.6103043850052,327.1925048828125,15493100
2019-10-22 00:00:00+00:00,332.1439820037884,337.4907851097691,330.5527746058912,333.0631103515625,7949700
2019-10-23 00:00:00+00:00,340.9696469748073,346.70187825082684,332.5689455276019,336.522216796875,10960800
2019-10-24 00:00:00+00:00,337.70819034164884,341.7009723723608,333.82407862606027,340.5248718261719,5382700
2019-10-25 00:00:00+00:00,338.9139751276224,339.35870006969503,334.94091801203433,335.86004638671875,4058000
2019-10-28 00:00:00+00:00,337.5105183046379,340.94987500068896,335.5239899362822,336.89776611328125,3234500
2019-10-29 00:00:00+00:00,336.2158411639569,345.6345087699359,335.2571716733538,344.8537292480469,6113600
2019-10-30 00:00:00+00:00,342.58059079484497,345.9112168282495,339.2598274295402,342.0172424316406,3997600
2019-10-31 00:00:00+00:00,340.6731682854974,342.0172660578537,335.4844996746456,335.9391174316406,3868400
2019-11-01 00:00:00+00:00,336.6111720549116,341.1574401855469,335.53390922048317,341.1574401855469,3538200
2019-11-04 00:00:00+00:00,342.4125786057095,347.34430496694455,342.0073646859405,346.9884948730469,3703000
2019-11-05 00:00:00+00:00,351.08015051450633,357.38559287903496,349.063973713978,354.1044006347656,5468900
2019-11-06 00:00:00+00:00,354.66773466973075,355.20143476209995,349.0046926045575,350.05230712890625,3815700
2019-11-07 00:00:00+00:00,354.01372162500064,357.2743208351131,352.9500428644524,355.1966857910156,2834500
2019-11-08 00:00:00+00:00,354.29206687429036,354.8885242429554,348.4766606196995,348.92401123046875,3218200
2019-11-11 00:00:00+00:00,346.9756163897338,367.56311889555906,343.51618787877885,364.78961181640625,11483400
2019-11-12 00:00:00+00:00,364.32236805530886,364.93869618239364,357.88071373395235,360.7337341308594,5769700
2019-11-13 00:00:00+00:00,359.72970884067234,364.45161488441556,358.9841447285023,360.3559875488281,3453700
2019-11-14 00:00:00+00:00,360.9524571661207,366.3006420996767,359.34204348306713,365.26678466796875,5339600
2019-11-15 00:00:00+00:00,367.81163310263963,371.27106154614364,367.11576112139653,369.481689453125,5493100
2019-11-18 00:00:00+00:00,369.47176153162104,373.37851016419427,365.72403987828307,367.2748107910156,3823800
2019-11-19 00:00:00+00:00,371.30088249313815,372.613052288758,359.47124084737914,364.8293762207031,6670200
2019-11-20 00:00:00+00:00,363.83528423078565,368.79576104836127,363.5867628617756,368.71624755859375,3774800
2019-11-21 00:00:00+00:00,367.56309497159526,368.5671309835078,364.0937464605269,364.2726745605469,2703800
2019-11-22 00:00:00+00:00,366.0918574983644,371.34062774401735,364.44167192189826,369.1437072753906,3915700
2019-11-25 00:00:00+00:00,370.31671829246125,372.0861892630233,367.01637749974975,370.9231262207031,3324400
2019-11-26 00:00:00+00:00,371.449979555495,372.55339986300436,369.16356477720245,371.3008728027344,2859000
2019-11-27 00:00:00+00:00,367.77185485254637,369.6307898419985,364.6305411024191,365.8234558105469,4145000
2019-11-29 00:00:00+00:00,365.32642133260265,366.12167759794966,364.01422119140625,364.01422119140625,1390900
2019-12-02 00:00:00+00:00,364.9088961865412,365.20714004221884,353.05941387908985,353.07928466796875,4794500
2019-12-03 00:00:00+00:00,350.00757019206065,353.4570481904535,345.55405610172096,349.99761962890625,4683500
2019-12-04 00:00:00+00:00,352.60212041449677,353.1886271881577,346.7568931284116,346.7767639160156,3014200
2019-12-05 00:00:00+00:00,348.14862418278153,348.34745341713415,343.54600347496273,343.6354675292969,4719600
2019-12-06 00:00:00+00:00,345.6832786096905,352.30389161401826,345.0569998970122,351.9957275390625,2856100
2019-12-09 00:00:00+00:00,350.5841381022248,351.50863031382863,347.5024670597976,349.13275146484375,2844600
2019-12-10 00:00:00+00:00,348.07903861044144,349.32164550990547,345.3950259098487,345.84234619140625,2920900
2019-12-11 00:00:00+00:00,340.07666210815313,347.9597529927109,336.49794817243304,347.929931640625,7369100
2019-12-12 00:00:00+00:00,346.19028144399283,348.9936098840371,338.98316144264624,344.24188232421875,5970000
2019-12-13 00:00:00+00:00,344.2517907441467,347.24399775685174,339.08256443305254,339.6492004394531,4526300
2019-12-16 00:00:00+00:00,326.5868980409919,334.2413682900284,324.49931248788374,325.0659484863281,16488200
2019-12-17 00:00:00+00:00,320.1551638406385,328.99259822520025,318.7137277752093,325.0659484863281,13526400
2019-12-18 00:00:00+00:00,326.7757830653986,333.2671600932545,326.1992268302571,328.72418212890625,7029300
2019-12-19 00:00:00+00:00,330.9310390027003,332.8297458455648,329.0224119345874,331.5274963378906,5492600
2019-12-20 00:00:00+00:00,332.6408689108496,333.51566896206,326.0600280761719,326.0600280761719,9489400
2019-12-23 00:00:00+00:00,334.75830206083845,338.57558685368804,332.22339609543354,335.5535583496094,9534800
2019-12-24 00:00:00+00:00,337.50196256343133,337.7405333647857,330.65269921610394,331.03045654296875,4120100
2019-12-26 00:00:00+00:00,330.73224533566565,331.3883150439416,327.3523304952682,327.96868896484375,4593400
2019-12-27 00:00:00+00:00,328.24705115155587,331.6766279965737,327.2231442784637,328.1874084472656,4124000
2019-12-30 00:00:00+00:00,328.54526970517907,328.67450567881485,323.78359149252714,324.4695129394531,4525500
2019-12-31 00:00:00+00:00,323.4853769842606,324.6385198431698,321.4077418604176,323.83331298828125,4958800
2020-01-02 00:00:00+00:00,326.60676473216284,331.37839312756773,325.76181636345586,331.34857177734375,4544400
2020-01-03 00:00:00+00:00,328.67449366617245,332.90930760335885,328.34642846245924,330.7919006347656,3875900
2020-01-06 00:00:00+00:00,327.35234074728356,332.8794536620254,325.94075633582884,331.7660827636719,5355000
2020-01-07 00:00:00+00:00,332.2830289611392,342.15429069593097,328.7540072336429,335.28515625,9898600
2020-01-08 00:00:00+00:00,330.434002028855,332.05436618843447,327.6505748656441,329.41009521484375,8239200
2020-01-09 00:00:00+00:00,332.96894496050135,339.7088433277258,330.0860727875837,334.3507080078125,8175600
2020-01-10 00:00:00+00:00,333.57531519513043,335.70267264556696,327.50146758422983,327.96868896484375,7161700
2020-01-13 00:00:00+00:00,330.4340057926857,332.12396323486524,328.1277202099949,328.26690673828125,5648500
2020-01-14 00:00:00+00:00,328.8037156243825,333.366564233772,326.33837276847987,330.3843078613281,6945300
2020-01-15 00:00:00+00:00,330.38433205642025,331.1398164302177,327.7400609054219,327.8493957519531,4578300
2020-01-16 00:00:00+00:00,329.0919836191797,330.90122646048485,327.36228460446,330.036376953125,4024100
2020-01-17 00:00:00+00:00,330.42410400301884,330.53343884956024,321.0896263110014,322.2328186035156,11061700
2020-01-21 00:00:00+00:00,320.69199121267803,324.66833324795715,303.94164432164825,311.5165710449219,19318000
2020-01-22 00:00:00+00:00,307.9875817200874,310.98970905581075,300.9295684920027,307.17242431640625,18792600
2020-01-23 00:00:00+00:00,306.6753683711369,316.2881882418153,305.8801121276974,315.9104309082031,9702100
2020-01-24 00:00:00+00:00,320.09553509063454,324.27070637882355,310.6616732829415,321.1393127441406,17798200
2020-01-27 00:00:00+00:00,314.3397701172677,319.35992013694477,312.71940588464,314.72747802734375,7468100
2020-01-28 00:00:00+00:00,316.16889135804905,317.47114097816836,312.1428570877693,314.6877136230469,5502200
2020-01-29 00:00:00+00:00,322.4316230593828,325.2448715457745,317.2524463386331,320.1153869628906,12454700
2020-01-30 00:00:00+00:00,318.6043902270497,323.4257107799609,315.7613203705977,321.3878173828125,6022000
2020-01-31 00:00:00+00:00,319.84700161692257,320.02592972154304,315.11514504752887,316.3875732421875,4999600
2020-02-03 00:00:00+00:00,316.8647470353525,318.842967434468,313.017641078221,314.1310119628906,4841800
2020-02-04 00:00:00+00:00,316.39752521751893,317.5904399278108,313.16674740898316,316.0595397949219,3779800
2020-02-05 00:00:00+00:00,318.60439905973817,327.73009656313934,317.34192141071037,327.6008605957031,6071800
2020-02-06 00:00:00+00:00,328.9528451968062,341.40873562969546,323.73389618296295,339.4106140136719,12845500
2020-02-07 00:00:00+00:00,338.3568855303699,338.72469232094755,333.70457255096903,334.75830078125,5337800
2020-02-10 00:00:00+00:00,335.22552046340985,343.89394741634914,334.3308495623045,342.6314697265625,5876400
2020-02-11 00:00:00+00:00,345.5838910312693,346.01134050701995,340.0766489744631,342.3829345703125,5311500
2020-02-12 00:00:00+00:00,344.371112678484,347.8802332842822,343.804476661893,345.39501953125,4421500
2020-02-13 00:00:00+00:00,344.32000732421875,347.8900146484375,342.6300048828125,342.82000732421875,3783100
2020-02-14 00:00:00+00:00,342.29998779296875,344.5,338.0,340.489990234375,4199800
2020-02-18 00:00:00+00:00,338.7699890136719,339.989990234375,336.1000061035156,338.8800048828125,2904600
2020-02-19 00:00:00+00:00,338.1199951171875,341.4700012207031,335.8599853515625,338.29998779296875,4935700
2020-02-20 00:00:00+00:00,338.2900085449219,341.239990234375,335.3900146484375,336.2799987792969,2807500
2020-02-21 00:00:00+00:00,334.04998779296875,334.6600036621094,330.2300109863281,330.3800048828125,3709900
2020-02-24 00:00:00+00:00,320.0,321.739990234375,316.3299865722656,317.8999938964844,6073200
2020-02-25 00:00:00+00:00,318.260009765625,320.6400146484375,303.6300048828125,304.1400146484375,8052500
2020-02-26 00:00:00+00:00,307.0,315.2200012207031,304.05999755859375,305.5899963378906,6987300
2020-02-27 00:00:00+00:00,300.3699951171875,301.0,284.2900085449219,287.760009765625,10982400
2020-02-28 00:00:00+00:00,278.07000732421875,282.8599853515625,269.6000061035156,275.1099853515625,15364300
2020-03-02 00:00:00+00:00,279.5400085449219,291.7099914550781,274.2900085449219,289.2699890136719,11012300
2020-03-03 00:00:00+00:00,292.0,297.44000244140625,278.0799865722656,280.6199951171875,7499300
2020-03-04 00:00:00+00:00,284.54998779296875,285.9100036621094,277.010009765625,283.1199951171875,6986100
2020-03-05 00:00:00+00:00,275.7900085449219,276.30999755859375,259.6499938964844,260.3699951171875,14669100
2020-03-06 00:00:00+00:00,253.6999969482422,264.2900085449219,249.8000030517578,262.3299865722656,12861800
2020-03-09 00:00:00+00:00,238.0,241.47999572753906,224.3699951171875,227.1699981689453,11585500
2020-03-10 00:00:00+00:00,237.0,237.8300018310547,215.0,231.00999450683594,13059600
2020-03-11 00:00:00+00:00,222.99000549316406,226.99000549316406,187.0,189.0800018310547,28503500
2020-03-12 00:00:00+00:00,160.52999877929688,189.85000610351562,154.80999755859375,154.83999633789062,31734400
2020-03-13 00:00:00+00:00,174.97000122070312,178.27999877929688,161.3800048828125,170.1999969482422,21168500
2020-03-16 00:00:00+00:00,149.4199981689453,151.0,128.75999450683594,129.61000061035156,26844400
2020-03-17 00:00:00+00:00,132.50999450683594,134.9600067138672,101.25,124.13999938964844,54492200
2020-03-18 00:00:00+00:00,99.86000061035156,107.8499984741211,89.0,101.88999938964844,61943200
2020-03-19 00:00:00+00:00,98.80000305175781,103.56999969482422,90.3499984741211,97.70999908447266,40210600
2020-03-20 00:00:00+00:00,99.8499984741211,107.0,94.27999877929688,95.01000213623047,41370700
2020-03-23 00:00:00+00:00,98.75,114.48999786376953,93.55999755859375,105.62000274658203,46140100
2020-03-24 00:00:00+00:00,123.68000030517578,127.95999908447266,116.12999725341797,127.68000030517578,43683100
2020-03-25 00:00:00+00:00,154.89999389648438,174.77000427246094,141.0,158.72999572753906,77826000
2020-03-26 00:00:00+00:00,172.2899932861328,186.47999572753906,167.17999267578125,180.5500030517578,63267300
2020-03-27 00:00:00+00:00,172.0,172.9199981689453,155.5399932861328,162.0,47880200
2020-03-30 00:00:00+00:00,153.80999755859375,153.80999755859375,140.67999267578125,152.27999877929688,51052500
2020-03-31 00:00:00+00:00,155.0,160.63999938964844,149.0,149.13999938964844,29954000
2020-04-01 00:00:00+00:00,138.91000366210938,144.3800048828125,130.0,130.6999969482422,41899700
2020-04-02 00:00:00+00:00,128.50999450683594,136.67999267578125,120.0199966430664,123.2699966430664,42372400
2020-04-03 00:00:00+00:00,125.0,131.2899932861328,122.5,124.5199966430664,37347400
2020-04-06 00:00:00+00:00,133.6999969482422,149.69000244140625,129.2100067138672,148.77000427246094,51085500
2020-04-07 00:00:00+00:00,162.0,164.8000030517578,140.25999450683594,141.5800018310547,56699100
2020-04-08 00:00:00+00:00,147.50999450683594,154.0,144.5500030517578,146.8699951171875,41351000
2020-04-09 00:00:00+00:00,154.7100067138672,157.97999572753906,150.08999633789062,151.83999633789062,37874200
2020-04-13 00:00:00+00:00,155.5,156.0,146.25999450683594,147.3300018310547,26034100
2020-04-14 00:00:00+00:00,150.50999450683594,152.39999389648438,140.0,141.0,33970500
2020-04-15 00:00:00+00:00,139.0,148.69000244140625,132.89999389648438,145.97999572753906,39297600
2020-04-16 00:00:00+00:00,141.4600067138672,143.24000549316406,134.0,134.24000549316406,41364800
2020-04-17 00:00:00+00:00,149.41000366210938,154.0,145.0,154.0,52389400
2020-04-20 00:00:00+00:00,147.2100067138672,151.6300048828125,142.5,143.61000061035156,34983800
2020-04-21 00:00:00+00:00,139.00999450683594,141.89999389648438,135.4499969482422,136.3300018310547,27043800
2020-04-22 00:00:00+00:00,140.4199981689453,140.82000732421875,134.52000427246094,134.97000122070312,22734500
2020-04-23 00:00:00+00:00,136.5,142.3800048828125,136.0500030517578,137.74000549316406,25936400
2020-04-24 00:00:00+00:00,137.0,137.57000732421875,128.3300018310547,128.97999572753906,35884700
2020-04-27 00:00:00+00:00,129.97000122070312,131.1999969482422,123.83000183105469,128.67999267578125,34563000
2020-04-28 00:00:00+00:00,133.8800048828125,137.1999969482422,127.73999786376953,131.3000030517578,37806900
2020-04-29 00:00:00+00:00,138.0800018310547,147.17999267578125,135.25,139.0,60454400
2020-04-30 00:00:00+00:00,137.6699981689453,144.64999389648438,132.30999755859375,141.02000427246094,37876600
2020-05-01 00:00:00+00:00,143.22999572753906,143.7100067138672,132.83999633789062,133.3699951171875,36613100
2020-05-04 00:00:00+00:00,127.12000274658203,131.5,124.3499984741211,131.4600067138672,30708900
2020-05-05 00:00:00+00:00,132.8800048828125,133.8000030517578,125.0,125.4000015258789,30621000
2020-05-06 00:00:00+00:00,125.80000305175781,126.86000061035156,121.37000274658203,121.86000061035156,29627700
2020-05-07 00:00:00+00:00,122.80999755859375,130.7100067138672,122.36000061035156,128.64999389648438,29525000
2020-05-08 00:00:00+00:00,132.57000732421875,135.5500030517578,131.55999755859375,133.44000244140625,22695700
2020-05-11 00:00:00+00:00,130.9199981689453,131.0,127.94999694824219,128.91000366210938,20055400
2020-05-12 00:00:00+00:00,129.72000122070312,133.1199951171875,125.19999694824219,125.22000122070312,22579000
2020-05-13 00:00:00+00:00,125.0,125.06999969482422,119.33000183105469,121.5,26002000
2020-05-14 00:00:00+00:00,118.9800033569336,122.61000061035156,113.88999938964844,122.5199966430664,37499200
2020-05-15 00:00:00+00:00,118.33000183105469,121.88999938964844,117.77999877929688,120.0,26756800
2020-05-18 00:00:00+00:00,126.18000030517578,136.1999969482422,125.80000305175781,135.44000244140625,43781800
2020-05-19 00:00:00+00:00,137.0,137.0399932861328,130.27999877929688,130.44000244140625,32373000
2020-05-20 00:00:00+00:00,133.27000427246094,135.4499969482422,131.30999755859375,133.32000732421875,21835500
2020-05-21 00:00:00+00:00,137.0,144.24000549316406,136.14999389648438,139.0,48263900
2020-05-22 00:00:00+00:00,141.00999450683594,141.0800018310547,135.77999877929688,137.52999877929688,21098800
2020-05-26 00:00:00+00:00,145.2100067138672,145.91000366210938,142.61000061035156,144.72999572753906,30338300
2020-05-27 00:00:00+00:00,149.13999938964844,149.64999389648438,141.24000549316406,149.52000427246094,32799900
2020-05-28 00:00:00+00:00,156.10000610351562,156.6999969482422,149.0500030517578,149.82000732421875,34734300
2020-05-29 00:00:00+00:00,145.3000030517578,152.0,142.94000244140625,145.85000610351562,33853900
2020-06-01 00:00:00+00:00,145.4499969482422,153.5500030517578,144.5500030517578,151.38999938964844,27127300
2020-06-02 00:00:00+00:00,154.0,155.85000610351562,151.80999755859375,153.30999755859375,24780500
2020-06-03 00:00:00+00:00,157.10000610351562,173.77999877929688,155.49000549316406,173.16000366210938,66486400
2020-06-04 00:00:00+00:00,181.27999877929688,188.60000610351562,177.39999389648438,184.3000030517578,67155600
2020-06-05 00:00:00+00:00,205.0,218.7899932861328,197.36000061035156,205.42999267578125,99846000
2020-06-08 00:00:00+00:00,222.94000244140625,234.1999969482422,218.92999267578125,230.5,80902800
2020-06-09 00:00:00+00:00,222.13999938964844,227.0,213.0800018310547,216.74000549316406,66688700
2020-06-10 00:00:00+00:00,211.1699981689453,213.02999877929688,197.39999389648438,203.41000366210938,90384900
2020-06-11 00:00:00+00:00,179.35000610351562,192.17999267578125,166.00999450683594,170.0,103212800
2020-06-12 00:00:00+00:00,187.14999389648438,191.3000030517578,176.25999450683594,189.50999450683594,89550100
2020-06-15 00:00:00+00:00,177.17999267578125,193.22999572753906,175.88999938964844,190.94000244140625,78612900
2020-06-16 00:00:00+00:00,207.14999389648438,208.3000030517578,192.60000610351562,197.77000427246094,76496900
2020-06-17 00:00:00+00:00,194.52000427246094,196.42999267578125,191.25,192.5399932861328,53085400
2020-06-18 00:00:00+00:00,188.24000549316406,198.02999877929688,187.1999969482422,192.2899932861328,60849900
2020-06-19 00:00:00+00:00,197.89999389648438,197.9600067138672,184.57000732421875,187.02000427246094,67262100
2020-06-22 00:00:00+00:00,184.55999755859375,188.6999969482422,181.89999389648438,188.52000427246094,53901500
2020-06-23 00:00:00+00:00,189.3000030517578,190.1199951171875,183.5500030517578,187.8800048828125,50281300
2020-06-24 00:00:00+00:00,183.61000061035156,185.1999969482422,176.07000732421875,176.69000244140625,56534800
2020-06-25 00:00:00+00:00,169.8699951171875,177.5,169.58999633789062,174.8800048828125,57335700
2020-06-26 00:00:00+00:00,173.4199981689453,173.85000610351562,167.60000610351562,170.00999450683594,50644400
2020-06-29 00:00:00+00:00,181.0,194.5,176.27000427246094,194.49000549316406,78499900
2020-06-30 00:00:00+00:00,188.02000427246094,188.49000549316406,180.3800048828125,183.3000030517578,65493100
2020-07-01 00:00:00+00:00,185.8800048828125,190.61000061035156,180.0399932861328,180.32000732421875,49036700
2020-07-02 00:00:00+00:00,185.5800018310547,187.7899932861328,180.42999267578125,180.80999755859375,41792300
2020-07-06 00:00:00+00:00,184.52000427246094,189.36000061035156,181.60000610351562,187.91000366210938,49471700
2020-07-07 00:00:00+00:00,185.07000732421875,185.07000732421875,178.64999389648438,178.8800048828125,37105300
2020-07-08 00:00:00+00:00,179.0500030517578,181.5800018310547,175.50999450683594,180.0800018310547,38116200
2020-07-09 00:00:00+00:00,179.6699981689453,180.75,172.80999755859375,173.27999877929688,33514500
2020-07-10 00:00:00+00:00,171.6999969482422,179.3300018310547,169.75,178.44000244140625,40955600
2020-07-13 00:00:00+00:00,180.1999969482422,183.25,174.36000061035156,175.64999389648438,43364700
2020-07-14 00:00:00+00:00,177.0,181.3000030517578,173.41000366210938,179.9600067138672,39256200
2020-07-15 00:00:00+00:00,185.5399932861328,189.52999877929688,181.25,187.94000244140625,48044800
2020-07-16 00:00:00+00:00,184.32000732421875,184.58999633789062,177.33999633789062,178.6999969482422,35050000
2020-07-17 00:00:00+00:00,178.41000366210938,181.10000610351562,175.5500030517578,175.66000366210938,26170500
2020-07-20 00:00:00+00:00,175.1300048828125,176.57000732421875,171.6199951171875,174.4199981689453,25294300
2020-07-21 00:00:00+00:00,178.42999267578125,182.64999389648438,176.75,178.6300048828125,40740500
2020-07-22 00:00:00+00:00,176.42999267578125,182.9499969482422,175.38999938964844,179.7899932861328,29790300
2020-07-23 00:00:00+00:00,178.0,182.5,175.4199981689453,176.4499969482422,29587200
2020-07-24 00:00:00+00:00,175.67999267578125,181.10000610351562,173.60000610351562,173.75999450683594,28548000
2020-07-27 00:00:00+00:00,173.19000244140625,174.13999938964844,169.0,170.2100067138672,30243800
2020-07-28 00:00:00+00:00,168.5,173.74000549316406,168.22999572753906,170.83999633789062,25349100
2020-07-29 00:00:00+00:00,172.89999389648438,173.00999450683594,162.25,166.00999450683594,51709600
2020-07-30 00:00:00+00:00,162.8800048828125,164.5500030517578,160.63999938964844,161.9499969482422,29140000
2020-07-31 00:00:00+00:00,161.5500030517578,163.39999389648438,156.25999450683594,158.0,30263100
2020-08-03 00:00:00+00:00,156.50999450683594,163.5800018310547,153.41000366210938,162.27000427246094,38520500
2020-08-04 00:00:00+00:00,164.6300048828125,167.39999389648438,163.00999450683594,165.07000732421875,30853500
2020-08-05 00:00:00+00:00,167.60000610351562,174.97999572753906,166.39999389648438,174.27999877929688,46189200
2020-08-06 00:00:00+00:00,172.8000030517578,175.57000732421875,170.60000610351562,172.1999969482422,32921600
2020-08-07 00:00:00+00:00,171.5,171.86000061035156,168.6999969482422,170.02000427246094,19318000
2020-08-10 00:00:00+00:00,171.36000061035156,179.7899932861328,171.3300018310547,179.41000366210938,35857700
2020-08-11 00:00:00+00:00,184.50999450683594,189.97000122070312,179.52999877929688,180.1300048828125,61036600
2020-08-12 00:00:00+00:00,184.00999450683594,184.14999389648438,173.19000244140625,175.44000244140625,40674400
2020-08-13 00:00:00+00:00,173.6199951171875,179.47000122070312,172.42999267578125,174.72999572753906,22958800
2020-08-14 00:00:00+00:00,173.08999633789062,179.47000122070312,172.35000610351562,178.0800018310547,32414100
2020-08-17 00:00:00+00:00,178.24000549316406,178.2899932861328,171.41000366210938,172.00999450683594,23352100
2020-08-18 00:00:00+00:00,172.00999450683594,173.24000549316406,169.00999450683594,170.22999572753906,21488500
2020-08-19 00:00:00+00:00,170.44000244140625,174.10000610351562,169.08999633789062,169.27000427246094,25601500
2020-08-20 00:00:00+00:00,168.5399932861328,170.83999633789062,165.86000061035156,169.5800018310547,23213400
2020-08-21 00:00:00+00:00,168.35000610351562,170.0800018310547,167.27000427246094,167.5,16945900
2020-08-24 00:00:00+00:00,168.77999877929688,178.27000427246094,167.92999267578125,178.27000427246094,39317100
2020-08-25 00:00:00+00:00,180.4600067138672,180.6300048828125,172.44000244140625,174.72999572753906,31318500
2020-08-26 00:00:00+00:00,173.8000030517578,174.42999267578125,171.35000610351562,171.89999389648438,16189800
2020-08-27 00:00:00+00:00,174.7100067138672,181.30999755859375,173.55999755859375,174.1999969482422,29548100
2020-08-28 00:00:00+00:00,175.11000061035156,177.27999877929688,172.57000732421875,175.8000030517578,20383900
2020-08-31 00:00:00+00:00,174.64999389648438,175.27000427246094,171.6999969482422,171.82000732421875,16264300
2020-09-01 00:00:00+00:00,170.7100067138672,175.49000549316406,169.25,172.10000610351562,18977300
2020-09-02 00:00:00+00:00,172.74000549316406,175.0,171.4499969482422,174.77999877929688,16552100
2020-09-03 00:00:00+00:00,175.0,180.85000610351562,168.1199951171875,168.77000427246094,27799400
2020-09-04 00:00:00+00:00,171.30999755859375,172.8300018310547,164.0,171.0500030517578,18867300
2020-09-08 00:00:00+00:00,165.8000030517578,166.89999389648438,160.5,161.0800018310547,22622700
2020-09-09 00:00:00+00:00,161.61000061035156,163.05999755859375,157.0,160.77999877929688,21951400
2020-09-10 00:00:00+00:00,160.9600067138672,163.77999877929688,157.57000732421875,157.69000244140625,14532600
2020-09-11 00:00:00+00:00,158.0,161.36000061035156,156.32000732421875,160.22999572753906,14722400
2020-09-14 00:00:00+00:00,161.75,165.94000244140625,158.89999389648438,165.35000610351562,17228400
2020-09-15 00:00:00+00:00,166.64999389648438,168.83999633789062,163.3300018310547,163.49000549316406,14881700
2020-09-16 00:00:00+00:00,161.9499969482422,170.57000732421875,160.30999755859375,167.4600067138672,21851400
2020-09-17 00:00:00+00:00,164.6300048828125,168.4600067138672,161.0500030517578,167.52999877929688,19717800
2020-09-18 00:00:00+00:00,165.66000366210938,169.72000122070312,161.02000427246094,161.13999938964844,22057100
2020-09-21 00:00:00+00:00,157.8300018310547,158.8300018310547,154.1999969482422,156.35000610351562,23125300
2020-09-22 00:00:00+00:00,156.80999755859375,160.07000732421875,154.9499969482422,156.8000030517578,17768900
2020-09-23 00:00:00+00:00,157.3300018310547,160.4199981689453,150.88999938964844,151.17999267578125,18247500
2020-09-24 00:00:00+00:00,150.2899932861328,150.30999755859375,145.02000427246094,146.0500030517578,27098100
2020-09-25 00:00:00+00:00,146.85000610351562,156.30999755859375,146.4199981689453,156.02999877929688,29123000
2020-09-28 00:00:00+00:00,160.3300018310547,168.0,159.1999969482422,166.0800018310547,38868200
2020-09-29 00:00:00+00:00,164.77000427246094,165.5,162.00999450683594,163.60000610351562,19874700
2020-09-30 00:00:00+00:00,164.5,170.97999572753906,164.11000061035156,165.25999450683594,38436700
2020-10-01 00:00:00+00:00,170.14999389648438,172.75999450683594,165.57000732421875,167.86000061035156,30677100
2020-10-02 00:00:00+00:00,161.86000061035156,169.77999877929688,161.8000030517578,168.0800018310547,31773800
2020-10-05 00:00:00+00:00,169.49000549316406,172.0800018310547,167.50999450683594,171.1999969482422,19082100
2020-10-06 00:00:00+00:00,173.0399932861328,175.55999755859375,159.3300018310547,159.5399932861328,47132500
2020-10-07 00:00:00+00:00,163.7100067138672,166.33999633789062,162.3800048828125,164.61000061035156,26019100
2020-10-08 00:00:00+00:00,166.22000122070312,168.08999633789062,163.5399932861328,168.0,20598600
2020-10-09 00:00:00+00:00,169.92999267578125,170.0,166.82000732421875,167.3300018310547,17406000
2020-10-12 00:00:00+00:00,167.75,169.1999969482422,165.9499969482422,167.35000610351562,12176600
2020-10-13 00:00:00+00:00,165.36000061035156,165.52999877929688,162.08999633789062,162.13999938964844,15182600
2020-10-14 00:00:00+00:00,162.6999969482422,165.1699981689453,162.49000549316406,163.24000549316406,10505500
2020-10-15 00:00:00+00:00,161.00999450683594,164.5399932861328,158.72999572753906,164.24000549316406,13226800
2020-10-16 00:00:00+00:00,171.22000122070312,173.4199981689453,167.27000427246094,167.35000610351562,31780600
2020-10-19 00:00:00+00:00,169.08999633789062,170.83999633789062,166.11000061035156,167.11000061035156,16519600
2020-10-20 00:00:00+00:00,168.2899932861328,169.2899932861328,166.17999267578125,167.24000549316406,12319900
2020-10-21 00:00:00+00:00,166.44000244140625,167.6300048828125,163.82000732421875,163.86000061035156,11450600
2020-10-22 00:00:00+00:00,164.6999969482422,169.6300048828125,164.10000610351562,169.07000732421875,14238200
2020-10-23 00:00:00+00:00,169.99000549316406,170.25999450683594,166.0500030517578,167.36000061035156,10024200
2020-10-26 00:00:00+00:00,164.9499969482422,165.5,159.0500030517578,160.8300018310547,16151100
2020-10-27 00:00:00+00:00,159.16000366210938,160.25,155.0,155.24000549316406,15491900
2020-10-28 00:00:00+00:00,153.0,153.9499969482422,148.0,148.13999938964844,20279800
2020-10-29 00:00:00+00:00,148.02999877929688,150.10000610351562,146.60000610351562,148.2899932861328,14554300
2020-10-30 00:00:00+00:00,147.1999969482422,149.1699981689453,141.5800018310547,144.38999938964844,15374700
2020-11-02 00:00:00+00:00,145.75,149.58999633789062,143.3800048828125,148.60000610351562,13854600
2020-11-03 00:00:00+00:00,151.8300018310547,154.82000732421875,150.63999938964844,153.64999389648438,12249800
2020-11-04 00:00:00+00:00,153.1699981689453,155.39999389648438,151.1699981689453,151.6300048828125,11344700
2020-11-05 00:00:00+00:00,152.47999572753906,157.6300048828125,152.10000610351562,157.08999633789062,12328300
2020-11-06 00:00:00+00:00,156.3300018310547,158.47000122070312,154.52000427246094,157.74000549316406,8995600
2020-11-09 00:00:00+00:00,179.0,184.4600067138672,172.16000366210938,179.36000061035156,49014400
2020-11-10 00:00:00+00:00,182.8000030517578,193.9499969482422,180.3800048828125,188.69000244140625,46404300
2020-11-11 00:00:00+00:00,189.88999938964844,190.0,180.41000366210938,182.14999389648438,29907800
2020-11-12 00:00:00+00:00,178.9499969482422,184.58999633789062,176.25,176.72000122070312,20288400
2020-11-13 00:00:00+00:00,179.0,187.27000427246094,178.7100067138672,187.11000061035156,19724500
2020-11-16 00:00:00+00:00,194.55999755859375,202.94000244140625,191.35000610351562,202.39999389648438,40562800
2020-11-17 00:00:00+00:00,200.25,211.1999969482422,196.0500030517578,210.0500030517578,38299300
2020-11-18 00:00:00+00:00,223.02000427246094,223.02000427246094,203.0,203.3000030517578,65990700
2020-11-19 00:00:00+00:00,200.4499969482422,209.44000244140625,199.89999389648438,205.6699981689453,34236100
2020-11-20 00:00:00+00:00,204.58999633789062,206.5800018310547,199.1699981689453,199.6199951171875,18230900
2020-11-23 00:00:00+00:00,203.24000549316406,214.2100067138672,201.8699951171875,211.52999877929688,28372400
2020-11-24 00:00:00+00:00,219.42999267578125,222.9499969482422,215.75999450683594,218.49000549316406,31132000
2020-11-25 00:00:00+00:00,217.7100067138672,221.0,213.08999633789062,217.61000061035156,19254100
2020-11-27 00:00:00+00:00,218.25,219.92999267578125,216.0399932861328,216.5,9970200
2020-11-30 00:00:00+00:00,215.6999969482422,217.77999877929688,208.52000427246094,210.7100067138672,16501900
2020-12-01 00:00:00+00:00,214.30999755859375,218.08999633789062,213.0,213.00999450683594,15754200
2020-12-02 00:00:00+00:00,213.00999450683594,224.99000549316406,210.3000030517578,223.85000610351562,25912300
2020-12-03 00:00:00+00:00,228.3000030517578,242.0,226.52999877929688,237.1999969482422,45945100
2020-12-04 00:00:00+00:00,236.36000061035156,238.17999267578125,230.25,232.7100067138672,29378400
2020-12-07 00:00:00+00:00,238.5,244.0800018310547,237.11000061035156,238.1699981689453,33246700
2020-12-08 00:00:00+00:00,238.6999969482422,241.6999969482422,234.4600067138672,236.57000732421875,19682000
2020-12-09 00:00:00+00:00,238.63999938964844,240.83999633789062,228.27999877929688,232.05999755859375,19043600
2020-12-10 00:00:00+00:00,228.10000610351562,237.00999450683594,228.02000427246094,234.42999267578125,16185000
2020-12-11 00:00:00+00:00,232.82000732421875,236.22000122070312,228.3300018310547,230.3300018310547,17311800
2020-12-14 00:00:00+00:00,235.0,237.6300048828125,228.3699951171875,228.6199951171875,19231200
2020-12-15 00:00:00+00:00,230.0,232.5,224.36000061035156,229.5,18993700
2020-12-16 00:00:00+00:00,229.3300018310547,232.3699951171875,225.3000030517578,225.8699951171875,17858400
2020-12-17 00:00:00+00:00,227.24000549316406,228.49000549316406,220.52999877929688,221.24000549316406,17465600
2020-12-18 00:00:00+00:00,222.0500030517578,223.4600067138672,218.61000061035156,219.75,19092800
2020-12-21 00:00:00+00:00,212.33999633789062,219.42999267578125,211.10000610351562,219.30999755859375,18726500
2020-12-22 00:00:00+00:00,223.27999877929688,223.88999938964844,217.6999969482422,218.77999877929688,13280000
2020-12-23 00:00:00+00:00,219.5500030517578,224.39999389648438,219.32000732421875,219.69000244140625,10869000
2020-12-24 00:00:00+00:00,219.6199951171875,219.8800048828125,216.0500030517578,217.14999389648438,6398500
2020-12-28 00:00:00+00:00,218.19000244140625,219.1999969482422,215.16000366210938,216.08999633789062,9090600
2020-12-29 00:00:00+00:00,218.3000030517578,221.67999267578125,215.39999389648438,216.25,14593800
2020-12-30 00:00:00+00:00,216.36000061035156,218.5500030517578,214.3699951171875,216.6699981689453,10812600
2020-12-31 00:00:00+00:00,216.24000549316406,216.89999389648438,212.6999969482422,214.05999755859375,10487600
2021-01-04 00:00:00+00:00,210.0,210.1999969482422,202.49000549316406,202.72000122070312,21225600
2021-01-05 00:00:00+00:00,204.74000549316406,213.35000610351562,204.60000610351562,211.6300048828125,19338300
2021-01-06 00:00:00+00:00,210.22000122070312,215.61000061035156,209.33999633789062,211.02999877929688,16202200
2021-01-07 00:00:00+00:00,213.38999938964844,216.60000610351562,211.77999877929688,212.7100067138672,14474100
2021-01-08 00:00:00+00:00,213.61000061035156,214.10000610351562,208.16000366210938,209.89999389648438,14144000
2021-01-11 00:00:00+00:00,203.02999877929688,207.77999877929688,201.00999450683594,206.7899932861328,16770300
2021-01-12 00:00:00+00:00,206.64999389648438,209.05999755859375,204.80999755859375,208.41000366210938,12836200
2021-01-13 00:00:00+00:00,207.14999389648438,208.7899932861328,204.85000610351562,207.2100067138672,8570500
2021-01-14 00:00:00+00:00,208.7899932861328,214.19000244140625,208.2100067138672,209.91000366210938,12446800
2021-01-15 00:00:00+00:00,208.9600067138672,209.25,204.1999969482422,204.32000732421875,11103300
2021-01-19 00:00:00+00:00,206.99000549316406,211.52000427246094,206.52000427246094,210.7100067138672,11947200
2021-01-20 00:00:00+00:00,213.24000549316406,215.58999633789062,211.2100067138672,211.4499969482422,9727000
2021-01-21 00:00:00+00:00,211.72000122070312,211.92999267578125,206.33999633789062,207.41000366210938,11091300
2021-01-22 00:00:00+00:00,205.5500030517578,206.6999969482422,204.27000427246094,205.83999633789062,7514600
2021-01-25 00:00:00+00:00,203.27000427246094,203.8000030517578,199.3000030517578,203.36000061035156,14276200
2021-01-26 00:00:00+00:00,205.33999633789062,208.35000610351562,201.7899932861328,202.05999755859375,11011800
2021-01-27 00:00:00+00:00,196.89999389648438,199.47000122070312,191.85000610351562,194.02999877929688,20948500
2021-01-28 00:00:00+00:00,198.0500030517578,200.4199981689453,196.0,197.22999572753906,10403200
2021-01-29 00:00:00+00:00,198.3000030517578,201.57000732421875,193.1199951171875,194.19000244140625,13683700
2021-02-01 00:00:00+00:00,196.0,197.3800048828125,192.86000061035156,195.83999633789062,9061900
2021-02-02 00:00:00+00:00,198.97999572753906,203.02999877929688,198.08999633789062,200.94000244140625,11130600
2021-02-03 00:00:00+00:00,202.0,208.16000366210938,201.25999450683594,207.38999938964844,11836900
2021-02-04 00:00:00+00:00,209.8699951171875,212.47999572753906,208.02000427246094,210.63999938964844,11869900
2021-02-05 00:00:00+00:00,212.25,213.1999969482422,206.66000366210938,207.92999267578125,9546100
2021-02-08 00:00:00+00:00,209.5500030517578,211.99000549316406,208.3000030517578,211.9499969482422,11182100
2021-02-09 00:00:00+00:00,210.60000610351562,216.72999572753906,208.89999389648438,215.1199951171875,13615700
2021-02-10 00:00:00+00:00,215.64999389648438,217.49000549316406,211.1199951171875,211.9199981689453,11510700
2021-02-11 00:00:00+00:00,212.24000549316406,213.99000549316406,208.57000732421875,210.66000366210938,7140200
2021-02-12 00:00:00+00:00,210.36000061035156,213.16000366210938,209.6699981689453,210.97999572753906,6010800
2021-02-16 00:00:00+00:00,213.0800018310547,217.39999389648438,212.3300018310547,217.17999267578125,10171100
2021-02-17 00:00:00+00:00,215.52000427246094,218.7100067138672,212.67999267578125,215.52000427246094,9276000
2021-02-18 00:00:00+00:00,213.4499969482422,214.33999633789062,208.0800018310547,208.47999572753906,9121300
2021-02-19 00:00:00+00:00,209.97000122070312,217.63999938964844,209.14999389648438,217.47000122070312,12415300
2021-02-22 00:00:00+00:00,211.88999938964844,220.38999938964844,210.8000030517578,212.8800048828125,21413700
2021-02-23 00:00:00+00:00,214.14999389648438,214.75,206.60000610351562,212.1199951171875,15996700
2021-02-24 00:00:00+00:00,212.10000610351562,229.61000061035156,211.60000610351562,229.33999633789062,30709300
2021-02-25 00:00:00+00:00,227.8000030517578,228.5,214.7100067138672,216.4499969482422,19283000
2021-02-26 00:00:00+00:00,218.50999450683594,220.66000366210938,211.2899932861328,212.00999450683594,12838400
2021-03-01 00:00:00+00:00,219.60000610351562,226.97999572753906,219.02000427246094,224.38999938964844,18735400
2021-03-02 00:00:00+00:00,224.7899932861328,227.19000244140625,222.14999389648438,223.13999938964844,11114400
2021-03-03 00:00:00+00:00,226.36000061035156,235.39999389648438,225.0399932861328,228.55999755859375,30426000
2021-03-04 00:00:00+00:00,232.72999572753906,237.10000610351562,218.6999969482422,224.7100067138672,26645100
2021-03-05 00:00:00+00:00,229.00999450683594,229.9199981689453,213.8000030517578,223.22000122070312,20026600
2021-03-08 00:00:00+00:00,226.6699981689453,229.88999938964844,223.7100067138672,224.02999877929688,13836800
2021-03-09 00:00:00+00:00,226.80999755859375,234.05999755859375,222.5800018310547,230.61000061035156,21001200
2021-03-10 00:00:00+00:00,233.80999755859375,246.8000030517578,232.8800048828125,245.33999633789062,27753400
2021-03-11 00:00:00+00:00,248.77000427246094,256.6499938964844,246.5500030517578,252.0,30139200
2021-03-12 00:00:00+00:00,253.86000061035156,269.7200012207031,253.5,269.19000244140625,35264300
2021-03-15 00:00:00+00:00,274.1499938964844,278.57000732421875,264.3299865722656,265.6300048828125,34816700
2021-03-16 00:00:00+00:00,263.2300109863281,264.1700134277344,254.02000427246094,255.2100067138672,28785800
2021-03-17 00:00:00+00:00,254.6999969482422,263.6099853515625,253.67999267578125,263.5899963378906,23785500
2021-03-18 00:00:00+00:00,261.32000732421875,267.3699951171875,254.72999572753906,256.05999755859375,24595500
2021-03-19 00:00:00+00:00,257.75,258.8800048828125,251.30999755859375,255.82000732421875,17330800
2021-03-22 00:00:00+00:00,255.82000732421875,257.6700134277344,250.16000366210938,251.22999572753906,15230000
2021-03-23 00:00:00+00:00,249.25999450683594,251.3000030517578,239.42999267578125,241.25,21358200
2021-03-24 00:00:00+00:00,243.75,248.8000030517578,239.05999755859375,239.24000549316406,24055100
2021-03-25 00:00:00+00:00,234.33999633789062,247.5800018310547,231.6999969482422,247.19000244140625,27553600
2021-03-26 00:00:00+00:00,249.6199951171875,250.89999389648438,240.3000030517578,244.8699951171875,17157100
2021-03-29 00:00:00+00:00,251.3000030517578,254.7100067138672,248.02999877929688,250.52000427246094,22198800
2021-03-30 00:00:00+00:00,251.24000549316406,253.5,248.91000366210938,252.00999450683594,12577300
2021-03-31 00:00:00+00:00,254.6999969482422,257.8800048828125,253.36000061035156,254.72000122070312,14138500
2021-04-01 00:00:00+00:00,256.6700134277344,257.8800048828125,251.30999755859375,252.9600067138672,10934500
2021-04-05 00:00:00+00:00,256.55999755859375,260.4800109863281,256.25,259.3599853515625,13750300
2021-04-06 00:00:00+00:00,257.2099914550781,259.3500061035156,254.66000366210938,255.1699981689453,11180300
2021-04-07 00:00:00+00:00,255.30999755859375,255.89999389648438,250.8300018310547,252.5800018310547,9925700
2021-04-08 00:00:00+00:00,251.6999969482422,254.9499969482422,249.30999755859375,254.9499969482422,9899900
2021-04-09 00:00:00+00:00,250.50999450683594,252.83999633789062,249.44000244140625,252.36000061035156,12255900
2021-04-12 00:00:00+00:00,250.57000732421875,251.5500030517578,246.2899932861328,249.52000427246094,10383600
2021-04-13 00:00:00+00:00,248.3300018310547,254.49000549316406,246.10000610351562,253.27000427246094,15901400
2021-04-14 00:00:00+00:00,255.32000732421875,258.3699951171875,251.27999877929688,252.42999267578125,12661800
2021-04-15 00:00:00+00:00,253.55999755859375,254.1199951171875,249.42999267578125,251.11000061035156,9479000
2021-04-16 00:00:00+00:00,252.0,253.0500030517578,246.22999572753906,248.17999267578125,14606000
2021-04-19 00:00:00+00:00,247.0,247.0,242.22000122070312,244.14999389648438,9249300
2021-04-20 00:00:00+00:00,241.02999877929688,241.08999633789062,232.33999633789062,234.05999755859375,19483600
2021-04-21 00:00:00+00:00,232.22000122070312,236.75999450683594,230.22000122070312,235.9199981689453,12847000
2021-04-22 00:00:00+00:00,235.9600067138672,239.64999389648438,233.3800048828125,234.3300018310547,13854400
2021-04-23 00:00:00+00:00,233.88999938964844,238.5800018310547,233.11000061035156,238.3800048828125,11533100
2021-04-26 00:00:00+00:00,240.24000549316406,244.64999389648438,240.10000610351562,241.44000244140625,10599600
2021-04-27 00:00:00+00:00,241.8800048828125,243.49000549316406,239.41000366210938,242.47000122070312,10583300
2021-04-28 00:00:00+00:00,239.0,239.64999389648438,232.85000610351562,235.4600067138672,19054100
2021-04-29 00:00:00+00:00,237.0,237.67999267578125,231.8000030517578,235.94000244140625,12296100
2021-04-30 00:00:00+00:00,233.67999267578125,236.77000427246094,232.6999969482422,234.30999755859375,10380400
2021-05-03 00:00:00+00:00,234.11000061035156,237.10000610351562,233.80999755859375,235.19000244140625,9887800
2021-05-04 00:00:00+00:00,235.75,236.64999389648438,225.64999389648438,233.6300048828125,17807200
2021-05-05 00:00:00+00:00,232.4499969482422,233.49000549316406,227.55999755859375,228.17999267578125,14913500
2021-05-06 00:00:00+00:00,229.3000030517578,231.1699981689453,226.5500030517578,229.80999755859375,11857100
2021-05-07 00:00:00+00:00,229.8000030517578,235.91000366210938,227.99000549316406,235.47000122070312,12823000
2021-05-10 00:00:00+00:00,236.83999633789062,241.10000610351562,232.5,232.92999267578125,14813900
2021-05-11 00:00:00+00:00,226.55999755859375,230.1300048828125,223.85000610351562,228.8800048828125,16273200
2021-05-12 00:00:00+00:00,227.25,229.74000549316406,220.6300048828125,220.77999877929688,14931200
2021-05-13 00:00:00+00:00,223.0,229.27000427246094,219.07000732421875,222.63999938964844,16503400
2021-05-14 00:00:00+00:00,225.99000549316406,228.80999755859375,224.35000610351562,228.47000122070312,10162400
2021-05-17 00:00:00+00:00,226.24000549316406,228.25999450683594,223.5800018310547,227.97999572753906,9559300
2021-05-18 00:00:00+00:00,227.25,232.27000427246094,226.42999267578125,227.5500030517578,10081100
2021-05-19 00:00:00+00:00,223.17999267578125,225.1199951171875,220.27999877929688,224.4199981689453,13162700
2021-05-20 00:00:00+00:00,225.1300048828125,228.44000244140625,223.77000427246094,227.64999389648438,9218900
2021-05-21 00:00:00+00:00,232.89999389648438,236.3000030517578,231.38999938964844,234.82000732421875,16579000
2021-05-24 00:00:00+00:00,235.13999938964844,238.5,232.60000610351562,237.44000244140625,10106000
2021-05-25 00:00:00+00:00,240.0,243.77999877929688,239.22999572753906,240.74000549316406,12908000
2021-05-26 00:00:00+00:00,241.6999969482422,242.49000549316406,239.8699951171875,241.3699951171875,7240200
2021-05-27 00:00:00+00:00,248.11000061035156,252.60000610351562,247.19000244140625,250.6999969482422,18404400
2021-05-28 00:00:00+00:00,247.47999572753906,248.97999572753906,245.3699951171875,247.02000427246094,11197400
2021-06-01 00:00:00+00:00,253.0,255.63999938964844,251.52000427246094,254.72999572753906,13562800
2021-06-02 00:00:00+00:00,255.60000610351562,258.3999938964844,254.6199951171875,255.6199951171875,10820400
2021-06-03 00:00:00+00:00,252.97999572753906,254.8000030517578,249.69000244140625,250.32000732421875,10402000
2021-06-04 00:00:00+00:00,251.50999450683594,251.8000030517578,248.49000549316406,249.9199981689453,8799000
2021-06-07 00:00:00+00:00,251.5,253.1999969482422,248.80999755859375,252.66000366210938,10606000
2021-06-08 00:00:00+00:00,256.260009765625,256.30999755859375,250.0,252.75999450683594,15113900
2021-06-09 00:00:00+00:00,251.1999969482422,253.1699981689453,247.91000366210938,248.05999755859375,10693200
2021-06-10 00:00:00+00:00,251.72000122070312,255.13999938964844,248.10000610351562,248.33999633789062,14519200
2021-06-11 00:00:00+00:00,250.35000610351562,251.1199951171875,245.77999877929688,247.27999877929688,9934200
2021-06-14 00:00:00+00:00,246.44000244140625,249.1999969482422,244.39999389648438,245.13999938964844,9344400
2021-06-15 00:00:00+00:00,245.36000061035156,248.50999450683594,244.94000244140625,246.5399932861328,10630900
2021-06-16 00:00:00+00:00,245.25,246.05999755859375,241.5500030517578,242.27000427246094,10529200
2021-06-17 00:00:00+00:00,241.9600067138672,243.5,237.3300018310547,239.22000122070312,10774400
2021-06-18 00:00:00+00:00,237.7899932861328,239.30999755859375,235.8000030517578,237.35000610351562,11965000
2021-06-21 00:00:00+00:00,238.66000366210938,245.6199951171875,237.25,245.27999877929688,15301800
2021-06-22 00:00:00+00:00,244.5,244.6300048828125,241.0800018310547,243.77999877929688,10042500
2021-06-23 00:00:00+00:00,244.8000030517578,246.8699951171875,243.1699981689453,243.57000732421875,9874700
2021-06-24 00:00:00+00:00,245.1999969482422,250.74000549316406,243.6999969482422,250.57000732421875,13755600
2021-06-25 00:00:00+00:00,250.75,252.3000030517578,248.25,248.3800048828125,9625800
2021-06-28 00:00:00+00:00,244.72999572753906,245.0800018310547,238.8800048828125,239.9600067138672,18152000
2021-06-29 00:00:00+00:00,243.74000549316406,244.3699951171875,235.66000366210938,235.75999450683594,16743900
2021-06-30 00:00:00+00:00,236.24000549316406,241.1699981689453,236.0,239.55999755859375,12089100
2021-07-01 00:00:00+00:00,240.36000061035156,241.8000030517578,238.61000061035156,239.72999572753906,9516200
2021-07-02 00:00:00+00:00,239.5500030517578,240.11000061035156,233.47000122070312,236.67999267578125,15706600
2021-07-06 00:00:00+00:00,236.85000610351562,237.1699981689453,233.47000122070312,236.13999938964844,11045800
2021-07-07 00:00:00+00:00,235.1699981689453,238.00999450683594,230.52000427246094,231.77999877929688,11497000
2021-07-08 00:00:00+00:00,227.47999572753906,237.47000122070312,226.16000366210938,236.77000427246094,17964300
2021-07-09 00:00:00+00:00,237.77000427246094,240.3800048828125,236.22000122070312,239.58999633789062,12385400
2021-07-12 00:00:00+00:00,237.99000549316406,240.77000427246094,236.4600067138672,238.2899932861328,9071500
2021-07-13 00:00:00+00:00,232.27000427246094,234.49000549316406,228.16000366210938,228.1999969482422,21029500
2021-07-14 00:00:00+00:00,229.02000427246094,230.52000427246094,224.3000030517578,224.4499969482422,12137000
2021-07-15 00:00:00+00:00,222.8800048828125,226.6699981689453,220.8000030517578,222.75999450683594,12228600
2021-07-16 00:00:00+00:00,223.11000061035156,224.0,217.02999877929688,217.74000549316406,12413400
2021-07-19 00:00:00+00:00,211.17999267578125,211.5500030517578,204.8000030517578,206.99000549316406,24123600
2021-07-20 00:00:00+00:00,208.10000610351562,217.3699951171875,206.6199951171875,217.14999389648438,17027300
2021-07-21 00:00:00+00:00,219.5,224.08999633789062,218.89999389648438,222.5399932861328,11437600
2021-07-22 00:00:00+00:00,221.52000427246094,222.25,218.30999755859375,220.8699951171875,9768900
2021-07-23 00:00:00+00:00,222.97000122070312,224.6300048828125,220.94000244140625,221.52000427246094,9379500
2021-07-26 00:00:00+00:00,220.0,226.1199951171875,219.88999938964844,225.85000610351562,8933200
2021-07-27 00:00:00+00:00,223.1699981689453,225.6999969482422,220.4199981689453,222.27000427246094,8784200
2021-07-28 00:00:00+00:00,234.0500030517578,237.49000549316406,231.3300018310547,231.57000732421875,19330500
2021-07-29 00:00:00+00:00,233.69000244140625,234.82000732421875,231.1199951171875,231.6300048828125,8667900
2021-07-30 00:00:00+00:00,229.38999938964844,231.17999267578125,225.39999389648438,226.47999572753906,9940100
2021-08-02 00:00:00+00:00,227.19000244140625,230.47000122070312,224.8699951171875,225.33999633789062,8889100
2021-08-03 00:00:00+00:00,225.89999389648438,229.10000610351562,221.3000030517578,229.08999633789062,7326400
2021-08-04 00:00:00+00:00,226.4199981689453,232.35000610351562,225.3300018310547,226.6300048828125,9756300
2021-08-05 00:00:00+00:00,226.67999267578125,231.5399932861328,226.49000549316406,229.94000244140625,8362600
2021-08-06 00:00:00+00:00,231.5500030517578,233.57000732421875,230.4199981689453,231.3300018310547,6061900
2021-08-09 00:00:00+00:00,229.0,233.57000732421875,226.88999938964844,232.27000427246094,8358600
2021-08-10 00:00:00+00:00,231.97000122070312,236.85000610351562,231.6199951171875,235.77999877929688,9603500
2021-08-11 00:00:00+00:00,236.61000061035156,239.58999633789062,234.5800018310547,239.49000549316406,9664000
2021-08-12 00:00:00+00:00,240.0,241.14999389648438,236.50999450683594,238.17999267578125,6810000
2021-08-13 00:00:00+00:00,238.00999450683594,239.69000244140625,234.27999877929688,234.4600067138672,6390300
2021-08-16 00:00:00+00:00,231.89999389648438,232.02999877929688,227.13999938964844,229.05999755859375,7622000
2021-08-17 00:00:00+00:00,226.1999969482422,226.24000549316406,219.8000030517578,222.22000122070312,13124000
2021-08-18 00:00:00+00:00,221.72999572753906,223.64999389648438,218.89999389648438,219.0,9000900
2021-08-19 00:00:00+00:00,216.3000030517578,218.3000030517578,211.72999572753906,212.16000366210938,11404400
2021-08-20 00:00:00+00:00,212.30999755859375,214.74000549316406,210.94000244140625,212.6699981689453,9335700
2021-08-23 00:00:00+00:00,215.8300018310547,220.17999267578125,215.3800048828125,219.39999389648438,10392100
2021-08-24 00:00:00+00:00,220.11000061035156,223.10000610351562,219.8000030517578,221.42999267578125,8942600
2021-08-25 00:00:00+00:00,221.5,222.3000030517578,219.10000610351562,221.02999877929688,6528900
2021-08-26 00:00:00+00:00,221.41000366210938,222.89999389648438,215.91000366210938,216.5,8341400
2021-08-27 00:00:00+00:00,217.47000122070312,222.42999267578125,216.86000061035156,221.75,7684900
2021-08-30 00:00:00+00:00,222.35000610351562,222.3699951171875,217.52999877929688,217.66000366210938,7587800
2021-08-31 00:00:00+00:00,217.3300018310547,221.3300018310547,217.08999633789062,219.5,6764500
2021-09-01 00:00:00+00:00,220.0,221.75999450683594,217.6199951171875,218.1199951171875,7157400
2021-09-02 00:00:00+00:00,218.9499969482422,223.83999633789062,218.0800018310547,220.8300018310547,8899500
2021-09-03 00:00:00+00:00,219.4499969482422,221.17999267578125,217.4600067138672,218.1699981689453,6393500
2021-09-07 00:00:00+00:00,215.91000366210938,216.7100067138672,212.1699981689453,214.24000549316406,13196100
2021-09-08 00:00:00+00:00,213.60000610351562,216.0800018310547,210.50999450683594,211.3800048828125,8877600
2021-09-09 00:00:00+00:00,211.14999389648438,216.61000061035156,210.72000122070312,213.94000244140625,9242800
2021-09-10 00:00:00+00:00,215.16000366210938,215.88999938964844,210.1199951171875,210.3000030517578,6959700
2021-09-13 00:00:00+00:00,211.35000610351562,215.63999938964844,209.8800048828125,214.47999572753906,10175900
2021-09-14 00:00:00+00:00,215.83999633789062,216.11000061035156,210.7100067138672,211.57000732421875,9947000
2021-09-15 00:00:00+00:00,211.7899932861328,214.35000610351562,210.32000732421875,214.22000122070312,7916300
2021-09-16 00:00:00+00:00,213.9600067138672,216.30999755859375,213.30999755859375,213.36000061035156,6370900
2021-09-17 00:00:00+00:00,213.1199951171875,215.3699951171875,211.91000366210938,213.36000061035156,7932700
2021-09-20 00:00:00+00:00,210.80999755859375,212.42999267578125,206.52999877929688,209.5,10567400
2021-09-21 00:00:00+00:00,210.25,211.75999450683594,207.72000122070312,208.50999450683594,7139000
2021-09-22 00:00:00+00:00,210.0,217.99000549316406,209.64999389648438,216.97999572753906,10953000
2021-09-23 00:00:00+00:00,217.80999755859375,222.6199951171875,217.14999389648438,221.10000610351562,9344600
2021-09-24 00:00:00+00:00,219.1300048828125,222.41000366210938,218.66000366210938,221.38999938964844,6498200
2021-09-27 00:00:00+00:00,224.0,228.60000610351562,223.8800048828125,224.16000366210938,9749200
2021-09-28 00:00:00+00:00,222.89999389648438,224.5800018310547,216.4199981689453,218.41000366210938,9639800
2021-09-29 00:00:00+00:00,227.8000030517578,229.94000244140625,224.86000061035156,225.36000061035156,16808000
2021-09-30 00:00:00+00:00,226.0800018310547,226.14999389648438,219.4600067138672,219.94000244140625,10366900
2021-10-01 00:00:00+00:00,222.85000610351562,226.72000122070312,220.60000610351562,226.0,9113600
2021-10-04 00:00:00+00:00,225.67999267578125,227.97000122070312,222.0,223.7899932861328,6946100
2021-10-05 00:00:00+00:00,224.27000427246094,226.4499969482422,222.4199981689453,224.4199981689453,5687300
2021-10-06 00:00:00+00:00,221.0800018310547,225.07000732421875,219.1999969482422,224.99000549316406,7157600
2021-10-07 00:00:00+00:00,227.33999633789062,229.0,225.89999389648438,226.47999572753906,7748500
2021-10-08 00:00:00+00:00,226.75,228.7100067138672,225.39999389648438,226.38999938964844,4515000
2021-10-11 00:00:00+00:00,226.5,232.10000610351562,225.32000732421875,226.4499969482422,7287000
2021-10-12 00:00:00+00:00,226.0,228.66000366210938,223.1199951171875,223.57000732421875,8486800
2021-10-13 00:00:00+00:00,224.0,224.3000030517578,219.36000061035156,221.77999877929688,8240200
2021-10-14 00:00:00+00:00,221.07000732421875,222.17999267578125,217.0399932861328,217.44000244140625,10427300
2021-10-15 00:00:00+00:00,218.1699981689453,219.61000061035156,216.27999877929688,217.0399932861328,8773400
2021-10-18 00:00:00+00:00,216.0,217.27999877929688,214.0500030517578,216.97999572753906,6553500
2021-10-19 00:00:00+00:00,217.47000122070312,217.66000366210938,215.27999877929688,215.97000122070312,5963400
2021-10-20 00:00:00+00:00,215.49000549316406,218.66000366210938,214.35000610351562,216.1699981689453,8485200
2021-10-21 00:00:00+00:00,216.5399932861328,218.11000061035156,213.80999755859375,214.33999633789062,8691500
2021-10-22 00:00:00+00:00,214.60000610351562,216.72000122070312,212.5800018310547,212.97000122070312,7077600
2021-10-25 00:00:00+00:00,213.25,213.97999572753906,211.6999969482422,212.8699951171875,7239100
2021-10-26 00:00:00+00:00,213.19000244140625,214.85000610351562,208.17999267578125,209.80999755859375,11014500
2021-10-27 00:00:00+00:00,212.85000610351562,212.89999389648438,205.63999938964844,206.61000061035156,14761700
2021-10-28 00:00:00+00:00,206.0,208.74000549316406,204.60000610351562,207.85000610351562,8825500
2021-10-29 00:00:00+00:00,206.83999633789062,208.24000549316406,205.2899932861328,207.02999877929688,8559500
2021-11-01 00:00:00+00:00,207.0,214.69000244140625,206.80999755859375,214.5800018310547,9284900
2021-11-02 00:00:00+00:00,213.8300018310547,215.72000122070312,210.6999969482422,212.77000427246094,6160200
2021-11-03 00:00:00+00:00,211.47000122070312,213.75999450683594,210.8699951171875,213.3800048828125,4636100
2021-11-04 00:00:00+00:00,213.8000030517578,214.82000732421875,211.8699951171875,213.02999877929688,5849600
2021-11-05 00:00:00+00:00,217.6999969482422,224.5800018310547,217.6999969482422,224.4600067138672,16936300
2021-11-08 00:00:00+00:00,225.24000549316406,226.99000549316406,222.11000061035156,222.67999267578125,9456100
2021-11-09 00:00:00+00:00,222.49000549316406,222.85000610351562,217.5399932861328,220.7899932861328,6863700
2021-11-10 00:00:00+00:00,219.36000061035156,225.67999267578125,217.27000427246094,218.5,8197600
2021-11-11 00:00:00+00:00,220.5,222.64999389648438,218.89999389648438,219.3800048828125,6567300
2021-11-12 00:00:00+00:00,219.72000122070312,223.75,218.89999389648438,220.9600067138672,6419900
2021-11-15 00:00:00+00:00,227.3699951171875,233.94000244140625,226.9199981689453,233.08999633789062,21921900
2021-11-16 00:00:00+00:00,232.94000244140625,232.9499969482422,225.50999450683594,225.8000030517578,10120200
2021-11-17 00:00:00+00:00,229.5399932861328,231.32000732421875,224.1999969482422,226.6199951171875,10750900
2021-11-18 00:00:00+00:00,230.3000030517578,231.5,224.9499969482422,227.25,10983700
2021-11-19 00:00:00+00:00,225.07000732421875,225.3300018310547,213.22999572753906,214.1300048828125,20844100
2021-11-22 00:00:00+00:00,215.0,215.02000427246094,208.9499969482422,209.89999389648438,10764300
2021-11-23 00:00:00+00:00,211.5,212.99000549316406,207.77000427246094,209.1300048828125,8882800
2021-11-24 00:00:00+00:00,207.52000427246094,211.22000122070312,206.8699951171875,210.60000610351562,5437600
2021-11-26 00:00:00+00:00,197.57000732421875,199.4199981689453,194.0,199.2100067138672,17636600
2021-11-29 00:00:00+00:00,201.8699951171875,204.27999877929688,195.3300018310547,198.5,12276200
2021-11-30 00:00:00+00:00,196.02000427246094,198.82000732421875,193.85000610351562,197.85000610351562,12638900
2021-12-01 00:00:00+00:00,200.80999755859375,201.6199951171875,188.0,188.19000244140625,13268700
2021-12-02 00:00:00+00:00,196.8000030517578,202.5399932861328,192.41000366210938,202.3800048828125,20435400
2021-12-03 00:00:00+00:00,198.6999969482422,199.89999389648438,195.4199981689453,198.49000549316406,10742700
2021-12-06 00:00:00+00:00,199.77000427246094,206.4199981689453,199.1999969482422,205.8800048828125,11587900
2021-12-07 00:00:00+00:00,207.05999755859375,211.64999389648438,206.3800048828125,208.8300018310547,10387900
2021-12-08 00:00:00+00:00,209.17999267578125,212.67999267578125,207.7100067138672,211.02999877929688,6986800
2021-12-09 00:00:00+00:00,207.52999877929688,208.5500030517578,205.1999969482422,207.55999755859375,7011000
2021-12-10 00:00:00+00:00,208.80999755859375,209.0,203.47999572753906,205.05999755859375,6040000
2021-12-13 00:00:00+00:00,202.5,202.80999755859375,195.5500030517578,197.39999389648438,10619600
2021-12-14 00:00:00+00:00,195.60000610351562,200.5,195.17999267578125,195.5,8445100
2021-12-15 00:00:00+00:00,195.27999877929688,196.5800018310547,190.32000732421875,195.42999267578125,10535900
2021-12-16 00:00:00+00:00,197.0,198.32000732421875,190.44000244140625,190.7899932861328,8216800
2021-12-17 00:00:00+00:00,190.27000427246094,194.77000427246094,187.8800048828125,192.6300048828125,12618300
2021-12-20 00:00:00+00:00,188.11000061035156,190.36000061035156,185.25999450683594,188.47999572753906,10256400
2021-12-21 00:00:00+00:00,190.27999877929688,199.69000244140625,190.0399932861328,199.52000427246094,12082300
2021-12-22 00:00:00+00:00,199.4600067138672,202.92999267578125,197.94000244140625,201.69000244140625,8145300
2021-12-23 00:00:00+00:00,202.1300048828125,205.1300048828125,201.32000732421875,204.22000122070312,7415200
2021-12-27 00:00:00+00:00,201.99000549316406,203.42999267578125,199.10000610351562,203.1699981689453,7818900
2021-12-28 00:00:00+00:00,202.22999572753906,208.94000244140625,201.64999389648438,206.1300048828125,8879700
2021-12-29 00:00:00+00:00,205.36000061035156,205.41000366210938,202.60000610351562,203.66000366210938,6119000
2021-12-30 00:00:00+00:00,203.0,206.0,202.60000610351562,202.7100067138672,7012600
2021-12-31 00:00:00+00:00,202.1999969482422,203.69000244140625,200.02999877929688,201.32000732421875,8053000
2022-01-03 00:00:00+00:00,204.0,210.5500030517578,203.33999633789062,207.86000061035156,9060200
2022-01-04 00:00:00+00:00,211.3000030517578,214.55999755859375,209.77999877929688,213.6300048828125,11414600
2022-01-05 00:00:00+00:00,216.63999938964844,218.92999267578125,211.80999755859375,213.07000732421875,11564700
2022-01-06 00:00:00+00:00,214.63999938964844,216.0,207.86000061035156,211.33999633789062,7142200
2022-01-07 00:00:00+00:00,212.97999572753906,218.32000732421875,212.3800048828125,215.5,9526400
2022-01-10 00:00:00+00:00,214.25999450683594,215.27999877929688,207.1300048828125,209.30999755859375,8229000
2022-01-11 00:00:00+00:00,209.0,217.02999877929688,208.41000366210938,216.02000427246094,8098400
2022-01-12 00:00:00+00:00,217.08999633789062,221.24000549316406,216.3000030517578,217.4499969482422,9134500
2022-01-13 00:00:00+00:00,222.25,226.88999938964844,220.0500030517578,223.89999389648438,17628000
2022-01-14 00:00:00+00:00,222.16000366210938,226.1999969482422,220.25,225.9600067138672,8053500
2022-01-18 00:00:00+00:00,224.5,229.6699981689453,224.25999450683594,225.00999450683594,8930700
2022-01-19 00:00:00+00:00,225.10000610351562,225.4199981689453,216.94000244140625,217.0800018310547,9382800
2022-01-20 00:00:00+00:00,217.3800048828125,221.9499969482422,213.4199981689453,214.19000244140625,7636800
2022-01-21 00:00:00+00:00,213.7899932861328,213.7899932861328,204.57000732421875,205.44000244140625,11548500
2022-01-24 00:00:00+00:00,199.85000610351562,204.8000030517578,192.50999450683594,204.1999969482422,13796500
2022-01-25 00:00:00+00:00,200.10000610351562,205.6300048828125,197.5500030517578,204.10000610351562,8824500
2022-01-26 00:00:00+00:00,206.2100067138672,206.2100067138672,191.9199981689453,194.27000427246094,19974400
2022-01-27 00:00:00+00:00,196.3800048828125,199.7100067138672,188.63999938964844,189.75,12670100
2022-01-28 00:00:00+00:00,188.77999877929688,190.72000122070312,183.77000427246094,190.57000732421875,10966700
2022-01-31 00:00:00+00:00,190.72999572753906,200.33999633789062,190.0,200.24000549316406,15504600
2022-02-01 00:00:00+00:00,202.47999572753906,208.88999938964844,200.5,208.33999633789062,12265100
2022-02-02 00:00:00+00:00,205.42999267578125,208.38999938964844,203.2100067138672,207.52000427246094,7843700
2022-02-03 00:00:00+00:00,206.05999755859375,209.10000610351562,204.25999450683594,206.38999938964844,7054700
2022-02-04 00:00:00+00:00,205.0,208.25,203.10000610351562,206.4499969482422,5952600
2022-02-07 00:00:00+00:00,205.7899932861328,214.3699951171875,205.4199981689453,211.9199981689453,11816900
2022-02-08 00:00:00+00:00,212.67999267578125,213.8699951171875,209.69000244140625,213.27000427246094,7356200
2022-02-09 00:00:00+00:00,214.91000366210938,217.0399932861328,213.3000030517578,215.86000061035156,7587700
2022-02-10 00:00:00+00:00,213.7100067138672,223.22999572753906,213.6999969482422,218.75,11695900
2022-02-11 00:00:00+00:00,217.8699951171875,221.4199981689453,210.27000427246094,212.3000030517578,11443700
2022-02-14 00:00:00+00:00,213.0,215.6300048828125,208.75999450683594,210.0399932861328,6481400
2022-02-15 00:00:00+00:00,214.83999633789062,219.5399932861328,213.69000244140625,217.72999572753906,10448500
2022-02-16 00:00:00+00:00,216.10000610351562,219.67999267578125,215.27999877929688,218.92999267578125,5698900
2022-02-17 00:00:00+00:00,218.47000122070312,218.5800018310547,212.6699981689453,213.5800018310547,6176600
2022-02-18 00:00:00+00:00,212.55999755859375,214.72999572753906,208.60000610351562,209.02999877929688,6973600
2022-02-22 00:00:00+00:00,205.0,206.89999389648438,197.82000732421875,198.74000549316406,10382100
2022-02-23 00:00:00+00:00,201.1300048828125,203.25,195.91000366210938,196.4199981689453,7326300
2022-02-24 00:00:00+00:00,189.2899932861328,198.86000061035156,186.8800048828125,198.42999267578125,12207600
2022-02-25 00:00:00+00:00,201.08999633789062,204.07000732421875,199.10000610351562,201.47999572753906,8730300
2022-02-28 00:00:00+00:00,198.5800018310547,207.30999755859375,196.75,205.33999633789062,9859300
2022-03-01 00:00:00+00:00,203.11000061035156,203.5,192.92999267578125,194.91000366210938,11799500
2022-03-02 00:00:00+00:00,196.27000427246094,199.85000610351562,194.63999938964844,197.80999755859375,7463400
2022-03-03 00:00:00+00:00,197.94000244140625,198.5,188.7100067138672,188.85000610351562,12424500
2022-03-04 00:00:00+00:00,187.3699951171875,188.32000732421875,178.97000122070312,180.83999633789062,13084000
2022-03-07 00:00:00+00:00,181.02999877929688,182.72000122070312,169.05999755859375,169.1699981689453,12847500
2022-03-08 00:00:00+00:00,169.72999572753906,180.82000732421875,167.5800018310547,173.8000030517578,13715500
2022-03-09 00:00:00+00:00,179.8000030517578,182.8699951171875,177.41000366210938,178.55999755859375,10062100
2022-03-10 00:00:00+00:00,175.75999450683594,182.02000427246094,175.38999938964844,178.38999938964844,8364100
2022-03-11 00:00:00+00:00,183.58999633789062,184.86000061035156,175.9499969482422,176.22999572753906,9373600
2022-03-14 00:00:00+00:00,175.8800048828125,178.22999572753906,172.57000732421875,175.52000427246094,8138900
2022-03-15 00:00:00+00:00,176.3000030517578,180.5,175.60000610351562,179.88999938964844,8051500
2022-03-16 00:00:00+00:00,183.38999938964844,189.60000610351562,182.3000030517578,188.99000549316406,12077500
2022-03-17 00:00:00+00:00,186.36000061035156,190.24000549316406,185.27000427246094,190.19000244140625,8126600
2022-03-18 00:00:00+00:00,192.07000732421875,193.3800048828125,190.10000610351562,192.8300018310547,12849600
2022-03-21 00:00:00+00:00,184.39999389648438,187.27000427246094,180.61000061035156,185.89999389648438,27369600
2022-03-22 00:00:00+00:00,185.24000549316406,192.86000061035156,184.52000427246094,191.0399932861328,14378500
2022-03-23 00:00:00+00:00,189.6699981689453,190.16000366210938,185.02999877929688,186.0399932861328,8297800
2022-03-24 00:00:00+00:00,186.35000610351562,189.19000244140625,184.72000122070312,189.0500030517578,7094400
2022-03-25 00:00:00+00:00,187.75999450683594,191.6999969482422,186.92999267578125,188.9499969482422,6365600
2022-03-28 00:00:00+00:00,188.42999267578125,189.25999450683594,184.47000122070312,188.16000366210938,6904100
2022-03-29 00:00:00+00:00,191.6199951171875,196.36000061035156,191.1999969482422,193.8000030517578,8438700
2022-03-30 00:00:00+00:00,192.32000732421875,197.4499969482422,191.36000061035156,194.91000366210938,9959300
2022-03-31 00:00:00+00:00,195.0,197.5800018310547,191.4499969482422,191.5,6447900
2022-04-01 00:00:00+00:00,192.5800018310547,192.6199951171875,188.77999877929688,190.75999450683594,4862100
2022-04-04 00:00:00+00:00,190.02000427246094,191.83999633789062,186.91000366210938,191.17999267578125,7792100
2022-04-05 00:00:00+00:00,189.6999969482422,192.35000610351562,182.52000427246094,182.64999389648438,9371600
2022-04-06 00:00:00+00:00,180.39999389648438,180.57000732421875,176.5800018310547,178.72000122070312,8173900
2022-04-07 00:00:00+00:00,178.1300048828125,178.66000366210938,173.8699951171875,177.97000122070312,7517800
2022-04-08 00:00:00+00:00,176.5399932861328,178.1300048828125,174.24000549316406,175.1999969482422,6524100
2022-04-11 00:00:00+00:00,173.83999633789062,179.6699981689453,173.39999389648438,175.02999877929688,6001100
2022-04-12 00:00:00+00:00,175.5,178.5,174.52999877929688,176.27999877929688,6125100
2022-04-13 00:00:00+00:00,176.9600067138672,183.4600067138672,176.9600067138672,182.8699951171875,7399900
2022-04-14 00:00:00+00:00,182.75,185.5399932861328,181.63999938964844,181.94000244140625,5144600
2022-04-18 00:00:00+00:00,181.4499969482422,182.4600067138672,178.5500030517578,179.85000610351562,5042600
2022-04-19 00:00:00+00:00,180.36000061035156,187.61000061035156,180.27999877929688,185.97999572753906,7485600
2022-04-20 00:00:00+00:00,187.24000549316406,187.33999633789062,182.86000061035156,183.5500030517578,6824300
2022-04-21 00:00:00+00:00,188.72999572753906,189.85000610351562,180.5500030517578,181.02000427246094,7446100
2022-04-22 00:00:00+00:00,180.77999877929688,182.6699981689453,176.5,176.9199981689453,6372400
2022-04-25 00:00:00+00:00,174.50999450683594,176.0800018310547,172.4499969482422,175.91000366210938,6293100
2022-04-26 00:00:00+00:00,174.75999450683594,174.8699951171875,166.85000610351562,167.0399932861328,9277300
2022-04-27 00:00:00+00:00,161.25,161.25,146.0,154.4600067138672,40371700
2022-04-28 00:00:00+00:00,156.61000061035156,156.7899932861328,149.0,154.22000122070312,13518800
2022-04-29 00:00:00+00:00,153.44000244140625,157.02999877929688,148.52000427246094,148.83999633789062,10880300
2022-05-02 00:00:00+00:00,148.02000427246094,149.4499969482422,143.3800048828125,148.61000061035156,12399200
2022-05-03 00:00:00+00:00,149.08999633789062,154.4499969482422,147.91000366210938,153.5800018310547,10149500
2022-05-04 00:00:00+00:00,152.91000366210938,157.13999938964844,150.77000427246094,156.97000122070312,9550600
2022-05-05 00:00:00+00:00,155.69000244140625,157.99000549316406,149.0500030517578,150.47000122070312,7950800
2022-05-06 00:00:00+00:00,149.9600067138672,150.89999389648438,145.85000610351562,148.89999389648438,7697900
2022-05-09 00:00:00+00:00,146.0,146.9499969482422,132.64999389648438,133.30999755859375,12593800
2022-05-10 00:00:00+00:00,136.75999450683594,137.83999633789062,130.3300018310547,132.9499969482422,11781400
2022-05-11 00:00:00+00:00,132.9499969482422,138.9600067138672,129.11000061035156,129.38999938964844,11388400
2022-05-12 00:00:00+00:00,126.88999938964844,128.52999877929688,120.27999877929688,123.13999938964844,15891300
2022-05-13 00:00:00+00:00,124.9800033569336,130.8000030517578,122.37999725341797,127.19999694824219,20891500
2022-05-16 00:00:00+00:00,127.05000305175781,131.1199951171875,122.3499984741211,124.05000305175781,10631600
2022-05-17 00:00:00+00:00,126.91000366210938,132.8300018310547,125.79000091552734,132.0500030517578,12154200
2022-05-18 00:00:00+00:00,130.33999633789062,132.10000610351562,124.36000061035156,125.5199966430664,9567600
2022-05-19 00:00:00+00:00,124.4000015258789,128.39999389648438,123.69999694824219,127.13999938964844,8075800
2022-05-20 00:00:00+00:00,128.77000427246094,128.85000610351562,117.08000183105469,120.69999694824219,18822200
2022-05-23 00:00:00+00:00,121.69999694824219,124.4800033569336,120.33999633789062,124.06999969482422,9341500
2022-05-24 00:00:00+00:00,122.44000244140625,122.69999694824219,117.29000091552734,119.4000015258789,9092400
2022-05-25 00:00:00+00:00,119.16999816894531,122.5999984741211,118.76000213623047,122.05999755859375,7707900
2022-05-26 00:00:00+00:00,123.0999984741211,128.83999633789062,122.73999786376953,127.7300033569336,8333900
2022-05-27 00:00:00+00:00,128.77000427246094,132.22999572753906,128.32000732421875,132.22999572753906,7261500
2022-05-31 00:00:00+00:00,131.02999877929688,132.99000549316406,128.86000061035156,131.39999389648438,7953700
2022-06-01 00:00:00+00:00,133.0,134.3300018310547,127.01000213623047,130.64999389648438,9991600
2022-06-02 00:00:00+00:00,132.13999938964844,140.5500030517578,131.8699951171875,140.5,12777000
2022-06-03 00:00:00+00:00,138.52000427246094,140.6999969482422,137.58999633789062,139.25,10091800
2022-06-06 00:00:00+00:00,139.99000549316406,141.13999938964844,136.8300018310547,139.24000549316406,6354800
2022-06-07 00:00:00+00:00,137.49000549316406,141.24000549316406,135.91000366210938,140.82000732421875,5436100
2022-06-08 00:00:00+00:00,139.1300048828125,142.2100067138672,138.44000244140625,139.6300048828125,5833700
2022-06-09 00:00:00+00:00,139.35000610351562,139.66000366210938,133.6999969482422,133.72999572753906,6010100
2022-06-10 00:00:00+00:00,130.27000427246094,132.19000244140625,126.8499984741211,127.0,7770700
2022-06-13 00:00:00+00:00,123.0,123.25,114.13999938964844,115.86000061035156,16778500
2022-06-14 00:00:00+00:00,116.6500015258789,122.19000244140625,113.0199966430664,122.16000366210938,17549800
2022-06-15 00:00:00+00:00,124.3499984741211,134.99000549316406,123.83000183105469,133.72000122070312,25997800
2022-06-16 00:00:00+00:00,131.6999969482422,135.33999633789062,131.25999450683594,133.36000061035156,19543600
2022-06-17 00:00:00+00:00,132.25,138.97999572753906,131.5,136.8000030517578,16042500
2022-06-21 00:00:00+00:00,139.1699981689453,140.94000244140625,135.83999633789062,136.75,10519900
2022-06-22 00:00:00+00:00,134.02999877929688,138.7899932861328,133.27999877929688,137.16000366210938,7713300
2022-06-23 00:00:00+00:00,136.4199981689453,137.4199981689453,130.08999633789062,133.97000122070312,10746900
2022-06-24 00:00:00+00:00,135.00999450683594,141.8699951171875,134.9499969482422,141.52999877929688,13626200
2022-06-27 00:00:00+00:00,140.27999877929688,140.57000732421875,136.22000122070312,138.72000122070312,8457400
2022-06-28 00:00:00+00:00,140.88999938964844,147.17999267578125,138.5399932861328,138.6999969482422,12125400
2022-06-29 00:00:00+00:00,138.61000061035156,138.9199981689453,134.83999633789062,138.4499969482422,7489200
2022-06-30 00:00:00+00:00,134.3000030517578,137.49000549316406,131.60000610351562,136.72000122070312,8455100
2022-07-01 00:00:00+00:00,135.8800048828125,141.7899932861328,135.39999389648438,139.83999633789062,7627100
2022-07-05 00:00:00+00:00,136.25,138.07000732421875,131.2899932861328,137.6999969482422,10065900
2022-07-06 00:00:00+00:00,137.5399932861328,138.7100067138672,134.4600067138672,136.30999755859375,6608000
2022-07-07 00:00:00+00:00,137.92999267578125,142.27999877929688,137.89999389648438,139.97000122070312,7674400
2022-07-08 00:00:00+00:00,139.6999969482422,140.74000549316406,137.3699951171875,139.07000732421875,5655500
2022-07-11 00:00:00+00:00,137.77000427246094,139.24000549316406,134.88999938964844,136.99000549316406,6176500
2022-07-12 00:00:00+00:00,136.86000061035156,149.32000732421875,136.80999755859375,147.14999389648438,18598200
2022-07-13 00:00:00+00:00,142.7899932861328,146.41000366210938,142.17999267578125,143.9499969482422,9038700
2022-07-14 00:00:00+00:00,141.11000061035156,147.49000549316406,140.61000061035156,147.14999389648438,9456100
2022-07-15 00:00:00+00:00,149.1699981689453,149.74000549316406,144.64999389648438,147.74000549316406,7910400
2022-07-18 00:00:00+00:00,153.30999755859375,155.94000244140625,147.1999969482422,147.72000122070312,13948500
2022-07-19 00:00:00+00:00,149.61000061035156,156.27999877929688,148.97000122070312,156.1300048828125,14183000
2022-07-20 00:00:00+00:00,156.0,159.39999389648438,154.25999450683594,158.3800048828125,8668600
2022-07-21 00:00:00+00:00,158.88999938964844,161.66000366210938,156.19000244140625,161.41000366210938,8044100
2022-07-22 00:00:00+00:00,161.8000030517578,163.33999633789062,157.77000427246094,158.16000366210938,7594900
2022-07-25 00:00:00+00:00,156.94000244140625,157.30999755859375,152.83999633789062,156.63999938964844,5764700
2022-07-26 00:00:00+00:00,155.24000549316406,158.17999267578125,154.5,155.9199981689453,6053100
2022-07-27 00:00:00+00:00,161.1199951171875,162.74000549316406,152.8000030517578,156.08999633789062,16356600
2022-07-28 00:00:00+00:00,154.02000427246094,160.10000610351562,153.02999877929688,159.08999633789062,8729100
2022-07-29 00:00:00+00:00,157.9499969482422,159.83999633789062,155.5399932861328,159.30999755859375,5743500
2022-08-01 00:00:00+00:00,165.9499969482422,171.75999450683594,164.25,169.07000732421875,18321600
2022-08-02 00:00:00+00:00,167.0,167.3300018310547,163.13999938964844,163.27999877929688,10874300
2022-08-03 00:00:00+00:00,164.50999450683594,167.52000427246094,162.3300018310547,166.63999938964844,6709100
2022-08-04 00:00:00+00:00,165.77000427246094,168.1199951171875,164.41000366210938,166.5,5039600
2022-08-05 00:00:00+00:00,164.39999389648438,167.07000732421875,163.92999267578125,165.0399932861328,4709100
2022-08-08 00:00:00+00:00,166.41000366210938,171.08999633789062,164.7100067138672,165.88999938964844,11293200
2022-08-09 00:00:00+00:00,166.50999450683594,166.50999450683594,163.4499969482422,164.85000610351562,6064800
2022-08-10 00:00:00+00:00,168.35000610351562,171.13999938964844,167.25,169.02000427246094,7181700
2022-08-11 00:00:00+00:00,170.5,171.75999450683594,167.0500030517578,167.8800048828125,4996800
2022-08-12 00:00:00+00:00,168.38999938964844,170.11000061035156,167.57000732421875,169.99000549316406,4345200
2022-08-15 00:00:00+00:00,169.2899932861328,172.5500030517578,168.32000732421875,170.47000122070312,4734700
2022-08-16 00:00:00+00:00,170.0,173.85000610351562,169.14999389648438,172.0800018310547,5259600
2022-08-17 00:00:00+00:00,169.61000061035156,169.85000610351562,166.08999633789062,167.1999969482422,6533500
2022-08-18 00:00:00+00:00,167.1999969482422,169.17999267578125,165.77000427246094,168.69000244140625,4404600
2022-08-19 00:00:00+00:00,166.3300018310547,166.83999633789062,162.5800018310547,162.9199981689453,5736100
2022-08-22 00:00:00+00:00,159.39999389648438,160.27000427246094,157.91000366210938,158.97999572753906,5312300
2022-08-23 00:00:00+00:00,159.13999938964844,161.69000244140625,159.0800018310547,160.07000732421875,3425200
2022-08-24 00:00:00+00:00,162.27000427246094,164.13999938964844,161.3800048828125,163.60000610351562,4211300
2022-08-25 00:00:00+00:00,164.55999755859375,169.64999389648438,163.6999969482422,169.3800048828125,4949400
2022-08-26 00:00:00+00:00,170.0,171.3699951171875,164.27000427246094,164.52999877929688,4957400
2022-08-29 00:00:00+00:00,162.27999877929688,166.89999389648438,162.1999969482422,165.4199981689453,4727600
2022-08-30 00:00:00+00:00,167.27000427246094,169.9199981689453,160.72000122070312,162.2100067138672,6248600
2022-08-31 00:00:00+00:00,163.0,163.5500030517578,160.13999938964844,160.25,4123500
2022-09-01 00:00:00+00:00,158.0,158.89999389648438,150.82000732421875,153.66000366210938,7652000
2022-09-02 00:00:00+00:00,155.19000244140625,156.99000549316406,151.47999572753906,151.82000732421875,5262800
2022-09-06 00:00:00+00:00,152.38999938964844,154.47999572753906,150.4600067138672,152.38999938964844,5210500
2022-09-07 00:00:00+00:00,151.25999450683594,156.35000610351562,150.8699951171875,155.9499969482422,5298600
2022-09-08 00:00:00+00:00,155.0,158.3000030517578,153.83999633789062,157.7899932861328,4949100
2022-09-09 00:00:00+00:00,158.0,159.75,156.9499969482422,157.52000427246094,5775800
2022-09-12 00:00:00+00:00,158.4600067138672,160.97000122070312,157.4499969482422,158.72000122070312,5363100
2022-09-13 00:00:00+00:00,153.60000610351562,155.19000244140625,147.1300048828125,147.30999755859375,8724900
2022-09-14 00:00:00+00:00,146.89999389648438,149.6999969482422,144.3000030517578,149.25999450683594,8478000
2022-09-15 00:00:00+00:00,147.8800048828125,153.4499969482422,147.27999877929688,149.77999877929688,9792800
2022-09-16 00:00:00+00:00,145.22999572753906,145.6300048828125,141.35000610351562,144.2899932861328,10310700
2022-09-19 00:00:00+00:00,142.6199951171875,146.99000549316406,142.35000610351562,144.8800048828125,5150700
2022-09-20 00:00:00+00:00,145.25999450683594,147.6699981689453,143.89999389648438,145.94000244140625,6737600
2022-09-21 00:00:00+00:00,146.77000427246094,149.8699951171875,143.2100067138672,143.2899932861328,6244300
2022-09-22 00:00:00+00:00,143.1300048828125,143.6999969482422,138.2899932861328,138.7100067138672,6311800
2022-09-23 00:00:00+00:00,135.64999389648438,136.19000244140625,129.5,131.25999450683594,8927900
2022-09-26 00:00:00+00:00,129.77000427246094,132.4499969482422,126.87999725341797,127.33999633789062,7095100
2022-09-27 00:00:00+00:00,129.32000732421875,130.4499969482422,125.5999984741211,127.51000213623047,6682300
2022-09-28 00:00:00+00:00,128.0399932861328,133.88999938964844,127.4000015258789,133.44000244140625,10257200
2022-09-29 00:00:00+00:00,131.1999969482422,131.61000061035156,123.80000305175781,125.33000183105469,8905400
2022-09-30 00:00:00+00:00,123.13999938964844,125.4800033569336,120.98999786376953,121.08000183105469,8383000
2022-10-03 00:00:00+00:00,122.0,127.1500015258789,121.0199966430664,126.05000305175781,7962400
2022-10-04 00:00:00+00:00,129.39999389648438,133.57000732421875,129.3300018310547,133.50999450683594,7235700
2022-10-05 00:00:00+00:00,130.27999877929688,133.5500030517578,128.25999450683594,132.11000061035156,6268300
2022-10-06 00:00:00+00:00,131.1300048828125,133.30999755859375,129.74000549316406,132.1999969482422,4454700
2022-10-07 00:00:00+00:00,130.36000061035156,130.61000061035156,128.02000427246094,129.7899932861328,5097400
2022-10-10 00:00:00+00:00,131.4199981689453,135.74000549316406,130.1999969482422,131.89999389648438,6829900
2022-10-11 00:00:00+00:00,132.9600067138672,135.36000061035156,129.50999450683594,131.57000732421875,8508400
2022-10-12 00:00:00+00:00,128.42999267578125,131.33999633789062,127.86000061035156,130.4199981689453,6393000
2022-10-13 00:00:00+00:00,126.5,134.6999969482422,124.16999816894531,132.39999389648438,7842300
2022-10-14 00:00:00+00:00,135.58999633789062,136.41000366210938,131.3699951171875,133.14999389648438,6093900
2022-10-17 00:00:00+00:00,136.97999572753906,137.27999877929688,133.25999450683594,136.08999633789062,9073500
2022-10-18 00:00:00+00:00,139.0,139.4199981689453,135.22000122070312,137.33999633789062,6146300
2022-10-19 00:00:00+00:00,137.1699981689453,141.1999969482422,136.6300048828125,138.38999938964844,6321900
2022-10-20 00:00:00+00:00,138.36000061035156,141.8800048828125,138.36000061035156,139.1300048828125,4331700
2022-10-21 00:00:00+00:00,138.47999572753906,141.3300018310547,136.6199951171875,141.32000732421875,5451300
2022-10-24 00:00:00+00:00,142.85000610351562,142.8800048828125,139.27999877929688,142.0500030517578,5177800
2022-10-25 00:00:00+00:00,142.08999633789062,146.8800048828125,141.8800048828125,146.64999389648438,6515600
2022-10-26 00:00:00+00:00,147.0500030517578,150.13999938964844,132.2100067138672,133.7899932861328,29406500
2022-10-27 00:00:00+00:00,137.10000610351562,143.10000610351562,136.6199951171875,139.75999450683594,13754900
2022-10-28 00:00:00+00:00,141.16000366210938,144.72999572753906,139.92999267578125,143.83999633789062,7941100
2022-10-31 00:00:00+00:00,141.8800048828125,144.4499969482422,139.52000427246094,142.50999450683594,6212200
2022-11-01 00:00:00+00:00,143.99000549316406,145.25,141.83999633789062,143.3800048828125,5758600
2022-11-02 00:00:00+00:00,142.1199951171875,153.58999633789062,141.5399932861328,147.41000366210938,20236100
2022-11-03 00:00:00+00:00,148.7899932861328,158.69000244140625,147.5,156.75,16212600
2022-11-04 00:00:00+00:00,156.66000366210938,160.97999572753906,154.5,160.00999450683594,9396200
2022-11-07 00:00:00+00:00,161.39999389648438,166.6999969482422,160.6300048828125,164.91000366210938,10220300
2022-11-08 00:00:00+00:00,166.0,170.5500030517578,164.91000366210938,169.6199951171875,11274500
2022-11-09 00:00:00+00:00,169.2899932861328,171.6199951171875,166.86000061035156,168.74000549316406,8893800
2022-11-10 00:00:00+00:00,172.13999938964844,179.32000732421875,171.75,177.5800018310547,12375000
2022-11-11 00:00:00+00:00,176.39999389648438,178.02999877929688,172.99000549316406,177.49000549316406,8894300
2022-11-14 00:00:00+00:00,176.5,178.19000244140625,173.5,173.5500030517578,5598300
2022-11-15 00:00:00+00:00,175.49000549316406,176.69000244140625,172.75,175.35000610351562,7207900
2022-11-16 00:00:00+00:00,174.11000061035156,174.7899932861328,171.85000610351562,172.69000244140625,4438600
2022-11-17 00:00:00+00:00,169.3000030517578,173.14999389648438,168.52000427246094,172.77999877929688,4878600
2022-11-18 00:00:00+00:00,173.97999572753906,175.19000244140625,171.52999877929688,173.88999938964844,4693200
2022-11-21 00:00:00+00:00,172.52999877929688,174.72000122070312,171.1199951171875,172.94000244140625,3501800
2022-11-22 00:00:00+00:00,173.64999389648438,174.99000549316406,171.0,172.5,4370600
2022-11-23 00:00:00+00:00,172.08999633789062,175.0,171.77000427246094,174.85000610351562,3523500
2022-11-25 00:00:00+00:00,174.35000610351562,178.4600067138672,174.02999877929688,178.36000061035156,3476900
2022-11-28 00:00:00+00:00,176.1699981689453,177.13999938964844,171.6999969482422,171.8300018310547,5355500
2022-11-29 00:00:00+00:00,172.8800048828125,175.9499969482422,172.55999755859375,175.32000732421875,5077800
2022-11-30 00:00:00+00:00,178.0,179.97999572753906,174.1999969482422,178.8800048828125,6778700
2022-12-01 00:00:00+00:00,178.8800048828125,179.6999969482422,174.69000244140625,175.77999877929688,4517500
2022-12-02 00:00:00+00:00,173.1199951171875,183.4499969482422,172.85000610351562,182.8699951171875,10563800
2022-12-05 00:00:00+00:00,182.0,188.4499969482422,180.8000030517578,185.10000610351562,10456300
2022-12-06 00:00:00+00:00,184.00999450683594,184.7899932861328,177.00999450683594,178.42999267578125,8236900
2022-12-07 00:00:00+00:00,176.27999877929688,178.42999267578125,174.6199951171875,176.5,5871200
2022-12-08 00:00:00+00:00,179.32000732421875,184.8800048828125,178.61000061035156,179.0800018310547,6707700
2022-12-09 00:00:00+00:00,180.75,183.88999938964844,179.25,179.5399932861328,6359000
2022-12-12 00:00:00+00:00,180.8000030517578,186.69000244140625,180.5,186.27000427246094,8098400
2022-12-13 00:00:00+00:00,191.11000061035156,191.11000061035156,184.85000610351562,187.1300048828125,10975300
2022-12-14 00:00:00+00:00,187.3300018310547,189.6699981689453,185.41000366210938,188.25,5814900
2022-12-15 00:00:00+00:00,186.25,187.97999572753906,181.27999877929688,183.72000122070312,5343200
2022-12-16 00:00:00+00:00,182.7899932861328,186.61000061035156,181.3000030517578,184.6999969482422,7906800
2022-12-19 00:00:00+00:00,184.9199981689453,188.0399932861328,184.7100067138672,185.67999267578125,6605400
2022-12-20 00:00:00+00:00,186.17999267578125,189.91000366210938,185.74000549316406,188.2899932861328,6156800
2022-12-21 00:00:00+00:00,190.0399932861328,196.39999389648438,189.72000122070312,196.0,9175400
2022-12-22 00:00:00+00:00,193.82000732421875,194.1699981689453,185.6699981689453,188.25,6924800
2022-12-23 00:00:00+00:00,188.25,189.42999267578125,184.72000122070312,189.05999755859375,3983600
2022-12-27 00:00:00+00:00,189.5800018310547,192.44000244140625,187.6199951171875,189.39999389648438,5014800
2022-12-28 00:00:00+00:00,189.32000732421875,191.32000732421875,187.42999267578125,188.3800048828125,4426300
2022-12-29 00:00:00+00:00,189.0,190.25,186.19000244140625,188.91000366210938,4518900
2022-12-30 00:00:00+00:00,187.5,190.64999389648438,187.0399932861328,190.49000549316406,4007400
2023-01-03 00:00:00+00:00,192.9499969482422,197.17999267578125,192.39999389648438,195.38999938964844,8624600
2023-01-04 00:00:00+00:00,195.17999267578125,203.75999450683594,195.17999267578125,203.63999938964844,9746900
2023-01-05 00:00:00+00:00,201.72000122070312,204.99000549316406,200.77999877929688,204.99000549316406,6913300
2023-01-06 00:00:00+00:00,205.3000030517578,213.0399932861328,203.5500030517578,213.0,11256400
2023-01-09 00:00:00+00:00,212.36000061035156,213.8800048828125,207.91000366210938,208.57000732421875,9005600
2023-01-10 00:00:00+00:00,203.89999389648438,209.60000610351562,203.4600067138672,206.69000244140625,8183200
2023-01-11 00:00:00+00:00,209.8699951171875,210.47000122070312,206.69000244140625,208.02999877929688,7190700
2023-01-12 00:00:00+00:00,209.5800018310547,214.9199981689453,207.3699951171875,214.32000732421875,8208100
2023-01-13 00:00:00+00:00,212.0,216.63999938964844,211.5800018310547,214.1300048828125,6213200
2023-01-17 00:00:00+00:00,212.7100067138672,213.33999633789062,209.07000732421875,211.41000366210938,6150700
2023-01-18 00:00:00+00:00,212.89999389648438,213.4199981689453,209.1999969482422,209.41000366210938,5403100
2023-01-19 00:00:00+00:00,206.77000427246094,209.6699981689453,204.82000732421875,207.08999633789062,5813500
2023-01-20 00:00:00+00:00,207.47000122070312,207.99000549316406,204.77999877929688,206.75999450683594,5475400
2023-01-23 00:00:00+00:00,208.36000061035156,211.08999633789062,206.99000549316406,209.97000122070312,5481900
2023-01-24 00:00:00+00:00,205.0,212.14999389648438,205.0,211.97999572753906,4753700
2023-01-25 00:00:00+00:00,205.8000030517578,214.75,203.11000061035156,212.67999267578125,16106500
2023-01-26 00:00:00+00:00,213.47999572753906,213.7899932861328,207.1999969482422,212.72999572753906,7288100
2023-01-27 00:00:00+00:00,211.32000732421875,212.8800048828125,209.4199981689453,211.1699981689453,5237900
2023-01-30 00:00:00+00:00,209.19000244140625,211.36000061035156,207.7100067138672,209.6699981689453,6066800
2023-01-31 00:00:00+00:00,210.14999389648438,213.11000061035156,208.24000549316406,213.0,5163000
2023-02-01 00:00:00+00:00,212.11000061035156,218.97000122070312,211.89999389648438,214.75,8462100
2023-02-02 00:00:00+00:00,215.14999389648438,215.2899932861328,208.3000030517578,209.33999633789062,6513400
2023-02-03 00:00:00+00:00,207.7100067138672,210.75,205.6199951171875,206.00999450683594,5400300
2023-02-06 00:00:00+00:00,205.19000244140625,208.2100067138672,203.69000244140625,206.80999755859375,3903000
2023-02-07 00:00:00+00:00,208.0399932861328,215.14999389648438,206.9199981689453,214.75999450683594,7311200
2023-02-08 00:00:00+00:00,213.07000732421875,215.77000427246094,211.77999877929688,213.5,4229800
2023-02-09 00:00:00+00:00,214.4600067138672,215.4499969482422,210.05999755859375,211.99000549316406,5018900
2023-02-10 00:00:00+00:00,212.00999450683594,214.5,210.5,212.88999938964844,4862900
2023-02-13 00:00:00+00:00,213.60000610351562,216.36000061035156,211.5,215.64999389648438,5193300
2023-02-14 00:00:00+00:00,214.02000427246094,221.3300018310547,213.14999389648438,218.4499969482422,10033100
2023-02-15 00:00:00+00:00,217.16000366210938,218.25,214.60000610351562,217.44000244140625,4846800
2023-02-16 00:00:00+00:00,215.0,216.52000427246094,212.1699981689453,212.2100067138672,4388000
2023-02-17 00:00:00+00:00,211.2100067138672,211.75999450683594,207.6199951171875,211.66000366210938,4985700
2023-02-21 00:00:00+00:00,208.99000549316406,210.83999633789062,205.0500030517578,205.52000427246094,4663800
2023-02-22 00:00:00+00:00,205.30999755859375,207.6699981689453,204.64999389648438,205.75999450683594,2920000
2023-02-23 00:00:00+00:00,207.4499969482422,209.69000244140625,205.75999450683594,208.1300048828125,4139400
2023-02-24 00:00:00+00:00,200.0,201.6999969482422,197.36000061035156,198.14999389648438,9658700
2023-02-27 00:00:00+00:00,199.8699951171875,203.1300048828125,199.05999755859375,200.4600067138672,4318900
2023-02-28 00:00:00+00:00,201.0,202.3800048828125,199.32000732421875,201.5500030517578,3589900
2023-03-01 00:00:00+00:00,201.47000122070312,205.44000244140625,200.85000610351562,204.5500030517578,4402300
2023-03-02 00:00:00+00:00,203.77999877929688,210.3300018310547,203.14999389648438,210.05999755859375,5451500
2023-03-03 00:00:00+00:00,210.25,216.1199951171875,209.39999389648438,215.11000061035156,7496800
2023-03-06 00:00:00+00:00,214.1199951171875,214.75,209.60000610351562,211.9199981689453,7004400
2023-03-07 00:00:00+00:00,211.30999755859375,213.17999267578125,207.77999877929688,207.9199981689453,4619700
2023-03-08 00:00:00+00:00,208.25,208.8800048828125,205.94000244140625,207.1999969482422,2406900
2023-03-09 00:00:00+00:00,208.32000732421875,209.02000427246094,200.3000030517578,201.24000549316406,4284000
2023-03-10 00:00:00+00:00,201.42999267578125,205.0,197.7899932861328,203.07000732421875,8547100
2023-03-13 00:00:00+00:00,200.1999969482422,207.0800018310547,197.11000061035156,203.3699951171875,6671200
2023-03-14 00:00:00+00:00,207.52999877929688,213.55999755859375,205.0,207.27999877929688,8245700
2023-03-15 00:00:00+00:00,201.9199981689453,202.2100067138672,192.41000366210938,198.2100067138672,10894200
2023-03-16 00:00:00+00:00,196.2100067138672,203.91000366210938,194.42999267578125,203.19000244140625,6747300
2023-03-17 00:00:00+00:00,201.35000610351562,202.8300018310547,199.0,201.0500030517578,9858900
2023-03-20 00:00:00+00:00,201.1199951171875,205.8699951171875,200.8699951171875,204.77000427246094,4764000
2023-03-21 00:00:00+00:00,207.3000030517578,207.86000061035156,203.88999938964844,204.6999969482422,4673300
2023-03-22 00:00:00+00:00,203.67999267578125,203.8300018310547,196.00999450683594,196.16000366210938,7311600
2023-03-23 00:00:00+00:00,197.89999389648438,201.5,195.13999938964844,197.89999389648438,6266900
2023-03-24 00:00:00+00:00,195.5,197.57000732421875,193.9199981689453,197.52999877929688,4511600
2023-03-27 00:00:00+00:00,198.6300048828125,201.5500030517578,198.6300048828125,200.57000732421875,3891700
2023-03-28 00:00:00+00:00,200.82000732421875,206.3000030517578,200.49000549316406,204.9600067138672,5460600
2023-03-29 00:00:00+00:00,206.5,208.64999389648438,205.8800048828125,207.97000122070312,3572200
2023-03-30 00:00:00+00:00,208.97000122070312,212.8699951171875,206.52000427246094,211.0399932861328,6583400
2023-03-31 00:00:00+00:00,211.75,214.8000030517578,211.38999938964844,212.42999267578125,5147500
2023-04-03 00:00:00+00:00,212.8000030517578,218.57000732421875,212.52999877929688,215.38999938964844,6085900
2023-04-04 00:00:00+00:00,212.0,213.99000549316406,209.1199951171875,213.89999389648438,6192300
2023-04-05 00:00:00+00:00,212.22999572753906,214.22999572753906,208.6699981689453,210.0,4138400
2023-04-06 00:00:00+00:00,210.0,212.3699951171875,208.22000122070312,211.3699951171875,5618100
2023-04-10 00:00:00+00:00,211.0,214.10000610351562,209.72999572753906,210.77999877929688,3729300
2023-04-11 00:00:00+00:00,213.2899932861328,214.5,211.86000061035156,212.32000732421875,5277500
2023-04-12 00:00:00+00:00,213.66000366210938,214.3000030517578,210.1300048828125,212.33999633789062,4600300
2023-04-13 00:00:00+00:00,213.0,213.67999267578125,211.5,213.58999633789062,4501600
2023-04-14 00:00:00+00:00,202.58999633789062,204.27999877929688,198.14999389648438,201.7100067138672,19066500
2023-04-17 00:00:00+00:00,202.0,206.10000610351562,200.8000030517578,205.02999877929688,6306800
2023-04-18 00:00:00+00:00,205.5,208.94000244140625,203.72000122070312,208.3699951171875,7445800
2023-04-19 00:00:00+00:00,207.1199951171875,210.8699951171875,206.94000244140625,208.7100067138672,4757400
2023-04-20 00:00:00+00:00,207.4199981689453,209.8800048828125,206.0800018310547,207.22999572753906,3322900
2023-04-21 00:00:00+00:00,208.0,208.3800048828125,204.17999267578125,205.14999389648438,3432300
2023-04-24 00:00:00+00:00,204.8699951171875,206.5,203.25,205.77000427246094,3058900
2023-04-25 00:00:00+00:00,204.5399932861328,204.94000244140625,201.1199951171875,202.19000244140625,4699500
2023-04-26 00:00:00+00:00,208.25,211.6999969482422,202.67999267578125,203.02999877929688,9137200
2023-04-27 00:00:00+00:00,204.64999389648438,209.08999633789062,203.52999877929688,206.0399932861328,5105200
2023-04-28 00:00:00+00:00,204.50999450683594,206.9499969482422,202.89999389648438,206.77999877929688,3716100
2023-05-01 00:00:00+00:00,206.25,208.52000427246094,203.6199951171875,203.8699951171875,3776800
2023-05-02 00:00:00+00:00,203.0,204.19000244140625,200.08999633789062,203.25,3970800
2023-05-03 00:00:00+00:00,204.36000061035156,206.10000610351562,200.5500030517578,200.92999267578125,4537900
2023-05-04 00:00:00+00:00,200.64999389648438,201.25,193.27000427246094,197.0500030517578,6934100
2023-05-05 00:00:00+00:00,198.08999633789062,199.0399932861328,196.75999450683594,198.33999633789062,3872200
2023-05-08 00:00:00+00:00,199.16000366210938,199.66000366210938,196.39999389648438,197.25999450683594,4677400
2023-05-09 00:00:00+00:00,201.2100067138672,204.61000061035156,198.77999877929688,201.8800048828125,9329500
2023-05-10 00:00:00+00:00,203.13999938964844,203.1999969482422,198.25,200.83999633789062,3923700
2023-05-11 00:00:00+00:00,199.38999938964844,202.5500030517578,198.07000732421875,201.83999633789062,3322000
2023-05-12 00:00:00+00:00,201.83999633789062,203.11000061035156,198.82000732421875,200.6999969482422,3169800
2023-05-15 00:00:00+00:00,200.00999450683594,203.32000732421875,198.64999389648438,202.77000427246094,2842700
2023-05-16 00:00:00+00:00,201.82000732421875,202.36000061035156,199.94000244140625,200.8699951171875,3012100
2023-05-17 00:00:00+00:00,202.7100067138672,208.5800018310547,202.7100067138672,206.8699951171875,6641900
2023-05-18 00:00:00+00:00,206.4499969482422,208.1699981689453,204.00999450683594,207.24000549316406,4349700
2023-05-19 00:00:00+00:00,208.11000061035156,208.3699951171875,204.6300048828125,205.49000549316406,3896200
2023-05-22 00:00:00+00:00,205.50999450683594,206.97999572753906,203.89999389648438,205.91000366210938,3094300
2023-05-23 00:00:00+00:00,204.5800018310547,207.49000549316406,202.4499969482422,202.60000610351562,4011100
2023-05-24 00:00:00+00:00,201.32000732421875,201.32000732421875,197.5,199.27000427246094,4371600
2023-05-25 00:00:00+00:00,199.99000549316406,201.75,196.60000610351562,200.8699951171875,3909200
2023-05-26 00:00:00+00:00,201.60000610351562,204.8000030517578,201.17999267578125,203.6300048828125,3820300
2023-05-30 00:00:00+00:00,204.08999633789062,207.8000030517578,203.30999755859375,204.69000244140625,3978200
2023-05-31 00:00:00+00:00,203.5,206.19000244140625,200.91000366210938,205.6999969482422,5461600
2023-06-01 00:00:00+00:00,206.4600067138672,210.22999572753906,206.0,207.9600067138672,5125100
2023-06-02 00:00:00+00:00,210.0,215.24000549316406,210.0,213.32000732421875,7486300
2023-06-05 00:00:00+00:00,213.27999877929688,213.27999877929688,207.5,208.77999877929688,4996800
2023-06-06 00:00:00+00:00,208.3699951171875,211.67999267578125,200.61000061035156,207.2899932861328,10957200
2023-06-07 00:00:00+00:00,207.99000549316406,212.3800048828125,207.1999969482422,211.92999267578125,6462400
2023-06-08 00:00:00+00:00,212.33999633789062,220.0,212.0500030517578,218.11000061035156,9359300
2023-06-09 00:00:00+00:00,217.99000549316406,219.16000366210938,215.69000244140625,217.30999755859375,5297800
2023-06-12 00:00:00+00:00,217.16000366210938,223.91000366210938,216.6300048828125,221.55999755859375,8065400
2023-06-13 00:00:00+00:00,222.35000610351562,223.1199951171875,219.35000610351562,220.3800048828125,5881000
2023-06-14 00:00:00+00:00,221.39999389648438,221.58999633789062,216.02999877929688,216.89999389648438,5629100
2023-06-15 00:00:00+00:00,217.1699981689453,220.61000061035156,215.30999755859375,219.41000366210938,5001400
2023-06-16 00:00:00+00:00,220.72000122070312,223.8699951171875,218.97999572753906,219.99000549316406,7803900
2023-06-20 00:00:00+00:00,218.88999938964844,219.2899932861328,211.8800048828125,212.3699951171875,8226400
2023-06-21 00:00:00+00:00,211.8300018310547,212.99000549316406,209.38999938964844,212.0800018310547,5356400
2023-06-22 00:00:00+00:00,205.61000061035156,208.5,203.64999389648438,205.61000061035156,7057500
2023-06-23 00:00:00+00:00,204.02000427246094,205.61000061035156,202.5500030517578,205.41000366210938,6338200
2023-06-26 00:00:00+00:00,206.11000061035156,207.08999633789062,204.66000366210938,205.5800018310547,3444900
2023-06-27 00:00:00+00:00,206.14999389648438,209.66000366210938,206.0800018310547,209.42999267578125,4465500
2023-06-28 00:00:00+00:00,211.2100067138672,212.19000244140625,209.4499969482422,210.72000122070312,4276100
2023-06-29 00:00:00+00:00,211.1199951171875,213.22000122070312,210.22999572753906,211.8300018310547,3443600
2023-06-30 00:00:00+00:00,213.13999938964844,213.24000549316406,209.3800048828125,211.16000366210938,5488700
2023-07-03 00:00:00+00:00,210.5,212.1699981689453,210.24000549316406,210.9199981689453,2143000
2023-07-05 00:00:00+00:00,210.0,214.27999877929688,207.88999938964844,213.30999755859375,4921000
2023-07-06 00:00:00+00:00,212.47999572753906,213.61000061035156,209.5800018310547,212.6199951171875,4674700
2023-07-07 00:00:00+00:00,212.94000244140625,215.66000366210938,211.8300018310547,212.10000610351562,4893600
2023-07-10 00:00:00+00:00,211.83999633789062,213.58999633789062,211.22000122070312,213.30999755859375,3497100
2023-07-11 00:00:00+00:00,212.9199981689453,218.97999572753906,211.35000610351562,218.75999450683594,7451400
2023-07-12 00:00:00+00:00,219.50999450683594,221.55999755859375,216.9199981689453,217.11000061035156,5123200
2023-07-13 00:00:00+00:00,218.1300048828125,218.89999389648438,216.3000030517578,216.85000610351562,4291700
2023-07-14 00:00:00+00:00,217.0,217.02000427246094,212.80999755859375,213.1199951171875,4294800
2023-07-17 00:00:00+00:00,212.5,214.22999572753906,211.74000549316406,211.8699951171875,3621500
2023-07-18 00:00:00+00:00,211.0,213.0399932861328,209.57000732421875,211.57000732421875,5895800
2023-07-19 00:00:00+00:00,211.1199951171875,211.8699951171875,208.24000549316406,208.60000610351562,4814100
2023-07-20 00:00:00+00:00,208.8300018310547,215.10000610351562,208.8000030517578,213.61000061035156,5782200
2023-07-21 00:00:00+00:00,213.88999938964844,215.60000610351562,211.63999938964844,211.8000030517578,4056800
2023-07-24 00:00:00+00:00,212.05999755859375,215.94000244140625,211.4600067138672,215.8699951171875,4898300
2023-07-25 00:00:00+00:00,214.1999969482422,214.82000732421875,210.80999755859375,214.1199951171875,6513300
2023-07-26 00:00:00+00:00,222.16000366210938,233.08999633789062,221.77000427246094,232.8000030517578,24923800
2023-07-27 00:00:00+00:00,235.25,238.6699981689453,231.8300018310547,233.75,12018300
2023-07-28 00:00:00+00:00,236.1199951171875,240.1300048828125,235.6999969482422,238.69000244140625,7054600
2023-07-31 00:00:00+00:00,238.99000549316406,239.07000732421875,236.2100067138672,238.85000610351562,4894900
2023-08-01 00:00:00+00:00,237.5500030517578,243.10000610351562,237.30999755859375,238.00999450683594,4975200
2023-08-02 00:00:00+00:00,234.99000549316406,236.67999267578125,230.69000244140625,231.3800048828125,5326700
2023-08-03 00:00:00+00:00,231.0,233.5800018310547,230.39999389648438,231.36000061035156,3282900
2023-08-04 00:00:00+00:00,232.2899932861328,234.91000366210938,230.0800018310547,231.36000061035156,3500700
2023-08-07 00:00:00+00:00,232.74000549316406,238.97999572753906,232.74000549316406,238.25,6068000
2023-08-08 00:00:00+00:00,236.52000427246094,240.72999572753906,236.0,238.0399932861328,5149200
2023-08-09 00:00:00+00:00,238.5399932861328,241.24000549316406,236.41000366210938,237.86000061035156,4044400
2023-08-10 00:00:00+00:00,238.4499969482422,241.5800018310547,237.0399932861328,238.25999450683594,3710800
2023-08-11 00:00:00+00:00,237.61000061035156,238.25999450683594,235.1199951171875,235.72000122070312,2652100
2023-08-14 00:00:00+00:00,237.0,238.64999389648438,235.75,236.7100067138672,2486300
2023-08-15 00:00:00+00:00,235.0,235.55999755859375,231.5399932861328,232.25999450683594,3201900
2023-08-16 00:00:00+00:00,231.5,234.6699981689453,229.60000610351562,229.9499969482422,2273300
2023-08-17 00:00:00+00:00,230.57000732421875,231.63999938964844,224.25999450683594,224.5399932861328,4359400
2023-08-18 00:00:00+00:00,222.22999572753906,226.7899932861328,221.67999267578125,226.64999389648438,3583200
2023-08-21 00:00:00+00:00,226.8000030517578,227.69000244140625,225.10000610351562,227.22000122070312,2734600
2023-08-22 00:00:00+00:00,228.0800018310547,230.47999572753906,226.92999267578125,230.07000732421875,3011000
2023-08-23 00:00:00+00:00,230.0,230.5399932861328,227.11000061035156,228.5800018310547,3004500
2023-08-24 00:00:00+00:00,222.50999450683594,224.1999969482422,217.08999633789062,217.30999755859375,9132600
2023-08-25 00:00:00+00:00,218.41000366210938,223.77000427246094,212.8800048828125,223.41000366210938,12352300
2023-08-28 00:00:00+00:00,224.2100067138672,227.4499969482422,223.2899932861328,227.05999755859375,4641800
2023-08-29 00:00:00+00:00,225.8800048828125,229.39999389648438,225.66000366210938,227.25,3716700
2023-08-30 00:00:00+00:00,227.0800018310547,231.1699981689453,226.64999389648438,228.85000610351562,3328300
2023-08-31 00:00:00+00:00,229.3300018310547,230.42999267578125,222.92999267578125,224.02999877929688,6953800
2023-09-01 00:00:00+00:00,226.0,226.22999572753906,221.9499969482422,223.39999389648438,3658400
2023-09-05 00:00:00+00:00,223.10000610351562,224.08999633789062,221.1999969482422,222.57000732421875,3246500
2023-09-06 00:00:00+00:00,221.77000427246094,222.7899932861328,216.4199981689453,217.9499969482422,4233500
2023-09-07 00:00:00+00:00,217.5,220.5500030517578,214.86000061035156,216.0500030517578,4929600
2023-09-08 00:00:00+00:00,215.8300018310547,216.0,210.50999450683594,211.27000427246094,5752000
2023-09-11 00:00:00+00:00,213.75999450683594,214.1999969482422,208.77000427246094,211.00999450683594,4522300
2023-09-12 00:00:00+00:00,209.35000610351562,212.25999450683594,208.5800018310547,210.64999389648438,3256500
2023-09-13 00:00:00+00:00,210.0,212.17999267578125,207.75,208.39999389648438,3538100
2023-09-14 00:00:00+00:00,209.13999938964844,210.44000244140625,208.10000610351562,209.0500030517578,3974800
2023-09-15 00:00:00+00:00,209.27999877929688,209.8300018310547,206.8800048828125,208.11000061035156,4670600
2023-09-18 00:00:00+00:00,207.91000366210938,207.91000366210938,204.97999572753906,205.1199951171875,4299200
2023-09-19 00:00:00+00:00,205.39999389648438,205.66000366210938,202.38999938964844,204.47999572753906,4039900
2023-09-20 00:00:00+00:00,205.8699951171875,206.25,202.30999755859375,202.3699951171875,3738800
2023-09-21 00:00:00+00:00,201.0,203.60000610351562,199.7100067138672,199.9499969482422,4745700
2023-09-22 00:00:00+00:00,199.9600067138672,200.74000549316406,197.13999938964844,197.7100067138672,4450900
2023-09-25 00:00:00+00:00,196.83999633789062,198.97999572753906,195.19000244140625,198.77999877929688,3527100
2023-09-26 00:00:00+00:00,197.7899932861328,199.38999938964844,195.4199981689453,195.63999938964844,3666300
2023-09-27 00:00:00+00:00,196.00999450683594,196.39999389648438,192.77000427246094,195.4600067138672,4015500
2023-09-28 00:00:00+00:00,193.6999969482422,195.25999450683594,190.02999877929688,190.42999267578125,8009500
2023-09-29 00:00:00+00:00,191.9199981689453,192.9499969482422,190.1699981689453,191.67999267578125,5158400
2023-10-02 00:00:00+00:00,191.47000122070312,192.44000244140625,186.92999267578125,187.8300018310547,5244700
2023-10-03 00:00:00+00:00,188.6300048828125,192.49000549316406,188.1999969482422,188.9199981689453,7285500
2023-10-04 00:00:00+00:00,188.85000610351562,190.6300048828125,184.33999633789062,186.72999572753906,7419800
2023-10-05 00:00:00+00:00,186.16000366210938,188.10000610351562,184.13999938964844,186.2899932861328,4331700
2023-10-06 00:00:00+00:00,185.3699951171875,188.63999938964844,182.5500030517578,187.3800048828125,5364300
2023-10-09 00:00:00+00:00,188.0,189.49000549316406,185.67999267578125,188.49000549316406,4575800
2023-10-10 00:00:00+00:00,190.00999450683594,194.3000030517578,188.75999450683594,193.52999877929688,8062400
2023-10-11 00:00:00+00:00,195.47000122070312,199.6199951171875,194.27000427246094,196.07000732421875,7394000
2023-10-12 00:00:00+00:00,195.10000610351562,195.6999969482422,189.9600067138672,191.3000030517578,5668300
2023-10-13 00:00:00+00:00,186.27000427246094,187.2899932861328,183.17999267578125,184.91000366210938,8215700
2023-10-16 00:00:00+00:00,185.91000366210938,186.22999572753906,182.5,184.92999267578125,4701000
2023-10-17 00:00:00+00:00,183.75,188.3300018310547,183.3000030517578,185.60000610351562,5121800
2023-10-18 00:00:00+00:00,187.22000122070312,190.25,185.0500030517578,185.69000244140625,6268100
2023-10-19 00:00:00+00:00,185.5,187.0500030517578,182.5399932861328,182.7899932861328,4043700
2023-10-20 00:00:00+00:00,182.67999267578125,183.38999938964844,179.85000610351562,180.0399932861328,4523500
2023-10-23 00:00:00+00:00,179.44000244140625,183.72000122070312,178.42999267578125,181.02999877929688,4146200
2023-10-24 00:00:00+00:00,183.2100067138672,184.35000610351562,181.8000030517578,182.36000061035156,4652900
2023-10-25 00:00:00+00:00,186.0,187.0,176.25,177.72999572753906,13806400
2023-10-26 00:00:00+00:00,177.11000061035156,182.9499969482422,176.52999877929688,179.08999633789062,6961800
2023-10-27 00:00:00+00:00,180.0,182.3300018310547,179.00999450683594,179.69000244140625,4606300
2023-10-30 00:00:00+00:00,179.4199981689453,184.16000366210938,179.4199981689453,182.35000610351562,5507100
2023-10-31 00:00:00+00:00,183.3800048828125,187.2899932861328,181.32000732421875,186.82000732421875,5043000
2023-11-01 00:00:00+00:00,189.69000244140625,190.77999877929688,187.5,189.3800048828125,5832200
2023-11-02 00:00:00+00:00,190.89999389648438,192.94000244140625,190.33999633789062,192.00999450683594,4313000
2023-11-03 00:00:00+00:00,194.0,197.13999938964844,193.7100067138672,195.0500030517578,4485100
2023-11-06 00:00:00+00:00,195.8800048828125,196.14999389648438,192.4600067138672,192.9499969482422,4222200
2023-11-07 00:00:00+00:00,192.1699981689453,192.1699981689453,189.57000732421875,191.41000366210938,4012900
2023-11-08 00:00:00+00:00,191.4499969482422,192.44000244140625,190.13999938964844,191.8300018310547,2984200
2023-11-09 00:00:00+00:00,193.02999877929688,197.07000732421875,192.55999755859375,193.3300018310547,4576300
2023-11-10 00:00:00+00:00,195.0,197.25999450683594,194.2100067138672,196.64999389648438,4788500
2023-11-13 00:00:00+00:00,203.49000549316406,206.85000610351562,202.50999450683594,204.5399932861328,13040300
2023-11-14 00:00:00+00:00,207.25,208.55999755859375,205.97999572753906,207.47000122070312,7280100
2023-11-15 00:00:00+00:00,208.2100067138672,211.08999633789062,207.60000610351562,208.7100067138672,5205900
2023-11-16 00:00:00+00:00,207.5,207.88999938964844,204.80999755859375,206.60000610351562,4655100
2023-11-17 00:00:00+00:00,208.36000061035156,209.4199981689453,206.82000732421875,208.0399932861328,3564600
2023-11-20 00:00:00+00:00,211.00999450683594,218.8800048828125,210.94000244140625,217.7100067138672,11568100
2023-11-21 00:00:00+00:00,216.5,219.3800048828125,216.07000732421875,218.27000427246094,5362100
2023-11-22 00:00:00+00:00,218.0,221.5,217.6999969482422,219.91000366210938,5384400
2023-11-24 00:00:00+00:00,220.61000061035156,221.58999633789062,218.9600067138672,220.0,2312100
2023-11-27 00:00:00+00:00,218.80999755859375,219.52999877929688,217.66000366210938,219.3000030517578,3691200
2023-11-28 00:00:00+00:00,222.00999450683594,224.8000030517578,219.41000366210938,222.3699951171875,7817800
2023-11-29 00:00:00+00:00,223.35000610351562,224.99000549316406,221.33999633789062,224.42999267578125,5424400
2023-11-30 00:00:00+00:00,225.0,233.0,225.0,231.6300048828125,8736200
2023-12-01 00:00:00+00:00,231.77000427246094,235.3800048828125,231.3800048828125,233.8699951171875,6956200
2023-12-04 00:00:00+00:00,231.3000030517578,234.94000244140625,230.07000732421875,234.8699951171875,5228500
2023-12-05 00:00:00+00:00,233.5399932861328,234.74000549316406,231.49000549316406,234.16000366210938,3589800
2023-12-06 00:00:00+00:00,234.77999877929688,239.22999572753906,234.42999267578125,236.88999938964844,4740600
2023-12-07 00:00:00+00:00,236.89999389648438,238.3000030517578,230.0,237.3300018310547,6363700
2023-12-08 00:00:00+00:00,237.32000732421875,244.6999969482422,237.32000732421875,244.6999969482422,7171200
2023-12-11 00:00:00+00:00,243.5,248.0800018310547,243.30999755859375,248.0800018310547,7545000
2023-12-12 00:00:00+00:00,247.9499969482422,250.57000732421875,247.39999389648438,248.6300048828125,5719200
2023-12-13 00:00:00+00:00,249.10000610351562,251.8699951171875,247.52999877929688,250.91000366210938,5513400
2023-12-14 00:00:00+00:00,250.91000366210938,257.1199951171875,249.25999450683594,256.239990234375,7883600
2023-12-15 00:00:00+00:00,255.6999969482422,265.5199890136719,255.6999969482422,264.2699890136719,14995900
2023-12-18 00:00:00+00:00,260.6300048828125,263.1300048828125,260.25,260.4100036621094,6140100
2023-12-19 00:00:00+00:00,261.0400085449219,265.3399963378906,260.79998779296875,263.510009765625,6089500
2023-12-20 00:00:00+00:00,262.25,266.1300048828125,260.1499938964844,260.25,5151700
2023-12-21 00:00:00+00:00,265.95001220703125,267.5400085449219,260.19000244140625,262.0199890136719,6487200
2023-12-22 00:00:00+00:00,261.8299865722656,262.8399963378906,259.20001220703125,260.44000244140625,4434000
2023-12-26 00:00:00+00:00,259.79998779296875,263.760009765625,259.5400085449219,262.7900085449219,3938600
2023-12-27 00:00:00+00:00,262.6300048828125,264.6600036621094,260.8999938964844,262.1000061035156,3484900
2023-12-28 00:00:00+00:00,261.5299987792969,262.1000061035156,257.67999267578125,260.3500061035156,5096400
2023-12-29 00:00:00+00:00,260.6700134277344,262.2200012207031,259.55999755859375,260.6600036621094,3686600
2024-01-02 00:00:00+00:00,257.2799987792969,258.5899963378906,250.8699951171875,251.75999450683594,5815200
2024-01-03 00:00:00+00:00,248.32000732421875,250.1300048828125,243.0,243.91000366210938,7219900
2024-01-04 00:00:00+00:00,244.5800018310547,248.27999877929688,244.17999267578125,244.94000244140625,5170700
2024-01-05 00:00:00+00:00,245.0399932861328,250.19000244140625,245.0399932861328,249.0,3849700
2024-01-08 00:00:00+00:00,228.0,233.85000610351562,225.7899932861328,229.0,40730400
2024-01-09 00:00:00+00:00,225.66000366210938,228.7899932861328,223.1999969482422,225.75999450683594,20687500
2024-01-10 00:00:00+00:00,226.89999389648438,231.61000061035156,226.63999938964844,227.83999633789062,12883700
2024-01-11 00:00:00+00:00,228.07000732421875,228.27999877929688,222.6199951171875,222.66000366210938,11830500
2024-01-12 00:00:00+00:00,219.97000122070312,222.07000732421875,217.0399932861328,217.6999969482422,11285500
2024-01-16 00:00:00+00:00,210.07000732421875,210.97999572753906,199.5,200.52000427246094,35290000
2024-01-17 00:00:00+00:00,202.6300048828125,206.3000030517578,201.64999389648438,203.05999755859375,20140100
2024-01-18 00:00:00+00:00,205.63999938964844,213.0399932861328,203.32000732421875,211.61000061035156,20046800
2024-01-19 00:00:00+00:00,210.88999938964844,215.16000366210938,209.22999572753906,215.02000427246094,14345400
2024-01-22 00:00:00+00:00,213.07000732421875,217.0,212.36000061035156,214.92999267578125,10760800
2024-01-23 00:00:00+00:00,215.35000610351562,216.85000610351562,211.1300048828125,211.5,9076900
2024-01-24 00:00:00+00:00,209.8300018310547,217.58999633789062,209.36000061035156,214.1300048828125,15119100
2024-01-25 00:00:00+00:00,208.1999969482422,208.72999572753906,198.32000732421875,201.8800048828125,22112500
2024-01-26 00:00:00+00:00,203.0800018310547,206.75,203.0,205.47000122070312,9911200
2024-01-29 00:00:00+00:00,206.05999755859375,207.0399932861328,203.85000610351562,205.19000244140625,7535400
2024-01-30 00:00:00+00:00,203.64999389648438,203.97999572753906,199.13999938964844,200.44000244140625,13321200
2024-01-31 00:00:00+00:00,204.9199981689453,213.77000427246094,203.25,211.0399932861328,22409400
2024-02-01 00:00:00+00:00,213.83999633789062,214.6300048828125,206.80999755859375,209.80999755859375,10679200
2024-02-02 00:00:00+00:00,209.05999755859375,209.5399932861328,206.35000610351562,209.3800048828125,6275300
2024-02-05 00:00:00+00:00,204.63999938964844,207.33999633789062,202.0,206.6300048828125,8682500
2024-02-06 00:00:00+00:00,206.02000427246094,210.63999938964844,203.88999938964844,208.5800018310547,7556900
2024-02-07 00:00:00+00:00,208.75999450683594,213.77000427246094,207.99000549316406,211.9199981689453,7747700
2024-02-08 00:00:00+00:00,212.39999389648438,213.10000610351562,208.72000122070312,209.22000122070312,5787700
2024-02-09 00:00:00+00:00,209.77000427246094,211.44000244140625,207.89999389648438,209.1999969482422,4349700
2024-02-12 00:00:00+00:00,208.6999969482422,209.8000030517578,207.60000610351562,209.3300018310547,4077400
2024-02-13 00:00:00+00:00,206.89999389648438,207.80999755859375,202.3300018310547,204.4600067138672,8263600
2024-02-14 00:00:00+00:00,205.9499969482422,206.5800018310547,202.2100067138672,203.3800048828125,6503000
2024-02-15 00:00:00+00:00,204.1199951171875,206.5500030517578,203.39999389648438,205.3300018310547,5309100
2024-02-16 00:00:00+00:00,204.8800048828125,205.0500030517578,202.80999755859375,203.88999938964844,5986500
2024-02-20 00:00:00+00:00,203.5500030517578,205.5800018310547,202.7100067138672,203.3699951171875,5248400
2024-02-21 00:00:00+00:00,202.89999389648438,203.6300048828125,201.2100067138672,201.57000732421875,4171600
2024-02-22 00:00:00+00:00,202.0,204.10000610351562,200.39999389648438,201.5,6513500
2024-02-23 00:00:00+00:00,200.99000549316406,202.07000732421875,197.14999389648438,200.8300018310547,7433400
2024-02-26 00:00:00+00:00,201.00999450683594,202.75,200.0,200.5399932861328,4807200
2024-02-27 00:00:00+00:00,200.92999267578125,202.0,200.0399932861328,201.39999389648438,3932900
2024-02-28 00:00:00+00:00,201.13999938964844,208.10000610351562,200.17999267578125,207.0,9654700
2024-02-29 00:00:00+00:00,206.44000244140625,206.6199951171875,202.6999969482422,203.72000122070312,6670300
2024-03-01 00:00:00+00:00,204.0,205.05999755859375,199.00999450683594,200.0,11609500
2024-03-04 00:00:00+00:00,199.5,201.5399932861328,196.9199981689453,200.5399932861328,7213900
2024-03-05 00:00:00+00:00,199.49000549316406,202.85000610351562,198.6999969482422,201.13999938964844,5034700
2024-03-06 00:00:00+00:00,201.77000427246094,202.35000610351562,199.86000061035156,201.0,4736600
2024-03-07 00:00:00+00:00,200.6999969482422,203.72999572753906,200.57000732421875,203.02999877929688,5965300
2024-03-08 00:00:00+00:00,201.83999633789062,203.8000030517578,198.4600067138672,198.49000549316406,9010200
2024-03-11 00:00:00+00:00,194.2100067138672,196.07000732421875,189.8000030517578,192.49000549316406,14160600
2024-03-12 00:00:00+00:00,188.24000549316406,188.5800018310547,183.16000366210938,184.24000549316406,18714800
2024-03-13 00:00:00+00:00,183.16000366210938,185.97000122070312,182.0800018310547,182.35000610351562,10196100
2024-03-14 00:00:00+00:00,182.0,184.94000244140625,180.52000427246094,181.14999389648438,10016200
2024-03-15 00:00:00+00:00,180.99000549316406,184.17999267578125,180.91000366210938,182.52999877929688,10800700
2024-03-18 00:00:00+00:00,180.25999450683594,181.19000244140625,177.52000427246094,179.83999633789062,9497800
2024-03-19 00:00:00+00:00,180.11000061035156,181.86000061035156,179.74000549316406,181.13999938964844,7648000
2024-03-20 00:00:00+00:00,178.99000549316406,188.3000030517578,178.60000610351562,187.77999877929688,12770000
2024-03-21 00:00:00+00:00,189.7899932861328,190.3800048828125,187.5500030517578,187.6999969482422,7436400
2024-03-22 00:00:00+00:00,188.75,192.94000244140625,188.19000244140625,188.85000610351562,7827000
2024-03-25 00:00:00+00:00,196.00999450683594,196.17999267578125,189.5,191.41000366210938,12953000
2024-03-26 00:00:00+00:00,192.02000427246094,192.02999877929688,186.80999755859375,187.5,8972200
2024-03-27 00:00:00+00:00,188.83999633789062,191.99000549316406,188.3300018310547,191.9499969482422,7372800
2024-03-28 00:00:00+00:00,192.0,193.3800048828125,191.1999969482422,192.99000549316406,4471700
2024-04-01 00:00:00+00:00,192.24000549316406,192.8699951171875,189.02999877929688,189.5,5107800
2024-04-02 00:00:00+00:00,189.0,189.22999572753906,187.1300048828125,188.0399932861328,4477200
2024-04-03 00:00:00+00:00,187.67999267578125,188.77999877929688,184.27000427246094,184.9199981689453,6609300
2024-04-04 00:00:00+00:00,185.92999267578125,188.0,182.80999755859375,183.2899932861328,6513800
2024-04-05 00:00:00+00:00,184.16000366210938,184.66000366210938,182.44000244140625,183.13999938964844,4130400
2024-04-08 00:00:00+00:00,182.13999938964844,184.5500030517578,181.49000549316406,181.55999755859375,6176400
2024-04-09 00:00:00+00:00,181.50999450683594,183.0500030517578,176.57000732421875,178.1199951171875,11427800
2024-04-10 00:00:00+00:00,176.30999755859375,178.10000610351562,172.44000244140625,174.6300048828125,9727700
2024-04-11 00:00:00+00:00,174.47000122070312,174.6999969482422,171.3800048828125,173.36000061035156,7625100
2024-04-12 00:00:00+00:00,172.1999969482422,173.24000549316406,169.3699951171875,169.5500030517578,7568300
2024-04-15 00:00:00+00:00,170.74000549316406,171.17999267578125,167.52999877929688,167.82000732421875,6490700
2024-04-16 00:00:00+00:00,168.13999938964844,170.63999938964844,167.75,170.5500030517578,7986700
2024-04-17 00:00:00+00:00,170.0,170.85000610351562,168.1199951171875,170.2100067138672,8162600
2024-04-18 00:00:00+00:00,169.47999572753906,172.0399932861328,169.10000610351562,170.22999572753906,5123000
2024-04-19 00:00:00+00:00,170.0,172.0,169.64999389648438,169.82000732421875,4693900
2024-04-22 00:00:00+00:00,169.82000732421875,172.14999389648438,168.16000366210938,170.47999572753906,4724900
2024-04-23 00:00:00+00:00,170.9499969482422,171.17999267578125,168.42999267578125,169.17999267578125,7632100
2024-04-24 00:00:00+00:00,176.5,177.63999938964844,162.74000549316406,164.3300018310547,20889300
2024-04-25 00:00:00+00:00,163.58999633789062,168.1300048828125,159.6999969482422,166.80999755859375,12504700
2024-04-26 00:00:00+00:00,165.97999572753906,168.64999389648438,164.92999267578125,167.22000122070312,7208100
2024-04-29 00:00:00+00:00,167.89999389648438,173.80999755859375,167.5500030517578,173.49000549316406,7788600
2024-04-30 00:00:00+00:00,171.49000549316406,174.07000732421875,167.75999450683594,167.83999633789062,8248800
2024-05-01 00:00:00+00:00,167.5,173.86000061035156,167.5,171.4600067138672,6191900
2024-05-02 00:00:00+00:00,173.0,178.89999389648438,172.25,178.85000610351562,10223700
2024-05-03 00:00:00+00:00,179.58999633789062,180.49000549316406,177.89999389648438,179.7899932861328,5416300
2024-05-06 00:00:00+00:00,180.8800048828125,183.97999572753906,174.7100067138672,178.35000610351562,11913400
2024-05-07 00:00:00+00:00,177.22000122070312,178.35000610351562,176.1300048828125,176.7100067138672,5097500
2024-05-08 00:00:00+00:00,175.9499969482422,181.66000366210938,175.9499969482422,180.35000610351562,4956800
2024-05-09 00:00:00+00:00,179.5500030517578,181.75,179.30999755859375,181.25,5107400
2024-05-10 00:00:00+00:00,181.25,181.8800048828125,177.9199981689453,178.50999450683594,3715500
2024-05-13 00:00:00+00:00,179.0399932861328,180.75,178.07000732421875,178.44000244140625,3105200
2024-05-14 00:00:00+00:00,180.22999572753906,183.66000366210938,179.6300048828125,180.75999450683594,4686500
2024-05-15 00:00:00+00:00,180.13999938964844,180.6699981689453,176.1699981689453,176.99000549316406,5858900
2024-05-16 00:00:00+00:00,177.60000610351562,183.75999450683594,177.25,182.9600067138672,6993200
2024-05-17 00:00:00+00:00,183.25,185.3800048828125,181.22000122070312,184.9499969482422,5562400
2024-05-20 00:00:00+00:00,184.64999389648438,188.6300048828125,184.00999450683594,186.61000061035156,6228600
2024-05-21 00:00:00+00:00,185.3000030517578,186.38999938964844,183.11000061035156,184.77999877929688,4349100
2024-05-22 00:00:00+00:00,184.60000610351562,186.82000732421875,183.41000366210938,186.27999877929688,3785400
2024-05-23 00:00:00+00:00,185.7899932861328,186.0,171.61000061035156,172.2100067138672,17116000
2024-05-24 00:00:00+00:00,173.1999969482422,174.86000061035156,169.57000732421875,174.52000427246094,9489400
2024-05-28 00:00:00+00:00,174.72999572753906,178.49000549316406,173.3800048828125,175.0800018310547,5274400
2024-05-29 00:00:00+00:00,173.61000061035156,175.8300018310547,171.61000061035156,171.64999389648438,3666400
2024-05-30 00:00:00+00:00,172.63999938964844,174.67999267578125,171.5500030517578,172.75,3924700
2024-05-31 00:00:00+00:00,173.1199951171875,177.89999389648438,172.2100067138672,177.61000061035156,5774500
2024-06-03 00:00:00+00:00,178.08999633789062,186.00999450683594,178.02000427246094,184.57000732421875,8951600
2024-06-04 00:00:00+00:00,185.0500030517578,188.83999633789062,183.25,188.6199951171875,7176800
2024-06-05 00:00:00+00:00,187.89999389648438,190.33999633789062,186.52999877929688,189.85000610351562,5944000
2024-06-06 00:00:00+00:00,188.8300018310547,192.10000610351562,187.35000610351562,191.4199981689453,5942200
2024-06-07 00:00:00+00:00,190.4600067138672,191.97999572753906,189.66000366210938,190.24000549316406,3374500
2024-06-10 00:00:00+00:00,190.0,192.6300048828125,189.60000610351562,190.1199951171875,4385000
2024-06-11 00:00:00+00:00,189.32000732421875,189.32000732421875,182.75,185.5,5010100
2024-06-12 00:00:00+00:00,186.5,187.16000366210938,181.7100067138672,182.6699981689453,5245200
2024-06-13 00:00:00+00:00,181.74000549316406,183.8699951171875,178.99000549316406,180.6999969482422,4201000
2024-06-14 00:00:00+00:00,178.89999389648438,180.2899932861328,175.22000122070312,177.27000427246094,5106000
2024-06-17 00:00:00+00:00,176.75,180.4499969482422,176.32000732421875,178.38999938964844,4790000
2024-06-18 00:00:00+00:00,177.61000061035156,178.0,173.82000732421875,174.99000549316406,6179900
2024-06-20 00:00:00+00:00,173.02000427246094,176.64999389648438,172.0500030517578,176.3000030517578,5479300
2024-06-21 00:00:00+00:00,176.8300018310547,178.41000366210938,175.66000366210938,176.55999755859375,8628200
2024-06-24 00:00:00+00:00,176.14999389648438,180.60000610351562,175.58999633789062,179.10000610351562,7388300
2024-06-25 00:00:00+00:00,176.2899932861328,178.75999450683594,173.2899932861328,175.10000610351562,7434000
2024-06-26 00:00:00+00:00,174.9600067138672,178.82000732421875,173.75999450683594,178.5,6553900
2024-06-27 00:00:00+00:00,178.91000366210938,183.67999267578125,178.00999450683594,182.50999450683594,8199000
2024-06-28 00:00:00+00:00,182.60000610351562,184.44000244140625,180.64999389648438,182.00999450683594,5899900
2024-07-01 00:00:00+00:00,182.1999969482422,189.47000122070312,182.1999969482422,186.6999969482422,9056700
2024-07-02 00:00:00+00:00,186.33999633789062,189.22999572753906,184.52000427246094,185.4199981689453,4110500
2024-07-03 00:00:00+00:00,185.0500030517578,185.4199981689453,182.85000610351562,184.30999755859375,2764800
2024-07-05 00:00:00+00:00,184.0,185.3800048828125,182.22999572753906,184.8300018310547,3290400
2024-07-08 00:00:00+00:00,186.94000244140625,191.5,182.27999877929688,185.83999633789062,9878100
2024-07-09 00:00:00+00:00,185.11000061035156,186.25,183.14999389648438,183.24000549316406,3942900
2024-07-10 00:00:00+00:00,183.60000610351562,184.89999389648438,182.8000030517578,183.72999572753906,3583200
2024-07-11 00:00:00+00:00,184.1699981689453,186.10000610351562,183.39999389648438,183.91000366210938,4840600
2024-07-12 00:00:00+00:00,183.72999572753906,184.49000549316406,180.4499969482422,182.30999755859375,5129300
2024-07-15 00:00:00+00:00,183.5,183.72000122070312,178.8800048828125,179.11000061035156,5189000
2024-07-16 00:00:00+00:00,180.0500030517578,187.44000244140625,179.1999969482422,186.0500030517578,8546400
2024-07-17 00:00:00+00:00,185.32000732421875,188.4499969482422,183.7899932861328,184.83999633789062,4899600
2024-07-18 00:00:00+00:00,184.24000549316406,187.3699951171875,179.8800048828125,180.22999572753906,5354800
2024-07-19 00:00:00+00:00,181.39999389648438,181.5,177.38999938964844,179.6699981689453,5121300
2024-07-22 00:00:00+00:00,181.36000061035156,182.72000122070312,177.22999572753906,178.89999389648438,4883500
2024-07-23 00:00:00+00:00,179.10000610351562,187.0399932861328,179.0,186.47999572753906,7614300
2024-07-24 00:00:00+00:00,185.6199951171875,187.0,179.97000122070312,180.07000732421875,5109100
2024-07-25 00:00:00+00:00,179.4499969482422,188.35000610351562,179.4499969482422,184.35000610351562,6128000
2024-07-26 00:00:00+00:00,185.86000061035156,189.58999633789062,184.6300048828125,186.88999938964844,6272000
2024-07-29 00:00:00+00:00,186.6999969482422,187.0800018310547,183.8300018310547,185.42999267578125,3608600
2024-07-30 00:00:00+00:00,186.10000610351562,188.1300048828125,185.14999389648438,186.86000061035156,4789000
2024-07-31 00:00:00+00:00,189.8800048828125,196.9499969482422,183.86000061035156,190.60000610351562,15417000
2024-08-01 00:00:00+00:00,190.0,191.1699981689453,176.69000244140625,178.30999755859375,13887000
2024-08-02 00:00:00+00:00,175.22000122070312,175.4600067138672,167.25,169.9499969482422,11742800
2024-08-05 00:00:00+00:00,162.52000427246094,167.67999267578125,162.5,167.02999877929688,9255100
2024-08-06 00:00:00+00:00,168.88999938964844,169.19000244140625,163.38999938964844,165.0399932861328,5817300
2024-08-07 00:00:00+00:00,167.0,167.97999572753906,162.99000549316406,163.24000549316406,5186400
2024-08-08 00:00:00+00:00,164.22999572753906,169.35000610351562,164.0,168.8699951171875,6063800
2024-08-09 00:00:00+00:00,168.38999938964844,169.85000610351562,166.89999389648438,167.91000366210938,3635600
2024-08-12 00:00:00+00:00,167.72999572753906,168.0500030517578,163.52000427246094,164.1300048828125,4715600
2024-08-13 00:00:00+00:00,164.5,168.8800048828125,162.6199951171875,168.75999450683594,6475500
2024-08-14 00:00:00+00:00,167.88999938964844,169.75,167.3300018310547,168.5,3852700
2024-08-15 00:00:00+00:00,170.0,176.55999755859375,169.97999572753906,176.41000366210938,5942200
2024-08-16 00:00:00+00:00,176.3000030517578,180.50999450683594,176.3000030517578,179.99000549316406,6731500
2024-08-19 00:00:00+00:00,180.0399932861328,180.6999969482422,177.6300048828125,179.63999938964844,3894200
2024-08-20 00:00:00+00:00,176.49000549316406,177.5,170.0399932861328,172.10000610351562,9549100
2024-08-21 00:00:00+00:00,173.0,174.1999969482422,171.0399932861328,173.42999267578125,4493600
2024-08-22 00:00:00+00:00,173.0,175.2100067138672,172.3000030517578,172.75999450683594,2788000
2024-08-23 00:00:00+00:00,173.8800048828125,176.9199981689453,173.1699981689453,174.9600067138672,4405900
2024-08-26 00:00:00+00:00,173.0,174.9199981689453,172.3000030517578,173.47999572753906,4034300
2024-08-27 00:00:00+00:00,173.6199951171875,173.92999267578125,171.25,173.0500030517578,3295800
2024-08-28 00:00:00+00:00,172.3000030517578,174.25,170.14999389648438,170.7100067138672,4550300
2024-08-29 00:00:00+00:00,171.7100067138672,175.27999877929688,170.6199951171875,172.25999450683594,4119500
2024-08-30 00:00:00+00:00,173.13999938964844,174.36000061035156,171.49000549316406,173.74000549316406,4146200
2024-09-03 00:00:00+00:00,167.02999877929688,169.60000610351562,158.3000030517578,161.02000427246094,17925400
2024-09-04 00:00:00+00:00,160.27999877929688,166.6999969482422,160.27999877929688,163.22000122070312,7316300
2024-09-05 00:00:00+00:00,164.14999389648438,164.6199951171875,160.10000610351562,162.14999389648438,4717500
2024-09-06 00:00:00+00:00,162.5,162.85000610351562,156.6999969482422,157.6199951171875,7328600
2024-09-09 00:00:00+00:00,162.3000030517578,164.5500030517578,161.11000061035156,162.91000366210938,9091500
2024-09-10 00:00:00+00:00,162.61000061035156,163.89999389648438,157.92999267578125,160.07000732421875,6367100
2024-09-11 00:00:00+00:00,159.7899932861328,161.8699951171875,156.10000610351562,161.3300018310547,6664800
2024-09-12 00:00:00+00:00,159.4199981689453,163.5,159.05999755859375,162.77000427246094,4742700
2024-09-13 00:00:00+00:00,159.77999877929688,162.88999938964844,155.60000610351562,156.77000427246094,19003400
2024-09-16 00:00:00+00:00,156.25,157.75999450683594,154.02000427246094,155.5500030517578,9955200
2024-09-17 00:00:00+00:00,156.1699981689453,158.8800048828125,155.13999938964844,156.38999938964844,8123200
2024-09-18 00:00:00+00:00,157.0,158.4499969482422,154.8000030517578,155.11000061035156,7714400
2024-09-19 00:00:00+00:00,157.0,157.17999267578125,154.27000427246094,154.58999633789062,9570000
2024-09-20 00:00:00+00:00,154.00999450683594,154.63999938964844,152.60000610351562,153.2899932861328,13919400
2024-09-23 00:00:00+00:00,153.0,158.42999267578125,151.64999389648438,156.3000030517578,12476800
2024-09-24 00:00:00+00:00,155.8000030517578,155.89999389648438,153.69000244140625,155.80999755859375,7414900
2024-09-25 00:00:00+00:00,156.4199981689453,157.22000122070312,152.0399932861328,152.22000122070312,9587700
2024-09-26 00:00:00+00:00,153.94000244140625,157.3300018310547,152.66000366210938,154.5800018310547,11414400
2024-09-27 00:00:00+00:00,155.3699951171875,157.3300018310547,154.38999938964844,156.32000732421875,7637000
2024-09-30 00:00:00+00:00,154.7899932861328,155.3000030517578,151.24000549316406,152.0399932861328,10902200
2024-10-01 00:00:00+00:00,151.4600067138672,156.39999389648438,149.49000549316406,154.22000122070312,12588800
2024-10-02 00:00:00+00:00,153.75999450683594,154.85000610351562,152.83999633789062,152.88999938964844,4357000
2024-10-03 00:00:00+00:00,152.1199951171875,152.74000549316406,150.50999450683594,150.52000427246094,5704800
2024-10-04 00:00:00+00:00,152.25999450683594,155.0,150.85000610351562,155.0,6657500
2024-10-07 00:00:00+00:00,155.0,158.75999450683594,154.67999267578125,155.91000366210938,6267900
2024-10-08 00:00:00+00:00,155.99000549316406,156.6999969482422,154.13999938964844,154.64999389648438,5336300
2024-10-09 00:00:00+00:00,152.0500030517578,152.19000244140625,148.8000030517578,149.3699951171875,12488500
2024-10-10 00:00:00+00:00,149.07000732421875,149.11000061035156,146.25999450683594,146.6199951171875,11275800
2024-10-11 00:00:00+00:00,146.3000030517578,151.1199951171875,146.3000030517578,151.02000427246094,10688600
2024-10-14 00:00:00+00:00,148.0,150.08999633789062,146.02000427246094,148.99000549316406,9737000
2024-10-15 00:00:00+00:00,150.5,153.9499969482422,148.5500030517578,152.35000610351562,11241700
2024-10-16 00:00:00+00:00,151.91000366210938,154.99000549316406,151.33999633789062,154.89999389648438,8356200
2024-10-17 00:00:00+00:00,155.0,157.13999938964844,154.25,155.30999755859375,6291800
2024-10-18 00:00:00+00:00,155.83999633789062,156.3699951171875,153.89999389648438,155.0,6030200
2024-10-21 00:00:00+00:00,160.25,163.44000244140625,158.36000061035156,159.82000732421875,13277600
2024-10-22 00:00:00+00:00,160.5,160.66000366210938,158.3699951171875,159.8800048828125,7380800
2024-10-23 00:00:00+00:00,160.0,161.47000122070312,153.52999877929688,157.05999755859375,15931500
2024-10-24 00:00:00+00:00,152.61000061035156,155.88999938964844,151.97999572753906,155.1999969482422,9774400
2024-10-25 00:00:00+00:00,156.1999969482422,157.47999572753906,154.52000427246094,155.00999450683594,8153000
2024-10-28 00:00:00+00:00,153.5,155.1999969482422,150.61000061035156,150.69000244140625,20992500
2024-10-29 00:00:00+00:00,147.86000061035156,155.99000549316406,147.5800018310547,152.97999572753906,66387700
2024-10-30 00:00:00+00:00,152.50999450683594,156.91000366210938,152.50999450683594,154.2899932861328,50738400
2024-10-31 00:00:00+00:00,154.30999755859375,154.47999572753906,147.8800048828125,149.30999755859375,29388200
2024-11-01 00:00:00+00:00,152.77999877929688,156.0,151.22999572753906,154.58999633789062,18894500
2024-11-04 00:00:00+00:00,154.6199951171875,156.72000122070312,152.4600067138672,155.07000732421875,10290400
2024-11-05 00:00:00+00:00,157.47000122070312,157.66000366210938,150.64999389648438,151.0,23126600
2024-11-06 00:00:00+00:00,152.3000030517578,153.1999969482422,144.1300048828125,147.16000366210938,28069300
2024-11-07 00:00:00+00:00,148.8000030517578,152.8000030517578,148.02999877929688,150.97999572753906,14709200
2024-11-08 00:00:00+00:00,151.1199951171875,152.60000610351562,149.42999267578125,151.67999267578125,12996800
2024-11-11 00:00:00+00:00,152.0,152.5,148.07000732421875,148.9600067138672,12799100
2024-11-12 00:00:00+00:00,148.39999389648438,148.5,143.85000610351562,145.1699981689453,16746700
2024-11-13 00:00:00+00:00,145.5800018310547,145.5800018310547,139.10000610351562,139.97000122070312,21249600
2024-11-14 00:00:00+00:00,140.8000030517578,141.5500030517578,137.22000122070312,138.13999938964844,15646700
2024-11-15 00:00:00+00:00,138.13999938964844,140.32000732421875,137.02999877929688,140.19000244140625,12120100
2024-11-18 00:00:00+00:00,140.25999450683594,144.69000244140625,138.1999969482422,143.8699951171875,12251600
2024-11-19 00:00:00+00:00,143.0,145.99000549316406,142.69000244140625,145.60000610351562,8247300
2024-11-20 00:00:00+00:00,146.0399932861328,147.3000030517578,145.02000427246094,146.0800018310547,9232100
2024-11-21 00:00:00+00:00,146.38999938964844,146.4199981689453,141.33999633789062,143.41000366210938,7845100
2024-11-22 00:00:00+00:00,143.61000061035156,150.33999633789062,143.49000549316406,149.2899932861328,13353100
2024-11-25 00:00:00+00:00,150.6999969482422,153.27999877929688,150.25999450683594,153.10000610351562,11479400
2024-11-26 00:00:00+00:00,152.5,153.13999938964844,149.8000030517578,150.75999450683594,8235000
2024-11-27 00:00:00+00:00,151.11000061035156,152.91000366210938,150.25,152.39999389648438,5210100
2024-11-29 00:00:00+00:00,153.0,157.5,152.85000610351562,155.44000244140625,7100100
2024-12-02 00:00:00+00:00,155.91000366210938,160.35000610351562,155.6999969482422,156.5399932861328,10097900
2024-12-03 00:00:00+00:00,156.0,156.64999389648438,154.4199981689453,155.0,6130300
2024-12-04 00:00:00+00:00,155.8800048828125,160.1999969482422,154.2100067138672,158.27999877929688,9269300
2024-12-05 00:00:00+00:00,158.5,160.02000427246094,156.0500030517578,156.6699981689453,7119800
2024-12-06 00:00:00+00:00,157.02999877929688,158.9499969482422,153.3699951171875,153.92999267578125,8182700
2024-12-09 00:00:00+00:00,154.27000427246094,161.9499969482422,154.27000427246094,157.0399932861328,13540000
2024-12-10 00:00:00+00:00,160.0,166.67999267578125,159.4199981689453,164.10000610351562,17149200
2024-12-11 00:00:00+00:00,165.52000427246094,169.3000030517578,164.3800048828125,165.9600067138672,13116600
2024-12-12 00:00:00+00:00,168.22999572753906,168.82000732421875,165.64999389648438,167.75,10617700
2024-12-13 00:00:00+00:00,168.0,170.42999267578125,166.3300018310547,169.64999389648438,9754900
2024-12-16 00:00:00+00:00,168.08999633789062,175.1999969482422,166.10000610351562,173.1699981689453,13050700
2024-12-17 00:00:00+00:00,173.0399932861328,175.7899932861328,171.7100067138672,173.02999877929688,13557100
2024-12-18 00:00:00+00:00,173.27999877929688,177.94000244140625,171.0,172.6199951171875,15437200
2024-12-19 00:00:00+00:00,175.0,179.5800018310547,173.72000122070312,177.0399932861328,14777100
2024-12-20 00:00:00+00:00,176.86000061035156,182.0,175.30999755859375,177.35000610351562,23233700
2024-12-23 00:00:00+00:00,178.1199951171875,179.64999389648438,174.2899932861328,177.69000244140625,8486400
2024-12-24 00:00:00+00:00,177.69000244140625,180.9499969482422,177.5,179.33999633789062,4317000
2024-12-26 00:00:00+00:00,178.97999572753906,182.57000732421875,178.3300018310547,180.3800048828125,5905700
2024-12-27 00:00:00+00:00,180.00999450683594,181.42999267578125,179.39999389648438,180.72000122070312,6806900
2024-12-30 00:00:00+00:00,173.72000122070312,178.1699981689453,170.14999389648438,176.5500030517578,18082300
2024-12-31 00:00:00+00:00,177.5399932861328,179.35000610351562,175.82000732421875,177.0,9748600
2025-01-02 00:00:00+00:00,178.30999755859375,179.19000244140625,169.82000732421875,171.8699951171875,12450000
2025-01-03 00:00:00+00:00,171.39999389648438,173.97999572753906,169.8000030517578,169.89999389648438,10513800
2025-01-06 00:00:00+00:00,173.5,173.94000244140625,170.19000244140625,170.77999877929688,11133400
2025-01-07 00:00:00+00:00,171.1699981689453,175.02000427246094,170.8000030517578,172.50999450683594,7045000
2025-01-08 00:00:00+00:00,171.14999389648438,173.77999877929688,169.61000061035156,171.75999450683594,5108700
2025-01-10 00:00:00+00:00,171.49000549316406,173.5399932861328,167.41000366210938,172.0,7556800
2025-01-13 00:00:00+00:00,171.17999267578125,172.5,167.91000366210938,170.57000732421875,6049600
2025-01-14 00:00:00+00:00,171.3699951171875,171.8800048828125,164.6199951171875,167.02000427246094,7966900
2025-01-15 00:00:00+00:00,169.00999450683594,169.99000549316406,165.97000122070312,166.1999969482422,6451000
2025-01-16 00:00:00+00:00,166.7899932861328,170.63999938964844,166.57000732421875,168.92999267578125,5812300
2025-01-17 00:00:00+00:00,169.8000030517578,171.77000427246094,169.4499969482422,171.08999633789062,9557100
2025-01-21 00:00:00+00:00,172.3800048828125,177.08999633789062,171.92999267578125,175.55999755859375,8755300
2025-01-22 00:00:00+00:00,175.2899932861328,176.22999572753906,173.8800048828125,174.8000030517578,5134400
2025-01-23 00:00:00+00:00,174.00999450683594,178.6699981689453,173.75,178.5,7097300
2025-01-24 00:00:00+00:00,176.0,180.42999267578125,174.3699951171875,176.05999755859375,9304200
2025-01-27 00:00:00+00:00,175.5500030517578,178.17999267578125,174.39999389648438,175.16000366210938,7148600
2025-01-28 00:00:00+00:00,181.30999755859375,188.47999572753906,174.02000427246094,177.77999877929688,22768900
2025-01-29 00:00:00+00:00,179.1300048828125,182.5500030517578,170.64999389648438,173.66000366210938,12263500
2025-01-30 00:00:00+00:00,174.58999633789062,179.94000244140625,173.72000122070312,179.52999877929688,6996300
2025-01-31 00:00:00+00:00,180.50999450683594,181.77999877929688,175.74000549316406,176.52000427246094,6104000
2025-02-03 00:00:00+00:00,174.11000061035156,178.1999969482422,173.1300048828125,175.8699951171875,6501700
2025-02-04 00:00:00+00:00,176.89999389648438,177.4499969482422,174.25,176.22999572753906,4503600
2025-02-05 00:00:00+00:00,176.0,181.86000061035156,175.50999450683594,181.83999633789062,7430400
2025-02-06 00:00:00+00:00,182.0,185.85000610351562,182.0,184.8000030517578,6919400
2025-02-07 00:00:00+00:00,185.25999450683594,186.11000061035156,180.92999267578125,181.49000549316406,5392300
2025-02-10 00:00:00+00:00,183.1199951171875,183.5500030517578,179.89999389648438,180.5500030517578,3989100
2025-02-11 00:00:00+00:00,179.77999877929688,182.13999938964844,177.60000610351562,180.44000244140625,4366700
2025-02-12 00:00:00+00:00,178.33999633789062,186.27000427246094,178.25,186.25,7686800
2025-02-13 00:00:00+00:00,187.0,188.24000549316406,185.08999633789062,185.44000244140625,6846300
2025-02-14 00:00:00+00:00,186.75,186.82000732421875,183.5800018310547,184.4199981689453,5044700
2025-02-18 00:00:00+00:00,185.67999267578125,188.66000366210938,184.22000122070312,184.97000122070312,6929600
2025-02-19 00:00:00+00:00,185.30999755859375,187.22999572753906,181.8300018310547,186.14999389648438,7264800
2025-02-20 00:00:00+00:00,185.5800018310547,185.8000030517578,180.11000061035156,180.8800048828125,7863000
2025-02-21 00:00:00+00:00,181.27999877929688,182.1999969482422,174.7100067138672,177.14999389648438,8980300
2025-02-24 00:00:00+00:00,177.47999572753906,183.0399932861328,176.5500030517578,179.91000366210938,8392900
2025-02-25 00:00:00+00:00,180.4499969482422,181.8800048828125,176.33999633789062,178.27000427246094,5613900
2025-02-26 00:00:00+00:00,179.49000549316406,179.49000549316406,171.8300018310547,173.0399932861328,7111700
2025-02-27 00:00:00+00:00,174.52000427246094,177.14999389648438,173.58999633789062,173.8300018310547,4695200
2025-02-28 00:00:00+00:00,174.36000061035156,176.3000030517578,173.47999572753906,174.6300048828125,5803300
2025-03-03 00:00:00+00:00,177.02000427246094,178.39999389648438,169.4600067138672,170.05999755859375,6045600
2025-03-04 00:00:00+00:00,167.3699951171875,168.3800048828125,156.69000244140625,158.89999389648438,15870200
2025-03-05 00:00:00+00:00,159.9600067138672,164.3300018310547,158.80999755859375,163.16000366210938,7355800
2025-03-06 00:00:00+00:00,161.4199981689453,162.69000244140625,157.94000244140625,158.42999267578125,6892600
2025-03-07 00:00:00+00:00,157.19000244140625,158.36000061035156,149.0500030517578,154.17999267578125,12526700
2025-03-10 00:00:00+00:00,150.02999877929688,150.38999938964844,146.3000030517578,148.14999389648438,10204000
2025-03-11 00:00:00+00:00,148.0,155.00999450683594,145.4499969482422,154.05999755859375,10030500
2025-03-12 00:00:00+00:00,157.0,159.5399932861328,153.61000061035156,158.8000030517578,8706900
2025-03-13 00:00:00+00:00,159.22000122070312,161.74000549316406,157.25,159.32000732421875,5701600
2025-03-14 00:00:00+00:00,160.9199981689453,162.32000732421875,159.1999969482422,161.80999755859375,5215100
2025-03-17 00:00:00+00:00,160.5,162.77000427246094,159.6199951171875,161.85000610351562,5602700
2025-03-18 00:00:00+00:00,161.44000244140625,162.22999572753906,158.7899932861328,161.57000732421875,4195200
2025-03-19 00:00:00+00:00,165.32000732421875,174.1999969482422,165.0,172.6199951171875,14114800
2025-03-20 00:00:00+00:00,171.13999938964844,173.10000610351562,170.30999755859375,172.8300018310547,4934400
2025-03-21 00:00:00+00:00,172.05999755859375,183.4600067138672,170.77000427246094,178.11000061035156,26802400
2025-03-24 00:00:00+00:00,182.02999877929688,184.39999389648438,180.44000244140625,180.89999389648438,9986100
2025-03-25 00:00:00+00:00,182.16000366210938,183.85000610351562,180.36000061035156,182.58999633789062,7174400
2025-03-26 00:00:00+00:00,182.52999877929688,183.22999572753906,177.27999877929688,178.5500030517578,6615900
2025-03-27 00:00:00+00:00,178.52999877929688,182.22000122070312,178.02999877929688,179.11000061035156,4788600
2025-03-28 00:00:00+00:00,177.75,178.5,172.4499969482422,173.30999755859375,8211100
2025-03-31 00:00:00+00:00,170.64999389648438,172.2100067138672,166.7899932861328,170.5500030517578,7477500
2025-04-01 00:00:00+00:00,170.0,170.97999572753906,164.22000122070312,168.1699981689453,8252800
2025-04-02 00:00:00+00:00,166.39999389648438,170.3800048828125,165.5500030517578,168.55999755859375,5826600
2025-04-03 00:00:00+00:00,160.0,160.2100067138672,150.41000366210938,150.91000366210938,15877400
2025-04-04 00:00:00+00:00,143.3000030517578,146.0,132.7899932861328,136.58999633789062,22282000
2025-04-07 00:00:00+00:00,132.0500030517578,143.97000122070312,128.8800048828125,138.86000061035156,18825000
2025-04-08 00:00:00+00:00,146.85000610351562,147.77000427246094,137.39999389648438,139.38999938964844,14527900
2025-04-09 00:00:00+00:00,138.85000610351562,162.42999267578125,137.94000244140625,160.82000732421875,16775200
2025-04-10 00:00:00+00:00,154.97999572753906,157.35000610351562,149.41000366210938,155.52000427246094,10375000
2025-04-11 00:00:00+00:00,154.6199951171875,157.58999633789062,152.0,156.83999633789062,8810700
2025-04-14 00:00:00+00:00,159.82000732421875,162.5500030517578,157.60000610351562,159.27999877929688,7288700
2025-04-15 00:00:00+00:00,155.27999877929688,159.1199951171875,155.27999877929688,155.52000427246094,11541100
2025-04-16 00:00:00+00:00,154.3699951171875,157.66000366210938,153.5399932861328,156.47000122070312,6809600
2025-04-17 00:00:00+00:00,157.1300048828125,163.89999389648438,157.0,161.89999389648438,9227300
2025-04-21 00:00:00+00:00,160.0,160.0,156.47000122070312,159.33999633789062,5703800
2025-04-22 00:00:00+00:00,162.5,163.08999633789062,158.5,162.52000427246094,9147300
2025-04-23 00:00:00+00:00,174.0,176.5800018310547,169.91000366210938,172.3699951171875,16264700
2025-04-24 00:00:00+00:00,171.1999969482422,177.39999389648438,169.0,176.25999450683594,10984200
2025-04-25 00:00:00+00:00,176.5,180.3300018310547,175.86000061035156,177.9499969482422,7644200
2025-04-28 00:00:00+00:00,182.75,184.52999877929688,180.75,182.3000030517578,9302600
2025-04-29 00:00:00+00:00,182.52000427246094,184.25,181.1999969482422,182.0,6795000
2025-04-30 00:00:00+00:00,178.47000122070312,183.7899932861328,177.6300048828125,183.24000549316406,6266800
2025-05-01 00:00:00+00:00,182.85000610351562,184.75,182.02999877929688,182.88999938964844,7322900
2025-05-02 00:00:00+00:00,185.0,187.5800018310547,184.0800018310547,185.4600067138672,8695900
2025-05-05 00:00:00+00:00,184.38999938964844,187.5800018310547,184.38999938964844,186.4600067138672,5413700
2025-05-06 00:00:00+00:00,184.7100067138672,186.1999969482422,183.6300048828125,185.9600067138672,4948000
2025-05-07 00:00:00+00:00,185.0,186.72000122070312,183.5,185.55999755859375,6094800
2025-05-08 00:00:00+00:00,186.75999450683594,194.75,186.22000122070312,191.6999969482422,15344100
2025-05-09 00:00:00+00:00,193.5500030517578,195.3000030517578,192.17999267578125,194.85000610351562,7669900
2025-05-12 00:00:00+00:00,198.16000366210938,198.77999877929688,193.05999755859375,198.52999877929688,9340700
2025-05-13 00:00:00+00:00,200.3000030517578,205.72999572753906,199.6699981689453,203.4199981689453,13509500
2025-05-14 00:00:00+00:00,205.8000030517578,209.66000366210938,204.0500030517578,204.72000122070312,16872300
2025-05-15 00:00:00+00:00,207.35000610351562,208.60000610351562,205.4199981689453,206.24000549316406,9583900
2025-05-16 00:00:00+00:00,205.69000244140625,206.24000549316406,203.02000427246094,205.82000732421875,8496800
2025-05-19 00:00:00+00:00,203.0,205.60000610351562,202.3000030517578,205.25,5740200
2025-05-20 00:00:00+00:00,205.0,208.6199951171875,205.0,207.6699981689453,5876000
2025-05-21 00:00:00+00:00,206.60000610351562,207.1199951171875,202.42999267578125,203.2100067138672,6616300
2025-05-22 00:00:00+00:00,202.52999877929688,204.72999572753906,201.85000610351562,203.41000366210938,3634500
2025-05-23 00:00:00+00:00,199.9499969482422,203.1999969482422,198.75,202.36000061035156,5255200
2025-05-27 00:00:00+00:00,204.27999877929688,205.0,200.8800048828125,201.02999877929688,5857900
2025-05-28 00:00:00+00:00,201.9499969482422,202.4499969482422,200.22000122070312,201.5,5481500
2025-05-29 00:00:00+00:00,201.77999877929688,212.27999877929688,201.5,208.17999267578125,16334000
2025-05-30 00:00:00+00:00,206.77000427246094,207.6999969482422,204.35000610351562,207.32000732421875,7485100
2025-06-02 00:00:00+00:00,210.97999572753906,212.33999633789062,207.89999389648438,211.47000122070312,7561800
2025-06-03 00:00:00+00:00,212.0,215.8000030517578,211.77000427246094,213.42999267578125,8106100
2025-06-04 00:00:00+00:00,214.77000427246094,214.99000549316406,211.02999877929688,211.97999572753906,5705300
2025-06-05 00:00:00+00:00,212.5,212.99000549316406,208.22000122070312,209.02000427246094,4733800
2025-06-06 00:00:00+00:00,210.24000549316406,211.11000061035156,208.0399932861328,210.8000030517578,6079700
2025-06-09 00:00:00+00:00,211.22999572753906,218.8000030517578,211.08999633789062,217.50999450683594,9419200
2025-06-10 00:00:00+00:00,217.5800018310547,217.89999389648438,213.25,215.72999572753906,8190100
2025-06-11 00:00:00+00:00,215.5,216.2100067138672,212.2100067138672,214.0,5398800
2025-06-12 00:00:00+00:00,202.1699981689453,206.33999633789062,201.27999877929688,203.75,30586600
2025-06-13 00:00:00+00:00,200.67999267578125,202.22999572753906,195.27999877929688,200.32000732421875,16093500
2025-06-16 00:00:00+00:00,200.57000732421875,204.0,199.0800018310547,201.6999969482422,6902700
2025-06-17 00:00:00+00:00,201.30999755859375,205.30999755859375,198.8699951171875,200.25999450683594,10844600
2025-06-18 00:00:00+00:00,199.0,201.05999755859375,196.8000030517578,197.67999267578125,7928300
2025-06-20 00:00:00+00:00,198.66000366210938,200.67999267578125,197.4499969482422,198.75,8934700
2025-06-23 00:00:00+00:00,197.8300018310547,202.1999969482422,197.47000122070312,201.30999755859375,5875200
2025-06-24 00:00:00+00:00,203.0,203.50999450683594,200.17999267578125,200.94000244140625,5900900
2025-06-25 00:00:00+00:00,201.0,201.1300048828125,198.3000030517578,198.89999389648438,4690900
2025-06-26 00:00:00+00:00,200.41000366210938,204.38999938964844,199.75999450683594,202.5800018310547,6931700
2025-06-27 00:00:00+00:00,205.11000061035156,214.80999755859375,204.3800048828125,214.5500030517578,14805400
2025-06-30 00:00:00+00:00,213.8800048828125,214.7100067138672,208.02000427246094,209.52999877929688,9087100
2025-07-01 00:00:00+00:00,209.5,211.86000061035156,206.77000427246094,209.7899932861328,5978900
2025-07-02 00:00:00+00:00,210.39999389648438,214.39999389648438,208.25,212.02999877929688,5870900
2025-07-03 00:00:00+00:00,211.7899932861328,217.67999267578125,211.6699981689453,215.9199981689453,4476100
2025-07-07 00:00:00+00:00,215.60000610351562,218.6300048828125,214.5,218.6300048828125,5807400
2025-07-08 00:00:00+00:00,219.0,220.0,214.72000122070312,218.52000427246094,6769600
2025-07-09 00:00:00+00:00,220.1199951171875,230.1999969482422,220.00999450683594,226.60000610351562,16462300
2025-07-10 00:00:00+00:00,226.64999389648438,228.5,223.92999267578125,226.08999633789062,6116600
2025-07-11 00:00:00+00:00,225.42999267578125,228.74000549316406,225.42999267578125,226.83999633789062,6632000
2025-07-14 00:00:00+00:00,231.39999389648438,233.0399932861328,227.27000427246094,230.50999450683594,8750200
2025-07-15 00:00:00+00:00,230.1199951171875,233.61000061035156,228.4199981689453,230.0,9156800
2025-07-16 00:00:00+00:00,232.1300048828125,233.57000732421875,227.3000030517578,229.89999389648438,7474300
2025-07-17 00:00:00+00:00,230.11000061035156,232.58999633789062,227.75,231.0,7892600
2025-07-18 00:00:00+00:00,231.42999267578125,232.25,227.52000427246094,229.33999633789062,5974500
2025-07-21 00:00:00+00:00,229.39999389648438,232.5,228.02000427246094,229.32000732421875,4183300
2025-07-22 00:00:00+00:00,228.3000030517578,230.30999755859375,225.5500030517578,228.47999572753906,4737700
2025-07-23 00:00:00+00:00,230.32000732421875,235.27000427246094,229.30999755859375,233.8800048828125,7302900
2025-07-24 00:00:00+00:00,233.91000366210938,235.22999572753906,231.0500030517578,231.27000427246094,6160200
2025-07-25 00:00:00+00:00,232.02000427246094,233.30999755859375,228.83999633789062,233.05999755859375,4628500
2025-07-28 00:00:00+00:00,233.24000549316406,236.6300048828125,232.91000366210938,236.41000366210938,7923800
2025-07-29 00:00:00+00:00,239.5,242.69000244140625,225.25999450683594,226.0800018310547,20163600
2025-07-30 00:00:00+00:00,227.83999633789062,231.72000122070312,224.35000610351562,225.83999633789062,9354600
2025-07-31 00:00:00+00:00,224.02000427246094,225.0,221.14999389648438,221.83999633789062,7825000
2025-08-01 00:00:00+00:00,219.4499969482422,222.4600067138672,215.89999389648438,221.89999389648438,8572200
2025-08-04 00:00:00+00:00,220.14999389648438,222.85000610351562,218.02999877929688,222.33999633789062,5997300
2025-08-05 00:00:00+00:00,222.3699951171875,226.02999877929688,221.07000732421875,224.86000061035156,5687400
2025-08-06 00:00:00+00:00,225.6999969482422,226.57000732421875,224.0399932861328,225.0399932861328,3898800
2025-08-07 00:00:00+00:00,226.14999389648438,230.38999938964844,224.5800018310547,227.3300018310547,4563100
2025-08-08 00:00:00+00:00,227.5,230.89999389648438,227.3800048828125,229.1199951171875,4724200
2025-08-11 00:00:00+00:00,229.0,229.32000732421875,225.1699981689453,225.9600067138672,4872700
2025-08-12 00:00:00+00:00,226.9499969482422,232.61000061035156,226.4600067138672,232.61000061035156,7396400
2025-08-13 00:00:00+00:00,233.25,235.60000610351562,229.3300018310547,233.3699951171875,6670400
2025-08-14 00:00:00+00:00,231.64999389648438,233.97000122070312,230.86000061035156,233.19000244140625,5320800
2025-08-15 00:00:00+00:00,233.36000061035156,236.4499969482422,231.42999267578125,235.25999450683594,6291400
2025-08-18 00:00:00+00:00,234.47000122070312,235.16000366210938,229.11000061035156,232.41000366210938,8456000
2025-08-19 00:00:00+00:00,232.0,232.42999267578125,223.75,225.0,9061100
2025-08-20 00:00:00+00:00,224.49000549316406,226.3699951171875,223.60000610351562,225.6199951171875,5016000
2025-08-21 00:00:00+00:00,227.1300048828125,227.5800018310547,223.7100067138672,224.4600067138672,6101100
2025-08-22 00:00:00+00:00,225.41000366210938,233.6999969482422,225.24000549316406,230.1199951171875,8678400
2025-08-25 00:00:00+00:00,229.60000610351562,230.25,226.60000610351562,226.8699951171875,4757600
2025-08-26 00:00:00+00:00,228.0,234.8300018310547,227.97999572753906,234.8300018310547,7380200
2025-08-27 00:00:00+00:00,235.36000061035156,236.33999633789062,232.39999389648438,235.6199951171875,4757400
2025-08-28 00:00:00+00:00,235.85000610351562,237.35000610351562,234.5,236.16000366210938,4039600
2025-08-29 00:00:00+00:00,236.1300048828125,238.0500030517578,233.1699981689453,234.67999267578125,5008600
2025-09-02 00:00:00+00:00,231.27999877929688,238.3300018310547,230.8000030517578,237.3800048828125,6339100
2025-09-03 00:00:00+00:00,237.05999755859375,237.05999755859375,230.75999450683594,232.3800048828125,5999000
2025-09-04 00:00:00+00:00,233.00999450683594,233.10000610351562,229.2100067138672,230.75,4093200
2025-09-05 00:00:00+00:00,231.8000030517578,232.22999572753906,225.5,229.61000061035156,8203600
2025-09-08 00:00:00+00:00,231.6999969482422,232.1999969482422,228.08999633789062,230.9499969482422,5955000
2025-09-09 00:00:00+00:00,231.00999450683594,232.27999877929688,228.4499969482422,229.52000427246094,5510400
2025-09-10 00:00:00+00:00,229.60000610351562,230.10000610351562,226.58999633789062,227.52000427246094,4949500
2025-09-11 00:00:00+00:00,228.0,229.69000244140625,219.64999389648438,219.99000549316406,12010800
2025-09-12 00:00:00+00:00,219.88999938964844,220.0,215.6999969482422,215.94000244140625,11094900
2025-09-15 00:00:00+00:00,216.25,217.25999450683594,214.07000732421875,215.75,6896200
2025-09-16 00:00:00+00:00,216.86000061035156,217.1300048828125,213.75,215.02000427246094,6330600
2025-09-17 00:00:00+00:00,215.58999633789062,218.0500030517578,213.1300048828125,214.6300048828125,6019500
2025-09-18 00:00:00+00:00,215.22999572753906,217.39999389648438,213.6999969482422,215.66000366210938,6414000
2025-09-19 00:00:00+00:00,217.72999572753906,217.72999572753906,213.6199951171875,215.64999389648438,10513700
2025-09-22 00:00:00+00:00,215.1699981689453,215.89999389648438,211.42999267578125,212.08999633789062,7467700
2025-09-23 00:00:00+00:00,217.1199951171875,219.82000732421875,214.00999450683594,216.33999633789062,12760900
2025-09-24 00:00:00+00:00,217.55999755859375,218.17999267578125,214.77000427246094,215.10000610351562,7354800
2025-09-25 00:00:00+00:00,214.8699951171875,216.86000061035156,211.97999572753906,213.52999877929688,6649300
2025-09-26 00:00:00+00:00,223.36000061035156,224.10000610351562,219.11000061035156,221.25999450683594,17281700
2025-09-29 00:00:00+00:00,222.3699951171875,222.80999755859375,215.1199951171875,217.0800018310547,11290600
2025-09-30 00:00:00+00:00,217.10000610351562,217.67999267578125,212.8300018310547,215.8300018310547,9289300
2025-10-01 00:00:00+00:00,214.00999450683594,215.6300048828125,213.6999969482422,215.1999969482422,7178000
2025-10-02 00:00:00+00:00,215.4499969482422,218.86000061035156,215.30999755859375,217.42999267578125,8281100
2025-10-03 00:00:00+00:00,216.75,218.8300018310547,215.25,216.3000030517578,6634100
2025-10-06 00:00:00+00:00,217.8699951171875,221.8000030517578,215.89999389648438,219.72999572753906,7665300
2025-10-07 00:00:00+00:00,220.11000061035156,223.9499969482422,219.1999969482422,221.82000732421875,7610600
2025-10-08 00:00:00+00:00,222.72999572753906,226.19000244140625,221.47000122070312,225.32000732421875,6189700
2025-10-09 00:00:00+00:00,225.6999969482422,225.6999969482422,215.89999389648438,216.0,12974800
2025-10-10 00:00:00+00:00,217.0,217.89999389648438,210.72999572753906,210.72999572753906,10647900
2025-10-13 00:00:00+00:00,212.08999633789062,215.8000030517578,212.05999755859375,215.55999755859375,5657300
2025-10-14 00:00:00+00:00,213.5399932861328,217.9499969482422,212.24000549316406,214.3000030517578,5975700
2025-10-15 00:00:00+00:00,215.0399932861328,215.92999267578125,212.47999572753906,214.0,5055600
2025-10-16 00:00:00+00:00,214.66000366210938,214.9600067138672,210.66000366210938,211.88999938964844,5555200
2025-10-17 00:00:00+00:00,210.91000366210938,214.67999267578125,210.75,212.94000244140625,6482700
2025-10-20 00:00:00+00:00,215.1300048828125,217.3800048828125,214.55999755859375,216.82000732421875,5865100
2025-10-21 00:00:00+00:00,217.2100067138672,217.6999969482422,215.5500030517578,217.25999450683594,4209500
2025-10-22 00:00:00+00:00,216.67999267578125,217.39999389648438,213.8000030517578,216.58999633789062,6310300
2025-10-23 00:00:00+00:00,216.39999389648438,219.3000030517578,216.25,217.77000427246094,5356200
2025-10-24 00:00:00+00:00,219.0399932861328,221.74000549316406,218.50999450683594,221.35000610351562,5238100
2025-10-27 00:00:00+00:00,222.77999877929688,223.5800018310547,221.82000732421875,223.0,6084300
2025-10-28 00:00:00+00:00,224.36000061035156,225.55999755859375,222.60000610351562,223.3300018310547,7027200
2025-10-29 00:00:00+00:00,221.36000061035156,221.89999389648438,212.5,213.5800018310547,20940100
2025-10-30 00:00:00+00:00,210.00999450683594,210.27999877929688,200.02000427246094,200.0800018310547,19417000
2025-10-31 00:00:00+00:00,201.25,202.60000610351562,198.3000030517578,201.02000427246094,10696600
2025-11-03 00:00:00+00:00,202.0399932861328,205.66000366210938,201.5800018310547,204.5500030517578,8103900
2025-11-04 00:00:00+00:00,201.8000030517578,202.22000122070312,197.57000732421875,198.0500030517578,8619600
2025-11-05 00:00:00+00:00,197.75,198.50999450683594,195.30999755859375,197.6199951171875,9885700
2025-11-06 00:00:00+00:00,198.10000610351562,201.27000427246094,195.4499969482422,196.5,7740500
2025-11-07 00:00:00+00:00,195.5,195.85000610351562,191.49000549316406,194.61000061035156,7869500
2025-11-10 00:00:00+00:00,195.88999938964844,196.44000244140625,193.19000244140625,194.80999755859375,7447400
2025-11-11 00:00:00+00:00,194.74000549316406,196.39999389648438,194.35000610351562,195.2100067138672,5783400
2025-11-12 00:00:00+00:00,195.75,196.66000366210938,193.8000030517578,195.5,8288300
2025-11-13 00:00:00+00:00,195.6300048828125,196.1999969482422,193.11000061035156,194.5800018310547,6739300
2025-11-14 00:00:00+00:00,192.8800048828125,197.02999877929688,192.14999389648438,194.52000427246094,6189800
2025-11-17 00:00:00+00:00,194.83999633789062,194.83999633789062,190.22999572753906,191.80999755859375,5877800
2025-11-18 00:00:00+00:00,190.0,191.16000366210938,187.85000610351562,189.6300048828125,8195800
2025-11-19 00:00:00+00:00,189.2100067138672,189.2100067138672,183.00999450683594,185.6999969482422,12550400
2025-11-20 00:00:00+00:00,187.74000549316406,188.10000610351562,178.4199981689453,179.3800048828125,13706400
2025-11-21 00:00:00+00:00,180.55999755859375,181.42999267578125,176.77000427246094,179.6999969482422,10134000
2025-11-24 00:00:00+00:00,180.30999755859375,180.30999755859375,177.3000030517578,179.1199951171875,9386000
2025-11-25 00:00:00+00:00,179.49000549316406,183.47999572753906,177.52000427246094,182.44000244140625,9676200
2025-11-26 00:00:00+00:00,184.0,188.17999267578125,183.02999877929688,186.9199981689453,7644500
2025-11-28 00:00:00+00:00,187.8699951171875,189.75,186.91000366210938,189.0,3757000
2025-12-01 00:00:00+00:00,188.9600067138672,189.9499969482422,186.41000366210938,186.4600067138672,6763700
2025-12-02 00:00:00+00:00,198.3000030517578,205.77999877929688,195.50999450683594,205.3800048828125,22624000
2025-12-03 00:00:00+00:00,204.60000610351562,205.85000610351562,197.39999389648438,202.5399932861328,14139900
2025-12-04 00:00:00+00:00,202.85000610351562,202.88999938964844,198.52999877929688,201.8699951171875,9513300
2025-12-05 00:00:00+00:00,201.39999389648438,202.9499969482422,200.55999755859375,201.88999938964844,6857200
2025-12-08 00:00:00+00:00,203.61000061035156,206.86000061035156,202.55999755859375,206.27000427246094,8823900
2025-12-09 00:00:00+00:00,205.35000610351562,207.10000610351562,200.02000427246094,200.3699951171875,9101900
2025-12-10 00:00:00+00:00,200.3699951171875,201.35000610351562,198.35000610351562,198.72000122070312,15159600
2025-12-11 00:00:00+00:00,198.72999572753906,201.86000061035156,198.0500030517578,200.7100067138672,7917800
2025-12-12 00:00:00+00:00,202.1999969482422,206.1199951171875,201.5800018310547,204.3800048828125,7069700
2025-12-15 00:00:00+00:00,204.3800048828125,206.6300048828125,203.1699981689453,205.5,6721600
2025-12-16 00:00:00+00:00,205.0,208.64999389648438,204.38999938964844,206.7100067138672,6120200
2025-12-17 00:00:00+00:00,206.77999877929688,210.66000366210938,205.82000732421875,206.3300018310547,7301100
2025-12-18 00:00:00+00:00,207.99000549316406,210.5500030517578,207.66000366210938,208.27000427246094,5652100
2025-12-19 00:00:00+00:00,209.75999450683594,215.97999572753906,209.27000427246094,214.0800018310547,14793700
2025-12-22 00:00:00+00:00,215.33999633789062,217.14999389648438,214.22000122070312,216.83999633789062,5458900
2025-12-23 00:00:00+00:00,216.89999389648438,217.55999755859375,215.32000732421875,216.85000610351562,4496300
2025-12-24 00:00:00+00:00,217.0,219.27000427246094,216.19000244140625,218.16000366210938,2943500
2025-12-26 00:00:00+00:00,218.0500030517578,218.6699981689453,216.13999938964844,216.44000244140625,2801500
2025-12-29 00:00:00+00:00,215.89999389648438,218.13999938964844,215.11000061035156,217.25,5292000
2025-12-30 00:00:00+00:00,219.13999938964844,221.8800048828125,218.39999389648438,218.5,5653500
2025-12-31 00:00:00+00:00,218.92999267578125,219.32000732421875,216.13999938964844,217.1199951171875,5563000
2026-01-02 00:00:00+00:00,218.14999389648438,227.77000427246094,215.24000549316406,227.77000427246094,11261000
2026-01-05 00:00:00+00:00,228.7899932861328,230.9600067138672,227.5,228.1300048828125,8278800
2026-01-06 00:00:00+00:00,229.22999572753906,231.63999938964844,228.60000610351562,229.83999633789062,6714300
2026-01-07 00:00:00+00:00,232.14999389648438,233.57000732421875,227.30999755859375,228.1199951171875,9693100
2026-01-08 00:00:00+00:00,231.7899932861328,233.11000061035156,225.10000610351562,227.3800048828125,7126800
2026-01-09 00:00:00+00:00,228.33999633789062,235.13999938964844,228.3000030517578,234.52999877929688,8621600
2026-01-12 00:00:00+00:00,234.2899932861328,239.9499969482422,234.0,239.80999755859375,7894000
2026-01-13 00:00:00+00:00,241.1199951171875,247.39999389648438,240.10000610351562,244.5500030517578,11460500
2026-01-14 00:00:00+00:00,244.44000244140625,244.88999938964844,239.60000610351562,242.61000061035156,7748600
2026-01-15 00:00:00+00:00,244.3800048828125,248.75,243.97000122070312,247.74000549316406,6517200
2026-01-16 00:00:00+00:00,247.75,248.19000244140625,244.9600067138672,247.67999267578125,5944200
2026-01-20 00:00:00+00:00,244.39999389648438,249.52000427246094,243.6999969482422,249.0,11293200
2026-01-21 00:00:00+00:00,248.88999938964844,251.30999755859375,244.67999267578125,250.07000732421875,8160700
2026-01-22 00:00:00+00:00,252.0,254.13999938964844,249.77999877929688,251.41000366210938,9742600
2026-01-23 00:00:00+00:00,252.74000549316406,253.77000427246094,249.02000427246094,252.14999389648438,7078700
2026-01-26 00:00:00+00:00,251.49000549316406,251.58999633789062,247.41000366210938,248.42999267578125,8469200
2026-01-27 00:00:00+00:00,242.5,254.35000610351562,238.75,244.55999755859375,20509200
2026-01-28 00:00:00+00:00,244.08999633789062,245.86000061035156,237.10000610351562,241.58999633789062,9999200
2026-01-29 00:00:00+00:00,242.0800018310547,243.77000427246094,233.35000610351562,234.0399932861328,9142500
2026-01-30 00:00:00+00:00,233.5,234.64999389648438,229.94000244140625,233.72000122070312,6916100
2026-02-02 00:00:00+00:00,232.63999938964844,236.2899932861328,230.3300018310547,233.02000427246094,6105300
2026-02-03 00:00:00+00:00,236.4199981689453,238.85000610351562,228.9600067138672,233.14999389648438,7655200
2026-02-04 00:00:00+00:00,233.24000549316406,236.57000732421875,229.91000366210938,235.9499969482422,7053400
2026-02-05 00:00:00+00:00,234.11000061035156,240.3300018310547,232.60000610351562,236.9499969482422,7377300
2026-02-06 00:00:00+00:00,239.39999389648438,246.3000030517578,239.39999389648438,243.02999877929688,6701200
2026-02-09 00:00:00+00:00,242.0,245.83999633789062,240.5,244.7100067138672,4707200
2026-02-10 00:00:00+00:00,245.0,247.86000061035156,240.86000061035156,242.58999633789062,5184400
2026-02-11 00:00:00+00:00,244.47999572753906,244.6999969482422,235.5,236.25999450683594,5791000
2026-02-12 00:00:00+00:00,239.25999450683594,245.6699981689453,235.97000122070312,239.35000610351562,6980800
2026-02-13 00:00:00+00:00,241.24000549316406,246.50999450683594,240.72000122070312,242.9600067138672,6835400
2026-02-17 00:00:00+00:00,243.61000061035156,245.4199981689453,238.92999267578125,244.0399932861328,4864700
2026-02-18 00:00:00+00:00,244.5500030517578,245.0800018310547,238.60000610351562,238.92999267578125,4923000
2026-02-19 00:00:00+00:00,238.91000366210938,240.0,233.4199981689453,233.7100067138672,5827500
2026-02-20 00:00:00+00:00,232.6300048828125,236.0800018310547,231.13999938964844,232.02999877929688,5460900
2026-02-23 00:00:00+00:00,231.5,233.5,227.4600067138672,230.44000244140625,5380000
2026-02-24 00:00:00+00:00,229.27000427246094,236.1300048828125,228.38999938964844,233.38999938964844,4408900
2026-02-25 00:00:00+00:00,234.10000610351562,234.16000366210938,229.19000244140625,230.36000061035156,4442600
2026-02-26 00:00:00+00:00,230.3800048828125,230.66000366210938,225.6699981689453,229.41000366210938,4613300
2026-02-27 00:00:00+00:00,227.47000122070312,228.8000030517578,224.91000366210938,227.52999877929688,6278100
2026-03-02 00:00:00+00:00,226.0,230.22999572753906,223.6199951171875,229.74000549316406,4709000
2026-03-03 00:00:00+00:00,225.75,226.5,221.11000061035156,224.1199951171875,6211600
2026-03-04 00:00:00+00:00,226.3800048828125,227.52999877929688,221.7899932861328,227.30999755859375,5068700
2026-03-05 00:00:00+00:00,226.1199951171875,227.67999267578125,218.1300048828125,222.05999755859375,7199300
2026-03-06 00:00:00+00:00,219.47999572753906,231.9600067138672,218.63999938964844,231.11000061035156,10684700
2026-03-09 00:00:00+00:00,226.75,227.58999633789062,220.4499969482422,225.0,8400100
2026-03-10 00:00:00+00:00,224.10000610351562,226.11000061035156,217.02999877929688,217.75999450683594,9285300
2026-03-11 00:00:00+00:00,217.94000244140625,217.94000244140625,213.52999877929688,214.10000610351562,7937400
2026-03-12 00:00:00+00:00,212.2100067138672,212.61000061035156,204.3000030517578,204.75999450683594,10758600
2026-03-13 00:00:00+00:00,205.0,210.83999633789062,204.9199981689453,209.88999938964844,8926600
2026-03-16 00:00:00+00:00,210.75,216.14999389648438,210.75,213.47000122070312,7347100
2026-03-17 00:00:00+00:00,214.67999267578125,217.14999389648438,206.6699981689453,210.82000732421875,7308100
2026-03-18 00:00:00+00:00,209.0,210.5,205.75,205.99000549316406,5881900
2026-03-19 00:00:00+00:00,203.0500030517578,203.0500030517578,197.4600067138672,201.17999267578125,9967600
2026-03-20 00:00:00+00:00,201.0500030517578,201.99000549316406,192.5399932861328,195.1199951171875,12925400
2026-03-23 00:00:00+00:00,198.91000366210938,201.69000244140625,197.19000244140625,198.41000366210938,6247900
2026-03-24 00:00:00+00:00,196.11000061035156,197.6199951171875,194.36000061035156,196.4199981689453,5691800
2026-03-25 00:00:00+00:00,198.19000244140625,200.75,198.0,199.61000061035156,5055900
2026-03-26 00:00:00+00:00,197.3000030517578,198.24000549316406,194.27000427246094,194.36000061035156,5772600
2026-03-27 00:00:00+00:00,192.92999267578125,193.63999938964844,189.27999877929688,190.52000427246094,6000100
2026-03-30 00:00:00+00:00,191.47999572753906,192.5,187.72000122070312,189.2100067138672,6606100
2026-03-31 00:00:00+00:00,191.1300048828125,199.3300018310547,190.35000610351562,199.02999877929688,9668300
2026-04-01 00:00:00+00:00,203.5,210.27999877929688,203.5,207.32000732421875,9664500
2026-04-02 00:00:00+00:00,203.0,208.77999877929688,202.3000030517578,208.22000122070312,6698600
2026-04-06 00:00:00+00:00,207.3699951171875,212.39999389648438,207.3699951171875,212.3000030517578,4172300
2026-04-07 00:00:00+00:00,211.00999450683594,211.99000549316406,206.9199981689453,210.0,4084800
2026-04-08 00:00:00+00:00,218.94000244140625,220.85000610351562,216.0,217.8000030517578,6267200
2026-04-09 00:00:00+00:00,216.0,221.2899932861328,216.0,220.05999755859375,4768700
2026-04-10 00:00:00+00:00,220.1699981689453,220.3699951171875,216.66000366210938,217.6300048828125,4829000
2026-04-13 00:00:00+00:00,216.25,222.2100067138672,215.4600067138672,222.13999938964844,4136900
2026-04-14 00:00:00+00:00,221.69000244140625,225.10000610351562,221.32000732421875,223.77000427246094,4820900
2026-04-15 00:00:00+00:00,224.17999267578125,224.72000122070312,221.64999389648438,223.92999267578125,4397700
2026-04-16 00:00:00+00:00,225.0,225.10000610351562,215.39999389648438,218.8800048828125,7089600
2026-04-17 00:00:00+00:00,223.07000732421875,230.24000549316406,222.5,223.3800048828125,8874900
2026-04-20 00:00:00+00:00,222.22999572753906,225.3699951171875,220.35000610351562,225.0800018310547,5014500
2026-04-21 00:00:00+00:00,223.2899932861328,225.66000366210938,218.89999389648438,219.16000366210938,7566300
2026-04-22 00:00:00+00:00,227.0500030517578,232.60000610351562,221.22000122070312,231.27999877929688,15779500
2026-04-23 00:00:00+00:00,231.50999450683594,235.91000366210938,228.77000427246094,234.14999389648438,8087600
2026-04-24 00:00:00+00:00,234.99000549316406,236.4499969482422,232.07000732421875,232.44000244140625,5732700
2026-04-27 00:00:00+00:00,233.0,235.4499969482422,229.38999938964844,231.3300018310547,4402600
2026-04-28 00:00:00+00:00,231.0500030517578,231.3300018310547,227.07000732421875,230.72000122070312,3807800
2026-04-29 00:00:00+00:00,230.22000122070312,230.25999450683594,221.14999389648438,224.11000061035156,6377700
2026-04-30 00:00:00+00:00,225.89999389648438,229.5500030517578,224.61000061035156,229.02999877929688,4841300
2026-05-01 00:00:00+00:00,230.39999389648438,231.50999450683594,227.25999450683594,227.3800048828125,3494200
2026-05-04 00:00:00+00:00,226.49000549316406,227.8699951171875,221.0399932861328,221.3000030517578,4860900
2026-05-05 00:00:00+00:00,223.10000610351562,225.55999755859375,221.74000549316406,224.3800048828125,3852100
2026-05-06 00:00:00+00:00,230.92999267578125,232.0800018310547,228.10000610351562,229.92999267578125,7166900
2026-05-07 00:00:00+00:00,231.4499969482422,236.6300048828125,229.60000610351562,231.02999877929688,8489800
2026-05-08 00:00:00+00:00,233.8000030517578,238.5399932861328,231.75,237.36000061035156,7525300
2026-05-11 00:00:00+00:00,239.44000244140625,241.2100067138672,236.52000427246094,238.2100067138672,6267000
2026-05-12 00:00:00+00:00,239.0,239.02000427246094,231.11000061035156,236.8699951171875,7041000
2026-05-13 00:00:00+00:00,237.22999572753906,242.27000427246094,234.39999389648438,240.60000610351562,7438700
2026-05-14 00:00:00+00:00,243.52000427246094,244.07000732421875,227.5,229.2100067138672,17761100
2026-05-15 00:00:00+00:00,226.85000610351562,226.85000610351562,220.4499969482422,220.49000549316406,9479900
2026-05-18 00:00:00+00:00,220.47999572753906,221.1699981689453,216.7899932861328,220.61000061035156,6568200
2026-05-19 00:00:00+00:00,218.83999633789062,220.0500030517578,214.0,215.00999450683594,5355300
2026-05-20 00:00:00+00:00,216.8000030517578,223.02000427246094,216.5,222.1999969482422,7708500
2026-05-21 00:00:00+00:00,219.38999938964844,221.1699981689453,215.72000122070312,219.61000061035156,6412800
2026-05-22 00:00:00+00:00,220.85000610351562,221.11000061035156,217.1699981689453,219.02000427246094,4647100
2026-05-26 00:00:00+00:00,221.3000030517578,222.41000366210938,217.91000366210938,218.89999389648438,5908000
2026-05-27 00:00:00+00:00,221.5,226.89999389648438,220.6999969482422,224.3000030517578,11049100
2026-05-28 00:00:00+00:00,224.0,229.91000366210938,222.85000610351562,228.77999877929688,6526400
2026-05-29 00:00:00+00:00,228.44000244140625,232.3000030517578,226.25,231.14999389648438,6938100
2026-06-01 00:00:00+00:00,228.36000061035156,228.8000030517578,222.2100067138672,224.3000030517578,6400900
2026-06-02 00:00:00+00:00,222.52000427246094,224.69000244140625,215.00999450683594,217.6999969482422,7655600
2026-06-03 00:00:00+00:00,216.10000610351562,216.35000610351562,209.6300048828125,210.5800018310547,9105900
2026-06-04 00:00:00+00:00,213.0,221.60000610351562,212.8000030517578,217.4199981689453,8055000
2026-06-05 00:00:00+00:00,216.5800018310547,218.3699951171875,213.6300048828125,215.4499969482422,4804000
2026-06-08 00:00:00+00:00,216.3000030517578,217.7899932861328,215.0,215.9199981689453,3711700
2026-06-09 00:00:00+00:00,216.5,220.00999450683594,212.22999572753906,214.50999450683594,5198800
2026-06-10 00:00:00+00:00,213.07000732421875,213.6999969482422,207.9499969482422,209.0,7038100
2026-06-11 00:00:00+00:00,209.83999633789062,221.77000427246094,209.8000030517578,221.6300048828125,6651500
2026-06-12 00:00:00+00:00,222.3699951171875,223.50999450683594,216.6999969482422,219.0500030517578,5665800
2026-06-15 00:00:00+00:00,225.3000030517578,231.33999633789062,225.22000122070312,228.9499969482422,8596000
2026-06-16 00:00:00+00:00,229.47000122070312,230.3000030517578,225.3000030517578,227.49000549316406,3705900
2026-06-17 00:00:00+00:00,227.02000427246094,230.5399932861328,225.3000030517578,225.6300048828125,5006800
2026-06-18 00:00:00+00:00,227.75,228.99000549316406,220.1199951171875,222.72000122070312,8822500
2026-06-22 00:00:00+00:00,223.0,223.5500030517578,220.11000061035156,220.8300018310547,4300300
2026-06-23 00:00:00+00:00,218.88999938964844,221.47999572753906,216.63999938964844,216.7100067138672,4572500
2026-06-24 00:00:00+00:00,218.19000244140625,222.25,217.67999267578125,220.25,4354300
2026-06-25 00:00:00+00:00,220.60000610351562,224.1300048828125,217.16000366210938,218.1199951171875,4687600
2026-06-26 00:00:00+00:00,217.5500030517578,222.5800018310547,215.36000061035156,217.25,11704500
2026-06-29 00:00:00+00:00,218.6300048828125,219.50999450683594,213.9499969482422,214.69000244140625,5848500
2026-06-30 00:00:00+00:00,216.5,219.22999572753906,214.72999572753906,216.47000122070312,7013700
2026-07-01 00:00:00+00:00,217.25999450683594,220.75,216.16000366210938,218.5800018310547,4205600
2026-07-02 00:00:00+00:00,221.0,227.52000427246094,220.67999267578125,226.49000549316406,6050800
2026-07-06 00:00:00+00:00,227.14999389648438,234.85000610351562,227.0,234.5399932861328,7029200
2026-07-07 00:00:00+00:00,235.89999389648438,237.47999572753906,230.4600067138672,231.67999267578125,4364700
2026-07-08 00:00:00+00:00,227.0,228.89999389648438,222.75,224.9499969482422,4732800
2026-07-09 00:00:00+00:00,225.3000030517578,225.5,222.69000244140625,223.11000061035156,3474500
2026-07-10 00:00:00+00:00,223.69000244140625,223.83999633789062,219.57000732421875,222.27999877929688,3828300
2026-07-13 00:00:00+00:00,222.0,222.0,215.11000061035156,215.50999450683594,4675700
2026-07-14 00:00:00+00:00,216.9600067138672,220.2899932861328,216.3800048828125,217.11000061035156,3849700
2026-07-15 00:00:00+00:00,217.7899932861328,221.92999267578125,217.25,218.1199951171875,3305100
2026-07-16 00:00:00+00:00,216.52000427246094,217.9600067138672,214.1999969482422,214.33999633789062,4763900
2026-07-17 00:00:00+00:00,211.5,216.9600067138672,211.0,214.02999877929688,4220500
2026-07-20 00:00:00+00:00,216.17999267578125,216.72999572753906,208.6999969482422,209.47999572753906,5896700
2026-07-21 00:00:00+00:00,209.47999572753906,211.6999969482422,203.89999389648438,204.8000030517578,10037900
2026-07-22 00:00:00+00:00,205.0,209.25,204.8800048828125,208.64999389648438,6057900
2026-07-23 00:00:00+00:00,206.0,211.3000030517578,205.05999755859375,206.48849487304688,2919170
