date,open,high,low,close,volume
2018-01-02 00:00:00+00:00,101.13038985478535,102.9194381011591,100.5307630936711,102.6343765258789,4669200
2018-01-03 00:00:00+00:00,103.11605317634205,104.3349634127491,102.84081610679668,103.49942016601562,3888700
2018-01-04 00:00:00+00:00,104.19732483448726,105.82909786097075,103.97123299962469,104.86576080322266,4540200
2018-01-05 00:00:00+00:00,105.92739769770499,106.45821516803016,105.37691615460126,106.26161193847656,3368400
2018-01-08 00:00:00+00:00,106.16332230624414,107.28393455283829,105.7406347044834,107.00869750976562,2933600
2018-01-09 00:00:00+00:00,107.14631927327625,107.48053355007784,106.40907395717572,107.29376983642578,3302300
2018-01-10 00:00:00+00:00,106.83175271996943,107.62797519549831,106.38940856681928,106.94971466064453,3113300
2018-01-11 00:00:00+00:00,107.14630815271796,107.53950711375813,106.82191844738635,107.2446060180664,3668100
2018-01-12 00:00:00+00:00,107.3724009180947,108.8272273369415,107.05784324648081,108.36521911621094,5749500
2018-01-16 00:00:00+00:00,108.96485966947195,109.5448299029823,106.38942075013188,107.03819274902344,5790800
2018-01-17 00:00:00+00:00,107.88355581227225,108.50283912754054,107.37240240120666,108.16862487792969,4254700
2018-01-18 00:00:00+00:00,108.35539797409425,110.26240063690406,108.3455659372727,109.86920166015625,3842800
2018-01-19 00:00:00+00:00,110.30172630416747,110.4884975140428,109.71193156202867,110.0264892578125,3120900
2018-01-22 00:00:00+00:00,109.73158723986913,111.03897069901451,109.12213592782163,110.97016143798828,2214700
2018-01-23 00:00:00+00:00,111.25522413452744,111.8253622643952,110.76372729836142,111.31420135498047,2816800
2018-01-24 00:00:00+00:00,111.69757343840946,111.9040012191615,110.58679323732082,110.93083953857422,4975500
2018-01-25 00:00:00+00:00,111.35353600776749,111.54030722888938,109.99700726919919,110.05598449707031,4715100
2018-01-26 00:00:00+00:00,110.80305825077251,111.9826477674235,110.1247901538922,111.76638793945312,3927400
2018-01-29 00:00:00+00:00,111.76637566671184,112.46430776203188,110.93083255919535,111.37318420410156,3181500
2018-01-30 00:00:00+00:00,110.50815959355478,111.5206419929287,109.9380213979072,110.32139587402344,3737700
2018-01-31 00:00:00+00:00,111.13725824636998,112.57242805703983,110.72440271857035,111.97280883789062,4181800
2018-02-01 00:00:00+00:00,111.37318970408542,112.32668729761335,110.61628035192439,110.82270812988281,4302800
2018-02-02 00:00:00+00:00,110.12478400622096,110.43934169307765,108.82723261048125,108.89604187011719,4403800
2018-02-05 00:00:00+00:00,107.29376547460218,109.71192911314841,105.67182434518853,105.81927490234375,6124000
2018-02-06 00:00:00+00:00,103.2241850204325,107.75578721323976,101.92663345435707,107.70663452148438,6857900
2018-02-07 00:00:00+00:00,107.2151220462432,110.38036294504847,106.95954158556445,108.17845916748047,4515400
2018-02-08 00:00:00+00:00,108.22760521845555,108.30624651462392,102.23134512908292,102.26083374023438,6803800
2018-02-09 00:00:00+00:00,103.52889430718483,106.27144758042392,100.62906594461323,105.1606674194336,6615800
2018-02-12 00:00:00+00:00,105.86841362706215,107.61814863239113,104.45290786384338,106.70396423339844,4624100
2018-02-13 00:00:00+00:00,106.17314684217214,106.24195609807887,104.12851823859137,105.85858917236328,7542800
2018-02-14 00:00:00+00:00,104.91492834499519,107.36258073176522,104.91492834499519,107.16597747802734,7428000
2018-02-15 00:00:00+00:00,110.40002091252599,111.50097656502909,108.1784605328571,111.19625091552734,8341900
2018-02-16 00:00:00+00:00,110.92100975357019,112.20873664961655,110.75390261808954,110.940673828125,4667300
2018-02-20 00:00:00+00:00,110.53764483675906,113.29986239023987,110.37053769819305,112.40533447265625,4287800
2018-02-21 00:00:00+00:00,112.81820371385275,113.70289970112513,112.2284088888872,112.53314208984375,4976500
2018-02-22 00:00:00+00:00,112.57244003468412,113.04428033069172,110.56713940068128,111.07829284667969,4763400
2018-02-23 00:00:00+00:00,111.69757563630981,113.00495910644531,110.82271181034473,113.00495910644531,4173500
2018-02-26 00:00:00+00:00,114.13538890933255,114.8136569016184,113.40797573622574,114.66620635986328,5418900
2018-02-27 00:00:00+00:00,115.305167294843,115.60989295063752,113.7913560537577,114.4892807006836,5908200
2018-02-28 00:00:00+00:00,115.01027083858366,116.14071517154194,114.24353689960334,114.27302551269531,9684400
2018-03-01 00:00:00+00:00,118.85376733096771,120.38723504455842,116.04240485628709,117.39893341064453,15555500
2018-03-02 00:00:00+00:00,116.632202088429,120.24961914497347,115.63937636784202,119.84658813476562,10627500
2018-03-05 00:00:00+00:00,117.95924844547193,120.84925243227305,117.62503417470701,120.41673278808594,10121300
2018-03-06 00:00:00+00:00,120.78043952866558,122.56948777615592,120.66247758390419,122.3630599975586,8154800
2018-03-07 00:00:00+00:00,121.28175106615546,123.63110523600713,121.08515534050571,123.19859313964844,6750400
2018-03-08 00:00:00+00:00,123.62128774827099,125.12526688422133,123.56230302749583,124.2110824584961,6127900
2018-03-09 00:00:00+00:00,125.02697290998155,125.331698561499,124.1029564187392,125.24323272705078,5637800
2018-03-12 00:00:00+00:00,125.6953988470705,126.01978104699192,124.62393188476562,124.62393188476562,5609800
2018-03-13 00:00:00+00:00,125.7150674098809,125.93132723021824,123.59180485492149,124.57479858398438,4641800
2018-03-14 00:00:00+00:00,124.88934556587807,126.6783861996985,124.35852809775325,125.8133544921875,5402400
2018-03-15 00:00:00+00:00,125.82319139213361,126.27537508588811,124.51580799415953,125.05645751953125,4603500
2018-03-16 00:00:00+00:00,125.12526434875639,125.77403626696368,123.5524759868106,123.82771301269531,6662900
2018-03-19 00:00:00+00:00,122.90369840678684,123.6212870918422,121.37023066841495,122.85455322265625,6830400
2018-03-20 00:00:00+00:00,122.4711792898381,124.67309053814984,122.33356077427445,122.99217224121094,7113600
2018-03-21 00:00:00+00:00,119.4926991844571,121.9108625317642,118.15582729331474,119.63031768798828,14824000
2018-03-22 00:00:00+00:00,118.35244325195218,118.6080237144407,115.4427827932222,116.03257751464844,10950500
2018-03-23 00:00:00+00:00,116.0030899271465,116.07189918692596,112.36600869690498,112.48397064208984,10902100
2018-03-26 00:00:00+00:00,116.22918096426673,117.2318388068758,113.08360390826184,116.94676971435547,13171700
2018-03-27 00:00:00+00:00,118.04771101669809,118.11652777604891,110.80305217483816,111.87451171875,8304700
2018-03-28 00:00:00+00:00,111.22574729725699,112.90666575490805,109.4465234622501,110.96033477783203,6489500
2018-03-29 00:00:00+00:00,111.9728196519188,115.26584715536482,110.60645146427584,114.32217407226562,7794700
2018-04-02 00:00:00+00:00,113.93879142802801,115.67868679487269,111.67790315507105,113.33916473388672,6461300
2018-04-03 00:00:00+00:00,114.77435416689477,115.45261476537226,112.65108403345063,114.50894165039062,5193300
2018-04-04 00:00:00+00:00,112.12026537346318,117.64469298028189,112.06128814800923,117.4480972290039,6389300
2018-04-05 00:00:00+00:00,118.35245135015195,118.98156676267305,116.65186882903734,117.01557922363281,5052400
2018-04-06 00:00:00+00:00,116.09155193221727,116.95659116908075,112.99512034497837,114.12556457519531,5385500
2018-04-09 00:00:00+00:00,115.14787643103959,117.2023370748784,115.14787643103959,115.19702911376953,4104200
2018-04-10 00:00:00+00:00,116.89761773828184,118.07721476620542,115.67870755911005,117.45792388916016,3693000
2018-04-11 00:00:00+00:00,117.30062914728556,118.65715762766413,116.84845298715936,117.1335220336914,3059400
2018-04-12 00:00:00+00:00,117.95924885280994,119.65983132361599,117.3104693842889,119.33544158935547,4419900
2018-04-13 00:00:00+00:00,119.86626368314988,119.86626368314988,116.48476268711362,116.98609161376953,4933100
2018-04-16 00:00:00+00:00,118.893099228402,118.92259534263142,116.64204998598595,117.3792953491211,4464700
2018-04-17 00:00:00+00:00,118.35245253959607,121.75361011635971,117.96908556560217,121.25228118896484,5524600
2018-04-18 00:00:00+00:00,121.4292221490198,122.61864373956843,120.15133471685934,122.3434066772461,4321800
2018-04-19 00:00:00+00:00,121.93053873845895,122.40237151191123,121.08516356140635,121.9501953125,3657000
2018-04-20 00:00:00+00:00,121.9010576932904,122.26476058297312,119.97439083288161,120.73129272460938,2971000
2018-04-23 00:00:00+00:00,121.09501074596545,122.45153951388667,119.17816830255438,119.8171157836914,3932700
2018-04-24 00:00:00+00:00,121.24243439952598,121.42920559477426,114.92179236669216,115.87528991699219,5379300
2018-04-25 00:00:00+00:00,115.7671656407159,116.21934934588747,113.08359701885105,115.32482147216797,5080500
2018-04-26 00:00:00+00:00,116.6813498332714,119.9940413204033,116.15053983203481,118.77513122558594,4998800
2018-04-27 00:00:00+00:00,119.56153156043612,119.57136359820309,117.51691018410598,118.1755142211914,3801200
2018-04-30 00:00:00+00:00,118.81445674413631,119.63033585334584,117.74298966149324,118.93241119384766,2788300
2018-05-01 00:00:00+00:00,118.82427063609072,121.22277756062806,118.37209445353221,121.01634979248047,3873900
2018-05-02 00:00:00+00:00,120.21030723424975,121.86173704312117,119.66965766898194,120.73129272460938,3671000
2018-05-03 00:00:00+00:00,120.5346983752863,122.8742208402109,119.60084979711233,122.29425811767578,4435600
2018-05-04 00:00:00+00:00,122.26475151649262,123.69992139283261,120.88856636085607,122.99217224121094,6341200
2018-05-07 00:00:00+00:00,123.65078182379156,125.51847140508899,123.32639209395447,124.81071472167969,4342000
2018-05-08 00:00:00+00:00,124.43717755310563,126.76688298394325,124.34871171377237,126.5604476928711,4467800
2018-05-09 00:00:00+00:00,126.68822993778569,127.53360510028605,125.1645867380208,127.52376556396484,4605300
2018-05-10 00:00:00+00:00,127.74000150581882,128.77214767405673,126.85531336120938,128.3986053466797,3772400
2018-05-11 00:00:00+00:00,127.78914136812567,128.62469175370973,126.69801809954934,128.40843200683594,3233200
2018-05-14 00:00:00+00:00,128.56574230283465,128.77217758414739,124.99748529143497,125.51847076416016,4169800
2018-05-15 00:00:00+00:00,124.77139937655112,126.4031651329789,123.94568071092412,125.95099639892578,2933100
2018-05-16 00:00:00+00:00,126.52113141781219,126.7767043915626,125.74455796027631,126.58010864257812,2439900
2018-05-17 00:00:00+00:00,126.99295637790337,127.25836887226438,123.4148599697477,123.90635681152344,5557000
2018-05-18 00:00:00+00:00,123.91618459383409,125.54795775109419,123.72942088882789,124.8008804321289,3612300
2018-05-21 00:00:00+00:00,125.82318605368204,126.16723982776462,123.85719877159326,124.22090911865234,2887200
2018-05-22 00:00:00+00:00,124.50599339575896,124.88936036266237,123.1298006301237,123.3067398071289,2789800
2018-05-23 00:00:00+00:00,122.75625036850307,125.91165924072266,122.46135675874186,125.91165924072266,4303900
2018-05-24 00:00:00+00:00,126.61941516217966,127.1797287667033,125.22356591840158,126.55061340332031,5972400
2018-05-25 00:00:00+00:00,126.54076869495525,127.05192959409129,125.44965264028222,125.78386688232422,4031800
2018-05-29 00:00:00+00:00,124.59445777510663,125.37102373733123,123.97517441266547,124.72224426269531,8141900
2018-05-30 00:00:00+00:00,130.05007060231122,130.29581902937556,125.66591206379407,127.10108947753906,14170900
2018-05-31 00:00:00+00:00,127.16989786748756,128.76235795740712,126.2262322579669,127.13058471679688,6408300
2018-06-01 00:00:00+00:00,127.6712385766437,128.64439283172308,126.16725927398019,128.30035400390625,6132800
2018-06-04 00:00:00+00:00,128.1725737125774,130.54159260570745,127.39601513313669,130.39413452148438,4860700
2018-06-05 00:00:00+00:00,130.87579684130256,132.34046303560723,130.70868969150328,131.83912658691406,5123200
2018-06-06 00:00:00+00:00,132.04554325952444,133.40207934206651,131.83910798637066,133.2447967529297,4766900
2018-06-07 00:00:00+00:00,133.24480690071752,133.44140265246446,128.50676978735544,130.6497039794922,6564100
2018-06-08 00:00:00+00:00,129.4602598471552,131.40658306145417,128.59523564040717,131.25914001464844,3486600
2018-06-11 00:00:00+00:00,131.60320193871104,132.37976036546166,130.99373564249183,131.7014923095703,3443100
2018-06-12 00:00:00+00:00,132.66483867293505,135.16163611493255,132.36009802119642,133.94271850585938,5319900
2018-06-13 00:00:00+00:00,134.05085591218628,135.15181913654638,133.2939615071011,134.17864990234375,5809300
2018-06-14 00:00:00+00:00,134.67015792807678,137.3733910251732,134.56202800422108,136.05618286132812,6494900
2018-06-15 00:00:00+00:00,135.72196855097266,136.58699294252233,134.473562157238,136.05618286132812,7711100
2018-06-18 00:00:00+00:00,134.6799850826112,137.8059133970536,134.58169469493077,137.42254638671875,4202400
2018-06-19 00:00:00+00:00,135.73176458043562,137.33404902485188,134.89621398075155,137.14727783203125,4833700
2018-06-20 00:00:00+00:00,137.61911936998575,139.7030612349573,136.4591939920997,136.5771484375,5341400
2018-06-21 00:00:00+00:00,136.70493637156923,137.67809050165565,134.7880867228559,135.53517150878906,3912800
2018-06-22 00:00:00+00:00,134.9257098233863,134.96503797097935,131.67200307721058,132.71397399902344,7466000
2018-06-25 00:00:00+00:00,131.95708847015482,132.5960284179621,129.43078729335585,130.92494201660156,6969800
2018-06-26 00:00:00+00:00,132.46822296446106,134.83724133393923,131.5442215043367,133.1759796142578,7043100
2018-06-27 00:00:00+00:00,134.3555718016249,135.08299253983233,130.83646755276936,130.9544219970703,6851600
2018-06-28 00:00:00+00:00,131.7113251484045,133.57900709198503,130.92492722505222,132.8220977783203,6333700
2018-06-29 00:00:00+00:00,133.96238307768593,135.36807189813624,133.58884066398835,134.08033752441406,5229500
2018-07-02 00:00:00+00:00,133.83459691100248,138.08113723276688,132.99906119905444,138.04180908203125,6399200
2018-07-03 00:00:00+00:00,138.2089374173044,138.35638049093362,135.3680858707839,135.49586486816406,3164700
2018-07-05 00:00:00+00:00,136.89171469706184,137.51100560670994,135.8694077185479,137.39305114746094,5576700
2018-07-06 00:00:00+00:00,137.8059014684967,139.3197053015458,136.6459609996219,138.9953155517578,5045800
2018-07-09 00:00:00+00:00,140.22404592580597,140.44030574070646,137.50116416424794,139.34918212890625,5183100
2018-07-10 00:00:00+00:00,139.88000750519168,141.06942149105075,139.1034340770615,140.02745056152344,3643700
2018-07-11 00:00:00+00:00,138.80855792973082,143.16321316468506,138.6217867121062,142.77984619140625,6168000
2018-07-12 00:00:00+00:00,143.3204996231723,146.17117565505652,143.3204996231723,145.64036560058594,4681000
2018-07-13 00:00:00+00:00,145.23733471928057,145.4830831705822,142.93713281492785,145.09971618652344,3941800
2018-07-16 00:00:00+00:00,145.3257786129453,146.16132922089335,144.32313588255903,144.46075439453125,3592100
2018-07-17 00:00:00+00:00,142.93712434052222,144.932600446841,140.64674711026643,144.51974487304688,5133900
2018-07-18 00:00:00+00:00,144.51971299265824,145.66981362294086,143.281131545207,145.3257598876953,2908100
2018-07-19 00:00:00+00:00,144.50005080732845,145.48304435023545,144.11668392556638,144.65733337402344,3590600
2018-07-20 00:00:00+00:00,144.9326281958131,145.40446108487347,144.19538274446376,144.372314453125,2462200
2018-07-23 00:00:00+00:00,144.37226910728307,145.12917839940084,142.3374801002997,145.050537109375,2538100
2018-07-24 00:00:00+00:00,146.023695896453,146.31859696341985,142.71099740974861,143.51705932617188,4052300
2018-07-25 00:00:00+00:00,143.64486389043296,146.8101045776269,143.51706991881383,146.3382568359375,4056900
2018-07-26 00:00:00+00:00,145.46341032347863,146.22031970765002,143.2025217079721,145.06039428710938,3414300
2018-07-27 00:00:00+00:00,145.72883613114902,145.75832474627407,139.95866711581505,141.462646484375,5924400
2018-07-30 00:00:00+00:00,141.09892286187824,141.2856940829839,133.2153234183598,135.68263244628906,9522000
2018-07-31 00:00:00+00:00,136.32157578045164,137.41269952080364,133.08753271180748,134.81759643554688,7442900
2018-08-01 00:00:00+00:00,135.65312718746634,138.50380284603642,135.17145488683778,135.33856201171875,5098100
2018-08-02 00:00:00+00:00,134.71930500052912,138.897028703578,134.42440385692544,138.73974609375,3779200
2018-08-03 00:00:00+00:00,139.12310605937375,139.32954134926652,136.0659948568691,138.6414337158203,3463500
2018-08-06 00:00:00+00:00,138.49399463752417,140.42066906790095,138.25807072789797,140.28305053710938,3247300
2018-08-07 00:00:00+00:00,141.08908419603074,142.15071918919932,140.30268623820663,141.98361206054688,3928300
2018-08-08 00:00:00+00:00,142.00328522232238,143.16321065989422,140.72539033398624,142.70120239257812,3026700
2018-08-09 00:00:00+00:00,142.8290032049559,144.35264660617696,142.62256790572667,143.3401641845703,3572600
2018-08-10 00:00:00+00:00,142.46526227459128,144.50006632660603,141.8951391578503,143.035400390625,2748500
2018-08-13 00:00:00+00:00,143.15340986755223,144.677038449417,141.76738483569758,141.99346923828125,2880400
2018-08-14 00:00:00+00:00,143.69401063907762,144.2739883165872,142.1114051949161,144.077392578125,3474700
2018-08-15 00:00:00+00:00,143.5957319562559,145.36512374500728,141.15791160247318,142.5734100341797,4476900
2018-08-16 00:00:00+00:00,144.01838172955564,144.41158815491525,142.75032663108814,143.25164794921875,3704000
2018-08-17 00:00:00+00:00,143.02558951038776,143.52691091923495,141.5019462099028,142.5537567138672,2865600
2018-08-20 00:00:00+00:00,142.74051306768294,143.57604866212841,141.86564932803262,143.2320098876953,2882200
2018-08-21 00:00:00+00:00,143.92010820741223,146.25962296497258,142.88796184413604,143.05506896972656,4063700
2018-08-22 00:00:00+00:00,143.11403888307035,144.6966592261389,142.58322892296258,143.96925354003906,4245300
2018-08-23 00:00:00+00:00,144.3329397118276,145.81725452080724,143.58587003963157,145.31593322753906,6196300
2018-08-24 00:00:00+00:00,145.97458144280816,149.7886022425698,145.97458144280816,149.7099609375,4882000
2018-08-27 00:00:00+00:00,152.0789638744742,152.24607100569924,147.64565263114574,149.10047912597656,5814800
2018-08-28 00:00:00+00:00,149.44454870668744,150.79124543537498,148.98254041303784,150.3882293701172,5266900
2018-08-29 00:00:00+00:00,150.72241757371756,152.3345265535348,150.44718055272142,152.16741943359375,9018600
2018-08-30 00:00:00+00:00,148.55000032627265,151.12545397093658,146.95755536225482,149.5526580810547,14441000
2018-08-31 00:00:00+00:00,149.55267080157026,151.25324581515457,149.316746898233,150.08348083496094,6210500
2018-09-04 00:00:00+00:00,149.5231626698964,150.73224064316668,148.93336048819296,150.60446166992188,5310900
2018-09-05 00:00:00+00:00,149.79837987427956,150.18174674189083,144.5786867539989,146.12197875976562,7287400
2018-09-06 00:00:00+00:00,146.2203241521212,146.6233552000351,144.57872634642956,146.29896545410156,4190300
2018-09-07 00:00:00+00:00,145.32579954017515,148.8350945997517,144.9915852485855,147.8717498779297,3866800
2018-09-10 00:00:00+00:00,147.44906880249368,149.00220079379534,145.48308121846043,148.7466278076172,3872300
2018-09-11 00:00:00+00:00,148.51068966542383,151.13528103866793,148.05850596474096,150.24075317382812,4151000
2018-09-12 00:00:00+00:00,150.24077939596322,153.1209592328759,149.22829691044714,152.72775268554688,5180800
2018-09-13 00:00:00+00:00,153.2192312912669,156.07974670879773,153.170093603113,155.4899444580078,6213500
2018-09-14 00:00:00+00:00,155.26384470679366,156.0895557766284,153.66157524970092,154.81167602539062,4615300
2018-09-17 00:00:00+00:00,154.33001386706002,155.7356876854238,151.99048401630765,152.28538513183594,3899600
2018-09-18 00:00:00+00:00,152.12811294507432,155.34250682559258,152.11828840695892,153.34703063964844,3749600
2018-09-19 00:00:00+00:00,153.7107176794671,154.65439821648474,149.79840701409447,150.2997283935547,5546000
2018-09-20 00:00:00+00:00,150.68310697437218,153.41584342840304,149.07099780683492,152.85552978515625,4655600
2018-09-21 00:00:00+00:00,154.39887255978934,155.27373660723902,152.3247546496381,152.87522888183594,17991600
2018-09-24 00:00:00+00:00,152.73753990277234,156.20750587307998,150.7224001609837,156.0797119140625,5082100
2018-09-25 00:00:00+00:00,156.2959916071375,156.43361011927269,154.4971114132534,156.16819763183594,5699600
2018-09-26 00:00:00+00:00,156.3549866477661,157.2101864278451,154.67407570076296,155.6374053955078,4079700
2018-09-27 00:00:00+00:00,156.34516940750453,158.3406456536943,156.2271999500842,157.70169067382812,3930300
2018-09-28 00:00:00+00:00,157.27899030817898,158.12436548105717,156.23701939727422,156.3254852294922,4607700
2018-10-01 00:00:00+00:00,157.38713638706272,158.44877148065157,156.31567675531565,157.14138793945312,4297600
2018-10-02 00:00:00+00:00,156.5613980649068,156.86612368723505,154.03509726172217,154.5855712890625,4137000
2018-10-03 00:00:00+00:00,155.86347737497735,157.0430668053018,154.34967368926476,156.39430236816406,3561600
2018-10-04 00:00:00+00:00,155.5096143128485,156.13872973740345,151.16478356837598,152.26573181152344,6206400
2018-10-05 00:00:00+00:00,152.2263803085285,153.93679446904358,149.87702634629264,152.4328155517578,4963600
2018-10-08 00:00:00+00:00,151.616923861248,151.9904511942471,143.12386056399848,146.12197875976562,10238700
2018-10-09 00:00:00+00:00,145.7976166930313,148.3042383519588,144.706493206479,145.97454833984375,5593300
2018-10-10 00:00:00+00:00,145.01122944260734,145.08003119942154,135.20094188116414,135.4663543701172,13660600
2018-10-11 00:00:00+00:00,135.10264824356008,139.74237942300098,134.12947914048794,136.87203979492188,10499300
2018-10-12 00:00:00+00:00,143.29100170800498,146.22031885398326,140.7843646706493,144.2445068359375,9371700
2018-10-15 00:00:00+00:00,144.2052012201446,144.2052012201446,138.91670427103892,139.53598022460938,6040800
2018-10-16 00:00:00+00:00,142.9961030275209,145.3946101944341,141.56092554264362,144.93260192871094,5383100
2018-10-17 00:00:00+00:00,145.8271413506107,145.8271413506107,142.94696161583636,144.50991821289062,3377900
2018-10-18 00:00:00+00:00,143.60552620298725,145.08001654937803,139.02477259370335,140.41079711914062,5338200
2018-10-19 00:00:00+00:00,141.16775090780317,142.89781472706485,137.99268489317606,138.10081481933594,5141600
2018-10-22 00:00:00+00:00,139.29020924728638,141.3545020904691,136.83272490982793,140.51895141601562,4234900
2018-10-23 00:00:00+00:00,136.95066036389994,139.55558711529807,135.43684198817814,138.2678680419922,6462000
2018-10-24 00:00:00+00:00,138.82822158516996,139.0936341327881,130.73818614601285,130.99375915527344,7251500
2018-10-25 00:00:00+00:00,131.4164316894354,139.28038138138234,131.3967676154033,138.405517578125,7792900
2018-10-26 00:00:00+00:00,133.44140113443328,136.84256609821216,130.35480136930656,133.21531677246094,7457000
2018-10-29 00:00:00+00:00,135.7514459393956,137.1767839092147,126.34418833985934,128.76235961914062,9212500
2018-10-30 00:00:00+00:00,128.2216968770641,130.72833373859706,125.85267852953369,129.92227172851562,10037900
2018-10-31 00:00:00+00:00,132.6254992067936,136.351053476657,132.4780561615135,134.9060516357422,6666400
2018-11-01 00:00:00+00:00,136.04632999972256,137.42253025940914,134.0901820224004,137.21609497070312,4668800
2018-11-02 00:00:00+00:00,137.75674981211816,138.15978086784276,133.78546148056174,134.46371459960938,4481400
2018-11-05 00:00:00+00:00,135.00437053070874,135.00437053070874,131.1903646269351,133.13668823242188,4629900
2018-11-06 00:00:00+00:00,133.09733487001904,135.65312437240468,130.71849202514275,131.6719970703125,4667100
2018-11-07 00:00:00+00:00,134.52268610998843,139.88982300378666,134.1098155803492,139.378662109375,5804000
2018-11-08 00:00:00+00:00,140.78436875446735,141.1873997994688,138.28755618234118,139.4573211669922,3986700
2018-11-09 00:00:00+00:00,138.661084899177,138.661084899177,132.75329833332367,134.59149169921875,5252500
2018-11-12 00:00:00+00:00,133.43156224522397,134.33591459513823,127.8678146366608,128.28067016601562,7571200
2018-11-13 00:00:00+00:00,129.24401676348245,131.49508089784496,126.7570437237157,129.91246032714844,6176300
2018-11-14 00:00:00+00:00,131.92761165234862,132.64519296546166,126.39335145844187,127.15026092529297,5729600
2018-11-15 00:00:00+00:00,127.00278909698937,130.68901564778798,124.15211323075613,130.23684692382812,6468700
2018-11-16 00:00:00+00:00,129.6077143529799,131.20015921215432,127.86781145173495,130.29580688476562,5126900
2018-11-19 00:00:00+00:00,129.3619795369856,130.0107439926484,118.37210194900435,118.95207214355469,14284700
2018-11-20 00:00:00+00:00,112.38566739836962,122.81523077276277,111.66807872384773,118.61784362792969,13829500
2018-11-21 00:00:00+00:00,122.08781646368473,123.61145972254906,119.54186634040269,121.48818969726562,7311300
2018-11-23 00:00:00+00:00,119.26663454162828,121.60615698743464,118.65717571136823,119.95472717285156,3009600
2018-11-26 00:00:00+00:00,122.36306048463251,124.7910486518831,121.55700594133813,124.26023864746094,9321200
2018-11-27 00:00:00+00:00,123.02166311193774,125.43982671510071,121.61598182030048,125.37101745605469,10558800
2018-11-28 00:00:00+00:00,136.12496004066574,138.49397839944706,129.72567661021597,138.24822998046875,25705400
2018-11-29 00:00:00+00:00,137.47168131579807,140.4501511648908,136.90154314345997,137.34388732910156,7763000
2018-11-30 00:00:00+00:00,136.52800278483735,140.78436756737364,135.92837599100903,140.33218383789062,9401400
2018-12-03 00:00:00+00:00,143.81197750312495,144.56888683189158,140.13557576269443,141.6985321044922,7358900
2018-12-04 00:00:00+00:00,140.30267799801155,142.73067348807336,136.4395201935565,136.87203979492188,6978400
2018-12-06 00:00:00+00:00,132.50755956994593,139.6440887451172,130.49241939672893,139.6440887451172,9186600
2018-12-07 00:00:00+00:00,139.48681043990769,139.94881871332993,132.448586422122,133.63800048828125,6225300
2018-12-10 00:00:00+00:00,132.86142960682204,137.11779404812725,130.91509131773455,134.935546875,5897000
2018-12-11 00:00:00+00:00,138.1990940199475,138.3072239373542,133.28412504563286,134.46371459960938,4548700
2018-12-12 00:00:00+00:00,139.37869770481527,141.58060942829493,137.17680098063207,137.70761108398438,6794300
2018-12-13 00:00:00+00:00,139.09362446621537,141.1874060865767,137.20627814616518,138.73974609375,5122800
2018-12-14 00:00:00+00:00,136.51816183993364,138.3170420052253,134.060677734228,134.70944213867188,5354400
2018-12-17 00:00:00+00:00,132.02587035140127,133.19563515597892,127.75968165177053,128.6050567626953,8392400
2018-12-18 00:00:00+00:00,129.89278600163135,131.4065896892623,127.91697407831643,130.06973266601562,6668400
2018-12-19 00:00:00+00:00,129.73552101500812,134.17865731036278,127.29770052521599,128.92947387695312,7350700
2018-12-20 00:00:00+00:00,127.05193983607643,130.07956232995778,120.5543506688593,125.55779266357422,12265100
2018-12-21 00:00:00+00:00,126.3835192865191,127.18956639791648,120.37741910592683,120.81977081298828,12568600
2018-12-24 00:00:00+00:00,119.07984563500108,122.7169190019034,118.1165160944176,119.26661682128906,4721500
2018-12-26 00:00:00+00:00,120.43636240263297,128.6738453751958,120.04317099555044,128.6148681640625,8110900
2018-12-27 00:00:00+00:00,126.60957353378161,132.90072631835938,125.66589311644925,132.90072631835938,7967700
2018-12-28 00:00:00+00:00,133.68716172459222,134.5522011002318,130.35481321981132,132.3896026611328,7276200
2018-12-31 00:00:00+00:00,133.68713522671396,135.62363390016196,132.20282022798622,134.64064025878906,5467700
2019-01-02 00:00:00+00:00,131.1313513345481,134.50302746743793,130.78731254501616,133.2447967529297,4783900
2019-01-03 00:00:00+00:00,131.20999545617292,132.4878902716802,127.88748693500635,128.182373046875,6365700
2019-01-04 00:00:00+00:00,131.22967164074115,136.950702727662,129.9714407830057,135.61383056640625,6650600
2019-01-07 00:00:00+00:00,138.6217565486487,140.9514464947751,136.42967010217313,139.8013458251953,9064800
2019-01-08 00:00:00+00:00,142.26865227493235,143.9692419157216,140.45994774297537,143.2418212890625,9057300
2019-01-09 00:00:00+00:00,144.3919362073847,144.99156293202446,142.0720706005006,143.5072479248047,5445900
2019-01-10 00:00:00+00:00,141.32498950709387,144.70648978176027,141.3151499718648,144.53936767578125,5116900
2019-01-11 00:00:00+00:00,144.06755653001017,145.51255849160043,143.13371550023325,145.0407257080078,5185200
2019-01-14 00:00:00+00:00,143.27135250957187,144.23468227518507,142.23920597533845,143.56625366210938,5815500
2019-01-15 00:00:00+00:00,143.86113353205857,147.3114360082167,143.3204839989386,146.65283203125,5350400
2019-01-16 00:00:00+00:00,146.61352760891145,147.24264307672053,145.28649490301365,146.01390075683594,3936800
2019-01-17 00:00:00+00:00,146.01387949246805,148.15681358589978,145.17834383620522,147.27212524414062,3743200
2019-01-18 00:00:00+00:00,149.2479380483701,150.6634514025993,147.68498163611443,149.91636657714844,6151200
2019-01-22 00:00:00+00:00,147.783276604505,148.8055985029292,144.89327258295538,146.4169158935547,5203300
2019-01-23 00:00:00+00:00,147.1836440314621,148.23545450105865,145.13901531428894,147.20330810546875,3335400
2019-01-24 00:00:00+00:00,147.39993757324854,147.94058723743078,144.0282755754069,144.372314453125,6734700
2019-01-25 00:00:00+00:00,146.00405247341064,147.34092450000165,145.0407228510901,147.1934814453125,4600800
2019-01-28 00:00:00+00:00,145.65018934041728,145.67967795443207,143.61539997692398,144.82447814941406,4054700
2019-01-29 00:00:00+00:00,144.56890168677987,145.48307869785495,142.18021901393186,142.71102905273438,3915100
2019-01-30 00:00:00+00:00,144.68685315408004,147.14433754082836,143.59572948639203,146.62335205078125,4653400
2019-01-31 00:00:00+00:00,146.4857305641421,150.77158384797187,146.1810049062319,149.38555908203125,8615900
2019-02-01 00:00:00+00:00,149.80823368789785,153.29786431827517,148.5008652679551,153.21922302246094,5959200
2019-02-04 00:00:00+00:00,153.36669432932425,156.1977062267979,152.76706752130855,155.03778076171875,5264700
2019-02-05 00:00:00+00:00,155.64722366456013,157.16104240891127,155.13607772426727,156.2861785888672,4575600
2019-02-06 00:00:00+00:00,156.29599560290598,156.394300970927,152.44266216531557,155.4407958984375,4205100
2019-02-07 00:00:00+00:00,153.30770913592025,154.38899324220338,150.75191943144372,152.2952117919922,4545500
2019-02-08 00:00:00+00:00,150.30956446479044,154.03510384429325,150.11296873223787,154.005615234375,3018700
2019-02-11 00:00:00+00:00,155.5096105618464,158.7534929849267,154.89033468966076,157.19053649902344,7125500
2019-02-12 00:00:00+00:00,158.50774164007385,160.611347657837,157.30848806927207,160.02154541015625,5631700
2019-02-13 00:00:00+00:00,160.66050490874036,160.7882988992033,157.54441644340204,157.6721954345703,5296000
2019-02-14 00:00:00+00:00,156.75802612304688,157.71153133111372,154.04496857184466,156.75802612304688,5061100
2019-02-15 00:00:00+00:00,158.25214857601586,158.47823290923185,155.40145807317202,156.3451385498047,5282000
2019-02-19 00:00:00+00:00,156.9447601636697,158.73380069766057,156.43359929711866,157.87860107421875,3883200
2019-02-20 00:00:00+00:00,157.60337811753055,158.74365438329014,154.53644264342574,155.84381103515625,7047200
2019-02-21 00:00:00+00:00,155.01809763416065,157.7508188169856,154.62490616873131,156.915283203125,4463000
2019-02-22 00:00:00+00:00,157.74098513787072,158.95990260892532,157.47557266447737,158.5666961669922,4175000
2019-02-25 00:00:00+00:00,159.74631207933103,160.28696165240694,158.1931801236287,158.61587524414062,5076700
2019-02-26 00:00:00+00:00,158.0752077969534,160.60150869853476,157.1511913582317,160.22796630859375,4496300
2019-02-27 00:00:00+00:00,159.53004541321366,160.7489630348832,157.77049324093247,160.34593200683594,4278300
2019-02-28 00:00:00+00:00,160.22795773898025,161.80075350791407,159.4120712462839,160.8668975830078,6908100
2019-03-01 00:00:00+00:00,162.34141545020933,163.32440922223432,158.9992426250422,161.73196411132812,6919900
2019-03-04 00:00:00+00:00,162.74442170934654,162.9705060426754,152.77686697911994,155.8044891357422,17886300
2019-03-05 00:00:00+00:00,157.20035025748902,158.14403080649723,152.16742732756114,154.30052185058594,16042900
2019-03-06 00:00:00+00:00,154.4578102015939,157.52474585147093,153.62225952809314,154.1235809326172,7436300
2019-03-07 00:00:00+00:00,153.43549952831887,154.90999023683463,152.1772686569957,152.95384216308594,6916500
2019-03-08 00:00:00+00:00,149.43467991559473,152.7670273663831,147.69477717601592,152.4229736328125,4800700
2019-03-11 00:00:00+00:00,153.24872450576277,155.08693307632393,150.82072866599535,154.96896362304688,5699500
2019-03-12 00:00:00+00:00,155.3129893094,156.6596857460435,154.48727828252188,155.58822631835938,4082100
2019-03-13 00:00:00+00:00,156.148573715859,159.2449982374241,155.9126498002054,157.0922393798828,5230600
2019-03-14 00:00:00+00:00,158.2128285810771,158.84194393147382,157.02341463701595,157.93759155273438,3247200
2019-03-15 00:00:00+00:00,157.90810595250264,159.4219096372434,156.4827681001384,158.7633056640625,6743700
2019-03-18 00:00:00+00:00,158.6551817484026,160.55236744366047,158.14403580917667,159.19583129882812,3575500
2019-03-19 00:00:00+00:00,159.75614115416528,161.82041893531863,158.85178874537996,161.14215087890625,4379000
2019-03-20 00:00:00+00:00,161.0537141219871,162.14483793162213,158.7633365756614,160.7293243408203,4391000
2019-03-21 00:00:00+00:00,160.3950940206204,164.15013747715787,159.98223843103634,164.11080932617188,4277800
2019-03-22 00:00:00+00:00,163.13765308784392,163.6586385873383,158.6060511965345,158.7534942626953,5614300
2019-03-25 00:00:00+00:00,157.50505762257265,158.85176903095737,156.51223950337243,158.14401245117188,3795400
2019-03-26 00:00:00+00:00,158.68465433377332,159.3137846556698,154.7133666722028,156.68917846679688,6910300
2019-03-27 00:00:00+00:00,156.2959684806448,156.59086953424,149.77871669328263,152.48194885253906,8218700
2019-03-28 00:00:00+00:00,153.04230628343504,153.8188647814908,150.8993720115418,152.5409698486328,4424800
2019-03-29 00:00:00+00:00,154.2022214428774,155.80450602065568,152.78670807346515,155.6767120361328,4913100
2019-04-01 00:00:00+00:00,157.37728390281572,158.93040061653596,155.81431265409736,158.43890380859375,4601100
2019-04-02 00:00:00+00:00,158.12438831335223,158.25218231120425,156.2075533420495,157.78033447265625,3158400
2019-04-03 00:00:00+00:00,159.02873522177924,160.3656073851924,157.91794743179253,159.8544464111328,3819100
2019-04-04 00:00:00+00:00,159.94291917343378,160.03138501083282,153.17991739432608,155.8241729736328,6295200
2019-04-05 00:00:00+00:00,156.91529007927656,157.51491683987285,155.33266961273839,155.8634796142578,4315300
2019-04-08 00:00:00+00:00,155.70620765028806,156.08957462180302,153.7893727927132,155.7750244140625,2848400
2019-04-09 00:00:00+00:00,154.36932360975786,155.65705795250605,153.98595666781873,154.30052185058594,5642900
2019-04-10 00:00:00+00:00,155.50962252086464,157.6525568921493,154.96897290889174,157.5149383544922,3414700
2019-04-11 00:00:00+00:00,157.4362681858916,158.0948721381784,156.31565601346006,157.99656677246094,2578400
2019-04-12 00:00:00+00:00,159.24498402104538,159.73648088530786,156.78749969973296,157.9769287109375,2844200
2019-04-15 00:00:00+00:00,158.26199004961848,159.2744723885017,156.7776749215697,157.36746215820312,2608400
2019-04-16 00:00:00+00:00,157.31830446229336,157.53456427529377,155.06725549879863,155.99127197265625,3004800
2019-04-17 00:00:00+00:00,156.34515551997546,156.34515551997546,152.43284468029293,152.6982421875,4765500
2019-04-18 00:00:00+00:00,152.26574452011627,153.55347908970566,150.56516932418444,153.33721923828125,4391500
2019-04-22 00:00:00+00:00,152.806352176438,156.43360096166106,152.6392450642915,156.06005859375,2943300
2019-04-23 00:00:00+00:00,157.04305059044418,158.65515947860416,155.71601824308166,158.48805236816406,3418400
2019-04-24 00:00:00+00:00,159.12700307574812,159.72662975027094,156.68916823546004,156.84645080566406,3384900
2019-04-25 00:00:00+00:00,159.2449772488821,161.102834716814,158.2619835621606,160.31643676757812,5498400
2019-04-26 00:00:00+00:00,159.65782832423952,163.2359246436861,158.53721615274503,163.13763427734375,3342900
2019-04-29 00:00:00+00:00,163.87489916114998,164.71043487201192,162.51836294913397,162.5478515625,4509700
2019-04-30 00:00:00+00:00,162.38074230024864,163.60948450543935,160.83743489086777,162.53802490234375,3581800
2019-05-01 00:00:00+00:00,163.1867975144708,163.3932328149136,159.38261625751363,159.39244079589844,2707700
2019-05-02 00:00:00+00:00,158.9402470883282,159.93306528395243,156.9152825511244,159.07786560058594,3181100
2019-05-03 00:00:00+00:00,159.8151249772261,160.71947742336275,158.1243745346637,160.56219482421875,3131000
2019-05-06 00:00:00+00:00,155.9224453561008,160.07067968968303,155.17537559433768,159.73646545410156,2520600
2019-05-07 00:00:00+00:00,158.5863745794404,158.92058883583658,152.11827426784555,154.23170471191406,6541900
2019-05-08 00:00:00+00:00,154.4381312222484,155.24417820659096,152.4033271898713,154.1923828125,4061300
2019-05-09 00:00:00+00:00,152.01997545369304,154.4283221091959,149.79841500743368,153.65174865722656,5809300
2019-05-10 00:00:00+00:00,153.62225589872287,157.8786204657051,151.75457384822622,157.2200164794922,4462200
2019-05-13 00:00:00+00:00,152.28538958330716,154.23171300381708,150.18178356334545,150.5454864501953,5694600
2019-05-14 00:00:00+00:00,152.41317551789953,155.89296660098282,150.31939414628798,155.38182067871094,4954000
2019-05-15 00:00:00+00:00,151.2040712609892,153.72053228586537,149.12011478783978,152.4229736328125,7783800
2019-05-16 00:00:00+00:00,154.0941156547928,156.7383715991859,153.2487403156853,155.7848663330078,5048100
2019-05-17 00:00:00+00:00,153.523950691335,154.48729532827795,150.56514501890823,151.94134521484375,5314000
2019-05-20 00:00:00+00:00,149.87705937224422,153.43549197381932,149.1201499793371,153.32736206054688,5437600
2019-05-21 00:00:00+00:00,154.6838843604787,155.15571712181696,152.54095036233392,153.13075256347656,3803100
2019-05-22 00:00:00+00:00,153.21923379400502,155.49978653506352,153.18974518091326,154.95913696289062,3170100
2019-05-23 00:00:00+00:00,153.37651551180988,153.6812411781962,149.56249491480688,151.09597778320312,4508200
2019-05-24 00:00:00+00:00,152.25589715083072,154.26119774599994,151.538315932865,151.88235473632812,3151700
2019-05-28 00:00:00+00:00,152.70807910248143,155.12623523350328,151.76439853962097,152.55079650878906,4934100
2019-05-29 00:00:00+00:00,151.14510142724774,151.44000252835568,148.62864002980695,150.28990173339844,4359500
2019-05-30 00:00:00+00:00,151.69556391802584,153.21919184156826,151.28269344919903,153.0127716064453,4418100
2019-05-31 00:00:00+00:00,150.06382515998195,151.85286593390788,148.68762494997586,148.8350830078125,5326900
2019-06-03 00:00:00+00:00,148.13715656668637,148.13715656668637,140.95147458414849,142.6324005126953,8835200
2019-06-04 00:00:00+00:00,143.566240184034,148.35341494664897,140.0864339095098,148.2452850341797,12375100
2019-06-05 00:00:00+00:00,154.4774739964758,155.80452166335823,151.92169904447746,155.74554443359375,12072400
2019-06-06 00:00:00+00:00,155.8044855917414,157.27897599166326,154.6543848797174,156.6007080078125,5601200
2019-06-07 00:00:00+00:00,157.12171593612132,160.2181552193455,156.78750166406613,158.52740478515625,7175300
2019-06-10 00:00:00+00:00,150.86987268426475,154.77235897170988,148.2649453132319,150.1916046142578,29856300
2019-06-11 00:00:00+00:00,152.66873184006502,153.0619382750659,146.2596094428228,147.5964813232422,15214300
2019-06-12 00:00:00+00:00,148.54021399809253,149.72964325817452,147.59653322156245,148.7073211669922,7161300
2019-06-13 00:00:00+00:00,149.57231257710814,149.650953866496,147.69479116611473,148.76625061035156,5173800
2019-06-14 00:00:00+00:00,148.47137522453968,149.39539178567406,146.93790731427197,147.45889282226562,6248200
2019-06-17 00:00:00+00:00,147.64563451834704,148.70726939762068,147.32124483307246,147.73410034179688,4491800
2019-06-18 00:00:00+00:00,149.2971079177393,150.3489035177384,147.94057163058793,148.02903747558594,7317800
2019-06-19 00:00:00+00:00,149.11031470811884,151.84303595670121,147.9503743583926,151.51864624023438,8095300
2019-06-20 00:00:00+00:00,153.63206826369807,155.59805552920946,152.77686860297422,154.52659606933594,10153600
2019-06-21 00:00:00+00:00,154.00565284631963,155.10660121692695,153.28807149756997,154.17276000976562,9706900
2019-06-24 00:00:00+00:00,154.71337646535582,155.0475907205493,149.91636245229773,149.96551513671875,6378200
2019-06-25 00:00:00+00:00,150.23093117299297,150.36854969303843,146.06303242415444,146.80027770996094,7362500
2019-06-26 00:00:00+00:00,148.7072823310781,148.80558769854457,146.38741665222474,146.50537109375,5844900
2019-06-27 00:00:00+00:00,147.340936573593,148.19613635945484,145.94508721074592,148.12733459472656,6832800
2019-06-28 00:00:00+00:00,147.86190835756318,149.18895583256702,147.05586133516982,149.14962768554688,6936600
2019-07-01 00:00:00+00:00,151.94133881278984,152.10844593682003,149.26759482972088,151.44000244140625,6476400
2019-07-02 00:00:00+00:00,151.66611533419604,151.7349321037289,149.98520424124263,151.49900817871094,4736300
2019-07-03 00:00:00+00:00,151.9118537643911,153.10128285043092,151.5383263235703,152.94400024414062,3885400
2019-07-05 00:00:00+00:00,151.33188102821273,152.17725623204382,149.975359886656,151.951171875,3940900
2019-07-08 00:00:00+00:00,150.90920535859567,151.07631249690988,149.4543638027527,150.21127319335938,4717400
2019-07-09 00:00:00+00:00,149.49368522409264,151.56780255226676,149.10047874049704,151.33187866210938,4979100
2019-07-10 00:00:00+00:00,151.94135559246,153.74022100832826,151.94135559246,153.61244201660156,4966300
2019-07-11 00:00:00+00:00,154.15306411619395,156.59088405331988,153.95645339604033,156.1976776123047,7083200
2019-07-12 00:00:00+00:00,156.68917584908115,156.905435643797,154.72318862387667,155.39163208007812,4348000
2019-07-15 00:00:00+00:00,156.06008791351104,157.1217230012717,154.80185706860095,156.93495178222656,3603700
2019-07-16 00:00:00+00:00,157.23968350142013,158.86161715466488,154.13341971773443,154.4578094482422,6913100
2019-07-17 00:00:00+00:00,154.99844584229461,157.20035722132752,154.97879676697133,155.54893493652344,4160500
2019-07-18 00:00:00+00:00,154.33002053339698,155.88315247625988,153.55346206161275,155.29335021972656,3724000
2019-07-19 00:00:00+00:00,157.01359154284447,158.00642485553445,153.63209055562427,154.0842742919922,5218800
2019-07-22 00:00:00+00:00,154.9689594950023,156.3451597517474,154.47746261744214,155.0181121826172,2909500
2019-07-23 00:00:00+00:00,155.29331756972968,155.75532574037612,152.6392379719317,153.59274291992188,4865800
2019-07-24 00:00:00+00:00,153.32734342817514,157.52473046149075,153.05210640952748,157.03323364257812,4110500
2019-07-25 00:00:00+00:00,157.3969394820444,158.38977267467598,155.97160167995045,156.64004516601562,6934500
2019-07-26 00:00:00+00:00,156.8464654608895,158.08504706786096,156.0305789259252,157.24949645996094,4979100
2019-07-29 00:00:00+00:00,157.67221385264796,158.45861196399036,152.87521387212246,153.55348205566406,8880500
2019-07-30 00:00:00+00:00,152.69825032464584,155.52927721340234,151.99049360245672,154.29071044921875,4241600
2019-07-31 00:00:00+00:00,154.7133637516651,155.20486055689935,149.70992987421056,151.8725128173828,7454200
2019-08-01 00:00:00+00:00,152.09861873417515,155.09675267146457,147.8520935339065,148.2452850341797,26124700
2019-08-02 00:00:00+00:00,147.2524478255108,147.35073818830233,142.83880105549068,143.22216796875,13138900
2019-08-05 00:00:00+00:00,138.93631766892486,141.3053359444145,137.42251406093087,140.3911590576172,13070100
2019-08-06 00:00:00+00:00,141.3446291880915,142.49474478590724,139.54576427708648,140.37147521972656,6694000
2019-08-07 00:00:00+00:00,138.5332995395979,140.6664091387793,136.6951060593577,139.23123168945312,7635500
2019-08-08 00:00:00+00:00,141.07925965750852,142.4947729817203,139.89967022042987,141.37416076660156,8670300
2019-08-09 00:00:00+00:00,141.16774765464336,142.01312296714926,139.28040125913395,140.93182373046875,5286700
2019-08-12 00:00:00+00:00,139.14276034499423,139.55561589643867,137.66826980442409,138.32687377929688,4389500
2019-08-13 00:00:00+00:00,138.5332776745409,142.5340687345429,138.0417808858011,141.43312072753906,5205800
2019-08-14 00:00:00+00:00,138.88717970999232,139.93899021739904,135.5253429001043,137.34388732910156,8607800
2019-08-15 00:00:00+00:00,138.700423525606,140.86300676640593,137.37337596912042,139.71290588378906,6647700
2019-08-16 00:00:00+00:00,140.6270609062196,142.8682850965875,140.0962509660975,141.4429473876953,5341100
2019-08-19 00:00:00+00:00,143.12388542607516,143.65469541217072,140.45014142366128,141.22669982910156,4632100
2019-08-20 00:00:00+00:00,141.70838964574412,144.0085915352823,140.6270904672629,143.06491088867188,6259200
2019-08-21 00:00:00+00:00,144.40177889961018,145.86644501753187,143.67437310892385,144.87362670898438,6142400
2019-08-22 00:00:00+00:00,146.94775167545012,147.35076774252548,142.99611231591547,145.71900939941406,11744500
2019-08-23 00:00:00+00:00,155.01809624659467,155.72585287746674,148.08798798555986,148.9923553466797,26531900
2019-08-26 00:00:00+00:00,150.89934825765778,152.57044944488146,148.94320051385128,152.5016326904297,8975400
2019-08-27 00:00:00+00:00,151.63661185893028,153.2487210236689,149.936036855715,150.95835876464844,6516500
2019-08-28 00:00:00+00:00,149.90655938983338,150.18179646286777,148.3042746437937,149.24795532226562,5326800
2019-08-29 00:00:00+00:00,150.7912254168127,153.34701499986105,150.06381968879697,153.2781982421875,5979900
2019-08-30 00:00:00+00:00,153.7599018977424,155.52929389297174,151.08615732701728,153.41586303710938,7591000
2019-09-03 00:00:00+00:00,151.58747092616215,152.6785945752383,149.17912426879383,150.13262939453125,4953800
2019-09-04 00:00:00+00:00,151.46950288455395,152.28538949452854,149.72961475175063,149.8672332763672,3604500
2019-09-05 00:00:00+00:00,152.01015276489525,152.10845813952557,149.36589717985885,151.1549530029297,5065400
2019-09-06 00:00:00+00:00,151.35153001195374,151.43017130206147,148.20595340410662,148.5008544921875,4722300
2019-09-09 00:00:00+00:00,149.08079785075364,149.56245506633996,145.57150385513089,146.99684143066406,6265500
2019-09-10 00:00:00+00:00,146.23998667233207,149.08083805424917,145.22750429395535,147.10501098632812,6249700
2019-09-11 00:00:00+00:00,147.53752282751344,152.01997176021817,146.50537642870268,151.46949768066406,6242400
2019-09-12 00:00:00+00:00,152.40333243946188,154.13341090323098,151.7840566250837,152.11827087402344,4993500
2019-09-13 00:00:00+00:00,151.69559515130155,152.27555783511204,150.14246330366996,150.3783721923828,3763500
2019-09-16 00:00:00+00:00,149.07098021611407,151.479326645016,148.78591865884545,150.40785217285156,2592300
2019-09-17 00:00:00+00:00,150.3980315144602,150.8403756661147,149.14962535372112,150.22109985351562,3028500
2019-09-18 00:00:00+00:00,149.7590653074324,150.3095392660121,148.00933808225102,150.1719207763672,2951200
2019-09-19 00:00:00+00:00,150.9091974489804,151.62677865219996,150.17195217190326,150.9878387451172,2947000
2019-09-20 00:00:00+00:00,152.0592865601328,154.21204500314414,151.00747617958507,152.56060791015625,11733000
2019-09-23 00:00:00+00:00,151.52847689179,152.56062330414366,150.35872695703605,152.0199737548828,3642200
2019-09-24 00:00:00+00:00,151.6562747463949,153.61243771117336,148.52052227994818,149.46420288085938,4120800
2019-09-25 00:00:00+00:00,149.46421278281804,150.60448920966786,146.36777326159455,150.3882293701172,3445000
2019-09-26 00:00:00+00:00,149.82789361297262,150.7912232112589,149.25775548357657,149.74925231933594,3837300
2019-09-27 00:00:00+00:00,150.51599766904985,150.54548628150224,144.25433230342165,145.7386474609375,5858200
2019-09-30 00:00:00+00:00,145.43391606236102,146.43657384407243,144.903106059863,145.91558837890625,3671200
2019-10-01 00:00:00+00:00,146.94775186498472,147.60635592587408,144.74584030374174,145.17835998535156,3172900
2019-10-02 00:00:00+00:00,143.576069461793,144.00858912594924,140.7647066440723,141.76736450195312,4432400
2019-10-03 00:00:00+00:00,141.5511100924745,144.55906878205232,139.6637637578236,144.50009155273438,3660900
2019-10-04 00:00:00+00:00,145.75832169595049,146.38743713761187,143.72353229842662,145.5125732421875,3259000
2019-10-07 00:00:00+00:00,144.77530044057121,146.79044037934236,144.500063424468,146.2694549560547,2704700
2019-10-08 00:00:00+00:00,145.03087354305435,145.81727144676398,143.3302987632782,143.42860412597656,2613200
2019-10-09 00:00:00+00:00,144.76548466486884,145.3356228039552,144.11670523080917,144.54922485351562,2273000
2019-10-10 00:00:00+00:00,144.34280035709494,145.05055706540807,143.03541685421916,143.9201202392578,2687400
2019-10-11 00:00:00+00:00,145.62070995886128,148.14701138112494,145.57155726595536,146.8297882080078,4663900
2019-10-14 00:00:00+00:00,146.85927682389217,147.72431622128923,146.26948950690905,146.8297882080078,1556900
2019-10-15 00:00:00+00:00,147.11483380160212,150.36854039521967,147.07550565585308,150.1424560546875,3942600
2019-10-16 00:00:00+00:00,144.75565790854043,148.28461696029794,143.3401594719305,144.47059631347656,8988600
2019-10-17 00:00:00+00:00,145.0702135742054,145.52238228136457,143.03540939410823,143.68418884277344,5024400
2019-10-18 00:00:00+00:00,143.8119795346383,143.9495980509678,139.97829515238536,141.63955688476562,6080000
2019-10-21 00:00:00+00:00,141.64940690620912,142.72086650546294,140.56810776980055,142.0917510986328,3358000
2019-10-22 00:00:00+00:00,142.58322873119596,143.477756532443,139.72271367408766,139.90948486328125,4460500
2019-10-23 00:00:00+00:00,139.69325026037362,143.09441542613897,139.08379890090907,142.66189575195312,4761400
2019-10-24 00:00:00+00:00,144.09704921523684,146.25963245040867,143.91027800414255,145.6010284423828,5280100
2019-10-25 00:00:00+00:00,144.5492244204033,148.0978322242388,143.81197915644267,147.93072509765625,4991400
2019-10-28 00:00:00+00:00,148.62866378963497,152.2854020296376,146.8887605143203,152.15760803222656,7576700
2019-10-29 00:00:00+00:00,152.1477432658554,153.47479058246583,151.79386498137873,152.4524688720703,5477300
2019-10-30 00:00:00+00:00,153.09142916585878,155.72584482283906,152.37383303601496,155.58822631835938,4724500
2019-10-31 00:00:00+00:00,153.89749133459063,155.58824169922048,152.57045883862799,153.8286895751953,4578300
2019-11-01 00:00:00+00:00,155.2245419335964,157.36746104365363,154.08426561850297,157.02342224121094,4771100
2019-11-04 00:00:00+00:00,158.20302604500654,158.5077517259568,154.02530235610536,154.91983032226562,5748100
2019-11-05 00:00:00+00:00,154.90995993634203,156.41393896490519,152.82601827570127,155.46043395996094,4015000
2019-11-06 00:00:00+00:00,156.23702764731314,157.2789986132388,155.06726269524012,156.22718811035156,4207400
2019-11-07 00:00:00+00:00,156.22720765996854,158.38980616095438,155.39167187485674,156.7875213623047,3802300
2019-11-08 00:00:00+00:00,156.5417633699089,158.46843782645917,156.20754907620272,158.37013244628906,3265300
2019-11-11 00:00:00+00:00,158.4782429777122,159.4710611990778,157.52473790402829,159.02871704101562,3541200
2019-11-12 00:00:00+00:00,159.24495696835987,161.57464690942004,158.84192600830139,160.09033203125,3710600
2019-11-13 00:00:00+00:00,160.27713728770797,161.62383395358444,159.26465490398712,159.8347930908203,5389700
2019-11-14 00:00:00+00:00,160.2574507957012,160.79810029373553,159.62833547052287,160.27711486816406,3820700
2019-11-15 00:00:00+00:00,160.93573914107384,161.14215943049683,158.2521703835144,160.43441772460938,3693000
2019-11-18 00:00:00+00:00,161.21097016628866,161.21097016628866,159.13685281600672,160.00189208984375,5556700
2019-11-19 00:00:00+00:00,160.85708094920668,161.65330340910248,159.0876893720533,161.17164611816406,4952900
2019-11-20 00:00:00+00:00,160.66049244492083,163.51116817018263,159.49072754409414,161.40756225585938,8450300
2019-11-21 00:00:00+00:00,162.50850736791145,163.0884699857155,159.45139670549568,160.11000061035156,5724200
2019-11-22 00:00:00+00:00,160.2083211309686,160.70965755539567,158.635540091711,160.0412139892578,3761900
2019-11-25 00:00:00+00:00,160.99471974049072,161.84991952746802,158.70434243812565,158.95993041992188,5509300
2019-11-26 00:00:00+00:00,158.81247290643628,159.84461937665696,158.56672446111207,159.7758026123047,5881400
2019-11-27 00:00:00+00:00,159.16633667728007,160.06086453609177,158.37011418730458,158.7633056640625,4012800
2019-11-29 00:00:00+00:00,158.86162693734062,160.63101875848085,158.57656533804618,160.11985778808594,2432500
2019-12-02 00:00:00+00:00,160.32628627846262,160.43441619070086,155.41131753907743,158.26199340820312,5117400
2019-12-03 00:00:00+00:00,154.29070949935996,159.0975484583802,153.5338000929268,158.8223114013672,6216400
2019-12-04 00:00:00+00:00,157.65250496852394,157.9572305587379,151.87249829200658,153.76966857910156,17803300
2019-12-05 00:00:00+00:00,153.09143113114382,156.2173436298645,152.60975885963552,155.5292510986328,7126600
2019-12-06 00:00:00+00:00,155.4113110332639,156.7874962229643,154.90997464328518,155.3228302001953,4751200
2019-12-09 00:00:00+00:00,154.70352849299707,156.1976678778619,154.38896335978905,154.80181884765625,3709000
2019-12-10 00:00:00+00:00,154.3398152772809,154.98859463436733,153.5141042769663,153.7401885986328,4074700
2019-12-11 00:00:00+00:00,154.17270603972642,154.21203418165032,152.83583420085017,153.73036193847656,4867500
2019-12-12 00:00:00+00:00,153.1209252970724,156.28616605491024,152.6687416176844,155.89295959472656,5353900
2019-12-13 00:00:00+00:00,156.15840082588485,158.74367940505104,155.85367513770697,158.38980102539062,5742300
2019-12-16 00:00:00+00:00,158.11453440884708,159.97239180510326,158.08504579932656,159.20565795898438,5370000
2019-12-17 00:00:00+00:00,159.24498951341806,159.60869240574237,157.02342901007566,158.88128662109375,4789600
2019-12-18 00:00:00+00:00,159.04839088153764,160.50321742379265,158.73382568359375,158.73382568359375,4144800
2019-12-19 00:00:00+00:00,158.84196876562703,160.56220796136657,158.09489885750938,160.55238342285156,4185400
2019-12-20 00:00:00+00:00,161.92854909917946,162.36106872999918,160.84726502142374,161.75161743164062,8586700
2019-12-23 00:00:00+00:00,161.25028467878636,162.0661712736366,160.5720316052955,160.9553985595703,4368600
2019-12-24 00:00:00+00:00,160.5327168527882,161.05370237260405,160.11003671377713,160.47373962402344,1238000
2019-12-26 00:00:00+00:00,160.62115671986277,161.73194434627737,160.49337774463555,161.7122802734375,2155500
2019-12-27 00:00:00+00:00,162.05634669980094,162.64614893668883,161.1126661206391,162.17430114746094,3409900
2019-12-30 00:00:00+00:00,162.05633305745582,162.13497434904025,158.45857271375567,159.677490234375,3197100
2019-12-31 00:00:00+00:00,159.28429749341703,160.48355104459228,159.0483885976409,159.8740997314453,3273500
2020-01-02 00:00:00+00:00,161.13233322237164,164.2287725252681,160.79811894819312,164.15013122558594,5189300
2020-01-03 00:00:00+00:00,162.25294676677476,163.93387268716577,162.1939695413741,163.3440704345703,3205400
2020-01-06 00:00:00+00:00,162.1939508687217,170.7165039417267,161.65330136596745,170.500244140625,8836200
2020-01-07 00:00:00+00:00,170.28401515163634,173.86211205463306,169.16340279738176,173.0069122314453,8272700
2020-01-08 00:00:00+00:00,172.24999238239405,175.80843999347366,171.77815957734884,174.3142852783203,7225100
2020-01-09 00:00:00+00:00,175.79856957090374,176.84054037366175,174.27492651057437,176.545654296875,5952900
2020-01-10 00:00:00+00:00,176.78158918575966,177.6073003209152,175.65115239353204,177.13546752929688,5111800
2020-01-13 00:00:00+00:00,178.17743876105564,181.31319117127566,178.04965977520152,180.72340393066406,6202600
2020-01-14 00:00:00+00:00,180.37934802607634,180.72340182856843,178.94417059195615,179.02281188964844,4342300
2020-01-15 00:00:00+00:00,178.59030155948702,179.97632637987255,177.54833055952443,177.98085021972656,3886600
2020-01-16 00:00:00+00:00,179.13091571916112,179.99595486854037,177.8825246731971,179.58309936523438,3485300
2020-01-17 00:00:00+00:00,180.11396004256432,180.22208996670065,178.2757663315426,179.13096618652344,4577000
2020-01-21 00:00:00+00:00,178.42319646520778,182.83684395835726,178.41337192710668,182.1192626953125,6302400
2020-01-22 00:00:00+00:00,182.23719248420235,183.26933881832048,179.58311262453628,179.64208984375,4781800
2020-01-23 00:00:00+00:00,180.09428666275144,181.16574622142065,178.21676505123787,180.85118103027344,4369000
2020-01-24 00:00:00+00:00,181.85385195396876,182.96463974135386,178.04967076962498,179.01300048828125,4653600
2020-01-27 00:00:00+00:00,175.72979999413212,178.6394531459688,174.28479795614155,177.63681030273438,4239400
2020-01-28 00:00:00+00:00,178.05950664421835,180.73325113500997,177.28294809693432,179.7404327392578,3445300
2020-01-29 00:00:00+00:00,180.87084375972458,180.9691491310506,178.53131391566717,178.67877197265625,2785500
2020-01-30 00:00:00+00:00,177.8235369634271,182.77783312717796,177.46965866601633,182.51242065429688,3715700
2020-01-31 00:00:00+00:00,181.71623188073252,182.8663328104422,177.71543997203338,179.2095947265625,4193300
2020-02-03 00:00:00+00:00,180.14343816877948,182.70905258362552,178.75742831193233,182.26670837402344,4755200
2020-02-04 00:00:00+00:00,184.8028249095645,186.4640867461386,183.47577734799617,185.1370391845703,3983200
2020-02-05 00:00:00+00:00,187.16199801253197,187.30945606989098,179.75023197434118,182.33551025390625,6162700
2020-02-06 00:00:00+00:00,183.6527334803181,184.37031475461865,181.10678313778288,183.55442810058594,4102700
2020-02-07 00:00:00+00:00,183.67237211271734,185.44174870843096,182.49276771651765,182.56158447265625,3713100
2020-02-10 00:00:00+00:00,183.0039344166989,186.05122087122376,182.4043076627167,185.9037628173828,3873500
2020-02-11 00:00:00+00:00,188.2236109382144,189.32457397330106,185.44173724128353,185.8939208984375,4299200
2020-02-12 00:00:00+00:00,186.4837397558059,187.27996224578484,183.5937359038132,186.2379913330078,4535400
2020-02-13 00:00:00+00:00,185.2943577666743,187.80099531457097,185.2157164515261,185.43197631835938,3132100
2020-02-14 00:00:00+00:00,186.1298782588694,187.0145666612283,184.90113603376278,186.71966552734375,3599400
2020-02-18 00:00:00+00:00,187.7026372242553,188.2432867395539,185.70716128539306,187.8402557373047,4957000
2020-02-19 00:00:00+00:00,188.73478140065356,190.62212741474497,188.53818566988645,189.58998107910156,3903200
2020-02-20 00:00:00+00:00,190.70078592706574,192.39153636306366,186.54272659866456,190.07167053222656,5451200
2020-02-21 00:00:00+00:00,188.57748408362977,188.77407979903776,183.54456177258515,186.27728271484375,5242100
2020-02-24 00:00:00+00:00,175.7494334772729,183.96726124343627,175.7494334772729,182.77784729003906,8463300
2020-02-25 00:00:00+00:00,185.26483858024685,186.74915378560638,176.37856642557236,178.18728637695312,11361100
2020-02-26 00:00:00+00:00,173.53771715096113,179.56347388565953,171.28666797072003,175.82809448242188,13923100
2020-02-27 00:00:00+00:00,169.2813432927036,175.2972596389798,167.1580734060322,169.22235107421875,9927300
2020-02-28 00:00:00+00:00,162.18415121288294,168.8488479256193,160.34594262151703,167.50213623046875,12640800
2020-03-02 00:00:00+00:00,169.27153311636462,173.78347115865608,165.72292481964735,173.7539825439453,7761000
2020-03-03 00:00:00+00:00,175.37592686245316,175.3857514006736,164.24842988456788,166.48965454101562,8323500
2020-03-04 00:00:00+00:00,169.32067796477685,172.8201334084578,166.74523907068922,172.70217895507812,5846300
2020-03-05 00:00:00+00:00,169.6352521473024,170.79517766502028,165.2412685349119,166.71575927734375,5797500
2020-03-06 00:00:00+00:00,162.85256823562875,164.7202653082873,155.84381819318295,161.28961181640625,9757700
2020-03-09 00:00:00+00:00,149.12016140674902,155.02796394027123,148.078190344072,148.6385040283203,9657100
2020-03-10 00:00:00+00:00,154.55610178721545,158.72400065121727,148.43205497703804,158.59620666503906,11443900
2020-03-11 00:00:00+00:00,154.99844125886278,156.90545145941908,147.59649980981666,151.94134521484375,10341300
2020-03-12 00:00:00+00:00,141.8853078155761,148.6581338447588,137.7174241048751,138.19908142089844,13213000
2020-03-13 00:00:00+00:00,146.92804615647876,146.9575347628424,133.0186935147623,145.26678466796875,13765400
2020-03-16 00:00:00+00:00,131.73097121674414,139.14275160118734,121.29158364529829,122.18611145019531,13845300
2020-03-17 00:00:00+00:00,124.84018497141089,135.66293891446298,120.82956935509151,133.1169891357422,12191500
2020-03-18 00:00:00+00:00,123.4050267507037,131.1510142030046,113.32934159083317,129.9910888671875,12988200
2020-03-19 00:00:00+00:00,129.35216109332842,141.5511187462191,126.6685920002343,137.0883331298828,10444000
2020-03-20 00:00:00+00:00,138.0319589220912,143.71366070586237,132.3109439941765,136.98016357421875,12450100
2020-03-23 00:00:00+00:00,136.40023115708337,141.27588760775322,131.8096513432746,138.13031005859375,11898300
2020-03-24 00:00:00+00:00,142.17039226913423,151.5186575243949,140.74503931809411,151.02716064453125,11834400
2020-03-25 00:00:00+00:00,150.07364678558068,155.3326690945429,144.46076114298174,144.55905151367188,10639300
2020-03-26 00:00:00+00:00,145.77798961476577,152.44268665655554,145.21767592575458,152.0986328125,8573100
2020-03-27 00:00:00+00:00,148.0683242949874,148.87437121211934,142.44559994884065,143.51705932617188,8273500
2020-03-30 00:00:00+00:00,145.20785402315047,150.39806039771622,144.06757754710148,147.3016357421875,7650400
2020-03-31 00:00:00+00:00,146.49557023790848,149.36591044026454,140.3518587604437,141.5314483642578,10429700
2020-04-01 00:00:00+00:00,135.96773045535068,136.69513637929091,130.8365008329467,131.78016662597656,8737600
2020-04-02 00:00:00+00:00,131.73096495558298,133.0875009029599,127.82847922231636,132.03570556640625,8150500
2020-04-03 00:00:00+00:00,132.16349742162976,133.8739118264582,129.42095165109973,132.02587890625,6004400
2020-04-06 00:00:00+00:00,136.63612644142813,147.30161425330027,135.9480338405027,145.0407257080078,12296800
2020-04-07 00:00:00+00:00,147.77347843283843,148.235486777181,142.05244659402464,142.60293579101562,7859500
2020-04-08 00:00:00+00:00,143.81198122033973,149.5723248987258,142.5340864112765,148.5500030517578,7665500
2020-04-09 00:00:00+00:00,149.79840668163482,153.44531984353108,149.1004745673455,151.9216766357422,7094600
2020-04-13 00:00:00+00:00,151.4990003391856,152.66876536634612,147.44907066470287,149.90655517578125,5138600
2020-04-14 00:00:00+00:00,153.06195149583178,156.089558810744,152.5114624392819,155.02793884277344,7334300
2020-04-15 00:00:00+00:00,152.4426421713576,154.595400454746,151.38100733300337,152.98329162597656,4042600
2020-04-16 00:00:00+00:00,154.33001508585767,155.31300881251917,151.6267823375385,154.3889923095703,4391500
2020-04-17 00:00:00+00:00,157.27900746368928,160.48356184101576,154.9493169654078,159.8544464111328,7312900
2020-04-20 00:00:00+00:00,158.016253292157,161.51570881898877,157.79016891804235,159.9920654296875,4686000
2020-04-21 00:00:00+00:00,157.27898977409777,157.36745560601528,145.48306554104042,147.99952697753906,13737900
2020-04-22 00:00:00+00:00,151.3810277240933,153.05211399131878,148.10765694806622,151.51864624023438,6660900
2020-04-23 00:00:00+00:00,150.8895285605467,153.80902096456063,148.92354121773826,149.13980102539062,6281400
2020-04-24 00:00:00+00:00,150.9779917174912,151.8725195424583,148.72694284952806,151.36135864257812,6710500
2020-04-27 00:00:00+00:00,152.89485701308917,155.74554818109317,151.57764885233686,154.94932556152344,5036400
2020-04-28 00:00:00+00:00,156.7874875860579,158.07520687104713,151.55795415468685,151.8332061767578,4731800
2020-04-29 00:00:00+00:00,155.19506844289972,159.1368682446288,153.8581962534001,157.70169067382812,5256700
2020-04-30 00:00:00+00:00,158.88128110540399,162.4888662883611,157.28882106603308,159.19583129882812,6830700
2020-05-01 00:00:00+00:00,155.7946343751092,157.44605614054976,152.6195547915308,153.71067810058594,4276900
2020-05-04 00:00:00+00:00,152.93415184275162,159.26463326485123,152.44265502425682,158.72398376464844,5974200
2020-05-05 00:00:00+00:00,159.76598288025565,161.34860351572317,157.5247581914227,160.47373962402344,5264800
2020-05-06 00:00:00+00:00,161.6434754595514,162.89188157364285,160.14932093713523,160.88656616210938,4112600
2020-05-07 00:00:00+00:00,163.66846256064224,168.35734703920906,163.19662975126087,167.01063537597656,6460900
2020-05-08 00:00:00+00:00,170.00874119742082,173.08551598469057,168.23934970635045,172.9085693359375,5403400
2020-05-11 00:00:00+00:00,172.57437534398233,180.18275214802037,171.19819013362115,179.56346130371094,8696000
2020-05-12 00:00:00+00:00,179.88787445335348,179.90753853014576,173.99973589527045,174.52072143554688,5904600
2020-05-13 00:00:00+00:00,172.19103613235123,172.23036428715088,163.44239660145846,166.7550811767578,12534900
2020-05-14 00:00:00+00:00,165.5754559093718,165.70324988604082,161.77127521234135,164.15994262695312,7442300
2020-05-15 00:00:00+00:00,164.42536858009098,168.79968776288464,163.35389399431472,168.41632080078125,5673800
2020-05-18 00:00:00+00:00,171.04089673913043,173.9898777173913,169.2027033957882,169.56640625,6398300
2020-05-19 00:00:00+00:00,169.8121609537073,175.1694735960929,169.8121609537073,173.04620361328125,5264000
2020-05-20 00:00:00+00:00,175.53319033428693,176.09348893767134,171.9255902944312,173.9210662841797,4951200
2020-05-21 00:00:00+00:00,173.92107775024962,175.2579498560818,171.9550902416314,172.27947998046875,4429700
2020-05-22 00:00:00+00:00,173.59669730065517,175.60199789379664,172.4662455208066,174.825439453125,4965100
2020-05-26 00:00:00+00:00,178.90485239334862,178.90485239334862,173.22315003926158,173.51805114746094,8353600
2020-05-27 00:00:00+00:00,173.2919390651997,173.60650422397717,168.45561224368842,173.5966796875,6340200
2020-05-28 00:00:00+00:00,176.93885784049806,181.6572303827699,174.08818224167382,178.02015686035156,10275200
2020-05-29 00:00:00+00:00,171.3358018017307,172.0238943793896,167.7871940091327,171.8174591064453,19588900
2020-06-01 00:00:00+00:00,170.1562245748621,174.50105516144095,169.7433539993909,173.36077880859375,5711600
2020-06-02 00:00:00+00:00,171.8764646206185,171.92560230909288,168.30819247858597,171.26699829101562,8571800
2020-06-03 00:00:00+00:00,171.85680126050815,172.9380853994469,169.9006382738115,172.0140838623047,6004000
2020-06-04 00:00:00+00:00,172.02393095024232,172.44661112377207,167.1089614945211,168.52447509765625,7301600
2020-06-05 00:00:00+00:00,167.21706772969077,171.22768403721443,164.15995656141953,170.92295837402344,8232200
2020-06-08 00:00:00+00:00,170.67720648915665,173.56721046116132,169.72370136916072,173.54754638671875,4592600
2020-06-09 00:00:00+00:00,173.00688288879232,173.00688288879232,170.57888736648914,171.59136962890625,4025600
2020-06-10 00:00:00+00:00,173.25265419965265,179.3963653414843,173.05605844297298,179.003173828125,8127200
2020-06-11 00:00:00+00:00,173.63603803221275,175.39559047436805,169.07494703767975,169.1240997314453,6521200
2020-06-12 00:00:00+00:00,172.90859275617387,174.6681599492581,168.9373046487922,172.1320343017578,5443800
2020-06-15 00:00:00+00:00,169.07493533958942,175.8575866296572,168.35735405800892,175.57252502441406,6000000
2020-06-16 00:00:00+00:00,176.9486973097799,179.39635711620716,174.98270983453378,177.41070556640625,5824100
2020-06-17 00:00:00+00:00,177.89238335607615,179.6421110627907,177.60730676381343,178.3150634765625,5038600
2020-06-18 00:00:00+00:00,178.81638375751808,185.78580534221854,178.53130719098667,184.46859741210938,8677800
2020-06-19 00:00:00+00:00,186.27731268193523,187.99755171725656,182.33551320645915,183.7706756591797,11841000
2020-06-22 00:00:00+00:00,183.84933561476632,189.22631308790926,183.81984699968328,188.39076232910156,6252200
2020-06-23 00:00:00+00:00,188.73479149226858,190.78924473732792,185.38277935603898,185.84478759765625,6950800
2020-06-24 00:00:00+00:00,184.32114474122642,186.08071187771068,180.91015537537618,182.3944854736328,4903100
2020-06-25 00:00:00+00:00,182.97445593548744,185.5597342964965,181.30336956116406,185.1370391845703,4022400
2020-06-26 00:00:00+00:00,184.8027924159061,185.0190522027191,179.9074886038396,180.054931640625,7595700
2020-06-29 00:00:00+00:00,180.20239470198547,180.58576160761004,176.9388487367366,180.21221923828125,3972100
2020-06-30 00:00:00+00:00,180.33020541908598,184.69470018953797,180.01565521002988,184.14422607421875,4478900
2020-07-01 00:00:00+00:00,184.90112363107377,189.5408551617988,184.2720082539904,188.6266632080078,4754600
2020-07-02 00:00:00+00:00,189.8750739354542,192.0671457702783,189.01985918430867,189.2557830810547,4200300
2020-07-06 00:00:00+00:00,191.13329532711566,196.05808831024095,190.54349311388083,194.35751342773438,5794200
2020-07-07 00:00:00+00:00,194.29855985486194,196.81502160560143,192.87322183190506,193.0403289794922,5431500
2020-07-08 00:00:00+00:00,194.63273813287825,197.7783147392077,193.99379827508827,196.87396240234375,4233700
2020-07-09 00:00:00+00:00,198.58440268207212,199.3708006863158,192.31289772232918,197.326171875,6062800
2020-07-10 00:00:00+00:00,196.6577281652589,197.31633218099213,193.72841097605735,195.497802734375,3783200
2020-07-13 00:00:00+00:00,196.598749903792,196.85432287892098,184.83231352210652,185.1370391845703,5555400
2020-07-14 00:00:00+00:00,182.82700864710853,186.72949494244443,180.18275312213194,186.33628845214844,5854700
2020-07-15 00:00:00+00:00,187.78125400645234,188.83306428976823,183.57404287177084,184.89125061035156,7681800
2020-07-16 00:00:00+00:00,183.2497068123967,183.68222649470763,178.83605914428173,182.3551788330078,7350000
2020-07-17 00:00:00+00:00,183.95743251057692,185.1959991195912,180.24171768424122,184.5865478515625,4324300
2020-07-20 00:00:00+00:00,184.70451984370797,191.98850713965243,184.08524397999574,191.77224731445312,5729000
2020-07-21 00:00:00+00:00,192.66677068447584,193.15826754846685,186.25764737823076,187.55520629882812,5376800
2020-07-22 00:00:00+00:00,187.53554832065402,188.60700791915363,185.6580266393455,188.05653381347656,2833000
2020-07-23 00:00:00+00:00,188.22365291947798,191.2611152302574,184.3211662444793,185.33364868164062,3639500
2020-07-24 00:00:00+00:00,182.89581747403543,185.7268443163599,181.2443951488758,185.2845001220703,3908400
2020-07-27 00:00:00+00:00,186.6705079176542,188.30228114941133,185.44176572493848,187.71249389648438,3015700
2020-07-28 00:00:00+00:00,187.7517730793412,189.68827162465783,185.83493860535285,186.27728271484375,3114200
2020-07-29 00:00:00+00:00,186.91623349809302,191.25123902369415,186.52304204422535,190.31739807128906,3747800
2020-07-30 00:00:00+00:00,186.85729025030395,188.65617072740255,184.1835458799023,188.43991088867188,3587400
2020-07-31 00:00:00+00:00,189.71777169218674,191.67393442699657,187.42739472106544,191.53631591796875,3734000
2020-08-03 00:00:00+00:00,194.43617635484006,201.30729340721905,193.22709818241503,199.73451232910156,6557500
2020-08-04 00:00:00+00:00,199.5477127877908,199.9310797148498,195.5174327859557,197.98475646972656,4480300
2020-08-05 00:00:00+00:00,199.3511455227775,200.43242970256543,198.15189188753826,199.19386291503906,3559100
2020-08-06 00:00:00+00:00,199.5182342278538,206.37952611385154,198.9579206143095,204.25625610351562,5113300
2020-08-07 00:00:00+00:00,203.10612573607244,203.42069087674227,195.20286406788634,197.630859375,5423400
2020-08-10 00:00:00+00:00,196.99194278350296,198.05357784033384,192.39153920319683,193.8070526123047,5528200
2020-08-11 00:00:00+00:00,190.32722981163178,192.50947696156655,188.4595478361312,188.72496032714844,5015400
2020-08-12 00:00:00+00:00,189.71778068029073,192.0966235914963,188.85274144010936,189.34423828125,3980300
2020-08-13 00:00:00+00:00,190.03237020151604,194.70159079048153,189.94388935931343,191.8214111328125,4711600
2020-08-14 00:00:00+00:00,191.90003116225398,192.15560412430628,189.24595117421063,190.1699676513672,2833000
2020-08-17 00:00:00+00:00,192.01798015840913,193.71857000930672,191.11362778069773,193.39418029785156,3574500
2020-08-18 00:00:00+00:00,195.94013921129428,201.31711603778794,195.61574948509718,200.54054260253906,7284800
2020-08-19 00:00:00+00:00,200.53074815975404,203.57803513640988,196.6282613216034,201.6218719482422,7080700
2020-08-20 00:00:00+00:00,200.38327324149043,206.5368084497089,200.04904398153082,205.94700622558594,5175100
2020-08-21 00:00:00+00:00,206.3697051237055,206.4286823473463,202.74245587685797,204.0006866455078,5727800
2020-08-24 00:00:00+00:00,205.32772676570255,205.7307427791371,201.66114950253402,204.9148712158203,5699000
2020-08-25 00:00:00+00:00,209.59391946552242,214.63668198362683,207.21507649382758,212.37579345703125,27096500
2020-08-26 00:00:00+00:00,247.67509110016198,273.2427509959289,245.22743146797413,267.6888427734375,63253400
2020-08-27 00:00:00+00:00,262.4593403423332,273.5475090265151,256.40409503273173,271.620849609375,22817100
2020-08-28 00:00:00+00:00,266.6665251691684,271.06050813286123,262.85250487871275,266.4895935058594,28068000
2020-08-31 00:00:00+00:00,265.4082869245634,270.0381786413102,261.38784647431424,268.0132141113281,16010100
2020-09-01 00:00:00+00:00,266.3913238932291,277.135439092656,265.97845329150556,276.4670104980469,13293600
2020-09-02 00:00:00+00:00,278.6492548985276,279.66173731698996,264.0026532145087,271.98455810546875,12963800
2020-09-03 00:00:00+00:00,265.9784260178902,267.1285418630082,253.03241559967205,260.503173828125,14000600
2020-09-04 00:00:00+00:00,258.5077173854961,261.15197307733075,239.06408644312572,250.36851501464844,14374300
2020-09-08 00:00:00+00:00,236.47877759691423,249.36580929606006,236.0560825492015,237.1668701171875,15229600
2020-09-09 00:00:00+00:00,242.20963352409987,249.13974187559364,238.8281479093748,246.1710968017578,9988600
2020-09-10 00:00:00+00:00,250.47662650014829,252.14772781762443,242.7699593626597,243.58584594726562,5945000
2020-09-11 00:00:00+00:00,246.45616599536328,247.02630410503167,235.37782350087252,238.96575927734375,5455200
2020-09-14 00:00:00+00:00,242.1211821700275,244.6376437078571,239.88978221295307,242.44557189941406,4255200
2020-09-15 00:00:00+00:00,247.09511566875736,247.65542926403833,244.28375315391912,247.39984130859375,4133600
2020-09-16 00:00:00+00:00,250.33900286308779,251.08607267260857,245.97450845117064,246.33822631835938,5441200
2020-09-17 00:00:00+00:00,241.93441642018266,244.58851153880335,237.20621889292855,240.3714599609375,5279500
2020-09-18 00:00:00+00:00,240.9612558457597,243.89057293717855,234.650437951165,238.65121459960938,6595600
2020-09-21 00:00:00+00:00,234.905980756591,240.96122490573248,232.7728864539077,240.88258361816406,5561600
2020-09-22 00:00:00+00:00,242.54385532686302,244.34273548199667,237.15703939808404,243.566162109375,3600800
2020-09-23 00:00:00+00:00,244.2641056035431,244.539342634744,231.34756921338283,231.9766845703125,7507900
2020-09-24 00:00:00+00:00,231.8292516331694,235.87919624398558,229.65684375875432,233.5101776123047,4166800
2020-09-25 00:00:00+00:00,233.35288540372608,239.80132199530559,231.05268363160062,238.61190795898438,5117800
2020-09-28 00:00:00+00:00,243.34993097845907,244.3525888058504,238.0909234019565,242.47506713867188,4088300
2020-09-29 00:00:00+00:00,241.08901702090105,243.6841196550095,240.3419472471991,243.2417755126953,3983700
2020-09-30 00:00:00+00:00,242.45539609838409,251.06643072278266,242.03271599659703,247.04598999023438,8188500
2020-10-01 00:00:00+00:00,248.87435798744548,250.33902411919564,246.54466752893143,249.1397705078125,4318000
2020-10-02 00:00:00+00:00,245.50267653682812,250.61424077617465,243.0058791389055,243.63499450683594,4494500
2020-10-05 00:00:00+00:00,245.7484468526662,248.9726652754296,244.76545306525554,247.25242614746094,3403500
2020-10-06 00:00:00+00:00,248.43199748626526,252.9144614277702,244.76543512772847,245.88604736328125,4448100
2020-10-07 00:00:00+00:00,247.91102575049692,256.3057859451294,247.91102575049692,255.55873107910156,4963200
2020-10-08 00:00:00+00:00,259.70694234648147,260.11978289301777,252.70800214361518,255.79461669921875,4150400
2020-10-09 00:00:00+00:00,258.4290579248416,261.5254823220897,257.05287263701905,261.4566955566406,4225000
2020-10-12 00:00:00+00:00,265.40830157632826,265.40830157632826,260.77840960399004,262.52813720703125,4317000
2020-10-13 00:00:00+00:00,261.88917430618994,264.21886439352375,259.73641587138115,262.29217529296875,3713200
2020-10-14 00:00:00+00:00,265.40829952754456,265.56558211968763,254.34962038056352,257.3772277832031,5129500
2020-10-15 00:00:00+00:00,253.72049489621233,256.08951336335616,249.7000691769502,253.33714294433594,5256800
2020-10-16 00:00:00+00:00,254.83125260659963,258.0554704316376,254.09400740271673,254.15298461914062,3092300
2020-10-19 00:00:00+00:00,255.34245284281695,257.033203204981,250.17189638671078,250.6732177734375,3242300
2020-10-20 00:00:00+00:00,251.76434063770094,254.7722989477885,249.7295514864684,251.6168975830078,2989300
2020-10-21 00:00:00+00:00,252.0887410490592,253.91709489318598,247.56696412468497,249.90647888183594,2794000
2020-10-22 00:00:00+00:00,249.57229198802875,250.87967552468854,241.94426560045406,245.42405700683594,3685700
2020-10-23 00:00:00+00:00,245.84675743756898,246.3087657273798,242.6126994088932,246.25961303710938,3159600
2020-10-26 00:00:00+00:00,241.12836882312186,243.89057884868674,233.3430601569946,237.8648223876953,5864100
2020-10-27 00:00:00+00:00,243.7824312511701,247.46865753016965,241.59035955706042,246.04331970214844,4285600
2020-10-28 00:00:00+00:00,240.4402518426681,241.2757874423014,233.96231231522097,234.3751678466797,4425400
2020-10-29 00:00:00+00:00,238.39565861712035,238.39565861712035,233.0973226786238,233.10714721679688,4589000
2020-10-30 00:00:00+00:00,231.80957685346618,233.70674745650174,224.77133850373653,228.3199462890625,5741200
2020-11-02 00:00:00+00:00,231.12146320537772,234.44398655677364,225.0957223038779,228.4968719482422,3953400
2020-11-03 00:00:00+00:00,231.10182924898177,236.84250896593434,229.31277348141916,233.09730529785156,4151400
2020-11-04 00:00:00+00:00,241.83612885206924,248.57946664054012,239.1034074012799,246.47586059570312,6505400
2020-11-05 00:00:00+00:00,253.72048443442668,256.48272427489457,251.09590810711498,255.79461669921875,8961700
2020-11-06 00:00:00+00:00,255.5783717584237,257.2986107991054,250.16208166436607,255.72581481933594,3798600
2020-11-09 00:00:00+00:00,256.512218147983,266.31266654202886,252.87512945665458,254.87060546875,8777500
2020-11-10 00:00:00+00:00,253.67137145916936,254.59538800858576,238.76918221373958,243.4482421875,6863200
2020-11-11 00:00:00+00:00,249.1987263461965,252.37379178285602,246.93785284598366,249.85733032226562,4163400
2020-11-12 00:00:00+00:00,243.19264737842906,250.63391725421226,242.1703404796817,245.1782989501953,5607000
2020-11-13 00:00:00+00:00,248.54014045326852,249.47398153207772,243.34993456335144,245.2667694091797,5160000
2020-11-16 00:00:00+00:00,245.27658644598205,249.17907254299723,243.95936351954794,245.64028930664062,5712600
2020-11-17 00:00:00+00:00,249.42485483886355,253.87780060052646,246.20063634084744,251.81353759765625,5090700
2020-11-18 00:00:00+00:00,252.03956683489187,258.1931167072343,251.4989323247355,252.78665161132812,5880500
2020-11-19 00:00:00+00:00,252.47211314394772,262.54779916101563,251.312187709449,260.1492919921875,8084600
2020-11-20 00:00:00+00:00,259.1072903323118,260.512964039829,253.43542782102264,253.6516876220703,7286100
2020-11-23 00:00:00+00:00,256.78748917399236,257.28879562856986,250.28005981572554,253.258544921875,5383600
2020-11-24 00:00:00+00:00,255.57837211111703,257.8490852480634,253.43545296000036,256.4040832519531,5797300
2020-11-25 00:00:00+00:00,259.2449399242049,261.57463019903594,240.88260976439463,242.6225128173828,26394900
2020-11-27 00:00:00+00:00,246.73143108373569,247.55714223334866,242.8289446989219,243.4187469482422,7395000
2020-11-30 00:00:00+00:00,241.305292600092,243.41873808378008,232.0553331551402,241.61985778808594,18966400
2020-12-01 00:00:00+00:00,240.83343459495833,242.50452073310575,234.64057184837242,237.24551391601562,18872000
2020-12-02 00:00:00+00:00,221.64541217411298,222.1565730907611,211.96293336420226,217.0253448486328,52225500
2020-12-03 00:00:00+00:00,222.26473051726623,222.26473051726623,216.38643174548238,217.21214294433594,21395300
2020-12-04 00:00:00+00:00,220.0136509242996,224.71235947774625,218.0476635797849,222.01895141601562,20504800
2020-12-07 00:00:00+00:00,224.2306829754402,225.96074640643795,222.40231417934217,223.82765197753906,12864100
2020-12-08 00:00:00+00:00,224.76152860279703,225.59707934081442,221.8223867111519,223.98497009277344,12116800
2020-12-09 00:00:00+00:00,224.17171250232684,224.94827091253453,216.32742710848854,216.8189239501953,15651800
2020-12-10 00:00:00+00:00,216.81894094761682,220.4953280122446,216.41590990599144,219.12896728515625,9258600
2020-12-11 00:00:00+00:00,218.1459695593607,218.9520316279594,216.23895929881667,218.63746643066406,8214400
2020-12-14 00:00:00+00:00,219.29607515212493,219.669617582119,216.7009722158326,217.5070343017578,8508500
2020-12-15 00:00:00+00:00,218.29344347558833,218.3622452429351,214.48924721587107,216.4060821533203,10766800
2020-12-16 00:00:00+00:00,217.71345630694051,220.19060481086524,216.50437816782622,219.8170623779297,8821400
2020-12-17 00:00:00+00:00,221.07528408916795,222.87416441670734,220.68209259650868,222.07794189453125,9946900
2020-12-18 00:00:00+00:00,223.15923983125975,223.94563781175975,220.58378607013995,223.562255859375,11845400
2020-12-21 00:00:00+00:00,221.0752991053161,223.57211175110535,220.88854288315898,222.6186065673828,9219000
2020-12-22 00:00:00+00:00,223.13956561064828,227.92674003785177,222.74637413792388,227.2386474609375,10339600
2020-12-23 00:00:00+00:00,228.54604124884972,229.21446978273366,223.24770566675136,223.562255859375,7090500
2020-12-24 00:00:00+00:00,224.41747127221484,225.29233509082565,221.0064818335281,221.94032287597656,6146300
2020-12-28 00:00:00+00:00,223.3558585392317,223.96530991211077,218.27378225427734,220.81973266601562,6422500
2020-12-29 00:00:00+00:00,221.14412801566303,221.46851778663773,217.10402268522665,218.67681884765625,6122400
2020-12-30 00:00:00+00:00,219.33539406837167,219.83671546702584,217.81175079886594,218.6177978515625,4724000
2020-12-31 00:00:00+00:00,218.49003248475523,219.00117845274477,216.4257395394378,218.74560546875,6011100
2021-01-04 00:00:00+00:00,218.8537163499382,219.94483995482548,212.0514017588483,216.56333923339844,10319900
2021-01-05 00:00:00+00:00,215.7573161298392,219.2076189931693,214.28282541912282,217.75279235839844,8657200
2021-01-06 00:00:00+00:00,214.29263499210694,216.71080618849626,212.11038769270252,212.47409057617188,9789800
2021-01-07 00:00:00+00:00,213.3391386461819,216.90741086355487,212.8181531432805,214.27297973632812,8443100
2021-01-08 00:00:00+00:00,216.25863057243208,218.53918333085736,215.49189662761884,218.26393127441406,7301700
2021-01-11 00:00:00+00:00,215.89489661023993,216.8287375625735,212.55270925545074,214.53836059570312,7199000
2021-01-12 00:00:00+00:00,214.29261743521937,214.58751853246585,210.44910863276655,211.85479736328125,10736000
2021-01-13 00:00:00+00:00,213.309618170786,215.17730007210352,211.86461633162114,214.46954345703125,6839200
2021-01-14 00:00:00+00:00,214.518704313597,215.76711047377123,211.88428847877154,211.93344116210938,6548000
2021-01-15 00:00:00+00:00,212.49374372237043,214.1648299920121,209.3678309943777,209.51527404785156,8525600
2021-01-19 00:00:00+00:00,211.68770545210893,213.58487614863134,210.06575680035496,213.07371520996094,7753800
2021-01-20 00:00:00+00:00,218.21478355113237,220.81971093625722,216.229132016469,219.64012145996094,9857700
2021-01-21 00:00:00+00:00,219.88586299676476,220.91800938089062,217.06467587954177,218.39170837402344,6785900
2021-01-22 00:00:00+00:00,221.0752814804723,223.91613272940117,219.94484470294563,221.9304962158203,10186100
2021-01-25 00:00:00+00:00,225.7838324599854,226.38345923583185,217.55617973177382,222.07794189453125,8213500
2021-01-26 00:00:00+00:00,223.92595852708968,224.0340884295548,220.7213895991016,222.41213989257812,5021000
2021-01-27 00:00:00+00:00,219.8957013638507,223.93580632204709,217.81175939003947,220.95733642578125,7641100
2021-01-28 00:00:00+00:00,221.1735959084618,225.69537320230813,221.1735959084618,222.64808654785156,7246000
2021-01-29 00:00:00+00:00,220.8393565164941,224.89911008242427,219.2272475340598,221.7240447998047,6473000
2021-02-01 00:00:00+00:00,223.3459954771901,225.99023581594912,220.9278244805176,224.57473754882812,5696700
2021-02-02 00:00:00+00:00,227.53354875768693,231.93735625295844,227.44508292614307,230.2171173095703,7134900
2021-02-03 00:00:00+00:00,231.00353079608482,231.98652454415327,228.31012252663135,230.82659912109375,5357600
2021-02-04 00:00:00+00:00,231.5146898682932,234.1785945043611,231.46553718142934,233.93284606933594,4770700
2021-02-05 00:00:00+00:00,235.08293502026265,235.28937029490135,232.3895419085633,234.82736206054688,5020000
2021-02-08 00:00:00+00:00,235.43682212145734,237.00961808415735,233.09730725104083,234.86668395996094,4336400
2021-02-09 00:00:00+00:00,235.48598435481335,235.9971453133086,232.2224528489464,232.67462158203125,5157200
2021-02-10 00:00:00+00:00,233.41184081323493,234.16875012879217,229.98120255046314,232.6942596435547,5535600
2021-02-11 00:00:00+00:00,234.86667735094207,238.75933899947557,234.52263855579707,237.1374053955078,6091600
2021-02-12 00:00:00+00:00,236.85234949893365,237.45197630776315,234.8470487771976,236.28221130371094,4314400
2021-02-16 00:00:00+00:00,240.83343747702037,246.9574835444913,239.6538481300526,244.3623809814453,10837600
2021-02-17 00:00:00+00:00,244.36241919960685,245.25694713568396,241.32497203130424,243.4482421875,5879200
2021-02-18 00:00:00+00:00,241.78695830230424,243.7922588233568,238.4447857674522,242.80926513671875,4152800
2021-02-19 00:00:00+00:00,243.78242610292654,245.1487866815156,241.79677472277007,242.36691284179688,4647700
2021-02-22 00:00:00+00:00,240.10604760584923,240.36163558000436,236.29204206123723,236.8523406982422,5055000
2021-02-23 00:00:00+00:00,231.2591174659481,234.89620654862432,225.11540617669115,231.63265991210938,8641600
2021-02-24 00:00:00+00:00,231.52450194934318,237.39297546194848,227.57286312694464,236.3804931640625,6128300
2021-02-25 00:00:00+00:00,234.47350827859185,236.2625641817747,225.86248805040037,227.15020751953125,8828900
2021-02-26 00:00:00+00:00,225.48891835534886,226.58004193383056,212.6608479054404,212.81813049316406,20372900
2021-03-01 00:00:00+00:00,216.16031995507365,216.45522108038242,211.3731451850441,213.8404541015625,14027700
2021-03-02 00:00:00+00:00,214.6858122543605,214.8824229884599,209.71186666722528,209.83966064453125,10211500
2021-03-03 00:00:00+00:00,209.21055293552467,209.69222525279355,201.9069018763065,202.4967041015625,11459000
2021-03-04 00:00:00+00:00,203.32240400862264,205.53413973246242,198.08304602734484,201.8380889892578,12800500
2021-03-05 00:00:00+00:00,206.43849023898187,208.73870677055527,199.76396998096408,207.1757354736328,11406000
2021-03-08 00:00:00+00:00,209.98709540886307,211.2453260611201,204.039995919381,204.18743896484375,9576400
2021-03-09 00:00:00+00:00,208.5716181957302,212.12022642920832,207.57879985313812,207.93267822265625,9732200
2021-03-10 00:00:00+00:00,211.06841928988675,212.4740931533245,208.1685907260099,208.35536193847656,7186400
2021-03-11 00:00:00+00:00,211.34367047120088,214.45975906846547,210.70473049042468,212.2775115966797,6431000
2021-03-12 00:00:00+00:00,209.82000735434488,210.21321384345825,205.74058940011562,208.60110473632812,6114600
2021-03-15 00:00:00+00:00,208.2472197828781,209.31867930801175,205.93717860548583,209.18106079101562,5733700
2021-03-16 00:00:00+00:00,211.18638263749247,213.00492715210083,209.8495104806283,210.83250427246094,5311000
2021-03-17 00:00:00+00:00,209.888811935046,211.15686716552972,207.27404518152633,209.49560546875,5805100
2021-03-18 00:00:00+00:00,207.11679516593944,207.78523876411478,204.8559063768951,205.91754150390625,5580100
2021-03-19 00:00:00+00:00,206.24192353113088,209.13192765751916,205.51451773013167,208.59127807617188,7088400
2021-03-22 00:00:00+00:00,207.88349321367832,213.28995829677905,207.7753633120446,211.5107421875,5002500
2021-03-23 00:00:00+00:00,211.10771930331126,213.73231065369018,210.68503921659513,211.34364318847656,4578000
2021-03-24 00:00:00+00:00,211.4714456859301,211.61888874553907,205.8487203570003,205.9666748046875,4617700
2021-03-25 00:00:00+00:00,202.6637786021672,204.6297657040936,200.89438721057522,201.94619750976562,7977200
2021-03-26 00:00:00+00:00,202.14282390417415,205.848714353639,201.28762418479516,205.53414916992188,7333200
2021-03-29 00:00:00+00:00,205.45549895581814,208.05060161166523,202.4868689096375,207.18557739257812,5686900
2021-03-30 00:00:00+00:00,205.09179320583186,207.69672036171957,203.833562541936,206.4286651611328,4717900
2021-03-31 00:00:00+00:00,206.8612023902076,210.03626792984997,206.53681266025617,208.26687622070312,6838000
2021-04-01 00:00:00+00:00,209.96745856750115,215.2068017453996,209.74135921889666,215.00038146972656,7763500
2021-04-05 00:00:00+00:00,215.8752421531418,218.06731385454447,215.20679865269358,216.54367065429688,5553200
2021-04-06 00:00:00+00:00,216.08168689911486,217.78226183624304,214.5383795578464,217.330078125,5448500
2021-04-07 00:00:00+00:00,218.18530267196977,218.8930443833957,215.65900149634084,217.03518676757812,4403400
2021-04-08 00:00:00+00:00,219.20761185501533,221.87153158531973,218.66696227883236,220.63294982910156,6169100
2021-04-09 00:00:00+00:00,220.5149831407543,227.37627511069775,219.8268905361973,227.34678649902344,7319300
2021-04-12 00:00:00+00:00,225.6167290123109,225.94111874873775,223.2870236323898,224.86964416503906,6205700
2021-04-13 00:00:00+00:00,225.10555385721142,229.5192009024543,224.61405701472842,228.05453491210938,5397100
2021-04-14 00:00:00+00:00,228.89010411516168,229.17516570724138,223.78836407636902,224.14224243164062,4617600
2021-04-15 00:00:00+00:00,225.96076147958573,229.1161779185613,225.59705860318033,229.03753662109375,5073900
2021-04-16 00:00:00+00:00,230.02053300947583,230.02053300947583,225.98042817587609,227.96607971191406,5088700
2021-04-19 00:00:00+00:00,226.90442204735504,228.25111852444752,224.97774792747842,226.5800323486328,4257700
2021-04-20 00:00:00+00:00,226.08855251487208,227.5138903895636,223.03144148741663,224.083251953125,4081200
2021-04-21 00:00:00+00:00,223.24771262606313,226.8651224501173,222.8151929733405,226.6390380859375,4024000
2021-04-22 00:00:00+00:00,226.08855611296687,229.91240109247096,225.1153869282131,227.4156036376953,4975400
2021-04-23 00:00:00+00:00,228.97855027883938,231.48518716335215,227.80878539944723,229.53884887695312,5447100
2021-04-26 00:00:00+00:00,230.05982431198856,231.78990271346947,228.46737941907327,231.4556884765625,3459600
2021-04-27 00:00:00+00:00,231.45571668387834,231.888221337665,227.96608584575026,230.2269744873047,3445200
2021-04-28 00:00:00+00:00,231.00351432682254,234.2768850744327,229.55851242023894,232.85154724121094,4274500
2021-04-29 00:00:00+00:00,233.28405741719715,233.62809619099147,228.2216311808935,230.3743896484375,4140800
2021-04-30 00:00:00+00:00,228.84094218651074,230.51202851920056,225.61672396836053,226.4031219482422,5024800
2021-05-03 00:00:00+00:00,226.84544587581382,227.52371388542653,219.2763978685861,219.95465087890625,5835700
2021-05-04 00:00:00+00:00,217.9001883890444,218.22457807528755,210.71450760996555,213.48654174804688,6727500
2021-05-05 00:00:00+00:00,215.09869873508507,215.83594404470745,211.18637282586383,211.73684692382812,4205800
2021-05-06 00:00:00+00:00,212.13987030451554,214.56786596986782,209.86915723270442,214.34178161621094,5200000
2021-05-07 00:00:00+00:00,216.75992972749515,217.48735044624735,211.43210581252373,212.81813049316406,5774700
2021-05-10 00:00:00+00:00,211.83513812560662,212.28732181827834,209.60373827130275,210.2525177001953,5263700
2021-05-11 00:00:00+00:00,205.44566820557037,212.88693716750902,205.35720237890052,211.89410400390625,6097900
2021-05-12 00:00:00+00:00,209.71187328708947,209.7413618982766,205.44568421002282,206.95948791503906,5482500
2021-05-13 00:00:00+00:00,209.34817318679183,211.9727646122364,206.89068889338373,208.25704956054688,5337000
2021-05-14 00:00:00+00:00,210.54741532643507,214.5580312761253,210.5080871802646,213.95840454101562,4429000
2021-05-17 00:00:00+00:00,212.90661290591373,214.0174006441961,209.20073726454197,211.4026336669922,3816100
2021-05-18 00:00:00+00:00,211.7761976269541,213.6537194819081,210.15424877347454,210.68507385253906,3540600
2021-05-19 00:00:00+00:00,212.17918025476004,217.83139360646953,210.8619573959429,217.5758056640625,8092100
2021-05-20 00:00:00+00:00,219.18793673645104,222.97246857976253,218.5784854263476,219.97433471679688,6705500
2021-05-21 00:00:00+00:00,221.37998611295765,221.94028464218616,218.6570897536083,218.79470825195312,4913600
2021-05-24 00:00:00+00:00,221.17358261959504,223.72937224069443,220.39702419586428,223.12974548339844,5288300
2021-05-25 00:00:00+00:00,224.1225860158841,225.81333654893,222.43183548283824,223.8375244140625,6256300
2021-05-26 00:00:00+00:00,224.59439737103995,226.3244758902512,224.40762616732567,225.77398681640625,5807100
2021-05-27 00:00:00+00:00,225.61670511895767,225.61670511895767,221.55693657399357,221.9894561767578,15344100
2021-05-28 00:00:00+00:00,235.15175993907667,239.35897187935342,233.7853992622012,234.05081176757812,17810800
2021-06-01 00:00:00+00:00,233.95248172708307,234.34567317564694,228.50670366808242,232.18309020996094,8103900
2021-06-02 00:00:00+00:00,230.41372979833088,234.23757489910318,229.92223292162856,230.62998962402344,5543900
2021-06-03 00:00:00+00:00,228.92941633236643,229.2144779232835,225.52825132061156,226.91427612304688,5109000
2021-06-04 00:00:00+00:00,227.69087069880283,233.84440681150255,227.58274077512988,233.44137573242188,6177600
2021-06-07 00:00:00+00:00,232.57632987459672,235.39751716916274,231.8292450166167,234.0901336669922,3510800
2021-06-08 00:00:00+00:00,234.73889808719593,237.67803964472992,231.6621230126173,232.3993682861328,5827300
2021-06-09 00:00:00+00:00,234.80771844525165,234.80771844525165,231.50485875831504,232.0749969482422,3350900
2021-06-10 00:00:00+00:00,231.98650919516894,236.2035454956802,231.1509585648758,236.10525512695312,4659500
2021-06-11 00:00:00+00:00,234.9649900509051,236.2821980491005,234.35553873815974,236.2232208251953,4624200
2021-06-14 00:00:00+00:00,236.60657895014472,242.44556388755979,236.3903191377002,242.072021484375,6764700
2021-06-15 00:00:00+00:00,241.03988324177155,241.18732629183336,237.89429151371817,238.45460510253906,5135300
2021-06-16 00:00:00+00:00,237.88447058913886,240.8432761665557,235.4073223154333,238.26783752441406,5099300
2021-06-17 00:00:00+00:00,237.88446493793234,242.97636488033163,237.0980670126591,240.27313232421875,5170200
2021-06-18 00:00:00+00:00,237.7370376379162,241.82628012149982,236.96046419802147,238.65121459960938,7822200
2021-06-21 00:00:00+00:00,239.30982902363894,240.5582353046484,234.82737985635765,240.3223114013672,5895100
2021-06-22 00:00:00+00:00,239.6538692553898,240.5582216677596,236.79335396235345,238.97560119628906,4457200
2021-06-23 00:00:00+00:00,239.6047250193795,240.34197032713143,236.75404916245634,237.72720336914062,4482400
2021-06-24 00:00:00+00:00,239.21153407505653,243.4777233326205,238.57257914061677,239.6243896484375,4987300
2021-06-25 00:00:00+00:00,240.0372359517864,240.04706048912053,236.8916590861057,237.75668334960938,15409300
2021-06-28 00:00:00+00:00,240.0569187566836,243.37942754938555,239.45729194805628,240.41079711914062,4274900
2021-06-29 00:00:00+00:00,240.28298784863483,242.5831895586966,238.30716086751264,241.6296844482422,3871900
2021-06-30 00:00:00+00:00,241.30530455563897,242.43575638179524,239.35898110620005,240.1158905029297,4168800
2021-07-01 00:00:00+00:00,240.34194898302454,242.39640212501234,238.49391610927094,240.81378173828125,3899600
2021-07-02 00:00:00+00:00,242.72080368218292,244.72611923869434,241.6591686815522,243.97903442382812,4056200
2021-07-06 00:00:00+00:00,244.76542902897884,248.61876249731102,244.15597774040748,245.99417114257812,5590200
2021-07-07 00:00:00+00:00,248.69739931127856,249.18889614786212,243.64481243117135,244.21495056152344,5101400
2021-07-08 00:00:00+00:00,240.67617722339793,242.38659168470392,237.62890571099894,241.61985778808594,5159600
2021-07-09 00:00:00+00:00,241.41342627225364,243.78244475865012,239.93893567895535,240.89244079589844,4213500
2021-07-12 00:00:00+00:00,243.0157230001427,243.05503615157355,237.737051211991,238.77902221679688,5604500
2021-07-13 00:00:00+00:00,238.16952735568094,242.9567166808869,237.569900622923,239.8701171875,6699800
2021-07-14 00:00:00+00:00,240.34196361606686,241.96389724811422,235.79069791018904,238.30715942382812,6375700
2021-07-15 00:00:00+00:00,237.117754253034,237.9139767929239,231.80959398757187,233.53965759277344,7912600
2021-07-16 00:00:00+00:00,234.24738887220207,236.78351427912787,233.72640343969755,234.3751678466797,7288100
2021-07-19 00:00:00+00:00,232.48785567198414,234.44401871213765,230.3252723357144,233.5101776123047,8843000
2021-07-20 00:00:00+00:00,234.64058664992768,239.04439410337673,232.25191922516868,236.026611328125,8487000
2021-07-21 00:00:00+00:00,237.3340107408878,238.84781449923827,234.2179223882146,237.99261474609375,15323100
2021-07-22 00:00:00+00:00,239.35898443256883,244.47054906740954,239.2017018285935,244.0576934814453,7868700
2021-07-23 00:00:00+00:00,245.74845266966423,246.29892680375704,242.48490601854937,244.02821350097656,5877300
2021-07-26 00:00:00+00:00,243.97905423871688,244.25429129834944,241.63953923184005,243.38926696777344,3960700
2021-07-27 00:00:00+00:00,243.00589384055064,243.91024629920733,237.0882672096573,239.36880493164062,6352500
2021-07-28 00:00:00+00:00,239.6735387041873,241.89509913661368,238.86747664506547,239.8111572265625,4100200
2021-07-29 00:00:00+00:00,239.34916643330976,241.9737580867584,239.34916643330976,239.88980102539062,3271100
2021-07-30 00:00:00+00:00,238.86745370140278,240.0863712105709,237.52075721899152,237.81564331054688,3748400
2021-08-02 00:00:00+00:00,238.18920814688454,238.34649074340317,234.81754685504538,236.7638702392578,3525700
2021-08-03 00:00:00+00:00,237.27504532197386,238.91664314784387,234.97482845883445,237.029296875,3077900
2021-08-04 00:00:00+00:00,237.51092600511373,240.48939562852436,235.59409134637815,240.01756286621094,4121600
2021-08-05 00:00:00+00:00,240.5188816369907,246.6331034048758,239.39826946405992,246.29888916015625,5235200
2021-08-06 00:00:00+00:00,244.99152756124056,247.7930657421522,244.9817030235086,246.32839965820312,4045400
2021-08-09 00:00:00+00:00,247.14427964651898,248.1272733679669,243.63499986058275,245.0800018310547,3312200
2021-08-10 00:00:00+00:00,246.6036280076445,246.97717041839954,238.90678543409314,239.25083923339844,4430600
2021-08-11 00:00:00+00:00,240.50906810105883,241.9638945852532,236.0167946669994,238.1597137451172,3999200
2021-08-12 00:00:00+00:00,238.3759846661425,244.20513041110073,237.8156710282969,244.1658172607422,4467400
2021-08-13 00:00:00+00:00,247.4293794583582,249.45434431479313,244.6376656278477,247.28192138671875,5986400
2021-08-16 00:00:00+00:00,245.91552593896554,246.7314124893435,240.312464989863,244.96202087402344,4047500
2021-08-17 00:00:00+00:00,244.03801831436033,244.9620348215996,241.75748065754945,242.7896270751953,3472600
2021-08-18 00:00:00+00:00,243.78245177312812,252.43278483661007,243.50721472106974,246.94769287109375,8306700
2021-08-19 00:00:00+00:00,244.9325507294609,251.09592573778434,244.1559922671517,248.7662353515625,6600800
2021-08-20 00:00:00+00:00,248.69744019565184,253.48461537118484,248.31407320006514,251.7742156982422,5510700
2021-08-23 00:00:00+00:00,252.6294111355897,257.40674669003647,252.20673099366272,256.08953857421875,7603900
2021-08-24 00:00:00+00:00,257.4657313162023,258.03585448101023,254.65435364525774,255.24415588378906,6685200
2021-08-25 00:00:00+00:00,256.42371944996563,257.4460412866751,254.34961716439116,256.4139099121094,9701000
2021-08-26 00:00:00+00:00,265.2116671419577,270.5395057710842,262.81316030506207,263.2358703613281,18987000
2021-08-27 00:00:00+00:00,263.30468289865917,266.3028317376491,260.91601536363004,261.997314453125,7992500
2021-08-30 00:00:00+00:00,261.2895477615463,263.02943577619214,260.24757686031165,260.4638366699219,5730000
2021-08-31 00:00:00+00:00,260.2672311772913,262.23321857750113,258.23245701700023,260.75872802734375,5901500
2021-09-01 00:00:00+00:00,261.7417114498383,268.612857542807,261.07328295967454,263.7568664550781,7189000
2021-09-02 00:00:00+00:00,264.4253323285196,264.6809203161926,259.43173702147214,259.6578063964844,4498300
2021-09-03 00:00:00+00:00,259.1171346140387,262.862338056415,257.34772802799125,262.5379333496094,7356700
2021-09-07 00:00:00+00:00,262.0071359026962,263.3439928675389,259.5791403869553,260.6997375488281,4672500
2021-09-08 00:00:00+00:00,259.13680232382967,259.84455900943055,257.1314867148625,258.15380859375,3851500
2021-09-09 00:00:00+00:00,257.3674668481986,259.22530969647346,256.0207700219766,256.3058166503906,4126500
2021-09-10 00:00:00+00:00,256.56138375615365,257.14134650274474,252.13791162242686,252.82601928710938,5280900
2021-09-13 00:00:00+00:00,252.6293641887012,253.3076321967211,247.9011672043559,249.78851318359375,5258200
2021-09-14 00:00:00+00:00,249.78854018620345,250.7715339274424,248.69741653345642,250.0441131591797,4097500
2021-09-15 00:00:00+00:00,250.21122035918796,252.3836431275704,248.6482639100494,251.80368041992188,4764600
2021-09-16 00:00:00+00:00,251.18441910493675,256.7776565517257,250.66343356061716,255.93226623535156,5122600
2021-09-17 00:00:00+00:00,254.86072274689954,257.2494198333126,254.28076016170075,256.09930419921875,7049400
2021-09-20 00:00:00+00:00,252.22635920881243,254.801797998261,250.6044255435616,253.82864379882812,5985500
2021-09-21 00:00:00+00:00,255.0573762907527,258.0849836844283,253.386275002944,253.5828857421875,6040600
2021-09-22 00:00:00+00:00,254.4970846862452,255.93224721132725,251.8528290073111,254.76251220703125,4355600
2021-09-23 00:00:00+00:00,265.408356320915,274.6386835567339,261.8695722369174,273.1346740722656,15617200
2021-09-24 00:00:00+00:00,273.7637416710508,281.4900576470774,273.4786651023815,280.7724914550781,13368300
2021-09-27 00:00:00+00:00,277.6366861577649,278.93424477563843,274.29451426208107,274.9236145019531,5941100
2021-09-28 00:00:00+00:00,270.4313335668649,271.9943196663409,265.44757920687397,267.64947509765625,7127100
2021-09-29 00:00:00+00:00,268.8389833745256,270.00874847739715,264.6612594352963,265.89984130859375,4361900
2021-09-30 00:00:00+00:00,266.0472303546598,269.5958530968741,265.8408100838984,266.6075439453125,5224200
2021-10-01 00:00:00+00:00,266.88282158426205,271.64050806350235,264.199237661657,270.5788879394531,4756000
2021-10-04 00:00:00+00:00,270.53956129656876,270.61818760306676,261.6139905788011,266.2536926269531,6393800
2021-10-05 00:00:00+00:00,267.48237706968155,268.89789026930134,266.4207571692588,267.1481628417969,4050400
2021-10-06 00:00:00+00:00,265.08391307595264,270.80491336925746,262.9508036377194,270.5886535644531,4745500
2021-10-07 00:00:00+00:00,272.1909530033853,274.74674265571406,269.4189035343536,269.910400390625,5374200
2021-10-08 00:00:00+00:00,270.8540269298912,272.21056270727803,267.6396191099318,267.8460693359375,2683300
2021-10-11 00:00:00+00:00,267.1580445379631,271.57167694799296,266.89264702062087,269.09454345703125,2693000
2021-10-12 00:00:00+00:00,271.7191384146424,275.9754880406096,271.32591692613283,274.2552490234375,5970100
2021-10-13 00:00:00+00:00,275.23823636492205,280.25151024128627,273.86205118281487,279.5732421875,6573500
2021-10-14 00:00:00+00:00,281.1362056111645,285.6973108987237,279.8189976182714,285.08782958984375,5433900
2021-10-15 00:00:00+00:00,287.5158533622339,287.88939581432294,284.399779746084,286.6999816894531,5119300
2021-10-18 00:00:00+00:00,285.8348904610895,288.26288596051273,283.8000864193548,286.7392578125,5163300
2021-10-19 00:00:00+00:00,287.13246879460945,290.5041300214685,286.4050330499069,287.3683776855469,3631200
2021-10-20 00:00:00+00:00,288.12524614993686,290.38614947972565,283.0530254590862,285.1566162109375,4487900
2021-10-21 00:00:00+00:00,284.5472249069243,286.6115179477337,283.3676203125787,284.8814392089844,2828500
2021-10-22 00:00:00+00:00,284.08523047677147,288.0172059851005,283.27916829790183,287.5846862792969,2927000
2021-10-25 00:00:00+00:00,288.3120275230703,290.1109227141166,286.75891074479523,288.9215087890625,2993500
2021-10-26 00:00:00+00:00,290.7498665168812,293.28597698614016,288.62659658982,290.09124755859375,3601400
2021-10-27 00:00:00+00:00,291.4870901630597,294.1018567313098,290.07157698327643,290.13055419921875,3742700
2021-10-28 00:00:00+00:00,290.05195732585094,293.7283441524798,288.538138633115,293.3056640625,3450400
2021-10-29 00:00:00+00:00,292.9320916938707,295.6648126916084,291.231501972802,294.5933532714844,4251900
2021-11-01 00:00:00+00:00,296.3725635127671,299.67540753269384,294.62283614537137,297.61114501953125,3825100
2021-11-02 00:00:00+00:00,296.58885010655894,298.2796004120286,294.31813713797743,297.7979431152344,4177500
2021-11-03 00:00:00+00:00,298.78098472515194,298.78098472515194,293.11893070086154,297.739013671875,3260200
2021-11-04 00:00:00+00:00,298.3385616793584,303.16506392118407,297.2572627048564,302.8013610839844,3833800
2021-11-05 00:00:00+00:00,303.2535222599039,306.10419766878914,298.1812717399406,302.0247802734375,4681800
2021-11-08 00:00:00+00:00,301.9757087195249,306.0944551599628,300.6977987746152,304.6887512207031,3893000
2021-11-09 00:00:00+00:00,304.7280697579572,306.44830886142955,301.9953482678133,304.4429931640625,3126500
2021-11-10 00:00:00+00:00,301.35634966803474,303.34198590441287,292.8239725749541,294.5736999511719,4350900
2021-11-11 00:00:00+00:00,296.3725817126809,300.5503046721466,296.3725817126809,297.8274230957031,2681900
2021-11-12 00:00:00+00:00,299.3215975089137,301.9953417145198,296.50041024021306,301.4350280761719,3803700
2021-11-15 00:00:00+00:00,301.6808248168726,302.52621517828607,298.07325396832704,300.2947998046875,3595300
2021-11-16 00:00:00+00:00,298.90870264051637,302.3491804931855,297.57184564565773,301.8675231933594,2989400
2021-11-17 00:00:00+00:00,302.5457988759294,304.6297407138865,302.0248134164401,302.7817077636719,3864700
2021-11-18 00:00:00+00:00,300.95335296532585,301.769224531996,294.4852376593725,297.8372497558594,4443100
2021-11-19 00:00:00+00:00,300.5110184286453,300.79609502287985,295.9794315271333,296.0482482910156,4758900
2021-11-22 00:00:00+00:00,296.7068700498478,300.2947917231392,291.6739461685785,291.7919006347656,4474700
2021-11-23 00:00:00+00:00,288.6560763935513,291.4281256580815,283.4068939556493,286.4640197753906,6431100
2021-11-24 00:00:00+00:00,281.1755138740775,284.5275258422058,278.3838154897535,284.2522888183594,5091400
2021-11-26 00:00:00+00:00,279.6616939903208,282.6794917015817,278.2265316580237,279.3766174316406,4195300
2021-11-29 00:00:00+00:00,284.59632672900636,293.31550609291276,279.85831986888536,291.69354248046875,8215600
2021-11-30 00:00:00+00:00,291.1529222530095,294.18052981445163,278.58042374596874,280.1138916015625,13597600
2021-12-01 00:00:00+00:00,266.6468972264239,272.2302945896198,247.18361775745004,247.22293090820312,30723100
2021-12-02 00:00:00+00:00,248.52044358698646,258.11444050912814,247.85200015432187,256.7579345703125,12200800
2021-12-03 00:00:00+00:00,257.10200683363803,257.2986175857657,247.41952726312957,253.9269561767578,8944000
2021-12-06 00:00:00+00:00,251.74466707473758,254.82144184391677,246.44633216828848,254.34959411621094,7123000
2021-12-07 00:00:00+00:00,260.95535369804384,265.63441357781585,259.1171601734445,262.4494934082031,7401200
2021-12-08 00:00:00+00:00,263.74702367579164,263.93379486906815,260.070637026511,261.7810363769531,4586500
2021-12-09 00:00:00+00:00,261.5156711397352,262.14477155367615,258.17349831928897,259.8249206542969,3967000
2021-12-10 00:00:00+00:00,261.5746456203055,265.9686289288699,259.94287237834715,261.5058288574219,3480100
2021-12-13 00:00:00+00:00,261.2797461519812,265.95880634897475,260.10998110273283,261.2404479980469,3625700
2021-12-14 00:00:00+00:00,257.5443714416407,257.69181450954204,248.99232851958257,251.24337768554688,7227300
2021-12-15 00:00:00+00:00,250.51589150235293,255.7650730254744,247.61604877020454,255.6176300048828,6484900
2021-12-16 00:00:00+00:00,255.57835465496763,256.9054021115472,247.93066508869705,248.8153533935547,6556700
2021-12-17 00:00:00+00:00,246.96736939906575,249.5821215254659,242.5930349597436,248.6286163330078,12119400
2021-12-20 00:00:00+00:00,245.64030592508772,247.2622396018931,242.3079577351121,243.00588989257812,5580100
2021-12-21 00:00:00+00:00,243.78244151134936,248.7072346276192,241.07920879297754,248.25506591796875,5428200
2021-12-22 00:00:00+00:00,249.11026000601436,249.93597110872116,245.2667510646119,248.5008087158203,4982400
2021-12-23 00:00:00+00:00,246.95753071310128,249.98515344814285,245.09967301197292,248.83505249023438,3769500
2021-12-27 00:00:00+00:00,249.08079941902636,254.0350815919627,248.93335634813053,253.90728759765625,3531800
2021-12-28 00:00:00+00:00,255.31298585422405,256.3451173261141,250.60443723780858,251.1057586669922,3293700
2021-12-29 00:00:00+00:00,251.6463742271169,252.069054296666,248.81534771728815,250.21119689941406,2592700
2021-12-30 00:00:00+00:00,250.9583043565482,253.51407907623297,250.1325932163098,250.98779296875,2950600
2021-12-31 00:00:00+00:00,250.1423807255825,252.12801698327706,249.3166697075734,249.80816650390625,3169300
2022-01-03 00:00:00+00:00,250.6732261484,252.33450295433516,244.42138541413468,251.11558532714844,4316800
2022-01-04 00:00:00+00:00,252.4819616130721,252.5016106894305,239.26068310400166,244.008544921875,7240700
2022-01-05 00:00:00+00:00,232.15361837680578,234.1490943710815,223.4442936680745,223.7981719970703,18882500
2022-01-06 00:00:00+00:00,224.16188234722048,230.4923643332244,222.20573443490946,225.2530059814453,9376100
2022-01-07 00:00:00+00:00,224.61404780369944,228.32976258055243,222.20571637415287,224.42727661132812,6286700
2022-01-10 00:00:00+00:00,221.66509962235446,225.921464532535,215.16751007114647,225.72486877441406,7803800
2022-01-11 00:00:00+00:00,224.90896182724765,232.33056727092972,222.70705053688417,230.8462371826172,7635300
2022-01-12 00:00:00+00:00,232.96949859002322,235.2107229461357,231.75058104575612,233.78538513183594,6718900
2022-01-13 00:00:00+00:00,233.4610168748335,234.72907221943254,224.04393489950382,224.7418670654297,6680300
2022-01-14 00:00:00+00:00,224.15204592868471,229.32258724602283,223.73919038617115,227.29762268066406,5805100
2022-01-18 00:00:00+00:00,224.56491533531184,226.80613984692093,221.4684910756476,222.21556091308594,6032000
2022-01-19 00:00:00+00:00,223.60157121513885,228.2609666086067,222.32367644485004,222.42198181152344,5332600
2022-01-20 00:00:00+00:00,225.1743611828929,227.4647231735487,218.7062612068322,219.1486053466797,5663700
2022-01-21 00:00:00+00:00,219.26656577199535,220.94749154847042,214.53836861612703,214.9119110107422,9128400
2022-01-24 00:00:00+00:00,208.77803834561942,219.58114487071038,203.9810241289496,219.23709106445312,11664300
2022-01-25 00:00:00+00:00,217.2416313805545,220.09230742157675,211.019278781368,211.72703552246094,9092700
2022-01-26 00:00:00+00:00,215.8752430708079,217.69378738194567,205.51449626380958,207.4116668701172,10029600
2022-01-27 00:00:00+00:00,210.43930888708977,219.3550546154866,208.4536572642861,209.12210083007812,9462100
2022-01-28 00:00:00+00:00,210.65555903855554,218.50966933051083,207.29372228666332,218.35240173339844,8254900
2022-01-31 00:00:00+00:00,219.15847060308573,228.94909571403537,218.48020246296062,228.67385864257812,7084200
2022-02-01 00:00:00+00:00,228.41823376849268,228.8212647720885,222.47113407821666,228.1724853515625,6387100
2022-02-02 00:00:00+00:00,229.76492488336984,230.50217006867283,219.2272325014959,221.18338012695312,9378900
2022-02-03 00:00:00+00:00,214.3614505963104,217.03517975123552,206.82187546336766,209.15158081054688,12826600
2022-02-04 00:00:00+00:00,211.33381024843922,217.9002006318722,209.564418678286,215.50169372558594,6176500
2022-02-07 00:00:00+00:00,215.27562744446897,217.67413455195648,212.97542570996137,213.2801513671875,3922300
2022-02-08 00:00:00+00:00,211.93344977441484,214.23365145488486,208.54210947710092,213.73231506347656,5628700
2022-02-09 00:00:00+00:00,217.3792428763356,218.41138934029024,211.903975347385,218.26393127441406,6107700
2022-02-10 00:00:00+00:00,213.99773507233786,218.21478663376956,212.13987749612014,213.96824645996094,5312600
2022-02-11 00:00:00+00:00,213.9190956156847,216.1898087840345,202.6048429243456,204.36439514160156,8165600
2022-02-14 00:00:00+00:00,202.300105360905,206.3303705094353,201.15000453806792,202.889892578125,7005900
2022-02-15 00:00:00+00:00,206.1829428389025,210.92098000034466,204.9738647040597,210.60641479492188,6353000
2022-02-16 00:00:00+00:00,207.4116783564957,208.80752766210756,204.6691324319452,208.13909912109375,7072700
2022-02-17 00:00:00+00:00,204.78706994063438,206.18291913078224,196.10723416729942,196.6282196044922,8820100
2022-02-18 00:00:00+00:00,196.9919326091591,199.15453076098683,192.46033102621868,193.4924774169922,6691800
2022-02-22 00:00:00+00:00,192.20477599187,198.03393700966663,190.23878839721124,191.81158447265625,8434800
2022-02-23 00:00:00+00:00,193.01081211611017,195.6157393285572,186.89659032006813,187.2996063232422,7784300
2022-02-24 00:00:00+00:00,181.59827919437166,201.4154227137104,181.30337805584,200.8157958984375,11792600
2022-02-25 00:00:00+00:00,201.23846362082085,204.92468985215288,198.1813527329978,204.5511474609375,5853600
2022-02-28 00:00:00+00:00,204.25626819303426,208.07028880779367,203.430557028796,206.94967651367188,7904700
2022-03-01 00:00:00+00:00,209.77085115211403,210.74402032215175,204.91487483713433,205.33755493164062,12587300
2022-03-02 00:00:00+00:00,212.42492714378307,213.61434102360704,197.7291605348916,206.81202697753906,16670100
2022-03-03 00:00:00+00:00,206.8120591286297,208.0309768058769,200.7469893542047,201.26797485351562,6559900
2022-03-04 00:00:00+00:00,201.21881799276593,202.87025529541611,195.87132958310903,199.55755615234375,6813600
2022-03-07 00:00:00+00:00,199.99008443627793,201.44491105193606,192.70609682120124,192.8928680419922,7043500
2022-03-08 00:00:00+00:00,190.97602934941017,193.84636937162838,185.98241917400213,188.81344604492188,8229000
2022-03-09 00:00:00+00:00,194.9768045779972,201.73979097146267,193.8660169075732,199.7050018310547,6881300
2022-03-10 00:00:00+00:00,195.71406908412044,197.7783470382213,194.17076163813792,196.74620056152344,5604200
2022-03-11 00:00:00+00:00,201.28763151123138,201.28763151123138,194.2690568364871,194.53445434570312,5196900
2022-03-14 00:00:00+00:00,194.868661431613,196.7560073898758,188.5578441651207,189.83572387695312,5665500
2022-03-15 00:00:00+00:00,195.15372120554318,196.55940987476586,189.462194773812,192.8043670654297,5276300
2022-03-16 00:00:00+00:00,195.2815598685899,202.39842567116398,193.9741762613783,202.0740509033203,6043400
2022-03-17 00:00:00+00:00,201.14015397691256,207.0970930401609,199.11518947678974,206.83169555664062,5842600
2022-03-18 00:00:00+00:00,205.67176832889643,215.84575915713765,204.76741592183177,215.0790252685547,12220600
2022-03-21 00:00:00+00:00,214.4794174003934,215.37394534895904,207.0283226736535,210.08543395996094,6448700
2022-03-22 00:00:00+00:00,210.08540700533175,218.0771502909646,209.00410797554753,214.49905395507812,7018800
2022-03-23 00:00:00+00:00,210.232847731486,210.2918249507691,204.76740542162486,207.51979064941406,8404700
2022-03-24 00:00:00+00:00,208.7387034818456,210.46876687215703,206.30086847818419,210.34097290039062,4150300
2022-03-25 00:00:00+00:00,210.62605164702234,212.18900793630903,204.93451006629462,207.44114685058594,3656500
2022-03-28 00:00:00+00:00,206.80226285958105,211.7172323923267,205.74062764059238,211.61892700195312,4290900
2022-03-29 00:00:00+00:00,214.9020658722316,218.38187177516957,213.08353662853938,217.5266571044922,5370400
2022-03-30 00:00:00+00:00,215.97355211069174,216.11117062851864,209.77084927336054,211.28466796875,4951200
2022-03-31 00:00:00+00:00,210.85216298645653,213.1032121128228,208.18824327863967,208.70924377441406,7141300
2022-04-01 00:00:00+00:00,208.86651100190542,210.39015433762017,206.4680038152517,208.6404266357422,6007900
2022-04-04 00:00:00+00:00,210.97993928006238,217.24160424984282,210.45895382727997,215.128173828125,7843600
2022-04-05 00:00:00+00:00,214.29263066708734,214.5580431709268,205.12129747210818,206.56629943847656,7304600
2022-04-06 00:00:00+00:00,201.72015771503547,201.97573069494925,194.71140734997485,197.40481567382812,7171300
2022-04-07 00:00:00+00:00,195.7337205295253,199.27250420695262,194.81954349577867,196.75604248046875,5246000
2022-04-08 00:00:00+00:00,195.26186593758942,196.7363564722569,193.27621448443512,193.81686401367188,3897700
2022-04-11 00:00:00+00:00,190.90722647638424,193.7480778688106,188.8920862500837,192.12612915039062,5173800
2022-04-12 00:00:00+00:00,196.35301642867415,197.69971316836035,191.27094015631803,191.4970245361328,4832200
2022-04-13 00:00:00+00:00,188.7249929585164,193.7480920866684,186.1004012026117,192.3915557861328,8733000
2022-04-14 00:00:00+00:00,192.98134874534523,193.1091277389835,186.0020868115688,186.18885803222656,5126700
2022-04-18 00:00:00+00:00,185.09770581810417,186.129852142228,182.37480922952614,183.8296356201172,4899500
2022-04-19 00:00:00+00:00,184.0557594541201,188.93140016853826,182.36500896463625,188.1351776123047,6120400
2022-04-20 00:00:00+00:00,189.60965360896904,190.012684624558,182.91546893247624,183.0629119873047,6015400
2022-04-21 00:00:00+00:00,185.56955337306567,186.93591404471422,173.7343155768495,174.21597290039062,9119500
2022-04-22 00:00:00+00:00,174.67800898892278,176.00505672293986,168.1902583985964,168.51463317871094,8843900
2022-04-25 00:00:00+00:00,166.80421248815153,171.78798302046204,166.3520287616979,171.60122680664062,7988900
2022-04-26 00:00:00+00:00,169.68435829516594,170.76565730498862,164.70058831185673,167.18756103515625,8073300
2022-04-27 00:00:00+00:00,168.09192564738044,174.21597230595935,167.72822277177707,171.70933532714844,9644600
2022-04-28 00:00:00+00:00,178.3248885818027,183.7510029413462,175.936206119769,182.5812530517578,10614800
2022-04-29 00:00:00+00:00,179.46515924290208,182.20770494753836,172.31879115333524,172.94790649414062,7110800
2022-05-02 00:00:00+00:00,172.11236619991905,174.75662169684946,170.17586737872074,174.55020141601562,6278400
2022-05-03 00:00:00+00:00,173.94074217160616,177.32224309305212,173.1346950911002,175.32676696777344,5047700
2022-05-04 00:00:00+00:00,176.65382023662812,182.81718048773735,171.76833991045012,182.32568359375,7563100
2022-05-05 00:00:00+00:00,177.42053255326053,179.14077147241753,166.93199191465828,169.36981201171875,8379400
2022-05-06 00:00:00+00:00,166.60759036409195,169.49757894348886,162.76408179517463,166.8140106201172,7232700
2022-05-09 00:00:00+00:00,163.88468406617054,167.3939632017145,159.37274732077495,160.8177490234375,9997800
2022-05-10 00:00:00+00:00,164.57281608362342,168.34750858146793,160.50322245328908,164.30740356445312,8598700
2022-05-11 00:00:00+00:00,162.68546410910938,167.08927186827265,158.09488513929935,158.52740478515625,7220100
2022-05-12 00:00:00+00:00,154.26118038918568,164.0124902232493,152.01013161655246,157.69183349609375,10187500
2022-05-13 00:00:00+00:00,160.76862788688746,165.81137553310558,159.2548091398293,164.0714874267578,6499700
2022-05-16 00:00:00+00:00,161.93840005645492,163.28509672978788,159.1270372571497,161.3289337158203,5065800
2022-05-17 00:00:00+00:00,164.48432441748943,166.2242273266268,155.57840461026916,160.94554138183594,7317700
2022-05-18 00:00:00+00:00,160.05102881500093,161.7221149733913,153.53377629805684,154.65438842773438,7454400
2022-05-19 00:00:00+00:00,152.5901242554647,156.54176355408956,152.09862735262612,152.95384216308594,8382200
2022-05-20 00:00:00+00:00,156.04043883730245,157.99658686998723,151.9216924780896,156.93495178222656,9068700
2022-05-23 00:00:00+00:00,157.12173430306783,157.99659823471248,153.2585756496368,157.5935821533203,6148800
2022-05-24 00:00:00+00:00,155.0869260897337,155.69637740691311,151.92168505657995,154.26119995117188,6928400
2022-05-25 00:00:00+00:00,152.67860189237442,159.1368632604666,152.67860189237442,156.93495178222656,7436800
2022-05-26 00:00:00+00:00,156.97427713641096,160.90625220652242,154.89033514902616,159.69717407226562,6697700
2022-05-27 00:00:00+00:00,157.93759692888258,162.42004582795198,157.524741372315,162.29226684570312,7883600
2022-05-31 00:00:00+00:00,164.12065816062588,164.43520838985833,156.64007443667992,157.5149383544922,18114600
2022-06-01 00:00:00+00:00,174.98269393079877,181.2836868161118,171.40459765102676,173.07569885253906,37037400
2022-06-02 00:00:00+00:00,172.02390430309205,186.89660437204205,171.7290031815708,185.19601440429688,19231200
2022-06-03 00:00:00+00:00,181.85384669847872,186.41493717245797,180.67425717921236,181.765380859375,9224000
2022-06-06 00:00:00+00:00,185.71697927995243,187.1816451881115,178.60993953624293,179.76004028320312,5811700
2022-06-07 00:00:00+00:00,178.61981144046445,185.3926381771991,178.61981144046445,183.96728515625,6331100
2022-06-08 00:00:00+00:00,183.81983644165592,187.31929189060457,182.23721585948593,185.97259521484375,6226200
2022-06-09 00:00:00+00:00,185.3237972232253,189.4032149940281,183.43645115822517,183.92794799804688,8467700
2022-06-10 00:00:00+00:00,180.50712161454888,180.82167177048376,174.18646489524696,175.4152069091797,7855800
2022-06-13 00:00:00+00:00,167.64957169988475,169.74333799600353,162.2529311071569,163.20643615722656,10726200
2022-06-14 00:00:00+00:00,165.86051673591575,166.7452200331395,159.3924166265297,161.65330505371094,8576200
2022-06-15 00:00:00+00:00,163.89455308212501,168.58343773676359,161.87941277987318,165.68360900878906,7740700
2022-06-16 00:00:00+00:00,160.94556693517072,164.06165540886352,155.92246813389363,157.13156127929688,8090900
2022-06-17 00:00:00+00:00,155.8634834923685,163.40304360462272,155.48011653748415,160.48355102539062,13074600
2022-06-21 00:00:00+00:00,162.24310091540528,166.46997650561124,162.09564287198054,163.99282836914062,6736800
2022-06-22 00:00:00+00:00,161.89906219995942,167.55127607305567,161.41740487814792,164.602294921875,5864500
2022-06-23 00:00:00+00:00,166.21439417532278,170.44126990824162,164.27789546744245,170.1070556640625,7258000
2022-06-24 00:00:00+00:00,174.6976483179553,183.23986630109422,173.5475474444063,182.75819396972656,12107100
2022-06-27 00:00:00+00:00,182.9449659805048,183.40697423933207,177.40088187387184,178.22659301757812,6170600
2022-06-28 00:00:00+00:00,177.2239346788041,179.2292503068082,168.5244490845891,168.5441131591797,6668600
2022-06-29 00:00:00+00:00,169.56643006495696,170.8246609257852,165.2019352042674,167.7085723876953,5430400
2022-06-30 00:00:00+00:00,162.24311590390025,164.6514475094029,158.3701182611055,162.2332763671875,9539400
2022-07-01 00:00:00+00:00,161.9580378210926,166.27337959633013,161.2601206884878,165.33953857421875,4561600
2022-07-05 00:00:00+00:00,163.2752475063886,169.41895767747047,161.81058160185742,169.27149963378906,4614200
2022-07-06 00:00:00+00:00,170.56909979872916,172.08290375241802,167.92484389975746,169.7925262451172,4085100
2022-07-07 00:00:00+00:00,171.20800601762275,173.9309026883129,170.225012345822,173.63600158691406,4000100
2022-07-08 00:00:00+00:00,171.09005823841403,173.60651973631906,169.90062924953406,172.51539611816406,2869200
2022-07-11 00:00:00+00:00,171.04092752714067,173.32148042716443,168.34751901575996,171.39480590820312,3689300
2022-07-12 00:00:00+00:00,169.28136628685564,170.4314672152022,161.5550345380474,163.50135803222656,7073000
2022-07-13 00:00:00+00:00,159.64802069743905,163.01968210589786,158.4291030312006,160.70965576171875,6225900
2022-07-14 00:00:00+00:00,158.29150602718343,158.95994967674898,154.9689818556909,158.30133056640625,6096100
2022-07-15 00:00:00+00:00,160.92589297869003,164.75956211719375,159.46122707741947,164.53347778320312,6037700
2022-07-18 00:00:00+00:00,166.07677617958774,169.70402519191708,164.26807144150635,165.03480529785156,3818200
2022-07-19 00:00:00+00:00,168.01325988854057,171.1391872538713,164.95614927305817,170.85411071777344,4373400
2022-07-20 00:00:00+00:00,173.10518273112118,180.37932952988461,172.62351045688197,179.34718322753906,5654000
2022-07-21 00:00:00+00:00,177.5876483080563,182.3748229045463,176.85040302115732,182.19789123535156,3886000
2022-07-22 00:00:00+00:00,181.92264128625803,184.37028586553834,177.85303319201884,179.36685180664062,3804700
2022-07-25 00:00:00+00:00,178.73771666082618,178.89499922660085,172.10251028502927,174.27491760253906,4407900
2022-07-26 00:00:00+00:00,174.09801350665458,174.11767758030987,166.8730038658999,167.5611114501953,3886500
2022-07-27 00:00:00+00:00,171.88626179641474,179.13091984130438,171.3849404592836,177.23374938964844,4960900
2022-07-28 00:00:00+00:00,175.3759427644871,178.78693274813887,172.93810712822253,178.2069549560547,4562100
2022-07-29 00:00:00+00:00,178.72791981278849,181.28369440574426,177.15512390997466,180.8905029296875,4751400
2022-08-01 00:00:00+00:00,178.21677225765947,182.03077785913354,176.70295346281458,179.86819458007812,3997100
2022-08-02 00:00:00+00:00,177.73509629739138,181.99146100510612,176.378560132083,180.66441345214844,4317900
2022-08-03 00:00:00+00:00,182.37481452875085,187.43722593324196,182.2175319416053,186.42474365234375,5786300
2022-08-04 00:00:00+00:00,185.35329234890222,188.32193756557626,184.0655729831925,188.0172119140625,3759700
2022-08-05 00:00:00+00:00,183.81982480756412,188.5381976420555,183.11206813242572,186.9359130859375,4090300
2022-08-08 00:00:00+00:00,187.84027936526516,191.06449779023924,185.86446725096118,186.5230712890625,3396800
2022-08-09 00:00:00+00:00,183.13174521541933,183.94763185719685,176.761949685985,179.1407928466797,5851700
2022-08-10 00:00:00+00:00,184.9601368215747,186.3461618278826,183.0433017060939,185.40248107910156,4179200
2022-08-11 00:00:00+00:00,188.8626036209261,189.22630652720397,183.15141204199224,183.55442810058594,4175100
2022-08-12 00:00:00+00:00,183.45610595616785,186.7884537617053,182.35514289111202,186.66065979003906,3846200
2022-08-15 00:00:00+00:00,185.8349638002799,188.84292215177769,185.6875057442633,187.81077575683594,2768500
2022-08-16 00:00:00+00:00,186.3264705406256,187.60436543076673,183.19071804073823,186.36578369140625,3835900
2022-08-17 00:00:00+00:00,184.52759537786662,186.20850635842473,183.29885314090515,184.76351928710938,3181300
2022-08-18 00:00:00+00:00,185.21566582917112,185.36312387950784,183.43644968321018,184.73399353027344,2791600
2022-08-19 00:00:00+00:00,182.070067267667,182.28632704948538,178.49197133116036,180.6447296142578,4346100
2022-08-22 00:00:00+00:00,176.9388599154671,177.51882257869303,173.06586247076388,173.97021484375,5182900
2022-08-23 00:00:00+00:00,172.8889577728802,175.08102979055548,171.93545256802463,173.0069122314453,5076800
2022-08-24 00:00:00+00:00,173.66550441833172,178.14795352891733,173.065877629459,176.94869995117188,11438800
2022-08-25 00:00:00+00:00,165.7130801216959,171.1785227062027,162.74443494116184,170.9524383544922,24025600
2022-08-26 00:00:00+00:00,171.00160576293587,173.30180762437203,161.83027193155874,162.42005920410156,11074700
2022-08-29 00:00:00+00:00,161.4861887841159,163.000007340619,157.32813002048593,157.48541259765625,9329900
2022-08-30 00:00:00+00:00,159.38260078515972,161.06352664208703,155.68654980641716,156.95460510253906,8079400
2022-08-31 00:00:00+00:00,157.07255076249135,158.46841496289736,153.3175227706253,153.4649658203125,9166100
2022-09-01 00:00:00+00:00,152.23624495697746,152.688428704521,148.30426975824943,150.91903686523438,9924000
2022-09-02 00:00:00+00:00,153.79922157774655,155.97162954719067,150.3587431652245,151.07632446289062,7315700
2022-09-06 00:00:00+00:00,150.28007728404987,151.8037054752919,148.25511272084407,149.13980102539062,6373700
2022-09-07 00:00:00+00:00,148.71710081151554,151.43999738707947,147.9208783650604,150.6732635498047,6211400
2022-09-08 00:00:00+00:00,149.72960678918093,154.3594986920099,149.19878179439317,154.23170471191406,6659200
2022-09-09 00:00:00+00:00,155.90281568538424,160.51304380114578,155.7750216973431,159.824951171875,5642300
2022-09-12 00:00:00+00:00,160.9062677056601,162.84276681416492,159.9724265364162,162.8132781982422,6353400
2022-09-13 00:00:00+00:00,155.5587284323636,158.51753360185364,155.12620887285465,155.41128540039062,5463200
2022-09-14 00:00:00+00:00,155.89298307395688,158.90094170075352,155.32284487029094,157.5542449951172,6037300
2022-09-15 00:00:00+00:00,154.1334176187607,157.12171191474403,151.68575786696732,152.14776611328125,7012200
2022-09-16 00:00:00+00:00,149.33641117095215,149.62148776277374,147.0165452825967,148.93338012695312,9882300
2022-09-19 00:00:00+00:00,148.14698470353167,150.92884362965205,147.8422440621096,150.23092651367188,4874800
2022-09-20 00:00:00+00:00,148.4320768464382,149.00221510046592,146.31864599039622,147.2524871826172,5505700
2022-09-21 00:00:00+00:00,148.6483134061475,150.69294216935404,145.00140005943382,145.11936950683594,6164400
2022-09-22 00:00:00+00:00,146.96736602653257,150.26040054794038,146.6134877346777,147.5964813232422,12405100
2022-09-23 00:00:00+00:00,145.55190427688905,147.29179256449484,142.32767070031483,144.50991821289062,9175800
2022-09-26 00:00:00+00:00,144.5000629873437,148.61880867918268,142.87812950454966,143.83163452148438,7862400
2022-09-27 00:00:00+00:00,145.84677971761238,148.0486911449849,143.7726622791174,146.35794067382812,7046600
2022-09-28 00:00:00+00:00,143.51706831277744,148.31408197122462,143.19267861873075,147.61614990234375,7908400
2022-09-29 00:00:00+00:00,145.9254024218395,146.4463878495384,142.54390191046303,144.31329345703125,8602500
2022-09-30 00:00:00+00:00,143.52690867451435,146.1023624386843,141.3053482513177,141.39381408691406,7575600
2022-10-03 00:00:00+00:00,142.51442575389314,146.42675157073683,141.45279073318886,145.384765625,6819900
2022-10-04 00:00:00+00:00,149.12012574697397,154.74285032484667,148.64829301995647,153.0815887451172,8017900
2022-10-05 00:00:00+00:00,149.6116562272158,154.29071640443155,149.35608323406436,153.5731201171875,4256200
2022-10-06 00:00:00+00:00,153.0718114177569,155.55878478659733,151.81358042479798,152.8162384033203,3853900
2022-10-07 00:00:00+00:00,149.21843026526173,150.56512668652655,146.73145767744833,147.73410034179688,5956700
2022-10-10 00:00:00+00:00,148.05851264395332,148.39274191575035,142.12123704101288,143.1632080078125,5497800
2022-10-11 00:00:00+00:00,142.05241140095413,142.5045950937739,137.1472825337141,140.14541625976562,7415000
2022-10-12 00:00:00+00:00,139.8898270371057,141.00061468603838,137.2062585128336,139.8701629638672,5707100
2022-10-13 00:00:00+00:00,136.59680387392189,143.8512867938893,135.25009237715398,142.9665985107422,6548600
2022-10-14 00:00:00+00:00,144.8244435355244,145.18814635430934,139.58508604124444,139.8013458251953,5736300
2022-10-17 00:00:00+00:00,143.58589337269652,146.4660576421054,143.45809939511415,144.677001953125,6288200
2022-10-18 00:00:00+00:00,153.78937696039043,156.26652553539168,149.3167521719783,150.91903686523438,16354800
2022-10-19 00:00:00+00:00,149.27743950052079,153.29788055433966,148.07818586110218,151.05665588378906,6220500
2022-10-20 00:00:00+00:00,152.36400349934897,158.5568659962776,150.9878184997166,154.8214874267578,9203400
2022-10-21 00:00:00+00:00,154.82151446412612,157.70167893036898,152.1870984335406,157.44610595703125,8335500
2022-10-24 00:00:00+00:00,158.438908405223,158.82229032586116,155.70618727372596,157.9179229736328,6259200
2022-10-25 00:00:00+00:00,158.95007129060127,163.20643562408284,158.94024675377958,162.45936584472656,5804500
2022-10-26 00:00:00+00:00,157.08240658494427,161.32893184843735,156.00110744415267,157.19053649902344,6617500
2022-10-27 00:00:00+00:00,159.04837359997833,161.85973600413016,156.61055357797372,157.03323364257812,4987700
2022-10-28 00:00:00+00:00,156.79730252012035,160.3164213807408,155.48009470616682,160.24761962890625,5055400
2022-10-31 00:00:00+00:00,159.36294290665867,161.21097596752398,158.26199469982538,159.824951171875,4878100
2022-11-01 00:00:00+00:00,162.193982144678,162.88207482664478,156.92513460958207,157.10208129882812,4545900
2022-11-02 00:00:00+00:00,156.7973338135936,157.05292179816814,147.40975513227346,147.45889282226562,7238200
2022-11-03 00:00:00+00:00,146.46605240126496,147.8619015705431,143.64486545344377,143.84146118164062,5999400
2022-11-04 00:00:00+00:00,144.00859539122794,144.4509396127071,133.7264733799868,137.39305114746094,14265300
2022-11-07 00:00:00+00:00,138.2285863281982,142.46528729740183,136.41005675867606,142.13107299804688,7379900
2022-11-08 00:00:00+00:00,142.62253150627518,148.98250101648455,142.61270697045552,144.59835815429688,9101800
2022-11-09 00:00:00+00:00,143.36964343107675,143.8414762279631,139.52613429571915,139.6440887451172,5588500
2022-11-10 00:00:00+00:00,148.43205226218134,153.71072375808885,147.183646033419,153.6419219970703,8777900
2022-11-11 00:00:00+00:00,153.82868957414726,157.20035076683217,152.93416170695974,155.04759216308594,7382500
2022-11-14 00:00:00+00:00,153.17010832736588,157.43629802039996,152.01999232783535,155.96180725097656,6580100
2022-11-15 00:00:00+00:00,159.91342407412287,162.4397253380433,158.01625324109204,159.31381225585938,8116100
2022-11-16 00:00:00+00:00,157.2789619931017,158.08502387297585,151.21389382115757,152.48194885253906,6454700
2022-11-17 00:00:00+00:00,147.6357991280287,149.17909115437251,145.81725511681321,147.14430236816406,7357900
2022-11-18 00:00:00+00:00,149.25776380339946,149.7296115915209,143.17303023764052,145.5223846435547,7555700
2022-11-21 00:00:00+00:00,143.53675865919274,144.8343026736012,140.9613047075587,142.38665771484375,8015900
2022-11-22 00:00:00+00:00,142.73067983325222,146.83960122959547,140.4894554349898,146.71180725097656,7017700
2022-11-23 00:00:00+00:00,145.10954403461298,150.30958978236848,145.0407422663127,149.65098571777344,5558900
2022-11-25 00:00:00+00:00,149.48385002926372,151.4203337006472,148.80558201780048,150.74208068847656,3023700
2022-11-28 00:00:00+00:00,149.41506248667127,152.67860920906833,149.41506248667127,151.07632446289062,7931700
2022-11-29 00:00:00+00:00,150.12280098667455,151.40069581290018,148.68762356660406,149.10047912597656,6398100
2022-11-30 00:00:00+00:00,148.18632340691576,157.52476501464844,147.5768720175542,157.52476501464844,14591500
2022-12-01 00:00:00+00:00,145.04074115364108,145.0800543067546,139.6637637578236,144.50009155273438,33721500
2022-12-02 00:00:00+00:00,141.8361500093639,142.74051738491704,140.35183496777825,142.1015625,15086700
2022-12-05 00:00:00+00:00,140.37152464972706,141.93448126994713,130.62022746668254,131.65235900878906,20294600
2022-12-06 00:00:00+00:00,130.45311169618464,132.2618166592169,128.68371988482923,131.0035858154297,16981800
2022-12-07 00:00:00+00:00,130.24663737699444,131.47537923904156,127.80881772249424,128.260986328125,12915900
2022-12-08 00:00:00+00:00,126.24587561382836,129.22436036953516,124.85985837553822,127.91697692871094,15156900
2022-12-09 00:00:00+00:00,127.53361343240256,131.10187051481984,126.1770772692473,128.88031005859375,10287500
2022-12-12 00:00:00+00:00,128.87050121511194,131.80964326082588,128.72304313634055,130.8463134765625,11852400
2022-12-13 00:00:00+00:00,135.053486195471,137.50114558837888,131.7604517310573,133.31358337402344,12579800
2022-12-14 00:00:00+00:00,132.7139775099575,134.9355529296369,130.96424987811616,132.45840454101562,9611800
2022-12-15 00:00:00+00:00,129.43078834658493,131.83912009161037,127.47462533772868,128.22171020507812,10807300
2022-12-16 00:00:00+00:00,126.72754770192878,127.67122826626098,124.73207166413769,126.08860778808594,15464700
2022-12-19 00:00:00+00:00,125.59710701170735,127.3763307830171,125.03680087921624,126.8160171508789,9441400
2022-12-20 00:00:00+00:00,125.33169246405869,127.77935209310226,125.0269668273663,126.26553344726562,8455500
2022-12-21 00:00:00+00:00,125.78388186570305,129.91246019806235,124.44700973899401,128.08409118652344,9313200
2022-12-22 00:00:00+00:00,126.48178954810716,127.33698921303223,124.19141257261973,126.99295043945312,9968600
2022-12-23 00:00:00+00:00,126.54080671098518,127.65159467186643,125.42019421037213,127.23873901367188,5821300
2022-12-27 00:00:00+00:00,126.37365002345331,129.50940188841815,125.47912978119348,128.4379425048828,8300800
2022-12-28 00:00:00+00:00,127.5041196159219,128.9097934093472,125.99030091607082,126.28520202636719,6249800
2022-12-29 00:00:00+00:00,127.49426674547502,130.68899594109826,127.29767102560274,130.2859649658203,7628800
2022-12-30 00:00:00+00:00,128.3888205232394,130.38429673271492,128.14307207380355,130.33514404296875,5630200
2023-01-03 00:00:00+00:00,132.89094613301734,134.62100997633823,130.76767573487595,132.4879150390625,8196400
2023-01-04 00:00:00+00:00,138.8183795947482,139.43767046157188,135.27959606903343,137.21609497070312,14322600
2023-01-05 00:00:00+00:00,135.29927256503953,136.23311372027163,131.9570994833786,134.02137756347656,8493500
2023-01-06 00:00:00+00:00,135.2402882581441,139.24106520836528,133.2448120521406,138.12045288085938,9145700
2023-01-09 00:00:00+00:00,140.16504761513684,146.66263562327828,140.16504761513684,144.59835815429688,13679700
2023-01-10 00:00:00+00:00,143.33031730506275,146.74130684171965,143.12389701570223,144.93260192871094,6527700
2023-01-11 00:00:00+00:00,142.80928755090636,144.5393506272186,141.11853761299884,142.4357452392578,13595000
2023-01-12 00:00:00+00:00,145.32578392806838,147.272122239094,141.49211452627867,147.0558624267578,11678000
2023-01-13 00:00:00+00:00,143.71367009422409,147.4097358554251,143.60554019165082,146.96737670898438,8378100
2023-01-17 00:00:00+00:00,147.05585598322193,147.93071973141414,143.61537820954368,145.945068359375,9407600
2023-01-18 00:00:00+00:00,146.32842154239518,146.9968499617119,142.8191273431085,142.97640991210938,7812600
2023-01-19 00:00:00+00:00,141.0792688681351,144.1855177554044,140.72539051397854,143.9201202392578,7070100
2023-01-20 00:00:00+00:00,141.8460213890961,148.95306301711142,141.8460213890961,148.67782592773438,10127100
2023-01-23 00:00:00+00:00,154.67406449608396,155.1852104199362,150.62412025776533,153.21922302246094,19922900
2023-01-24 00:00:00+00:00,153.24871679352955,157.4854323771501,151.8725315686766,152.22640991210938,6390200
2023-01-25 00:00:00+00:00,148.63848911764268,153.74021399768927,147.27212842735614,153.51412963867188,9390500
2023-01-26 00:00:00+00:00,155.4997744552567,162.3610662219915,155.41130862285382,162.2824249267578,13354600
2023-01-27 00:00:00+00:00,162.24312294356497,164.3958816759375,160.81778499269151,161.72213745117188,9872300
2023-01-30 00:00:00+00:00,161.2797983510643,163.609488833967,160.6211793122782,161.94822692871094,8169800
2023-01-31 00:00:00+00:00,161.48621495287944,165.15277750648593,161.48621495287944,165.11346435546875,6421300
2023-02-01 00:00:00+00:00,164.8775242228218,170.1365463619359,164.1599430428557,168.89797973632812,8853900
2023-02-02 00:00:00+00:00,172.72182385122488,175.79858382982474,169.95959904718146,171.67001342773438,10667100
2023-02-03 00:00:00+00:00,167.12858287262802,172.10252829114197,166.97130029039778,168.1312255859375,6481700
2023-02-06 00:00:00+00:00,165.14294817851763,168.2590365317327,164.50400824778268,166.1750946044922,4310600
2023-02-07 00:00:00+00:00,164.7202737429488,168.80951643920653,163.77659312116955,168.36717224121094,6179200
2023-02-08 00:00:00+00:00,167.1089574477425,169.51728942286545,166.35204797008805,166.74525451660156,7694500
2023-02-09 00:00:00+00:00,170.3822753647093,172.39741516032035,169.08471666729642,170.7066650390625,11512300
2023-02-10 00:00:00+00:00,164.80874401843852,166.85337292124493,162.5183666657654,164.189453125,11273700
2023-02-13 00:00:00+00:00,165.41817740476924,168.24920403947047,164.1107939935855,168.17056274414062,8820300
2023-02-14 00:00:00+00:00,165.35919621176686,169.85146947980795,164.99549335398282,167.06961059570312,8393100
2023-02-15 00:00:00+00:00,165.9784803973248,168.6915374159236,165.37885368315386,168.19021606445312,4997000
2023-02-16 00:00:00+00:00,166.11612269191778,167.472643895813,165.10364030815262,165.25108337402344,7483500
2023-02-17 00:00:00+00:00,162.2234349607727,164.26806347834085,159.97238618381434,162.36105346679688,8084500
2023-02-21 00:00:00+00:00,160.9554016467748,161.71229603300552,158.70433756495618,158.87144470214844,5210800
2023-02-22 00:00:00+00:00,160.33611495999983,162.19397259153104,159.3531211867178,160.5818634033203,4343700
2023-02-23 00:00:00+00:00,162.47903463381408,162.65598131312564,158.82231158647974,161.3289337158203,4679400
2023-02-24 00:00:00+00:00,157.85895365006536,159.62834529834433,156.94477671470906,159.4415740966797,6569900
2023-02-27 00:00:00+00:00,161.0536625660359,161.9678543838209,159.46121778580002,160.36557006835938,6891200
2023-02-28 00:00:00+00:00,159.76595600531346,161.65330200478365,158.78296235980028,160.8275909423828,6912600
2023-03-01 00:00:00+00:00,160.2181447721612,165.1232736195634,160.20830523584613,164.50399780273438,15841200
2023-03-02 00:00:00+00:00,189.835741587191,190.61231502224342,182.0504331583119,183.4167938232422,37712500
2023-03-03 00:00:00+00:00,184.8716302747354,186.5427165460397,181.15590033127012,183.25950622558594,12087200
2023-03-06 00:00:00+00:00,181.92266164114355,185.78581990295643,180.50714823247202,180.67425537109375,10770300
2023-03-07 00:00:00+00:00,181.32302002728963,182.99410627619454,179.91733127134435,180.20240783691406,9024300
2023-03-08 00:00:00+00:00,180.18276843294217,181.75554952988952,178.7082777174505,179.83871459960938,6749100
2023-03-09 00:00:00+00:00,179.98615070856664,180.71355643990117,175.50368688102066,175.68063354492188,7102400
2023-03-10 00:00:00+00:00,175.46438189830693,176.30975711134616,168.78986102970777,170.23484802246094,14109000
2023-03-13 00:00:00+00:00,168.0918967576963,174.08816340198558,167.1089032094057,172.5251922607422,9154800
2023-03-14 00:00:00+00:00,176.93887281858926,182.1585671668506,176.0640089918469,179.77972412109375,10138100
2023-03-15 00:00:00+00:00,176.1131810367449,180.73324911275924,175.17933988297003,179.79940795898438,7716900
2023-03-16 00:00:00+00:00,180.18275586784716,184.4587696450069,179.8681906708169,184.11473083496094,8369500
2023-03-17 00:00:00+00:00,182.87612492058537,184.46858477105462,181.04775620285562,181.7063751220703,10493300
2023-03-20 00:00:00+00:00,181.0772720319464,182.36499135029553,179.5437892947934,182.09957885742188,5513200
2023-03-21 00:00:00+00:00,182.70901235722656,186.0610240729729,181.7456828462957,185.47122192382812,6982000
2023-03-22 00:00:00+00:00,186.76881898965394,188.18433243872587,183.2398749043644,183.33816528320312,6575600
2023-03-23 00:00:00+00:00,184.21300644860204,187.3192700235481,182.42396578155382,184.25233459472656,8685000
2023-03-24 00:00:00+00:00,183.3283339643661,187.08337728061647,182.9253029279382,186.82778930664062,6102700
2023-03-27 00:00:00+00:00,185.70716833287517,188.84292064131392,185.69734379560344,188.0073699951172,7776500
2023-03-28 00:00:00+00:00,187.92874561771947,189.55069437118635,187.92874561771947,189.0297088623047,4899000
2023-03-29 00:00:00+00:00,189.85540518224332,194.0724416125101,189.59983221653718,193.29588317871094,8085200
2023-03-30 00:00:00+00:00,194.406662071839,194.79985353962857,192.16543770699386,193.25656127929688,6932500
2023-03-31 00:00:00+00:00,194.13142787206658,196.59873661686262,193.63993103052442,196.38247680664062,6634300
2023-04-03 00:00:00+00:00,194.84904318735565,195.5469604249766,192.20478731684912,193.14846801757812,5340800
2023-04-04 00:00:00+00:00,194.78021562258996,195.32086521287172,193.27623630735752,193.84637451171875,4659100
2023-04-05 00:00:00+00:00,194.63273482566495,194.9177963729433,190.43534791017834,191.9884796142578,3953700
2023-04-06 00:00:00+00:00,190.70080498729016,190.76962175576193,186.37563809038946,189.2754669189453,6304700
2023-04-10 00:00:00+00:00,187.34877137499112,189.27544568521435,186.06105198875605,188.2334747314453,5263800
2023-04-11 00:00:00+00:00,185.84478046348076,187.22098059819206,184.1245415445614,185.67767333984375,4907700
2023-04-12 00:00:00+00:00,187.06369469183628,188.62665099631627,186.3067853811419,187.08335876464844,5033400
2023-04-13 00:00:00+00:00,187.21114898285185,191.0743220609936,187.21114898285185,190.72044372558594,4716400
2023-04-14 00:00:00+00:00,188.58735126195157,191.85088261410723,187.93857180664503,191.3397216796875,5073800
2023-04-17 00:00:00+00:00,191.84106262543756,194.16092846060317,191.713268638979,193.72840881347656,5413500
2023-04-18 00:00:00+00:00,195.69439047363514,196.7166973369792,193.7087389706336,195.12425231933594,4679000
2023-04-19 00:00:00+00:00,192.96165556539012,195.6845521625763,192.40134198792856,195.53709411621094,3665100
2023-04-20 00:00:00+00:00,193.826687554633,196.6773782399147,193.47282422745317,194.1510772705078,3620000
2023-04-21 00:00:00+00:00,193.67926087740761,195.73371425236078,193.1287867673048,195.64524841308594,4860100
2023-04-24 00:00:00+00:00,195.07508413423136,195.38964929752447,190.759742670617,191.60511779785156,4449700
2023-04-25 00:00:00+00:00,190.6712807478921,190.81872379664736,187.3880855350702,187.42739868164062,5010000
2023-04-26 00:00:00+00:00,189.34426945846874,191.0645086857137,187.32914407741833,188.2629852294922,4007600
2023-04-27 00:00:00+00:00,190.86790015710957,194.1510957772225,189.98321175624383,192.60780334472656,4794400
2023-04-28 00:00:00+00:00,192.81422778475098,195.27171228366086,191.94920344065534,194.99647521972656,4094600
2023-05-01 00:00:00+00:00,194.39685720981592,195.66492766831277,193.76774174956262,194.4263458251953,2882900
2023-05-02 00:00:00+00:00,194.65242443712594,195.03579139544405,189.64897490511026,190.5435028076172,6051000
2023-05-03 00:00:00+00:00,190.90720749482477,192.46032429603548,189.2852589376722,189.33441162109375,3779900
2023-05-04 00:00:00+00:00,188.6364591739503,191.25122565737564,187.51584710952395,189.10830688476562,4386500
2023-05-05 00:00:00+00:00,190.65162461077352,194.74088199178587,189.96353202245257,194.22972106933594,4284400
2023-05-08 00:00:00+00:00,195.34051640884707,197.09024405890278,192.74541354589863,194.53445434570312,4169400
2023-05-09 00:00:00+00:00,193.43350067634609,200.33412070688087,193.43350067634609,197.7586669921875,6996800
2023-05-10 00:00:00+00:00,201.45472254320103,202.771930444259,199.58702559460463,201.3662567138672,6535600
2023-05-11 00:00:00+00:00,199.45926101943263,200.33412483769283,195.17340776385265,200.00973510742188,5366300
2023-05-12 00:00:00+00:00,199.97040523147746,200.49140570235363,196.7265379553742,198.37796020507812,4733600
2023-05-15 00:00:00+00:00,200.28495636352585,201.90688988773422,199.03655022712667,199.87210083007812,4518200
2023-05-16 00:00:00+00:00,198.49589868279077,202.1723002990486,198.31896702711106,201.0811767578125,4423200
2023-05-17 00:00:00+00:00,202.98820242315804,205.92735903474517,201.31711610524744,205.81922912597656,5772200
2023-05-18 00:00:00+00:00,205.93715699556657,210.24267371725205,205.7700498852704,209.69219970703125,5165500
2023-05-19 00:00:00+00:00,209.3383519611546,209.61358900642713,206.35986715107325,206.78256225585938,6091600
2023-05-22 00:00:00+00:00,205.61279034519725,209.20072634830953,205.48499636447548,206.6842498779297,3890800
2023-05-23 00:00:00+00:00,204.2071230784309,206.07480516762013,202.95871684025403,203.12582397460938,4256800
2023-05-24 00:00:00+00:00,202.53600885207953,206.63510564898155,201.92655757740127,205.50465393066406,4894000
2023-05-25 00:00:00+00:00,208.41435808012636,208.71908377052725,204.8952383343022,206.34024047851562,6496700
2023-05-26 00:00:00+00:00,209.18106600993107,212.47408596281602,208.93531758064293,211.7761688232422,6933300
2023-05-30 00:00:00+00:00,215.54104891620528,218.36223624638984,212.0612425583932,215.14784240722656,10421000
2023-05-31 00:00:00+00:00,215.8162784195609,221.17359129780445,213.36861860945265,219.58114624023438,19624000
2023-06-01 00:00:00+00:00,204.6789694033211,211.69754450679812,202.55569920412765,209.2793731689453,20907400
2023-06-02 00:00:00+00:00,209.27935628560974,212.46426132746194,206.85136060541845,209.4071502685547,11026900
2023-06-05 00:00:00+00:00,206.89068816682476,208.7092325372779,203.53867600255722,206.2910614013672,7804400
2023-06-06 00:00:00+00:00,205.00333355576026,209.77084387143793,204.82638689494317,209.23020935058594,6796000
2023-06-07 00:00:00+00:00,211.2257101510903,212.97543789532645,201.29746688383563,202.23130798339844,9323900
2023-06-08 00:00:00+00:00,201.88725682970352,206.80222547392228,201.36627135335985,205.9666748046875,5548600
2023-06-09 00:00:00+00:00,207.10693532513798,214.94139594609925,207.10693532513798,211.6483612060547,7676700
2023-06-12 00:00:00+00:00,212.474094967779,216.6419939048934,208.53229539468362,210.05593872070312,11568300
2023-06-13 00:00:00+00:00,211.83514870675225,212.55272992948326,204.3840544372445,205.426025390625,11698900
2023-06-14 00:00:00+00:00,204.1677960939119,208.1096105772638,201.5333800794599,205.83888244628906,8963400
2023-06-15 00:00:00+00:00,204.4135385599291,209.70204950825635,203.84340040942632,208.31602478027344,7905400
2023-06-16 00:00:00+00:00,209.90848012773608,210.01661004090454,207.0184910835233,208.15875244140625,13672700
2023-06-20 00:00:00+00:00,205.1016363121018,213.35879266571263,205.06232316248622,213.2801513671875,9522900
2023-06-21 00:00:00+00:00,212.83778853535406,214.0960192029033,204.53149522246824,206.025634765625,7971600
2023-06-22 00:00:00+00:00,206.06495918615872,210.3213233983862,205.5341342270518,209.66270446777344,5689800
2023-06-23 00:00:00+00:00,206.920197200006,207.4116941054692,204.53152943911655,206.5171661376953,14037600
2023-06-26 00:00:00+00:00,205.46537627664569,208.14894525534152,203.82377836663707,203.83360290527344,4771500
2023-06-27 00:00:00+00:00,204.60030953150724,206.9005112055677,203.99085823307078,205.2687530517578,4014800
2023-06-28 00:00:00+00:00,204.8657467126455,208.5912867105159,204.06952411410956,208.56179809570312,4775900
2023-06-29 00:00:00+00:00,208.29636612389578,209.03361142400294,206.15344698457872,206.8513641357422,3838300
2023-06-30 00:00:00+00:00,208.25705382913853,210.2132167665321,207.3723654650959,207.66725158691406,5984200
2023-07-03 00:00:00+00:00,206.98899339242107,208.35535405382527,206.35003847925177,208.0506134033203,2400000
2023-07-05 00:00:00+00:00,206.91037510887452,210.97012939649653,206.5171685802762,210.18374633789062,5069300
2023-07-06 00:00:00+00:00,207.6082703803653,208.88616521447733,204.29558634826736,206.56629943847656,4250900
2023-07-07 00:00:00+00:00,206.20258142162334,208.50278295455308,205.72090913510345,206.025634765625,3022200
2023-07-10 00:00:00+00:00,205.4456688585327,209.24984941035012,204.7772403891797,209.1908721923828,3820100
2023-07-11 00:00:00+00:00,218.28358574540601,218.56866232731335,213.54556375642179,217.40872192382812,10028100
2023-07-12 00:00:00+00:00,218.12629919808617,224.2110326893405,217.84123762063544,223.41481018066406,8923500
2023-07-13 00:00:00+00:00,224.3781379294139,227.03223293502037,223.72937348292396,226.45225524902344,5800300
2023-07-14 00:00:00+00:00,225.7936497684441,228.2511340171196,224.27000653440663,225.42994689941406,4278700
2023-07-17 00:00:00+00:00,225.3414914960444,226.3637983911209,223.93580264110818,224.12257385253906,3557900
2023-07-18 00:00:00+00:00,223.18874241865348,225.71502865252072,221.6356104347183,223.75888061523438,5092700
2023-07-19 00:00:00+00:00,230.000849386134,234.16874785026252,227.2976168561685,230.38421630859375,8516300
2023-07-20 00:00:00+00:00,227.16985006928775,229.52902894956588,223.45413508323824,224.27984619140625,5303000
2023-07-21 00:00:00+00:00,226.0885747089215,226.88479728953092,223.4246549028787,224.1815643310547,3529700
2023-07-24 00:00:00+00:00,223.39513806437952,223.7195277783278,219.73840037897207,221.82235717773438,5363200
2023-07-25 00:00:00+00:00,222.0386378666363,223.65074705163732,221.360369764535,222.1860809326172,3203700
2023-07-26 00:00:00+00:00,220.6427804537904,223.64089934740963,219.3255574488538,221.7437286376953,4856700
2023-07-27 00:00:00+00:00,224.1618963634906,226.22618931384298,220.20043260578808,221.321044921875,4299600
2023-07-28 00:00:00+00:00,222.15657343339385,223.4442927644704,220.1709219843198,221.7633819580078,4238700
2023-07-31 00:00:00+00:00,218.56862860254026,221.54709795122096,217.9788264545812,221.18338012695312,5571900
2023-08-01 00:00:00+00:00,220.08243602659158,220.98678833671468,217.86087589515606,220.4559783935547,4212600
2023-08-02 00:00:00+00:00,218.204933260615,219.06014796320028,215.07902055251773,216.75010681152344,5127000
2023-08-03 00:00:00+00:00,212.52321932571238,214.499046117093,210.95043852084328,211.89410400390625,5515200
2023-08-04 00:00:00+00:00,212.72966851229452,213.5553796138479,209.44647318043218,210.94061279296875,4800400
2023-08-07 00:00:00+00:00,211.6483900351828,213.2015220197037,210.72437347483412,212.38563537597656,3615200
2023-08-08 00:00:00+00:00,209.91831033731114,210.5474257134385,207.54929188998236,207.9818115234375,4843800
2023-08-09 00:00:00+00:00,208.05061204572402,208.06045158234002,201.42524406140106,202.3590850830078,7847500
2023-08-10 00:00:00+00:00,204.63961830093007,206.76288826199246,202.92921888726312,204.70843505859375,4004700
2023-08-11 00:00:00+00:00,202.62450128056497,205.93718533316692,202.00521043420432,205.15078735351562,2930800
2023-08-14 00:00:00+00:00,204.36437140484108,208.4929566851753,203.59763756690302,208.45362854003906,3304700
2023-08-15 00:00:00+00:00,206.75307444411771,208.758375067336,204.3054146399404,205.22943115234375,4076400
2023-08-16 00:00:00+00:00,204.46268209240094,206.12394378428857,203.43053574544126,203.46986389160156,2759600
2023-08-17 00:00:00+00:00,203.05701189347513,203.41087521933045,199.9310841881142,200.37342834472656,4062700
2023-08-18 00:00:00+00:00,197.5522470734665,202.00520737925552,196.79533771706073,201.3466033935547,4267200
2023-08-21 00:00:00+00:00,202.49671924718538,205.85855618428639,200.74699151382802,205.47518920898438,4023300
2023-08-22 00:00:00+00:00,206.2812363824204,206.53680934769494,202.49670459297977,203.2437744140625,3153200
2023-08-23 00:00:00+00:00,204.46268342212466,207.4018398960632,203.61730826569607,205.57347106933594,3833200
2023-08-24 00:00:00+00:00,207.42151092491636,208.38485562326719,201.94624340144466,202.01504516601562,3960300
2023-08-25 00:00:00+00:00,202.0150527514861,207.20525887497448,201.98556413709204,205.90771484375,3068800
2023-08-28 00:00:00+00:00,206.87099398960828,209.84946330939925,206.0747715970907,208.11940002441406,4086900
2023-08-29 00:00:00+00:00,203.2339578991047,208.84685881368603,203.00787353631074,208.35536193847656,5850400
2023-08-30 00:00:00+00:00,208.16858639045898,211.92361463921972,205.86836966292202,211.38296508789062,9946000
2023-08-31 00:00:00+00:00,224.12259009702828,224.89914861214822,217.438229146907,217.69381713867188,19268400
2023-09-01 00:00:00+00:00,219.6991180374413,220.16112633124442,216.76980066341144,217.7626190185547,5600900
2023-09-05 00:00:00+00:00,215.59998627040457,216.57315532594586,213.90923609271425,214.9708709716797,5807300
2023-09-06 00:00:00+00:00,215.73762850501075,218.4310366423328,215.29528433993903,217.85105895996094,5066700
2023-09-07 00:00:00+00:00,216.03254802570822,218.9422012256148,215.58036428555386,218.74560546875,4201900
2023-09-08 00:00:00+00:00,219.52215429789393,221.63558469554908,219.06997060853462,220.93765258789062,4578900
2023-09-11 00:00:00+00:00,222.16640987919786,222.97247194602747,219.00116883500763,221.4783172607422,4418000
2023-09-12 00:00:00+00:00,219.6499636959723,220.9671718006499,217.49720485364213,217.89041137695312,4002300
2023-09-13 00:00:00+00:00,217.4185400827439,218.0869836005791,214.58752841693519,215.0790252685547,4173600
2023-09-14 00:00:00+00:00,215.68848734980088,216.81893916462755,214.6268522973029,215.0593719482422,4297200
2023-09-15 00:00:00+00:00,215.14786031355422,215.46242554691784,209.82987495575173,210.96031188964844,9939000
2023-09-18 00:00:00+00:00,210.9111235653202,212.70017927941367,210.53758116363178,211.34364318847656,4279400
2023-09-19 00:00:00+00:00,210.74400376685753,212.3856013292849,208.65022253487467,212.03172302246094,4001500
2023-09-20 00:00:00+00:00,211.54024483387738,213.4865681931402,209.29902035974598,209.4071502685547,2990900
2023-09-21 00:00:00+00:00,206.23208180048468,208.28653503903988,204.5315068948289,205.06231689453125,4957300
2023-09-22 00:00:00+00:00,205.75039907858144,206.15343007608104,202.37873804895935,202.91937255859375,3848300
2023-09-25 00:00:00+00:00,201.51372455407937,203.01770383495403,200.40293678481183,202.8309326171875,4067300
2023-09-26 00:00:00+00:00,201.97571903706728,202.92922413685994,197.8569729873163,199.04640197753906,5404500
2023-09-27 00:00:00+00:00,199.53790608898439,200.46190761169103,197.52276590791988,199.28231811523438,4123800
2023-09-28 00:00:00+00:00,197.3458166198435,201.66115851173268,196.15640260141816,199.74432373046875,4344000
2023-09-29 00:00:00+00:00,201.5923706776442,204.25627548097754,198.66305334801618,199.33148193359375,4405100
2023-10-02 00:00:00+00:00,197.38515104741035,201.6218517754363,197.10991399310433,200.24566650390625,3745700
2023-10-03 00:00:00+00:00,199.30194957887713,200.10801151912747,194.0625919651253,196.43161010742188,4622400
2023-10-04 00:00:00+00:00,197.46376606755854,199.29213482741713,196.11705458898314,198.43692016601562,3656400
2023-10-05 00:00:00+00:00,198.56474516401516,198.71218823248833,195.11444236808958,198.57456970214844,3592600
2023-10-06 00:00:00+00:00,197.070600498147,204.72813089793726,196.490637733394,203.83360290527344,4989200
2023-10-09 00:00:00+00:00,201.40559136180835,204.73793961610195,201.2089956092032,203.6959686279297,2781100
2023-10-10 00:00:00+00:00,204.10882523446742,205.6619571866579,202.75228903587055,203.36175537109375,4503500
2023-10-11 00:00:00+00:00,203.70577226488308,205.64227097790584,200.93373793919372,203.33224487304688,3971000
2023-10-12 00:00:00+00:00,204.29557427604993,205.03281952147697,199.8131255837404,202.18212890625,3548500
2023-10-13 00:00:00+00:00,201.62181760935638,203.61729341457635,199.75413577172816,201.11065673828125,3677500
2023-10-16 00:00:00+00:00,202.3394176681689,205.9273536383444,201.55301971585007,204.98367309570312,3623200
2023-10-17 00:00:00+00:00,202.97838796735,208.3357009876056,202.49671562267625,206.2714080810547,4006100
2023-10-18 00:00:00+00:00,205.32773091840605,206.06497620081208,200.7174880192066,201.3466033935547,3380800
2023-10-19 00:00:00+00:00,202.93904380196312,207.3625153960934,202.03469140930056,204.77725219726562,4995900
2023-10-20 00:00:00+00:00,203.8335610058811,204.5708062330437,198.68266895235993,200.26528930664062,5539100
2023-10-23 00:00:00+00:00,196.50045010965954,200.10805047222755,194.4853248653523,198.5647430419922,4564100
2023-10-24 00:00:00+00:00,200.2653216592496,201.1598496125469,197.5129360333397,200.7469940185547,3959600
2023-10-25 00:00:00+00:00,199.74432108053318,200.2751460894065,192.106455669586,193.708740234375,4490000
2023-10-26 00:00:00+00:00,194.06263758727604,196.26454913750007,190.3862353112857,192.91253662109375,5149100
2023-10-27 00:00:00+00:00,193.94467782472873,194.9374961531788,192.08682016104618,193.2270965576172,3168600
2023-10-30 00:00:00+00:00,195.6157368060714,197.16886857660762,193.72839079358624,195.8811492919922,3438300
2023-10-31 00:00:00+00:00,197.01159605733534,198.4762620738224,195.28153254066171,197.4146270751953,3425400
2023-11-01 00:00:00+00:00,197.50310400677557,201.01239892159657,197.08042389060532,200.4422607421875,3593600
2023-11-02 00:00:00+00:00,202.80145466378968,204.71828963239633,202.44757628502418,204.5708465576172,4963600
2023-11-03 00:00:00+00:00,205.82904219730182,206.6056005902575,203.6762836785648,203.9416961669922,3861900
2023-11-06 00:00:00+00:00,204.6691363322811,204.9345338466444,201.20899411481037,203.89256286621094,3729700
2023-11-07 00:00:00+00:00,205.93716424216817,209.71185615875768,205.40635428486027,208.23736572265625,5467100
2023-11-08 00:00:00+00:00,208.80751347150107,208.9058188381665,206.08461680723323,207.87367248535156,3433500
2023-11-09 00:00:00+00:00,209.9379773454446,209.94780188296272,205.51450557667545,206.43850708007812,4731400
2023-11-10 00:00:00+00:00,205.8388741053306,210.62606360815286,205.2884000350226,209.9969482421875,4112600
2023-11-13 00:00:00+00:00,208.9550219148111,212.46430236155723,208.1587842510971,211.61892700195312,3306600
2023-11-14 00:00:00+00:00,215.27561431839888,217.48735008194407,214.24346796221917,217.4185333251953,4743800
2023-11-15 00:00:00+00:00,216.9958446364299,217.6052958895423,213.95839790816692,215.68846130371094,4800700
2023-11-16 00:00:00+00:00,216.25863720166552,218.98153424259823,215.2166661677629,217.68397521972656,3712300
2023-11-17 00:00:00+00:00,217.40871779786855,219.00116281383995,216.63215936395355,217.45787048339844,3634900
2023-11-20 00:00:00+00:00,217.66430266361746,222.2548967556558,216.8680801121012,221.3013916015625,4599300
2023-11-21 00:00:00+00:00,220.19060751908913,222.12710647266042,219.73842377895843,220.5051727294922,3852300
2023-11-22 00:00:00+00:00,220.4854936458746,221.85185431205517,219.41403409454972,220.03330993652344,3893600
2023-11-24 00:00:00+00:00,220.54445335906644,220.6722473318597,218.34254220882917,220.56411743164062,1869100
2023-11-27 00:00:00+00:00,221.66506464876036,222.37282126576412,220.43632260525283,220.96713256835938,4885500
2023-11-28 00:00:00+00:00,219.80722084436607,221.69456693975624,218.45068474484142,221.09494018554688,5535300
2023-11-29 00:00:00+00:00,224.7222026561424,227.56305400465203,223.39515508879495,226.4326171875,12327400
2023-11-30 00:00:00+00:00,244.81458111341195,248.20590633877615,239.50640619609575,247.61610412597656,24425700
2023-12-01 00:00:00+00:00,245.7483878502479,258.9499840459034,245.45348678496933,255.5783233642578,14538200
2023-12-04 00:00:00+00:00,248.50079204226327,250.7813294585267,245.60096384087532,246.39718627929688,11429200
2023-12-05 00:00:00+00:00,245.73861625668243,247.39003857916057,244.41156867667397,246.7510986328125,5771500
2023-12-06 00:00:00+00:00,247.24260408720372,249.66076042886365,244.6180124484289,244.89324951171875,5374800
2023-12-07 00:00:00+00:00,244.51969084289954,246.46601423252008,242.6913219013487,244.6179962158203,6568200
2023-12-08 00:00:00+00:00,244.3231019783638,247.80289328808448,243.78245241065872,246.54466247558594,4605800
2023-12-11 00:00:00+00:00,245.74842088787145,249.2085628537748,245.46335931933055,247.81271362304688,4766000
2023-12-12 00:00:00+00:00,247.51781543522677,252.21650909874228,246.7510815529638,252.0887451171875,5827600
2023-12-13 00:00:00+00:00,253.13071040679515,254.7133158214603,250.82066927486156,252.94393920898438,6567600
2023-12-14 00:00:00+00:00,252.13783739627306,254.36922188290276,248.91361985680197,252.83575439453125,6613200
2023-12-15 00:00:00+00:00,250.67321379170428,257.84907068002843,250.18171695002857,257.1511535644531,13739500
2023-12-18 00:00:00+00:00,255.40145452178717,261.07331790845706,255.26382099143063,259.1073303222656,7498500
2023-12-19 00:00:00+00:00,260.9553311053117,262.0464396810721,259.2547412545671,259.84454345703125,4665500
2023-12-20 00:00:00+00:00,257.21013666350683,260.4147057440132,255.65698980910955,255.82411193847656,4510500
2023-12-21 00:00:00+00:00,260.24759376461645,263.7961867816879,259.74625735555,262.705078125,5160700
2023-12-22 00:00:00+00:00,262.71494493044685,263.5897938542822,260.78825539294206,261.8105773925781,3110600
2023-12-26 00:00:00+00:00,261.0143587889461,261.9973526502382,260.11983077533927,261.692626953125,3218800
2023-12-27 00:00:00+00:00,261.4173177134476,262.4691280543633,260.88649277526656,262.1840515136719,3387000
2023-12-28 00:00:00+00:00,261.96781342196664,262.3806839633229,260.78820901687976,261.0634460449219,2958700
2023-12-29 00:00:00+00:00,260.5032021910403,261.13230263742633,258.183321173427,258.6650085449219,3706600
2024-01-02 00:00:00+00:00,256.1092221093886,256.12887118659114,249.45434964822397,251.7742156982422,4741400
2024-01-03 00:00:00+00:00,249.18891740150283,249.8376968809587,247.4883424016816,247.55714416503906,5097100
2024-01-04 00:00:00+00:00,247.54730888303843,248.34353139176966,245.5911459917491,246.96734619140625,4489800
2024-01-05 00:00:00+00:00,246.93783079974443,249.59191054078067,245.91550904809253,246.84934997558594,3676000
2024-01-08 00:00:00+00:00,247.92084913965203,257.1118312893112,247.11478710123464,256.4335632324219,6626000
2024-01-09 00:00:00+00:00,255.0868640473054,259.4415189198201,254.37910738642142,256.89556884765625,4571800
2024-01-10 00:00:00+00:00,258.79273240410015,261.9284846076846,258.2815864957784,259.63812255859375,5128300
2024-01-11 00:00:00+00:00,263.44230808156914,268.3179483688476,260.591632389359,266.76483154296875,9012600
2024-01-12 00:00:00+00:00,266.6173728980334,270.5591569528362,266.4502507816603,267.3054504394531,4847600
2024-01-16 00:00:00+00:00,265.11339690319244,266.9515902115761,263.1670586950646,264.612060546875,5858700
2024-01-17 00:00:00+00:00,263.72739775370997,267.2759907403071,259.63814021331854,266.8238220214844,4706500
2024-01-18 00:00:00+00:00,268.35728750915246,271.0015430350454,267.5119273031344,269.7924499511719,4752400
2024-01-19 00:00:00+00:00,271.8076239166039,277.2042502528283,270.8442791977932,276.1033020019531,7413600
2024-01-22 00:00:00+00:00,278.9637798530922,280.86095042187037,275.4053475949653,275.5331115722656,6735900
2024-01-23 00:00:00+00:00,276.05409267590426,276.91913188500115,271.0211700032517,272.0631408691406,6573800
2024-01-24 00:00:00+00:00,275.2185815765078,276.1818961846897,271.9845239667586,272.1712951660156,7037800
2024-01-25 00:00:00+00:00,273.8718584533987,275.09079103196245,272.15161949035985,274.28472900390625,4178000
2024-01-26 00:00:00+00:00,274.5304503629678,278.52140196388825,273.95048774100576,275.1792297363281,4877400
2024-01-29 00:00:00+00:00,276.6144378076922,283.24964568153734,276.2212463037747,282.9645690917969,5762300
2024-01-30 00:00:00+00:00,282.73848662111743,284.3702597854003,281.64734799983864,282.8367919921875,4810900
2024-01-31 00:00:00+00:00,279.2193761409742,280.7725231400151,276.04432537459553,276.3097229003906,4557300
2024-02-01 00:00:00+00:00,277.214065156812,280.2023444297631,276.5750952478248,278.9736022949219,3218300
2024-02-02 00:00:00+00:00,280.3497722848534,283.2594247914384,278.34445704449905,280.80194091796875,3629600
2024-02-05 00:00:00+00:00,281.3819427732092,284.1343130960976,276.57508924668764,283.2102966308594,5274800
2024-02-06 00:00:00+00:00,283.0432180706529,283.7313256836519,277.1157670566119,280.9690856933594,4207200
2024-02-07 00:00:00+00:00,282.4632663598621,284.8715831019034,280.3498357499599,283.92791748046875,3621400
2024-02-08 00:00:00+00:00,284.3800586274056,288.12526213518635,284.0655234498342,286.9850158691406,4488400
2024-02-09 00:00:00+00:00,288.26288843912795,290.21903620699356,286.1002904053678,286.3460388183594,4376300
2024-02-12 00:00:00+00:00,285.87422415699064,286.051155816598,282.119181166198,282.4337463378906,3750000
2024-02-13 00:00:00+00:00,275.6413075335322,278.6099381444019,271.71917169356266,276.36871337890625,4956600
2024-02-14 00:00:00+00:00,280.15315729497837,284.5373000586583,279.79929402192516,284.2325744628906,3850700
2024-02-15 00:00:00+00:00,286.38538697687164,287.03416643233686,283.1120310864568,286.9751892089844,3986500
2024-02-16 00:00:00+00:00,287.0341934440717,287.103010210655,282.9842637336079,284.79296875,4159400
2024-02-20 00:00:00+00:00,284.5766575757201,285.9037049838213,279.31763562425834,281.5195617675781,4295500
2024-02-21 00:00:00+00:00,275.307105738241,278.7475843503202,273.6261645887812,278.7279052734375,3797200
2024-02-22 00:00:00+00:00,287.0341637876841,289.6194420489705,286.4443615610056,288.6560974121094,5264300
2024-02-23 00:00:00+00:00,292.9321361159084,292.9321361159084,286.12980619867017,287.820556640625,4416800
2024-02-26 00:00:00+00:00,290.56313637627443,298.66299576215505,289.9831736288476,295.2815246582031,8719300
2024-02-27 00:00:00+00:00,296.451229928817,296.6183520589328,291.5559404510165,294.4066162109375,6178800
2024-02-28 00:00:00+00:00,294.48525637426764,295.76316625687684,291.56576371750543,294.6720275878906,12490800
2024-02-29 00:00:00+00:00,294.8980741374945,305.2588348751285,289.77668598291007,303.5680847167969,21737800
2024-03-01 00:00:00+00:00,301.7791050514257,313.2899543721857,301.4055625971901,311.4910888671875,9450200
2024-03-04 00:00:00+00:00,309.22036780444193,312.247975518254,308.2078853873117,309.2891845703125,9350000
2024-03-05 00:00:00+00:00,306.01577122761364,307.2346738355055,291.103773359998,293.66937255859375,9015300
2024-03-06 00:00:00+00:00,299.4690432154921,300.6879758778736,297.59152153261186,298.60400390625,8270000
2024-03-07 00:00:00+00:00,300.7961127779966,301.55300722961186,296.6183889894133,297.2770080566406,6788900
2024-03-08 00:00:00+00:00,297.0607104509137,303.6172616817226,297.0607104509137,300.08831787109375,4851600
2024-03-11 00:00:00+00:00,297.4932370077015,302.378687049804,295.1438675924064,300.79608154296875,4895500
2024-03-12 00:00:00+00:00,301.4939834095581,303.78437548481014,298.70228495618505,301.405517578125,4832000
2024-03-13 00:00:00+00:00,300.2047160817464,302.89180517371585,298.34441670166603,299.8897399902344,5548800
2024-03-14 00:00:00+00:00,300.2047269445498,304.62412462420303,297.25189356476733,298.5511474609375,4828800
2024-03-15 00:00:00+00:00,294.25963335183985,295.3324923694678,289.1512300231194,289.7024230957031,11885100
2024-03-18 00:00:00+00:00,294.9093176714498,296.23809874523755,291.3659114872744,295.78533935546875,5240500
2024-03-19 00:00:00+00:00,293.49193329375714,297.0254868238583,291.95646240150637,296.7105407714844,3329900
2024-03-20 00:00:00+00:00,297.2223333336366,302.1929236209662,295.962459100074,301.2677001953125,4946600
2024-03-21 00:00:00+00:00,303.0985058493241,306.8978037105414,301.5335077636589,303.54144287109375,6083900
2024-03-22 00:00:00+00:00,304.45677020784115,305.3524664747584,301.828735663126,302.9311218261719,3779000
2024-03-25 00:00:00+00:00,298.92513551228734,302.87206847884494,297.7833698292013,301.2480163574219,4141200
2024-03-26 00:00:00+00:00,302.6457498867478,303.13788878858395,300.0964739797696,301.02166748046875,3893900
2024-03-27 00:00:00+00:00,302.6063528215272,304.43709501209514,293.9348682768941,296.6416320800781,3859900
2024-03-28 00:00:00+00:00,295.2833834529022,298.039349683351,294.91920541935497,296.44482421875,4892300
2024-04-01 00:00:00+00:00,296.94673649422265,298.7381290857863,295.2734524185387,297.5077819824219,2918100
2024-04-02 00:00:00+00:00,292.82262325286865,299.6731878098217,290.2536728081759,299.2204284667969,4746100
2024-04-03 00:00:00+00:00,299.2105527499666,302.33072611227345,298.334561262458,299.9487609863281,3047400
2024-04-04 00:00:00+00:00,303.4134694652993,306.4056522043965,287.50753738730936,289.5154724121094,8351000
2024-04-05 00:00:00+00:00,288.9249292580423,298.649599247615,288.6886821477343,297.163330078125,4918200
2024-04-08 00:00:00+00:00,296.36604521282544,298.7283058744591,294.8108695011229,296.98614501953125,3142900
2024-04-09 00:00:00+00:00,298.55113422686725,300.79528629451295,294.5451165768072,297.6160583496094,2997700
2024-04-10 00:00:00+00:00,293.75771358370616,296.18888088632093,293.46241222892394,294.9093017578125,3036400
2024-04-11 00:00:00+00:00,294.7616618831685,296.3561870477538,291.7497743416688,294.4466857910156,3468600
2024-04-12 00:00:00+00:00,292.2025539163403,293.1671570011287,288.88554244288684,289.6926574707031,3820000
2024-04-15 00:00:00+00:00,278.4915630366649,281.9759148580112,267.3889106580971,268.6094055175781,18365100
2024-04-16 00:00:00+00:00,270.45980693191154,276.1489304520369,268.15660087405143,273.0484619140625,7624300
2024-04-17 00:00:00+00:00,273.37330461757193,274.5839771165689,270.51890502540766,271.97564697265625,4199400
2024-04-18 00:00:00+00:00,271.97565280025145,271.98547515270536,265.5089403525705,267.64483642578125,5918200
2024-04-19 00:00:00+00:00,268.20583517187515,268.8554620930706,264.5049712480887,266.1191711425781,4913600
2024-04-22 00:00:00+00:00,274.9973521274959,275.30247580160625,265.32188582825614,269.50506591796875,6747200
2024-04-23 00:00:00+00:00,270.62714447340085,272.34963031374275,266.15851565416693,272.3299255371094,6285200
2024-04-24 00:00:00+00:00,273.6292271745777,274.55445070545613,269.800372131593,271.8476867675781,3938800
2024-04-25 00:00:00+00:00,267.3298459271458,269.27869666998396,265.0463143122869,268.84564208984375,4811900
2024-04-26 00:00:00+00:00,270.67639841632143,272.5465202523701,269.160602174613,269.9775695800781,3754600
2024-04-29 00:00:00+00:00,270.5681121040448,272.9303725828894,268.9243551239727,271.40472412109375,3576400
2024-04-30 00:00:00+00:00,270.1941043938248,270.2925081421132,264.14077198537626,264.711669921875,5218000
2024-05-01 00:00:00+00:00,264.7904051495396,269.69211944799633,262.35923776176384,264.4656066894531,3761000
2024-05-02 00:00:00+00:00,266.17824764819994,268.7865779027894,263.72740545170706,267.8515319824219,3859900
2024-05-03 00:00:00+00:00,272.46780455388324,273.30444674286724,269.05235917642204,269.35748291015625,4041600
2024-05-06 00:00:00+00:00,271.8280578163747,272.7729562487402,269.751215698176,271.2965393066406,3744800
2024-05-07 00:00:00+00:00,271.2571452842141,274.49542801477446,269.76105367642407,272.8221435546875,3507700
2024-05-08 00:00:00+00:00,271.39490369030267,275.5387044372753,271.39490369030267,274.5839538574219,3283300
2024-05-09 00:00:00+00:00,267.8908862564256,271.02088226691615,266.80817473267234,270.8437194824219,4709700
2024-05-10 00:00:00+00:00,271.7591752504454,275.2435279533817,270.6469362493823,272.3202209472656,2912300
2024-05-13 00:00:00+00:00,272.78276846032026,273.43236538591424,270.8634147031944,273.1567687988281,2998700
2024-05-14 00:00:00+00:00,272.60554712072405,274.475668768822,270.7157507319541,272.44805908203125,3056800
2024-05-15 00:00:00+00:00,275.3418417798143,283.2751178575915,275.3320194282281,283.01922607421875,5828500
2024-05-16 00:00:00+00:00,284.8696592242814,285.4602018017787,280.10572882214973,280.20416259765625,3559200
2024-05-17 00:00:00+00:00,282.5270772825806,282.82234857523963,279.7907864987787,281.1195373535156,3478900
2024-05-20 00:00:00+00:00,281.5034561499185,283.19641519960385,280.62743447313807,282.556640625,2799300
2024-05-21 00:00:00+00:00,282.2810360418037,282.70426828279335,278.83606377390976,279.2986755371094,3492100
2024-05-22 00:00:00+00:00,278.954169555983,282.5763045814938,278.3832716217713,279.35772705078125,3309200
2024-05-23 00:00:00+00:00,282.17272432499055,282.4877003986117,273.09768271346155,274.19024658203125,5456600
2024-05-24 00:00:00+00:00,266.67039966244863,270.63703832987864,264.3081387505354,268.009033203125,8325100
2024-05-28 00:00:00+00:00,268.80625388340854,268.9342147942631,262.95964176825726,265.587646484375,9294100
2024-05-29 00:00:00+00:00,263.78649739271435,268.5799263266043,263.56010264478397,267.3495788574219,13397900
2024-05-30 00:00:00+00:00,219.88765419451116,221.551086077128,208.66689329829012,214.5823974609375,66763300
2024-05-31 00:00:00+00:00,215.6650803885226,230.93122160902647,212.6630304980097,230.75405883789062,36807400
2024-06-03 00:00:00+00:00,230.9312551693686,237.20111503715788,226.5906014379914,232.89981079101562,19962700
2024-06-04 00:00:00+00:00,232.0139599619796,236.80738795401604,228.54929796423895,231.16748046875,11197500
2024-06-05 00:00:00+00:00,231.93521165272378,233.19508598883147,227.90951920345958,232.81121826171875,10772100
2024-06-06 00:00:00+00:00,236.10855803634576,242.8705415606845,235.68531078226476,238.94326782226562,11693800
2024-06-07 00:00:00+00:00,238.52005659131802,240.0948921624242,236.51212133813064,238.047607421875,6883800
2024-06-10 00:00:00+00:00,237.98851809251735,239.80943799517343,236.64989970941718,238.03773498535156,7656900
2024-06-11 00:00:00+00:00,237.36843626245638,239.91771214284643,232.54546606343197,237.20111083984375,7264400
2024-06-12 00:00:00+00:00,236.77785384067977,238.39206875472175,231.19700078385992,232.0926971435547,10260100
2024-06-13 00:00:00+00:00,231.81710636648936,231.9450522647236,225.06496021195568,225.42913818359375,13566700
2024-06-14 00:00:00+00:00,225.74413517964402,231.55136859705192,225.5964844880153,228.2934112548828,8833700
2024-06-17 00:00:00+00:00,226.65947070323,228.19494153353895,224.1889390487084,226.8563232421875,10563700
2024-06-18 00:00:00+00:00,226.85634450685419,228.63788493257647,225.6259972494341,228.16543579101562,7119800
2024-06-20 00:00:00+00:00,229.1890842896221,239.93739571406888,229.1890842896221,237.9983673095703,14809600
2024-06-21 00:00:00+00:00,236.7877249547155,241.51224652724758,236.41369457298302,241.20712280273438,15719600
2024-06-24 00:00:00+00:00,239.36650518323242,240.5673252234779,236.03964162725205,236.1676025390625,7545700
2024-06-25 00:00:00+00:00,237.97870465546947,239.2779586663029,236.09873029989464,237.95901489257812,6037800
2024-06-26 00:00:00+00:00,237.67355373824785,239.7799075601064,236.1282304340868,239.32713317871094,4524700
2024-06-27 00:00:00+00:00,241.14806226961704,254.5342464276487,240.6067064729894,248.87464904785156,12869000
2024-06-28 00:00:00+00:00,249.5144397341944,256.0894086885379,249.19946360712032,253.05784606933594,12619300
2024-07-01 00:00:00+00:00,254.09129444558158,255.4004006705798,250.52821380657258,252.18179321289062,5871700
2024-07-02 00:00:00+00:00,251.0400485752562,253.67792081217627,250.06560817486445,252.16212463378906,5130600
2024-07-03 00:00:00+00:00,252.93976628939788,257.1130953154022,252.90038675959212,256.84735107421875,4755700
2024-07-05 00:00:00+00:00,258.5894512450511,261.6308658828849,257.2114684049316,259.05206298828125,6562100
2024-07-08 00:00:00+00:00,257.2705105604752,258.70754759485084,253.14638458598253,253.32354736328125,6539300
2024-07-09 00:00:00+00:00,252.45605987604384,253.3531505172018,247.5270102550866,248.84799194335938,7014900
2024-07-10 00:00:00+00:00,247.63544686999734,251.18436856987495,242.61767802838423,249.00572204589844,8947700
2024-07-11 00:00:00+00:00,249.01558908592074,251.79556520794355,247.3594206164528,247.55657958984375,5341800
2024-07-12 00:00:00+00:00,248.04950566034725,251.66742653009882,246.1468995938752,250.3661651611328,4705500
2024-07-15 00:00:00+00:00,252.38704426975235,252.75181921026507,248.54239160807597,249.2718963623047,4404300
2024-07-16 00:00:00+00:00,250.17883930982137,253.13626905818455,249.08458970123638,252.39691162109375,4780400
2024-07-17 00:00:00+00:00,250.3957169705406,251.9434457484806,246.06801207026007,247.65516662597656,5625300
2024-07-18 00:00:00+00:00,248.56209519895012,248.8676938459603,242.23319776137845,243.84007263183594,6351600
2024-07-19 00:00:00+00:00,245.1216193679066,245.45680615748154,241.69100521521574,244.11610412597656,4468900
2024-07-22 00:00:00+00:00,245.2202252731259,251.95330904248104,244.48086780999085,250.47459411621094,5647600
2024-07-23 00:00:00+00:00,252.948961203229,253.67845090959776,250.14926466890108,252.42648315429688,3905500
2024-07-24 00:00:00+00:00,250.03096983633367,252.2786152057238,245.36807817730238,246.235595703125,5204100
2024-07-25 00:00:00+00:00,251.12523363024792,260.3326799677429,248.1480833510137,252.8799591064453,7155800
2024-07-26 00:00:00+00:00,254.50653131512027,260.73682643613114,253.42213450964238,258.9820861816406,6127300
2024-07-29 00:00:00+00:00,258.98215647628774,262.30433161675256,254.85160985373247,254.92062377929688,5101400
2024-07-30 00:00:00+00:00,255.9359336768653,257.0499035566178,251.49978960781533,254.26991271972656,3944300
2024-07-31 00:00:00+00:00,252.57438013634155,258.11462770838745,251.72659794852115,255.12762451171875,4647700
2024-08-01 00:00:00+00:00,256.2119913975533,259.6228852865203,246.19617407349617,249.46905517578125,5527400
2024-08-02 00:00:00+00:00,244.27382736025027,244.480854056879,237.6984771630665,240.50804138183594,6504500
2024-08-05 00:00:00+00:00,229.0233825671635,238.38857740960202,228.91494286729724,235.61843872070312,6899300
2024-08-06 00:00:00+00:00,237.668914935173,240.38975999789068,234.6523389241303,235.03680419921875,5673900
2024-08-07 00:00:00+00:00,239.16735843397123,243.03173172762786,236.25922201863645,236.63381958007812,4035500
2024-08-08 00:00:00+00:00,239.78840887250252,245.89055960404684,239.63067567613462,245.5849609375,4474300
2024-08-09 00:00:00+00:00,245.17092516436048,249.3606173426253,244.9244726832861,248.9465789794922,2975300
2024-08-12 00:00:00+00:00,249.0156150824892,250.4844623735211,245.48641343396986,247.74391174316406,3679700
2024-08-13 00:00:00+00:00,249.40991123652165,252.15046162696464,249.40991123652165,250.98721313476562,4031600
2024-08-14 00:00:00+00:00,251.7660203637845,254.05309178782107,250.2577322368194,251.697021484375,4145200
2024-08-15 00:00:00+00:00,254.2403795527471,259.1595916503707,252.60393142904906,259.0610046386719,5167900
2024-08-16 00:00:00+00:00,258.0357172663837,259.8594714282475,255.99508374336003,259.17926025390625,3494900
2024-08-19 00:00:00+00:00,259.3665820017412,261.6240950206405,257.91744029399774,261.6142272949219,4501300
2024-08-20 00:00:00+00:00,261.19036587874956,261.7325493331972,257.32597752522304,258.1244812011719,5731300
2024-08-21 00:00:00+00:00,257.3949995630859,258.42025039689725,255.5022311071676,257.3851318359375,4648200
2024-08-22 00:00:00+00:00,257.7893347087624,259.5243700684618,253.61934725952233,254.92062377929688,5111400
2024-08-23 00:00:00+00:00,258.2723271628616,261.8311165608219,257.0006540473621,260.2538146972656,4711300
2024-08-26 00:00:00+00:00,260.1946738291465,263.50698073425303,259.5045948483169,261.5156555175781,3818300
2024-08-27 00:00:00+00:00,255.96556564591756,260.70730943479583,255.71911314094663,260.4510192871094,5276400
2024-08-28 00:00:00+00:00,258.1146122930175,261.4170817233076,253.70804050521102,255.2261962890625,10981900
2024-08-29 00:00:00+00:00,267.16437707572857,268.0910408802322,252.6433849806973,253.363037109375,14301700
2024-08-30 00:00:00+00:00,253.78692610810936,255.45294739715635,247.43830736885496,249.31134033203125,10507700
2024-09-03 00:00:00+00:00,249.03529941373657,250.0901232578986,243.14016025102018,244.54000854492188,6190400
2024-09-04 00:00:00+00:00,242.9725836376856,245.9398662215254,241.68117498838077,244.1654052734375,4706500
2024-09-05 00:00:00+00:00,242.48950492161643,244.9737499783009,241.52341547156428,242.6275177001953,4083600
2024-09-06 00:00:00+00:00,244.22454889929293,246.4524738476603,238.01394354987883,240.50804138183594,6259400
2024-09-09 00:00:00+00:00,243.00214880958035,245.8215658234227,241.29670183504328,242.27264404296875,4588800
2024-09-10 00:00:00+00:00,243.62321376793477,243.83022543037615,239.85741260030835,242.66697692871094,3544800
2024-09-11 00:00:00+00:00,241.3361300097106,246.4722064370974,238.57585915776193,246.02859497070312,4822200
2024-09-12 00:00:00+00:00,247.8227587453341,250.53373606425816,246.02859248715168,249.774658203125,5219700
2024-09-13 00:00:00+00:00,248.95643360078148,253.18555159033028,248.86771431704807,250.9576416015625,4998900
2024-09-16 00:00:00+00:00,250.95764316937885,254.1516577418614,250.95764316937885,253.26443481445312,5367000
2024-09-17 00:00:00+00:00,255.04875563320763,255.6895260942672,251.14494154884778,251.56884765625,5423400
2024-09-18 00:00:00+00:00,252.76353645583106,252.88201454246288,247.78726096084443,249.23866271972656,4436700
2024-09-19 00:00:00+00:00,257.4238642886256,266.13236520080676,254.7876063450393,262.6272277832031,11022800
2024-09-20 00:00:00+00:00,262.64701112526376,266.9025200729128,258.01630145952277,263.427001953125,11463200
2024-09-23 00:00:00+00:00,263.8712957398402,264.67105291601325,258.92462495022477,260.8697204589844,6034000
2024-09-24 00:00:00+00:00,266.4186922794457,269.01544763072616,262.9234680135159,267.02099609375,7154500
2024-09-25 00:00:00+00:00,267.0308813310491,273.54741754080595,265.97440144226994,270.6248474121094,7920000
2024-09-26 00:00:00+00:00,272.6390296098622,275.1173065616976,269.26225372277264,272.2737121582031,5253400
2024-09-27 00:00:00+00:00,272.76740795037085,274.3274196302333,271.58256683095436,273.1426086425781,5220100
2024-09-30 00:00:00+00:00,270.48662009698745,272.25396846380625,265.7374325652287,270.2496337890625,5059700
2024-10-01 00:00:00+00:00,270.6742353777532,271.22715324047437,266.2804818678742,267.445556640625,4369900
2024-10-02 00:00:00+00:00,270.2594969314665,278.4348158511885,267.42578571888527,275.9466857910156,8512300
2024-10-03 00:00:00+00:00,275.46287231289955,277.5659487084617,274.2188222936495,277.3586120605469,3868400
2024-10-04 00:00:00+00:00,280.27128643084876,284.2503660957415,277.9115176664149,284.11212158203125,6129900
2024-10-07 00:00:00+00:00,282.95691930136394,284.52684435443956,279.7973931547602,280.97235107421875,4794700
2024-10-08 00:00:00+00:00,282.3842912086727,288.93047732595613,280.50831767804493,287.8838806152344,5211200
2024-10-09 00:00:00+00:00,287.1433912950938,287.8839096158682,283.4506527792303,284.2800598144531,4851000
2024-10-10 00:00:00+00:00,284.2799716059039,286.5607649156457,281.02167392644543,286.50152587890625,3965500
2024-10-11 00:00:00+00:00,285.5536550017889,286.5706320245945,282.6804410522875,284.45770263671875,3597000
2024-10-14 00:00:00+00:00,286.25474654624423,288.75276022514623,284.60584599318156,287.9530029296875,3642500
2024-10-15 00:00:00+00:00,289.74994201001175,289.86842009649354,284.35897815275894,284.7045593261719,3850800
2024-10-16 00:00:00+00:00,283.91470957903823,287.24213051448015,280.6367047420317,287.182861328125,3497000
2024-10-17 00:00:00+00:00,288.2688863635768,289.63144453040655,286.43241588255205,287.42962646484375,2830000
2024-10-18 00:00:00+00:00,288.34792592213023,290.9841538767417,286.48180556911854,289.2365417480469,3087900
2024-10-21 00:00:00+00:00,285.34633411388234,289.2167889972083,284.39847929558755,287.6073913574219,2712600
2024-10-22 00:00:00+00:00,286.086844888922,288.2491602944817,284.01338804542837,284.6847839355469,3100100
2024-10-23 00:00:00+00:00,284.092404505855,284.65517542069983,279.04699165388723,280.8341064453125,3227100
2024-10-24 00:00:00+00:00,282.9371905002203,285.25748687882117,281.5746321956903,283.1346740722656,3210700
2024-10-25 00:00:00+00:00,286.33369626761163,290.6583272599078,285.1784746488326,286.7878723144531,3351200
2024-10-28 00:00:00+00:00,289.88819635582126,292.32697082442206,288.7922137552008,290.0560302734375,3867800
2024-10-29 00:00:00+00:00,290.2831650062671,296.7997318796997,289.1082069278433,295.1113586425781,4280700
2024-10-30 00:00:00+00:00,293.3143138107658,295.7530881578899,292.60341517143274,292.65277099609375,2826500
2024-10-31 00:00:00+00:00,288.90083151025345,292.34669979337616,285.8893728374647,287.6863708496094,4301800
2024-11-01 00:00:00+00:00,286.56076274144976,293.235278594767,286.3336596811663,290.9939880371094,3527500
2024-11-04 00:00:00+00:00,294.2226957209251,296.38501137937783,289.2168153485035,294.2424621582031,5107900
2024-11-05 00:00:00+00:00,293.6796785912163,295.0323538278514,291.01380073132924,293.7290344238281,4456100
2024-11-06 00:00:00+00:00,301.14404625307475,304.65903664470096,299.23845345430897,303.02001953125,5874900
2024-11-07 00:00:00+00:00,303.61248125547263,308.2431911036989,302.1314447615435,306.85101318359375,5722600
2024-11-08 00:00:00+00:00,306.11044602628914,318.7288737331219,305.52790871423326,317.8797607421875,8485000
2024-11-11 00:00:00+00:00,321.1380355969636,340.519868669447,321.1380355969636,337.4096984863281,13954200
2024-11-12 00:00:00+00:00,335.0005654768556,344.4495547222921,334.2304277611701,336.8370361328125,7659700
2024-11-13 00:00:00+00:00,341.1320518427314,343.7880462053909,334.4871243269854,337.39984130859375,6902900
2024-11-14 00:00:00+00:00,338.1107191186139,341.62570955785907,326.6376293007872,327.4571228027344,7630600
2024-11-15 00:00:00+00:00,322.7968195708523,326.08473732021633,320.0815861150458,321.14794921875,7093000
2024-11-18 00:00:00+00:00,322.86591262758196,322.86591262758196,316.16174655539453,318.17596435546875,4250400
2024-11-19 00:00:00+00:00,314.96704737447675,320.5949972642796,312.0049748286353,319.3410339355469,5469900
2024-11-20 00:00:00+00:00,321.1775467309709,323.1226423149168,317.9390151636244,321.5823669433594,3763500
2024-11-21 00:00:00+00:00,327.16098568805694,338.60445801695346,324.44575196519685,331.53497314453125,8364200
2024-11-22 00:00:00+00:00,334.6648799054847,338.47606588452095,331.5349429682248,337.696044921875,5649400
2024-11-25 00:00:00+00:00,340.63839660632203,343.45237199594465,334.01323506864105,334.8228454589844,7117200
2024-11-26 00:00:00+00:00,337.6565281921569,339.4633791564788,334.85243651216416,338.8413391113281,4492800
2024-11-27 00:00:00+00:00,332.2063290543491,333.114711302671,324.72217171794904,325.837890625,7471500
2024-11-29 00:00:00+00:00,325.1763083820671,327.7927996739711,323.1127348676311,325.8180847167969,3517600
2024-12-02 00:00:00+00:00,327.80273075201154,330.27112480887905,325.9366103817732,326.82525634765625,6063400
2024-12-03 00:00:00+00:00,323.2608490441073,328.5925736756064,319.5582583094884,327.2398986816406,12632400
2024-12-04 00:00:00+00:00,362.17261119810746,364.3349265875827,352.1410551320798,363.2192077636719,24733100
2024-12-05 00:00:00+00:00,356.2188587354475,360.8298317914245,352.1608336334279,356.811279296875,10942100
2024-12-06 00:00:00+00:00,360.37561629994536,362.5083121868735,356.52492794789197,357.4135437011719,5738900
2024-12-09 00:00:00+00:00,357.12724209622974,357.12724209622974,346.35516748297607,347.12530517578125,6475000
2024-12-10 00:00:00+00:00,346.9080780708269,350.99572262221767,343.0376232519745,344.4100646972656,6033000
2024-12-11 00:00:00+00:00,349.0210390384675,355.64623043162305,347.4314077171775,350.3638610839844,7546600
2024-12-12 00:00:00+00:00,350.5119393429571,355.4487272210269,348.45824884365527,353.5036315917969,5422000
2024-12-13 00:00:00+00:00,359.39815521579186,360.18802921850653,348.0435431691391,349.8306579589844,5538000
2024-12-16 00:00:00+00:00,346.3452469603049,353.5430912462395,346.12802711487143,352.7137145996094,5482300
2024-12-17 00:00:00+00:00,352.38789025022874,352.7137351031997,344.6963667895349,346.5328674316406,6911000
2024-12-18 00:00:00+00:00,350.4176057543139,350.6844855956422,331.379392753256,333.34649658203125,8400000
2024-12-19 00:00:00+00:00,337.76504166232553,339.5739543598419,331.56722681731725,332.3580322265625,7423400
2024-12-20 00:00:00+00:00,328.90817086952484,342.4603088209358,327.32662053337225,339.6925354003906,14932300
2024-12-23 00:00:00+00:00,338.3087242005645,339.89030498535186,332.80285985682673,338.95123291015625,5330300
2024-12-24 00:00:00+00:00,339.0500674181276,340.97762359964395,336.90504351442036,340.4635925292969,1811000
2024-12-26 00:00:00+00:00,340.90843423494726,340.90843423494726,337.10276404832547,337.7848205566406,3483300
2024-12-27 00:00:00+00:00,336.43060418495196,338.32847695975715,331.4090875457361,334.552490234375,3220400
2024-12-30 00:00:00+00:00,329.6298090769706,334.216359823894,327.7912128806694,331.8736572265625,3411100
2024-12-31 00:00:00+00:00,332.39751986428985,333.26739065285864,328.5819859198685,330.4798583984375,3026000
2025-01-02 00:00:00+00:00,332.43710226912543,335.0170615885399,324.0349869891738,326.8521728515625,4807100
2025-01-03 00:00:00+00:00,328.2756004590998,329.60016563329293,325.47817335159056,329.0663757324219,4101200
2025-01-06 00:00:00+00:00,330.17346334391164,332.72376933175275,323.51108985794446,326.7236633300781,5785300
2025-01-07 00:00:00+00:00,326.69400470879674,327.6824888380216,319.1914137879175,321.1881408691406,4643100
2025-01-08 00:00:00+00:00,323.96579060802145,325.01358140970797,319.38910409714833,323.1354675292969,3788200
2025-01-10 00:00:00+00:00,319.0530224548987,319.0530224548987,312.38075435416357,314.189697265625,6540000
2025-01-13 00:00:00+00:00,310.97713482721866,316.85859770758407,310.18632936887,315.3956604003906,4583000
2025-01-14 00:00:00+00:00,321.2573569159608,326.1404711543749,317.7976623030197,319.8141784667969,5935200
2025-01-15 00:00:00+00:00,326.0811615032152,327.71215434386943,317.0859495594818,317.4615783691406,6042700
2025-01-16 00:00:00+00:00,319.2210565457528,323.9460093205067,315.8700809787784,316.3149108886719,5047700
2025-01-17 00:00:00+00:00,324.9344850509277,325.77470254457074,319.3495560825732,320.8223876953125,6303600
2025-01-21 00:00:00+00:00,325.6066582537073,325.7252715197611,318.7367118215333,323.0761413574219,6397200
2025-01-22 00:00:00+00:00,327.4353932805911,331.36957128080064,323.5111097756089,328.78961181640625,7259300
2025-01-23 00:00:00+00:00,328.50293677613485,331.5968971097563,325.804394250449,330.8061218261719,4355900
2025-01-24 00:00:00+00:00,332.42720998209984,334.75015378462393,327.96916694634353,330.03509521484375,3299100
2025-01-27 00:00:00+00:00,328.53256779000554,349.0831611004924,326.69400180573325,343.10284423828125,15661100
2025-01-28 00:00:00+00:00,350.684499944149,362.8626315268501,346.4241358056883,355.80487060546875,12099300
2025-01-29 00:00:00+00:00,354.6285643165268,356.03219484132165,347.4521601186634,349.9233703613281,6266700
2025-01-30 00:00:00+00:00,336.9742592914236,343.9925031768232,336.0846295405744,339.613525390625,7591100
2025-01-31 00:00:00+00:00,343.9924832269431,345.47520944774885,336.183464497261,337.7650451660156,5778000
2025-02-03 00:00:00+00:00,332.101041513887,337.52781017809076,327.44528932747255,335.3333740234375,4549400
2025-02-04 00:00:00+00:00,341.6398474663596,342.9347591393591,334.76990152045533,340.1769104003906,4965600
2025-02-05 00:00:00+00:00,341.73876763441467,344.0320582773682,334.9676446567503,343.9233093261719,4521000
2025-02-06 00:00:00+00:00,333.5936606905957,333.5936606905957,325.3101582179833,327.0004577636719,13240600
2025-02-07 00:00:00+00:00,328.17675001219936,329.97579847202013,319.9921021522758,322.0777893066406,7626100
2025-02-10 00:00:00+00:00,324.14374717326245,327.9296283281833,322.8883529521552,323.4320373535156,5981900
2025-02-11 00:00:00+00:00,320.28861680964224,322.68076167635013,317.5604211249527,320.66424560546875,5455900
2025-02-12 00:00:00+00:00,315.8700630156589,323.2342811824485,313.3197874647517,322.3644104003906,5643400
2025-02-13 00:00:00+00:00,322.44355243852476,326.5457557631872,319.49785871449257,326.051513671875,4312100
2025-02-14 00:00:00+00:00,324.25240302966597,324.7169917130394,318.904701007393,322.7795715332031,5879700
2025-02-18 00:00:00+00:00,324.8059881202043,325.36943129936986,319.2803655986658,325.1717224121094,5262100
2025-02-19 00:00:00+00:00,325.9427800313224,325.9427800313224,319.15189820438326,320.79278564453125,5012000
2025-02-20 00:00:00+00:00,318.5291226846192,320.71369437465654,314.54553276874356,314.76300048828125,6393100
2025-02-21 00:00:00+00:00,315.2967732722444,315.2967732722444,303.3262151846399,306.23236083984375,7353200
2025-02-24 00:00:00+00:00,307.92273737544383,309.12868936319194,300.0247277304918,304.76947021484375,6652900
2025-02-25 00:00:00+00:00,302.7232477085877,304.8682714225958,297.158077544538,302.3575134277344,7360100
2025-02-26 00:00:00+00:00,309.0595011865645,310.08753329287345,302.9210222030057,303.7908630371094,12638500
2025-02-27 00:00:00+00:00,292.92741752875503,301.4086292434734,289.2996972428272,291.5039978027344,16691400
2025-02-28 00:00:00+00:00,292.55176388343796,298.5024578398109,288.7856416427993,294.4200134277344,10863100
2025-03-03 00:00:00+00:00,297.5337477181586,299.5799172762279,287.70821224068607,289.6851806640625,6298200
2025-03-04 00:00:00+00:00,286.66043867611864,288.29143169052946,278.9897910776875,284.03106689453125,9096300
2025-03-05 00:00:00+00:00,283.912397177786,289.30951177980944,282.3308166248385,288.6076965332031,6612600
2025-03-06 00:00:00+00:00,284.9107775983907,294.64732166578744,281.54990758922986,282.755859375,10396800
2025-03-07 00:00:00+00:00,279.91893238302794,284.98986086334855,272.00119491034366,279.6322937011719,8248100
2025-03-10 00:00:00+00:00,273.7804620343867,275.1445750168791,267.6024359659555,269.75732421875,10040200
2025-03-11 00:00:00+00:00,270.5678885706164,277.220397903172,268.86769458936146,273.8595275878906,8313400
2025-03-12 00:00:00+00:00,278.6042530898603,282.6372549950128,275.8760272866994,281.30279541015625,7463900
2025-03-13 00:00:00+00:00,278.80192528434753,279.3060618229899,266.64358305399503,268.61065673828125,9494500
2025-03-14 00:00:00+00:00,271.8331403866514,276.6668423445477,269.5398499260608,276.1824645996094,6976900
2025-03-17 00:00:00+00:00,274.17588600625123,279.47417755111826,272.9007328102101,277.5169677734375,4484300
2025-03-18 00:00:00+00:00,276.7952948332896,277.2697780405489,272.76229315307387,275.5201721191406,5881700
2025-03-19 00:00:00+00:00,274.3043578561869,278.970004356819,274.0967846264915,276.172607421875,5245400
2025-03-20 00:00:00+00:00,273.8693965830181,279.62238116411214,273.8693965830181,275.81671142578125,5504700
2025-03-21 00:00:00+00:00,273.0292088496889,278.6042741442186,270.89407938579313,277.388427734375,9804100
2025-03-24 00:00:00+00:00,280.47252531969474,283.45776720873835,279.95852434407414,282.6669616699219,6763800
2025-03-25 00:00:00+00:00,282.32095490200714,287.1052449257096,282.32095490200714,285.2864074707031,4301700
2025-03-26 00:00:00+00:00,285.0195148932718,285.711465861578,276.3603841255342,277.754150390625,5070300
2025-03-27 00:00:00+00:00,277.3093822105649,277.66522206372673,272.8315497280715,274.6108093261719,3757200
2025-03-28 00:00:00+00:00,273.5234579216889,274.0177000278076,266.0900675054756,266.861083984375,4973400
2025-03-31 00:00:00+00:00,261.5034700831015,265.3585824049523,256.205209513439,265.26959228515625,7585800
2025-04-01 00:00:00+00:00,265.7638142156749,267.7012647244166,262.7588443440063,267.0884094238281,4598200
2025-04-02 00:00:00+00:00,262.897235937865,270.47892263715283,262.689662713003,268.4129943847656,5396900
2025-04-03 00:00:00+00:00,257.1442933687838,259.54630272651195,251.51980079408338,252.2908172607422,8872600
2025-04-04 00:00:00+00:00,244.84752453156582,247.4076948976997,236.77161071751894,237.98744201660156,9705000
2025-04-07 00:00:00+00:00,227.3513539620959,250.03706213430823,227.3513539620959,241.39772033691406,11965200
2025-04-08 00:00:00+00:00,251.02554571723277,254.42594867390014,237.50308984752223,241.1802520751953,9340300
2025-04-09 00:00:00+00:00,238.12586087275656,265.0818469309636,238.12586087275656,262.11639404296875,12491100
2025-04-10 00:00:00+00:00,257.40967935489147,258.63731584963637,245.65794228927857,252.5782928466797,9692300
2025-04-11 00:00:00+00:00,251.73681062877398,253.85549003273687,245.21245276713196,252.45953369140625,6089000
2025-04-14 00:00:00+00:00,257.40969245702706,257.40969245702706,250.61803612100547,252.0139923095703,6038100
2025-04-15 00:00:00+00:00,251.83577929152105,254.16237295342697,251.27146589472542,252.39019775390625,5227700
2025-04-16 00:00:00+00:00,249.42009601430442,254.05346344365145,244.23231010008894,247.35092163085938,7190900
2025-04-17 00:00:00+00:00,247.28163428774863,249.0537945054991,244.34122213605195,244.796630859375,5566900
2025-04-21 00:00:00+00:00,238.03467342987338,240.0642530240193,230.45099879024664,233.90621948242188,9240000
2025-04-22 00:00:00+00:00,235.85658331580024,241.78691222063023,233.2527954721082,240.96517944335938,7145300
2025-04-23 00:00:00+00:00,250.0933271653285,255.2217283211393,247.0143105062503,247.9845428466797,5818900
2025-04-24 00:00:00+00:00,255.6276242320335,262.3400754261026,254.43956747358968,262.0628662109375,7857600
2025-04-25 00:00:00+00:00,262.08269671786053,266.3497554130662,261.56788815659445,265.1815185546875,5651700
2025-04-28 00:00:00+00:00,265.47850342114094,266.8150598564511,260.7065162496383,262.9935302734375,4977700
2025-04-29 00:00:00+00:00,262.75587314981203,265.90418427019887,262.52818392500603,265.0923767089844,3139800
2025-04-30 00:00:00+00:00,262.16184872030715,266.19130753303415,260.37979377607655,266.03289794921875,4624100
2025-05-01 00:00:00+00:00,270.67618751441483,271.8642443411204,266.3200295057281,266.646728515625,5208900
2025-05-02 00:00:00+00:00,271.7256287300308,273.5671138179322,269.53765475817636,272.3394470214844,4323400
2025-05-05 00:00:00+00:00,270.6464667426109,273.418589053398,269.59702971911383,269.9138488769531,4219600
2025-05-06 00:00:00+00:00,267.1318861990769,272.0622528870195,265.8646395940643,270.6365966796875,4681600
2025-05-07 00:00:00+00:00,270.9831112618373,276.01251785730346,270.9831112618373,275.4580993652344,4267600
2025-05-08 00:00:00+00:00,276.4283148701089,280.2300545974685,275.6065971789169,276.9530334472656,4789900
2025-05-09 00:00:00+00:00,278.814330761447,279.66577864567444,271.15145087112035,272.6761169433594,4324200
2025-05-12 00:00:00+00:00,282.1606163701095,286.09106546282413,280.4082613137376,285.94256591796875,5937400
2025-05-13 00:00:00+00:00,288.10087865334714,289.82353403263124,286.0514940178616,286.28912353515625,6711600
2025-05-14 00:00:00+00:00,290.57595753444326,293.1005406507739,286.37820890653796,287.84344482421875,7926200
2025-05-15 00:00:00+00:00,286.6851343385494,289.0612180323795,285.0812786005527,287.86328125,4635600
2025-05-16 00:00:00+00:00,288.1899287975655,289.2591859075245,286.8335826494932,288.24932861328125,3846000
2025-05-19 00:00:00+00:00,285.22975355625186,287.01180861947967,284.05160674645384,284.7644348144531,5781200
2025-05-20 00:00:00+00:00,285.2198549410891,285.56637405436,282.36854255486526,285.1901550292969,4032300
2025-05-21 00:00:00+00:00,281.5765273169115,284.76444880352335,278.30938592244087,279.4677429199219,5689800
2025-05-22 00:00:00+00:00,279.6855269353524,283.49717644248904,278.2301709494835,280.59637451171875,6642700
2025-05-23 00:00:00+00:00,276.2203882401683,277.9430433587101,268.9436085287679,270.40887451171875,8887800
2025-05-27 00:00:00+00:00,270.44852736238744,275.80460305916444,267.59721484246774,274.428466796875,10958000
2025-05-28 00:00:00+00:00,274.94325421681117,276.032301305734,270.85439527276606,273.2799987792969,12758600
2025-05-29 00:00:00+00:00,260.9639315353864,265.12210033265166,251.9644959917955,264.2607727050781,28053100
2025-05-30 00:00:00+00:00,265.40918894109205,267.0526545023712,258.10273896797963,262.7261962890625,12388500
2025-06-02 00:00:00+00:00,260.4886956917858,261.1619440082328,256.5582766732531,259.0135498046875,9213500
2025-06-03 00:00:00+00:00,259.3897811404899,262.1123838051324,258.75614274512765,261.8351745605469,7838500
2025-06-04 00:00:00+00:00,261.55795337698316,262.85489980640233,259.013550297099,260.5481262207031,7372500
2025-06-05 00:00:00+00:00,261.0827257866551,266.0725221976128,261.0134461385129,264.47857666015625,8642900
2025-06-06 00:00:00+00:00,267.2803687223913,272.1612453169144,265.5378934214904,271.775146484375,7507000
2025-06-09 00:00:00+00:00,270.1316871224151,271.4682435387997,266.97346567420016,269.53765869140625,5728300
2025-06-10 00:00:00+00:00,269.3594709112455,271.02272641939106,264.18156465839434,265.5478210449219,6309700
2025-06-11 00:00:00+00:00,265.8250268352924,266.82497422095787,262.76581506828785,263.2608337402344,6568100
2025-06-12 00:00:00+00:00,262.0629108242506,266.33984941296524,260.77584408123784,264.2508850097656,8054000
2025-06-13 00:00:00+00:00,260.855044329881,263.05292839201945,255.42962893151508,255.8256378173828,7659300
2025-06-16 00:00:00+00:00,257.79584733468636,261.3500778957333,257.3701082998953,261.2510681152344,7177000
2025-06-17 00:00:00+00:00,261.22137959499383,267.8051224024752,259.4888141081017,260.1422424316406,9110100
2025-06-18 00:00:00+00:00,262.5775888633263,262.85523768410314,255.30912100353595,257.32208251953125,7628000
2025-06-20 00:00:00+00:00,258.50209044825556,260.6637869405405,257.0840993762802,258.4425964355469,12859200
2025-06-23 00:00:00+00:00,258.4525082904259,262.5180734936214,256.5783562065519,261.1992492675781,9283800
2025-06-24 00:00:00+00:00,263.47993748602585,271.0855779340558,263.21221443935144,268.8941345214844,9713900
2025-06-25 00:00:00+00:00,269.71719223702866,271.7004068858303,264.73933436265986,265.5127868652344,6074300
2025-06-26 00:00:00+00:00,266.52417084493493,268.7354657024598,262.93455777308077,268.46771240234375,6708000
2025-06-27 00:00:00+00:00,269.5783698109102,271.8690107163253,267.16877112229685,271.12530517578125,21741400
2025-06-30 00:00:00+00:00,272.1565010204925,274.060400141214,268.13057824814024,270.4013671875,8541900
2025-07-01 00:00:00+00:00,269.79648597277975,271.70038519869985,268.36859938015414,269.6279296875,6256800
2025-07-02 00:00:00+00:00,269.24123325637066,269.4296410853183,263.4205025974546,266.95062255859375,6115200
2025-07-03 00:00:00+00:00,267.43648616755416,272.42426940105884,267.05967057250007,269.86590576171875,5031800
2025-07-07 00:00:00+00:00,269.23131484747046,271.70040740629304,265.95899251380695,267.53564453125,6283500
2025-07-08 00:00:00+00:00,268.5173501573424,274.4768894729093,267.4662488366685,271.35333251953125,6661200
2025-07-09 00:00:00+00:00,272.05734121638034,273.24728197998616,267.10923089292993,268.646240234375,6373600
2025-07-10 00:00:00+00:00,268.6264088959005,269.21145356581604,261.0009464124092,261.75457763671875,7244600
2025-07-11 00:00:00+00:00,260.3762112490156,260.7431313410721,255.10088382239738,255.90408325195312,7011200
2025-07-14 00:00:00+00:00,256.42962686008923,260.0291658223091,255.33885289253013,257.50054931640625,6533900
2025-07-15 00:00:00+00:00,258.80949248618043,259.6126919384973,255.07114404439156,255.41818237304688,5201500
2025-07-16 00:00:00+00:00,256.7568509258174,256.8064494438258,252.38387457280874,255.78509521484375,5649500
2025-07-17 00:00:00+00:00,255.824730929844,258.01620462225435,254.4959809179679,257.6988830566406,5837400
2025-07-18 00:00:00+00:00,258.1153877108096,260.7729184755752,256.9452982705925,260.1779479980469,6381200
2025-07-21 00:00:00+00:00,261.4074853689345,262.09169675823466,259.4441224791603,260.0787353515625,6714700
2025-07-22 00:00:00+00:00,260.7927019466809,263.6584613718957,259.8010947149445,261.37774658203125,5001400
2025-07-23 00:00:00+00:00,261.70500304753335,266.2267297611283,260.29690741429135,264.977294921875,5620700
2025-07-24 00:00:00+00:00,265.7309264123049,267.0398250065708,263.4105690379603,265.4532775878906,5877100
2025-07-25 00:00:00+00:00,265.76066615693856,268.82472889809685,264.7690589166368,266.8514099121094,4015400
2025-07-28 00:00:00+00:00,267.2381366514476,268.0710830563898,264.35255610854966,267.9818420410156,4533700
2025-07-29 00:00:00+00:00,269.32056302231416,271.7004146162973,265.06655900639174,265.1459045410156,5137100
2025-07-30 00:00:00+00:00,264.6302330134252,265.52267352339237,261.11993472867107,262.5875244140625,3928200
2025-07-31 00:00:00+00:00,262.77589833002105,262.81557108976716,255.69580865706757,256.161865234375,7340300
2025-08-01 00:00:00+00:00,252.84993562930927,253.84154286952358,248.03072383663869,248.63560485839844,7646900
2025-08-04 00:00:00+00:00,248.89341797832662,251.37243608568048,248.53643876563865,250.2023468017578,4403500
2025-08-05 00:00:00+00:00,250.88653318528316,251.16418199188794,244.9368899625091,245.41287231445312,6761000
2025-08-06 00:00:00+00:00,247.27709955536525,248.1596294185707,244.94683155422675,247.0787811279297,5834700
2025-08-07 00:00:00+00:00,248.58601709552786,250.88653798436223,234.98116478875298,238.8583526611328,10010200
2025-08-08 00:00:00+00:00,239.26490752535122,240.9109791974381,235.83395490165054,238.491455078125,8812000
2025-08-11 00:00:00+00:00,236.91482334565538,239.84006196619484,229.62651849082587,230.72718811035156,10740100
2025-08-12 00:00:00+00:00,231.04447878319624,231.70885379491153,224.579195569484,229.71572875976562,13178000
2025-08-13 00:00:00+00:00,231.0543993011561,235.35798625481127,227.68294071182618,235.04066467285156,10209200
2025-08-14 00:00:00+00:00,235.01093157534365,235.01093157534365,230.91558855880152,231.41139221191406,7544800
2025-08-15 00:00:00+00:00,234.16805511981903,242.44798203083127,232.66082293546822,240.4052734375,12942800
2025-08-18 00:00:00+00:00,237.7576618564471,242.4677960421011,237.48001305175075,241.9224090576172,8809200
2025-08-19 00:00:00+00:00,242.94377179649786,246.4143971078764,241.40677756102795,243.9353790283203,8642200
2025-08-20 00:00:00+00:00,243.63790160806272,245.4922174796425,242.3983925287271,244.38160705566406,8195100
2025-08-21 00:00:00+00:00,242.98343697487053,244.22294605314545,238.0055794106412,243.76681518554688,5646800
2025-08-22 00:00:00+00:00,243.71723270760194,247.43575995633137,242.06125038852153,246.20616149902344,6694300
2025-08-25 00:00:00+00:00,247.27709900892046,247.27709900892046,244.71875044769482,245.78968811035156,4957700
2025-08-26 00:00:00+00:00,244.62951556201295,246.74164393279872,240.8118365716835,241.69436645507812,8862300
2025-08-27 00:00:00+00:00,243.68749401475594,248.2687148996708,243.54866959796234,248.06048583984375,6506900
2025-08-28 00:00:00+00:00,250.36098574965544,253.50437880982565,248.1893635249137,252.39378356933594,8461200
2025-08-29 00:00:00+00:00,253.25650820313976,255.47772921919096,250.74774284716787,254.09938049316406,7363200
2025-09-02 00:00:00+00:00,252.6813804596232,252.8499518856104,246.66231686179464,250.73782348632812,9312500
2025-09-03 00:00:00+00:00,252.919335154295,255.8346628024953,248.4471920384133,254.2976837158203,17417900
2025-09-04 00:00:00+00:00,238.045236260856,243.16193335052378,232.65089034902573,241.9620819091797,30967500
2025-09-05 00:00:00+00:00,242.77520235564717,249.0223309930399,242.30914574244525,248.65542602539062,13029400
2025-09-08 00:00:00+00:00,248.69510709432694,250.817146053316,245.22448163882999,250.15277099609375,12602200
2025-09-09 00:00:00+00:00,249.21073936742002,253.196989586861,249.10166196555122,249.94451904296875,10901900
2025-09-10 00:00:00+00:00,250.62873430496745,251.85833275119066,239.70121809194185,240.5341796875,11363600
2025-09-11 00:00:00+00:00,241.65467947914632,245.09555778559684,241.45636105883656,244.21302795410156,6944900
2025-09-12 00:00:00+00:00,244.03454433091446,245.5120294137481,239.22524323331209,240.72256469726562,8386400
2025-09-15 00:00:00+00:00,241.20845766123387,242.65621086833335,238.81868061582657,240.48458862304688,7244600
2025-09-16 00:00:00+00:00,240.4845948654329,240.64324052631798,235.24890978807878,237.30152893066406,8779800
2025-09-17 00:00:00+00:00,238.3703397912324,241.380140328441,237.78427642154801,240.5954132080078,10124000
2025-09-18 00:00:00+00:00,242.5324313580229,245.64155644916735,241.3304905574327,242.65162658691406,9344400
2025-09-19 00:00:00+00:00,244.38002688916262,245.5521536952295,241.72782701521152,245.44288635253906,11813900
2025-09-22 00:00:00+00:00,243.6449370886138,248.81027032255375,241.53907407684787,248.02554321289062,7523800
2025-09-23 00:00:00+00:00,248.0752418629596,249.6844381137545,242.50263744375127,242.9297637939453,7669800
2025-09-24 00:00:00+00:00,244.03236557275451,247.1812325805079,241.39009345595196,244.2509002685547,6707100
2025-09-25 00:00:00+00:00,242.87014957159818,243.0290866405082,237.89355196330317,239.34381103515625,8145500
2025-09-26 00:00:00+00:00,239.0855711988149,242.89997025375462,238.74784126476882,241.8072967529297,4974600
2025-09-29 00:00:00+00:00,243.0886994915912,244.18137296250734,241.25102551516156,243.46617126464844,6373500
2025-09-30 00:00:00+00:00,243.41649224222758,243.5754293150353,234.23808090807282,235.42015075683594,10801100
2025-10-01 00:00:00+00:00,234.9135667280067,240.85369989534703,231.95342044940543,234.118896484375,10016600
2025-10-02 00:00:00+00:00,233.86059874725305,237.80413564307892,232.04281100226157,237.28761291503906,7679200
2025-10-03 00:00:00+00:00,237.15848318140038,241.19141663780366,236.91014969115807,238.75775146484375,8849800
2025-10-06 00:00:00+00:00,237.73461588037736,248.80035546815884,233.84074861837047,244.14161682128906,13922600
2025-10-07 00:00:00+00:00,244.83693705054466,245.71107573860073,235.96647254015522,238.14187622070312,8387400
2025-10-08 00:00:00+00:00,238.14188282520314,239.71135225997946,234.07913551523035,238.8272705078125,7120200
2025-10-09 00:00:00+00:00,237.67502439238638,244.3204311088745,235.56914605901795,243.6946258544922,7929100
2025-10-10 00:00:00+00:00,244.87670255962956,247.38983637358723,239.11536231325954,240.06895446777344,7988300
2025-10-13 00:00:00+00:00,241.27088966661475,247.68783384308819,240.75435175331094,247.09182739257812,8276500
2025-10-14 00:00:00+00:00,246.45607783496052,246.62494278137268,237.95314196225053,238.1716766357422,9123900
2025-10-15 00:00:00+00:00,239.26435640804658,239.71136883497303,234.3274852014847,235.00296020507812,8389200
2025-10-16 00:00:00+00:00,251.502226767664,255.02855018612635,241.05234930561232,244.3601531982422,24869700
2025-10-17 00:00:00+00:00,244.92638176253496,249.1083095871451,240.54577500406694,241.4596405029297,10851200
2025-10-20 00:00:00+00:00,243.3668228990331,253.6974901347749,242.6714921507363,252.5849609375,9963900
2025-10-21 00:00:00+00:00,252.803504151519,265.3493174789288,252.3068371492567,261.65411376953125,13354700
2025-10-22 00:00:00+00:00,260.45219504085867,260.6508436585594,254.80012197961886,254.92926025390625,9370000
2025-10-23 00:00:00+00:00,255.8828429735078,256.83643511999617,252.42602976053433,253.34983825683594,6110100
2025-10-24 00:00:00+00:00,255.70406384102688,256.77685127408165,252.3068480604129,253.13131713867188,5490800
2025-10-27 00:00:00+00:00,255.36628193866443,256.37950198225155,253.22069209738177,253.76702880859375,4942400
2025-10-28 00:00:00+00:00,253.76703478712363,257.11456547193757,252.44589876600384,252.56509399414062,6435600
2025-10-29 00:00:00+00:00,250.32014608533427,251.8796876041973,247.37987103363267,249.78375244140625,7904200
2025-10-30 00:00:00+00:00,248.8301503215196,257.5516210443747,248.33348335480997,254.93914794921875,7767800
2025-10-31 00:00:00+00:00,253.1014986048366,260.07470731869716,250.94596570863703,258.6741027832031,6878300
2025-11-03 00:00:00+00:00,258.2668364864311,259.8164350802179,253.39950601547787,259.597900390625,7054300
2025-11-04 00:00:00+00:00,256.42915700663156,257.5317734711582,251.77043344263768,252.743896484375,6792200
2025-11-05 00:00:00+00:00,253.00217497539637,255.1179661572175,250.33010400358867,250.99563598632812,5241200
2025-11-06 00:00:00+00:00,248.8698969843938,248.8698969843938,232.91695515840684,237.67503356933594,11041800
2025-11-07 00:00:00+00:00,234.57581342279897,239.36369048401153,234.21821258355044,238.2809600830078,5741500
2025-11-10 00:00:00+00:00,238.40016231598756,240.29743391211673,233.5129608073587,240.09877014160156,6486600
2025-11-11 00:00:00+00:00,240.28748850142182,244.06216073227503,239.55243104205852,242.8701629638672,5762800
2025-11-12 00:00:00+00:00,244.10190309241432,246.77395882568126,242.05562231648304,244.38003540039062,4278200
2025-11-13 00:00:00+00:00,243.61514734572077,244.26080834007698,238.31074777515673,238.8272705078125,5542100
2025-11-14 00:00:00+00:00,236.72140870347638,243.54560801776142,235.83734210358054,242.03575134277344,5512900
2025-11-17 00:00:00+00:00,240.4563629000066,241.21129126539054,234.01954782098028,235.449951171875,5280900
2025-11-18 00:00:00+00:00,234.66520653536534,236.20486195826885,228.73500192608202,231.94346618652344,8045100
2025-11-19 00:00:00+00:00,230.45347770213408,230.73160999713977,223.5597376250506,226.36094665527344,9710700
2025-11-20 00:00:00+00:00,227.72181650075206,229.52969163233666,221.8114823100099,223.86767578125,7521100
2025-11-21 00:00:00+00:00,223.3610831021723,227.15561108785266,220.4804205745986,225.59608459472656,7479300
2025-11-24 00:00:00+00:00,225.82455195092598,227.31455297750702,223.53988067875352,225.3080291748047,8563300
2025-11-25 00:00:00+00:00,225.28814473872015,233.065951449845,225.0100124430054,232.55934143066406,10233000
2025-11-26 00:00:00+00:00,228.9734038653133,231.2680180268392,224.49347319743302,226.62913513183594,8506600
2025-11-28 00:00:00+00:00,227.47347671724094,231.0097431878008,227.10594800250274,229.00320434570312,3691500
2025-12-01 00:00:00+00:00,227.14566609018732,232.6884711929492,227.07614059733578,231.27793884277344,5634700
2025-12-02 00:00:00+00:00,231.46669462111421,235.07248676074187,230.07601791667327,233.1454315185547,7626200
2025-12-03 00:00:00+00:00,233.7910747516482,237.66507102212515,231.6057431335055,237.12867736816406,13782000
2025-12-04 00:00:00+00:00,242.06555158644403,247.31035360573722,236.016151496486,245.8104248046875,20912100
2025-12-05 00:00:00+00:00,249.15796006210823,260.1343033980639,247.83682407085763,258.8330383300781,15852400
2025-12-08 00:00:00+00:00,260.13432890054503,262.51832458554105,254.63124971135136,257.79998779296875,10805400
2025-12-09 00:00:00+00:00,258.2668091334806,260.50181036636644,257.27347525219795,259.2799987792969,8045900
2025-12-10 00:00:00+00:00,259.0117983873967,264.157260395403,257.4224581829772,262.4388122558594,8894700
2025-12-11 00:00:00+00:00,261.7434937420645,266.11415702445385,259.0316811670522,260.6011657714844,7783800
2025-12-12 00:00:00+00:00,261.76337370648054,262.7269089319525,259.1707864287312,260.48199462890625,6006600
2025-12-15 00:00:00+00:00,259.468759033079,260.5316336613609,251.40289200910016,252.88296508789062,10271800
2025-12-16 00:00:00+00:00,252.3068168853155,254.15441859162476,250.42941637382975,253.21075439453125,6145300
2025-12-17 00:00:00+00:00,254.62128807905603,260.223706328179,254.5418346981557,256.41925048828125,6269000
2025-12-18 00:00:00+00:00,257.11173830886,258.7533789592764,254.86317005082404,256.54461669921875,5654200
2025-12-19 00:00:00+00:00,259.36026809551663,260.7133987167576,254.2064997708628,258.59417724609375,20732100
2025-12-22 00:00:00+00:00,259.30057460108554,263.290283203125,257.10177149732687,263.290283203125,5664200
2025-12-23 00:00:00+00:00,261.38994696336636,262.9022408344935,259.2010726049517,262.0963439941406,4745100
2025-12-24 00:00:00+00:00,261.8973621911715,264.9517966936607,261.2207817362974,263.9170837402344,2076600
2025-12-26 00:00:00+00:00,263.45939159438825,266.55366246487364,263.45939159438825,264.73291015625,2456400
2025-12-29 00:00:00+00:00,263.36984748352836,267.74756558580185,263.36984748352836,264.8821716308594,4300100
2025-12-30 00:00:00+00:00,265.3100049300543,266.9217986247408,263.98672121364575,264.5737609863281,3291800
2025-12-31 00:00:00+00:00,263.9469286938932,264.75282548967914,263.0514911833619,263.56884765625,3367900
2026-01-02 00:00:00+00:00,263.6584060515341,264.0364871145308,251.20178578649464,252.3360137939453,9680600
2026-01-05 00:00:00+00:00,252.33599739410624,258.27577438911044,251.03263193832322,254.962646484375,6421500
2026-01-06 00:00:00+00:00,253.90801598279512,262.2157339851939,253.70903154338274,261.56903076171875,6103300
2026-01-07 00:00:00+00:00,262.16597425294316,266.4740393315776,262.16597425294316,264.772705078125,5976200
2026-01-08 00:00:00+00:00,263.0614317758581,263.8573998812952,259.09164142768844,259.2110290527344,5243500
2026-01-09 00:00:00+00:00,258.68371725089617,259.7085015316362,255.2113955316752,258.6240234375,5174400
2026-01-12 00:00:00+00:00,257.68876210747294,260.23579918033846,254.47511886175104,258.08673095703125,4927700
2026-01-13 00:00:00+00:00,256.35556599825145,259.5891124457121,239.1431464877683,239.839599609375,13661000
2026-01-14 00:00:00+00:00,237.9691070776633,241.01362810825754,235.26289146414467,238.35714721679688,10149300
2026-01-15 00:00:00+00:00,235.82005408936993,237.63083216537777,230.49713321363143,232.34771728515625,11489600
2026-01-16 00:00:00+00:00,231.77065077031696,231.77065077031696,225.29361413959407,225.96022033691406,13902600
2026-01-20 00:00:00+00:00,222.40829024601106,226.7860237285318,218.24945937823261,218.95587158203125,13050800
2026-01-21 00:00:00+00:00,219.0354531203157,222.2590556230766,217.85149041771174,220.45822143554688,12616600
2026-01-22 00:00:00+00:00,221.1148825581443,227.56207234781587,219.99059849237156,226.9352569580078,9483000
2026-01-23 00:00:00+00:00,225.631887371227,229.68128960740884,225.50254065972533,226.8954620361328,9408000
2026-01-26 00:00:00+00:00,228.2684791094572,229.7807881997724,226.43779794733553,228.23863220214844,7239600
2026-01-27 00:00:00+00:00,230.76575614031773,234.5465208568135,225.12446356034792,227.37301635742188,9838400
2026-01-28 00:00:00+00:00,228.22867657571544,230.68617302822608,226.5173831306909,226.80592346191406,8465900
2026-01-29 00:00:00+00:00,215.57306934234734,216.1799817205514,207.7230144205324,212.99618530273438,18555600
2026-01-30 00:00:00+00:00,213.07578362115376,214.4587459115801,209.96162489992233,211.21524047851562,11090400
2026-02-02 00:00:00+00:00,213.2648234781596,215.79195762501485,208.73785557506747,209.74273681640625,7950900
2026-02-03 00:00:00+00:00,203.96215839054668,204.51932088198188,192.13235381115655,195.38580322265625,20194200
2026-02-04 00:00:00+00:00,192.33132733492616,199.65406648164677,186.33185662106087,198.4302978515625,23010000
2026-02-05 00:00:00+00:00,193.00790751721436,198.54970082096247,187.83422100387264,189.0082550048828,21956300
2026-02-06 00:00:00+00:00,190.6598526107087,193.614817806995,186.17267536666094,190.3812713623047,13652600
2026-02-09 00:00:00+00:00,188.34164940956356,194.21177388952142,184.78971566942653,193.04769897460938,12112000
2026-02-10 00:00:00+00:00,190.92847090617403,198.09203195316294,189.7842990292034,192.4706268310547,13393000
2026-02-11 00:00:00+00:00,192.17213318074323,192.6895048269234,180.8895478564994,184.0634002685547,16350200
2026-02-12 00:00:00+00:00,185.01855696072852,187.36660972255456,179.32751408344743,184.49122619628906,16849100
2026-02-13 00:00:00+00:00,185.4961130882416,192.47061811270197,183.36694786837012,188.75950622558594,14822900
2026-02-17 00:00:00+00:00,190.00318391536615,192.02290548914857,182.24266967276117,183.35699462890625,13692900
2026-02-18 00:00:00+00:00,182.94908565557333,187.1875133215944,180.93930794808088,186.8392791748047,9852900
2026-02-19 00:00:00+00:00,185.65532471483155,186.00354369553665,182.30237535695642,184.35194396972656,9565100
2026-02-20 00:00:00+00:00,184.38178882736634,190.75932542059104,182.79982697292309,184.22259521484375,10816200
2026-02-23 00:00:00+00:00,180.3522971382107,181.54621891828097,173.6862199497409,177.25804138183594,15498600
2026-02-24 00:00:00+00:00,176.74068088999576,187.71483930683232,175.3875654052501,184.48129272460938,15564700
2026-02-25 00:00:00+00:00,182.07353407400996,191.6249386554261,181.33727497360252,190.77923583984375,21875100
2026-02-26 00:00:00+00:00,195.76385728556096,200.02218770640036,190.36135504465778,198.46014404296875,26680500
2026-02-27 00:00:00+00:00,190.93843889578375,194.92813237973576,188.95850801668388,193.80384826660156,16346500
2026-03-02 00:00:00+00:00,191.52544101617923,194.94802794961853,189.71464774125104,191.97315979003906,9932700
2026-03-03 00:00:00+00:00,189.78429376791524,197.66419551961366,188.62021892543535,195.05746459960938,13208900
2026-03-04 00:00:00+00:00,194.11227085764915,195.47533008338826,191.12745899524472,192.1024932861328,11583700
2026-03-05 00:00:00+00:00,193.37601435449176,203.38508116961694,193.25662673651044,200.37042236328125,15860900
2026-03-06 00:00:00+00:00,199.7734673796906,201.9324948273444,196.37078340395692,201.0867919921875,9657400
2026-03-09 00:00:00+00:00,197.55475326030083,202.63888360956764,194.87836942107964,197.78358459472656,10754800
2026-03-10 00:00:00+00:00,196.2613420240266,198.55966012327272,189.6350706142157,193.92324829101562,14467400
2026-03-11 00:00:00+00:00,195.4056830590209,198.5397447176623,190.32155275999426,193.14718627929688,9580000
2026-03-12 00:00:00+00:00,193.14718190935727,203.8228548323795,192.17213242968643,198.27110290527344,26309700
2026-03-13 00:00:00+00:00,198.71882100521472,199.9823956164078,190.77922566888657,191.853759765625,14834700
2026-03-16 00:00:00+00:00,194.16202379103672,197.62441680693874,194.16202379103672,197.33587646484375,13419600
2026-03-17 00:00:00+00:00,197.2164841210229,201.35542716975343,193.4655660342646,194.3212127685547,11559300
2026-03-18 00:00:00+00:00,192.4208813209107,195.15695908891587,191.6647343849253,193.3561248779297,10525100
2026-03-19 00:00:00+00:00,194.5997914321279,199.38543762680524,192.32139159468133,194.00283813476562,9254300
2026-03-20 00:00:00+00:00,192.23184176984265,194.6793790179939,189.03808636764919,194.39085388183594,20201100
2026-03-23 00:00:00+00:00,196.09219798916334,197.04734452173435,191.0279705387624,194.19186401367188,13976200
2026-03-24 00:00:00+00:00,191.16726893579764,191.16726893579764,181.36712960098163,182.09344482421875,18631400
2026-03-25 00:00:00+00:00,184.75985899559834,186.4413055109877,178.93948472871847,181.03880310058594,12565200
2026-03-26 00:00:00+00:00,180.26275252839085,186.52091733450015,178.621111875675,184.70018005371094,10330700
2026-03-27 00:00:00+00:00,183.06846482845245,183.1779085396875,177.91469685574646,178.40220642089844,9902000
2026-03-30 00:00:00+00:00,179.18821288326532,185.44636178828011,178.67084123908901,184.09324645996094,11617700
2026-03-31 00:00:00+00:00,183.9639169002118,187.5456975682965,181.3870327098191,185.72496032714844,11041400
2026-04-01 00:00:00+00:00,185.904046779924,188.02325297618086,182.08347588248927,185.29713439941406,11677700
2026-04-02 00:00:00+00:00,184.36190410150488,186.6303601693813,180.66073574201388,186.2323760986328,11635500
2026-04-06 00:00:00+00:00,186.55074279287547,187.18750205434696,182.670493415399,184.09324645996094,14391000
2026-04-07 00:00:00+00:00,184.01366814096977,185.635420952666,181.09850886120205,182.03375244140625,12344600
2026-04-08 00:00:00+00:00,185.5558006932337,185.82443800673013,174.89007195360898,175.47708129882812,13472100
2026-04-09 00:00:00+00:00,172.72420647519016,173.84131838786436,166.6897779521393,170.41018676757812,20855400
2026-04-10 00:00:00+00:00,170.81910867689837,170.81910867689837,163.09904400673946,164.53533935546875,18109300
2026-04-13 00:00:00+00:00,166.619956593861,172.95360029090386,165.3432529892489,172.37510681152344,12390800
2026-04-14 00:00:00+00:00,174.7589572577855,177.043055331393,170.06107568452117,170.86898803710938,13123600
2026-04-15 00:00:00+00:00,173.77150333531898,179.15759592410797,172.43495657566135,177.14280700683594,14340300
2026-04-16 00:00:00+00:00,183.52632111625425,184.07490827218808,178.110307097372,180.75347900390625,11866700
2026-04-17 00:00:00+00:00,184.95263583877443,187.49607435707364,180.56396895114642,181.67111206054688,17225700
2026-04-20 00:00:00+00:00,182.03018257545776,188.5134493521179,181.65115595519515,185.7904815673828,14382300
2026-04-21 00:00:00+00:00,186.11962956244392,193.0617034585096,183.6260654751631,186.62831115722656,12073700
2026-04-22 00:00:00+00:00,187.71551415547867,190.6579169337777,186.5485279099638,189.3114013671875,14565900
2026-04-23 00:00:00+00:00,177.1028943275062,178.40951948170152,170.21067949758992,172.85386657714844,22719900
2026-04-24 00:00:00+00:00,175.1678853418476,177.99060171835484,173.95102484824358,177.70135498046875,10817600
2026-04-27 00:00:00+00:00,177.80110048089864,183.81557625727,177.0530312030464,179.71615600585938,11907000
2026-04-28 00:00:00+00:00,181.96035356599296,183.94523608351813,180.8532257080078,180.8532257080078,8711700
2026-04-29 00:00:00+00:00,178.73867491279825,181.3120349373997,176.89344657675792,180.75347900390625,6882800
2026-04-30 00:00:00+00:00,177.84099390142072,178.2299892905901,172.55463498794632,176.07554626464844,14408300
2026-05-01 00:00:00+00:00,181.72099297636592,185.56107283738152,178.28984609060575,183.3468017578125,12324400
2026-05-04 00:00:00+00:00,183.76570439500526,189.8200700827938,183.4963952122052,185.00250244140625,8444700
2026-05-05 00:00:00+00:00,185.07234103647374,186.90760066542114,180.63379973078258,186.50863647460938,9740800
2026-05-06 00:00:00+00:00,185.04241142277664,186.61834578100024,179.11770060829897,180.7235565185547,11303400
2026-05-07 00:00:00+00:00,184.124779650284,188.09452944504443,183.52631817712086,185.86029052734375,13955100
2026-05-08 00:00:00+00:00,179.2174384093688,181.40180307799002,176.424658688263,181.35194396972656,15123900
2026-05-11 00:00:00+00:00,179.44684925985885,182.03017799627492,175.85611089377323,177.0330810546875,11145000
2026-05-12 00:00:00+00:00,177.12285121084105,177.12285121084105,170.1408715639692,170.86898803710938,10214000
2026-05-13 00:00:00+00:00,169.34293028258335,169.34293028258335,164.32588034308353,165.41307067871094,11951900
2026-05-14 00:00:00+00:00,165.57265575496632,168.91403772698095,163.90695676738676,167.14859008789062,9749400
2026-05-15 00:00:00+00:00,168.81429606378455,175.5169978399782,168.56493964419258,173.06332397460938,13883400
2026-05-18 00:00:00+00:00,172.44492791304103,180.31461604297994,171.35773755745888,179.01795959472656,13671200
2026-05-19 00:00:00+00:00,184.5237517741468,186.9574728813163,178.34968434723106,178.95811462402344,17510800
2026-05-20 00:00:00+00:00,175.58680682610913,179.84581866392838,172.89376058285282,179.63636779785156,13025300
2026-05-21 00:00:00+00:00,174.9285262709738,176.8834721439062,171.54725371549097,175.8561248779297,10949100
2026-05-22 00:00:00+00:00,179.37702645340687,182.87800024900952,177.22258338219103,179.6064453125,10176700
2026-05-26 00:00:00+00:00,177.97065222996923,181.89054296636203,177.22258298908204,178.61898803710938,13617200
2026-05-27 00:00:00+00:00,177.54176834680115,183.44652645648864,176.4346252500155,177.0530242919922,18524900
2026-05-28 00:00:00+00:00,177.97065294973012,182.01022991075956,171.20810820232109,175.7164764404297,22559400
2026-05-29 00:00:00+00:00,179.77600433561167,193.64021475971825,179.55656947541652,190.60804748535156,33998900
2026-06-01 00:00:00+00:00,198.23835028616782,210.79593571576444,197.69974712536995,209.0604248046875,27594800
2026-06-02 00:00:00+00:00,200.50251206369967,203.86383169496713,195.25604330898832,200.32296752929688,19216600
2026-06-03 00:00:00+00:00,196.76216711815474,197.1711000779736,189.24156900766266,190.1193084716797,14154400
2026-06-04 00:00:00+00:00,197.30077344378492,197.58005141962244,185.63089590640553,188.26409912109375,14453600
2026-06-05 00:00:00+00:00,189.311394256529,192.01440928569218,184.35418748403288,185.1820526123047,13183900
2026-06-08 00:00:00+00:00,183.4365624142317,184.54370553959797,181.24222893877382,182.08006286621094,11177800
2026-06-09 00:00:00+00:00,179.03791597928875,181.99030279452822,171.1183533610167,174.8986053466797,15427800
2026-06-10 00:00:00+00:00,170.16082742346865,175.07812872997366,169.59228747941,170.47999572753906,10820500
2026-06-11 00:00:00+00:00,168.27000427246094,168.97999572753906,163.30999755859375,166.4499969482422,16666000
2026-06-12 00:00:00+00:00,164.74000549316406,166.5399932861328,161.39999389648438,165.88999938964844,13589400
2026-06-15 00:00:00+00:00,166.02999877929688,169.9499969482422,164.1699981689453,164.5500030517578,13541800
2026-06-16 00:00:00+00:00,164.05999755859375,166.3000030517578,160.5,161.7100067138672,16385300
2026-06-17 00:00:00+00:00,160.25,161.42999267578125,154.22999572753906,155.02000427246094,19986200
2026-06-18 00:00:00+00:00,152.72999572753906,154.47000122070312,149.8000030517578,151.77999877929688,57940800
2026-06-22 00:00:00+00:00,150.16000366210938,153.8699951171875,146.32000732421875,150.1199951171875,20502800
2026-06-23 00:00:00+00:00,151.64999389648438,155.17999267578125,150.85000610351562,153.4199981689453,20720700
2026-06-24 00:00:00+00:00,151.80999755859375,157.05999755859375,150.39999389648438,152.75999450683594,13146800
2026-06-25 00:00:00+00:00,150.00999450683594,154.0,148.77999877929688,150.19000244140625,11324700
2026-06-26 00:00:00+00:00,151.49000549316406,158.4600067138672,151.49000549316406,158.3699951171875,21267900
2026-06-29 00:00:00+00:00,160.27000427246094,161.75999450683594,157.6999969482422,157.92999267578125,12664100
2026-06-30 00:00:00+00:00,155.08999633789062,157.69000244140625,154.07000732421875,156.66000366210938,13690500
2026-07-01 00:00:00+00:00,162.22000122070312,165.80999755859375,161.1999969482422,163.22999572753906,14164600
2026-07-02 00:00:00+00:00,163.0,167.2100067138672,162.0,166.11000061035156,10486300
2026-07-06 00:00:00+00:00,163.99000549316406,167.72000122070312,162.3699951171875,165.64999389648438,10595500
2026-07-07 00:00:00+00:00,169.22000122070312,172.3800048828125,167.67999267578125,169.52000427246094,13057900
2026-07-08 00:00:00+00:00,167.3699951171875,167.52999877929688,164.77999877929688,166.5800018310547,9792400
2026-07-09 00:00:00+00:00,158.3300018310547,163.8000030517578,156.47999572753906,162.5,13858600
2026-07-10 00:00:00+00:00,165.60000610351562,166.3000030517578,162.4199981689453,163.32000732421875,8321500
2026-07-13 00:00:00+00:00,165.9199981689453,172.75999450683594,165.9199981689453,171.22000122070312,14020700
2026-07-14 00:00:00+00:00,162.49000549316406,171.35000610351562,161.47000122070312,167.55999755859375,13507900
2026-07-15 00:00:00+00:00,170.52000427246094,172.8000030517578,166.55999755859375,167.0,13328100
2026-07-16 00:00:00+00:00,170.83999633789062,174.5399932861328,166.8800048828125,172.67999267578125,12057500
2026-07-17 00:00:00+00:00,171.5,175.42999267578125,169.75,170.77000427246094,10191500
2026-07-20 00:00:00+00:00,167.86000061035156,175.38999938964844,166.5,173.7899932861328,13426500
2026-07-21 00:00:00+00:00,167.05999755859375,172.42999267578125,166.92999267578125,170.05999755859375,12831800
2026-07-22 00:00:00+00:00,169.47000122070312,169.57000732421875,162.2100067138672,163.0,12187800
2026-07-23 00:00:00+00:00,165.0500030517578,165.86000061035156,155.14500427246094,156.53500366210938,7209691
