date,open,high,low,close,volume
2018-01-02 00:00:00+00:00,57.390400097456784,57.96381637180112,57.09550172772553,57.94742965698242,3086500
2018-01-03 00:00:00+00:00,57.93108669091042,58.5372642878725,57.52150605112706,58.479923248291016,3308800
2018-01-04 00:00:00+00:00,58.57001815943226,58.82395609840031,58.332460692457595,58.561824798583984,2806400
2018-01-05 00:00:00+00:00,58.782996502667146,59.36460007648284,58.324262082000644,59.33183288574219,3118800
2018-01-08 00:00:00+00:00,59.331834778135395,59.331834778135395,58.71746399398366,59.14342498779297,2334700
2018-01-09 00:00:00+00:00,59.32363695538489,59.462892822722324,58.88948263386093,59.241722106933594,3367600
2018-01-10 00:00:00+00:00,58.766589984229874,59.552983547965006,58.73382280452835,59.46287536621094,2411300
2018-01-11 00:00:00+00:00,59.700450373145344,60.535998078185834,59.356404259165075,60.51961135864258,2917300
2018-01-12 00:00:00+00:00,60.617918578230245,60.986538556189664,60.49504316900946,60.54419708251953,3500400
2018-01-16 00:00:00+00:00,60.11821292905692,60.51959998661063,59.06968806459757,59.65948486328125,3899900
2018-01-17 00:00:00+00:00,59.8397138901275,60.437697923694245,59.70864512952507,59.85609436035156,3276100
2018-01-18 00:00:00+00:00,60.19194228849846,60.57694264004433,59.79874232879669,60.167362213134766,2356200
2018-01-19 00:00:00+00:00,60.31482020186957,60.454082317075844,59.70044947202003,59.91343307495117,3538100
2018-01-22 00:00:00+00:00,59.74961794227755,60.02812974116401,59.26630960049302,60.011749267578125,3521500
2018-01-23 00:00:00+00:00,60.077266755886285,60.49504062982034,59.80694836659029,59.897056579589844,3205600
2018-01-24 00:00:00+00:00,60.24110608046695,60.37216860234943,59.11066604920565,59.49566650390625,3284300
2018-01-25 00:00:00+00:00,59.86427906880524,59.96257437534906,58.80756077554807,59.53661346435547,3293700
2018-01-26 00:00:00+00:00,59.716849378735205,60.65888595581055,59.536632924896004,60.65888595581055,3587500
2018-01-29 00:00:00+00:00,60.347583724508404,60.5114196590029,59.72502592253493,59.79055404663086,2136400
2018-01-30 00:00:00+00:00,59.331837756520535,59.72503782798504,59.053319737211694,59.36460494995117,2311600
2018-01-31 00:00:00+00:00,59.757797618230235,60.0035484393648,59.00417093298195,59.168006896972656,5458100
2018-02-01 00:00:00+00:00,58.51267168010325,59.88066907823276,57.12010045142212,59.454708099365234,3022200
2018-02-02 00:00:00+00:00,58.86491167758521,59.258105469224766,57.75904554525783,57.80819320678711,4853000
2018-02-05 00:00:00+00:00,57.35765083349374,58.50447749069942,55.88316477397429,56.06338119506836,4426300
2018-02-06 00:00:00+00:00,54.63802783393103,58.47170097690616,54.0646177216127,56.726890563964844,7320400
2018-02-07 00:00:00+00:00,56.85796409558674,57.76722699326413,56.30093440394621,56.48933792114258,4045300
2018-02-08 00:00:00+00:00,56.48934219717192,56.62041095792735,54.35952483251622,54.39229202270508,4350200
2018-02-09 00:00:00+00:00,55.293358753970864,57.152851179976494,54.39228304643903,56.57944107055664,5979300
2018-02-12 00:00:00+00:00,57.1036929595126,58.20955867998989,56.964437137239976,57.59518814086914,5187900
2018-02-13 00:00:00+00:00,57.25115502162764,57.76722414072358,56.84976792899746,57.65254211425781,3542100
2018-02-14 00:00:00+00:00,57.9228723361072,58.905869265157634,57.12009807290344,58.41436767578125,5000200
2018-02-15 00:00:00+00:00,59.325739962047614,59.87008519834266,58.22054426381332,58.97108840942383,4089400
2018-02-16 00:00:00+00:00,58.872108480607324,60.51340609588496,58.83087373639103,60.199989318847656,4783800
2018-02-20 00:00:00+00:00,59.729874860759026,60.340209528261376,58.46797707098935,58.61643600463867,3897200
2018-02-21 00:00:00+00:00,58.657688674969236,59.853603555241556,58.59170551526444,59.226776123046875,4368200
2018-02-22 00:00:00+00:00,59.43294146283951,59.84532658271488,59.004063706868045,59.45768356323242,2534700
2018-02-23 00:00:00+00:00,59.77935672947408,59.83709040130139,58.7731359126282,59.5401725769043,1901600
2018-02-26 00:00:00+00:00,60.08452632290839,60.719603096367294,59.614407415769605,60.64537048339844,3880800
2018-02-27 00:00:00+00:00,60.60412930579957,61.38765863706153,60.28246307373047,60.28246307373047,3454800
2018-02-28 00:00:00+00:00,60.546408243045974,60.554651417829916,58.59169980177993,58.608192443847656,4858800
2018-03-01 00:00:00+00:00,58.52571616344928,58.97934247279984,57.18134246232819,57.387535095214844,4605600
2018-03-02 00:00:00+00:00,56.999877366117175,57.420511991567324,56.44728276145607,57.20606994628906,3893700
2018-03-05 00:00:00+00:00,57.02463832498603,58.162819478592105,56.88442883430634,57.85765838623047,3935500
2018-03-06 00:00:00+00:00,58.23704176102553,58.23704176102553,57.49474710029,58.12157440185547,2480600
2018-03-07 00:00:00+00:00,57.461773266421496,58.212317625227726,57.13186372730338,57.395790100097656,3511700
2018-03-08 00:00:00+00:00,57.69269672228823,57.964872510529155,57.090617752239964,57.90713882446289,3190700
2018-03-09 00:00:00+00:00,58.88861669593178,59.63915460097566,58.278288269824706,59.606163024902344,3389700
2018-03-12 00:00:00+00:00,59.63915080738547,59.77936656990301,58.57519614357208,58.90510559082031,2250800
2018-03-13 00:00:00+00:00,59.06180447595461,59.35047283608914,58.47621829039649,58.74839401245117,3549300
2018-03-14 00:00:00+00:00,59.16902390054144,59.16902390054144,58.21229355445789,58.34425354003906,3885300
2018-03-15 00:00:00+00:00,58.41026653186532,58.73192663345799,57.98138849390899,58.50099182128906,3015200
2018-03-16 00:00:00+00:00,58.65767789712021,59.69688415527344,58.37725266615079,59.69688415527344,9730900
2018-03-19 00:00:00+00:00,59.276259309114046,59.276259309114046,57.75042881899832,58.336021423339844,3945200
2018-03-20 00:00:00+00:00,58.64118487709019,59.07831226201823,58.138074337927755,58.187564849853516,2285300
2018-03-21 00:00:00+00:00,58.31127592608457,59.24327068370444,58.07209800169538,58.68242645263672,2068500
2018-03-22 00:00:00+00:00,57.964868539644385,58.014352755025605,56.66997913300746,56.71946334838867,3153800
2018-03-23 00:00:00+00:00,56.91741793596707,56.96690215581794,55.449327350391485,55.55654525756836,2836200
2018-03-26 00:00:00+00:00,56.447299218076225,57.4617634844794,55.91944656234611,57.329803466796875,3321800
2018-03-27 00:00:00+00:00,57.43701987872126,57.64321251363697,55.60602827386974,56.01841354370117,2840800
2018-03-28 00:00:00+00:00,56.208110856731246,56.41430348181647,55.218382480822456,55.507057189941406,2668700
2018-03-29 00:00:00+00:00,55.78748128491212,56.76071081677487,55.622529686630344,56.33183288574219,1890800
2018-04-02 00:00:00+00:00,56.12562619238779,56.17511040098551,53.725541395421544,54.66577911376953,3740000
2018-04-03 00:00:00+00:00,55.08641961449134,55.99366585929035,54.69877649264559,55.96067428588867,5067100
2018-04-04 00:00:00+00:00,54.98744432843173,56.40605050760966,54.67403382308976,56.19160842895508,3791900
2018-04-05 00:00:00+00:00,56.51325770044451,56.71945027366818,55.97716204406134,56.42253875732422,2930400
2018-04-06 00:00:00+00:00,55.91944532380724,56.216363222641604,53.72555265936442,54.69053268432617,4475600
2018-04-09 00:00:00+00:00,54.970954031408354,55.606024535553914,54.50907828134852,54.59156036376953,2321400
2018-04-10 00:00:00+00:00,55.28436162592406,56.034905747260204,55.28436162592406,55.72148895263672,2430300
2018-04-11 00:00:00+00:00,55.185390213298646,56.010160609246924,55.003939719390225,55.325599670410156,2736700
2018-04-12 00:00:00+00:00,55.54829022689409,56.587502787184356,55.49055654535015,56.24934387207031,3195100
2018-04-13 00:00:00+00:00,56.752465249806626,57.065882117583854,56.24111148448682,56.43080520629883,3226300
2018-04-16 00:00:00+00:00,56.98339140057336,57.04113137695654,56.529771396488016,56.75245666503906,2517300
2018-04-17 00:00:00+00:00,57.28854956207144,57.47000005159188,56.95039698000946,57.23081588745117,3914800
2018-04-18 00:00:00+00:00,57.60196264084441,58.82262562115103,57.222569005850175,58.24528884887695,3057600
2018-04-19 00:00:00+00:00,58.187564916747434,58.49272599355749,57.80816492571342,58.28653335571289,2292000
2018-04-20 00:00:00+00:00,58.33602897991012,58.344272155546335,57.32155834411266,57.898895263671875,3962600
2018-04-23 00:00:00+00:00,58.06384014490075,58.65767586758425,57.535987567515214,57.65145492553711,2809200
2018-04-24 00:00:00+00:00,58.79789514730539,58.79789514730539,55.094677021128525,56.33183288574219,4130000
2018-04-25 00:00:00+00:00,56.10913869262342,56.94215869789274,55.37509341721278,56.66998291015625,2380300
2018-04-26 00:00:00+00:00,56.66172107282021,56.80193681596721,55.30085501623379,55.66374969482422,3411400
2018-04-27 00:00:00+00:00,55.54829661423534,56.018415587293454,55.17715237484739,55.93593978881836,4801000
2018-04-30 00:00:00+00:00,56.0761350109299,56.20810128892077,54.690520554518194,54.77300262451172,4419100
2018-05-01 00:00:00+00:00,54.797748258711124,56.95864271378445,54.31937990892433,56.89266586303711,7483800
2018-05-02 00:00:00+00:00,56.81018745946307,56.85142849978215,55.6802559477119,55.75448226928711,4454600
2018-05-03 00:00:00+00:00,55.68026595260827,55.94419229757581,54.87198798161371,55.60603332519531,3486500
2018-05-04 00:00:00+00:00,55.2183913688461,56.70298102542098,55.06168922745805,56.43080520629883,2476300
2018-05-07 00:00:00+00:00,56.62049506360795,57.65145817003744,56.579254022350995,57.15659713745117,3219100
2018-05-08 00:00:00+00:00,57.17307926428412,57.61845599945649,56.91740247450856,57.535980224609375,3768800
2018-05-09 00:00:00+00:00,57.82465507574918,59.33398646567221,57.56897825726458,59.32573699951172,3831400
2018-05-10 00:00:00+00:00,59.74508110992086,59.83642225886243,59.30498630241129,59.76169204711914,2353600
2018-05-11 00:00:00+00:00,59.76168051039956,60.26820629848711,59.44613611670987,59.786590576171875,2687300
2018-05-14 00:00:00+00:00,60.03571533053437,60.39277445672965,59.68695533769933,59.919464111328125,3086900
2018-05-15 00:00:00+00:00,59.529161280864315,59.877914773476455,59.30495808188986,59.64541244506836,2036700
2018-05-16 00:00:00+00:00,59.728470625483446,60.176870857430735,59.51257280968312,59.74507522583008,1598400
2018-05-17 00:00:00+00:00,59.82810287865786,60.76641778589701,59.46273840653697,60.592041015625,2717500
2018-05-18 00:00:00+00:00,60.49239985489739,60.92419542160748,60.44257972612883,60.73320770263672,1848200
2018-05-21 00:00:00+00:00,61.115179559283845,61.73795653781299,61.032143895856294,61.51375961303711,2234500
2018-05-22 00:00:00+00:00,61.513773210358615,61.7462756534353,60.74983480161625,60.83287048339844,2002700
2018-05-23 00:00:00+00:00,60.47579648954474,60.8411546666515,60.12704291062765,60.62526321411133,1922200
2018-05-24 00:00:00+00:00,60.558840304740656,60.924204866256034,59.83641664953044,60.82455825805664,2419400
2018-05-25 00:00:00+00:00,60.492426463938294,60.50073193412466,59.77000893816243,60.1934928894043,2888500
2018-05-29 00:00:00+00:00,59.595624590895696,59.63714560580918,58.350070166100004,58.765254974365234,2756600
2018-05-30 00:00:00+00:00,59.105681870316296,59.70354872778558,58.79844297544612,59.49595642089844,2145300
2018-05-31 00:00:00+00:00,59.68693369659417,59.728454689205975,58.5576311178643,58.82334899902344,2782800
2018-06-01 00:00:00+00:00,59.41293262555242,59.662039642416566,58.97283152551592,59.263465881347656,3483100
2018-06-04 00:00:00+00:00,59.537465537630126,59.92774005187391,59.080766306130215,59.37969970703125,1921800
2018-06-05 00:00:00+00:00,59.670336569738744,60.65847803361862,59.64542650513922,60.342933654785156,4009300
2018-06-06 00:00:00+00:00,60.475792299013,60.91588697551514,60.251589060091334,60.85776138305664,2854400
2018-06-07 00:00:00+00:00,60.98231611186655,61.35597971800511,60.45917946101549,60.924190521240234,1879500
2018-06-08 00:00:00+00:00,60.7664414439196,60.86608806653338,60.31804114498253,60.74153137207031,2270100
2018-06-11 00:00:00+00:00,60.783034500796255,61.181614580323064,60.55883756152304,60.76642990112305,1782100
2018-06-12 00:00:00+00:00,60.96573580723381,60.96573580723381,60.61698208827401,60.791358947753906,1582600
2018-06-13 00:00:00+00:00,60.75811243039676,60.92419007039597,60.318017771023655,60.434268951416016,2260200
2018-06-14 00:00:00+00:00,60.75812102949501,60.95741422570005,60.07721844716552,60.5339241027832,2461900
2018-06-15 00:00:00+00:00,60.47580974440736,60.69170124426582,59.230255545094806,60.01910400390625,4378100
2018-06-18 00:00:00+00:00,59.44614159143559,60.052314033653325,59.24685471168848,59.90284729003906,2014100
2018-06-19 00:00:00+00:00,58.88150813041111,59.13892066494888,57.7937197064397,58.59087371826172,3445600
2018-06-20 00:00:00+00:00,58.947919756423445,58.947919756423445,58.20058605696372,58.44969940185547,1630400
2018-06-21 00:00:00+00:00,58.183975220843195,58.40817213904365,57.25395934617181,57.461551666259766,3272800
2018-06-22 00:00:00+00:00,58.732028166723325,58.732028166723325,57.88504786392257,58.01791000366211,4015000
2018-06-25 00:00:00+00:00,57.660863318039354,57.943185922856195,56.77236815697332,57.4200553894043,4148900
2018-06-26 00:00:00+00:00,57.594421778211924,57.98469640772815,57.16262614483476,57.25396728515625,3007300
2018-06-27 00:00:00+00:00,57.552886169218375,58.22548951682859,56.91350468443882,56.921810150146484,2782800
2018-06-28 00:00:00+00:00,56.86369754584803,57.21245116264087,56.19109404464405,56.95503234863281,1978000
2018-06-29 00:00:00+00:00,57.37852762589564,58.150771466430676,57.19584533358601,57.4117431640625,4025700
2018-07-02 00:00:00+00:00,56.88029753429052,57.76879243944675,56.78065093676471,57.66084671020508,2514800
2018-07-03 00:00:00+00:00,58.24209648290563,58.499508913390294,56.94672252922231,57.104488372802734,1839500
2018-07-05 00:00:00+00:00,57.50308334016171,57.586119016569995,56.99655747829029,57.4449577331543,2559100
2018-07-06 00:00:00+00:00,57.47817592213253,57.760498501986994,56.97995550548468,57.52799606323242,2298700
2018-07-09 00:00:00+00:00,57.76878293995202,58.96451657277518,57.68574728994241,58.82334899902344,2234600
2018-07-10 00:00:00+00:00,58.82336126962837,59.19703127544051,58.582559734933305,58.94791793823242,2671800
2018-07-11 00:00:00+00:00,58.3749603194649,58.41647498048792,57.13770558598787,57.35360336303711,3253900
2018-07-12 00:00:00+00:00,58.39989207237675,58.41649667590987,57.66086367842327,58.316856384277344,2226000
2018-07-13 00:00:00+00:00,58.30025528767407,58.831691383486685,58.15909396055278,58.60749435424805,1552600
2018-07-16 00:00:00+00:00,58.665596645485735,58.798452448987575,57.44495267068621,57.55289840698242,2727500
2018-07-17 00:00:00+00:00,57.43664628813441,57.826920895379324,56.97994694780458,57.69406509399414,2646500
2018-07-18 00:00:00+00:00,57.74387063882096,58.16736067322271,57.24565042287325,57.86842727661133,2902200
2018-07-19 00:00:00+00:00,57.58611164788178,58.391570909929726,57.48647138302815,57.959781646728516,2490500
2018-07-20 00:00:00+00:00,57.51969059464366,58.02621647988027,57.44496038299383,57.52799606323242,2232900
2018-07-23 00:00:00+00:00,57.461549542572655,57.494765072784915,56.307336792358676,56.3737678527832,2832100
2018-07-24 00:00:00+00:00,56.813879515944805,57.511393188371585,56.75575390451062,57.18754959106445,3076300
2018-07-25 00:00:00+00:00,57.129422763111855,58.35836604589879,57.046380746931455,58.291934967041016,2767300
2018-07-26 00:00:00+00:00,58.449714396764364,59.53749652240995,58.449714396764364,59.17213821411133,2755500
2018-07-27 00:00:00+00:00,59.33820959650005,59.495981844421344,58.8981147314745,59.17213821411133,1752700
2018-07-30 00:00:00+00:00,59.34648996145068,59.76998004317958,58.49121066703615,58.565940856933594,1812000
2018-07-31 00:00:00+00:00,58.823369945296996,60.193480831584054,58.71542419536776,60.01910400390625,3021500
2018-08-01 00:00:00+00:00,59.76998123686339,59.81980136445665,58.62406762050152,59.20532989501953,2611100
2018-08-02 00:00:00+00:00,58.81505706475662,59.23024170081695,58.3002258353645,59.188720703125,2852200
2018-08-03 00:00:00+00:00,59.346499525166145,59.80319887474823,59.23854745318736,59.35480499267578,3682600
2018-08-06 00:00:00+00:00,59.213631477063714,59.61221151995132,59.08908115292527,59.47105026245117,2640300
2018-08-07 00:00:00+00:00,60.87438042610535,62.27770677947188,59.877939651720176,61.995384216308594,4945400
2018-08-08 00:00:00+00:00,61.92063208469272,62.48528340407835,61.455627351744916,61.48053741455078,3590200
2018-08-09 00:00:00+00:00,61.68812884533946,61.82098462349565,61.372590828906034,61.48884201049805,2071000
2018-08-10 00:00:00+00:00,61.31447808280085,61.83761489882264,61.040460974883416,61.33108901977539,3101100
2018-08-13 00:00:00+00:00,61.44731375707134,61.71303161720689,60.9075725718922,60.99060821533203,2882500
2018-08-14 00:00:00+00:00,61.28126348065944,62.13654293823049,61.156706805188314,61.64662170410156,2933800
2018-08-15 00:00:00+00:00,61.22313400219477,61.22313400219477,60.127046730804736,61.081966400146484,2851400
2018-08-16 00:00:00+00:00,61.303479490387254,62.080848695203294,61.09450934261157,61.82172775268555,2056400
2018-08-17 00:00:00+00:00,61.896955386958545,62.74955071590945,61.504090520101705,62.57401657104492,2862500
2018-08-20 00:00:00+00:00,62.799715200959945,63.25945214056802,62.70776781303833,63.14242935180664,2697900
2018-08-21 00:00:00+00:00,63.468404001461906,64.17890112169523,63.20928309787679,64.0284423828125,2526100
2018-08-22 00:00:00+00:00,63.602134505641395,63.760953817197894,62.69938854973054,62.824771881103516,2501400
2018-08-23 00:00:00+00:00,62.749566802259935,63.23437916127355,62.691055405638565,63.16750717163086,1608700
2018-08-24 00:00:00+00:00,63.4015344893392,63.5269178394748,63.04210562015695,63.251075744628906,2499200
2018-08-27 00:00:00+00:00,63.493484229605926,64.19562719027546,63.451694029505404,64.07024383544922,2093000
2018-08-28 00:00:00+00:00,64.21233483314653,64.36279356670461,63.72752264976362,63.96992874145508,2423000
2018-08-29 00:00:00+00:00,64.13712916982473,64.27922735884161,63.74426421891388,64.19564056396484,1576500
2018-08-30 00:00:00+00:00,64.05352766694362,64.27085840716833,63.593797166281654,63.827842712402344,1543200
2018-08-31 00:00:00+00:00,63.71919037544291,64.25415352844489,63.71082978257181,64.13713073730469,1967700
2018-09-04 00:00:00+00:00,64.11202739626576,64.11202739626576,63.28450754372825,63.86126708984375,2021100
2018-09-05 00:00:00+00:00,63.70245439709976,64.86432782309113,63.61886761959018,64.58848571777344,4056400
2018-09-06 00:00:00+00:00,64.52996194903483,64.56339792907298,63.45168188479506,63.70244216918945,3288600
2018-09-07 00:00:00+00:00,63.518572055660094,63.71918801354742,63.108992301851416,63.35139846801758,2038700
2018-09-10 00:00:00+00:00,63.7693418829485,64.06189886403246,63.526935705117836,63.752620697021484,2269000
2018-09-11 00:00:00+00:00,63.60214687863563,64.0618837240188,63.3597471353562,63.7108154296875,1479400
2018-09-12 00:00:00+00:00,63.694095695432516,64.58013341964974,63.55199753172516,64.45475006103516,2113100
2018-09-13 00:00:00+00:00,64.67206806502189,65.19867041486636,64.46309796753833,64.98970031738281,2482500
2018-09-14 00:00:00+00:00,64.98972026668837,65.12346423121743,64.6470061405301,64.8141860961914,1829400
2018-09-17 00:00:00+00:00,64.78908440314032,65.19030337937022,64.68877647045252,65.00640869140625,1518800
2018-09-18 00:00:00+00:00,65.1903224164278,65.70857065409739,64.84761470653885,65.54139709472656,2335300
2018-09-19 00:00:00+00:00,65.29900279294274,65.48289119064147,64.52163348431496,64.70552825927734,2744100
2018-09-20 00:00:00+00:00,65.14017555498813,65.5414010498578,64.73059584572952,65.51631927490234,2596400
2018-09-21 00:00:00+00:00,65.67513759772741,65.82559635878086,64.96464037279948,65.20704650878906,3093200
2018-09-24 00:00:00+00:00,65.09836991956266,65.12345169102952,64.31264659967485,64.76402282714844,1962300
2018-09-25 00:00:00+00:00,65.00642878355191,65.22375951625092,64.40460013319426,64.53833770751953,2673500
2018-09-26 00:00:00+00:00,64.58013146841687,64.7138690369058,63.87798850774734,64.07024383544922,1874700
2018-09-27 00:00:00+00:00,64.41295607092974,64.58849022913923,63.92815017660665,64.18727111816406,1541000
2018-09-28 00:00:00+00:00,64.22071180045717,64.6386521250043,63.86128286625609,64.0117416381836,2034200
2018-10-01 00:00:00+00:00,64.46310345014834,65.14016458285572,64.17890077722332,64.89775848388672,3218000
2018-10-02 00:00:00+00:00,64.73892815898607,65.44943153198132,64.4714467119827,65.0816421508789,4086500
2018-10-03 00:00:00+00:00,65.2154213896207,65.69187322106563,65.11511976864165,65.63336181640625,2593600
2018-10-04 00:00:00+00:00,65.67515870200948,66.61970177492933,64.91451043805533,65.33245086669922,3271600
2018-10-05 00:00:00+00:00,65.41602028540107,65.74201322289328,64.75567381843237,65.24884033203125,4116300
2018-10-08 00:00:00+00:00,64.76401356393065,65.27389472011245,64.30427681172439,65.11508178710938,2712100
2018-10-09 00:00:00+00:00,65.00642872912833,65.11509728401816,63.30959220266894,63.51020812988281,3638500
2018-10-10 00:00:00+00:00,63.47677805303361,63.51856825881442,61.26169307422806,61.31184387207031,4197300
2018-10-11 00:00:00+00:00,61.1028685771437,61.52080886341317,59.36423545571967,59.51469421386719,4347100
2018-10-12 00:00:00+00:00,60.80194163612481,60.86881360210534,59.51468498867706,60.116519927978516,3600900
2018-10-15 00:00:00+00:00,59.96607085470746,60.367296337973244,59.69858932495117,59.69858932495117,2559100
2018-10-16 00:00:00+00:00,60.32549731695903,61.570963918880054,60.1416025769566,61.495731353759766,3476200
2018-10-17 00:00:00+00:00,61.412132732991786,62.114269193324795,60.77686185655153,61.85514831542969,3635300
2018-10-18 00:00:00+00:00,61.56260800692909,62.07249568759485,60.12489234192154,60.55119323730469,3092500
2018-10-19 00:00:00+00:00,60.65149044394728,61.328558023492704,60.13324858630353,60.40908432006836,3182100
2018-10-22 00:00:00+00:00,60.726740728442735,60.77689153516728,59.74040114018591,59.949371337890625,2686800
2018-10-23 00:00:00+00:00,58.31103463550286,58.34447062603238,56.88167952099696,57.65068817138672,5546200
2018-10-24 00:00:00+00:00,57.617237173037076,57.8262072764679,55.01764857617672,55.17646789550781,5158200
2018-10-25 00:00:00+00:00,55.88696449318431,56.54731077964282,55.57768644694078,56.08757400512695,3657700
2018-10-26 00:00:00+00:00,55.36038708852226,56.288208890978666,54.80034211694421,55.37710189819336,3507500
2018-10-29 00:00:00+00:00,56.3383579662578,57.11572723800188,54.708386846916554,55.443965911865234,3496900
2018-10-30 00:00:00+00:00,55.393796460475734,56.77300052436448,55.3102096881441,56.681053161621094,2895200
2018-10-31 00:00:00+00:00,57.349766237855896,58.11041423799159,56.69778041566455,56.73957061767578,3606500
2018-11-01 00:00:00+00:00,57.165869406618796,58.72896830638728,57.040486050635245,58.46984100341797,3935400
2018-11-02 00:00:00+00:00,59.07166703342707,59.314073117554415,57.742620242853974,58.19399642944336,4625500
2018-11-05 00:00:00+00:00,58.43641988034999,59.330811929602355,58.277600514555495,58.804203033447266,4503900
2018-11-06 00:00:00+00:00,56.43029091351332,59.34751189571149,56.154448834722835,58.954647064208984,4589900
2018-11-07 00:00:00+00:00,59.414395582258116,59.49798236821761,57.32469404695581,58.40298080444336,6514300
2018-11-08 00:00:00+00:00,57.65904173417052,58.72896779162914,57.65904173417052,58.31102752685547,5343400
2018-11-09 00:00:00+00:00,57.54203057308158,58.11879035941303,56.747946372789464,57.249473571777344,4236000
2018-11-12 00:00:00+00:00,57.216027218078125,57.500229951661176,55.89534065449874,56.01236343383789,4731200
2018-11-13 00:00:00+00:00,56.24641004444811,57.49187043485798,55.56098816238714,55.80339431762695,4877800
2018-11-14 00:00:00+00:00,56.44701820469292,57.66740316529992,55.86190431168379,56.338356018066406,4789700
2018-11-15 00:00:00+00:00,56.102576717746906,58.29178650165716,55.849980036193756,57.938140869140625,4314800
2018-11-16 00:00:00+00:00,57.651859686128134,59.201139791339884,57.58449800573717,58.62016296386719,4732700
2018-11-19 00:00:00+00:00,58.34231483837175,58.384411080736534,57.003528421458554,57.64345169067383,6012200
2018-11-20 00:00:00+00:00,57.20562290602772,57.348761716712744,56.16995752949826,56.50675964355469,3350700
2018-11-21 00:00:00+00:00,56.767770660263125,57.15509079138859,56.52358932073432,56.6498908996582,3089200
2018-11-23 00:00:00+00:00,55.98470526371434,56.127850470797654,55.277426741976996,55.41214370727539,1888800
2018-11-26 00:00:00+00:00,55.80788183130352,56.49832309432824,55.43739896003414,56.09416580200195,3213700
2018-11-27 00:00:00+00:00,55.993120457795676,56.47306123333251,55.52160149908273,56.20362091064453,2156900
2018-11-28 00:00:00+00:00,56.414129298007154,57.31507110595703,55.757368820581156,57.31507110595703,2258200
2018-11-29 00:00:00+00:00,57.04563683459795,57.20561927400973,56.39729810597469,56.69199752807617,3108900
2018-11-30 00:00:00+00:00,56.54044163997591,56.9614426850629,55.9257772876038,56.85197830200195,3467100
2018-12-03 00:00:00+00:00,58.41809331694607,58.89803417426906,57.59293499858415,57.980255126953125,5009600
2018-12-04 00:00:00+00:00,57.81186324606022,58.258123300167945,55.21849541679497,55.277435302734375,6547400
2018-12-06 00:00:00+00:00,54.039687786672175,54.17440476414029,52.23780404827424,53.711307525634766,8001900
2018-12-07 00:00:00+00:00,53.79550132722719,54.62066602267639,52.869300514269966,53.00402069091797,5232300
2018-12-10 00:00:00+00:00,52.60829262137108,53.07981496980753,51.480009640312936,52.667232513427734,4061000
2018-12-11 00:00:00+00:00,53.64393951318567,53.88812083157952,51.95993573719881,52.439876556396484,3220500
2018-12-12 00:00:00+00:00,51.084250039399336,52.32199377078218,51.000051140277314,51.429473876953125,7496900
2018-12-13 00:00:00+00:00,51.74943809550647,51.926257730780044,50.941117009699425,51.1347770690918,6478100
2018-12-14 00:00:00+00:00,50.6295721498417,51.30317298757814,50.486430165082744,50.89059066772461,6152200
2018-12-17 00:00:00+00:00,50.60432040591808,50.69694114256376,49.06345837075811,49.442359924316406,7234700
2018-12-18 00:00:00+00:00,49.84653143001591,50.494873516576675,48.94558932307674,49.24871063232422,6674400
2018-12-19 00:00:00+00:00,49.24869602228769,50.46959629392359,48.08673241887305,48.566673278808594,5091700
2018-12-20 00:00:00+00:00,48.17935370802926,48.52457438694037,47.30367088913871,47.741512298583984,7058300
2018-12-21 00:00:00+00:00,47.74151619407982,48.81085916771243,47.65731406309524,47.8846549987793,10205400
2018-12-24 00:00:00+00:00,47.429968490896435,47.86780665163327,46.68900592075765,46.722686767578125,3719800
2018-12-26 00:00:00+00:00,47.06791609315145,49.273960574796206,46.63849324699445,49.23186111450195,5450900
2018-12-27 00:00:00+00:00,48.42353924935441,49.95598602294922,48.204620117116924,49.95598602294922,5717000
2018-12-28 00:00:00+00:00,50.09910690409872,50.54536682851949,49.610744320257005,49.787567138671875,4261700
2018-12-31 00:00:00+00:00,49.98965824164268,50.41908106379767,49.75389870758598,50.30961990356445,4149400
2019-01-02 00:00:00+00:00,49.509717354751395,50.368559787078624,49.29079824626771,50.30961990356445,3341800
2019-01-03 00:00:00+00:00,49.96438933775374,50.646411984790454,49.02976678099375,49.223426818847656,5843100
2019-01-04 00:00:00+00:00,49.84652134728517,50.43592341693549,49.46761978736832,50.28436279296875,5663500
2019-01-07 00:00:00+00:00,50.520103588338806,51.21054474708757,50.0822623051354,50.66324234008789,6251100
2019-01-08 00:00:00+00:00,51.17688358734694,51.62314685813643,50.5369634424171,51.08426284790039,3952900
2019-01-09 00:00:00+00:00,51.56421623862733,52.103097133727395,51.4715954825351,51.698936462402344,3662600
2019-01-10 00:00:00+00:00,51.18529543796465,52.60827746946777,51.18529543796465,52.29673767089844,2836400
2019-01-11 00:00:00+00:00,52.111501369043665,52.3388422862056,51.707340809194434,52.22096252441406,2250700
2019-01-14 00:00:00+00:00,51.7578655288447,52.220966000415196,51.513684170604364,51.9431037902832,2693600
2019-01-15 00:00:00+00:00,52.09466049200857,52.18728122175009,51.42948138310439,51.79996109008789,2649600
2019-01-16 00:00:00+00:00,51.78312246949252,51.875743202460875,51.522100695852856,51.68208312988281,2644300
2019-01-17 00:00:00+00:00,51.345282017831195,52.50724568721771,51.23582085753104,52.204124450683594,5191200
2019-01-18 00:00:00+00:00,52.57459532024321,53.98074010571819,52.57459532024321,53.61867904663086,4507800
2019-01-22 00:00:00+00:00,53.172421691807415,53.26503920347732,52.271479908615476,53.05453872680664,5795200
2019-01-23 00:00:00+00:00,53.22293974625778,53.509220522986176,52.15359693941886,52.54092025756836,2989300
2019-01-24 00:00:00+00:00,52.54092651103962,53.14716577180958,52.431465350796444,53.07980728149414,2974400
2019-01-25 00:00:00+00:00,53.83760070800781,54.08178524358183,53.60184120218546,53.83760070800781,2060600
2019-01-28 00:00:00+00:00,53.1808368690355,53.23135813649302,52.2209552712179,52.54933547973633,4324400
2019-01-29 00:00:00+00:00,53.079803804278804,53.52606381083055,52.78510119400408,53.40818405151367,3200200
2019-01-30 00:00:00+00:00,54.11547496760857,55.48794257364875,53.955498928547975,55.31112289428711,5843000
2019-01-31 00:00:00+00:00,55.36163693568468,55.49636035241593,54.7974970820463,55.125877380371094,6009000
2019-02-01 00:00:00+00:00,55.538458473792254,56.14470102158079,55.19324094872541,56.119441986083984,3806800
2019-02-04 00:00:00+00:00,56.2036378959743,57.07089899597276,55.807895897186825,56.96144104003906,6672900
2019-02-05 00:00:00+00:00,55.664750838280526,56.64989160298031,54.89852596087053,56.329933166503906,7144500
2019-02-06 00:00:00+00:00,56.47306826071762,56.607791650808295,55.78262694641492,56.422550201416016,5068300
2019-02-07 00:00:00+00:00,55.99313328578283,56.26257367019941,55.487933367997435,55.8584098815918,4039900
2019-02-08 00:00:00+00:00,55.5889670588372,56.25414938393071,55.36162935419356,56.19520950317383,4531900
2019-02-11 00:00:00+00:00,56.30467118355675,56.49832802938919,55.984706339888525,56.34676742553711,2706200
2019-02-12 00:00:00+00:00,56.87723292899467,57.525571588412284,56.59937075040216,57.31507110595703,2708500
2019-02-13 00:00:00+00:00,57.62660790428335,57.74448764780055,57.2645468566336,57.601348876953125,3173700
2019-02-14 00:00:00+00:00,57.29605238280932,57.34694137804996,56.363169427335684,56.38013458251953,4359800
2019-02-15 00:00:00+00:00,56.93137919705399,57.991474935292594,56.71936004940627,57.93210983276367,3901300
2019-02-19 00:00:00+00:00,57.660715010336105,57.84729286130628,57.19427685322038,57.57590866088867,2479300
2019-02-20 00:00:00+00:00,57.68615602001524,58.27133082821203,57.567425837237586,58.16108322143555,3851400
2019-02-21 00:00:00+00:00,57.82187103731821,57.9745251057542,57.304543720413584,57.44871520996094,2549900
2019-02-22 00:00:00+00:00,57.76248350813803,58.15259787155755,57.618312074543525,58.13563919067383,2354900
2019-02-25 00:00:00+00:00,58.51727883078835,58.76322179361585,58.152605674914504,58.305259704589844,2785800
2019-02-26 00:00:00+00:00,57.974499940452176,58.37309686114237,57.915134854624434,57.95753479003906,2099800
2019-02-27 00:00:00+00:00,57.83881736028221,58.22893826201861,57.62679822557398,58.127166748046875,1439100
2019-02-28 00:00:00+00:00,57.999946137067724,58.08475248543114,57.635273015826364,57.796409606933594,2626500
2019-03-01 00:00:00+00:00,58.211959361130376,58.44094359591459,57.69463227698408,58.0084228515625,2778000
2019-03-04 00:00:00+00:00,58.33916842022523,58.55118749147028,57.27059048946377,57.720069885253906,2941100
2019-03-05 00:00:00+00:00,57.643764068610295,57.82185936745633,57.423262354191635,57.44022750854492,2415200
2019-03-06 00:00:00+00:00,57.57592010297286,57.669209046997295,57.32997711148217,57.4147834777832,2943000
2019-03-07 00:00:00+00:00,57.32996531118415,57.32996531118415,56.320758760399414,57.07554626464844,3593800
2019-03-08 00:00:00+00:00,56.346195150317165,56.66846183621255,55.8967157169889,56.48188400268555,3876300
2019-03-11 00:00:00+00:00,56.30379584305007,57.21971997567334,56.29531326673599,57.194278717041016,3830700
2019-03-12 00:00:00+00:00,57.3130080975848,57.652239971964676,57.02465873975346,57.092506408691406,3048500
2019-03-13 00:00:00+00:00,57.40631013090124,57.94059608757016,57.29605602612815,57.60136413574219,3967900
2019-03-14 00:00:00+00:00,57.51653804491825,57.677674622608386,57.143382378818615,57.22819519042969,3077200
2019-03-15 00:00:00+00:00,57.27909323091759,57.33845833295522,56.75328341979079,57.10099792480469,11044500
2019-03-18 00:00:00+00:00,57.194281814739895,58.44095531772432,57.194281814739895,58.33918380737305,4139300
2019-03-19 00:00:00+00:00,58.686889237495826,58.805619425876614,57.78793024823842,58.025390625,2446800
2019-03-20 00:00:00+00:00,57.96602326447678,58.43246789367158,57.39781360368293,57.90665817260742,3903700
2019-03-21 00:00:00+00:00,57.67767463823173,58.873458932624516,57.50805548527272,58.737770080566406,3603800
2019-03-22 00:00:00+00:00,58.31373522151933,58.46638923271347,56.65150624979951,56.702388763427734,3482300
2019-03-25 00:00:00+00:00,56.65151883266297,56.97378560773615,56.11722643965712,56.38013458251953,3626100
2019-03-26 00:00:00+00:00,56.91441086282541,57.3554077682286,56.6854265988141,57.0585823059082,2068100
2019-03-27 00:00:00+00:00,57.10946003711892,57.219714106964084,56.62605676175495,56.94832992553711,1723800
2019-03-28 00:00:00+00:00,56.99921792994449,57.53350376883738,56.821122650313534,57.296043395996094,1782300
2019-03-29 00:00:00+00:00,57.864258266179704,58.110194739558786,57.60983274641616,58.06779479980469,3034900
2019-04-01 00:00:00+00:00,59.01764669142941,59.560421660787284,58.652979969851465,59.475608825683594,2822400
2019-04-02 00:00:00+00:00,59.50952485461686,59.619778937655674,58.94131516774467,59.30598831176758,2726200
2019-04-03 00:00:00+00:00,59.704602594304454,60.204964755133474,59.35688803211867,60.01838684082031,2916100
2019-04-04 00:00:00+00:00,60.11167300177317,60.34913990823311,59.619793442742306,60.315216064453125,2190000
2019-04-05 00:00:00+00:00,60.56114905443757,60.60354899941039,59.99293285306904,60.3321647644043,1981000
2019-04-08 00:00:00+00:00,60.645939082976184,60.83251690748141,60.03532310107136,60.8155517578125,2351900
2019-04-09 00:00:00+00:00,60.69683950062406,60.70532207796139,59.992934398771816,60.05229949951172,2300700
2019-04-10 00:00:00+00:00,60.23885547259871,60.61201109601098,59.88266499769155,60.32366180419922,1750200
2019-04-11 00:00:00+00:00,60.44240953646994,60.71379375868307,60.26431424723416,60.603546142578125,1489900
2019-04-12 00:00:00+00:00,61.154802920535,61.40074590605348,60.80708841573999,61.14632034301758,1784900
2019-04-15 00:00:00+00:00,61.120873102275766,61.15479693871637,60.62898717935232,60.89189529418945,1395700
2019-04-16 00:00:00+00:00,61.103913305499574,61.30744985012323,60.942776702921215,61.21416091918945,1676600
2019-04-17 00:00:00+00:00,61.73148905074008,61.943508175188164,61.29048564851437,61.32440948486328,2530600
2019-04-18 00:00:00+00:00,61.56187502154231,61.86718310392575,61.32441461753536,61.49403381347656,3219600
2019-04-22 00:00:00+00:00,61.154815992339984,61.88416252727539,60.891914265902415,61.680625915527344,2458200
2019-04-23 00:00:00+00:00,61.629718308828686,62.113121659775054,61.34985150819913,62.04528045654297,2145300
2019-04-24 00:00:00+00:00,61.84174330956486,62.036803771948186,61.400746330274714,61.51099395751953,2740700
2019-04-25 00:00:00+00:00,61.24807194259506,61.24807194259506,60.043805139218385,60.45087814331055,2809600
2019-04-26 00:00:00+00:00,60.60356059231764,60.832544926153524,60.33217630539821,60.82406234741211,2175100
2019-04-29 00:00:00+00:00,60.82404765023852,60.883412746460266,59.738510764863705,60.272796630859375,3209900
2019-04-30 00:00:00+00:00,60.12862083681198,60.25583359676127,59.060042711671585,60.2049446105957,4805200
2019-05-01 00:00:00+00:00,60.29823231326959,60.48481016136882,59.577368648594074,59.60280990600586,2251700
2019-05-02 00:00:00+00:00,59.56889117184944,59.87419922754477,58.96675763709203,59.45016098022461,3067100
2019-05-03 00:00:00+00:00,59.78939224950074,60.37456709520785,59.78939224950074,60.29823684692383,2516300
2019-05-06 00:00:00+00:00,59.1448620767634,59.71307833353545,58.64449997324712,59.492576599121094,3327000
2019-05-07 00:00:00+00:00,57.24517336000213,58.01692621030862,56.25292524130347,57.27061462402344,5980700
2019-05-08 00:00:00+00:00,57.100998385795485,57.236687275700874,56.142667697622876,56.218997955322266,4312100
2019-05-09 00:00:00+00:00,55.64228406497317,56.719338070729634,55.353934771345614,56.65149688720703,2902300
2019-05-10 00:00:00+00:00,56.185072205670146,56.9483424051678,55.17585902687266,56.76176452636719,2799700
2019-05-13 00:00:00+00:00,55.591412847605916,55.6168541053813,54.39562196968533,54.81966018676758,2737300
2019-05-14 00:00:00+00:00,55.33699217831915,55.85431936611676,55.023201540869856,55.2521858215332,2151100
2019-05-15 00:00:00+00:00,54.71788744807867,55.930636980323655,54.51435092016827,55.59141159057617,2037200
2019-05-16 00:00:00+00:00,56.00155745755164,56.26643914578451,55.67686356491002,56.104095458984375,2373900
2019-05-17 00:00:00+00:00,55.44615329787615,56.001556050021726,55.2667166891598,55.3863410949707,2689000
2019-05-20 00:00:00+00:00,55.05309973027398,55.13854480155425,54.32680684583005,54.60023498535156,3454800
2019-05-21 00:00:00+00:00,54.96764936846496,56.06990828330111,54.950556444429424,55.822113037109375,3715500
2019-05-22 00:00:00+00:00,55.59140375877613,55.70248820701229,55.19835125657527,55.25816345214844,2579300
2019-05-23 00:00:00+00:00,54.5575059996817,54.5575059996817,52.97674945679515,53.55778503417969,2950300
2019-05-24 00:00:00+00:00,54.138813737640646,54.24989491732162,53.301439808205465,53.42960739135742,2630600
2019-05-28 00:00:00+00:00,53.62614765452519,53.83122040454116,52.27609652028274,52.29318618774414,3908000
2019-05-29 00:00:00+00:00,51.79758511895038,52.37007745463299,51.59251566998954,52.113739013671875,4191700
2019-05-30 00:00:00+00:00,52.37008806156003,52.81440963699398,52.10520310518957,52.29318618774414,2125500
2019-05-31 00:00:00+00:00,51.63523968461823,52.165006245770066,51.378901236288,51.47289276123047,3938000
2019-06-03 00:00:00+00:00,51.49853135051424,52.32736224308116,51.361817278912326,51.7634162902832,3198000
2019-06-04 00:00:00+00:00,52.464063654748585,53.455241249564715,52.13936659072543,53.36979293823242,3262600
2019-06-05 00:00:00+00:00,53.89103835127921,54.284090966196274,53.26728009034009,54.07902145385742,5091500
2019-06-06 00:00:00+00:00,54.078998788899966,54.20716636551537,52.985283229900574,53.532142639160156,3169800
2019-06-07 00:00:00+00:00,53.814121483881905,54.82239213361006,53.68595388924069,54.41224670410156,3463300
2019-06-10 00:00:00+00:00,54.82240268301578,55.71103933304261,54.702771748815024,55.223995208740234,2995200
2019-06-11 00:00:00+00:00,55.830659401912506,56.087001139607274,54.198636996982124,54.22426986694336,3892500
2019-06-12 00:00:00+00:00,53.99356446912621,54.19863720817701,53.26727156821582,53.60905838012695,3710900
2019-06-13 00:00:00+00:00,53.97648102444561,54.13883124560178,53.61760776414017,54.00211715698242,2762600
2019-06-14 00:00:00+00:00,53.8653949319116,53.92520713292778,52.993841526292314,53.63468933105469,2822300
2019-06-17 00:00:00+00:00,53.68595589312523,53.87393569085293,53.42107097241393,53.55778503417969,2968700
2019-06-18 00:00:00+00:00,53.96793035338077,55.078732577171564,53.797036951369755,54.6515007019043,3877700
2019-06-19 00:00:00+00:00,54.80531337704498,54.94203072857016,54.12174291702443,54.24136734008789,2695200
2019-06-20 00:00:00+00:00,55.258164931034365,56.07844928615138,54.67713262413336,55.97591781616211,3797500
2019-06-21 00:00:00+00:00,55.967375124313335,56.488598528673734,55.71103339399016,56.078453063964844,4356400
2019-06-24 00:00:00+00:00,56.08699923586642,56.30061517034765,55.82211756320282,55.89047622680664,2717200
2019-06-25 00:00:00+00:00,55.95883878015395,56.03574392077345,55.66832418436115,55.78794860839844,2093800
2019-06-26 00:00:00+00:00,55.99300559076142,56.488596104630886,55.839201862975756,56.26643371582031,2602600
2019-06-27 00:00:00+00:00,56.48859559561206,56.77911012378899,56.13826235029683,56.48004913330078,3291100
2019-06-28 00:00:00+00:00,56.59112985697158,57.291789782389145,56.44586608341507,57.00981521606445,7115000
2019-07-01 00:00:00+00:00,58.0180919068438,58.163349184726265,56.770575571596616,57.001277923583984,2895700
2019-07-02 00:00:00+00:00,56.787662200792056,56.89874014565852,56.12972795666693,56.65095138549805,3214500
2019-07-03 00:00:00+00:00,56.7876595871442,56.873104657650515,56.0357338400312,56.55695724487305,1596700
2019-07-05 00:00:00+00:00,55.941743507473944,56.215171650387525,54.85657087972487,55.88193130493164,2277200
2019-07-08 00:00:00+00:00,55.61703768865166,56.104088243537426,55.24962456527977,55.41196823120117,2143400
2019-07-09 00:00:00+00:00,54.96765447129198,55.25816901646108,54.506243265104835,54.899295806884766,2254800
2019-07-10 00:00:00+00:00,55.29233954703555,55.41196393118543,54.266982560790886,54.4293327331543,2723400
2019-07-11 00:00:00+00:00,54.51478460491017,54.91638033625295,54.21572360715274,54.82239532470703,2078000
2019-07-12 00:00:00+00:00,55.198365025580735,56.41170216360713,55.112919941882346,56.12973403930664,2595300
2019-07-15 00:00:00+00:00,56.28353779758055,56.36898288127894,55.78794718547106,56.12973403930664,1617900
2019-07-16 00:00:00+00:00,56.06136821377765,57.10381505143711,55.9075644751223,56.59967803955078,1892800
2019-07-17 00:00:00+00:00,56.45441388265213,56.54840540698716,55.18126485171454,55.25816345214844,2174900
2019-07-18 00:00:00+00:00,55.08727925342328,55.23253652700705,54.66004737650087,54.88220977783203,3047500
2019-07-19 00:00:00+00:00,55.411982407685706,56.06137679463256,55.1898199691698,55.78794860839844,2929200
2019-07-22 00:00:00+00:00,55.89047776787801,56.18099231764318,55.53159803358301,55.88193130493164,2216000
2019-07-23 00:00:00+00:00,56.22371994772994,57.13799594158715,55.96737820330437,57.12090301513672,2112900
2019-07-24 00:00:00+00:00,56.625317082964045,57.57377248823555,56.47151332754051,57.47124099731445,1924400
2019-07-25 00:00:00+00:00,57.2148876282739,57.41141714441801,56.64239852326367,57.18925476074219,2204800
2019-07-26 00:00:00+00:00,57.163634261966905,57.24907934524096,56.62531785116061,56.95856475830078,2052200
2019-07-29 00:00:00+00:00,56.497147643891466,56.93291947924235,55.39488858221787,56.65095138549805,3196500
2019-07-30 00:00:00+00:00,56.56549172419391,57.55667269963087,56.223711475185674,57.49686050415039,2298100
2019-07-31 00:00:00+00:00,57.505406166503036,57.505406166503036,54.62586132346058,55.437599182128906,6588300
2019-08-01 00:00:00+00:00,55.48032852592467,55.7964824430567,53.42961433383081,53.62614059448242,4532400
2019-08-02 00:00:00+00:00,53.40398705155886,53.40398705155886,52.38717631152463,52.68623733520508,4570400
2019-08-05 00:00:00+00:00,51.55834285266041,51.780501993675095,50.447540628545894,50.79787063598633,5653500
2019-08-06 00:00:00+00:00,51.148202340209394,52.34444967527818,50.644068580142225,51.96848678588867,4068500
2019-08-07 00:00:00+00:00,50.96877064460464,51.16529694161608,49.8836011493077,50.908958435058594,3930600
2019-08-08 00:00:00+00:00,51.49852652068859,51.985570558812675,51.071294679560786,51.925758361816406,3217600
2019-08-09 00:00:00+00:00,51.5839699031043,51.660871762380566,50.618428320493514,50.8234977722168,2948400
2019-08-12 00:00:00+00:00,50.59279526118892,50.71241965853218,49.72978835212659,49.80669021606445,2396900
2019-08-13 00:00:00+00:00,49.32819023132735,51.720687998666556,49.2598348285853,50.575706481933594,3425700
2019-08-14 00:00:00+00:00,49.575987551221154,49.99467296664177,48.712977331686275,48.824058532714844,3880600
2019-08-15 00:00:00+00:00,48.927478522568975,49.21188878727966,48.24661270408037,48.617210388183594,4393400
2019-08-16 00:00:00+00:00,49.013670568923864,50.065134241304946,48.927486423328276,49.918617248535156,3332600
2019-08-19 00:00:00+00:00,50.84941353670915,50.883888504429436,50.28920681825307,50.461578369140625,4095200
2019-08-20 00:00:00+00:00,50.323685697283175,50.51329474676786,49.92723340082804,49.9703254699707,2531000
2019-08-21 00:00:00+00:00,50.68566134481221,50.72013302412029,50.24611373456767,50.384010314941406,2645500
2019-08-22 00:00:00+00:00,50.60809975388513,50.814943002827114,49.94447136207743,50.159934997558594,2178200
2019-08-23 00:00:00+00:00,49.68591245017351,50.45296241694463,48.85852964466469,49.12570571899414,3765700
2019-08-26 00:00:00+00:00,49.52215753713831,49.841046061283116,48.90162454836929,49.36702346801758,3167100
2019-08-27 00:00:00+00:00,49.6859116872187,49.74624123731606,48.987808380459946,49.35840606689453,2600300
2019-08-28 00:00:00+00:00,49.08261628514923,49.92723333250333,48.815440196487714,49.84104919433594,1730300
2019-08-29 00:00:00+00:00,50.58224988129992,51.159694225320614,50.39264408773696,50.97008514404297,2319300
2019-08-30 00:00:00+00:00,51.538894985361125,51.68541195014443,51.27172221241934,51.357906341552734,2678000
2019-09-03 00:00:00+00:00,50.849417311539916,50.849417311539916,50.01341736468845,50.332305908203125,3123600
2019-09-04 00:00:00+00:00,50.95285374261117,51.55615274697793,50.95285374261117,51.37516403198242,3244000
2019-09-05 00:00:00+00:00,52.25423786544634,53.54701958105462,52.14219586286706,53.297080993652344,3233400
2019-09-06 00:00:00+00:00,53.47807627114356,53.77110696116548,53.13333641022704,53.650447845458984,2653500
2019-09-09 00:00:00+00:00,53.90039156406308,55.05527694722685,53.78834953699912,54.96908950805664,3505800
2019-09-10 00:00:00+00:00,55.05526696642153,55.856788635253906,54.80532836971049,55.856788635253906,3056800
2019-09-11 00:00:00+00:00,55.98607360878218,56.33943714834868,55.32244846492753,56.19291687011719,3047300
2019-09-12 00:00:00+00:00,56.020541770729324,56.468703211706874,55.51205077855426,55.77060317993164,2408500
2019-09-13 00:00:00+00:00,56.52042245529108,57.06338844972012,56.158445125671726,56.49456787109375,2247700
2019-09-16 00:00:00+00:00,56.47733304637308,56.80484201517578,56.21016021429006,56.589378356933594,2279400
2019-09-17 00:00:00+00:00,56.279121023345205,56.365305188187435,55.460355018768276,55.97746658325195,2217800
2019-09-18 00:00:00+00:00,55.6499477551975,55.95159553111965,55.17592512487101,55.9429817199707,3519900
2019-09-19 00:00:00+00:00,56.10673129505702,56.48594941069128,55.839558482003,56.16706085205078,2067500
2019-09-20 00:00:00+00:00,56.32220981805117,56.65833266373708,55.59825494286008,55.97746658325195,4119400
2019-09-23 00:00:00+00:00,55.50343087655111,56.244626269399944,55.287967252477095,55.96021270751953,2431500
2019-09-24 00:00:00+00:00,56.020541777610724,56.26185998243043,54.96907824910095,55.15007019042969,3633000
2019-09-25 00:00:00+00:00,55.06388085569815,55.66717634678569,54.94322175748064,55.555137634277344,2329000
2019-09-26 00:00:00+00:00,55.572387352853056,55.572387352853056,55.012180549262624,55.32244873046875,1916600
2019-09-27 00:00:00+00:00,56.08948713516499,57.571877787081974,55.15868278506445,57.227134704589844,6472400
2019-09-30 00:00:00+00:00,57.7011446659815,57.92522863252293,57.41673773488563,57.62358093261719,4904400
2019-10-01 00:00:00+00:00,58.58026099518669,58.8388134422043,56.175685757977206,56.23601531982422,7704200
2019-10-02 00:00:00+00:00,55.40000576752891,55.67579894231937,54.27959558397841,54.727760314941406,4156500
2019-10-03 00:00:00+00:00,54.38302718010972,55.529295444403054,54.12447144227136,55.503440856933594,3202600
2019-10-04 00:00:00+00:00,55.46895862393581,56.19291328007077,55.46895862393581,56.18429946899414,3190200
2019-10-07 00:00:00+00:00,56.04640897138177,56.44286133642508,55.53791786472711,55.546531677246094,1997800
2019-10-08 00:00:00+00:00,54.95184962076287,55.17593037739172,54.38302569793557,54.43473815917969,2502300
2019-10-09 00:00:00+00:00,54.88289302439208,55.26211109610129,54.27959423662062,54.831180572509766,2752000
2019-10-10 00:00:00+00:00,54.96907790354078,56.39113911634908,54.96907790354078,56.063636779785156,2786400
2019-10-11 00:00:00+00:00,57.09786638704359,58.63196649978916,56.85654815475939,57.77873229980469,3737400
2019-10-14 00:00:00+00:00,57.40812062208213,58.07174559969375,57.34779107866289,57.92523193359375,2137300
2019-10-15 00:00:00+00:00,57.92524881142757,58.96809212320305,57.433991936038645,58.373416900634766,4775600
2019-10-16 00:00:00+00:00,58.11485839957041,58.68367904041145,57.98557888901547,58.02005386352539,2580700
2019-10-17 00:00:00+00:00,58.43374821986611,59.01118926042233,58.34755749405123,58.64921188354492,2715500
2019-10-18 00:00:00+00:00,58.58025562100889,59.31283068349564,58.537160262745,59.166316986083984,3637300
2019-10-21 00:00:00+00:00,59.51965828176817,60.114339877162685,59.41623996982252,59.83854675292969,2121900
2019-10-22 00:00:00+00:00,59.95061702179644,60.700433055420014,59.42488507444489,60.5280647277832,2188300
2019-10-23 00:00:00+00:00,60.54528142043415,60.872783778401164,60.26086784419978,60.81245422363281,2228500
2019-10-24 00:00:00+00:00,60.9762220788223,61.01931744544567,59.84719448793145,60.22640609741211,1733300
2019-10-25 00:00:00+00:00,60.42462502343634,61.27785921501392,60.2522567379113,61.03654098510742,1945400
2019-10-28 00:00:00+00:00,61.42437028255167,61.57089055193944,60.78659976293009,61.18305206298828,2078100
2019-10-29 00:00:00+00:00,60.80384159589854,61.38128257069489,60.769366624584485,61.071014404296875,2401200
2019-10-30 00:00:00+00:00,60.9761996694108,61.234758623268284,60.20914976850823,61.2175178527832,1796500
2019-10-31 00:00:00+00:00,60.97622177980556,61.21754005068162,59.80409882803923,60.459110260009766,2916300
2019-11-01 00:00:00+00:00,60.85553962261568,61.872528076171875,60.72626014771594,61.872528076171875,2897400
2019-11-04 00:00:00+00:00,62.45861231994031,65.10450603501565,62.30347820804473,63.105003356933594,6537200
2019-11-05 00:00:00+00:00,62.13969741016782,63.71689245106102,62.053513290128016,63.59623336791992,6530800
2019-11-06 00:00:00+00:00,63.02742241670632,63.99270190348215,62.803344962531305,63.4324951171875,3962200
2019-11-07 00:00:00+00:00,63.673797103327686,64.02716054354582,63.40662435857623,63.59623336791992,2532100
2019-11-08 00:00:00+00:00,63.52729916833013,63.691053639743096,63.19117641416663,63.67381286621094,2206400
2019-11-11 00:00:00+00:00,63.16531058423909,63.68242191586003,63.06188568774397,63.61347198486328,1643100
2019-11-12 00:00:00+00:00,64.00130172226483,64.38051314038643,63.68241326628794,63.837547302246094,2310100
2019-11-13 00:00:00+00:00,63.34631418235766,63.604873196947004,63.13947091594352,63.41526412963867,2509600
2019-11-14 00:00:00+00:00,62.77313169232832,63.56278862644365,62.71238936050542,63.1115608215332,1990300
2019-11-15 00:00:00+00:00,63.68426714860686,63.95326793210713,63.33716530577028,63.80575180053711,1924800
2019-11-18 00:00:00+00:00,63.47600738458122,63.60617140051797,63.12890554888884,63.406585693359375,1590600
2019-11-19 00:00:00+00:00,63.849126496915936,63.849126496915936,63.21566529115181,63.58879852294922,2045200
2019-11-20 00:00:00+00:00,63.31980876653868,63.52806720951583,62.74708977283084,63.128902435302734,2073800
2019-11-21 00:00:00+00:00,63.29377037991886,63.86648269069604,62.93798923410216,63.83177185058594,2015500
2019-11-22 00:00:00+00:00,63.94459532246883,63.99665828185961,63.54543051949982,63.91856384277344,2333100
2019-11-25 00:00:00+00:00,64.21357666946496,64.54331967982363,63.935896602737934,64.51728820800781,1900900
2019-11-26 00:00:00+00:00,64.56938647097448,64.60409070187708,64.11815202422514,64.58673858642578,1984500
2019-11-27 00:00:00+00:00,64.58672621234152,64.67350001380908,64.1007876277899,64.59540557861328,1505100
2019-11-29 00:00:00+00:00,64.35244537114085,64.48260278150849,63.94460116420857,64.09211730957031,1086900
2019-12-02 00:00:00+00:00,64.17020371364171,64.86440737721676,63.61484343094838,63.658233642578125,2017500
2019-12-03 00:00:00+00:00,63.059463454057706,63.22433826225826,62.391298098386315,63.00740051269531,2119800
2019-12-04 00:00:00+00:00,63.58011938413553,64.37845541760768,63.41525117909222,63.77970504760742,2463600
2019-12-05 00:00:00+00:00,64.20489314104864,64.30902564197285,63.67556451374273,64.19622039794922,2970000
2019-12-06 00:00:00+00:00,64.99456323892416,65.2548846147981,64.76026671818003,65.15943145751953,2891700
2019-12-09 00:00:00+00:00,65.20280271239245,65.54990439975461,65.11602894565543,65.22016143798828,2913100
2019-12-10 00:00:00+00:00,65.03795212973769,65.28092803562156,64.6648188355081,64.69085693359375,4268900
2019-12-11 00:00:00+00:00,64.98589864932772,65.74951746076293,64.69086636550644,65.71481323242188,2237400
2019-12-12 00:00:00+00:00,65.66272294446526,66.92096598865025,65.48917537581268,66.79080200195312,2496500
2019-12-13 00:00:00+00:00,66.40899900007759,67.02510156433839,65.59331074465969,65.9317398071289,3425600
2019-12-16 00:00:00+00:00,66.4437109606107,66.78213340835647,66.08793640136719,66.08793640136719,2276100
2019-12-17 00:00:00+00:00,66.47840355061285,66.47840355061285,65.96642702638417,66.07923889160156,10667300
2019-12-18 00:00:00+00:00,66.34824904313453,66.36560777275862,65.6280140332932,65.98379516601562,2664200
2019-12-19 00:00:00+00:00,66.001159683195,66.19206602245617,65.70612742827632,66.02719116210938,2226900
2019-12-20 00:00:00+00:00,66.74742741706491,66.77345889641208,66.00984014708862,66.18338775634766,5460200
2019-12-23 00:00:00+00:00,66.33091664139741,66.69537062679865,66.14001028130603,66.63462829589844,1458300
2019-12-24 00:00:00+00:00,66.80816383127123,66.80816383127123,66.01851367246756,66.0358657836914,489700
2019-12-26 00:00:00+00:00,66.25281452161308,66.5304946899414,66.00984520187797,66.5304946899414,877400
2019-12-27 00:00:00+00:00,66.69535894015057,66.7040383060205,66.23545185529055,66.39164733886719,992700
2019-12-30 00:00:00+00:00,66.49577032138427,66.65196579808728,66.05322198773915,66.33090209960938,1254000
2019-12-31 00:00:00+00:00,66.26150221573361,66.59992475652417,65.97514264416674,66.17472839355469,1655600
2020-01-02 00:00:00+00:00,66.44369604669428,67.25070476873572,66.19204745375502,67.23335266113281,2532300
2020-01-03 00:00:00+00:00,65.94909131133541,66.39164627779908,65.56727866415764,66.31354522705078,2672600
2020-01-06 00:00:00+00:00,65.84496311752937,66.89494134595844,65.73215783726428,66.86023712158203,3787200
2020-01-07 00:00:00+00:00,66.41767751731871,67.20732766521454,66.27016140249653,67.02510070800781,2497000
2020-01-08 00:00:00+00:00,66.91229000938652,67.48500231124756,66.67799349739487,67.25939178466797,2554300
2020-01-09 00:00:00+00:00,67.47632126919082,67.52838421193542,66.84286011066689,67.51103210449219,2309100
2020-01-10 00:00:00+00:00,67.64120979486565,67.66724789448011,66.6693325959325,66.76478576660156,2628900
2020-01-13 00:00:00+00:00,66.94699976508007,67.19864838257452,66.77344557004135,67.15525817871094,1964500
2020-01-14 00:00:00+00:00,67.01644683514965,67.30279977973333,66.62595471366954,66.70405578613281,2280200
2020-01-15 00:00:00+00:00,66.70402410214263,67.05979858205455,66.22675838717117,66.52179718017578,2368000
2020-01-16 00:00:00+00:00,66.89494861553838,67.58915234600748,66.82553353882541,67.5718002319336,2438800
2020-01-17 00:00:00+00:00,67.54574581138898,68.01433222318423,67.3895569612064,67.49368286132812,5008300
2020-01-21 00:00:00+00:00,67.18997844622974,67.37220541127991,66.53916501944349,67.03378295898438,3146300
2020-01-22 00:00:00+00:00,67.49367538881542,67.51103411719106,66.70402537851592,66.83418273925781,3024300
2020-01-23 00:00:00+00:00,66.47841165382,67.43293653044968,65.9751144318172,67.32880401611328,1819600
2020-01-24 00:00:00+00:00,67.53708170908436,67.53708170908436,66.14868102632849,66.5565185546875,2037700
2020-01-27 00:00:00+00:00,65.11605147871066,65.28092632685488,63.97929951413645,63.987972259521484,3566000
2020-01-28 00:00:00+00:00,64.31773776421387,64.9859034459853,63.866503317464534,64.58673858642578,4289700
2020-01-29 00:00:00+00:00,65.06399935913734,65.0813514732132,64.1007948277004,64.13550567626953,3087500
2020-01-30 00:00:00+00:00,63.345835495666755,64.09210203250926,63.04212390983923,64.06607055664062,2659400
2020-01-31 00:00:00+00:00,63.61482343428421,63.95324579328285,61.78386830205325,62.15700149536133,4309900
2020-02-03 00:00:00+00:00,62.564873089879654,63.640882945917426,62.25248206386585,62.998748779296875,3933500
2020-02-04 00:00:00+00:00,64.68218708064428,64.87309343885074,63.31981771211881,63.554107666015625,3781100
2020-02-05 00:00:00+00:00,64.73424640569249,66.08794295125507,64.68218344562293,65.95777893066406,3944300
2020-02-06 00:00:00+00:00,66.49577309974033,66.49577309974033,65.0032465738365,65.29827880859375,2241700
2020-02-07 00:00:00+00:00,65.02928932496815,65.02928932496815,63.87517842215605,64.0140151977539,2283700
2020-02-10 00:00:00+00:00,63.74500364242919,64.00533165584301,63.14625318382725,63.684261322021484,2753100
2020-02-11 00:00:00+00:00,64.1007813979375,64.79497836262668,63.9532586673218,64.06607055664062,2729800
2020-02-12 00:00:00+00:00,64.69085668904901,65.58463939453233,64.47391888207086,65.4284439086914,3358000
2020-02-13 00:00:00+00:00,64.94799776863657,65.0702934005546,63.235852257172056,63.89101028442383,3549800
2020-02-14 00:00:00+00:00,63.82113452564496,64.2142333984375,63.42804231746549,64.2142333984375,2797100
2020-02-18 00:00:00+00:00,63.12228875566493,63.51538087393751,61.75955563878949,62.405982971191406,4292400
2020-02-19 00:00:00+00:00,62.78162930711393,63.4018449412628,62.52830066816063,62.772891998291016,2961400
2020-02-20 00:00:00+00:00,62.685511560412095,63.611465953321584,62.46712558739676,62.912628173828125,2338200
2020-02-21 00:00:00+00:00,62.43218102597358,62.982511261029785,62.021614343558774,62.97377395629883,2593400
2020-02-24 00:00:00+00:00,60.772450271916924,61.10439456238853,60.274530503903904,60.44050598144531,3592000
2020-02-25 00:00:00+00:00,60.5977367588574,60.87727051267188,57.93342546108629,58.178016662597656,4330300
2020-02-26 00:00:00+00:00,58.763306562337,59.933859079860305,58.151828380161476,58.20423889160156,4798800
2020-02-27 00:00:00+00:00,56.82403375462118,59.14765707912558,56.230023631920396,56.23875427246094,4641700
2020-02-28 00:00:00+00:00,54.55282388157441,56.09899717321654,54.25581878602215,56.002906799316406,6472800
2020-03-02 00:00:00+00:00,56.37853054299841,58.11688123639048,55.4875152633865,57.91596984863281,4778500
2020-03-03 00:00:00+00:00,57.84607588838486,59.31362985024322,55.21670698492806,55.6796875,5142200
2020-03-04 00:00:00+00:00,56.535765842496865,58.475034489228285,56.26496934908154,58.239173889160156,4313400
2020-03-05 00:00:00+00:00,56.35232912832231,58.090679940138784,56.13394311350976,56.54450988769531,4692900
2020-03-06 00:00:00+00:00,54.87603457841014,55.95922728741898,53.478365491848415,54.28202438354492,7721400
2020-03-09 00:00:00+00:00,48.04492411964272,49.79201226944791,43.965474889354574,43.99168014526367,12610600
2020-03-10 00:00:00+00:00,45.87852709383313,47.05781005331076,43.47628131301858,47.049076080322266,10773500
2020-03-11 00:00:00+00:00,45.12728056989974,46.38518266513217,44.49832785613066,45.54658126831055,11699200
2020-03-12 00:00:00+00:00,41.52828377462254,45.30199369843424,39.414305499981104,40.34026336669922,8994600
2020-03-13 00:00:00+00:00,42.628944827860835,43.96546936035156,39.571540950194304,43.96546936035156,12188100
2020-03-16 00:00:00+00:00,39.239594955633,42.331941521307954,37.946750233034045,41.02162551879883,10564100
2020-03-17 00:00:00+00:00,41.63311014187116,41.93011525824262,39.449249972171025,41.423458099365234,8578000
2020-03-18 00:00:00+00:00,38.427193392779216,38.916375790198856,33.19466454215658,35.937591552734375,10350000
2020-03-19 00:00:00+00:00,35.39600114822711,41.903904222763536,34.330276466070245,40.20049285888672,7000900
2020-03-20 00:00:00+00:00,40.61979386618485,42.03493413879988,37.75457076303696,38.51455307006836,7373600
2020-03-23 00:00:00+00:00,37.422616246139924,37.56238311980513,32.97627820401497,33.264549255371094,7546200
2020-03-24 00:00:00+00:00,35.71921669868857,39.08236338730319,35.08152992372413,38.698001861572266,5697900
2020-03-25 00:00:00+00:00,39.09108813496961,43.6247796151272,38.61063967351487,41.58942413330078,6407000
2020-03-26 00:00:00+00:00,42.532850222521255,43.11812635361216,40.383933082276776,42.62894058227539,6629700
2020-03-27 00:00:00+00:00,40.3402604510223,41.09150879187023,39.39683137210469,39.81613540649414,5209500
2020-03-30 00:00:00+00:00,40.14808403983168,41.039099377401556,39.53660253377712,40.733360290527344,4569000
2020-03-31 00:00:00+00:00,40.453825255390555,42.043675124445976,40.3664688529498,41.62437438964844,4995700
2020-04-01 00:00:00+00:00,39.152243599244684,40.11314071015118,38.042842268765476,39.920963287353516,4608100
2020-04-02 00:00:00+00:00,39.78119561761543,42.48918075670384,39.702576522232555,41.69425582885742,5714100
2020-04-03 00:00:00+00:00,41.73792521856107,42.53285001032657,39.63268461626086,39.93842697143555,4738900
2020-04-06 00:00:00+00:00,42.331936788431136,43.502485753092884,41.78160652816665,43.14433288574219,3850100
2020-04-07 00:00:00+00:00,45.686352601351466,46.655987018407096,43.83444017057761,43.9305305480957,4636800
2020-04-08 00:00:00+00:00,44.236272684682724,46.20174690940954,44.236272684682724,45.51164627075195,3722600
2020-04-09 00:00:00+00:00,46.74334773492352,48.167225685309226,44.15765775472252,45.23211669921875,3978600
2020-04-13 00:00:00+00:00,44.943836241453916,45.074865832668166,43.694668144505236,44.716712951660156,3613000
2020-04-14 00:00:00+00:00,45.70381976916595,45.73002502165595,43.58110767752657,44.1052360534668,3872400
2020-04-15 00:00:00+00:00,42.57653697104575,42.93468988570141,40.68968202246611,41.85149383544922,4022100
2020-04-16 00:00:00+00:00,41.89516706504931,42.1572295837308,40.48002679832468,41.37977600097656,5423800
2020-04-17 00:00:00+00:00,42.78616601964747,44.29739607926004,42.78616601964747,44.148895263671875,5357600
2020-04-20 00:00:00+00:00,43.048242563671934,45.22336835291244,42.48917499774979,44.48085403442383,5376300
2020-04-21 00:00:00+00:00,43.67719757028507,44.952570939584014,42.90847796000244,44.34982681274414,7351700
2020-04-22 00:00:00+00:00,45.72129283176703,46.05324048291395,45.1534879020925,45.52037811279297,3726500
2020-04-23 00:00:00+00:00,45.94841553886862,47.3373507068785,45.94841553886862,46.219215393066406,4729000
2020-04-24 00:00:00+00:00,46.76079732882448,47.33733608850457,45.9658726248367,47.01412582397461,5052900
2020-04-27 00:00:00+00:00,47.162636965244666,49.3377594257434,47.162636965244666,48.944664001464844,2852100
2020-04-28 00:00:00+00:00,50.11523031333702,51.02371709001652,49.07571390475416,50.25499725341797,3973300
2020-04-29 00:00:00+00:00,51.53909480275102,52.11563369606584,50.99749846837792,51.600242614746094,2902000
2020-04-30 00:00:00+00:00,50.78784881230577,50.96255828284496,49.54741790285883,49.818214416503906,4807900
2020-05-01 00:00:00+00:00,48.804907922001846,48.9097356132367,46.62978497962606,46.987937927246094,4095900
2020-05-04 00:00:00+00:00,46.46380508682782,47.45091075955572,45.64267491008515,47.424705505371094,4255100
2020-05-05 00:00:00+00:00,48.43800236626776,48.69133085750778,47.69548816769926,47.78284454345703,3124100
2020-05-06 00:00:00+00:00,47.60814680363605,48.167214416418076,46.97046009953744,47.67803192138672,3597600
2020-05-07 00:00:00+00:00,48.796158166460444,49.13683972203102,48.097323779097046,48.272029876708984,2763800
2020-05-08 00:00:00+00:00,49.21546944102598,49.31155981487386,48.656401810244816,49.00581741333008,2938200
2020-05-11 00:00:00+00:00,49.15431814549821,49.259142485768315,48.280774201200686,48.93593215942383,3662500
2020-05-12 00:00:00+00:00,49.13685378480581,49.425124926516965,46.66472247488107,46.682193756103516,2893900
2020-05-13 00:00:00+00:00,46.498740964685354,46.647245159103136,44.873948792627026,45.33692932128906,3649400
2020-05-14 00:00:00+00:00,44.27847115231172,47.127463968632085,44.12852239107364,47.0833625793457,4718500
2020-05-15 00:00:00+00:00,46.704089021162154,48.03596994683822,46.5894227063252,46.69526672363281,8300000
2020-05-18 00:00:00+00:00,48.48581326378305,50.12641068531018,48.48581326378305,49.7647705078125,4306100
2020-05-19 00:00:00+00:00,49.42077541552256,50.4174830761206,48.847450560895204,49.129703521728516,2672600
2020-05-20 00:00:00+00:00,49.84415717063623,50.893788571886724,49.79123684097376,50.10877227783203,3218900
2020-05-21 00:00:00+00:00,50.170520912825076,50.31164741669109,49.332580824055086,49.61483383178711,2602900
2020-05-22 00:00:00+00:00,49.72067618679771,49.86180268589038,48.82981579216043,49.27965545654297,4231700
2020-05-26 00:00:00+00:00,51.38773875839971,52.61377932819243,50.97318152165451,52.278602600097656,3461700
2020-05-27 00:00:00+00:00,53.830986237093974,54.72184994645556,53.275302570758164,54.589542388916016,4238800
2020-05-28 00:00:00+00:00,54.9600013125581,55.048204107419615,53.37232408728326,53.83098602294922,3073400
2020-05-29 00:00:00+00:00,53.21357040499152,54.02504704762001,52.507934445653476,53.82217788696289,4713000
2020-06-01 00:00:00+00:00,53.636939733033664,54.007395512789635,53.0283290024046,53.27530288696289,2294900
2020-06-02 00:00:00+00:00,53.67220972682714,54.41312452536141,53.3193952390187,53.936824798583984,2580100
2020-06-03 00:00:00+00:00,54.898261779614565,55.7097383052169,54.68657034939766,55.498046875,2987700
2020-06-04 00:00:00+00:00,55.09231516323778,55.70974492967456,54.60719297700943,55.683284759521484,2606600
2020-06-05 00:00:00+00:00,58.258835268177755,59.53779256483081,57.720789493310626,59.184974670410156,4348300
2020-06-08 00:00:00+00:00,59.978815087823314,61.21367439140216,59.78476490347555,61.15193176269531,3853700
2020-06-09 00:00:00+00:00,59.7141988871949,60.0846613821196,58.920367026714665,59.54661560058594,3094800
2020-06-10 00:00:00+00:00,59.30845580949974,59.30845580949974,57.782528111446396,58.10887908935547,3717700
2020-06-11 00:00:00+00:00,55.25107477346112,55.709736721961754,53.27530384961951,53.328224182128906,4186200
2020-06-12 00:00:00+00:00,55.30400890945731,55.40103402366631,52.71080445595015,54.113250732421875,3067700
2020-06-15 00:00:00+00:00,52.38443684158539,55.43629919846719,52.22566912454799,54.92471694946289,2756900
2020-06-16 00:00:00+00:00,57.473832321834415,57.6678758158206,55.14523973484685,55.97435760498047,2904600
2020-06-17 00:00:00+00:00,56.1331207500627,56.221326919254416,55.11877503976788,55.20697784423828,2165100
2020-06-18 00:00:00+00:00,54.51015442535313,55.392195769985776,53.85744571456857,54.14851760864258,2696400
2020-06-19 00:00:00+00:00,55.19814925271402,55.19814925271402,53.33704146738783,54.668922424316406,9674800
2020-06-22 00:00:00+00:00,54.20144162147261,54.55425614258178,53.15181026172509,54.19261932373047,2744500
2020-06-23 00:00:00+00:00,54.93353208209201,55.20696610134308,54.316105852687336,54.527793884277344,2080300
2020-06-24 00:00:00+00:00,53.80452616413357,53.96329388756607,52.4814640453434,52.59613037109375,3896700
2020-06-25 00:00:00+00:00,52.30506205306942,53.284128689668954,51.749374947079154,53.231204986572266,2337700
2020-06-26 00:00:00+00:00,52.825464414757974,53.24884392712924,52.278599631868566,52.807823181152344,4462100
2020-06-29 00:00:00+00:00,53.61048254150149,54.13970947265625,53.248845652670354,54.13970947265625,2001500
2020-06-30 00:00:00+00:00,54.01621402658189,54.942356775803155,53.733957697616965,54.7130241394043,2589900
2020-07-01 00:00:00+00:00,54.76595497308462,54.97764640623127,53.733964704166596,53.9897575378418,2486500
2020-07-02 00:00:00+00:00,54.89825795163295,55.95670493474997,54.32492969851047,54.37785339355469,2327700
2020-07-06 00:00:00+00:00,55.46276751980745,55.6038940177318,54.53662466688383,55.136409759521484,2543800
2020-07-07 00:00:00+00:00,54.76595260403771,54.907079098456954,53.47817292187201,53.64575958251953,2977800
2020-07-08 00:00:00+00:00,53.892733881963316,54.10442532078248,53.38115156562567,53.883914947509766,2624600
2020-07-09 00:00:00+00:00,53.78688674303241,53.98093693703236,52.34915825008594,52.45500564575195,2039700
2020-07-10 00:00:00+00:00,52.640235883055794,52.86074625342224,52.10219004100627,52.71961975097656,2331000
2020-07-13 00:00:00+00:00,52.975418190370675,54.63365392828817,52.81665043773919,53.65459060668945,3155700
2020-07-14 00:00:00+00:00,53.23120318793047,54.92472461786611,52.772544568809224,54.76595687866211,2889400
2020-07-15 00:00:00+00:00,55.99199053304528,56.41537002294085,55.18933295256641,56.124298095703125,2262600
2020-07-16 00:00:00+00:00,55.78030287418909,56.53885569612494,55.38338354806381,55.69209671020508,2493400
2020-07-17 00:00:00+00:00,56.10665959964563,56.380090307550866,55.7538416584967,56.036094665527344,2091300
2020-07-20 00:00:00+00:00,55.41866790632014,55.90379004827625,54.721854328293794,54.99528503417969,1936500
2020-07-21 00:00:00+00:00,55.66563816209385,56.67998720671945,55.56861306125056,56.26542663574219,2509100
2020-07-22 00:00:00+00:00,56.04490756394879,56.468283638758436,55.727372143120874,56.41536331176758,2143300
2020-07-23 00:00:00+00:00,56.362447562592024,56.75054120778199,56.124295977628165,56.45947265625,1659300
2020-07-24 00:00:00+00:00,56.662332859773166,56.74172007836907,55.7802948990888,55.886138916015625,1427700
2020-07-27 00:00:00+00:00,55.709737897798604,56.10665722360182,55.348101037560355,55.93024826049805,2496600
2020-07-28 00:00:00+00:00,55.63917167613117,55.939062514178666,54.85415202423701,54.92471694946289,2341100
2020-07-29 00:00:00+00:00,55.35691756086437,56.353625298982344,55.057023346064305,56.22132110595703,2749100
2020-07-30 00:00:00+00:00,55.38338822939578,55.50687350468999,54.377861428032716,55.25990295410156,2103400
2020-07-31 00:00:00+00:00,54.96000392052831,54.968822854544555,53.6104782150068,54.69538879394531,3472300
2020-08-03 00:00:00+00:00,55.01292380697379,56.14193914098127,54.88061960947864,55.36574172973633,2822800
2020-08-04 00:00:00+00:00,55.38338840652093,56.11548112584429,54.16617015453107,54.62483215332031,3501200
2020-08-05 00:00:00+00:00,55.68327550254423,57.306231841650366,55.38338128668588,57.059261322021484,3171200
2020-08-06 00:00:00+00:00,57.33270163152111,57.61495466268318,56.944601190132104,57.43854904174805,2060500
2020-08-07 00:00:00+00:00,57.63258359661574,58.57637438355013,57.03280188665988,58.54109191894531,3830900
2020-08-10 00:00:00+00:00,58.57637325544107,60.46394133407354,58.55872865875745,60.128761291503906,3431700
2020-08-11 00:00:00+00:00,61.689978411015126,63.101243322091996,61.66351824540774,61.99869155883789,5554800
2020-08-12 00:00:00+00:00,62.580851242461826,63.427617133038446,62.01634513503982,63.32176971435547,6259200
2020-08-13 00:00:00+00:00,62.74441817731717,63.250707808149684,62.158191288446346,62.35359573364258,3635500
2020-08-14 00:00:00+00:00,61.77624543589801,62.45129367636023,61.643009912219334,61.936126708984375,2018400
2020-08-17 00:00:00+00:00,62.16706761960041,62.62894991357451,61.323253841598316,61.50978088378906,1435000
2020-08-18 00:00:00+00:00,61.20776231849581,61.67852182492918,60.65705881054528,60.719234466552734,2302500
2020-08-19 00:00:00+00:00,60.97683258590614,61.16335958856404,60.31066181499669,60.6837158203125,3145700
2020-08-20 00:00:00+00:00,60.11525760694343,60.37284448141988,59.87543908333586,60.097496032714844,2830600
2020-08-21 00:00:00+00:00,60.212963180247385,60.43502012952844,59.87543905693069,60.27513885498047,2730400
2020-08-24 00:00:00+00:00,60.60378843800402,61.86507034301758,60.34620155149157,61.86507034301758,2539100
2020-08-25 00:00:00+00:00,62.43353166654319,62.611174512448066,61.38542261176797,61.980533599853516,2094900
2020-08-26 00:00:00+00:00,62.06046678115328,62.8065747355644,61.323236223838244,62.41575241088867,2901700
2020-08-27 00:00:00+00:00,62.81547317705628,63.23294134112099,61.403187404510575,61.811771392822266,2122700
2020-08-28 00:00:00+00:00,61.82953816627627,63.00199860005007,61.52753718814646,62.7532958984375,2049600
2020-08-31 00:00:00+00:00,62.62004685153223,62.69998408408793,61.51864650649608,61.70517349243164,2387300
2020-09-01 00:00:00+00:00,61.69630514000478,62.32694609511734,61.32325107246901,62.29141616821289,2255600
2020-09-02 00:00:00+00:00,61.98940771785299,63.037516602580894,61.91834788036386,62.797691345214844,2880900
2020-09-03 00:00:00+00:00,62.93093524944039,63.13523061534119,60.559368763840595,61.0567741394043,2243200
2020-09-04 00:00:00+00:00,61.962783363582574,62.664484253589144,60.97684980213652,61.767372131347656,2236400
2020-09-08 00:00:00+00:00,61.021235362363875,61.323236279881755,60.04418632642062,60.18630599975586,2716700
2020-09-09 00:00:00+00:00,60.91466105553717,61.7673588870178,60.66595836843531,61.021244049072266,1671800
2020-09-10 00:00:00+00:00,61.163362373529374,61.43871080285147,59.68890108065918,59.964256286621094,2226900
2020-09-11 00:00:00+00:00,60.319541334609504,60.82583081036531,59.94648058144286,60.32841873168945,2253600
2020-09-14 00:00:00+00:00,60.78141384207855,61.12782205769545,60.15965724395557,60.568241119384766,2684300
2020-09-15 00:00:00+00:00,60.861359243755345,61.76735529597045,60.701477986107946,60.7636604309082,2233600
2020-09-16 00:00:00+00:00,61.22554741573586,61.57195574327559,59.973142864906976,61.00349044799805,3143600
2020-09-17 00:00:00+00:00,60.33730471053639,61.625232096115546,59.71554806438904,61.367645263671875,2398200
2020-09-18 00:00:00+00:00,61.04789149192038,61.83841358581538,60.17742538288935,60.2662467956543,3503600
2020-09-21 00:00:00+00:00,59.067144186743334,59.41355246014343,56.97981037156232,57.717041015625,2767600
2020-09-22 00:00:00+00:00,57.592679513776666,58.338794288769094,57.28180118112958,57.93909454345703,2114200
2020-09-23 00:00:00+00:00,58.24997009617971,58.90725665049939,56.615631107575766,56.748863220214844,1918600
2020-09-24 00:00:00+00:00,56.58897905712142,57.8236148675212,56.10045455932344,57.19297409057617,1646100
2020-09-25 00:00:00+00:00,56.571218039960385,57.41503498857371,56.5001615895961,57.139686584472656,1847500
2020-09-28 00:00:00+00:00,58.22333068602388,58.827325816330514,57.903568159588616,58.196678161621094,1949300
2020-09-29 00:00:00+00:00,58.39209339339205,58.57862041729712,57.47721984805948,57.87692642211914,1379200
2020-09-30 00:00:00+00:00,58.28550677957209,59.19149609329068,57.76144888874909,58.241092681884766,2687100
2020-10-01 00:00:00+00:00,58.82733221247982,58.925031039353314,56.98870087388714,57.40616226196289,2314800
2020-10-02 00:00:00+00:00,56.295864167446815,58.89836782253202,56.1892744197748,58.21443557739258,2090100
2020-10-05 00:00:00+00:00,59.06712885516408,60.257350454496915,58.898363461339436,60.03529357910156,2295300
2020-10-06 00:00:00+00:00,60.20405866428541,61.4031644299454,59.66223934896738,59.759944915771484,2160900
2020-10-07 00:00:00+00:00,60.586003335563696,61.34987960805594,60.28400920657961,61.181114196777344,1883300
2020-10-08 00:00:00+00:00,61.49200778026712,61.80288612563962,61.02124139825771,61.536415100097656,1627100
2020-10-09 00:00:00+00:00,62.175941044137495,63.24181160852394,62.09600380129641,62.131526947021484,3006300
2020-10-12 00:00:00+00:00,62.442427428227546,62.59342455292872,61.47425544146998,61.80290222167969,1999800
2020-10-13 00:00:00+00:00,61.86508049548483,62.158197356857336,60.799202847759844,61.190025329589844,1879000
2020-10-14 00:00:00+00:00,61.358776060553254,62.30029532949526,61.358776060553254,61.625240325927734,1914100
2020-10-15 00:00:00+00:00,60.772554549654494,61.82066379890982,60.67484893328516,61.80290222167969,2020600
2020-10-16 00:00:00+00:00,62.17594558682725,62.88653053276138,62.060478413185066,62.42464828491211,2848200
2020-10-19 00:00:00+00:00,62.46905040795308,62.8243428127992,61.944992586061275,62.140403747558594,3219500
2020-10-20 00:00:00+00:00,62.522357413801366,63.1441141941119,61.94500795971835,62.17594909667969,1882800
2020-10-21 00:00:00+00:00,61.63413208300551,62.460184282899185,61.367661008211066,61.47425079345703,2525600
2020-10-22 00:00:00+00:00,61.79399170396219,62.06046268531631,61.47422923699267,61.9627571105957,1556800
2020-10-23 00:00:00+00:00,62.602297256918824,62.975351300156035,61.900596493702054,62.19370651245117,2044800
2020-10-26 00:00:00+00:00,61.44759938081568,61.44759938081568,59.55567660930808,60.159671783447266,2515000
2020-10-27 00:00:00+00:00,60.01755021211039,60.44390252388864,59.36914095759433,59.44020080566406,3109900
2020-10-28 00:00:00+00:00,57.930217002356606,58.75626911034076,57.28180774004295,57.725921630859375,3326000
2020-10-29 00:00:00+00:00,57.31732966193605,58.17891157408942,56.979805591630694,57.23739242553711,4505500
2020-10-30 00:00:00+00:00,57.21075089870262,57.56603656663732,56.53569593167517,57.548274993896484,3902900
2020-11-02 00:00:00+00:00,58.53420577483099,60.710360891607415,58.39208609249746,60.36395263671875,5200400
2020-11-03 00:00:00+00:00,60.577122240942685,62.94869518621431,60.46165508751652,62.531227111816406,4692000
2020-11-04 00:00:00+00:00,60.994586389669756,62.10487086644388,59.06713416438316,60.532711029052734,4053500
2020-11-05 00:00:00+00:00,62.05159858683235,63.26847318962428,61.438719197424916,62.59341812133789,2700700
2020-11-06 00:00:00+00:00,62.67334733683219,62.7976986786402,61.78511959440933,62.28253173828125,2348900
2020-11-09 00:00:00+00:00,66.61707910298962,68.89093990118029,66.61707910298962,67.76289367675781,6659400
2020-11-10 00:00:00+00:00,68.00271045158117,69.20182326627241,67.47865936207631,68.78435516357422,3291200
2020-11-11 00:00:00+00:00,68.55342530788586,68.74883651793354,66.42167712581026,66.52826690673828,3441200
2020-11-12 00:00:00+00:00,66.55060334587758,66.84570978906878,65.70106193714582,66.38069915771484,2387300
2020-11-13 00:00:00+00:00,66.72051163676326,67.89198605892214,66.72051163676326,67.79361724853516,1788800
2020-11-16 00:00:00+00:00,69.06345749485646,69.87722765663449,68.41959149018393,69.74308776855469,2742300
2020-11-17 00:00:00+00:00,69.52847634827751,69.64472729309568,67.80256019945973,68.31228637695312,2269800
2020-11-18 00:00:00+00:00,68.6610534834048,69.85041696747528,68.33018274970195,68.7594223022461,2559500
2020-11-19 00:00:00+00:00,68.57164398175158,69.17973916495998,67.86517995841821,69.07242584228516,1563300
2020-11-20 00:00:00+00:00,68.85780077979324,68.9025163664987,67.48958842734972,67.92777252197266,1810700
2020-11-23 00:00:00+00:00,68.51796931118037,69.74309695449813,68.42853815892268,69.5821304321289,2205800
2020-11-24 00:00:00+00:00,70.6373711835763,71.71048386954836,70.20813156730004,71.49585723876953,4222500
2020-11-25 00:00:00+00:00,70.93248385340148,71.05767932092455,69.93985777329617,69.98457336425781,1658700
2020-11-27 00:00:00+00:00,70.40486021535068,70.72678647499886,69.60896516778769,69.89513397216797,664100
2020-11-30 00:00:00+00:00,69.7520544096401,69.7520544096401,67.93671357239626,68.69683074951172,2724600
2020-12-01 00:00:00+00:00,69.70732335281171,70.05608300163728,67.65053655494796,67.75784301757812,3076700
2020-12-02 00:00:00+00:00,66.66685428707531,68.09766395531527,66.62213871324585,67.87409973144531,3035300
2020-12-03 00:00:00+00:00,67.909907993381,68.29443894179839,67.39123707269849,67.49855041503906,2582700
2020-12-04 00:00:00+00:00,67.70420164998768,71.9340405742445,67.58795068755491,71.62998962402344,5503000
2020-12-07 00:00:00+00:00,71.38852978293241,71.513725202803,69.97560224709139,70.7983169555664,4038900
2020-12-08 00:00:00+00:00,69.948805621536,72.86408626835632,69.85043677480049,72.73888397216797,3918000
2020-12-09 00:00:00+00:00,72.76571442499753,73.32909403275684,72.1933903344556,72.97138977050781,3746700
2020-12-10 00:00:00+00:00,72.74780753358158,73.18599156497663,72.1128858652958,72.75675201416016,2990200
2020-12-11 00:00:00+00:00,72.0681740607023,73.91034826594033,71.98769419919773,73.70466613769531,3870800
2020-12-14 00:00:00+00:00,74.06236720562755,74.3485291833031,71.82672462296233,71.90721130371094,3428200
2020-12-15 00:00:00+00:00,73.99978990014044,74.18758311017305,72.30964418720536,73.72257232666016,3103900
2020-12-16 00:00:00+00:00,73.3022430288502,73.66888482930607,72.06816407564199,72.6852035522461,1852800
2020-12-17 00:00:00+00:00,73.25755727980113,73.49901057445093,71.93406028019848,72.57792663574219,2528200
2020-12-18 00:00:00+00:00,72.53318346502114,72.89088761795588,71.59421091639732,72.34539031982422,5390200
2020-12-21 00:00:00+00:00,70.6731362409833,72.56896371478683,70.11870121551782,72.05029296875,3195300
2020-12-22 00:00:00+00:00,71.80885203789063,71.98770073924244,70.69103059784028,70.94142150878906,2860600
2020-12-23 00:00:00+00:00,71.53161454409755,71.93403428219294,70.94140847991943,71.55844116210938,2551100
2020-12-24 00:00:00+00:00,71.97875605328203,71.97875605328203,71.12921449030894,71.52268981933594,456600
2020-12-28 00:00:00+00:00,72.03240380746831,72.69415207463425,71.40641981624482,71.42430877685547,1736300
2020-12-29 00:00:00+00:00,72.00556389894392,72.04133499431279,70.14551469823435,70.86091613769531,1318300
2020-12-30 00:00:00+00:00,71.24546821216809,71.74625687460615,71.03979288052605,71.37960815429688,1169900
2020-12-31 00:00:00+00:00,71.64785761290159,71.96979060824371,70.7446563302674,71.87142181396484,1239800
2021-01-04 00:00:00+00:00,72.05923428916789,72.3990495099555,69.53742969637615,69.76099395751953,2227700
2021-01-05 00:00:00+00:00,69.91303780441201,71.31702152900526,69.76101569689398,70.96826171875,2687600
2021-01-06 00:00:00+00:00,71.77307167256393,74.3306473432189,71.7283560916751,73.35590362548828,3791000
2021-01-07 00:00:00+00:00,73.94611201194436,74.37535154255157,72.79251968664859,73.39167022705078,2435600
2021-01-08 00:00:00+00:00,73.83881421503676,73.92823856746143,72.07712649944371,73.16812133789062,2156900
2021-01-11 00:00:00+00:00,72.24702994809876,74.33065057143978,71.99663905858208,73.8835220336914,1749700
2021-01-12 00:00:00+00:00,73.88352123243804,75.3679844138911,73.79409006774621,75.09076690673828,2646300
2021-01-13 00:00:00+00:00,75.27857761423152,75.51108641586059,73.71362738439878,73.90142059326172,2189200
2021-01-14 00:00:00+00:00,74.11603963276896,75.03713034631178,73.88353765627836,74.52739715576172,1883200
2021-01-15 00:00:00+00:00,75.09075033043446,75.09075033043446,73.13232560541334,73.999755859375,2926900
2021-01-19 00:00:00+00:00,76.01185541881334,76.36061515080607,74.59892752771229,74.60787200927734,2981000
2021-01-20 00:00:00+00:00,74.75988290083801,75.76145318446676,74.42006770123652,75.46634674072266,2377900
2021-01-21 00:00:00+00:00,75.58260721974256,75.90454032210623,74.885087772168,75.35010528564453,1796500
2021-01-22 00:00:00+00:00,74.70623338958752,75.35009954526336,73.58841209782803,74.87614440917969,2432200
2021-01-25 00:00:00+00:00,74.44690628896849,74.67047057211855,72.90878292927363,73.75833129882812,2137500
2021-01-26 00:00:00+00:00,74.20543347813596,74.25908670376826,73.03395241160554,73.2306900024414,2010900
2021-01-27 00:00:00+00:00,71.66576234522286,72.32751067869901,70.04715920237871,71.11132049560547,4835500
2021-01-28 00:00:00+00:00,71.94298417977629,73.76726956398748,71.37960463775951,72.5063705444336,2530300
2021-01-29 00:00:00+00:00,72.11288186641981,72.89982554770474,70.60158539651019,70.95928955078125,3545400
2021-02-01 00:00:00+00:00,71.8088312752631,72.86405468247158,70.89668542323885,72.27384185791016,3674900
2021-02-02 00:00:00+00:00,74.55421841974362,75.84194403088883,74.22334082977362,74.92086029052734,4023200
2021-02-03 00:00:00+00:00,74.75989395011379,74.87615174233214,73.38273716507459,74.83143615722656,3728700
2021-02-04 00:00:00+00:00,75.57366211311272,76.12809709493388,74.87614273427991,75.26067352294922,4457100
2021-02-05 00:00:00+00:00,76.04763871176014,77.45162234633423,75.64521884851546,77.0044937133789,3833100
2021-02-08 00:00:00+00:00,77.39794244854754,77.8629530647739,76.70936077016876,77.37110900878906,3248500
2021-02-09 00:00:00+00:00,77.2817069170357,77.37113127404702,76.4142763264796,76.81669616699219,1565700
2021-02-10 00:00:00+00:00,77.15651620179172,77.29065615688576,75.97609687771886,76.06552124023438,2540300
2021-02-11 00:00:00+00:00,76.72670171981837,77.11352907121363,75.24236388942319,76.60975646972656,1622400
2021-02-12 00:00:00+00:00,76.08801953180861,76.98761775697525,76.070023723807,76.7627182006836,1400800
2021-02-16 00:00:00+00:00,77.36541194650007,77.5453287638117,76.39384466088937,76.5287857055664,2751300
2021-02-17 00:00:00+00:00,76.40285063134249,76.83466064724456,75.75513903918308,76.348876953125,1835400
2021-02-18 00:00:00+00:00,75.97103737225973,76.13296526338694,75.25136319432879,75.90806579589844,1334800
2021-02-19 00:00:00+00:00,76.24091264972408,77.47336409199008,76.13295844417968,76.8706283569336,2461800
2021-02-22 00:00:00+00:00,76.86163851152953,78.16605258098187,75.8630844007788,77.51834106445312,2044000
2021-02-23 00:00:00+00:00,77.32945514960252,78.40897703366498,76.91564082956478,78.08512115478516,2665000
2021-02-24 00:00:00+00:00,78.31001247739958,80.15418434960996,78.21105614348618,80.03723907470703,2827300
2021-02-25 00:00:00+00:00,79.58743847866255,79.73137059389737,78.16607195000682,78.56189727783203,2783000
2021-02-26 00:00:00+00:00,78.5888868893021,79.05667485953158,77.24848770474429,77.27547454833984,3235700
2021-03-01 00:00:00+00:00,78.32798847598987,80.21714268360533,78.19304741900578,79.56044006347656,1844700
2021-03-02 00:00:00+00:00,79.46148689091179,79.94727059724893,78.66983631907902,78.8317642211914,2024900
2021-03-03 00:00:00+00:00,79.01169496519749,80.54100883877169,78.6158696440139,79.64141082763672,3487400
2021-03-04 00:00:00+00:00,79.57845138611138,80.89186385920588,78.04913727914374,79.60543823242188,3805000
2021-03-05 00:00:00+00:00,80.7749088824478,82.10631013892899,79.21860125244672,81.89940643310547,3299000
2021-03-08 00:00:00+00:00,82.76300622168736,84.00444884419326,81.93537780668343,82.87995147705078,3993900
2021-03-09 00:00:00+00:00,83.34776537939842,83.60864965213567,80.94584009840942,80.96382904052734,3371300
2021-03-10 00:00:00+00:00,81.2786720160413,82.88895314253443,81.03578359359697,82.51112365722656,3057500
2021-03-11 00:00:00+00:00,82.79899005371857,83.43770372764992,81.88139636868857,82.14228057861328,2660000
2021-03-12 00:00:00+00:00,82.26822606747646,82.98790714033568,81.98035501101026,82.94292449951172,2440200
2021-03-15 00:00:00+00:00,82.53812620488969,83.10487054070818,80.63997365263256,81.79145812988281,2675000
2021-03-16 00:00:00+00:00,81.45859276621626,81.63850960124977,79.6503990615641,80.1181869506836,3362200
2021-03-17 00:00:00+00:00,80.16316544151562,81.58453170022061,80.06420912835344,81.43159484863281,2364900
2021-03-18 00:00:00+00:00,81.31465366563225,82.59208103694877,80.26212576940895,80.47802734375,2301500
2021-03-19 00:00:00+00:00,80.03724836355735,80.44206478499314,78.49893635335648,79.60543823242188,10934600
2021-03-22 00:00:00+00:00,79.77634512761436,80.85585990395188,78.97570351476341,80.37907409667969,2199000
2021-03-23 00:00:00+00:00,79.56944580303028,80.71193918475792,78.1300902771504,78.46294403076172,2643100
2021-03-24 00:00:00+00:00,79.16460848018576,80.89183465435882,79.16460848018576,79.21858215332031,2166900
2021-03-25 00:00:00+00:00,78.8227770229445,80.46004506254808,78.04012431404739,80.23514556884766,2156800
2021-03-26 00:00:00+00:00,81.04478209979473,82.49313545699873,80.57699415059913,82.37619018554688,4093300
2021-03-29 00:00:00+00:00,81.89039642984396,82.98790697524666,81.6475080146849,82.07032012939453,3267300
2021-03-30 00:00:00+00:00,82.33120174639662,82.68205126284238,81.54855591883069,81.9893569946289,2598500
2021-03-31 00:00:00+00:00,81.98936407678757,82.44816099479685,80.97282077157904,81.16173553466797,3555500
2021-04-01 00:00:00+00:00,81.11674840299693,81.52157161299591,80.55900204663396,81.33265686035156,3358500
2021-04-05 00:00:00+00:00,82.00735406984946,83.2577946964897,81.99835616841949,82.41217041015625,3658800
2021-04-06 00:00:00+00:00,82.6100648526627,83.32973895051201,81.98034229573497,82.28620910644531,2843700
2021-04-07 00:00:00+00:00,82.15129228180841,82.70904553432919,81.48559165765599,81.94438171386719,2847400
2021-04-08 00:00:00+00:00,81.89040853095146,82.0523364527817,80.99980839257934,81.89940643310547,2422300
2021-04-09 00:00:00+00:00,82.28621805541268,83.32974801296758,81.80043438325559,82.70903015136719,3256300
2021-04-12 00:00:00+00:00,82.67305447785598,83.09586662017033,82.38518340316782,82.77201080322266,2258600
2021-04-13 00:00:00+00:00,82.30421047309272,82.44814943243475,80.92782677547443,81.53055572509766,2728300
2021-04-14 00:00:00+00:00,81.44959188923049,82.61007396393761,81.39561821337013,82.34918975830078,2889500
2021-04-15 00:00:00+00:00,82.91593998242963,83.03289210649223,81.71947308223382,82.51112365722656,3053000
2021-04-16 00:00:00+00:00,83.38373241674698,83.90549398801318,82.59208186392438,82.94292449951172,2468700
2021-04-19 00:00:00+00:00,82.94294359728526,83.35676477066423,81.9623849447111,82.57411193847656,2532700
2021-04-20 00:00:00+00:00,82.23226352707982,82.49314092967249,80.88286641134872,81.71049499511719,2726300
2021-04-21 00:00:00+00:00,81.50358165138535,82.98791980099134,81.35065163067263,82.86197662353516,2373700
2021-04-22 00:00:00+00:00,83.18582179869418,83.18582179869418,82.24124122555091,82.3311996459961,2526100
2021-04-23 00:00:00+00:00,82.68205171756492,83.55465597267003,82.17827219335149,83.17682647705078,2374100
2021-04-26 00:00:00+00:00,83.45569357995676,84.17537464028284,82.84396673769575,82.87995147705078,2246700
2021-04-27 00:00:00+00:00,83.02391244945908,83.1318666961498,82.21427275775139,82.90696716308594,1925700
2021-04-28 00:00:00+00:00,82.86196303512008,83.3837314638107,82.56509408120432,82.83497619628906,1449000
2021-04-29 00:00:00+00:00,83.5276827965384,83.58166335002035,82.65507153529289,83.47370910644531,1611700
2021-04-30 00:00:00+00:00,82.87097414071634,83.16783627854753,81.08076909461411,81.40462493896484,2537900
2021-05-03 00:00:00+00:00,82.46613076494364,82.7000281206088,81.5845287421381,81.80043029785156,2396400
2021-05-04 00:00:00+00:00,81.42260683618046,82.10629629002248,80.58598052506977,81.96236419677734,3092500
2021-05-05 00:00:00+00:00,80.75692059147761,82.21427202353657,80.09121990130258,81.76447296142578,4966300
2021-05-06 00:00:00+00:00,82.33119845506066,84.43626115264304,81.87240845841045,84.31031799316406,4282700
2021-05-07 00:00:00+00:00,84.25635704435604,85.69571255828828,83.31177634216286,85.50679779052734,3415600
2021-05-10 00:00:00+00:00,86.00153960828318,87.17101937534513,85.7946359787079,85.80362701416016,2357600
2021-05-11 00:00:00+00:00,85.01199767514109,86.04653658566413,84.35528821818359,85.69569396972656,3358400
2021-05-12 00:00:00+00:00,85.63272647698976,85.86661698984175,83.83353067321403,83.97746276855469,4069900
2021-05-13 00:00:00+00:00,84.04532746830584,86.03521241022189,83.92774608702311,85.66436767578125,2292600
2021-05-14 00:00:00+00:00,86.23417870253452,86.98490797641593,85.89047456663774,86.6864242553711,1942200
2021-05-17 00:00:00+00:00,86.58693712104521,86.87637400063237,85.86334147171758,86.39698791503906,2305100
2021-05-18 00:00:00+00:00,86.48742670450078,86.7316362235023,85.09450982015886,85.22113800048828,1993500
2021-05-19 00:00:00+00:00,83.80108957036906,84.43423048771965,82.98704631897655,84.40709686279297,2750600
2021-05-20 00:00:00+00:00,84.61512718130565,84.8141093844099,83.93675900048508,84.51563262939453,2146000
2021-05-21 00:00:00+00:00,85.00408065719698,85.60104122321492,84.06340904037135,84.70559692382812,2421900
2021-05-24 00:00:00+00:00,85.15783241661093,85.50153652602026,84.39805635802324,85.03120422363281,1872800
2021-05-25 00:00:00+00:00,85.04025098877898,85.59199111704702,84.3528427148053,84.48851776123047,1991100
2021-05-26 00:00:00+00:00,84.4252049208268,84.79604962352605,83.76493021216157,84.3980712890625,1982400
2021-05-27 00:00:00+00:00,85.50153386936636,86.52361312471385,85.12164930223555,86.33366394042969,3795300
2021-05-28 00:00:00+00:00,86.59596351108347,86.83113309541805,85.89046165879815,86.55074310302734,2555500
2021-06-01 00:00:00+00:00,87.65421648485983,87.95269323749643,87.08438280105246,87.82606506347656,2408800
2021-06-02 00:00:00+00:00,87.88941046252664,88.26025517621716,87.2562693668604,88.16980743408203,2303400
2021-06-03 00:00:00+00:00,88.01602595401688,88.61299338708034,87.42811226479422,88.18788146972656,1911400
2021-06-04 00:00:00+00:00,88.64012057877126,89.30944200604233,88.41399782219277,88.83006286621094,1770100
2021-06-07 00:00:00+00:00,88.96575122731784,89.01097854569612,87.9798522725747,88.52255249023438,1916600
2021-06-08 00:00:00+00:00,88.4592069844823,89.62599409640319,87.9165069594654,89.10139465332031,2793100
2021-06-09 00:00:00+00:00,88.8933791018069,88.96574004182638,88.1607435610871,88.54967498779297,1843900
2021-06-10 00:00:00+00:00,89.07428287429401,89.43607377873077,88.14265128328377,88.26927947998047,2099000
2021-06-11 00:00:00+00:00,88.58586953271977,88.71249774751358,87.3648009032192,87.76277923583984,2144300
2021-06-14 00:00:00+00:00,87.41002418432363,88.10648623422978,87.0030059271098,88.079345703125,2497200
2021-06-15 00:00:00+00:00,88.2964122433227,89.228036851683,87.89843400257905,89.19185638427734,3647800
2021-06-16 00:00:00+00:00,89.11044171530277,89.51746676659666,88.26022494954375,88.85718536376953,3527700
2021-06-17 00:00:00+00:00,88.92052044669848,88.92052044669848,84.89553769366691,85.04025268554688,3278200
2021-06-18 00:00:00+00:00,83.47549877984162,84.34380955684436,83.27650959956003,83.45740509033203,5239900
2021-06-21 00:00:00+00:00,84.31666329826727,85.99901733328046,84.12672099118122,85.86334228515625,2580100
2021-06-22 00:00:00+00:00,85.70051987828387,86.39697489269362,84.98597117997238,85.72765350341797,2058300
2021-06-23 00:00:00+00:00,86.02613578981685,86.85826581715551,85.42916844364886,85.47439575195312,2234900
2021-06-24 00:00:00+00:00,85.89950576556704,86.30652392870455,85.14877662841114,86.24320983886719,2585100
2021-06-25 00:00:00+00:00,86.61407030683525,87.27434495030077,86.35176705781487,86.83114624023438,2076200
2021-06-28 00:00:00+00:00,87.0391822256916,87.07535579732296,85.61913146433787,85.95378875732422,1726300
2021-06-29 00:00:00+00:00,86.77688470991757,87.2562639239793,85.43823474737088,85.64627075195312,3409300
2021-06-30 00:00:00+00:00,85.43822478906506,87.22007328324776,85.43822478906506,87.0482177734375,2283100
2021-07-01 00:00:00+00:00,87.74466155115002,88.26926101311923,87.48235836980653,87.66325378417969,1904800
2021-07-02 00:00:00+00:00,87.65424200308387,88.3778307937487,87.14772225882656,88.13362121582031,1347500
2021-07-06 00:00:00+00:00,88.00696726566402,88.00696726566402,85.7185994937413,86.55977630615234,2286500
2021-07-07 00:00:00+00:00,86.33365713502646,87.95269673956744,86.22512263909807,87.79893493652344,2143600
2021-07-08 00:00:00+00:00,86.28844947722044,87.35574921608517,85.66434843055231,86.8582763671875,1659100
2021-07-09 00:00:00+00:00,88.10648094495538,88.76675558041705,87.92557858538277,88.2873764038086,2143700
2021-07-12 00:00:00+00:00,88.28736540129165,89.35466503724352,87.50950260386647,89.19185638427734,2339500
2021-07-13 00:00:00+00:00,89.19184868155305,89.19184868155305,88.3325850822112,88.45921325683594,2210600
2021-07-14 00:00:00+00:00,88.82100989675867,89.45415771193444,88.53157306433266,88.69438171386719,2815100
2021-07-15 00:00:00+00:00,88.28736751874503,89.40893443234536,88.09742523584875,89.1104507446289,2003200
2021-07-16 00:00:00+00:00,89.54460705128301,89.62600792716654,87.77180555794989,87.97079467773438,4560900
2021-07-19 00:00:00+00:00,86.55075903182562,86.86732954935394,84.41615939832081,84.85031127929688,3795100
2021-07-20 00:00:00+00:00,84.96788878262394,88.05219957809815,84.91361462883575,87.85321044921875,3335200
2021-07-21 00:00:00+00:00,88.30545704062561,89.12854719274992,88.08838112497305,88.88433074951172,1799700
2021-07-22 00:00:00+00:00,89.0833327974529,89.09237964129319,87.96176568645444,88.13362121582031,1150500
2021-07-23 00:00:00+00:00,88.6129798371784,89.2280339617167,87.96174524640627,89.07427215576172,1657000
2021-07-26 00:00:00+00:00,89.0742974716843,89.72552534682443,88.47732996023882,88.94766235351562,1258500
2021-07-27 00:00:00+00:00,88.43210263941283,89.66221123810023,87.87132250520438,88.94766235351562,1515900
2021-07-28 00:00:00+00:00,88.83910058114924,89.47224147423118,87.78988778607838,88.96572875976562,1742400
2021-07-29 00:00:00+00:00,89.94259911985137,90.63905424546101,89.14664251833223,90.44911193847656,2445600
2021-07-30 00:00:00+00:00,90.24106457453307,91.38072517356473,89.96972141333802,91.25409698486328,2807100
2021-08-02 00:00:00+00:00,91.9415145204215,92.63796957675657,90.11443877659579,90.19584655761719,1970300
2021-08-03 00:00:00+00:00,90.53050944690403,91.61590289007417,89.70742614736805,91.49832153320312,2193100
2021-08-04 00:00:00+00:00,88.36876970816584,92.09527518700013,88.36876970816584,90.62999725341797,1928500
2021-08-05 00:00:00+00:00,91.7153979908989,92.32140536558626,91.08225008688217,91.40786743164062,2086300
2021-08-06 00:00:00+00:00,92.22191161980003,92.56561575313809,91.31742052086038,91.75157928466797,1708000
2021-08-09 00:00:00+00:00,91.69730377543428,91.76966471845616,91.00989551888446,91.49832153320312,1314500
2021-08-10 00:00:00+00:00,91.80584797126723,93.37966057571604,91.4802306185234,93.22589874267578,2247000
2021-08-11 00:00:00+00:00,93.2258868503409,94.39268106537791,92.98167731729532,94.32032012939453,2185200
2021-08-12 00:00:00+00:00,94.25215997018272,94.75205367455997,93.67956012777807,94.62480926513672,1920400
2021-08-13 00:00:00+00:00,94.4703111462139,94.68844345651007,93.87952949378985,94.28852844238281,1183600
2021-08-16 00:00:00+00:00,93.99768957378632,94.36124807237752,93.22513209821852,94.19764709472656,1339400
2021-08-17 00:00:00+00:00,93.58866232046769,93.93403897591332,92.4252810239145,93.35234832763672,2006500
2021-08-18 00:00:00+00:00,92.94334951402173,93.63410282520873,92.27076406754564,92.37074279785156,1336500
2021-08-19 00:00:00+00:00,91.58003669932499,92.6707052407023,90.68931874090238,92.00721740722656,2820000
2021-08-20 00:00:00+00:00,91.852681255965,92.91609083699365,91.852681255965,92.43437194824219,1389600
2021-08-23 00:00:00+00:00,93.05243811353607,94.00677828362682,93.05243811353607,93.25239562988281,1786000
2021-08-24 00:00:00+00:00,93.54321913245626,94.56118127991468,93.54321913245626,93.99766540527344,1542200
2021-08-25 00:00:00+00:00,93.7340816702272,95.0792456305261,93.52504027700408,94.70659637451172,1777100
2021-08-26 00:00:00+00:00,94.65206909179688,95.0247183637511,94.3612237547374,94.65206909179688,1242600
2021-08-27 00:00:00+00:00,94.9883785582994,95.46099971389226,94.97019682098755,95.22468566894531,2003600
2021-08-30 00:00:00+00:00,95.43373257866078,96.26991219035587,94.89748921930227,95.67913055419922,1707000
2021-08-31 00:00:00+00:00,95.80637133024828,95.99723794221133,94.97927574410824,95.88816833496094,3392000
2021-09-01 00:00:00+00:00,96.05175899170942,96.2789821150874,94.24306487122458,94.57026672363281,2963800
2021-09-02 00:00:00+00:00,95.05198345329254,96.06993865966797,94.94291385219526,96.06993865966797,1723300
2021-09-03 00:00:00+00:00,96.16991494076944,96.33351587109252,95.34282635668588,95.77909088134766,2008600
2021-09-07 00:00:00+00:00,95.48825178813043,95.51551745591458,94.1976259948135,94.22489166259766,1722900
2021-09-08 00:00:00+00:00,93.79771312908336,94.233984626235,93.16149108563326,93.70682525634766,2060900
2021-09-09 00:00:00+00:00,93.90679312201257,93.90679312201257,90.80747263288295,90.96198272705078,4196200
2021-09-10 00:00:00+00:00,91.82541531262235,92.23442113003647,90.81654400435423,90.97105407714844,2428000
2021-09-13 00:00:00+00:00,91.63455932284647,92.07083085844691,89.43504071101708,90.12580108642578,3633700
2021-09-14 00:00:00+00:00,90.49843670621311,90.69839418947225,88.42616266934608,88.75336456298828,3967300
2021-09-15 00:00:00+00:00,88.76246247283854,90.48026908359587,88.28983439594714,90.28031158447266,3600200
2021-09-16 00:00:00+00:00,90.46208791036248,90.47117877882496,89.26234984244965,89.7804183959961,1871700
2021-09-17 00:00:00+00:00,88.27164055647572,89.27142090217495,87.25367847788596,87.67176818847656,4932800
2021-09-20 00:00:00+00:00,86.02667841113973,86.32661460699353,84.75422749618691,86.04485321044922,2992300
2021-09-21 00:00:00+00:00,86.48114045034568,86.73562929290983,85.07235401347869,85.17233276367188,2204400
2021-09-22 00:00:00+00:00,85.95396974797517,87.4354621352194,85.90852234592413,86.79924011230469,2729400
2021-09-23 00:00:00+00:00,87.51727193631119,88.86242914183707,87.36276185386437,88.12622833251953,2367500
2021-09-24 00:00:00+00:00,87.71723649713005,88.5170595774977,87.40820937301689,87.53545379638672,1712200
2021-09-27 00:00:00+00:00,87.68087651721271,88.72610446900376,87.68087651721271,87.91719055175781,2440000
2021-09-28 00:00:00+00:00,87.55363071775179,88.10805578949622,86.83560469148767,86.9537582397461,2093700
2021-09-29 00:00:00+00:00,87.13553914017717,87.43546843871697,86.59928888137485,86.9264907836914,2622800
2021-09-30 00:00:00+00:00,87.49908308995856,87.53543962422103,85.59041011412812,85.61767578125,2659900
2021-10-01 00:00:00+00:00,85.83581536520153,86.91739279350327,85.04507634368186,86.49021911621094,2748300
2021-10-04 00:00:00+00:00,86.17211402956467,86.8356087467412,84.76333451558308,85.10871124267578,3906200
2021-10-05 00:00:00+00:00,85.37227311131879,87.25368031575528,85.09960258661225,86.78105926513672,2265100
2021-10-06 00:00:00+00:00,86.0175981515455,87.1809796112042,85.29048127210856,86.9264907836914,2855600
2021-10-07 00:00:00+00:00,88.22619783153507,90.13487076247368,88.22619783153507,88.47159576416016,3956200
2021-10-08 00:00:00+00:00,87.808107258585,88.64428671605408,87.24459139761254,87.83537292480469,3192400
2021-10-11 00:00:00+00:00,84.19072380937145,87.03556224642675,84.15436727119655,85.5995101928711,4300200
2021-10-12 00:00:00+00:00,86.01760447814405,86.43569428756564,83.71810705917483,83.90897369384766,3533500
2021-10-13 00:00:00+00:00,84.33614134268831,84.33614134268831,82.12753214796864,83.49996185302734,4837600
2021-10-14 00:00:00+00:00,85.04507548513264,86.49021824307269,84.49065047580784,86.11756896972656,4219200
2021-10-15 00:00:00+00:00,86.85379136880971,87.76268414390165,86.49932374126797,87.00830841064453,5417300
2021-10-18 00:00:00+00:00,86.53565437532242,87.1082541558435,86.0902989904727,87.04463195800781,2371200
2021-10-19 00:00:00+00:00,87.65361111889223,87.78993947164851,86.91740334250454,87.63542938232422,1906300
2021-10-20 00:00:00+00:00,88.16258391687184,88.78972204206075,87.62634060089319,88.4079818725586,1912600
2021-10-21 00:00:00+00:00,87.97171920697375,88.1716766966919,87.06282656956432,87.84447479248047,2002300
2021-10-22 00:00:00+00:00,88.16257478804036,88.68973411595334,87.49908019472925,87.83537292480469,1728100
2021-10-25 00:00:00+00:00,87.64450858404788,88.42615672920711,87.23550971162031,87.75357818603516,2047300
2021-10-26 00:00:00+00:00,88.24436524955632,89.40775341837693,87.72629682686163,88.25345611572266,2841000
2021-10-27 00:00:00+00:00,88.28074082328975,89.07147992715456,87.37184817097184,87.39002990722656,1925800
2021-10-28 00:00:00+00:00,87.77174512556779,88.96239203652733,87.6172350706477,88.62610626220703,1587700
2021-10-29 00:00:00+00:00,88.3443538770695,89.0987363645541,87.70813186009447,88.17166900634766,2635800
2021-11-01 00:00:00+00:00,88.89878687689695,89.46230280990235,88.38071834960024,88.9805908203125,1842800
2021-11-02 00:00:00+00:00,89.2078113918567,91.31644197756764,88.73518334968163,91.02559661865234,3695400
2021-11-03 00:00:00+00:00,86.13574840345399,89.98036714150113,85.43590415455662,86.59019470214844,4225200
2021-11-04 00:00:00+00:00,87.5899954519582,88.60795087817768,87.16281475661198,88.30802154541016,2789500
2021-11-05 00:00:00+00:00,89.21687604954872,89.77129400128872,88.43522807691433,89.00782775878906,1793400
2021-11-08 00:00:00+00:00,90.1167123326335,90.38937598126857,88.6352127979425,88.8442611694336,2977300
2021-11-09 00:00:00+00:00,89.07148891351162,89.56229182739611,88.01717000198909,88.6170425415039,3974700
2021-11-10 00:00:00+00:00,88.56677159578076,89.07845193943098,88.10991215434397,88.65814208984375,1930200
2021-11-11 00:00:00+00:00,89.11500439317031,89.18810357921699,88.39316561598402,88.89571380615234,1635000
2021-11-12 00:00:00+00:00,89.21550748152451,89.30687797181395,88.46625830735672,89.01448822021484,1824400
2021-11-15 00:00:00+00:00,89.23377481845519,89.23377481845519,87.7261375146537,88.064208984375,1544100
2021-11-16 00:00:00+00:00,88.33833107895906,88.88656094745795,87.68959158793793,87.90888214111328,2395700
2021-11-17 00:00:00+00:00,88.2104249228032,88.3474841543276,86.02663727284659,86.1728286743164,4046800
2021-11-18 00:00:00+00:00,86.19111740566846,87.27843830637126,85.5423777336678,86.41040802001953,5096200
2021-11-19 00:00:00+00:00,86.22765055533765,86.72105957185207,85.26824297248379,85.28651428222656,4019900
2021-11-22 00:00:00+00:00,85.95353223252167,87.70787075740958,85.7616521099047,86.29161071777344,5223200
2021-11-23 00:00:00+00:00,86.32816227297727,86.84898175225305,85.87130283602933,86.31902313232422,3099500
2021-11-24 00:00:00+00:00,85.87131694808754,86.94036653316368,85.87131694808754,86.09974670410156,2738400
2021-11-26 00:00:00+00:00,83.81544585604176,83.84285631030852,82.14333843454315,82.51795959472656,2767500
2021-11-29 00:00:00+00:00,83.43167856867635,84.23575573968454,82.44486735962859,83.0205078125,3420200
2021-11-30 00:00:00+00:00,82.23469873791882,82.89257744320166,80.05091118467938,80.26106262207031,5950100
2021-12-01 00:00:00+00:00,82.14332476864419,82.64586594588154,79.23769859068193,79.3016586303711,4779500
2021-12-02 00:00:00+00:00,80.11487841407832,83.18497466673143,79.98695831781131,82.58191680908203,4290600
2021-12-03 00:00:00+00:00,82.97482479122453,83.53219397002891,81.58597490098744,82.49055480957031,2907500
2021-12-06 00:00:00+00:00,83.38598717568843,84.19005728275037,82.4448578420159,83.09359741210938,2592900
2021-12-07 00:00:00+00:00,83.91593632382475,84.90275436060867,83.63268570944334,84.27229309082031,3456700
2021-12-08 00:00:00+00:00,84.45502843492305,84.82964951559829,84.08953952298346,84.50071716308594,2265800
2021-12-09 00:00:00+00:00,84.15351868110234,84.73829828463087,83.88853933401556,84.05300903320312,2044100
2021-12-10 00:00:00+00:00,84.39107537041978,84.9575835792862,83.96162638624446,84.60122680664062,2883100
2021-12-13 00:00:00+00:00,84.72915165233128,85.02154140419074,83.97076333712276,84.36366271972656,2612900
2021-12-14 00:00:00+00:00,83.68752946380727,84.80226788706054,83.0022401351965,83.4682388305664,3204800
2021-12-15 00:00:00+00:00,83.64182877456517,84.88448703375941,83.29461810286635,84.72915649414062,2550800
2021-12-16 00:00:00+00:00,85.75252053551101,86.66623946923222,85.18601925812209,85.78907012939453,2943900
2021-12-17 00:00:00+00:00,85.13117674320699,85.35960643735821,82.60931793898469,82.86515808105469,6637400
2021-12-20 00:00:00+00:00,81.58597193028854,82.2347115963472,80.90068266698565,81.74130249023438,3041300
2021-12-21 00:00:00+00:00,82.39002068877629,83.34028905615611,82.36261024076589,83.17581939697266,2816500
2021-12-22 00:00:00+00:00,82.86516254948705,83.46821334958231,81.8235236456777,82.11591339111328,3615200
2021-12-23 00:00:00+00:00,82.45397516592027,83.79714279684939,82.39001513450081,83.40424346923828,2367800
2021-12-27 00:00:00+00:00,83.45908747204983,84.31798553562157,83.43167701829712,84.21747589111328,1626500
2021-12-28 00:00:00+00:00,84.39108861990903,85.0672387377872,84.37281033581557,84.87535858154297,1271500
2021-12-29 00:00:00+00:00,84.55555462717426,85.20429426169375,84.3088466005504,84.93017578125,1434200
2021-12-30 00:00:00+00:00,85.085509150454,85.57891820848845,84.52814004625522,84.66519927978516,1202200
2021-12-31 00:00:00+00:00,84.47331044410681,85.3687580432329,84.24488071659854,84.94844818115234,1283500
2022-01-03 00:00:00+00:00,85.24996994197693,85.35961174046372,83.20323473601809,83.84284210205078,2435900
2022-01-04 00:00:00+00:00,85.20427237726133,87.96369990063124,84.5098441839886,87.5616683959961,4466700
2022-01-05 00:00:00+00:00,88.68554425839629,89.5353030189526,87.31496606208749,87.43375396728516,4180000
2022-01-06 00:00:00+00:00,87.63478004067383,88.53022062814631,87.0499935512904,87.92716979980469,2477000
2022-01-07 00:00:00+00:00,88.21955269085856,88.60331291275594,87.36065479041294,87.43375396728516,2863600
2022-01-10 00:00:00+00:00,86.99518476109021,87.3606737536663,86.0631944525878,87.07742309570312,2840000
2022-01-11 00:00:00+00:00,87.48856869213984,88.25608908178673,86.47434034073451,88.064208984375,2144300
2022-01-12 00:00:00+00:00,88.89571094252275,89.29774948170639,87.95458160863544,88.55763244628906,2191200
2022-01-13 00:00:00+00:00,88.8226137471222,89.81857097663384,88.5667735695954,88.8865737915039,2131900
2022-01-14 00:00:00+00:00,88.08250173784847,89.16069029890784,87.43376216728794,89.0601806640625,2624400
2022-01-18 00:00:00+00:00,88.42058915879875,88.75866771597622,87.39722828712311,88.05510711669922,2777100
2022-01-19 00:00:00+00:00,88.22869249169648,88.5759101263144,86.65709490860134,86.73019409179688,2145000
2022-01-20 00:00:00+00:00,86.98605410019319,87.9911506705531,85.3870457015049,85.56979370117188,2417700
2022-01-21 00:00:00+00:00,85.74337939980501,86.53831736325563,84.67432994528741,85.15859985351562,3253500
2022-01-24 00:00:00+00:00,84.07126097502162,85.35960073904644,81.92402338756654,85.01239013671875,4210100
2022-01-25 00:00:00+00:00,83.52304947959304,84.10782902829656,82.06109363671213,83.34030151367188,3723000
2022-01-26 00:00:00+00:00,84.40021366391652,84.8479339537001,82.17073741327533,82.76465606689453,4230000
2022-01-27 00:00:00+00:00,83.541311088501,84.7382804990049,82.1798720133299,82.81033325195312,2470700
2022-01-28 00:00:00+00:00,82.35348707170104,82.93826664639819,81.00118691938478,82.8834457397461,2937100
2022-01-31 00:00:00+00:00,82.8742928387757,84.14436142024633,82.09763324862134,84.01644134521484,3710300
2022-02-01 00:00:00+00:00,84.0164403463713,84.57380936857692,83.23978076545038,84.50071716308594,4371700
2022-02-02 00:00:00+00:00,86.12714957647921,89.32516587910999,86.11801043512888,89.14241790771484,4920800
2022-02-03 00:00:00+00:00,88.10077297866732,89.98303861700339,87.97285289280549,88.256103515625,3306500
2022-02-04 00:00:00+00:00,88.23782504928991,88.74950535124059,85.9809384771383,87.15049743652344,4979300
2022-02-07 00:00:00+00:00,87.43377968548099,88.04596978683573,86.40127267903749,87.47032928466797,4505600
2022-02-08 00:00:00+00:00,87.82666801258907,89.24292820288306,87.46117903824398,88.74038696289062,4809400
2022-02-09 00:00:00+00:00,89.6358404585477,90.12011045613401,89.21553051779122,89.92823028564453,3700500
2022-02-10 00:00:00+00:00,89.08777287971908,90.78704339750813,88.62851019881434,88.97755432128906,4274400
2022-02-11 00:00:00+00:00,89.14287810487188,89.9328103786277,86.53426275698739,87.02108001708984,3620200
2022-02-14 00:00:00+00:00,87.32417311454404,87.32417311454404,85.37689755506051,86.31379699707031,2698400
2022-02-15 00:00:00+00:00,87.12211119859471,87.82019229178424,86.6261067645751,87.14966583251953,3251900
2022-02-16 00:00:00+00:00,86.97516842235228,88.39887852308168,86.92923935131905,88.05902862548828,3059800
2022-02-17 00:00:00+00:00,87.33338619875965,87.57219772839557,85.22077523000509,85.59737396240234,2689800
2022-02-18 00:00:00+00:00,85.51469336220318,86.30462558229837,84.7615029904602,85.21157836914062,2413300
2022-02-22 00:00:00+00:00,84.90848286342779,85.85456282222826,84.35736206493365,85.18403625488281,2891700
2022-02-23 00:00:00+00:00,85.48715443148335,85.51470907086141,83.22758290118155,83.50314331054688,2687100
2022-02-24 00:00:00+00:00,82.1069810762717,83.02550643298827,80.78430232010626,82.66728210449219,4244300
2022-02-25 00:00:00+00:00,82.73157047081546,85.65248109850788,82.73157047081546,85.25751495361328,2864900
2022-02-28 00:00:00+00:00,84.29306732179475,85.89130645812203,83.99913949346886,85.34937286376953,3874100
2022-03-01 00:00:00+00:00,85.31261907977711,85.72595962942559,81.7946728473663,82.21719360351562,3558100
2022-03-02 00:00:00+00:00,82.77749549714177,86.1301069499004,82.74993385394782,85.63410949707031,3281400
2022-03-03 00:00:00+00:00,86.32299715669305,86.5985504985389,84.69720370786033,85.62491607666016,2510000
2022-03-04 00:00:00+00:00,84.17366244007958,84.62373789900582,83.40210451049174,84.1185531616211,3063600
2022-03-07 00:00:00+00:00,84.25630065412626,85.88208680759124,83.47554880418924,84.17362976074219,3546900
2022-03-08 00:00:00+00:00,84.67885811988788,89.0051118747064,84.63292904717684,86.06582641601562,4872400
2022-03-09 00:00:00+00:00,89.43680075469928,89.45516817517012,86.44240665699373,86.69959259033203,4150400
2022-03-10 00:00:00+00:00,86.45159884842275,87.25989854370688,85.98314900984859,87.02108001708984,3302200
2022-03-11 00:00:00+00:00,87.61811860904263,88.6009402965635,85.29425096522732,85.42284393310547,3239600
2022-03-14 00:00:00+00:00,85.9372330688765,86.46079225978627,83.84299630523742,84.79826354980469,3629000
2022-03-15 00:00:00+00:00,85.29425359350316,85.46877563005462,83.64090537299285,85.10136413574219,3984100
2022-03-16 00:00:00+00:00,85.523905843027,86.82821030980892,84.09100837291687,86.1209487915039,4378800
2022-03-17 00:00:00+00:00,85.85457316765282,87.82021702961748,85.52390345182765,87.70999145507812,3643300
2022-03-18 00:00:00+00:00,87.58139369458131,89.35414796058309,86.22198005478899,89.09696197509766,16105100
2022-03-21 00:00:00+00:00,89.86851853969264,90.86052761788035,89.3633337925397,90.19918823242188,3708100
2022-03-22 00:00:00+00:00,90.61251939994824,90.91563442129588,89.28984076700704,90.03384399414062,3266600
2022-03-23 00:00:00+00:00,89.70319156762535,90.18082167963,89.25310908785643,89.36333465576172,2299600
2022-03-24 00:00:00+00:00,90.42881963721405,90.65845097911433,89.48273962983168,89.8042221069336,2122800
2022-03-25 00:00:00+00:00,89.7950082102919,90.54819844883721,89.52863511268822,90.48390197753906,2136000
2022-03-28 00:00:00+00:00,89.66643843045435,90.23591960683571,88.9408026339053,90.2175521850586,2184300
2022-03-29 00:00:00+00:00,90.69517743718961,91.25547837692591,88.68361198895086,90.98910522460938,2913400
2022-03-30 00:00:00+00:00,90.64925337944479,91.80659007496966,90.55739525407427,90.9156265258789,1596100
2022-03-31 00:00:00+00:00,90.74110807341401,91.85252275784902,90.01547230269205,90.0614013671875,2786700
2022-04-01 00:00:00+00:00,91.00749045134222,91.28304384286038,89.74910823925391,90.40126037597656,2413900
2022-04-04 00:00:00+00:00,90.08897705344044,90.65845834262069,89.2347481118771,90.29105377197266,2633400
2022-04-05 00:00:00+00:00,90.2083783646344,90.55741549255828,88.30703107386853,88.69281005859375,2741900
2022-04-06 00:00:00+00:00,87.6273090653398,88.87650394905266,87.11293016700476,88.34375762939453,2839200
2022-04-07 00:00:00+00:00,87.77426993681478,88.35294532461592,87.11293064092287,88.07738494873047,2853100
2022-04-08 00:00:00+00:00,88.29783404567284,88.38050496623727,86.38730675885738,86.86493682861328,3660300
2022-04-11 00:00:00+00:00,86.93841374077336,87.1864124675046,85.3861038717268,85.58818054199219,2798200
2022-04-12 00:00:00+00:00,85.96477632536835,86.7455284081028,84.87173602356506,85.25751495361328,2193300
2022-04-13 00:00:00+00:00,85.29425463950002,86.07499969461894,84.92684314068187,85.70758819580078,2020200
2022-04-14 00:00:00+00:00,85.96478533752573,86.30464224455439,85.11056347763407,85.29426574707031,5320000
2022-04-18 00:00:00+00:00,85.0829698298356,86.82816876426645,85.0829698298356,86.31379699707031,2051900
2022-04-19 00:00:00+00:00,86.92921496956745,88.06818413225339,86.49750705099228,87.89366912841797,2314800
2022-04-20 00:00:00+00:00,88.65605199649667,89.62050628981132,88.64687178981885,89.22554016113281,2055400
2022-04-21 00:00:00+00:00,89.99711273015933,90.96156009855078,88.60095033811844,88.83058166503906,2217600
2022-04-22 00:00:00+00:00,88.21515687142933,88.48153000774992,85.85454749952969,85.97395324707031,2565500
2022-04-25 00:00:00+00:00,85.34018409707359,85.42284800559715,82.299860762974,84.69721221923828,2635500
2022-04-26 00:00:00+00:00,84.13691266782143,84.89929031778733,82.34579120854407,82.3641586303711,2508900
2022-04-27 00:00:00+00:00,82.52030881077292,84.04506415814714,82.23556821294908,83.22757720947266,1992000
2022-04-28 00:00:00+00:00,83.84296753732234,85.0186785094476,82.8050367276971,84.78904724121094,2320500
2022-04-29 00:00:00+00:00,84.49514740195487,84.99115194608198,82.65809664939182,82.8326187133789,2975000
2022-05-02 00:00:00+00:00,82.4560105575207,83.9991332942966,81.19763542027165,83.06224060058594,3409900
2022-05-03 00:00:00+00:00,82.51113430288498,83.63173635697866,81.6569054426162,83.1081771850586,3330500
2022-05-04 00:00:00+00:00,78.77272137118152,84.2654980212801,76.62336880668875,83.89808654785156,5737200
2022-05-05 00:00:00+00:00,83.8246117494041,84.34817083331245,81.0139198709251,81.96000671386719,2973100
2022-05-06 00:00:00+00:00,81.64771627398504,81.64771627398504,79.62696334489199,80.83941650390625,3262300
2022-05-09 00:00:00+00:00,79.507546224632,79.68206827083094,77.09182725403893,77.53272247314453,4179300
2022-05-10 00:00:00+00:00,78.22161429108414,78.58901878784451,76.34782192488163,76.79789733886719,3286500
2022-05-11 00:00:00+00:00,77.11937219957578,78.37775420148364,76.20084703234721,76.35699462890625,3788900
2022-05-12 00:00:00+00:00,76.17677644061155,76.76829659968074,74.87358601410729,76.48178100585938,3683000
2022-05-13 00:00:00+00:00,76.89770302741097,77.96059340074979,76.269211880248,77.34134674072266,3580400
2022-05-16 00:00:00+00:00,77.2396705364318,78.58907640791638,76.57420856112941,78.05300903320312,3454800
2022-05-17 00:00:00+00:00,79.75362275443537,80.65938482102314,79.2730082668177,79.8460464477539,4136200
2022-05-18 00:00:00+00:00,79.52256104681302,79.74437932400545,76.90692888760852,77.23041534423828,3346400
2022-05-19 00:00:00+00:00,76.48177142627908,77.97906060783836,76.03812783680667,76.9901123046875,2834100
2022-05-20 00:00:00+00:00,77.45223534892081,77.87738995576323,75.45584983699072,77.30435180664062,3120900
2022-05-23 00:00:00+00:00,77.75723298716888,78.73694382825848,77.35056734794765,78.53360748291016,2822300
2022-05-24 00:00:00+00:00,77.90510979309498,78.29329348166053,76.17675805856527,77.53540802001953,3318300
2022-05-25 00:00:00+00:00,77.4060343816391,78.08074082874971,76.6758751215933,77.84967803955078,2781600
2022-05-26 00:00:00+00:00,78.81090521202441,80.54850216816932,78.66302867086104,80.0401611328125,3062100
2022-05-27 00:00:00+00:00,80.23424100383349,81.74077490871846,80.23424100383349,81.70380401611328,2004800
2022-05-31 00:00:00+00:00,80.83500148928142,82.75744549649689,80.27120774628577,81.94410705566406,4198500
2022-06-01 00:00:00+00:00,82.34153126064152,82.68350672339334,80.99212543286865,81.86092376708984,2797300
2022-06-02 00:00:00+00:00,82.75744380376109,83.50608493343614,81.32485178745632,83.07168579101562,3016900
2022-06-03 00:00:00+00:00,82.52638434579437,83.52457725978147,82.47093153439837,83.44139099121094,2541900
2022-06-06 00:00:00+00:00,84.19928553507927,84.46731923761394,83.23806341093065,83.4136734008789,1675700
2022-06-07 00:00:00+00:00,82.63729474456301,84.73534165183256,82.45244029253895,84.5967025756836,2007600
2022-06-08 00:00:00+00:00,84.72608316191281,85.23442400660942,84.01441303081272,84.24547576904297,1704100
2022-06-09 00:00:00+00:00,83.3859483386638,84.35640791370675,83.03472835309621,83.12715911865234,2195100
2022-06-10 00:00:00+00:00,82.08273321630482,82.08273321630482,80.19726023450711,80.46529388427734,2982400
2022-06-13 00:00:00+00:00,78.56135543424388,79.82758217212766,77.95134623086885,78.82014465332031,3161400
2022-06-14 00:00:00+00:00,78.94029742536794,79.64272325183926,77.60937345693479,78.28407287597656,2091200
2022-06-15 00:00:00+00:00,78.92181392482172,80.07712799100248,77.84044165123113,78.98651123046875,2630800
2022-06-16 00:00:00+00:00,76.99011431524335,77.4429953496222,74.63327134685753,74.86433410644531,4639300
2022-06-17 00:00:00+00:00,74.3837257368653,75.22479050445598,72.59067648846491,72.69234466552734,6444800
2022-06-21 00:00:00+00:00,73.80145713361821,75.05843933355006,73.15448411224611,74.1434326171875,3034100
2022-06-22 00:00:00+00:00,72.53521494255125,73.47794777360134,71.84202675600784,72.52597045898438,3985100
2022-06-23 00:00:00+00:00,72.63689578674813,73.03432407038152,70.95475894586468,71.89749908447266,4619100
2022-06-24 00:00:00+00:00,72.75704588970761,75.87176750539805,72.52598312052103,75.81631469726562,5699700
2022-06-27 00:00:00+00:00,76.31541975316247,76.52800062749817,75.4004130581456,76.2414779663086,2643800
2022-06-28 00:00:00+00:00,76.79602178387128,77.73876187028324,75.22479770848656,75.3449478149414,2934900
2022-06-29 00:00:00+00:00,75.40041703995539,75.45586985728575,73.79221482260215,74.41146850585938,2032600
2022-06-30 00:00:00+00:00,73.27460826432174,74.22658553762888,72.98809274945539,73.5149154663086,2861100
2022-07-01 00:00:00+00:00,73.60736515483643,74.91056273421803,73.21918134239483,74.2728271484375,2286300
2022-07-05 00:00:00+00:00,72.79401793723227,73.26538091681029,72.06385872880745,73.135986328125,3048300
2022-07-06 00:00:00+00:00,73.33932827636279,74.46691582196168,72.32265340870825,73.70903015136719,3111100
2022-07-07 00:00:00+00:00,74.37449974721886,74.86435178498297,73.68131130476532,74.74420166015625,3097400
2022-07-08 00:00:00+00:00,75.14161650140883,75.31721941365416,73.6628091149719,74.55933380126953,2295400
2022-07-11 00:00:00+00:00,73.89387439083822,74.55933632698226,73.69978250137562,74.1803970336914,1755600
2022-07-12 00:00:00+00:00,73.6350733266446,74.53159789869174,72.81249052479164,73.06204223632812,2809200
2022-07-13 00:00:00+00:00,71.87901956841016,73.43176201438057,71.74038751638597,72.68312072753906,2632000
2022-07-14 00:00:00+00:00,70.95475552675863,71.8605247288849,70.39096882974887,71.78658294677734,2513200
2022-07-15 00:00:00+00:00,72.96961657996354,73.64432293989478,72.25794638383611,73.57038116455078,2675400
2022-07-18 00:00:00+00:00,74.272830652235,74.58707269099475,73.05281929023842,73.34857940673828,1726800
2022-07-19 00:00:00+00:00,74.26359488729565,76.13982400777239,73.94935281162958,76.01042938232422,1826200
2022-07-20 00:00:00+00:00,76.33389397846437,76.58344572106822,75.61297925801095,76.37086486816406,1909300
2022-07-21 00:00:00+00:00,76.31541625646355,77.45224825995354,76.06587155161172,77.35981750488281,2042100
2022-07-22 00:00:00+00:00,77.73875522564607,77.94209158186385,76.24146600834086,76.80525970458984,1932400
2022-07-25 00:00:00+00:00,77.17497044844418,78.03452429358173,76.54647938908042,77.81270599365234,2033800
2022-07-26 00:00:00+00:00,78.14541814161578,78.82936184830935,77.5354091494344,77.70177459716797,2490300
2022-07-27 00:00:00+00:00,78.05300579878757,80.39136710162562,77.84043198583285,79.81832885742188,2595700
2022-07-28 00:00:00+00:00,80.60394809704067,81.92562762447072,80.34515888352607,81.69456481933594,2960200
2022-07-29 00:00:00+00:00,81.9995690912168,83.64473512905468,81.80547718184599,83.24730682373047,3568200
2022-08-01 00:00:00+00:00,82.44319909312871,82.97002196231202,81.75001073623085,82.57259368896484,1823700
2022-08-02 00:00:00+00:00,82.11047933652308,83.04397509243664,81.71305806035252,82.36003112792969,2173200
2022-08-03 00:00:00+00:00,82.62805916707164,83.27503219021395,82.05502088123339,83.01624298095703,1524200
2022-08-04 00:00:00+00:00,83.2288192680297,83.33048745912416,82.59108371506927,82.80365753173828,2082100
2022-08-05 00:00:00+00:00,82.50790401827021,83.59852074933441,82.32305659326703,83.5430679321289,2425600
2022-08-08 00:00:00+00:00,84.22700969205816,84.3101959671962,82.65578546566115,83.21033477783203,3600400
2022-08-09 00:00:00+00:00,81.04758089501266,81.25091726444488,79.55953606577825,80.03089904785156,4884300
2022-08-10 00:00:00+00:00,81.65758432038396,81.65758432038396,80.44681762035171,80.90894317626953,3428600
2022-08-11 00:00:00+00:00,81.78751653606118,82.58707676300361,81.2575761152463,81.34124755859375,2929400
2022-08-12 00:00:00+00:00,81.39705223611493,82.97757462987774,81.39705223611493,82.9496841430664,2425600
2022-08-15 00:00:00+00:00,82.09433163087931,82.72654192117203,81.49931101568679,82.59637451171875,2014300
2022-08-16 00:00:00+00:00,82.30817053130448,83.8329118765623,82.30817053130448,83.62837219238281,2817600
2022-08-17 00:00:00+00:00,82.57780055146976,83.08914982490828,82.15012983786971,82.614990234375,1966600
2022-08-18 00:00:00+00:00,83.15422729564257,84.15832032864151,82.74514789017964,83.94448852539062,2159000
2022-08-19 00:00:00+00:00,83.32157156245125,83.45173189279934,82.2245008543702,82.4476318359375,1880700
2022-08-22 00:00:00+00:00,80.98796824270697,81.29477776659895,79.88159837405723,80.18840789794922,2500100
2022-08-23 00:00:00+00:00,80.29068247942334,81.40634451354381,80.1140332716252,80.63468170166016,2562000
2022-08-24 00:00:00+00:00,80.82992553710938,81.11813670428418,80.2163064277877,80.82992553710938,1423700
2022-08-25 00:00:00+00:00,81.43423059521471,81.87120044778922,80.93218767226297,81.78752899169922,1964100
2022-08-26 00:00:00+00:00,81.96418975589184,81.96418975589184,78.65437885934759,78.71016693115234,2038300
2022-08-29 00:00:00+00:00,78.03145120082516,79.2679813163928,77.8083202401801,78.85890197753906,2001800
2022-08-30 00:00:00+00:00,79.02626372377635,79.07275259854349,77.10174205564323,77.4643325805664,2147400
2022-08-31 00:00:00+00:00,77.60378890912061,77.75254053446525,75.85590943217973,75.99536895751953,3576400
2022-09-01 00:00:00+00:00,75.34456114512241,76.30217226468578,74.75883969836568,76.24639129638672,2387800
2022-09-02 00:00:00+00:00,77.1853958921242,77.46431489061958,75.49330479782417,76.00465393066406,4156300
2022-09-06 00:00:00+00:00,76.4602089955319,76.50669785602713,74.9633584805996,75.7815170288086,3096300
2022-09-07 00:00:00+00:00,75.57701876718204,76.83214066243629,75.32599013220631,76.46025085449219,4764800
2022-09-08 00:00:00+00:00,76.04187633639968,77.83623802967028,75.83733659521735,77.78974914550781,2588000
2022-09-09 00:00:00+00:00,78.31968289495647,78.99838224060166,78.07796057959327,78.75665283203125,2512800
2022-09-12 00:00:00+00:00,79.3144753288585,79.68636504945118,78.91469512053249,79.54690551757812,2038100
2022-09-13 00:00:00+00:00,77.82691784355154,78.3754567372497,76.33936616326096,76.69265747070312,1993700
2022-09-14 00:00:00+00:00,76.59038636200215,76.9436847568118,75.80012520989527,76.5160140991211,2180500
2022-09-15 00:00:00+00:00,76.34868121380943,76.72056389121748,74.61010061477648,74.86112213134766,2220200
2022-09-16 00:00:00+00:00,73.68967250570152,73.85702253322904,72.47173343578191,72.71346282958984,5214600
2022-09-19 00:00:00+00:00,71.90458959820552,74.1266284135464,71.88599830675071,74.0057601928711,2484700
2022-09-20 00:00:00+00:00,73.23409470793668,73.28988277201408,71.72795174875772,72.53680419921875,3269800
2022-09-21 00:00:00+00:00,73.3177695078629,73.52230918153928,71.14221954345703,71.14221954345703,2235300
2022-09-22 00:00:00+00:00,71.10503293352895,71.56989322257523,70.193903645988,70.22179412841797,2459500
2022-09-23 00:00:00+00:00,69.25489360980723,69.37576184159857,67.74875060125981,68.65057373046875,3258200
2022-09-26 00:00:00+00:00,68.3623616220419,69.31997280372984,67.79523143019073,67.99977111816406,2668300
2022-09-27 00:00:00+00:00,68.91090091740091,69.17122157878957,67.32107936974352,67.9253921508789,2658800
2022-09-28 00:00:00+00:00,68.8179218340973,70.21250285858612,68.17641938621246,69.74764251708984,3851100
2022-09-29 00:00:00+00:00,69.01317284872361,69.12473479657432,67.89750371777284,68.98527526855469,2304400
2022-09-30 00:00:00+00:00,68.96668882646601,69.57100876159132,67.97188785998223,68.07415771484375,2768000
2022-10-03 00:00:00+00:00,69.06895112367246,70.85401315159213,68.74355029981304,70.2311019897461,2950600
2022-10-04 00:00:00+00:00,71.75583253220876,73.00165466793378,71.63497141392652,72.7506332397461,2947400
2022-10-05 00:00:00+00:00,73.438629781356,74.69375119960645,72.36944964980732,74.16381072998047,4965800
2022-10-06 00:00:00+00:00,73.56879423708888,75.13072525010158,73.56879423708888,73.88490295410156,3696900
2022-10-07 00:00:00+00:00,73.4014589078183,73.51302796434202,71.56061558102384,72.36017608642578,4655300
2022-10-10 00:00:00+00:00,73.11324225609886,73.35497164725935,71.92320078147287,72.86222076416016,4016800
2022-10-11 00:00:00+00:00,72.51820373535156,73.35495365863122,71.87669427863632,72.51820373535156,4205900
2022-10-12 00:00:00+00:00,72.66698679530151,73.21551870530651,71.988287437403,72.0533676147461,2565100
2022-10-13 00:00:00+00:00,71.15152463915327,75.41894637679022,70.73315315788963,75.11213684082031,4100000
2022-10-14 00:00:00+00:00,75.36316676329875,75.45614451907956,72.44384398059478,72.72276306152344,3237200
2022-10-17 00:00:00+00:00,74.24750849389919,74.90760945373077,73.81053855451034,74.4427490234375,2649400
2022-10-18 00:00:00+00:00,76.03256915111905,76.31148824036825,74.71236726084794,75.86521911621094,2610700
2022-10-19 00:00:00+00:00,75.6606666571211,76.05115473496278,74.83321581639987,75.49331665039062,3058100
2022-10-20 00:00:00+00:00,75.53981951318276,75.97678945020294,74.04296836829573,74.51712799072266,2547500
2022-10-21 00:00:00+00:00,74.8518208278024,77.5015235912361,74.66587241875041,77.31558227539062,3168200
2022-10-24 00:00:00+00:00,77.77112412375199,78.56138515937695,77.34345352909853,77.99425506591797,2274600
2022-10-25 00:00:00+00:00,77.57590426274481,78.80313541035227,77.47363440934365,78.60789489746094,2385500
2022-10-26 00:00:00+00:00,78.99837218211192,79.90949453245676,78.08724273856078,79.21220397949219,2014700
2022-10-27 00:00:00+00:00,80.34645717129429,81.053046854036,79.74213732789174,79.85370635986328,2412300
2022-10-28 00:00:00+00:00,80.09544036327773,81.36915319279767,79.53760935746415,81.2575912475586,2499400
2022-10-31 00:00:00+00:00,81.50862549201729,82.01067560389531,80.31858393491703,80.51382446289062,6653600
2022-11-01 00:00:00+00:00,80.32787759156635,81.0995475488379,78.26389630498784,79.8165283203125,4960400
2022-11-02 00:00:00+00:00,79.7049472158227,82.23378119615046,78.72873778458813,78.9797592163086,6772100
2022-11-03 00:00:00+00:00,78.2360171228655,82.12225086641148,78.2360171228655,80.89501953125,5364900
2022-11-04 00:00:00+00:00,82.51271762058794,83.3401685312421,81.96418577579301,82.82881927490234,5107000
2022-11-07 00:00:00+00:00,83.3866502119756,85.09733286157456,83.08913987755814,84.82771301269531,3754800
2022-11-08 00:00:00+00:00,84.72544524532876,86.39894535066769,84.16761424128447,84.8463134765625,3714600
2022-11-09 00:00:00+00:00,84.25724144834615,86.25824515549971,84.14503303280138,84.26659393310547,3517100
2022-11-10 00:00:00+00:00,86.75382401136572,88.09094404201507,85.8281277236411,87.89458465576172,4138200
2022-11-11 00:00:00+00:00,87.99742670691579,90.10128611406132,87.91326862102542,89.24104309082031,4345200
2022-11-14 00:00:00+00:00,88.3527527902089,89.97039023731475,87.93198371387014,88.63327026367188,3046900
2022-11-15 00:00:00+00:00,89.29715757856758,90.71842857076437,88.97924442086332,89.93299102783203,3685700
2022-11-16 00:00:00+00:00,89.8394675856274,89.97972629675533,88.87636870779237,89.044677734375,2820600
2022-11-17 00:00:00+00:00,87.67949844899556,88.50234572978803,87.54859222411571,88.4649429321289,2742800
2022-11-18 00:00:00+00:00,89.59636524033388,89.90493302033099,87.4177000792955,87.61405944824219,4213500
2022-11-21 00:00:00+00:00,87.29614563671353,88.67066834247301,87.09978626929865,88.52105712890625,3054200
2022-11-22 00:00:00+00:00,89.06339419633638,90.04519824574385,88.99794106863294,89.78337860107422,2571500
2022-11-23 00:00:00+00:00,89.67116431231636,90.33504797813842,89.01662599634254,89.66181182861328,2901000
2022-11-25 00:00:00+00:00,89.66182011852304,90.3724591347096,89.07274200015125,89.87688446044922,1324800
2022-11-28 00:00:00+00:00,88.67999865192996,89.11947259992407,87.5485907931867,88.10027313232422,3934600
2022-11-29 00:00:00+00:00,88.2685910687209,88.49300073982278,87.23068653082433,88.18443298339844,3414700
2022-11-30 00:00:00+00:00,88.32467982106326,89.54959106445312,87.21196983120292,89.54959106445312,4132900
2022-12-01 00:00:00+00:00,89.53090309647801,89.83011836194235,88.43689795092293,89.42804718017578,2893200
2022-12-02 00:00:00+00:00,88.63326028894191,90.8025728201747,88.56780717034736,90.57816314697266,3736500
2022-12-05 00:00:00+00:00,89.57766987213125,90.4846611344737,88.91377900578722,88.96988677978516,3202400
2022-12-06 00:00:00+00:00,89.01662984136148,89.43740601991729,87.35224436306267,88.22183990478516,3281200
2022-12-07 00:00:00+00:00,87.90393279514079,88.91377999825333,87.66081812871758,88.55846405029297,4378700
2022-12-08 00:00:00+00:00,89.00728242981175,89.42805146476792,88.43690218802807,88.76416778564453,2718800
2022-12-09 00:00:00+00:00,89.02597388472113,89.66180720046846,87.94132124836064,88.07222747802734,2579600
2022-12-12 00:00:00+00:00,88.44624184804462,89.95167063408647,88.23118466938408,89.90492248535156,2869500
2022-12-13 00:00:00+00:00,91.6347650824075,92.45760530271484,90.98957924950393,91.7002182006836,4060700
2022-12-14 00:00:00+00:00,92.05554452896334,92.65397514489585,91.03634483846615,91.37296295166016,4101200
2022-12-15 00:00:00+00:00,89.90493023190452,90.62491456237854,88.57716284467158,89.06338500976562,4251500
2022-12-16 00:00:00+00:00,88.19379806772172,89.2317027539085,87.79172681871371,88.79222869873047,5704700
2022-12-19 00:00:00+00:00,88.81092580194051,89.69921918476284,88.20314273976224,88.43690490722656,3527500
2022-12-20 00:00:00+00:00,88.44624350370232,89.62440673523618,88.44624350370232,88.86701965332031,3678300
2022-12-21 00:00:00+00:00,89.51219144288697,90.95215978107983,89.37193274832562,90.49398803710938,3541900
2022-12-22 00:00:00+00:00,89.78335974215854,90.43789801556362,87.73560824336167,88.9044189453125,4534200
2022-12-23 00:00:00+00:00,88.59584452741076,89.80205793693348,88.4462333445922,89.33453369140625,2977700
2022-12-27 00:00:00+00:00,89.62440360124145,90.44725090477631,89.33454082868953,90.38179779052734,3330000
2022-12-28 00:00:00+00:00,90.45659119361878,90.9147701015839,88.95116251625689,89.07272338867188,2222800
2022-12-29 00:00:00+00:00,89.6150585523075,90.40050312230764,89.58700823442446,90.10128784179688,1830000
2022-12-30 00:00:00+00:00,89.71791434234807,89.99843178847753,88.96052722519552,89.82077026367188,1422900
2023-01-03 00:00:00+00:00,90.32569501842814,90.69036340852335,88.78286337287271,89.86752319335938,2519100
2023-01-04 00:00:00+00:00,89.55896919893145,89.55896919893145,87.76367728970096,89.22235107421875,3965500
2023-01-05 00:00:00+00:00,88.64262225163677,89.28780102281624,87.87588258017203,88.83898162841797,2480000
2023-01-06 00:00:00+00:00,90.05454097696393,92.0555446900886,89.67117470695601,91.58802032470703,2610900
2023-01-09 00:00:00+00:00,92.0274856622312,93.17759863114628,90.88672517721844,90.94283294677734,3147700
2023-01-10 00:00:00+00:00,90.9989368437394,91.5786695909248,90.55011034045792,91.46646118164062,2929300
2023-01-11 00:00:00+00:00,91.95266830744396,91.95266830744396,90.9521666734071,91.82176208496094,2718800
2023-01-12 00:00:00+00:00,92.5698195790255,92.83163206874126,91.65346873116508,91.68152618408203,2524600
2023-01-13 00:00:00+00:00,91.1485504638165,91.68152793774834,90.7464792372465,91.55996704101562,2229200
2023-01-17 00:00:00+00:00,89.25037306389451,89.25037306389451,84.55643291200406,85.3138198852539,8797700
2023-01-18 00:00:00+00:00,85.0613829298869,85.37929606942737,83.33154423014741,83.41569519042969,6030300
2023-01-19 00:00:00+00:00,82.8266027496665,83.03231457327172,81.18091529467914,81.24636840820312,4789600
2023-01-20 00:00:00+00:00,81.67649841308594,81.96636834653847,80.99391689135221,81.67649841308594,6212400
2023-01-23 00:00:00+00:00,82.50869086264173,84.06087504559343,82.34973430429753,83.21932983398438,5340500
2023-01-24 00:00:00+00:00,83.60269873883188,84.15437398850628,82.07856495537305,83.66815185546875,2805700
2023-01-25 00:00:00+00:00,82.45258327728611,83.54658839324632,82.32167704805263,83.29412841796875,3455900
2023-01-26 00:00:00+00:00,84.09825948401061,84.75279054241967,82.82659302722716,84.73409271240234,3293900
2023-01-27 00:00:00+00:00,84.65929574747352,84.70604389420505,83.52788786906942,83.62139129638672,3657400
2023-01-30 00:00:00+00:00,82.82660508603738,84.41618482151848,82.60218829003534,83.86450958251953,2965300
2023-01-31 00:00:00+00:00,84.1543803142343,84.55645152775652,83.23802947858302,84.36009216308594,3698400
2023-02-01 00:00:00+00:00,83.7055585396602,86.2956474971931,83.57465228915555,85.6691665649414,3742500
2023-02-02 00:00:00+00:00,85.23903850103268,85.71590817695584,84.66865825286885,85.53825378417969,4925300
2023-02-03 00:00:00+00:00,85.0800730534236,85.88421544789038,84.68735433999235,85.45409393310547,3266300
2023-02-06 00:00:00+00:00,84.9398237918572,85.08943501393463,83.95802689893291,84.55645751953125,3252800
2023-02-07 00:00:00+00:00,84.28528475383581,85.65045492699258,83.64009890239852,85.25773620605469,3241500
2023-02-08 00:00:00+00:00,82.39648911081034,82.43389191264808,79.479134772162,80.40483093261719,6672100
2023-02-09 00:00:00+00:00,80.6105493858962,81.06872126173249,79.09576788960271,79.61940002441406,6777200
2023-02-10 00:00:00+00:00,79.69420017954425,80.34873138593949,78.91810808206483,80.27392578125,4813600
2023-02-13 00:00:00+00:00,80.29262430227844,81.4988378290872,80.10561030557096,81.26507568359375,3210000
2023-02-14 00:00:00+00:00,80.2271765412067,81.15287270166189,79.75029973509433,80.40483093261719,2910400
2023-02-15 00:00:00+00:00,79.89055377431342,81.5829894385724,79.7409425757346,81.27442169189453,3136600
2023-02-16 00:00:00+00:00,80.30553383077901,81.39671454592172,80.1079926800236,80.61595153808594,2096000
2023-02-17 00:00:00+00:00,80.26790870203965,80.71942929747755,79.42129861460552,80.37138366699219,2528900
2023-02-21 00:00:00+00:00,79.53418592299101,79.91985948321158,76.86266143566701,77.1824951171875,4196700
2023-02-22 00:00:00+00:00,77.39884602892104,78.22664577904258,76.79681376162759,77.41766357421875,3932200
2023-02-23 00:00:00+00:00,78.08554069612204,78.44299510200781,76.68392785935852,77.42706298828125,3054000
2023-02-24 00:00:00+00:00,76.22299234370456,77.38002724276264,76.00664083385146,77.30477142333984,2863200
2023-02-27 00:00:00+00:00,78.15138863579689,78.15138863579689,77.11664614235502,77.22952270507812,2910100
2023-02-28 00:00:00+00:00,77.24833394160008,78.12316311521454,77.20129725977962,77.80332946777344,3177400
2023-03-01 00:00:00+00:00,77.78451513868298,78.65934426773259,77.50230941571614,78.13256072998047,2960200
2023-03-02 00:00:00+00:00,77.81275728425888,79.0638586882755,77.65284400979438,78.82868957519531,2186500
2023-03-03 00:00:00+00:00,79.25198828940574,80.58774708176458,78.40537807706863,80.46546173095703,3807100
2023-03-06 00:00:00+00:00,81.7447656354206,83.16518874897355,81.49077903489899,81.97993469238281,5398500
2023-03-07 00:00:00+00:00,81.91409392576413,82.13044545575964,80.26791040077751,80.74765014648438,3938500
2023-03-08 00:00:00+00:00,80.71942642646594,81.09569836047467,79.73172067358202,80.54070281982422,3129300
2023-03-09 00:00:00+00:00,80.88875636875119,80.99223134016866,78.3771522664347,78.49003601074219,2802500
2023-03-10 00:00:00+00:00,78.55588977225707,78.93216177527317,76.90029726506117,77.29537963867188,3784800
2023-03-13 00:00:00+00:00,76.36409382698669,77.74688898246296,75.91256609542289,77.0413818359375,3225900
2023-03-14 00:00:00+00:00,78.68757309235359,78.96977167327387,77.38943521903246,78.1607894897461,3453900
2023-03-15 00:00:00+00:00,76.68393792619402,76.84385837054913,74.34165567049548,75.75267028808594,4213600
2023-03-16 00:00:00+00:00,75.36697553375195,77.35180277944687,74.92485659606785,77.06018829345703,3420600
2023-03-17 00:00:00+00:00,77.01316832762377,77.01316832762377,75.15062616686694,76.04426574707031,9040100
2023-03-20 00:00:00+00:00,76.54283189932765,77.7939259041024,76.49579521435822,77.38943481445312,2469000
2023-03-21 00:00:00+00:00,79.3930812409707,79.91985767296575,78.62172696121056,79.00740051269531,4290800
2023-03-22 00:00:00+00:00,79.01680451872382,79.87282334586928,78.3865531574922,78.45240020751953,3252200
2023-03-23 00:00:00+00:00,78.57467994714783,79.55298403282389,77.67163167809063,78.1701889038086,3184600
2023-03-24 00:00:00+00:00,77.50231811015114,78.00087539010445,76.47698441014006,77.97265625,2269200
2023-03-27 00:00:00+00:00,78.54646655473077,78.78163561627188,77.43646829718512,77.83155059814453,2233800
2023-03-28 00:00:00+00:00,78.05732297053319,79.0168096441384,78.05732297053319,78.73460388183594,2306700
2023-03-29 00:00:00+00:00,79.76933741220112,80.07035348188988,79.0073848789349,79.90103149414062,2435600
2023-03-30 00:00:00+00:00,80.85112573419285,80.89816242026974,80.39019635316015,80.51248168945312,1920000
2023-03-31 00:00:00+00:00,81.00163980131379,82.02697356186138,80.65358697363176,81.97053527832031,2674000
2023-04-03 00:00:00+00:00,81.97994828320876,83.24985996597556,81.73537041392017,82.06460571289062,2838700
2023-04-04 00:00:00+00:00,81.97992602903079,82.15864961321795,79.72230188541344,80.12679290771484,1763700
2023-04-05 00:00:00+00:00,79.60003024192262,79.8634184548311,77.72807925756923,78.1607894897461,2647700
2023-04-06 00:00:00+00:00,77.90680204237573,78.80985032673291,77.20129489739763,78.35832977294922,2966600
2023-04-10 00:00:00+00:00,78.22663565021043,79.45891916639636,78.02908733411684,79.44010162353516,1997100
2023-04-11 00:00:00+00:00,79.9574862754027,80.27731277564479,79.2425702709683,79.43070983886719,2071100
2023-04-12 00:00:00+00:00,78.2642617711265,78.9885865085692,77.50231629895069,78.67816162109375,8052400
2023-04-13 00:00:00+00:00,79.07323633973006,80.45603145417586,77.51171763368465,80.34315490722656,6979200
2023-04-14 00:00:00+00:00,80.61595895156752,82.64782327782893,80.58773980983459,81.23680877685547,6120600
2023-04-17 00:00:00+00:00,81.24621494093716,82.46908982977396,81.1145208325515,81.44375610351562,3005300
2023-04-18 00:00:00+00:00,82.56314202722702,83.20280209242107,81.73534960388918,82.09280395507812,3310700
2023-04-19 00:00:00+00:00,81.87645953965743,82.02696400382669,80.55951138842374,81.24620819091797,3244500
2023-04-20 00:00:00+00:00,80.84172596216872,81.26502743924758,80.42782608108482,80.77587890625,2932300
2023-04-21 00:00:00+00:00,81.07687611021726,81.07687611021726,80.0515354197433,80.5218734741211,7833600
2023-04-24 00:00:00+00:00,80.62536542996325,80.90757119284326,80.14561850378352,80.51248168945312,2114900
2023-04-25 00:00:00+00:00,80.07037008451685,80.42782449864396,79.23316874282628,79.5059585571289,2100400
2023-04-26 00:00:00+00:00,78.92273356138837,79.18612174558459,77.15425773585989,77.58697509765625,3383700
2023-04-27 00:00:00+00:00,77.45527746846483,77.95384189973826,75.54570586651991,77.91621398925781,4838100
2023-04-28 00:00:00+00:00,77.54935496454722,78.58409743912085,77.42706245477302,78.32070922851562,3020300
2023-05-01 00:00:00+00:00,78.51824872530146,78.88511189328158,78.20782383645971,78.40536499023438,2340200
2023-05-02 00:00:00+00:00,77.91622034884183,78.32071144853397,76.28884717748768,77.3424072265625,3762700
2023-05-03 00:00:00+00:00,80.39019698513319,81.83883937084346,78.80045171687365,78.84748840332031,6211900
2023-05-04 00:00:00+00:00,78.77222684430897,78.88511057749318,77.50231534734502,77.83155059814453,4498500
2023-05-05 00:00:00+00:00,78.9415538803525,80.02333306765534,78.71579357640456,79.39308166503906,3885300
2023-05-08 00:00:00+00:00,80.08916710722724,80.08916710722724,78.593495468537,78.83806610107422,1855300
2023-05-09 00:00:00+00:00,78.49943672221967,79.04503071503777,77.87859407750216,78.68757629394531,1941700
2023-05-10 00:00:00+00:00,79.21434088292136,79.4495099297808,76.85324164295137,77.58697509765625,2368600
2023-05-11 00:00:00+00:00,76.74446892704113,77.71004313419748,76.74446892704113,77.60591888427734,1953600
2023-05-12 00:00:00+00:00,78.2590940576146,78.5525587449555,77.25565326317665,78.11709594726562,2625200
2023-05-15 00:00:00+00:00,78.37268711105163,79.34772964229842,77.82363165113605,78.6850814819336,2208800
2023-05-16 00:00:00+00:00,78.08870590243818,78.4863020972889,76.79180750791393,76.82020568847656,2743300
2023-05-17 00:00:00+00:00,77.3029792849201,78.12655522792649,77.15151272573732,77.86149597167969,2853600
2023-05-18 00:00:00+00:00,77.63430102182637,78.16441951838655,77.02844924795107,77.90882873535156,3074400
2023-05-19 00:00:00+00:00,78.69455121633013,78.90281415272239,77.69111040170276,78.08869934082031,2489500
2023-05-22 00:00:00+00:00,78.25910445379068,78.47683588155972,76.92433937277352,77.35032653808594,2229300
2023-05-23 00:00:00+00:00,76.82018475310652,77.62483094650206,76.57405521809895,76.78231811523438,2817500
2023-05-24 00:00:00+00:00,76.30901266054406,76.46047202282702,74.61451816245294,74.73757934570312,2537000
2023-05-25 00:00:00+00:00,74.65238889602577,74.91744821127689,73.88560913086008,74.80384826660156,3456400
2023-05-26 00:00:00+00:00,75.0499687999098,75.56115765569007,74.82277616033761,75.2677001953125,2533500
2023-05-30 00:00:00+00:00,75.11623630923276,75.3907640687733,73.77200291202657,74.20745849609375,2660800
2023-05-31 00:00:00+00:00,73.45013760145677,73.82879681660421,72.83482450195648,73.53533935546875,6147100
2023-06-01 00:00:00+00:00,73.80039865015499,75.3907615761475,72.85375422331002,75.1162338256836,3927800
2023-06-02 00:00:00+00:00,76.4888668655088,78.78921293983598,76.38473540854689,78.39161682128906,3723600
2023-06-05 00:00:00+00:00,78.6472156668093,78.93120464323758,77.68163436891246,77.80470275878906,2592300
2023-06-06 00:00:00+00:00,77.80470799851797,78.57148767553315,77.44497849289694,78.13603210449219,2876100
2023-06-07 00:00:00+00:00,78.47681562876285,79.7737137258065,77.95615836346013,79.74531555175781,3029700
2023-06-08 00:00:00+00:00,79.6033260729445,79.92518893241164,79.13000386138748,79.58439636230469,3019300
2023-06-09 00:00:00+00:00,79.73587152799428,79.8778624289014,79.13001238738408,79.70746612548828,2039500
2023-06-12 00:00:00+00:00,79.69799629311494,79.85892411168662,79.22467408155791,79.58439636230469,2021900
2023-06-13 00:00:00+00:00,79.92519216777293,81.72381808896252,79.81159223236418,81.53448486328125,2374700
2023-06-14 00:00:00+00:00,82.09301580820518,82.90713069181754,80.91917859879943,81.25996398925781,2273800
2023-06-15 00:00:00+00:00,81.79007170457645,83.8916232765538,81.77113477344123,83.33309936523438,4426100
2023-06-16 00:00:00+00:00,83.82537473134165,84.10936375257964,82.7177951593076,82.74620056152344,5522900
2023-06-20 00:00:00+00:00,82.01728113519336,82.40540885747612,81.2788995606623,82.14981079101562,2254900
2023-06-21 00:00:00+00:00,81.5534241157284,82.91658726777041,81.38302781893262,82.7840576171875,2111100
2023-06-22 00:00:00+00:00,82.78405155834783,83.14378105987991,82.38646263569802,82.75565338134766,3012400
2023-06-23 00:00:00+00:00,82.0646061006149,82.52845983862312,81.56288571958015,82.05513763427734,5603800
2023-06-26 00:00:00+00:00,82.56633599122762,83.72124345841958,82.24447309959362,83.59817504882812,2423500
2023-06-27 00:00:00+00:00,83.77803453580074,85.18853275601715,83.64550488946223,84.84774017333984,2571700
2023-06-28 00:00:00+00:00,84.87614443777733,85.14120372690657,84.22295745933462,84.58267974853516,3453900
2023-06-29 00:00:00+00:00,84.7246692475375,84.98972850972345,83.99575627652615,84.45960998535156,2661900
2023-06-30 00:00:00+00:00,84.80985849771027,85.88903963314402,84.68679734001262,85.56717681884766,2491100
2023-07-03 00:00:00+00:00,85.23586481026706,86.20143894499968,84.82880741902245,85.91744995117188,1217200
2023-07-05 00:00:00+00:00,85.19799732881606,85.67131953619837,84.63948059082031,84.63948059082031,1801400
2023-07-06 00:00:00+00:00,83.92949462914572,84.13775032706504,82.80298550000884,83.53189849853516,2197700
2023-07-07 00:00:00+00:00,83.14378130390875,84.78147210919741,83.12484437097056,84.1945571899414,1816500
2023-07-10 00:00:00+00:00,84.27028144730544,85.21692584884585,84.2324220268886,84.65840911865234,3332600
2023-07-11 00:00:00+00:00,85.10332893247413,87.0439455262261,85.10332893247413,86.9019546508789,3559100
2023-07-12 00:00:00+00:00,87.69713931534129,88.07579853136532,86.75049488644311,87.20488739013672,2871500
2023-07-13 00:00:00+00:00,87.3752887329732,87.7066128577978,86.99662949503471,87.39421844482422,1888800
2023-07-14 00:00:00+00:00,87.36581637599835,87.38474608700653,86.45703857880305,87.17648315429688,1738400
2023-07-17 00:00:00+00:00,86.93036149206102,87.12915595968823,86.12571515481072,86.44757080078125,1886800
2023-07-18 00:00:00+00:00,86.22983080339365,87.0723509236188,86.01210664631245,86.9019546508789,1841100
2023-07-19 00:00:00+00:00,86.44758361405796,87.01556892322601,85.68080380779736,86.7789077758789,1958400
2023-07-20 00:00:00+00:00,87.34687436645082,87.80126684980314,86.90195757153779,86.98715209960938,1844300
2023-07-21 00:00:00+00:00,86.92089009143858,87.13862148519956,86.3055697758432,86.36237335205078,1643600
2023-07-24 00:00:00+00:00,86.7126295792645,87.6308758450221,86.6842314015316,87.3184814453125,2205400
2023-07-25 00:00:00+00:00,86.8735625898844,87.78234766555818,86.8735625898844,87.64981079101562,1844900
2023-07-26 00:00:00+00:00,86.87355758011928,87.69714084768788,86.79783151345036,87.46047973632812,1789500
2023-07-27 00:00:00+00:00,87.69714545035974,87.98114168782622,86.68423612947167,86.93982696533203,1869800
2023-07-28 00:00:00+00:00,87.592996634529,87.70659655148745,85.74704312347225,86.1162338256836,2807600
2023-07-31 00:00:00+00:00,86.55170069513422,86.86409509101036,85.94584883652075,86.47596740722656,3971700
2023-08-01 00:00:00+00:00,85.90799087719888,86.95876688059025,85.58613520454004,86.74103546142578,3125900
2023-08-02 00:00:00+00:00,93.28232794910488,93.28232794910488,89.37268968400588,90.06373596191406,7346300
2023-08-03 00:00:00+00:00,90.9819903324852,92.10849943593011,90.36667005188949,90.77372741699219,4753700
2023-08-04 00:00:00+00:00,91.60678158782204,92.47769998351971,90.328813006105,90.4518814086914,3560600
2023-08-07 00:00:00+00:00,91.17131839259396,92.20316452767548,91.01985904662811,92.03276824951172,2459400
2023-08-08 00:00:00+00:00,91.20918293135757,91.56891241158755,90.23414039303105,91.35118103027344,2099600
2023-08-09 00:00:00+00:00,91.57838924477753,92.20317809743749,90.84947613899881,90.91574096679688,2246800
2023-08-10 00:00:00+00:00,90.85861905735439,91.8008968662221,90.53501128402974,90.90621185302734,1614600
2023-08-11 00:00:00+00:00,91.02042372824278,91.57246821158472,90.67777592904027,91.1251220703125,1338800
2023-08-14 00:00:00+00:00,90.8871794194359,91.36307836934004,90.71585550700472,91.27742004394531,2232700
2023-08-15 00:00:00+00:00,90.77297046380944,91.18224386086352,90.65875209894254,90.86814880371094,2026500
2023-08-16 00:00:00+00:00,90.7824809018751,92.01982107399756,90.7824809018751,91.38211822509766,2493900
2023-08-17 00:00:00+00:00,92.1816325602173,92.6194587579557,91.08706343505014,91.1156234741211,2561000
2023-08-18 00:00:00+00:00,90.46840101934666,91.62007570522233,90.42080821562888,91.1727294921875,1978800
2023-08-21 00:00:00+00:00,91.17271324161054,91.2869315931896,89.60224540019315,90.47789764404297,1842900
2023-08-22 00:00:00+00:00,91.75332842571565,92.58138803621934,90.89670877550284,91.4487533569336,2339300
2023-08-23 00:00:00+00:00,91.55343526870391,92.2482436156357,91.1917474471285,91.97222137451172,1975800
2023-08-24 00:00:00+00:00,91.78186637901412,92.60041310571076,91.09657076953401,91.1346435546875,2030500
2023-08-25 00:00:00+00:00,91.57247666275515,93.6378763984884,91.57247666275515,92.93354797363281,4124800
2023-08-28 00:00:00+00:00,93.64737831079272,94.05665162619421,93.21907223586481,93.39039611816406,2228800
2023-08-29 00:00:00+00:00,93.39041520395247,94.02811807219734,93.18101849816654,93.89486694335938,2235300
2023-08-30 00:00:00+00:00,94.02811452166365,94.32316954414324,92.93354549470423,93.55221557617188,3229700
2023-08-31 00:00:00+00:00,93.79017481538017,94.37077217026965,93.28572304249248,93.51415252685547,2604500
2023-09-01 00:00:00+00:00,93.60930814838429,94.59917868917354,93.60930814838429,94.1518325805664,1762300
2023-09-05 00:00:00+00:00,94.00907156148817,94.22798826470009,92.9525826162001,93.16197204589844,2897800
2023-09-06 00:00:00+00:00,93.01920958807096,94.18039689665594,92.80981289355255,93.91389465332031,2406300
2023-09-07 00:00:00+00:00,93.77111689438595,94.808580281661,93.45702913644122,94.60870361328125,3304200
2023-09-08 00:00:00+00:00,94.2565426066528,94.84665990464138,93.83774921700662,94.1803970336914,1952200
2023-09-11 00:00:00+00:00,94.23750257524975,95.71278481396344,94.14232424721031,95.29399871826172,3921500
2023-09-12 00:00:00+00:00,95.31303438035746,95.76990053515023,94.9799065912592,95.1036376953125,2447900
2023-09-13 00:00:00+00:00,94.85617389508108,95.12267612188657,92.72414155735511,92.97161102294922,2497000
2023-09-14 00:00:00+00:00,93.65691048433219,94.28509329324945,93.31426267523501,93.8472671508789,2637000
2023-09-15 00:00:00+00:00,93.46655929451023,94.88474352163773,93.18102425577517,94.0947494506836,7287100
2023-09-18 00:00:00+00:00,94.10426530494323,95.54147497150419,94.01859971395899,94.80859375,2163200
2023-09-19 00:00:00+00:00,95.17027297777092,95.18931300288847,93.4094482597782,94.05667114257812,1891700
2023-09-20 00:00:00+00:00,94.26606386025603,94.86569391653133,93.17149483485431,93.28571319580078,1646300
2023-09-21 00:00:00+00:00,93.07631412869782,93.12389966498287,91.79138846273838,91.83897399902344,2181300
2023-09-22 00:00:00+00:00,91.86752642024707,92.93354263958938,91.68668976443219,92.41957092285156,2448700
2023-09-25 00:00:00+00:00,92.13403554991078,93.40944119391631,91.75331495442029,93.37136840820312,1869200
2023-09-26 00:00:00+00:00,93.25714262861362,93.25714262861362,90.98233942569553,90.99185943603516,2496700
2023-09-27 00:00:00+00:00,91.78187345568138,92.5623474574015,90.96332666587223,92.19114685058594,2323600
2023-09-28 00:00:00+00:00,92.34342083082464,92.93353809040902,91.94366749125508,92.33390808105469,1861400
2023-09-29 00:00:00+00:00,93.07630213507015,93.20955323812412,91.80088938373002,91.91510772705078,2041500
2023-10-02 00:00:00+00:00,91.715242941154,92.21017463631111,90.46839006052174,91.09657287597656,2600600
2023-10-03 00:00:00+00:00,90.65874335062261,91.22982059656601,89.49754883560769,90.27802276611328,2743200
2023-10-04 00:00:00+00:00,90.18284154394567,90.65874044391371,89.36429485506935,90.09718322753906,3361400
2023-10-05 00:00:00+00:00,89.7545334233769,90.10669395399601,88.8408011657102,89.07875061035156,2758400
2023-10-06 00:00:00+00:00,88.88839450803138,91.29644174080505,88.76466341024471,90.4588623046875,2154700
2023-10-09 00:00:00+00:00,90.45886169228852,91.36306667672993,90.20187222571035,91.24885559082031,2581100
2023-10-10 00:00:00+00:00,91.3725865420081,92.54330100219951,91.14415710891248,91.7247543334961,2688300
2023-10-11 00:00:00+00:00,91.74378627614156,92.53378016637147,91.43921128084867,92.41004180908203,2231300
2023-10-12 00:00:00+00:00,92.80030840863306,92.80030840863306,90.78249396032577,91.42020416259766,1853200
2023-10-13 00:00:00+00:00,91.74379545659829,92.13403606611382,89.93537806411743,90.19236755371094,2136200
2023-10-16 00:00:00+00:00,91.54393033853762,92.5052483350804,91.39163917559755,91.70573425292969,2670700
2023-10-17 00:00:00+00:00,91.52486854141844,92.28630232965766,91.1727007850623,91.34402465820312,2196500
2023-10-18 00:00:00+00:00,90.61116095992396,90.61116095992396,89.12635849763316,89.18346405029297,2503400
2023-10-19 00:00:00+00:00,89.28814679612591,90.52548680616337,88.61237124843002,88.65044403076172,2678600
2023-10-20 00:00:00+00:00,88.39347743260203,88.73612527243968,86.92770773143916,87.06095886230469,5700800
2023-10-23 00:00:00+00:00,87.11805290343003,87.49877348201319,85.66180340736734,85.81409454345703,2790800
2023-10-24 00:00:00+00:00,86.45180786283991,86.82300847520172,85.87121054368079,86.36614227294922,2566000
2023-10-25 00:00:00+00:00,86.29951481401383,86.29951481401383,84.13893675200646,84.54821014404297,3484300
2023-10-26 00:00:00+00:00,84.8051835738395,85.06217304952867,83.70110188827269,84.32928466796875,4452200
2023-10-27 00:00:00+00:00,84.18650408668786,84.72902848796974,83.31085194104695,83.78675079345703,2429300
2023-10-30 00:00:00+00:00,84.18651580810547,84.32928693603478,83.05388131958637,84.18651580810547,2772900
2023-10-31 00:00:00+00:00,84.09134780311746,84.77664349201949,83.80581277383635,84.68146514892578,4904100
2023-11-01 00:00:00+00:00,84.92893827264518,85.3191716744661,84.50062481799208,85.29061889648438,2771600
2023-11-02 00:00:00+00:00,85.62373029740685,87.00384148181216,85.08120583502436,86.7658920288086,4912200
2023-11-03 00:00:00+00:00,87.65104579215458,88.23164296402315,87.53683471679688,87.53683471679688,2686600
2023-11-06 00:00:00+00:00,87.71768507769764,87.7367178377824,86.38516676090605,87.31792449951172,3004000
2023-11-07 00:00:00+00:00,79.76065427205494,80.99798698878921,79.0943914907606,80.845703125,9919900
2023-11-08 00:00:00+00:00,81.36919962149526,82.02594248963257,80.53162009208835,80.66487121582031,5833500
2023-11-09 00:00:00+00:00,81.37870475621128,83.00627797993867,80.90280589798782,81.0931625366211,4765100
2023-11-10 00:00:00+00:00,81.61666462187134,82.63508801823254,81.064620132947,82.33051300048828,2922700
2023-11-13 00:00:00+00:00,82.36859177594279,82.73027236655564,81.76896170848529,82.42569732666016,3123200
2023-11-14 00:00:00+00:00,83.4631609808348,85.17639286039663,83.29183706671444,84.28170776367188,3645800
2023-11-15 00:00:00+00:00,84.15795998384075,85.09072502574067,83.84386496611151,84.1103744506836,3273000
2023-11-16 00:00:00+00:00,84.00984685421189,84.48859000955508,83.46407994932228,83.7800521850586,2719600
2023-11-17 00:00:00+00:00,84.21091846650104,85.61842451809461,84.00027761347471,85.47480010986328,3494200
2023-11-20 00:00:00+00:00,85.50351007189848,85.56095689922431,84.82368852502717,85.01519012451172,2607000
2023-11-21 00:00:00+00:00,84.6513574329181,84.89072898004655,84.20133775551027,84.8332748413086,2467100
2023-11-22 00:00:00+00:00,84.78540002497552,85.35031333719854,84.27792623809789,85.06306457519531,2778800
2023-11-24 00:00:00+00:00,84.93860278390117,85.18755124969043,84.55560683000391,84.74710845947266,1248100
2023-11-27 00:00:00+00:00,84.36410751385144,84.72794963075361,84.10558215562533,84.24920654296875,2657800
2023-11-28 00:00:00+00:00,84.01940815081447,84.93859396167164,83.82791384627569,84.16303253173828,3418000
2023-11-29 00:00:00+00:00,84.73752774089743,84.95775277862239,83.94281245068282,84.55560302734375,2128400
2023-11-30 00:00:00+00:00,85.0056281948703,85.31202350298831,84.24921317997638,85.12052917480469,4201200
2023-12-01 00:00:00+00:00,85.46521943362366,86.47057555090919,85.26414821016655,86.28865814208984,2651200
2023-12-04 00:00:00+00:00,84.96731823949287,85.37903757296681,84.42155143047296,85.13009643554688,4068900
2023-12-05 00:00:00+00:00,84.74711916961591,84.92903660930124,84.0481509175414,84.59391784667969,3327700
2023-12-06 00:00:00+00:00,84.65137172484906,84.92903633796183,83.8662259048711,83.97154998779297,3336300
2023-12-07 00:00:00+00:00,84.36411395624127,85.3599005314809,83.98111799575828,84.94818115234375,3577200
2023-12-08 00:00:00+00:00,85.13968359370139,86.03972309085228,84.7662645055305,85.74290466308594,2365900
2023-12-11 00:00:00+00:00,85.79075394428034,86.69079322476088,85.65670647336272,85.90565490722656,3068200
2023-12-12 00:00:00+00:00,85.98227161571953,86.9589044156172,85.3790505788339,86.59506225585938,2905700
2023-12-13 00:00:00+00:00,87.20784177929656,89.03663655829806,86.80569934266248,88.30895233154297,4146100
2023-12-14 00:00:00+00:00,89.02707367927017,92.56019293227776,88.98877335312133,92.43572235107422,4417700
2023-12-15 00:00:00+00:00,91.51654101045212,92.45487348033346,91.24844601905745,91.58356475830078,5091600
2023-12-18 00:00:00+00:00,91.70804258459803,92.07189207738855,91.23887631262423,91.96656799316406,1889700
2023-12-19 00:00:00+00:00,92.11016627060944,92.40699194957193,91.49737570861677,91.66972351074219,1856100
2023-12-20 00:00:00+00:00,91.50695160844123,92.2537896410841,90.61648919143481,90.6356430053711,1782600
2023-12-21 00:00:00+00:00,91.13353993512108,91.83250809932125,90.97076902874576,91.64100646972656,2113000
2023-12-22 00:00:00+00:00,91.87079994199719,92.81871655999372,91.67930561989859,92.33997344970703,1634000
2023-12-26 00:00:00+00:00,92.66552376164135,93.53683980873781,92.56019968331012,93.37406158447266,1536400
2023-12-27 00:00:00+00:00,93.4027907739563,93.91982694357327,93.16341920078372,93.4506607055664,1844400
2023-12-28 00:00:00+00:00,93.51766976555007,93.59427041014382,92.78998555702806,92.96232604980469,1527700
2023-12-29 00:00:00+00:00,92.80914271001964,93.43151023490455,92.78041929126255,93.192138671875,1448100
2024-01-02 00:00:00+00:00,92.4165702215315,92.79956618496706,91.32503647401644,91.80377960205078,2159900
2024-01-03 00:00:00+00:00,91.15268239036013,91.33460710412155,90.24307343163284,90.65479278564453,2199000
2024-01-04 00:00:00+00:00,90.97076029572693,91.87079230077975,90.66436502282903,91.05693054199219,2221200
2024-01-05 00:00:00+00:00,90.9899204331122,91.52611041473602,90.73140235055519,91.41121673583984,1638300
2024-01-08 00:00:00+00:00,91.03778768483498,91.74632541213526,90.47286704040381,91.69844818115234,2045500
2024-01-09 00:00:00+00:00,91.26757315160398,91.55482189855816,90.3962646145774,90.59733581542969,2378500
2024-01-10 00:00:00+00:00,90.53032596252272,90.98033835435915,90.31010091541961,90.740966796875,1665200
2024-01-11 00:00:00+00:00,90.97077033185417,91.06651749550292,89.68773496283183,90.76969909667969,2066900
2024-01-12 00:00:00+00:00,91.38249019889835,91.56440761929198,90.46330427388088,90.83672332763672,1572100
2024-01-16 00:00:00+00:00,90.34840710530207,90.36755361692583,89.01750174371074,89.29517364501953,2401700
2024-01-17 00:00:00+00:00,88.35684299259312,88.9504871848275,88.0791710625984,88.49089050292969,2894200
2024-01-18 00:00:00+00:00,88.96005020958516,89.82178198295524,88.66322450727473,89.69731140136719,2426300
2024-01-19 00:00:00+00:00,89.54410277125976,90.96118550706092,89.12281382686457,90.87501525878906,5133600
2024-01-22 00:00:00+00:00,91.05693263019657,92.27294414789398,91.05693263019657,92.05271911621094,2862900
2024-01-23 00:00:00+00:00,92.44530688544623,92.49317681830127,91.05694734191448,91.70803833007812,1768200
2024-01-24 00:00:00+00:00,92.627219878554,92.627219878554,90.30052794612874,90.37712860107422,2467300
2024-01-25 00:00:00+00:00,91.18141223435956,92.18676834142438,90.49202101520663,92.14846801757812,2344500
2024-01-26 00:00:00+00:00,92.37826686478247,92.37826686478247,90.6835122903212,91.01863098144531,2344500
2024-01-29 00:00:00+00:00,90.68352298896137,91.09524237378461,89.7164598190202,90.97077178955078,2856400
2024-01-30 00:00:00+00:00,90.32923657367728,90.98990433057402,89.75474636574242,90.72180938720703,2896500
2024-01-31 00:00:00+00:00,90.5877810469826,90.68352821768627,87.7536224249168,87.8302230834961,4273000
2024-02-01 00:00:00+00:00,88.720684675608,89.90796565037566,88.51003651935034,89.77391815185547,2724600
2024-02-02 00:00:00+00:00,89.29516685875532,90.47287081769066,88.8068468414933,89.98455810546875,2128600
2024-02-05 00:00:00+00:00,89.32388278844603,89.5058074924779,88.24192608113536,89.42920684814453,2412800
2024-02-06 00:00:00+00:00,89.75475809366613,90.367548702873,89.07494373985976,90.25265502929688,2776000
2024-02-07 00:00:00+00:00,97.54869028605546,101.21586414240383,96.03586765956742,99.66473388671875,9072200
2024-02-08 00:00:00+00:00,100.18176367566986,100.77540766178129,97.68272447846628,98.02742004394531,5305900
2024-02-09 00:00:00+00:00,98.10405367652467,98.92749254821757,97.7019111498955,98.81259155273438,3497200
2024-02-12 00:00:00+00:00,98.79342347163109,100.00942769526856,98.52532851240643,99.8466567993164,3904300
2024-02-13 00:00:00+00:00,99.01364818508038,100.27752963522319,98.26680283746168,100.22965240478516,5069100
2024-02-14 00:00:00+00:00,101.16799880325368,102.0680308941173,100.81372626751616,101.72333526611328,5078100
2024-02-15 00:00:00+00:00,102.06492089825923,102.56528307790128,101.46832872828975,101.71851348876953,3104800
2024-02-16 00:00:00+00:00,101.7281351224835,103.03678366825565,101.50681642873964,102.14189910888672,3167400
2024-02-20 00:00:00+00:00,101.99758989763362,102.08418810107189,100.5542277764407,100.84290313720703,2517500
2024-02-21 00:00:00+00:00,100.61194345968845,101.42985440100594,99.93837751646977,100.99684143066406,2138700
2024-02-22 00:00:00+00:00,101.72814084071595,102.16114644419783,101.23739577313684,101.31437683105469,2362600
2024-02-23 00:00:00+00:00,101.87248969141783,102.15154055106764,101.59343883176803,101.91098022460938,1819800
2024-02-26 00:00:00+00:00,101.77625014373821,102.50755552316254,101.40097665695998,102.1803970336914,2393700
2024-02-27 00:00:00+00:00,102.75774050329555,102.75774050329555,101.39135973628855,102.1226577758789,2235600
2024-02-28 00:00:00+00:00,102.19001439512168,102.21888779836307,101.2758881747273,101.57418060302734,2190000
2024-02-29 00:00:00+00:00,101.98794740663537,103.51791480224045,101.53569284729727,102.81547546386719,5067700
2024-03-01 00:00:00+00:00,104.39356095494722,105.05750982898495,103.5275422804021,104.05677795410156,3356800
2024-03-04 00:00:00+00:00,104.09526309810832,105.68296269566902,104.00865756447925,105.37504577636719,3703200
2024-03-05 00:00:00+00:00,104.95164893278111,105.52899219300255,104.80731128239628,104.90353393554688,3465000
2024-03-06 00:00:00+00:00,105.84653619244307,106.46236999753002,105.4039061038692,105.65409088134766,2561600
2024-03-07 00:00:00+00:00,106.13520047198615,106.85688132558175,105.85614966097111,106.11595153808594,2033800
2024-03-08 00:00:00+00:00,106.51048640053206,107.00122415269219,105.82729599342058,105.99087524414062,1655800
2024-03-11 00:00:00+00:00,105.49050143083257,105.62521461320988,104.38392991006431,105.50975036621094,1892200
2024-03-12 00:00:00+00:00,105.58673633581338,106.51048706135668,105.13448177051946,106.42388153076172,1755400
2024-03-13 00:00:00+00:00,106.52972652460863,106.93386608244968,105.74068900349698,106.18331909179688,1801900
2024-03-14 00:00:00+00:00,106.46237736795328,106.80878482496134,105.54825106498778,106.2410659790039,2883300
2024-03-15 00:00:00+00:00,105.54823444066778,106.876124589171,105.45200445229666,106.41424560546875,6537600
2024-03-18 00:00:00+00:00,106.97235560632309,107.84799864805711,106.77028582930402,106.86650848388672,3071500
2024-03-19 00:00:00+00:00,106.49124495888012,107.5112257486098,106.02937323712814,107.08783721923828,2544000
2024-03-20 00:00:00+00:00,106.9627471746025,107.96347167319144,106.06786246573552,107.79026794433594,2195300
2024-03-21 00:00:00+00:00,108.2329091507328,109.07005441806828,107.79027167398307,108.34837341308594,2410900
2024-03-22 00:00:00+00:00,108.31950449858414,108.59855536079625,107.75178564676264,108.20403289794922,1479300
2024-03-25 00:00:00+00:00,108.08855847621689,108.44458303072713,107.42460968229767,107.51121520996094,1435900
2024-03-26 00:00:00+00:00,107.40538919183294,107.84801936097782,107.10708936162273,107.7229232788086,1812800
2024-03-27 00:00:00+00:00,107.77102051241287,109.17589186313437,107.43423754157523,109.16626739501953,1937300
2024-03-28 00:00:00+00:00,109.3972223026116,109.58966763761782,108.77176395186295,109.13741302490234,2322600
2024-04-01 00:00:00+00:00,108.99307463513473,109.80136118773899,108.90647643734798,109.25288391113281,2057200
2024-04-02 00:00:00+00:00,109.04117224739646,109.28173254686048,108.05006498821555,108.99305725097656,1964400
2024-04-03 00:00:00+00:00,109.15666124426345,109.87834225776204,108.81025377047861,109.25288391113281,1981800
2024-04-04 00:00:00+00:00,110.12850774411882,110.60001124073301,108.38685343687955,108.7717514038086,1888400
2024-04-05 00:00:00+00:00,109.32023371346484,110.43642979410745,109.0219412623249,110.21511840820312,1693800
2024-04-08 00:00:00+00:00,110.37869286248578,110.628877642955,109.6762608614043,110.34020233154297,1775600
2024-04-09 00:00:00+00:00,110.65773895063337,110.90792372035162,108.82947918666369,109.9360580444336,1877500
2024-04-10 00:00:00+00:00,108.39647100746495,109.92643096847341,108.27137495491517,109.77247619628906,2012900
2024-04-11 00:00:00+00:00,109.72437242969943,109.89757615445605,108.69477454956797,109.23362731933594,1673000
2024-04-12 00:00:00+00:00,108.49270703714618,109.13740694897596,107.5978223306815,108.396484375,1981100
2024-04-15 00:00:00+00:00,109.94568797915213,110.05153510463012,107.23216793056345,107.54008483886719,1708500
2024-04-16 00:00:00+00:00,107.64592980593517,107.79026011840375,106.32765666861718,107.2802734375,2326200
2024-04-17 00:00:00+00:00,107.81913727918351,108.08856366027042,105.46164176203638,105.66371154785156,2317300
2024-04-18 00:00:00+00:00,106.64519745299388,106.64519745299388,104.82656211269726,105.18258666992188,1677900
2024-04-19 00:00:00+00:00,105.4423971879897,105.96200834025723,104.26846169671691,104.48015594482422,2107900
2024-04-22 00:00:00+00:00,104.72071956624642,105.5289987122256,104.02790467465378,104.52826690673828,2448900
2024-04-23 00:00:00+00:00,104.98052136178099,106.26992848442013,104.59562338451624,105.6252212524414,2081900
2024-04-24 00:00:00+00:00,106.26991821082433,106.3276503323714,104.54750561859976,105.48088073730469,1876700
2024-04-25 00:00:00+00:00,104.35506804921191,106.1448374888316,103.7296170652753,105.4616470336914,1640100
2024-04-26 00:00:00+00:00,105.23070544227754,106.5489786196374,104.90353959433584,105.74069213867188,1364500
2024-04-29 00:00:00+00:00,105.26920075651128,106.57784952509662,105.23071022316248,105.61560821533203,2057900
2024-04-30 00:00:00+00:00,105.36542149255253,105.75031947768399,103.52753710067606,103.71036529541016,3962900
2024-05-01 00:00:00+00:00,103.46979476470204,104.50901701963845,102.20926114553815,102.43057250976562,3875200
2024-05-02 00:00:00+00:00,103.15226930515354,103.78735211704172,101.29514321461231,102.39210510253906,3587700
2024-05-03 00:00:00+00:00,103.12339072774901,103.32546050483724,101.9494552540116,102.51718139648438,5925900
2024-05-06 00:00:00+00:00,102.98867177534305,103.35432812024973,100.96796677630857,102.22850036621094,7467900
2024-05-07 00:00:00+00:00,102.58454741157718,103.49867372636815,102.00720408953453,103.34471893310547,6898500
2024-05-08 00:00:00+00:00,100.26554095057352,108.7332673631709,99.976872964135,108.396484375,6172800
2024-05-09 00:00:00+00:00,110.07077729018226,111.39866758787011,109.82059250668111,111.2254638671875,4983100
2024-05-10 00:00:00+00:00,111.91827159786578,112.35128454256004,110.82131721741538,111.18697357177734,2422500
2024-05-13 00:00:00+00:00,111.10998579821124,111.58148190203934,110.37868047500633,110.48452758789062,1857200
2024-05-14 00:00:00+00:00,110.31132314902568,110.67697213751752,109.66662335037533,110.03227233886719,1514900
2024-05-15 00:00:00+00:00,110.65773128703607,111.03300474496498,110.07076360333858,110.48452758789062,1948900
2024-05-16 00:00:00+00:00,110.1993686172206,110.81803114927905,109.0297095370776,109.05870819091797,1927700
2024-05-17 00:00:00+00:00,109.60004508142174,109.60004508142174,108.51738924874996,109.11671447753906,1619700
2024-05-20 00:00:00+00:00,109.33905906028879,110.7310536773719,109.24239440633364,109.90938568115234,1852500
2024-05-21 00:00:00+00:00,109.7547237098322,110.24772303255587,109.6000543634717,109.90938568115234,2357300
2024-05-22 00:00:00+00:00,109.89005109221279,110.8567123413086,109.58071978750372,110.8567123413086,1931100
2024-05-23 00:00:00+00:00,111.59137052161071,111.76536983141727,108.5947149221598,108.73971557617188,2642700
2024-05-24 00:00:00+00:00,109.27138902988608,109.8803829648511,108.91372171091548,109.63871765136719,1345000
2024-05-28 00:00:00+00:00,109.87071723598368,110.23804584266622,108.04372075461264,108.31439208984375,2257400
2024-05-29 00:00:00+00:00,107.57973611983572,107.82140144294388,106.83540279463995,107.2220687866211,1831600
2024-05-30 00:00:00+00:00,107.0867415150547,107.71507285783491,106.42941151222999,107.20274353027344,2051300
2024-05-31 00:00:00+00:00,107.05772713909414,108.50771892878842,105.88806798041219,108.42072296142578,4318100
2024-06-03 00:00:00+00:00,108.93305658588427,109.029721234069,105.04707430351475,105.39507293701172,2870300
2024-06-04 00:00:00+00:00,104.67007929093575,105.25007456770614,102.94942344066624,103.30709075927734,3012900
2024-06-05 00:00:00+00:00,103.90641122326923,104.71841047332529,103.47141662951616,104.67007446289062,2030200
2024-06-06 00:00:00+00:00,104.74741548017363,104.91174612555093,102.27276499671255,102.43709564208984,2385000
2024-06-07 00:00:00+00:00,102.61108188428761,104.5250668188947,102.34041794404332,104.38007354736328,3173700
2024-06-10 00:00:00+00:00,104.38008372239186,105.85907423649904,104.09975107837208,105.1050796508789,1871400
2024-06-11 00:00:00+00:00,104.59274174467994,104.92141039667108,103.08475259153442,104.02241516113281,1566500
2024-06-12 00:00:00+00:00,104.92141116979427,105.50140643489014,103.67441729356617,104.88274383544922,2109700
2024-06-13 00:00:00+00:00,104.63141812855442,105.1050874804798,103.71309283407794,104.91175079345703,1865700
2024-06-14 00:00:00+00:00,103.78074790518511,104.15774518639022,102.3500860719926,102.91075134277344,1829200
2024-06-17 00:00:00+00:00,102.96873743594095,103.82907260255818,102.17607562656413,103.7904052734375,2017300
2024-06-18 00:00:00+00:00,103.77108617352313,105.21140940517056,103.22008954295731,105.05674743652344,2078200
2024-06-20 00:00:00+00:00,105.11473952258302,105.12440819984245,104.11907964101849,104.53474426269531,1984600
2024-06-21 00:00:00+00:00,104.64108413333712,104.98908278604705,103.13309488828762,104.7957534790039,3029100
2024-06-24 00:00:00+00:00,105.38540608505078,106.47773801607417,105.04707612302407,105.67540740966797,2043900
2024-06-25 00:00:00+00:00,105.56906509875323,105.90739503198922,103.91607538919494,104.27374267578125,2004300
2024-06-26 00:00:00+00:00,103.80008012377037,104.16741611084693,102.17608896391165,102.58209228515625,2500500
2024-06-27 00:00:00+00:00,102.94943150126178,104.70875482440378,102.7077661690992,104.67975616455078,3472900
2024-06-28 00:00:00+00:00,105.13406914993692,107.3477240770939,104.82473787572944,106.48739624023438,4756200
2024-07-01 00:00:00+00:00,107.35739903933313,107.6280630168255,104.34142057580083,104.44775390625,2422300
2024-07-02 00:00:00+00:00,104.39940352893197,105.69472592158692,104.26407155880501,105.62705993652344,2474900
2024-07-03 00:00:00+00:00,106.07174005276629,107.03840128312945,105.47240743492677,105.90740203857422,1074800
2024-07-05 00:00:00+00:00,105.77207790217027,106.23607857218028,104.66041592978503,105.81074523925781,1468600
2024-07-08 00:00:00+00:00,106.8257240941954,107.18338399412144,106.26505886588424,106.30372619628906,1510900
2024-07-09 00:00:00+00:00,105.80106176443365,106.9030549046678,105.37573586603554,105.93639373779297,1266700
2024-07-10 00:00:00+00:00,106.05239806144087,107.8890557938387,105.97506339638338,107.78272247314453,1877700
2024-07-11 00:00:00+00:00,108.04371727278689,110.47970758608601,107.73438598895966,110.34437561035156,2235900
2024-07-12 00:00:00+00:00,111.17571004741276,111.57203731640719,110.11238417018492,110.76970672607422,2082600
2024-07-15 00:00:00+00:00,111.00171145162439,113.43769452026761,110.91470810540144,113.07036590576172,2694400
2024-07-16 00:00:00+00:00,113.58269205750331,115.545013131767,113.1476974634692,114.90702056884766,2423700
2024-07-17 00:00:00+00:00,114.40435049615665,114.79101644761971,113.2346913398846,114.30768585205078,3751200
2024-07-18 00:00:00+00:00,113.25404919370341,114.83937324412383,112.15204845129804,112.65471649169922,4304000
2024-07-19 00:00:00+00:00,113.44736305595436,113.51502904735884,111.12737461845248,111.82337188720703,2657800
2024-07-22 00:00:00+00:00,112.58702783866308,114.02735091936678,111.81369595135077,113.90168762207031,2424100
2024-07-23 00:00:00+00:00,113.60202030232143,114.71368215070784,113.21536172465626,113.69869232177734,1403300
2024-07-24 00:00:00+00:00,113.18635538700778,113.85335396923968,110.160708512245,110.2767105102539,2151300
2024-07-25 00:00:00+00:00,110.51838011648357,112.5483672230167,109.72571820345482,110.76970672607422,2127200
2024-07-26 00:00:00+00:00,111.79438022261198,113.73737149024052,111.34004823403332,112.9447021484375,1488600
2024-07-29 00:00:00+00:00,113.00269176913592,114.13368356323365,112.48069385454326,113.87268829345703,1905000
2024-07-30 00:00:00+00:00,114.24002794150148,114.99402254389707,111.04038153260322,111.84270477294922,3039400
2024-07-31 00:00:00+00:00,113.6600357195448,114.1046990258717,112.741703073292,113.20570373535156,2020000
2024-08-01 00:00:00+00:00,113.15735585899557,113.34102384400063,108.55605393237208,109.31970977783203,2533500
2024-08-02 00:00:00+00:00,107.24138828170116,107.2993855895749,103.89674165193173,105.56906127929688,3194500
2024-08-05 00:00:00+00:00,102.80441890900752,104.18674474372837,101.62509104476516,102.84308624267578,2618600
2024-08-06 00:00:00+00:00,103.25875080750185,105.71407118136975,102.8914222004028,104.1867446899414,3020300
2024-08-07 00:00:00+00:00,100.18476795015734,102.46608901251462,95.9797931307838,96.2214584350586,8060500
2024-08-08 00:00:00+00:00,97.48779542118993,101.36410948970908,97.11079808566501,101.12244415283203,4877100
2024-08-09 00:00:00+00:00,100.97743444651513,101.08376777523621,98.84111394455213,100.23310852050781,3644600
2024-08-12 00:00:00+00:00,100.34910105695963,100.52310037532175,98.88944789324188,99.63377380371094,2542900
2024-08-13 00:00:00+00:00,100.19443807426211,100.83243065174022,99.52743946481871,100.62943267822266,2598600
2024-08-14 00:00:00+00:00,99.08277944842034,100.5231026651471,98.95711613925631,100.0397720336914,3921000
2024-08-15 00:00:00+00:00,101.49943132517146,101.95376329301435,100.27177478177987,100.81310272216797,3309700
2024-08-16 00:00:00+00:00,100.69164413845913,100.86652378705341,99.33146991743169,100.15728759765625,3416300
2024-08-19 00:00:00+00:00,100.70137358695237,101.40089226366928,100.00185491023548,100.8859634399414,1761800
2024-08-20 00:00:00+00:00,100.96369969064767,101.29403128275182,99.87556600455123,100.18646240234375,2500500
2024-08-21 00:00:00+00:00,100.30302741036952,101.71178227190848,100.15729312643741,101.06083679199219,2262000
2024-08-22 00:00:00+00:00,101.38144909161272,102.04210474402807,100.53620360073742,101.39116668701172,2419800
2024-08-23 00:00:00+00:00,102.01295969034457,102.76105146663822,101.07055306722864,101.66320037841797,2774400
2024-08-26 00:00:00+00:00,102.3238543082391,102.66389601900482,101.22600323852312,101.92552185058594,1773300
2024-08-27 00:00:00+00:00,101.58547897114343,101.89637532757382,100.81795196975348,100.9053955078125,1586600
2024-08-28 00:00:00+00:00,100.8859561069438,101.80893495421752,100.53620420636148,100.95397186279297,2414800
2024-08-29 00:00:00+00:00,101.25514408119145,102.45986640786334,100.78879588989905,101.12883758544922,2953600
2024-08-30 00:00:00+00:00,101.32316283302856,102.49873990837197,100.93454053573932,102.3918685913086,3476200
2024-09-03 00:00:00+00:00,101.60490728238183,101.81864990276983,98.66110598532764,99.11772918701172,3380600
2024-09-04 00:00:00+00:00,98.85541862501155,99.4869289242514,97.37866280723325,97.99073791503906,2767400
2024-09-05 00:00:00+00:00,97.51468279175712,97.72841801827536,95.5229981066523,97.12606048583984,4207700
2024-09-06 00:00:00+00:00,97.11634186216556,97.90329664936432,94.58059042302077,95.39669799804688,2780800
2024-09-09 00:00:00+00:00,96.43626548340353,97.30094627700666,96.08650612729951,96.74716186523438,2843100
2024-09-10 00:00:00+00:00,96.92203541152548,96.99004375911237,95.30925543681661,96.28080749511719,3004700
2024-09-11 00:00:00+00:00,96.05736440849023,97.22322403167469,93.87137205575335,97.06777954101562,2335500
2024-09-12 00:00:00+00:00,97.38837698010501,98.7096883823069,96.31967119041778,98.58338928222656,3728800
2024-09-13 00:00:00+00:00,99.09830366172058,99.80753988073509,98.64167303730277,99.12744903564453,2156700
2024-09-16 00:00:00+00:00,99.76867957024933,100.55563433658246,99.11773408173482,99.47721099853516,2361900
2024-09-17 00:00:00+00:00,99.88526405288829,101.60491533513583,99.88526405288829,100.94425964355469,3125700
2024-09-18 00:00:00+00:00,101.21628287401973,102.40157744399106,100.46819113080264,100.73050689697266,2129800
2024-09-19 00:00:00+00:00,103.0428063429747,103.227403601368,102.03239133824121,102.89707946777344,2748300
2024-09-20 00:00:00+00:00,102.23642723244697,102.87764774199577,101.31344832174024,102.16841888427734,8125400
2024-09-23 00:00:00+00:00,102.73190452361489,103.43142313678392,101.58547288811086,102.06153869628906,2428200
2024-09-24 00:00:00+00:00,103.22739847394885,104.9276144488139,103.03309104176279,103.31483459472656,2909100
2024-09-25 00:00:00+00:00,103.34399723228472,103.89778162039512,101.34259491068147,101.43003845214844,2817200
2024-09-26 00:00:00+00:00,102.63475552876002,106.05462281436718,102.47931105887992,105.80201721191406,4063100
2024-09-27 00:00:00+00:00,106.35581069602176,107.31764520971888,105.77288091233727,106.11292266845703,3174200
2024-09-30 00:00:00+00:00,105.55913306249207,106.44324158485418,105.04421165539543,106.25865173339844,2917100
2024-10-01 00:00:00+00:00,106.08377082772431,107.10389603393006,105.42311513650606,106.15177917480469,2823700
2024-10-02 00:00:00+00:00,106.15176981312763,107.83255056232116,105.8505836634589,107.32734680175781,3160400
2024-10-03 00:00:00+00:00,106.88044024058229,107.18161899608288,105.85059005469472,106.51124572753906,3236700
2024-10-04 00:00:00+00:00,108.69724564232351,108.69724564232351,106.80272202337171,108.26976776123047,2082200
2024-10-07 00:00:00+00:00,107.51195081177146,109.5619187683468,107.21076464315215,109.31903076171875,2776000
2024-10-08 00:00:00+00:00,108.27946210655765,108.44463157181822,105.48139515269956,106.30721282958984,2299500
2024-10-09 00:00:00+00:00,106.78330101356703,107.98802361143125,106.48211480483494,107.72570037841797,1531900
2024-10-10 00:00:00+00:00,107.63826424231668,108.11432272325133,106.72500284381147,107.72570037841797,1916100
2024-10-11 00:00:00+00:00,107.80341035817618,109.50362637911529,107.80341035817618,108.87211608886719,2113300
2024-10-14 00:00:00+00:00,108.8721136064944,109.54248685141849,108.27946629972018,109.43561553955078,1201900
2024-10-15 00:00:00+00:00,109.02757787937405,109.53278171008365,106.04491322800928,106.1420669555664,2585800
2024-10-16 00:00:00+00:00,106.5209601491913,108.0171511111195,106.06432952552025,107.44393157958984,1656900
2024-10-17 00:00:00+00:00,108.1045793861505,108.1045793861505,106.74441262162627,107.30790710449219,2099100
2024-10-18 00:00:00+00:00,107.83255165360445,107.83255165360445,106.66669224828831,107.29820251464844,2124100
2024-10-21 00:00:00+00:00,107.36621957987808,107.65768074871154,106.48210365266921,107.2690658569336,2077600
2024-10-22 00:00:00+00:00,105.80201472129563,106.8804380387568,105.46197300235598,106.36551666259766,1536600
2024-10-23 00:00:00+00:00,105.62714363923581,106.46267902352108,104.84018882403737,105.4231185913086,3743800
2024-10-24 00:00:00+00:00,105.5591339013715,105.57856168133819,104.39326696981107,105.18022918701172,1845200
2024-10-25 00:00:00+00:00,105.57856357731742,105.97690349115132,104.89848008095977,105.05392456054688,1524100
2024-10-28 00:00:00+00:00,105.27737908087691,106.18092276970897,105.07335404305725,105.56884765625,2150900
2024-10-29 00:00:00+00:00,105.18023433100548,106.5501189624515,104.71388605310305,105.8117446899414,1979300
2024-10-30 00:00:00+00:00,105.32596205435829,106.83186329525385,105.2870990825969,105.9186019897461,2345400
2024-10-31 00:00:00+00:00,105.45225697275679,106.33636545512836,104.75273833349148,105.18993377685547,3097500
2024-11-01 00:00:00+00:00,105.2190901331313,106.25865053165066,104.97620212027769,105.3745346069336,1853600
2024-11-04 00:00:00+00:00,104.6847393729014,107.60911328606302,104.40298837280969,106.6861343383789,3434100
2024-11-05 00:00:00+00:00,112.45714691502603,116.20733832522384,112.0976699972607,114.32252502441406,7193800
2024-11-06 00:00:00+00:00,122.8721939110008,124.10606180288814,119.62720607854563,123.2510986328125,7129100
2024-11-07 00:00:00+00:00,122.60985923448361,123.75629088910232,120.91936083270805,123.57170104980469,3582400
2024-11-08 00:00:00+00:00,122.72645579465042,124.90273033132054,122.72645579465042,123.63971710205078,2748200
2024-11-11 00:00:00+00:00,122.53213877023516,126.30175779600724,122.53213877023516,125.5245132446289,3139100
2024-11-12 00:00:00+00:00,125.50508571319838,126.59323408141672,123.84374002263888,124.74727630615234,3086000
2024-11-13 00:00:00+00:00,125.33020289405857,127.81737354077833,125.13589546691604,126.45720672607422,3125300
2024-11-14 00:00:00+00:00,126.07830701457867,127.03042382232901,125.2524818858509,125.33020782470703,3694200
2024-11-15 00:00:00+00:00,125.31851931480384,125.96236771233093,123.43570969324662,123.67959594726562,2672000
2024-11-18 00:00:00+00:00,123.8259275473385,126.30381274847355,123.72837453558721,126.00139617919922,3399100
2024-11-19 00:00:00+00:00,124.08932986186964,126.48917728249253,124.08932986186964,126.39161682128906,2729100
2024-11-20 00:00:00+00:00,126.91841613743316,127.37692349881512,125.34778802167783,125.94287109375,2277300
2024-11-21 00:00:00+00:00,125.87457230596456,126.91841261887245,124.93805742594793,125.13316345214844,2810300
2024-11-22 00:00:00+00:00,125.54290313517426,127.40619787595416,125.07464564831027,126.88916015625,2212800
2024-11-25 00:00:00+00:00,127.60129126720481,130.2742750883706,127.48421574287158,129.50360107421875,5740100
2024-11-26 00:00:00+00:00,129.6987173267451,130.8888835327952,129.06461896962327,129.74749755859375,3254600
2024-11-27 00:00:00+00:00,129.62065506214557,130.37182885506255,128.6256099130001,129.34750366210938,1869300
2024-11-29 00:00:00+00:00,129.55239058625472,130.27428442413665,129.05485306486398,129.35728454589844,1531700
2024-12-02 00:00:00+00:00,130.23525591179674,130.7718086323806,129.36702146781016,130.4986572265625,2922000
2024-12-03 00:00:00+00:00,130.4108314271948,130.63521746555426,127.83539355889432,130.13768005371094,3092000
2024-12-04 00:00:00+00:00,130.27426356098545,131.55223992477278,129.79625607150996,131.04495239257812,2632700
2024-12-05 00:00:00+00:00,130.87912408868587,131.1620255961743,129.50360203128128,129.89381408691406,2377900
2024-12-06 00:00:00+00:00,130.26452105339584,130.4986572093384,127.64030265404256,127.7768783569336,2628200
2024-12-09 00:00:00+00:00,128.06954512366534,129.4645822001932,127.1330302690213,127.24032592773438,2859400
2024-12-10 00:00:00+00:00,126.53795591956222,127.1915693216123,124.9282976437945,125.99163818359375,2838400
2024-12-11 00:00:00+00:00,127.36715435091423,128.07929804150558,126.71354097932551,127.66957092285156,2305500
2024-12-12 00:00:00+00:00,127.71834797503472,128.77193834779288,127.06473461969715,127.95248413085938,2310600
2024-12-13 00:00:00+00:00,128.14758881015524,128.71340668325044,126.47940034933706,127.01595306396484,3097700
2024-12-16 00:00:00+00:00,126.80134693746639,127.38667994713938,125.5526504100917,127.00621795654297,3205800
2024-12-17 00:00:00+00:00,126.51844310694226,127.24033693534099,124.42101970798254,124.94781494140625,3603800
2024-12-18 00:00:00+00:00,124.5088029088586,124.59660582717623,118.89941928328021,119.38719177246094,4162600
2024-12-19 00:00:00+00:00,121.18220493166746,122.31383329726872,119.16282701537688,119.3579330444336,3272200
2024-12-20 00:00:00+00:00,118.28482994854384,121.70899494485764,118.12873917770878,121.05537414550781,10502000
2024-12-23 00:00:00+00:00,120.77247382176502,121.3675568664249,119.58230773244522,120.8992919921875,2258900
2024-12-24 00:00:00+00:00,121.06514299214706,123.21134663477247,120.78223402568568,123.14305877685547,1243300
2024-12-26 00:00:00+00:00,123.02597427615704,123.72836783121467,122.15773986582673,123.29912567138672,1530200
2024-12-27 00:00:00+00:00,122.1187273995909,123.48449193291107,121.84557598149046,122.6357650756836,1653500
2024-12-30 00:00:00+00:00,121.15293407258872,121.91385797006139,119.98227562486207,121.22122192382812,2621000
2024-12-31 00:00:00+00:00,121.24073125318473,121.85532936579745,120.47980734501442,120.8992919921875,2171600
2025-01-02 00:00:00+00:00,122.33335693536003,122.43090995672202,118.2750857498991,119.19210052490234,1837700
2025-01-03 00:00:00+00:00,119.6115833307191,120.54810571811171,118.80187912481712,120.4212875366211,1621100
2025-01-06 00:00:00+00:00,121.09439114208207,121.56265598974305,118.77259685625692,119.10427856445312,2311000
2025-01-07 00:00:00+00:00,119.57255454361794,120.65541012700028,116.85078300507462,117.72877502441406,2622200
2025-01-08 00:00:00+00:00,117.55316876080751,117.55316876080751,115.68987429752366,117.35806274414062,2562500
2025-01-10 00:00:00+00:00,115.54354333668378,116.18739911713054,114.3533773369418,115.05577087402344,3736100
2025-01-13 00:00:00+00:00,113.87537627797619,115.69964074712524,113.65099764298273,115.57282257080078,2254900
2025-01-14 00:00:00+00:00,116.4898302530143,117.640966190423,115.7386564464471,116.86053466796875,2074200
2025-01-15 00:00:00+00:00,119.08476827416226,119.50425288813533,117.06539058429584,117.76778411865234,2405500
2025-01-16 00:00:00+00:00,117.63121450974725,120.47980404170406,117.56292665942011,120.27494049072266,2872000
2025-01-17 00:00:00+00:00,121.55289936006194,122.34309583118885,120.67490741593056,121.48461151123047,4240200
2025-01-21 00:00:00+00:00,123.14303928961327,126.43062836980211,122.55770637973204,126.31355285644531,4432800
2025-01-22 00:00:00+00:00,127.99150283070092,128.41099492715648,126.6257457656643,126.76232147216797,2860500
2025-01-23 00:00:00+00:00,126.56720476085412,128.83046126121144,125.7672507719878,127.96222686767578,4078000
2025-01-24 00:00:00+00:00,128.1280520816004,128.58655933425587,127.03544665516992,127.40615844726562,2725900
2025-01-27 00:00:00+00:00,124.86976804108161,126.82085816672351,124.28444249195267,125.82579803466797,4261800
2025-01-28 00:00:00+00:00,126.44039221987612,127.56226305266073,124.18688557717788,126.82085418701172,3647900
2025-01-29 00:00:00+00:00,126.82085306159861,127.33789073322966,125.59167169075353,125.69898223876953,2188900
2025-01-30 00:00:00+00:00,126.52817531136202,128.48903016091177,125.9233422140182,127.25008392333984,2441400
2025-01-31 00:00:00+00:00,127.73786676294341,128.35246488636042,126.06967823608393,126.7720718383789,4718900
2025-02-03 00:00:00+00:00,123.7674044572992,125.93310823880641,123.1528063060177,124.72343444824219,3850900
2025-02-04 00:00:00+00:00,125.8940787634403,126.77206326410844,124.29418564100786,124.56733703613281,3209600
2025-02-05 00:00:00+00:00,123.9234835698986,123.9429986384136,119.37744761504311,121.70899963378906,4814900
2025-02-06 00:00:00+00:00,122.9967081262322,124.86975262939703,121.96262542615429,124.36247253417969,3931500
2025-02-07 00:00:00+00:00,125.10389889942424,125.10389889942424,120.76271908863332,121.32853698730469,3012400
2025-02-10 00:00:00+00:00,122.54795885039356,123.69910218489781,121.79678507366206,123.65032196044922,2444500
2025-02-11 00:00:00+00:00,123.06501067317369,123.97226787569568,122.43090489630252,123.80642700195312,1920600
2025-02-12 00:00:00+00:00,121.66021634054269,122.54796586516518,120.87002727040182,121.45535278320312,2078000
2025-02-13 00:00:00+00:00,121.47487028119204,122.28457448516443,120.89930225562357,122.23580169677734,1951800
2025-02-14 00:00:00+00:00,122.72366301651986,122.9489911495557,120.57818371166248,120.83289337158203,2151800
2025-02-18 00:00:00+00:00,121.77338129179113,123.13512643672514,121.06801539455354,122.46894836425781,2296100
2025-02-19 00:00:00+00:00,121.77337912525148,122.01829741997297,120.4410230040215,121.9007339477539,1781200
2025-02-20 00:00:00+00:00,121.9203284446277,122.26322004884362,120.46061744914952,122.2142333984375,1438900
2025-02-21 00:00:00+00:00,122.41016978898267,122.67468575251155,118.43269877955015,119.37318420410156,2334300
2025-02-24 00:00:00+00:00,119.54952423655229,119.79444254646059,117.45302410168227,118.22696685791016,2758800
2025-02-25 00:00:00+00:00,117.04155783643299,118.51106762935852,115.82676516708894,117.2864761352539,2529100
2025-02-26 00:00:00+00:00,118.12900333231741,118.93233510550903,117.20810807732441,117.42363739013672,2173300
2025-02-27 00:00:00+00:00,117.92326515909082,119.64748460058327,117.45301873684804,117.56078338623047,2575400
2025-02-28 00:00:00+00:00,117.6979331492238,119.35358318569115,116.69866981213404,119.13805389404297,2590400
2025-03-03 00:00:00+00:00,120.34306044546034,120.52920075783906,114.03396969297778,114.78831481933594,2585400
2025-03-04 00:00:00+00:00,112.7799830040645,114.2984720000674,110.34059132148042,111.7121353149414,4194500
2025-03-05 00:00:00+00:00,112.40769731272654,114.22989000492201,111.37904496991497,113.48533630371094,2853700
2025-03-06 00:00:00+00:00,112.19216906506163,114.49440701300097,111.2810727104744,113.97517395019531,3488600
2025-03-07 00:00:00+00:00,112.98570883306276,116.48314176161163,112.6036368935475,116.19903564453125,3986800
2025-03-10 00:00:00+00:00,110.80103590629396,112.80936892848938,108.54779206176909,109.55685424804688,5156100
2025-03-11 00:00:00+00:00,109.85075675647984,109.95852140988909,106.80397240859367,108.46942138671875,5095000
2025-03-12 00:00:00+00:00,110.1740483899088,110.70307282065966,108.15592396743637,108.58697509765625,2263700
2025-03-13 00:00:00+00:00,108.3126646587782,109.31193549048234,106.4708817665439,106.98030853271484,2256900
2025-03-14 00:00:00+00:00,108.64576108720915,109.87035260650971,107.7934426990231,109.65482330322266,2058300
2025-03-17 00:00:00+00:00,109.82136355760613,111.99623924427664,109.14539413624799,111.28107452392578,2616800
2025-03-18 00:00:00+00:00,110.55611973863957,111.00676851622272,108.78291362857989,109.57644653320312,2724800
2025-03-19 00:00:00+00:00,109.61563215711831,110.65408334224725,108.64575779602029,110.10546875,4095400
2025-03-20 00:00:00+00:00,108.61636945307121,109.92912794226119,107.48974378776872,109.5274658203125,3573700
2025-03-21 00:00:00+00:00,108.41064789411615,110.83043459813346,107.6954831166804,110.81084442138672,9228700
2025-03-24 00:00:00+00:00,112.26075095195802,113.34818882661999,111.97665229489635,113.02490234375,2781900
2025-03-25 00:00:00+00:00,113.26001801321213,113.8870082564207,112.25095582412064,112.9563217163086,1656200
2025-03-26 00:00:00+00:00,112.66241731519992,113.74985515853517,110.73245992704071,111.28107452392578,1986300
2025-03-27 00:00:00+00:00,111.29087303332042,111.30067185804083,109.05721935311674,109.80177307128906,2719200
2025-03-28 00:00:00+00:00,109.30213675666826,109.57644405208924,105.90266961488702,106.43169403076172,3085400
2025-03-31 00:00:00+00:00,105.77530935621088,108.00896290335622,104.33518865494274,107.41136169433594,3372400
2025-04-01 00:00:00+00:00,107.12727184622939,108.15593178161706,105.98105590061273,107.7640609741211,2490600
2025-04-02 00:00:00+00:00,106.13779209462855,109.71360080972744,106.05942391822487,109.27275085449219,2036500
2025-04-03 00:00:00+00:00,103.83555965946256,105.04056097585446,99.3878424652027,99.81890106201172,3730000
2025-04-04 00:00:00+00:00,95.07729035796672,95.3320000173238,90.35526566863506,92.64769744873047,5816500
2025-04-07 00:00:00+00:00,92.08928586602164,97.87915838420489,88.22937085389947,94.99891662597656,6936700
2025-04-08 00:00:00+00:00,97.85956694302122,98.40818160823277,90.07116707009116,92.23624420166016,4819900
2025-04-09 00:00:00+00:00,91.39371487710544,102.9342641227054,90.48261849064684,102.3072738647461,4978100
2025-04-10 00:00:00+00:00,99.46621948233111,100.24016221255705,94.05842666993789,97.70281219482422,3565900
2025-04-11 00:00:00+00:00,97.17378651005144,99.28987672256635,95.62590106961005,98.44735717773438,3621100
2025-04-14 00:00:00+00:00,100.08341215103123,100.08341215103123,97.7125974579914,98.98617553710938,3388000
2025-04-15 00:00:00+00:00,98.80983740608113,99.57398128961147,97.84975440221405,98.39837646484375,2972500
2025-04-16 00:00:00+00:00,97.49707313839792,98.32000250935316,95.73366587088812,96.66435241699219,2460400
2025-04-17 00:00:00+00:00,97.18357688586737,98.99597825614303,97.18357688586737,97.54605865478516,2879200
2025-04-21 00:00:00+00:00,95.90021147501415,96.53700056664286,93.37265275863078,94.46009063720703,2721600
2025-04-22 00:00:00+00:00,95.66509647619833,98.07509182765838,95.62590864841273,97.7615966796875,2797700
2025-04-23 00:00:00+00:00,101.21002970572515,104.61929552176112,98.74125668152269,99.01556396484375,3838100
2025-04-24 00:00:00+00:00,98.99598004387713,103.10080567739446,98.64329709324038,102.9146728515625,2762700
2025-04-25 00:00:00+00:00,102.49341134455014,103.815968649942,102.39543804656218,103.1399917602539,2636100
2025-04-28 00:00:00+00:00,102.98325459715247,104.13926932962532,101.31780558972481,102.3758544921875,2676500
2025-04-29 00:00:00+00:00,102.18971348894755,103.2575612094512,101.69008551699571,102.953857421875,1635300
2025-04-30 00:00:00+00:00,101.7782396772445,103.18897135958453,100.74957991315279,102.97344207763672,3842100
2025-05-01 00:00:00+00:00,103.492682803157,104.84462921400872,102.39544605892773,103.65922546386719,2687200
2025-05-02 00:00:00+00:00,105.80471468691555,107.1664599539224,104.34500358635769,106.11820983886719,2569800
2025-05-05 00:00:00+00:00,104.92299102153046,107.0292897517828,104.57030809579923,106.17697143554688,2551500
2025-05-06 00:00:00+00:00,104.88380810364112,106.35331787146413,104.36458251490042,105.08953857421875,4424700
2025-05-07 00:00:00+00:00,112.6232316079419,112.66241943335808,106.16718872547472,107.62689971923828,5066000
2025-05-08 00:00:00+00:00,108.27347233644527,111.13412359080489,107.30359801892993,110.09566497802734,3481500
2025-05-09 00:00:00+00:00,110.95778936916075,111.23209667086357,109.72339903718466,110.26222229003906,2581400
2025-05-12 00:00:00+00:00,116.31660996719424,117.69794538331091,114.63157075658985,116.9827880859375,4028400
2025-05-13 00:00:00+00:00,117.4138291363437,120.12752803074875,116.6006986030517,119.02049255371094,3944200
2025-05-14 00:00:00+00:00,118.88333679827848,119.75524531513274,118.63841850760451,119.00090026855469,3305100
2025-05-15 00:00:00+00:00,118.47188795647118,118.78538310156047,117.15912189781899,117.80570983886719,2496500
2025-05-16 00:00:00+00:00,118.27604808676878,118.77788701123333,117.40029423252716,118.67948913574219,2712200
2025-05-19 00:00:00+00:00,117.01653039540828,118.1973273538321,116.86892983719578,117.66596984863281,2651900
2025-05-20 00:00:00+00:00,116.78038328827344,117.46917593830833,115.5799096634039,116.10142517089844,2770600
2025-05-21 00:00:00+00:00,115.19615076579119,116.62293873448569,114.24167560431171,114.29087829589844,2243600
2025-05-22 00:00:00+00:00,113.93664411741821,116.35726798822388,112.99201096105091,115.47167205810547,3058500
2025-05-23 00:00:00+00:00,113.11007937700109,116.54422299455769,113.07072623312004,116.34741973876953,4430900
2025-05-27 00:00:00+00:00,118.0497282004036,119.08291710563356,116.9673366060919,119.03372192382812,2592000
2025-05-28 00:00:00+00:00,119.30924270516391,119.54539910415113,117.46917168206058,117.82341003417969,2372400
2025-05-29 00:00:00+00:00,118.55156802257005,118.6893265443378,116.96733751496451,118.00052642822266,1988700
2025-05-30 00:00:00+00:00,117.53805651186407,117.73485977640566,116.26871111513626,117.46917724609375,4057200
2025-06-02 00:00:00+00:00,117.10510484467842,117.25270541689589,115.28471780673472,116.95750427246094,2102100
2025-06-03 00:00:00+00:00,117.0460516862678,119.09276045525661,116.58358093728194,118.46300506591797,2626500
2025-06-04 00:00:00+00:00,119.0632458672597,120.21451677348597,118.54173037165002,119.66348266601562,2481100
2025-06-05 00:00:00+00:00,120.421156019927,121.69050889622173,119.61428142111292,120.53923797607422,2823500
2025-06-06 00:00:00+00:00,122.08410753774884,122.45802247016148,120.15548063687659,121.53307342529297,2668600
2025-06-09 00:00:00+00:00,122.1923455294259,124.45553418241717,122.01522635217201,123.58961486816406,3303700
2025-06-10 00:00:00+00:00,123.7372176090317,125.04593113578817,123.16649941592753,124.90817260742188,3314500
2025-06-11 00:00:00+00:00,124.42600952645049,125.95120287669616,123.69785623685706,124.46537017822266,3488600
2025-06-12 00:00:00+00:00,123.43217774546459,124.82944706128244,122.75321965924928,124.69168853759766,3605600
2025-06-13 00:00:00+00:00,123.89465901028981,124.90817139080295,123.24521951950858,123.53057861328125,3368300
2025-06-16 00:00:00+00:00,125.2230461132351,126.86630635865747,124.42600607469389,126.62030792236328,2853600
2025-06-17 00:00:00+00:00,126.0791285779686,126.80727437013911,125.31160711893965,125.33129119873047,2788000
2025-06-18 00:00:00+00:00,125.13448325208873,127.98807413277244,124.98688268829108,126.60063934326172,2429500
2025-06-20 00:00:00+00:00,127.37798522512351,127.76174217887846,125.80359676006773,126.27591705322266,5780000
2025-06-23 00:00:00+00:00,126.551440281026,127.49608091350237,124.77041394669642,127.33863830566406,1901100
2025-06-24 00:00:00+00:00,128.2045525093542,129.22791452469173,127.56496251068418,128.63751220703125,2723100
2025-06-25 00:00:00+00:00,128.8441393754204,128.89334206405456,126.9647077772844,127.36814880371094,2589400
2025-06-26 00:00:00+00:00,128.17501828652354,130.88100105293188,127.9388693998599,130.60548400878906,3019100
2025-06-27 00:00:00+00:00,131.2746007786743,132.0027464943714,130.2118857998859,131.03843688964844,4287000
2025-06-30 00:00:00+00:00,131.2057116066006,131.42219141393107,130.3496419232357,131.1958770751953,2277900
2025-07-01 00:00:00+00:00,130.8121320197282,133.78379735998894,130.47757774696163,133.3409881591797,2724800
2025-07-02 00:00:00+00:00,133.69522177657802,135.90920764400852,132.50459778490932,135.58448791503906,2874600
2025-07-03 00:00:00+00:00,135.89938075592352,137.66072300534552,135.65338231237249,137.52296447753906,1476000
2025-07-07 00:00:00+00:00,136.84402722885542,137.4245799769329,135.29914973040232,136.1847381591797,5800800
2025-07-08 00:00:00+00:00,136.6767375993288,137.41473297516652,136.10603438815542,136.50946044921875,3312500
2025-07-09 00:00:00+00:00,137.46392677042428,137.6705720686846,135.8108244425552,137.5623321533203,1939700
2025-07-10 00:00:00+00:00,137.75912199969866,140.0419946569647,137.3556809674926,138.41839599609375,2237600
2025-07-11 00:00:00+00:00,137.40490016937127,138.36920993517967,136.8440314842522,137.8575439453125,2107700
2025-07-14 00:00:00+00:00,137.3655347092517,137.82801297696764,136.69641114582205,137.6607208251953,1636100
2025-07-15 00:00:00+00:00,138.58567308539494,138.8415210640577,137.0506452716295,137.45408630371094,2311500
2025-07-16 00:00:00+00:00,137.80833809178432,138.60537068711352,136.2142578865717,138.05433654785156,3253700
2025-07-17 00:00:00+00:00,138.74313409970026,142.2461498349242,138.2511371702687,142.07887268066406,3394400
2025-07-18 00:00:00+00:00,142.64957803133296,142.95461369769004,141.20310598833697,141.92141723632812,1918400
2025-07-21 00:00:00+00:00,142.62006482124863,142.62006482124863,140.57335590047805,140.62255859375,1986200
2025-07-22 00:00:00+00:00,140.75046812863943,142.62006537839937,139.62871578460505,142.0296630859375,2684500
2025-07-23 00:00:00+00:00,143.21044392054844,144.66676548257186,142.84637103731913,144.5290069580078,2996600
2025-07-24 00:00:00+00:00,144.43060254466977,145.20796602135212,143.8500498311572,144.469970703125,3024500
2025-07-25 00:00:00+00:00,145.1292544287097,147.44163090512976,144.2436509788549,147.23500061035156,2594100
2025-07-28 00:00:00+00:00,147.1169056974083,147.43179091625177,146.37891035711678,147.08738708496094,2528600
2025-07-29 00:00:00+00:00,147.59905885699771,147.86474136701506,143.8008424751622,145.247314453125,3428100
2025-07-30 00:00:00+00:00,145.28668404874048,145.28668404874048,142.90542076459442,143.72213745117188,3814900
2025-07-31 00:00:00+00:00,143.82054372752435,144.89309341313358,142.62990457083248,143.18093872070312,4561600
2025-08-01 00:00:00+00:00,139.83535512151232,140.19942801140698,137.58201599677142,139.51063537597656,4078700
2025-08-04 00:00:00+00:00,140.20927973863283,140.8488696926451,139.34336040373927,140.33718872070312,4189900
2025-08-05 00:00:00+00:00,140.31751341648828,140.84886343001318,137.13920282384709,138.32000732421875,5765000
2025-08-06 00:00:00+00:00,128.69654539926174,132.2389291650069,121.72987484360941,131.78628540039062,12875800
2025-08-07 00:00:00+00:00,133.57716340114646,133.81332732731624,128.90319267440285,130.7039031982422,5119500
2025-08-08 00:00:00+00:00,131.07781946933008,132.02244510027924,129.69038462091018,130.61534118652344,2443700
2025-08-11 00:00:00+00:00,130.85148692851777,131.18605622035045,129.6214947197966,129.8478240966797,2259000
2025-08-12 00:00:00+00:00,130.08398034107896,131.22541677875523,129.04094929148155,130.8219757080078,3713000
2025-08-13 00:00:00+00:00,131.36316646999782,132.9769156297962,130.90068820335867,132.8391571044922,3274200
2025-08-14 00:00:00+00:00,132.11099836579513,132.89819638596208,130.73341309141802,132.21923828125,3193400
2025-08-15 00:00:00+00:00,132.29629127478555,132.36544979840298,129.8463641420445,130.15260314941406,3316400
2025-08-18 00:00:00+00:00,129.44132500658534,130.73543949425607,129.08568922515198,130.23162841796875,2781700
2025-08-19 00:00:00+00:00,130.39956993845695,131.2195084370756,128.96715343495046,129.99453735351562,1714700
2025-08-20 00:00:00+00:00,129.64878674837743,130.42920176513707,128.57199099147277,129.3030242919922,2062200
2025-08-21 00:00:00+00:00,128.82885323939962,129.72782360165004,128.32502706501654,128.51272583007812,3035800
2025-08-22 00:00:00+00:00,129.3524274390477,132.9087703888052,128.64115583433923,132.1481170654297,3643200
2025-08-25 00:00:00+00:00,132.15799846812754,132.51363429220808,130.7749786376953,130.7749786376953,2123200
2025-08-26 00:00:00+00:00,130.74533974671053,131.89126396960583,130.63667282937385,131.73321533203125,3381400
2025-08-27 00:00:00+00:00,131.35782464735962,132.18763656466507,130.94291868870687,131.83200073242188,2520300
2025-08-28 00:00:00+00:00,132.3753208399898,133.4521015485173,132.1481136890584,132.9186553955078,3487700
2025-08-29 00:00:00+00:00,132.09872918238398,133.01744627405424,130.0340727531972,130.3995819091797,2345700
2025-09-02 00:00:00+00:00,128.69055165670008,129.81672917670167,127.51497734461904,129.78709411621094,2771700
2025-09-03 00:00:00+00:00,129.7574616918326,129.7574616918326,127.08031227409977,127.92988586425781,2060000
2025-09-04 00:00:00+00:00,128.3744196676671,131.52574496024926,127.99903722357845,131.48623657226562,2958700
2025-09-05 00:00:00+00:00,131.96041217875222,132.83962077799586,129.21411947218064,130.94290161132812,3207900
2025-09-08 00:00:00+00:00,131.55539522604548,132.19752342682884,130.0538200547731,131.1207275390625,2152400
2025-09-09 00:00:00+00:00,131.0120405323732,131.1799775540916,130.05380011673364,130.44895935058594,1590100
2025-09-10 00:00:00+00:00,131.05156757682914,133.81762199431122,130.8045987015858,132.04931640625,2499300
2025-09-11 00:00:00+00:00,132.38521201034666,136.0107138802734,131.53563833825302,135.8032684326172,2678500
2025-09-12 00:00:00+00:00,135.68471030267474,135.87239399171082,133.3928318338128,133.4619903564453,1821900
2025-09-15 00:00:00+00:00,134.36094514445557,134.96354981952166,133.15573579432342,134.01519775390625,1770900
2025-09-16 00:00:00+00:00,129.9846617435049,131.25901452216394,126.4480655999035,127.465576171875,6082400
2025-09-17 00:00:00+00:00,127.94966087694003,130.9132878841114,127.64342183133815,129.41171264648438,5107000
2025-09-18 00:00:00+00:00,129.96492168754853,130.94292403459178,129.23390333360499,130.31068420410156,3261500
2025-09-19 00:00:00+00:00,130.52801293127027,131.05158581374292,129.24377158653533,130.73545837402344,3774200
2025-09-22 00:00:00+00:00,130.86387624349265,132.37532463982066,130.1822396973477,131.22938537597656,3109300
2025-09-23 00:00:00+00:00,131.77271185733616,131.93077555446288,129.0856893013174,129.86611938476562,2634300
2025-09-24 00:00:00+00:00,131.26890854691993,131.62454434960335,129.263522376556,130.32054138183594,3712600
2025-09-25 00:00:00+00:00,128.50285090188206,129.1054555788398,127.77181758226281,128.53248596191406,1746600
2025-09-26 00:00:00+00:00,128.87825113141102,129.51049088166616,125.01565410583149,127.04080200195312,6874700
2025-09-29 00:00:00+00:00,127.94964535282998,128.5423616380782,126.96176980363163,127.68291473388672,3018200
2025-09-30 00:00:00+00:00,127.69280383553863,129.67844358191738,127.34705639488297,129.5895233154297,3589100
2025-10-01 00:00:00+00:00,128.3744246439989,130.03406340554284,127.99904218535886,129.59939575195312,1926600
2025-10-02 00:00:00+00:00,130.63666709489107,131.72332114677252,129.6389031502929,131.4368438720703,2424900
2025-10-03 00:00:00+00:00,131.65418885654438,134.15351298364058,131.53563353128706,133.12611389160156,2711900
2025-10-06 00:00:00+00:00,131.58501454637997,133.84725789922305,131.17998197071336,133.135986328125,2218300
2025-10-07 00:00:00+00:00,134.1238577905997,134.1238577905997,129.30302063715683,129.895751953125,2625400
2025-10-08 00:00:00+00:00,130.61689921374352,132.41482477708726,129.26351460859362,131.3281707763672,1699000
2025-10-09 00:00:00+00:00,131.8319914979722,132.6025332348939,129.23388900503258,129.93527221679688,1851000
2025-10-10 00:00:00+00:00,130.4983666633161,130.79471727037568,124.36365284284241,124.4822006225586,2712800
2025-10-13 00:00:00+00:00,127.0210442872874,128.15709517836908,126.11220055966504,126.62588500976562,2028800
2025-10-14 00:00:00+00:00,124.47229977822609,129.7278041153889,124.19569587351039,128.19659423828125,1981400
2025-10-15 00:00:00+00:00,129.559871989198,130.84411321534895,126.90249942913867,128.6905517578125,2636000
2025-10-16 00:00:00+00:00,129.35241826441938,129.85622933461025,126.88272955484602,127.3272705078125,2430900
2025-10-17 00:00:00+00:00,126.84321201230487,128.27564358971736,126.45794115858718,127.7125473022461,1971800
2025-10-20 00:00:00+00:00,128.47322658626646,129.52037232506285,127.72243147257426,128.76959228515625,1813700
2025-10-21 00:00:00+00:00,128.40405509524288,131.45660188972576,127.7026719215882,130.5675048828125,1779100
2025-10-22 00:00:00+00:00,131.56525600420113,131.92089179836938,128.31515213915657,128.53248596191406,1913400
2025-10-23 00:00:00+00:00,128.88812678072802,131.6344196585074,128.84860331662168,131.5751495361328,1800600
2025-10-24 00:00:00+00:00,132.58278302610057,132.9384188239086,131.0515729223776,131.07131958007812,1251200
2025-10-27 00:00:00+00:00,132.069089269899,133.2644102855192,131.56526307471012,132.8297576904297,2325500
2025-10-28 00:00:00+00:00,133.21503886279322,134.2226611834894,132.20740146831068,132.8890380859375,2525800
2025-10-29 00:00:00+00:00,133.1162398407082,136.1490252305667,132.3753331254538,134.77586364746094,3356600
2025-10-30 00:00:00+00:00,133.4718741472773,137.88767932581825,133.0866032626831,135.16114807128906,3160200
2025-10-31 00:00:00+00:00,134.95367421225552,138.57917553015753,134.79561051272694,137.87779235839844,4636900
2025-11-03 00:00:00+00:00,137.6703395348427,139.34972498294604,136.18852618526006,138.33221435546875,3373100
2025-11-04 00:00:00+00:00,136.10950045739816,137.80864771396784,135.46738733985805,136.0699920654297,3866100
2025-11-05 00:00:00+00:00,127.92001296552203,133.6892026756963,126.95188405395082,130.8441162109375,4780300
2025-11-06 00:00:00+00:00,129.87599022291712,132.50374261057465,129.68829147040108,129.895751953125,3634500
2025-11-07 00:00:00+00:00,128.43369021275197,129.7376931272999,126.92224188147948,127.92000579833984,4631000
2025-11-10 00:00:00+00:00,128.83871965516326,128.9770216208744,126.41842771832636,128.4139404296875,2509100
2025-11-11 00:00:00+00:00,128.65103597157747,129.41170440899256,127.69279542768439,127.95952606201172,1689900
2025-11-12 00:00:00+00:00,129.0363029896168,132.41483565267532,128.63128545929453,130.83424377441406,2564900
2025-11-13 00:00:00+00:00,129.8265994451318,131.09107890887674,126.33940005427169,126.90249633789062,2346900
2025-11-14 00:00:00+00:00,125.7664673752438,128.3560034399117,124.80406894654705,126.58003997802734,1955500
2025-11-17 00:00:00+00:00,126.22286280329196,128.88184994826233,125.68709436420814,125.93513488769531,2827200
2025-11-18 00:00:00+00:00,125.17116642175186,126.83799137976902,124.84375113231467,125.75653839111328,2235800
2025-11-19 00:00:00+00:00,125.6672536012325,127.96906177121298,125.51842777422966,127.16541290283203,2349100
2025-11-20 00:00:00+00:00,128.94139456723607,130.16174972441772,122.41295849256022,122.75029754638672,2930200
2025-11-21 00:00:00+00:00,123.12731624042307,128.33617488343017,122.70068623067414,127.21502685546875,3667900
2025-11-24 00:00:00+00:00,127.86985690712368,129.18943432316902,126.24270409127466,127.61188507080078,2982700
2025-11-25 00:00:00+00:00,127.92937901036797,131.35233510482632,127.62181119266414,129.87400817871094,2357300
2025-11-26 00:00:00+00:00,130.48914955641513,131.3424094759502,129.79463918916346,130.40977478027344,1484500
2025-11-28 00:00:00+00:00,130.77687777782106,132.81081301421855,130.77687777782106,132.33457946777344,1136000
2025-12-01 00:00:00+00:00,131.13406157191844,132.73144314181752,130.836409917186,130.90586853027344,2517800
2025-12-02 00:00:00+00:00,131.46147120933546,131.5606934696983,129.20925912398306,130.806640625,2049700
2025-12-03 00:00:00+00:00,130.9554843067488,134.0411091205455,129.97323835305528,133.83274841308594,2008800
2025-12-04 00:00:00+00:00,133.84266323184457,135.95597338092594,133.4854842649462,135.56903076171875,2675300
2025-12-05 00:00:00+00:00,135.27138285065394,137.0076665997159,134.93405135567104,136.3131561279297,1578700
2025-12-08 00:00:00+00:00,136.6306405986877,136.6306405986877,134.47763565871156,134.8645782470703,2541100
2025-12-09 00:00:00+00:00,134.4280505053365,135.81707141162957,134.1700786661732,134.18992614746094,1646500
2025-12-10 00:00:00+00:00,132.9894039993269,136.50166638460405,132.9894039993269,135.93612670898438,2651300
2025-12-11 00:00:00+00:00,135.9262103060504,139.74604051996312,135.9262103060504,138.47607421875,2281600
2025-12-12 00:00:00+00:00,138.7340303302252,139.16065277278005,135.18208814251156,135.56903076171875,2240100
2025-12-15 00:00:00+00:00,136.91836369657577,137.05726577881623,135.4499680930064,136.1841583251953,2074500
2025-12-16 00:00:00+00:00,136.28339113612842,136.54134784048867,132.62231044465426,133.0390167236328,3156200
2025-12-17 00:00:00+00:00,133.24737009270874,134.24944834130048,129.4771511687683,130.60821533203125,3510300
2025-12-18 00:00:00+00:00,132.40401786580273,133.31680510284392,130.51891609309456,130.5685272216797,2309800
2025-12-19 00:00:00+00:00,130.75703828563243,132.2254491139288,130.41970680042613,131.93771362304688,6229400
2025-12-22 00:00:00+00:00,133.1481445593142,134.68599877016356,132.60245240202036,133.9319610595703,2019100
2025-12-23 00:00:00+00:00,133.75336149470962,135.1027024676617,133.34657142701872,134.42803955078125,1816000
2025-12-24 00:00:00+00:00,134.3982769706304,136.17424036588852,134.3982769706304,135.231689453125,916100
2025-12-26 00:00:00+00:00,135.0729389368666,135.17216119611473,134.0609294214623,134.6463165283203,740100
2025-12-29 00:00:00+00:00,134.2494472028497,135.162234490094,133.9418793835729,134.16015625,1006400
2025-12-30 00:00:00+00:00,133.95181005940302,134.88444492800343,133.44581279927004,134.2296142578125,2246400
2025-12-31 00:00:00+00:00,134.2891395721491,134.44787399442149,131.61028992481903,131.67974853515625,1895100
2026-01-02 00:00:00+00:00,132.1857513215749,135.32098716673013,131.6400591429574,134.75546264648438,1889400
2026-01-05 00:00:00+00:00,136.99774448591538,143.23843742917072,136.91836970126957,141.73036193847656,5453300
2026-01-06 00:00:00+00:00,141.33348570861398,145.04417734948706,140.99615423376875,144.4786376953125,2981000
2026-01-07 00:00:00+00:00,144.62748015606323,145.15332488192482,141.01601055282114,141.0358428955078,2780900
2026-01-08 00:00:00+00:00,140.98623530939938,142.980475607355,140.30164106316624,142.72251892089844,2594500
2026-01-09 00:00:00+00:00,142.02799001343922,143.58569168352392,140.90685720254896,143.06976318359375,2509400
2026-01-12 00:00:00+00:00,142.414930454511,144.76636474919115,141.92878075118196,144.22067260742188,2267200
2026-01-13 00:00:00+00:00,144.8953436736565,146.28437967081766,144.31990298906348,145.2029266357422,3821100
2026-01-14 00:00:00+00:00,144.7861991107134,147.25668803838025,144.73660312010742,146.98880004882812,4139900
2026-01-15 00:00:00+00:00,148.83422557941392,150.15380293954246,146.56218111701577,146.85983276367188,3013800
2026-01-16 00:00:00+00:00,147.78254658338702,149.38985953241996,147.43529892058555,148.28855895996094,3438100
2026-01-20 00:00:00+00:00,146.83998109515696,147.53449149141744,142.87133295745002,144.08177185058594,2725200
2026-01-21 00:00:00+00:00,145.69900774611017,149.37000442038007,144.7266780058741,148.39768981933594,2396500
2026-01-22 00:00:00+00:00,149.63789889731657,150.5506862352353,148.14965571043317,149.082275390625,2061200
2026-01-23 00:00:00+00:00,148.58619043687824,150.19350333126798,146.51257528420126,146.52249145507812,3027400
2026-01-26 00:00:00+00:00,147.12770821110684,148.4175219432008,146.53242004650403,147.9611358642578,1912400
2026-01-27 00:00:00+00:00,146.83998854686666,147.58411011044876,145.9867285483915,146.5125732421875,2543200
2026-01-28 00:00:00+00:00,146.45304972124777,148.5167487275763,145.2723743876047,147.25669860839844,3351300
2026-01-29 00:00:00+00:00,148.7251007973535,151.30472845288313,147.3757596626322,149.53868103027344,3544800
2026-01-30 00:00:00+00:00,147.61387842406162,150.01490892835042,144.8655851234565,145.8081512451172,4716800
2026-02-02 00:00:00+00:00,146.2446870930932,148.02066572528977,145.90735561340176,147.46505737304688,4534100
2026-02-03 00:00:00+00:00,148.82430583547836,152.8326338114031,148.37783594581018,150.90785217285156,4908500
2026-02-04 00:00:00+00:00,158.2200869811998,158.8749175827393,153.18981800463527,156.08694458007812,9706700
2026-02-05 00:00:00+00:00,153.3981756679716,154.7871964869303,148.88383529756854,149.75694274902344,5617200
2026-02-06 00:00:00+00:00,151.59244859011304,156.2853864707556,151.0963675139583,156.146484375,3400800
2026-02-09 00:00:00+00:00,156.29528647202426,159.76785364583915,155.85873274790262,158.75584411621094,3058200
2026-02-10 00:00:00+00:00,158.94435681647283,162.2581744182729,158.6963163048556,160.4226837158203,3171200
2026-02-11 00:00:00+00:00,162.02008209297114,163.855572986617,153.28905214674205,153.4577178955078,7595500
2026-02-12 00:00:00+00:00,154.51933243834858,156.79137700866337,143.71468766763576,143.84365844726562,9898100
2026-02-13 00:00:00+00:00,145.11352576732241,148.39029137993825,143.5199752008376,147.53375244140625,5181300
2026-02-17 00:00:00+00:00,145.86050586290412,149.56553332052943,144.416345447899,148.2508544921875,4608200
2026-02-18 00:00:00+00:00,149.60538219550673,152.8024528100901,148.72891950365783,150.53163146972656,3699400
2026-02-19 00:00:00+00:00,150.39219877532338,151.63716730823168,149.8244858295797,150.6909942626953,2254000
2026-02-20 00:00:00+00:00,149.45598047800155,151.63716778611,145.79080040030632,148.0217742919922,3140300
2026-02-23 00:00:00+00:00,146.73696729704182,148.00185953269727,143.221177512214,144.92428588867188,2446400
2026-02-24 00:00:00+00:00,145.42226721264137,150.82044851302825,144.8844475365687,150.27267456054688,2927800
2026-02-25 00:00:00+00:00,150.75074331330146,151.02961503592047,146.20910074794173,147.84249877929688,2418700
2026-02-26 00:00:00+00:00,148.87830661118846,152.18495019222897,147.56362779757933,152.1052703857422,2676300
2026-02-27 00:00:00+00:00,149.4559786797101,150.94994090593252,147.2548828436028,150.14320373535156,2904600
2026-03-02 00:00:00+00:00,147.40427071507514,152.18495280476768,147.3843469637691,151.4678497314453,2504600
2026-03-03 00:00:00+00:00,146.93615349356168,148.29067975999854,144.27690273760808,145.9800262451172,2915700
2026-03-04 00:00:00+00:00,146.69711769513782,147.7030619426421,143.43032165399956,144.62550354003906,2660000
2026-03-05 00:00:00+00:00,142.4243963594345,143.83867875134735,140.03406291906308,141.6475372314453,3889800
2026-03-06 00:00:00+00:00,138.38073725983108,139.4364680866222,137.27520465496383,137.80307006835938,2060900
2026-03-09 00:00:00+00:00,135.42269213555545,140.88062967804396,134.10799813041092,140.5519561767578,3149000
2026-03-10 00:00:00+00:00,140.83082682435875,142.27500240311525,139.45639197181885,139.53607177734375,3156500
2026-03-11 00:00:00+00:00,139.0779195614311,139.1874773966148,136.6477386336249,139.00820922851562,2043000
2026-03-12 00:00:00+00:00,137.00628292926405,137.5839501026814,131.0802362602686,131.64793395996094,3356800
2026-03-13 00:00:00+00:00,132.87299123714095,134.23747174238122,131.2893950773904,131.70770263671875,3531500
2026-03-16 00:00:00+00:00,133.11201893978068,134.0980394109721,131.3790326052467,132.5542755126953,2352700
2026-03-17 00:00:00+00:00,133.2415116604327,133.92873672532474,129.48668229272067,131.9567108154297,3407500
2026-03-18 00:00:00+00:00,131.47862418212577,132.37501059535708,129.11816883561764,129.35720825195312,1997500
2026-03-19 00:00:00+00:00,127.14614713684597,130.29343116512288,125.44302353501824,129.3771209716797,3141600
2026-03-20 00:00:00+00:00,129.0882927790104,129.82531959260342,126.1103302928651,127.63416290283203,3353000
2026-03-23 00:00:00+00:00,128.91897402000325,132.90287301840945,128.2217947347559,129.30740356445312,4006500
2026-03-24 00:00:00+00:00,127.22581857953669,130.47269854892016,126.72783118049502,129.62611389160156,2950600
2026-03-25 00:00:00+00:00,131.9268330231441,131.9865890815255,128.91898477319813,130.33326721191406,3087600
2026-03-26 00:00:00+00:00,128.6401089693773,129.99463530689374,125.46294692199449,125.80157470703125,2484400
2026-03-27 00:00:00+00:00,124.12833593645635,127.11626032076148,122.92320734662877,124.8952407836914,3474600
2026-03-30 00:00:00+00:00,126.13024785790395,126.31948550117367,122.14634866441693,122.80369567871094,2986500
2026-03-31 00:00:00+00:00,125.65217689972063,130.73163895748056,124.79563801505812,130.49261474609375,5004400
2026-04-01 00:00:00+00:00,131.61805780001507,133.8590009988623,130.91092423446082,131.83717346191406,2898100
2026-04-02 00:00:00+00:00,128.22179924660225,132.71364005431064,127.8034916607345,131.1698760986328,2562600
2026-04-06 00:00:00+00:00,130.44282247333183,132.28538195631458,129.88507900963555,132.1260223388672,2897800
2026-04-07 00:00:00+00:00,131.2196713433163,134.3669551534542,130.9009521333623,134.09803771972656,3030400
2026-04-08 00:00:00+00:00,140.790999364388,144.41634705497677,139.65558869198847,142.0857696533203,4869700
2026-04-09 00:00:00+00:00,141.86665738370337,144.82470384807348,141.86665738370337,144.08767700195312,2344400
2026-04-10 00:00:00+00:00,145.0537674277397,145.1832490132587,143.09169588078979,143.19129943847656,2029400
2026-04-13 00:00:00+00:00,142.83274821180817,143.9183570850116,141.30890799963873,143.87852478027344,2606900
2026-04-14 00:00:00+00:00,144.84461213484386,145.28284349132858,142.66344002440002,143.97811889648438,1986100
2026-04-15 00:00:00+00:00,142.80286993567978,143.818753277114,139.5659518753806,139.83485412597656,2565900
2026-04-16 00:00:00+00:00,140.1137271725389,141.18938177717754,138.7990483428934,139.8049774169922,3274100
2026-04-17 00:00:00+00:00,141.9861572394693,146.7867628059125,141.9861572394693,145.7609100341797,3831100
2026-04-20 00:00:00+00:00,144.86453566885092,146.48797950137723,144.39642628397976,146.17922973632812,2222700
2026-04-21 00:00:00+00:00,146.46804396828767,147.89229576016055,143.72911341205463,144.2470245361328,1706400
2026-04-22 00:00:00+00:00,145.76091939926,146.43817497475024,141.9762120849847,142.19532775878906,2261800
2026-04-23 00:00:00+00:00,141.42842209726288,142.5837565166937,138.92853081152623,141.8666534423828,2660900
2026-04-24 00:00:00+00:00,141.7969196754135,141.90647750533003,139.64562577480382,140.78103637695312,2455200
2026-04-27 00:00:00+00:00,140.94039077748735,142.1256032404124,139.01816667684858,140.9005584716797,2595300
2026-04-28 00:00:00+00:00,139.8049712152009,140.2232787877759,137.52419571767723,137.86282348632812,1779300
2026-04-29 00:00:00+00:00,138.13174610805342,138.5400994194739,135.79119927173522,136.01031494140625,2866400
2026-04-30 00:00:00+00:00,136.70748725049205,140.33283469378793,136.70748725049205,139.87469482421875,2736900
2026-05-01 00:00:00+00:00,140.46232000076617,140.46232000076617,136.67761285136606,136.896728515625,2759800
2026-05-04 00:00:00+00:00,136.44854360576682,138.9086025055435,134.88485592080303,134.9147491455078,3316600
2026-05-05 00:00:00+00:00,137.76324199029813,140.10377365798527,136.34894439692178,137.822998046875,4138800
2026-05-06 00:00:00+00:00,141.42842304302866,148.86835609072966,141.42842304302866,147.39431762695312,5843800
2026-05-07 00:00:00+00:00,147.35446713477853,147.35446713477853,139.28708045454212,140.52207946777344,3937800
2026-05-08 00:00:00+00:00,141.99613364520113,142.32479195346644,138.93848373353237,140.74119567871094,2534500
2026-05-11 00:00:00+00:00,140.73124236663818,140.93043428728768,138.53013137043234,138.86875915527344,2487500
2026-05-12 00:00:00+00:00,138.30105897298577,138.43054055793172,133.95860831128286,136.7274169921875,3433300
2026-05-13 00:00:00+00:00,136.15971353332682,137.9026693301328,134.55619359237056,137.20547485351562,2964600
2026-05-14 00:00:00+00:00,137.23536292377716,138.42057538392615,136.38879345036332,137.32501220703125,2088500
2026-05-15 00:00:00+00:00,135.4199981689453,135.4199981689453,131.1699981689453,133.0500030517578,3173400
2026-05-18 00:00:00+00:00,132.67999267578125,133.25999450683594,130.9499969482422,132.22000122070312,2107200
2026-05-19 00:00:00+00:00,130.0800018310547,133.00999450683594,128.1300048828125,130.64999389648438,4044400
2026-05-20 00:00:00+00:00,131.36000061035156,133.97000122070312,129.42999267578125,132.86000061035156,3295200
2026-05-21 00:00:00+00:00,131.5399932861328,135.1300048828125,130.83999633789062,134.89999389648438,3638000
2026-05-22 00:00:00+00:00,136.11000061035156,137.5,134.55999755859375,136.4199981689453,2950700
2026-05-26 00:00:00+00:00,137.75,141.1699981689453,136.80999755859375,140.97000122070312,2689600
2026-05-27 00:00:00+00:00,141.80999755859375,142.3800048828125,139.39999389648438,139.72000122070312,2388300
2026-05-28 00:00:00+00:00,139.00999450683594,142.61000061035156,137.94000244140625,141.7899932861328,2757100
2026-05-29 00:00:00+00:00,142.25,145.57000732421875,141.38999938964844,143.82000732421875,3868300
2026-06-01 00:00:00+00:00,140.66000366210938,142.60000610351562,140.11000061035156,141.64999389648438,2037500
2026-06-02 00:00:00+00:00,142.0399932861328,143.49000549316406,140.05999755859375,142.02999877929688,2260100
2026-06-03 00:00:00+00:00,140.3699951171875,143.1199951171875,140.0399932861328,140.8800048828125,2241800
2026-06-04 00:00:00+00:00,141.80999755859375,142.77999877929688,140.72000122070312,142.05999755859375,1838700
2026-06-05 00:00:00+00:00,140.92999267578125,141.16000366210938,137.2899932861328,138.1199951171875,2232600
2026-06-08 00:00:00+00:00,138.85000610351562,140.0,137.86000061035156,139.07000732421875,1599000
2026-06-09 00:00:00+00:00,140.32000732421875,142.94000244140625,138.00999450683594,142.4199981689453,2890400
2026-06-10 00:00:00+00:00,142.39999389648438,144.22999572753906,136.6300048828125,137.11000061035156,2952200
2026-06-11 00:00:00+00:00,138.88999938964844,142.60000610351562,136.4199981689453,142.08999633789062,2057600
2026-06-12 00:00:00+00:00,143.8800048828125,144.66000366210938,141.3800048828125,143.07000732421875,2213400
2026-06-15 00:00:00+00:00,146.25999450683594,149.57000732421875,145.22999572753906,146.52000427246094,2517800
2026-06-16 00:00:00+00:00,147.11000061035156,151.5800018310547,146.5,148.80999755859375,4229600
2026-06-17 00:00:00+00:00,149.80999755859375,152.75999450683594,148.6699981689453,149.0,2962300
2026-06-18 00:00:00+00:00,152.27999877929688,152.8800048828125,150.0800018310547,150.66000366210938,4090300
2026-06-22 00:00:00+00:00,150.72000122070312,152.0,149.3699951171875,150.2100067138672,2806400
2026-06-23 00:00:00+00:00,146.83999633789062,146.92999267578125,143.08999633789062,143.13999938964844,2925400
2026-06-24 00:00:00+00:00,143.25,144.77000427246094,140.89999389648438,141.44000244140625,3726800
2026-06-25 00:00:00+00:00,143.0,147.33999633789062,141.9600067138672,145.33999633789062,3135200
2026-06-26 00:00:00+00:00,143.60000610351562,144.83999633789062,141.7899932861328,143.49000549316406,5831700
2026-06-29 00:00:00+00:00,142.99000549316406,144.0500030517578,141.60000610351562,142.82000732421875,2329200
2026-06-30 00:00:00+00:00,142.86000061035156,144.1699981689453,141.91000366210938,143.14999389648438,2804700
2026-07-01 00:00:00+00:00,142.3300018310547,142.72999572753906,139.47000122070312,139.52000427246094,2160500
2026-07-02 00:00:00+00:00,140.5800018310547,142.0,137.27000427246094,139.0500030517578,2654900
2026-07-06 00:00:00+00:00,139.0399932861328,141.74000549316406,138.5800018310547,141.55999755859375,1896200
2026-07-07 00:00:00+00:00,140.08999633789062,140.86000061035156,136.97999572753906,137.91000366210938,2159500
2026-07-08 00:00:00+00:00,136.24000549316406,137.05999755859375,134.1999969482422,136.47999572753906,2838200
2026-07-09 00:00:00+00:00,138.11000061035156,139.5,136.72999572753906,137.8000030517578,2341400
2026-07-10 00:00:00+00:00,139.0399932861328,140.38999938964844,138.22000122070312,138.8800048828125,1563400
2026-07-13 00:00:00+00:00,138.0,139.27999877929688,134.9499969482422,135.3800048828125,1742000
2026-07-14 00:00:00+00:00,137.2899932861328,138.0500030517578,134.5399932861328,136.08999633789062,1831600
2026-07-15 00:00:00+00:00,136.9499969482422,137.11000061035156,134.60000610351562,136.25,2249900
2026-07-16 00:00:00+00:00,133.91000366210938,139.30999755859375,133.5500030517578,139.0800018310547,2499300
2026-07-17 00:00:00+00:00,138.3000030517578,142.3699951171875,137.52000427246094,139.5399932861328,3253900
2026-07-20 00:00:00+00:00,139.4600067138672,140.0,135.25,136.5800018310547,2251200
2026-07-21 00:00:00+00:00,138.6199951171875,140.33999633789062,136.05999755859375,139.25999450683594,1612500
2026-07-22 00:00:00+00:00,139.1199951171875,140.9199981689453,139.02999877929688,139.6300048828125,1696300
2026-07-23 00:00:00+00:00,138.6999969482422,145.8350067138672,138.60000610351562,144.25,2207000
