date,open,high,low,close,volume
2018-01-02 00:00:00+00:00,52.791157261297315,54.312216927302345,52.44745442827304,54.18790054321289,7905100
2018-01-03 00:00:00+00:00,54.15134184897125,54.72904873260053,53.62481881551884,54.5974235534668,6640000
2018-01-04 00:00:00+00:00,54.84604496428483,54.89723438308237,53.79299911561754,54.0416374206543,5074600
2018-01-05 00:00:00+00:00,54.239082347829864,54.509658186258136,53.40542288580892,54.49502944946289,7901100
2018-01-08 00:00:00+00:00,54.36339933660218,54.641289546608355,53.70525123322183,54.40727996826172,5858500
2018-01-09 00:00:00+00:00,54.56084282382564,57.537154468722115,54.53159093202772,57.11301040649414,14824100
2018-01-10 00:00:00+00:00,57.113008092448965,57.67609722309541,56.315914995356074,57.55908966064453,10150400
2018-01-11 00:00:00+00:00,57.5517867291745,58.26844424352244,56.94482801084302,57.81504821777344,7872900
2018-01-12 00:00:00+00:00,58.019814374835555,58.06369501548722,57.51523443079287,57.785804748535156,6366200
2018-01-16 00:00:00+00:00,58.319647055177306,59.66520112425066,58.151450006928115,58.68528747558594,11750200
2018-01-17 00:00:00+00:00,59.0216612700893,60.01620341185382,58.656020940888475,59.774879455566406,11162800
2018-01-18 00:00:00+00:00,59.577441563958125,59.70907231763951,59.0655417088731,59.358055114746094,8527500
2018-01-19 00:00:00+00:00,59.45313731163353,59.621328788351725,58.77304587537274,59.2191276550293,7920900
2018-01-22 00:00:00+00:00,59.46042155652599,60.00157319714647,59.27029262474604,59.53355407714844,7464500
2018-01-23 00:00:00+00:00,59.401918227943526,60.09663248011845,59.16790868812621,59.1971549987793,7198800
2018-01-24 00:00:00+00:00,59.44581444481521,60.016212552565854,58.926605767779904,59.453128814697266,4530500
2018-01-25 00:00:00+00:00,59.65787585215819,59.84800480120115,59.124038530975085,59.372676849365234,4708000
2018-01-26 00:00:00+00:00,59.9357535054347,62.51717296704747,59.877249722130166,62.495235443115234,14617200
2018-01-29 00:00:00+00:00,62.246593722690264,65.47885196281845,62.246593722690264,64.93770599365234,19411600
2018-01-30 00:00:00+00:00,64.36730867348876,64.59400942771103,63.087567768301184,63.83347702026367,14001200
2018-01-31 00:00:00+00:00,63.32891683757541,63.69455724146352,60.90837914918963,61.281333923339844,12790800
2018-02-01 00:00:00+00:00,60.842558185502384,61.5445926384997,59.365373476388235,61.054630279541016,7305100
2018-02-02 00:00:00+00:00,60.44035121803935,60.94493110922732,59.58475413455502,59.767574310302734,9356300
2018-02-05 00:00:00+00:00,59.52625417595142,60.330661885242115,57.28853128669557,57.31047439575195,10810400
2018-02-06 00:00:00+00:00,56.56456609017159,58.948542947657934,56.235491977419834,58.78034591674805,13287400
2018-02-07 00:00:00+00:00,58.26112991781903,61.85172070267769,58.02712032547184,60.520790100097656,20315600
2018-02-08 00:00:00+00:00,60.28678047985478,60.58660265464739,57.091081929666096,57.200775146484375,13853700
2018-02-09 00:00:00+00:00,57.698070389440716,58.46591207025787,55.5919775980997,58.00520706176758,13746400
2018-02-12 00:00:00+00:00,58.33424065426588,59.540854545967626,58.231861834773824,58.60481643676758,10030700
2018-02-13 00:00:00+00:00,58.188006312102694,59.29955054485799,57.51522939282372,59.080169677734375,6596800
2018-02-14 00:00:00+00:00,58.64870127010014,60.17708060918835,58.48782422634762,59.833377838134766,7063300
2018-02-15 00:00:00+00:00,60.12589725902673,60.18440105132924,59.59205991791657,59.63594055175781,7159700
2018-02-16 00:00:00+00:00,59.56279602139499,60.206326448610355,58.948523063664965,59.01433563232422,7548600
2018-02-20 00:00:00+00:00,58.656023934864976,59.7675737167403,58.656023934864976,59.18986129760742,7229300
2018-02-21 00:00:00+00:00,59.16060256059897,59.91382069744155,58.721835309734466,59.00703430175781,6956900
2018-02-22 00:00:00+00:00,59.036287123323426,59.32879490901028,57.902799926487546,58.063682556152344,8382200
2018-02-23 00:00:00+00:00,58.370835414729626,59.18987194986787,57.98325746891874,59.16793441772461,5626000
2018-02-26 00:00:00+00:00,59.423873068032975,59.91382981305587,58.64871170836587,59.81145095825195,6394400
2018-02-27 00:00:00+00:00,59.804126026800716,59.994260543240706,58.721833873095285,58.765708923339844,6748100
2018-02-28 00:00:00+00:00,58.86076095036696,59.01432917299086,57.544459508207645,57.57371139526367,7559500
2018-03-01 00:00:00+00:00,57.72729831088379,58.37082329681882,56.330549542611216,56.696189880371094,8267500
2018-03-02 00:00:00+00:00,56.19161680319017,57.690744749828845,55.86985702898047,57.544490814208984,6625500
2018-03-05 00:00:00+00:00,57.200778352671776,57.53716681166848,56.41099384238609,56.98139190673828,10483300
2018-03-06 00:00:00+00:00,57.478683863932325,58.52441588762426,57.38361934513528,58.00520706176758,7919400
2018-03-07 00:00:00+00:00,57.58103546990041,58.61214384027499,57.127645048228004,58.49513626098633,6715200
2018-03-08 00:00:00+00:00,58.473208572855576,58.992417240042364,58.00518933541313,58.55364990234375,5707800
2018-03-09 00:00:00+00:00,58.868105213621156,59.27031189087199,58.49515043828219,59.028987884521484,7024800
2018-03-12 00:00:00+00:00,59.18254248931962,59.482364650880236,58.809587800288526,59.27760696411133,7515700
2018-03-13 00:00:00+00:00,59.328814369635914,60.491553842279885,59.32150557805623,59.76027297973633,7608900
2018-03-14 00:00:00+00:00,60.00157415040121,60.38183759923042,59.153285994910384,59.306854248046875,6527300
2018-03-15 00:00:00+00:00,59.32895169302639,59.56461761918535,58.37892184793341,58.5556755065918,5946600
2018-03-16 00:00:00+00:00,58.85762194865933,59.57935203389884,58.4746669119553,58.725059509277344,9564900
2018-03-19 00:00:00+00:00,58.40837224439419,58.54830079901053,56.19164188226085,56.8397216796875,8917300
2018-03-20 00:00:00+00:00,56.987012327902946,57.22267822608269,56.49358773151383,56.64824295043945,5798300
2018-03-21 00:00:00+00:00,56.51568766811519,57.03121074835032,56.12536650172164,56.331573486328125,5826500
2018-03-22 00:00:00+00:00,55.86024829950838,56.530426698209794,55.26372007728989,55.6540412902832,7861000
2018-03-23 00:00:00+00:00,55.5140940070854,55.69084762867196,53.56248859918038,53.64349365234375,9268900
2018-03-26 00:00:00+00:00,54.62299499366023,55.757139046184996,54.18112207391891,55.63194274902344,7370900
2018-03-27 00:00:00+00:00,55.95599956028109,56.081195888873836,54.166409010131545,54.57882308959961,6370900
2018-03-28 00:00:00+00:00,54.63771318160146,55.779217461598826,54.42414010809336,55.07221984863281,6487900
2018-03-29 00:00:00+00:00,55.33736635082602,56.11064827811616,54.947045125730526,55.521480560302734,5694900
2018-04-02 00:00:00+00:00,55.18271467655792,55.30054485654892,52.929158404048756,53.86445617675781,8234600
2018-04-03 00:00:00+00:00,54.08538277322837,54.4683377915575,53.04697611144097,54.313682556152344,5987000
2018-04-04 00:00:00+00:00,53.72452042461352,55.73504992762232,53.62141692381506,55.52884292602539,7852600
2018-04-05 00:00:00+00:00,55.91916736039243,55.95599244940254,54.63036790711472,55.10169982910156,6183000
2018-04-06 00:00:00+00:00,54.704022681974784,55.45521193578999,53.547785467007365,54.06330871582031,6439500
2018-04-09 00:00:00+00:00,54.40942955017524,55.46256306064774,53.87181920114902,54.35051727294922,6383600
2018-04-10 00:00:00+00:00,54.91757819443696,55.587756516491915,54.34314284337212,55.24898147583008,5738900
2018-04-11 00:00:00+00:00,55.00595050388739,55.38890550021554,54.652448829899605,54.74082565307617,7850100
2018-04-12 00:00:00+00:00,55.10904939026927,56.154816426373,55.10904939026927,55.447818756103516,4857700
2018-04-13 00:00:00+00:00,55.64667864662013,55.85288566880666,55.13116109115381,55.39628601074219,4432100
2018-04-16 00:00:00+00:00,55.8749777800807,55.95598847517344,54.67454963573515,55.005958557128906,4720500
2018-04-17 00:00:00+00:00,55.19742270300807,55.92651881921223,54.93229786415533,55.58038330078125,4351900
2018-04-18 00:00:00+00:00,55.70559506819282,56.022271734938,55.41837734936809,55.73505401611328,3043700
2018-04-19 00:00:00+00:00,55.54357439097633,55.91180281672195,54.3726106940908,54.82184982299805,3958200
2018-04-20 00:00:00+00:00,54.79238622164133,54.807112885183805,53.893908040126945,54.27686309814453,5201700
2018-04-23 00:00:00+00:00,54.55670921072703,54.73345723099207,54.019093391576426,54.505157470703125,5014300
2018-04-24 00:00:00+00:00,54.55672318488544,54.7187445860945,53.21637198222825,53.55514144897461,5562500
2018-04-25 00:00:00+00:00,53.60668802447061,54.17375725521086,53.37102208694335,53.945457458496094,6335500
2018-04-26 00:00:00+00:00,53.96754340543502,54.73345900976594,53.091158177828966,54.42414855957031,6341200
2018-04-27 00:00:00+00:00,54.43150509736169,54.637712027782484,53.83497148439589,54.39468002319336,5030700
2018-04-30 00:00:00+00:00,54.54198651951981,54.65982229955665,53.150083675470306,53.19427490234375,8268200
2018-05-01 00:00:00+00:00,53.238453178319574,53.63614045309421,52.86285870457933,53.437294006347656,6180800
2018-05-02 00:00:00+00:00,50.27054451511015,50.63877292810363,48.620877179421235,49.25423049926758,25822600
2018-05-03 00:00:00+00:00,49.04801404001381,49.22476207096633,47.33206861747397,48.009613037109375,15060800
2018-05-04 00:00:00+00:00,47.92859306858135,48.392558666980975,47.656102125492204,48.178985595703125,9150500
2018-05-07 00:00:00+00:00,48.39257147486417,48.561958996473464,47.44990775126202,47.78131103515625,13201100
2018-05-08 00:00:00+00:00,47.86232404853904,48.36311487834721,47.530920748560966,48.03171157836914,8973300
2018-05-09 00:00:00+00:00,47.84760732317984,48.672435483318296,47.597209046908915,48.37785720825195,7861000
2018-05-10 00:00:00+00:00,48.613509430863736,48.67978783836568,48.02434181015853,48.14217758178711,6614200
2018-05-11 00:00:00+00:00,48.031705065317595,49.15848287491622,47.75184793387006,48.723976135253906,10014100
2018-05-14 00:00:00+00:00,48.87126434142383,49.843386906568746,48.74606805788449,49.37942123413086,6173700
2018-05-15 00:00:00+00:00,49.1953164392668,49.75501956124015,49.07748065439694,49.33523941040039,7483500
2018-05-16 00:00:00+00:00,49.342611866345216,50.06434209423909,49.342611866345216,49.74766540527344,6603000
2018-05-17 00:00:00+00:00,49.416256416631654,50.17480611773459,49.416256416631654,49.78448486328125,5946200
2018-05-18 00:00:00+00:00,49.77710771343754,50.4399198945771,49.5929935308276,50.09378433227539,6336400
2018-05-21 00:00:00+00:00,50.18952495948263,50.498835423330725,49.5267128092948,49.80656433105469,6006500
2018-05-22 00:00:00+00:00,50.056968551622916,50.587218335565666,49.718199104930456,49.95386505126953,6210200
2018-05-23 00:00:00+00:00,49.60772976389957,50.35891321655451,49.60036362276704,50.20425796508789,5093200
2018-05-24 00:00:00+00:00,50.10851994578317,50.29263414063744,49.40152211178911,49.73292541503906,4892300
2018-05-25 00:00:00+00:00,49.8212944131712,50.02750137997137,49.34259645811742,49.6224479675293,4864600
2018-05-29 00:00:00+00:00,49.34259646203694,49.755010395670034,49.1290233553431,49.585628509521484,7820200
2018-05-30 00:00:00+00:00,49.828657170070684,49.92439450709424,49.57089286035222,49.85074996948242,5931400
2018-05-31 00:00:00+00:00,50.152690037580484,50.18951511264558,49.49724415618834,49.63717269897461,12447300
2018-06-01 00:00:00+00:00,49.799223519579755,50.395751881489105,49.725573325849936,50.30001449584961,5128600
2018-06-04 00:00:00+00:00,50.218986753814896,52.141139289171086,50.04223309124676,51.706626892089844,11726900
2018-06-05 00:00:00+00:00,51.73608565166313,52.08958735682189,51.01435557887689,51.59615707397461,7821200
2018-06-06 00:00:00+00:00,51.677149385422375,53.00277328491211,51.32365342470311,53.00277328491211,12376600
2018-06-07 00:00:00+00:00,52.936500631049185,52.98805237048751,52.36206535767411,52.95123291015625,7604900
2018-06-08 00:00:00+00:00,52.61983925664962,53.231099785666295,52.54619469599311,52.958614349365234,5843100
2018-06-11 00:00:00+00:00,52.87022977700274,53.02488501739052,52.36943897153418,52.899688720703125,5425500
2018-06-12 00:00:00+00:00,52.84815206560275,53.01017349286336,52.281077070190584,52.78923416137695,6977500
2018-06-13 00:00:00+00:00,52.9512302439082,53.01014811993337,52.28841818541986,52.501991271972656,5077000
2018-06-14 00:00:00+00:00,52.70988324506719,53.17016877160184,52.346112397326,52.82124328613281,5226300
2018-06-15 00:00:00+00:00,52.78409565415199,53.01424113723541,51.90065259742627,52.13821792602539,11518000
2018-06-18 00:00:00+00:00,51.79672849113446,51.92293953602782,51.16569592269153,51.269630432128906,6565300
2018-06-19 00:00:00+00:00,50.82417824951135,52.70242993881344,50.60146394883753,52.665313720703125,8634000
2018-06-20 00:00:00+00:00,52.68018002999388,53.133039984705434,52.22732007528232,53.05137634277344,6010600
2018-06-21 00:00:00+00:00,53.058792892047954,53.22212014832206,52.54654025446193,53.095909118652344,6548400
2018-06-22 00:00:00+00:00,53.22213011030044,53.27409736847791,52.58367198754507,52.761844635009766,6118900
2018-06-25 00:00:00+00:00,52.50199732812554,53.184997053438146,52.37579196531879,52.81380081176758,6019500
2018-06-26 00:00:00+00:00,52.9028864875179,53.50422254719877,51.752175948024956,52.15306854248047,6538300
2018-06-27 00:00:00+00:00,52.21989760786028,52.54655219463435,50.92813594999118,50.95783233642578,5818600
2018-06-28 00:00:00+00:00,51.856104926519905,52.338661090653,51.284465304641984,52.21245574951172,7977100
2018-06-29 00:00:00+00:00,52.32384261089046,53.081080710683956,52.18278617833784,52.59109878540039,6215700
2018-07-02 00:00:00+00:00,52.48715839865996,52.99198563019473,52.190205868115406,52.917747497558594,4086700
2018-07-03 00:00:00+00:00,53.00682793795559,53.407720585070194,52.78410791266786,52.95486068725586,3147700
2018-07-05 00:00:00+00:00,52.962286082947585,54.11299689414282,52.92516985084826,54.05360412597656,5755400
2018-07-06 00:00:00+00:00,54.34313923729994,56.00610283678482,54.19466297420603,55.835350036621094,8859800
2018-07-09 00:00:00+00:00,56.01351231745205,57.30527935609936,55.83533970191651,56.8969612121582,8546500
2018-07-10 00:00:00+00:00,57.18647610875459,57.49085966060817,56.59998553108836,56.978607177734375,8380800
2018-07-11 00:00:00+00:00,56.79302308298407,56.911808595082626,56.191687003998766,56.43667221069336,6138800
2018-07-12 00:00:00+00:00,56.8375646387104,58.03281694640784,56.369859430308985,57.60965347290039,8955900
2018-07-13 00:00:00+00:00,57.46118586206166,57.824956634245176,57.193924084619056,57.44633483886719,4031200
2018-07-16 00:00:00+00:00,57.594823264946456,57.79526678869633,56.96379064394848,57.35725784301758,3093500
2018-07-17 00:00:00+00:00,57.24590099941288,57.72845738257203,57.112270088138146,57.312713623046875,4424700
2018-07-18 00:00:00+00:00,57.23102699822357,57.743279563133235,57.03058354378319,57.25330352783203,5186600
2018-07-19 00:00:00+00:00,57.15679994724506,57.7061745037619,56.48122568256327,57.20134735107422,6488400
2018-07-20 00:00:00+00:00,56.68908964031529,57.68389283451639,56.68908964031529,57.438907623291016,5656000
2018-07-23 00:00:00+00:00,57.231040314593656,57.86207852822557,57.13453131985274,57.44633483886719,5119800
2018-07-24 00:00:00+00:00,57.72102004265976,58.34462705816003,57.46118378620132,57.64678192138672,8686500
2018-07-25 00:00:00+00:00,57.51314426181331,58.649003809090345,57.37951339366278,58.5896110534668,7968400
2018-07-26 00:00:00+00:00,57.735867571133305,58.67870930515202,56.496073340862395,58.02540588378906,14492500
2018-07-27 00:00:00+00:00,58.00312841953612,58.611890089507746,56.889539584416866,57.023170471191406,9455900
2018-07-30 00:00:00+00:00,56.770753314293465,57.13452404012758,56.30304243135881,56.659393310546875,5720900
2018-07-31 00:00:00+00:00,56.859858740081805,57.96602802999129,56.56290616744217,57.78042984008789,6615100
2018-08-01 00:00:00+00:00,57.53542783714309,58.166460429007294,57.44633868403045,57.8323860168457,4246200
2018-08-02 00:00:00+00:00,57.676467256276254,58.02539258983817,57.060280206113916,57.631919860839844,5629200
2018-08-03 00:00:00+00:00,57.669039055018814,57.86948250111241,57.29041736350399,57.854637145996094,4628600
2018-08-06 00:00:00+00:00,57.78783165121353,58.084789795165385,57.35724828968912,57.81010818481445,3955100
2018-08-07 00:00:00+00:00,57.86206427598554,58.31492408377278,57.55025516976827,58.18871307373047,5759100
2018-08-08 00:00:00+00:00,58.0476775181934,58.1887282565669,57.03802315843822,57.097415924072266,4400600
2018-08-09 00:00:00+00:00,57.18647676248083,58.3668834399874,57.104813158074556,57.93629455566406,5835400
2018-08-10 00:00:00+00:00,57.5502568366442,57.8769113078547,56.64454285884117,56.96377182006836,5564100
2018-08-13 00:00:00+00:00,57.06771760874141,57.52057751935526,56.81530119534739,57.29043197631836,4903400
2018-08-14 00:00:00+00:00,57.24587955657224,57.77297749138333,57.24587955657224,57.39435577392578,4399800
2018-08-15 00:00:00+00:00,56.71878208516635,56.770749328065136,55.12263724755408,55.560646057128906,11810000
2018-08-16 00:00:00+00:00,55.79823493776174,56.18427662806163,55.44188396947942,56.11745834350586,8742100
2018-08-17 00:00:00+00:00,55.98381905506449,56.08775354806645,53.49679974164659,54.135257720947266,13337900
2018-08-20 00:00:00+00:00,54.15010956871639,54.46933856323904,53.37802070605682,53.719520568847656,9137800
2018-08-21 00:00:00+00:00,53.72695358135672,54.5510098063712,53.72695358135672,54.43222427368164,9139900
2018-08-22 00:00:00+00:00,54.52874131305049,55.196895872955835,54.35056865174466,54.803428649902344,5083500
2018-08-23 00:00:00+00:00,54.595545345033784,54.758872601918874,54.009054588039724,54.44706344604492,4737500
2018-08-24 00:00:00+00:00,54.58068123183726,54.94445754910344,54.350541423610686,54.63264846801758,4767100
2018-08-27 00:00:00+00:00,54.937049031351386,55.61262897464885,54.81826350391222,55.54581069946289,5355500
2018-08-28 00:00:00+00:00,55.53095912688969,56.02836072337156,55.38990274484063,55.62746810913086,4737600
2018-08-29 00:00:00+00:00,55.6052200995442,56.280794580959096,55.204327320503616,56.13974380493164,4570500
2018-08-30 00:00:00+00:00,56.228823913356344,56.68168393281648,56.0506512436693,56.637142181396484,4459100
2018-08-31 00:00:00+00:00,56.65940249654816,56.8598460045852,56.05806630843105,56.22139358520508,4311900
2018-09-04 00:00:00+00:00,55.94669968994478,56.213961445151945,54.6772091847134,55.152339935302734,4842300
2018-09-05 00:00:00+00:00,55.07068814449815,55.42703911604375,54.870244617008254,55.33052444458008,5069400
2018-09-06 00:00:00+00:00,55.211736928668664,55.41218042844104,53.90512443235653,54.105567932128906,5404900
2018-09-07 00:00:00+00:00,53.994222440990434,54.04618970235012,53.07365143403794,53.6156005859375,6891900
2018-09-10 00:00:00+00:00,53.88285409416414,54.320862991775506,53.71210131088826,53.83088684082031,5009600
2018-09-11 00:00:00+00:00,53.897709478563115,53.96452776757978,53.28152217144069,53.62302780151367,5265100
2018-09-12 00:00:00+00:00,55.72398485087876,55.813073998895064,54.49161612201873,54.91477966308594,9589000
2018-09-13 00:00:00+00:00,55.17663264868132,55.550711514096115,54.54069971907428,55.453453063964844,5607200
2018-09-14 00:00:00+00:00,55.52079849258846,55.77517515324348,54.77264057347315,54.89982604980469,4959800
2018-09-17 00:00:00+00:00,54.98960615530084,55.012049979228394,54.323746074821585,54.450931549072266,5757200
2018-09-18 00:00:00+00:00,54.45091185830975,55.37114826250255,54.00201841811391,55.11677169799805,7251800
2018-09-19 00:00:00+00:00,54.96713836496336,55.60307116693337,54.83995294616723,55.27388000488281,3662800
2018-09-20 00:00:00+00:00,55.333735234613194,56.08189283222774,55.24395426802323,55.98463439941406,5883700
2018-09-21 00:00:00+00:00,55.95472223277924,56.80762166335102,55.924795235988356,56.4933967590332,9578700
2018-09-24 00:00:00+00:00,56.32881298743297,57.017116934532716,56.29140280657207,56.575706481933594,4926300
2018-09-25 00:00:00+00:00,56.635546240171195,56.852512698865645,56.05198403788539,56.10435485839844,5926500
2018-09-26 00:00:00+00:00,56.19412344287998,57.16673070387008,55.99960084908394,56.59812927246094,7527500
2018-09-27 00:00:00+00:00,56.5981317133324,57.68295810599899,56.5382777268154,57.29391860961914,5451000
2018-09-28 00:00:00+00:00,57.2939176811602,57.787698791947825,56.95724329345069,57.765254974365234,7604800
2018-10-01 00:00:00+00:00,57.84755736230659,58.79771519921406,57.638074104279156,58.326377868652344,7820400
2018-10-02 00:00:00+00:00,58.378746346317044,58.91742082139109,58.12437545974899,58.857566833496094,7468700
2018-10-03 00:00:00+00:00,58.99223686692517,59.560838349582035,58.715422155255965,59.104461669921875,6560100
2018-10-04 00:00:00+00:00,58.8650460624867,59.067046123101534,56.73279783159646,57.27894973754883,7705500
2018-10-05 00:00:00+00:00,57.436054307761616,58.02709947477359,56.224042693879476,57.03953170776367,6083400
2018-10-08 00:00:00+00:00,57.08441848623161,57.346272464831294,56.493373387113095,57.15923309326172,4507100
2018-10-09 00:00:00+00:00,57.00961571778886,57.89992522703834,56.73280101577982,57.26399230957031,5367800
2018-10-10 00:00:00+00:00,57.02457630757259,57.65302598614744,55.92478366207679,55.947227478027344,6719900
2018-10-11 00:00:00+00:00,56.03702754035576,56.25399401510969,53.71773920483598,54.24144744873047,8486100
2018-10-12 00:00:00+00:00,54.76513427457547,55.288848021642956,54.061870008955005,55.056915283203125,5638400
2018-10-15 00:00:00+00:00,54.84745432643723,55.19160627864064,54.3985607239107,54.450931549072266,5198600
2018-10-16 00:00:00+00:00,54.83997177861469,57.18918693201103,54.64544914260347,57.091922760009766,7455100
2018-10-17 00:00:00+00:00,56.86000444930292,57.07697094071327,56.21658815284248,56.575706481933594,5455000
2018-10-18 00:00:00+00:00,56.53079104828596,56.56071803968988,54.854919485596106,55.49085235595703,6185300
2018-10-19 00:00:00+00:00,55.47591038751491,55.96221417253669,54.727752474555814,54.817527770996094,5036500
2018-10-22 00:00:00+00:00,54.959661821363866,55.13921806414922,54.002020915855276,54.12172317504883,5351400
2018-10-23 00:00:00+00:00,53.52320206499891,54.099280977338836,52.894746634456055,53.620460510253906,5738500
2018-10-24 00:00:00+00:00,53.29127862727131,53.912245216842386,50.784945617978636,50.88220977783203,8949100
2018-10-25 00:00:00+00:00,51.08419691907097,52.385989465946594,50.31359555104695,51.33857345581055,9388600
2018-10-26 00:00:00+00:00,49.9694545087964,52.580523337946325,49.75248808631827,52.176517486572266,11006100
2018-10-29 00:00:00+00:00,52.96957318087692,53.85987705888154,51.974521962175,53.04438781738281,9183400
2018-10-30 00:00:00+00:00,53.2987532007143,54.331214484689305,53.14912394320589,53.897281646728516,6632500
2018-10-31 00:00:00+00:00,54.174101340527365,54.24143279312491,50.29864425885069,51.00939178466797,17316000
2018-11-01 00:00:00+00:00,51.0243604979442,52.685271753951994,50.87473121873261,52.60297393798828,8060600
2018-11-02 00:00:00+00:00,53.09675640184979,53.54564991000709,51.54058691277989,51.95207595825195,6061200
2018-11-05 00:00:00+00:00,52.28126382589727,52.49823026794582,51.59296003539276,52.056819915771484,6087800
2018-11-06 00:00:00+00:00,52.18401048052173,52.67031422874854,52.034381192447995,52.632904052734375,5699000
2018-11-07 00:00:00+00:00,53.12668572331868,54.46588883869436,52.64038202318927,54.226478576660156,8635900
2018-11-08 00:00:00+00:00,54.054385362982686,54.36113271179783,53.5755649665795,53.777565002441406,5007100
2018-11-09 00:00:00+00:00,53.47082304163069,53.80001420268392,52.879777869734816,53.25385665893555,4568000
2018-11-12 00:00:00+00:00,53.17156557155734,53.47082978224147,52.41592472387766,52.737632751464844,5300800
2018-11-13 00:00:00+00:00,52.81994259322927,54.27885381239964,52.60297613372215,53.05935287475586,4437600
2018-11-14 00:00:00+00:00,53.388529974446335,53.6503840084542,52.48325990945351,52.78252410888672,4397200
2018-11-15 00:00:00+00:00,52.53563884241284,52.79749291692402,51.20391894233534,52.20644760131836,9249300
2018-11-16 00:00:00+00:00,51.9595614388985,52.14660090514074,51.5705218606309,51.77252197265625,8059100
2018-11-19 00:00:00+00:00,51.67525516007331,51.80244060666095,50.61287253329903,50.88220977783203,8814700
2018-11-20 00:00:00+00:00,51.173992798606236,51.96703821117824,50.530576657390554,50.55302047729492,8511000
2018-11-21 00:00:00+00:00,50.55301340262186,50.64279437766569,49.789895092714346,49.93204116821289,8866000
2018-11-23 00:00:00+00:00,49.662704163349716,50.15649096621641,49.42329393686618,49.81981658935547,3072800
2018-11-26 00:00:00+00:00,50.403392189433994,50.919617181279726,49.42330160655634,50.08168411254883,9451000
2018-11-27 00:00:00+00:00,49.745007661905944,50.46323842362683,49.23626015885482,50.45576095581055,8001500
2018-11-28 00:00:00+00:00,50.49316963353198,51.78000199619038,50.05924243634929,51.76504135131836,6463100
2018-11-29 00:00:00+00:00,51.47325068637663,52.58052085671478,51.4133967020367,52.13911056518555,6468000
2018-11-30 00:00:00+00:00,52.16904363749321,54.016988528442276,51.95955466788818,53.822471618652344,8673300
2018-12-03 00:00:00+00:00,54.4209921933779,54.540700171138276,52.752603636274074,53.01445770263672,11239300
2018-12-04 00:00:00+00:00,52.96956366597784,54.338687821274064,51.8622878374211,52.034366607666016,9935000
2018-12-06 00:00:00+00:00,51.40590783796271,52.528144234184246,50.95701442107199,52.51318359375,8099400
2018-12-07 00:00:00+00:00,52.20645276510262,52.37104840193015,50.79243491488981,50.98695755004883,5657500
2018-12-10 00:00:00+00:00,51.78747554630385,52.27377918012185,49.3035922758999,50.493160247802734,8927200
2018-12-11 00:00:00+00:00,50.971982935653195,51.75006764219065,50.276196034191166,50.66524124145508,5867000
2018-12-12 00:00:00+00:00,51.308672058196066,51.862307326527656,50.91962673926641,50.9794807434082,6447900
2018-12-13 00:00:00+00:00,51.37933206459621,51.52268300070241,50.33062073110811,50.813480377197266,6198200
2018-12-14 00:00:00+00:00,50.3985230818809,50.677672881309945,49.32717290621422,49.470523834228516,8253600
2018-12-17 00:00:00+00:00,49.327185032706716,50.624872735892865,48.708520634227526,49.13102722167969,11671600
2018-12-18 00:00:00+00:00,49.402627058688815,50.3532537466244,48.5123535092516,48.919761657714844,9325600
2018-12-19 00:00:00+00:00,49.123474423458084,50.390982505919744,47.89368921336491,48.43690490722656,9488300
2018-12-20 00:00:00+00:00,48.38409551284248,49.30454862552585,47.79561060634439,48.512359619140625,10462600
2018-12-21 00:00:00+00:00,48.851870008858114,49.86285575265701,46.96569742164352,47.244850158691406,17586200
2018-12-24 00:00:00+00:00,47.13168165426657,47.403290968031214,45.62274358052609,45.67555618286133,6162600
2018-12-26 00:00:00+00:00,45.7585365120591,47.705064631801314,45.50956041221649,47.6975212097168,8824400
2018-12-27 00:00:00+00:00,47.07885989123981,47.54662979721996,45.622734703170096,47.486270904541016,9548200
2018-12-28 00:00:00+00:00,47.38819891100846,47.561726435584674,46.52810183370297,46.68654251098633,6785400
2018-12-31 00:00:00+00:00,46.7770858603289,47.584367595737255,46.46021020855574,47.19204330444336,7584000
2019-01-02 00:00:00+00:00,46.59599832596223,48.293556240993595,46.39983767693109,47.86350631713867,7839400
2019-01-03 00:00:00+00:00,50.01376317897446,50.7380529089449,49.14612246127317,49.2291145324707,14631300
2019-01-04 00:00:00+00:00,49.98356627020644,51.62830875658869,49.825128486728374,51.49250411987305,9639500
2019-01-07 00:00:00+00:00,51.379320646095444,52.005531089122265,50.82856168286636,51.726375579833984,10504100
2019-01-08 00:00:00+00:00,51.945174466597244,52.17151740355357,50.617307799142786,51.37177658081055,7527400
2019-01-09 00:00:00+00:00,51.45478282352607,51.8018436243845,50.95683628324244,51.25862503051758,5770000
2019-01-10 00:00:00+00:00,51.10773290553767,51.50760058942865,50.61732686153956,51.334075927734375,5715900
2019-01-11 00:00:00+00:00,51.1530008356788,51.605681087399326,50.881391533418146,51.42461013793945,5663100
2019-01-14 00:00:00+00:00,51.130362276582055,51.25862638295375,50.63241572316033,50.738040924072266,9172500
2019-01-15 00:00:00+00:00,50.69276590315029,51.83955606836474,50.57204811936943,51.696205139160156,7199500
2019-01-16 00:00:00+00:00,51.507589490384696,51.9602754372317,50.96437671522196,51.03227615356445,6142300
2019-01-17 00:00:00+00:00,50.95683524223583,52.028179804841365,50.89647634278557,51.79429626464844,5224500
2019-01-18 00:00:00+00:00,52.23942675496035,52.49594918265215,51.688667663152735,52.19416046142578,8358800
2019-01-22 00:00:00+00:00,51.86219819471295,51.92255709705567,51.31897958591195,51.71885299682617,9827000
2019-01-23 00:00:00+00:00,51.696208196875965,52.443136576882516,51.16808225194909,51.49250411987305,6952600
2019-01-24 00:00:00+00:00,51.628308314210805,51.6509414607793,50.94173883554765,51.19826126098633,7750900
2019-01-25 00:00:00+00:00,51.43216040465,52.269621618883505,51.37934779456963,51.98292541503906,8809600
2019-01-28 00:00:00+00:00,51.62076747630763,52.058360876745574,50.821032180166426,51.235992431640625,7120000
2019-01-29 00:00:00+00:00,51.35670766172148,52.78265369624727,51.33407451135472,52.50349807739258,6989300
2019-01-30 00:00:00+00:00,52.37524664431206,53.039183175588455,51.75658217589535,52.6845817565918,5113400
2019-01-31 00:00:00+00:00,52.66946868177589,53.05424940776408,52.11870964361409,52.82036590576172,8343700
2019-02-01 00:00:00+00:00,52.81283347967684,53.190068004531675,52.329973748354014,52.85055923461914,6502100
2019-02-04 00:00:00+00:00,52.70720827320885,53.00899704432112,52.22434854188602,52.85055923461914,6913800
2019-02-05 00:00:00+00:00,51.11528208975969,52.07345532464363,50.360812981423756,51.062469482421875,14500600
2019-02-06 00:00:00+00:00,50.98701975527558,52.29224798769098,50.75313043571458,51.869747161865234,7580200
2019-02-07 00:00:00+00:00,51.62830626649388,51.88482292561738,50.489056633223456,50.76066589355469,6643400
2019-02-08 00:00:00+00:00,50.48906576533825,51.00965123448985,50.05147234941784,50.90402603149414,5522200
2019-02-11 00:00:00+00:00,51.01718521118164,51.28124815487576,50.76820911163842,51.01718521118164,5505500
2019-02-12 00:00:00+00:00,48.874497081784284,49.372449345840835,48.25583278034934,49.34226989746094,15927900
2019-02-13 00:00:00+00:00,49.47052021558222,50.30043476498571,49.410161328608076,49.74967575073242,9047500
2019-02-14 00:00:00+00:00,49.893035225606226,50.390987551786765,49.55352646222271,50.07411193847656,5737100
2019-02-15 00:00:00+00:00,50.33062578598381,51.07000793114582,50.17218798833659,50.99455642700195,6214200
2019-02-19 00:00:00+00:00,50.805938618710684,51.13036051207059,50.285358933936166,50.368350982666016,6396200
2019-02-20 00:00:00+00:00,50.30044298915975,50.768215805480274,50.18727149661464,50.534332275390625,5679800
2019-02-21 00:00:00+00:00,50.4966094644314,50.51924261302929,49.22155503609566,49.4554443359375,5607900
2019-02-22 00:00:00+00:00,49.500725548353095,49.76478862179677,49.28947508959816,49.59880447387695,4925500
2019-02-25 00:00:00+00:00,49.84021092533381,49.84021092533381,49.21400614776241,49.30453872680664,7090500
2019-02-26 00:00:00+00:00,49.229094912217555,49.65914194787175,49.108377127263,49.25172805786133,5957800
2019-02-27 00:00:00+00:00,49.1234688429514,49.87793771689488,49.04802310678519,49.470523834228516,7645100
2019-02-28 00:00:00+00:00,49.19136186081401,49.538422562951894,48.83676637148174,49.05555725097656,7227300
2019-03-01 00:00:00+00:00,49.508251636505406,50.00619812079511,49.342267556361854,49.802494049072266,6002500
2019-03-04 00:00:00+00:00,49.94583746836111,50.1495472890525,48.965031379718326,49.37998580932617,8409600
2019-03-05 00:00:00+00:00,49.21401049101731,49.530886057918316,48.55007415334921,48.58025360107422,7405400
2019-03-06 00:00:00+00:00,48.62552032078459,48.73114551067737,47.35046886296792,47.47118377685547,9442500
2019-03-07 00:00:00+00:00,47.4787373171322,47.674898002832286,46.746901421188724,47.17694854736328,7618500
2019-03-08 00:00:00+00:00,46.95060531369241,47.84087895993826,46.777077789840526,47.705074310302734,7639700
2019-03-11 00:00:00+00:00,47.81069712666193,48.69342730530145,47.58435701457279,48.54253005981445,5207900
2019-03-12 00:00:00+00:00,48.69343092549829,49.251736384954974,48.406734771970115,48.912227630615234,5235600
2019-03-13 00:00:00+00:00,49.18383012361428,49.757222351244515,48.949940847154146,49.60633087158203,6276300
2019-03-14 00:00:00+00:00,49.54539578264816,49.743457107410485,49.019773956552754,49.35495376586914,7958500
2019-03-15 00:00:00+00:00,49.30925206852495,50.1167244012623,49.30925206852495,49.99483871459961,11976800
2019-03-18 00:00:00+00:00,50.116715964810226,50.20051090732776,49.38541940342594,49.5301513671875,8066900
2019-03-19 00:00:00+00:00,49.5149226954399,50.35286637868925,49.43874705365885,49.888187408447266,6860800
2019-03-20 00:00:00+00:00,49.56824460519612,49.70536308065037,49.04262281398336,49.21021270751953,8408200
2019-03-21 00:00:00+00:00,48.859797585256835,49.530151312833,47.99138255632672,49.453975677490234,9069500
2019-03-22 00:00:00+00:00,49.408276825374614,49.59109953242113,48.524625992211,48.57794952392578,5911900
2019-03-25 00:00:00+00:00,48.60079419624015,48.745531965236935,47.93805689929488,48.593177795410156,7686800
2019-03-26 00:00:00+00:00,48.79123835141274,49.47682484049848,48.71505981469229,48.935970306396484,6332400
2019-03-27 00:00:00+00:00,48.85980037022432,49.17974154399738,48.341797883807985,48.4941520690918,5919600
2019-03-28 00:00:00+00:00,48.692208394229176,48.70744410269767,48.12088240327484,48.51700210571289,5256000
2019-03-29 00:00:00+00:00,49.43873848176893,49.994825800999905,49.24829650442146,49.52253341674805,9601400
2019-04-01 00:00:00+00:00,49.926277689385785,50.459512988919975,49.705364261913374,50.18527603149414,5757300
2019-04-02 00:00:00+00:00,50.04054188940204,50.87086622154319,50.04054188940204,50.459510803222656,6932100
2019-04-03 00:00:00+00:00,50.79469371074895,50.8708693532396,50.41380968646674,50.77946090698242,6687000
2019-04-04 00:00:00+00:00,50.75660958660541,51.22128862162693,50.680433934204935,50.91658020019531,5713800
2019-04-05 00:00:00+00:00,51.1908058929194,51.85354612728116,50.96989829329394,51.44981002807617,5401100
2019-04-08 00:00:00+00:00,51.33554975844955,51.6554909529239,50.96228503156281,51.32793045043945,5308400
2019-04-09 00:00:00+00:00,51.24412408659616,51.51074750111463,50.23097719637179,50.345237731933594,5908000
2019-04-10 00:00:00+00:00,51.2136633760649,51.47266169717728,50.870864301157546,51.343162536621094,7451400
2019-04-11 00:00:00+00:00,51.67833281256957,51.80021846923344,50.299534739570525,50.5128288269043,5994400
2019-04-12 00:00:00+00:00,50.8556334646077,50.91657048780643,49.57586298817624,49.728214263916016,6975400
2019-04-15 00:00:00+00:00,49.81962378310635,50.24621196411058,49.134031483758065,49.84247589111328,4766400
2019-04-16 00:00:00+00:00,50.162426960381104,50.390959709362214,49.01977483913402,49.164512634277344,5820700
2019-04-17 00:00:00+00:00,49.19499599214242,49.28640446445183,48.105667139753685,48.18184280395508,7888400
2019-04-18 00:00:00+00:00,48.456051866097496,48.456051866097496,46.89442840432534,47.953285217285156,11552900
2019-04-22 00:00:00+00:00,47.82379347130076,48.24276819043575,46.88681919252612,47.130584716796875,11480600
2019-04-23 00:00:00+00:00,47.28294228238776,48.25800444930553,47.14582380192564,48.02185821533203,10286600
2019-04-24 00:00:00+00:00,48.113268172458014,48.13612028323452,47.38197156846602,47.83903121948242,6130200
2019-04-25 00:00:00+00:00,47.58765471322314,49.004543861329324,47.26771059627268,48.859806060791016,7944700
2019-04-26 00:00:00+00:00,49.08072216874439,49.758695357736876,48.9893078984265,49.62919616699219,8144600
2019-04-29 00:00:00+00:00,49.5606227293358,49.97197813438087,49.37018073506466,49.453975677490234,5252500
2019-04-30 00:00:00+00:00,49.47683275049429,49.71298479912494,48.71506760290263,49.54539489746094,7164900
2019-05-01 00:00:00+00:00,49.377795205438474,49.97959254580675,49.10355829560412,49.41588592529297,5779700
2019-05-02 00:00:00+00:00,49.294011606234584,49.81201413149843,48.9055082593294,49.74345779418945,5735800
2019-05-03 00:00:00+00:00,50.25383386717091,51.60216061569604,50.200510341790334,51.137481689453125,8822500
2019-05-06 00:00:00+00:00,50.528085523647825,51.64788569474897,50.307172050751745,51.564090728759766,6304700
2019-05-07 00:00:00+00:00,51.07655224079112,51.419345553079964,50.223369896392605,50.58140182495117,7281300
2019-05-08 00:00:00+00:00,50.41380440195401,50.61186570113155,49.67488854240906,50.33000946044922,6509500
2019-05-09 00:00:00+00:00,49.949132713279674,50.64995795120096,49.33210242900433,50.3757209777832,6116700
2019-05-10 00:00:00+00:00,50.30715140070941,50.48997406426364,48.84455846862018,49.949119567871094,5953400
2019-05-13 00:00:00+00:00,49.07309428706872,49.15688923393073,48.11326786372749,48.882652282714844,8146000
2019-05-14 00:00:00+00:00,48.93597850718935,49.97960284079692,48.829331443822625,49.57586669921875,6810900
2019-05-15 00:00:00+00:00,49.26354018570975,50.109103216829105,49.05024605386508,49.74345779418945,5381500
2019-05-16 00:00:00+00:00,49.96436255556559,50.817544845821736,49.88818691453871,50.109100341796875,7535400
2019-05-17 00:00:00+00:00,50.101483835892,51.206051033951816,49.971984657721634,50.55093002319336,6660900
2019-05-20 00:00:00+00:00,50.26906787674957,50.451896378298606,49.949126716781535,50.170040130615234,4473900
2019-05-21 00:00:00+00:00,50.44427507130173,50.825159050019714,50.13194741907541,50.67280197143555,5118200
2019-05-22 00:00:00+00:00,50.47474720019801,50.88610260044504,50.07101110694492,50.657569885253906,5764800
2019-05-23 00:00:00+00:00,50.84801612736148,51.38887073257014,50.55854636750905,51.1679573059082,6707200
2019-05-24 00:00:00+00:00,51.266982324288605,51.39648147328238,50.61947495566398,50.954654693603516,4197900
2019-05-28 00:00:00+00:00,49.751063360266386,50.116714536451454,48.71506138078916,48.73029708862305,9821600
2019-05-29 00:00:00+00:00,48.45606857026618,48.54747992722223,47.869506793461845,48.27324295043945,7193700
2019-05-30 00:00:00+00:00,48.3418004527834,48.47891893623414,47.8466529566909,48.250389099121094,4311900
2019-05-31 00:00:00+00:00,47.816182769432686,48.037096210232946,47.35912017750995,47.42006301879883,4871900
2019-06-03 00:00:00+00:00,47.61049582490594,49.08832747509601,47.36673031875554,48.47129440307617,9150900
2019-06-04 00:00:00+00:00,48.73030767378171,49.301633765041935,48.494158509931495,48.996925354003906,5647800
2019-06-05 00:00:00+00:00,49.362570082371555,49.39303568880029,48.44844497013281,49.08833312988281,5226500
2019-06-06 00:00:00+00:00,49.09595260270127,49.36257609195696,48.42559875491114,48.547481536865234,4982500
2019-06-07 00:00:00+00:00,48.85979380407661,49.9948263747823,48.34941069376651,49.781532287597656,6255100
2019-06-10 00:00:00+00:00,49.81963290216887,50.48236740299009,49.72821864158047,50.368106842041016,5942700
2019-06-11 00:00:00+00:00,50.375723054584164,50.90896421902631,50.238604562222406,50.35287094116211,5144600
2019-06-12 00:00:00+00:00,50.56615272138954,51.38886347444972,50.43665356910083,50.8708610534668,6406800
2019-06-13 00:00:00+00:00,50.99390986319471,51.716793312645855,50.98622385807507,51.516845703125,4452900
2019-06-14 00:00:00+00:00,51.4553288647878,51.50916023708609,50.90931740224573,51.03236389160156,5333800
2019-06-17 00:00:00+00:00,51.11695806780411,51.8705972974005,50.809347704483685,51.6014404296875,5287300
2019-06-18 00:00:00+00:00,52.02440568909802,52.9856844125951,51.816766199202014,52.447364807128906,7385700
2019-06-19 00:00:00+00:00,52.316637131660436,52.60117777223061,52.024410484963134,52.49351501464844,4643100
2019-06-20 00:00:00+00:00,52.901096716604236,53.30867799746068,52.07055040815322,52.731910705566406,4968300
2019-06-21 00:00:00+00:00,52.70113672190385,53.42402010240728,52.50118913145375,53.35480499267578,8718500
2019-06-24 00:00:00+00:00,53.16255440784487,53.43171713402026,52.83187430474148,52.939537048339844,4013700
2019-06-25 00:00:00+00:00,52.87033046373191,53.81623132122397,52.3935340986379,52.662696838378906,6293200
2019-06-26 00:00:00+00:00,52.67807153209523,52.708833153839734,51.20154889143548,51.27845001220703,9479000
2019-06-27 00:00:00+00:00,51.24768760349842,51.82445480119732,50.95546100218221,51.5860595703125,5996900
2019-06-28 00:00:00+00:00,51.639892391885034,52.30893860502196,51.41687503177956,51.9551887512207,19742500
2019-07-01 00:00:00+00:00,52.29356667604735,52.95492695926589,51.739869148963905,52.16283416748047,6014500
2019-07-02 00:00:00+00:00,52.785734805250605,53.01644403706395,52.26279896469593,52.939537048339844,6010200
2019-07-03 00:00:00+00:00,53.11641911409864,53.11641911409864,52.539651856076496,53.06258773803711,2906000
2019-07-05 00:00:00+00:00,52.72420729060145,53.33173607580059,52.56271318828457,52.70113754272461,4118300
2019-07-08 00:00:00+00:00,52.501199789703485,52.655007916343074,51.032368850171174,51.8936767578125,7191900
2019-07-09 00:00:00+00:00,51.66297539900919,52.43199854822506,51.33229521015913,52.101318359375,5201400
2019-07-10 00:00:00+00:00,52.29356521746998,52.70114647821028,51.44764107121161,51.878292083740234,4072300
2019-07-11 00:00:00+00:00,51.53222897927909,51.82445558501507,50.40176431594287,50.90163040161133,5833100
2019-07-12 00:00:00+00:00,50.886252101012424,51.278455486148054,50.670926592994455,50.955467224121094,4740700
2019-07-15 00:00:00+00:00,51.50915706598292,52.48581357960501,51.401488460835296,52.347389221191406,7495100
2019-07-16 00:00:00+00:00,52.34739505660659,52.44736593381318,51.14772106140811,51.47840118408203,5573200
2019-07-17 00:00:00+00:00,51.62451828538717,51.8475356871294,51.37843112953033,51.4630241394043,4858500
2019-07-18 00:00:00+00:00,51.24000040786525,51.985953657051496,50.98622727677313,51.68603515625,4002500
2019-07-19 00:00:00+00:00,51.924435445622784,51.93212731918378,49.917290617555786,50.01726150512695,8876400
2019-07-22 00:00:00+00:00,50.217196745619866,50.61708606432679,49.794231811928796,49.91727828979492,6302600
2019-07-23 00:00:00+00:00,50.04033488243833,51.09389868373459,49.74041633082496,51.06313705444336,7854200
2019-07-24 00:00:00+00:00,51.12464386835278,51.38610883245449,50.624777820723,51.247684478759766,4592400
2019-07-25 00:00:00+00:00,51.193865569876266,51.578377105136624,50.90932492159866,51.001609802246094,4061200
2019-07-26 00:00:00+00:00,51.02468120968491,51.555309023043336,50.694001043954096,51.4630241394043,4790600
2019-07-29 00:00:00+00:00,52.3627607185099,52.601161781120815,51.7552378570645,52.193580627441406,5571700
2019-07-30 00:00:00+00:00,52.13976149043284,52.16283124157059,51.263075744119035,51.59375,6694500
2019-07-31 00:00:00+00:00,50.48635979901302,51.309214152739656,49.3405172018826,50.386383056640625,10366300
2019-08-01 00:00:00+00:00,50.49405096451867,51.355352934867376,50.04801623434259,50.34793472290039,8259800
2019-08-02 00:00:00+00:00,50.132605918598124,50.34023952496835,49.40972249794024,49.948036193847656,6753100
2019-08-05 00:00:00+00:00,49.44818336364781,49.6942704994951,48.3484772582945,48.72529983520508,7230000
2019-08-06 00:00:00+00:00,48.80218755369454,49.332815178085006,48.171589074682345,49.20207977294922,7052100
2019-08-07 00:00:00+00:00,48.70992138755896,49.371278763766064,48.094703518069664,49.12519454956055,5450400
2019-08-08 00:00:00+00:00,49.00214790122694,49.909595301885965,48.91755489943144,49.84807205200195,5188900
2019-08-09 00:00:00+00:00,49.755785532564445,50.540192274707955,49.49432052996983,50.171058654785156,5233000
2019-08-12 00:00:00+00:00,49.9326520401724,50.347925067889484,48.82526023318277,49.20207977294922,5703200
2019-08-13 00:00:00+00:00,49.00215018536101,49.97880688727935,49.00215018536101,49.448184967041016,4779600
2019-08-14 00:00:00+00:00,48.97907238523182,49.0636653821387,48.386924340473456,48.54072952270508,6382100
2019-08-15 00:00:00+00:00,48.6637718909588,49.07135605393741,48.32540284520107,48.348472595214844,4490800
2019-08-16 00:00:00+00:00,48.76375076926841,48.84065189970655,48.32540787187285,48.556114196777344,6967500
2019-08-19 00:00:00+00:00,48.97907560569585,49.5404620642021,48.97907560569585,49.302066802978516,6163200
2019-08-20 00:00:00+00:00,49.24823888212276,49.45587253273193,48.740683765276486,48.78682327270508,5286400
2019-08-21 00:00:00+00:00,49.248234592541564,49.41742059461743,48.96369396476124,49.31744384765625,4493700
2019-08-22 00:00:00+00:00,49.45586696819955,49.75578546710104,48.86372184316271,49.38665771484375,5084900
2019-08-23 00:00:00+00:00,49.27129774004478,49.73271031383602,47.82553384399483,48.07162094116211,7488300
2019-08-26 00:00:00+00:00,48.67915449053509,48.702227174986284,47.93320418798387,48.448448181152344,4053200
2019-08-27 00:00:00+00:00,48.84064611472934,49.132875656243,48.40230326925371,48.68684387207031,5227000
2019-08-28 00:00:00+00:00,48.479200264999605,49.363577699461324,48.24080212984827,48.94061279296875,5441100
2019-08-29 00:00:00+00:00,49.42510451838538,49.54045913923057,48.67146528093235,49.02521514892578,4758500
2019-08-30 00:00:00+00:00,49.209773178009804,49.225153986951675,48.3330846698591,48.863712310791016,5301200
2019-09-03 00:00:00+00:00,48.563801260040506,48.70991456683741,47.88706023156946,48.425376892089844,4909200
2019-09-04 00:00:00+00:00,48.72529815593868,48.963693410430295,47.979344900965664,48.65608596801758,5898200
2019-09-05 00:00:00+00:00,48.78682118543947,49.601986673688664,48.702231114242686,49.263614654541016,6011100
2019-09-06 00:00:00+00:00,49.44818266211596,49.98649643065096,49.15595015875693,49.84807205200195,6833300
2019-09-09 00:00:00+00:00,49.71733383918282,51.19385646382442,49.70195009488775,51.00929260253906,8701000
2019-09-10 00:00:00+00:00,50.8170366400473,51.66296068990315,50.57863554198314,51.5860595703125,7419700
2019-09-11 00:00:00+00:00,51.5168529124467,52.41661434761436,51.5168529124467,52.3550910949707,8853300
2019-09-12 00:00:00+00:00,52.39388821235561,52.42493715304497,51.43139473890523,51.50901412963867,6495500
2019-09-13 00:00:00+00:00,51.811743003052335,52.38613370178544,51.19853964114254,51.63321304321289,4814700
2019-09-16 00:00:00+00:00,51.45468752444236,51.56335587183238,50.96567996118729,51.13644027709961,4644100
2019-09-17 00:00:00+00:00,51.15196116748842,51.41586828539706,50.67071146062088,51.361534118652344,4819800
2019-09-18 00:00:00+00:00,51.237341735158736,51.34601006326039,50.53875539594831,51.01224136352539,4295400
2019-09-19 00:00:00+00:00,51.11316042066365,51.571125008780164,50.95015788244701,51.198543548583984,4171100
2019-09-20 00:00:00+00:00,51.14420721095568,52.02131776205547,51.14420721095568,51.55559539794922,9700400
2019-09-23 00:00:00+00:00,51.423640173374004,51.48573806580219,50.36023597296995,51.020015716552734,5259100
2019-09-24 00:00:00+00:00,51.22180980964401,51.25285874665993,49.86344990558813,50.11183547973633,5823400
2019-09-25 00:00:00+00:00,50.06526917622263,50.32917627971757,49.69268782319362,49.83240509033203,4914500
2019-09-26 00:00:00+00:00,50.0031885346806,50.0031885346806,48.97083610604097,49.13383865356445,6398400
2019-09-27 00:00:00+00:00,49.34340164031568,49.61507248135646,48.567195853353354,48.82334518432617,7410900
2019-09-30 00:00:00+00:00,48.900971411619125,49.52969925286796,48.792303060018455,49.19593048095703,8291400
2019-10-01 00:00:00+00:00,49.366679963879875,49.933312714806156,48.86990880344174,49.07172393798828,4899200
2019-10-02 00:00:00+00:00,48.85439884445187,48.85439884445187,47.75218787499362,47.82980728149414,6409700
2019-10-03 00:00:00+00:00,47.92295588427631,48.388678262381895,47.26317906080429,48.30329513549805,6325200
2019-10-04 00:00:00+00:00,48.47405749277248,48.68363343437084,48.06266636549107,48.55944061279297,5138700
2019-10-07 00:00:00+00:00,48.55167750974281,49.35117158468714,48.34210156549471,48.6913948059082,5980700
2019-10-08 00:00:00+00:00,48.380910414370206,48.50510322772741,47.63575057323677,47.88413619995117,4559800
2019-10-09 00:00:00+00:00,48.34985871379314,48.458527049160466,47.93846763720106,48.10923385620117,3516200
2019-10-10 00:00:00+00:00,48.21790521805022,49.21921144705225,48.12476134774476,49.102779388427734,5718400
2019-10-11 00:00:00+00:00,49.63836557507844,50.057514491117544,49.42102591977219,49.66941452026367,5598100
2019-10-14 00:00:00+00:00,49.545227353528745,50.46890840976139,49.545227353528745,50.07304763793945,4354500
2019-10-15 00:00:00+00:00,50.32143483781177,51.02777919643544,50.150668575600314,50.68625259399414,5675700
2019-10-16 00:00:00+00:00,50.499951469342435,51.136440039084604,50.45338101267227,50.72505187988281,4854900
2019-10-17 00:00:00+00:00,50.68623876866302,50.98895854292835,50.28260845498924,50.63190460205078,4682600
2019-10-18 00:00:00+00:00,50.7638650664143,50.80267180671359,49.83241446951905,50.38352584838867,8805600
2019-10-21 00:00:00+00:00,50.40680202794247,50.74057072889851,50.29813369944327,50.61637496948242,3737000
2019-10-22 00:00:00+00:00,51.004486210847205,51.687545233871084,50.9734372658942,51.12091827392578,5881800
2019-10-23 00:00:00+00:00,51.01224918036904,51.734120854505605,50.86476817449771,51.679786682128906,6056100
2019-10-24 00:00:00+00:00,51.81174195896496,51.81174195896496,50.942389250362105,51.22958755493164,5555400
2019-10-25 00:00:00+00:00,48.90097119349299,49.886750070610816,48.52839272067095,49.149356842041016,12014700
2019-10-28 00:00:00+00:00,49.389982370324,49.6383680220696,48.73020557706993,49.46760177612305,7854900
2019-10-29 00:00:00+00:00,49.677175851890425,49.677175851890425,49.095021447376084,49.25026321411133,5534200
2019-10-30 00:00:00+00:00,49.2502599885855,49.366689085268874,48.64481743406908,49.017398834228516,6289200
2019-10-31 00:00:00+00:00,48.831108078974296,49.53745525762015,48.69915451068419,49.45207214355469,6438100
2019-11-01 00:00:00+00:00,49.65388827661067,50.445615623662,49.49088280069749,50.18947219848633,4956800
2019-11-04 00:00:00+00:00,50.57756823614971,50.82595383300213,49.700451970717914,50.61637496948242,7008700
2019-11-05 00:00:00+00:00,50.77161568653495,51.43914711411016,50.60084949172157,50.75608825683594,6599100
2019-11-06 00:00:00+00:00,50.94238965222904,51.361541537077265,50.50771625548904,50.771629333496094,6010500
2019-11-07 00:00:00+00:00,50.46889047127373,50.58532250712364,49.242487042339135,49.646114349365234,7746000
2019-11-08 00:00:00+00:00,49.31235343437323,50.85700131533352,49.30459267922339,50.74833297729492,4953100
2019-11-11 00:00:00+00:00,50.46889863875563,50.569809183079805,49.933320662339355,50.17394256591797,3696400
2019-11-12 00:00:00+00:00,50.11185157219494,50.344715713604614,49.79361022904823,49.92556381225586,4243200
2019-11-13 00:00:00+00:00,49.79360447095074,49.79360447095074,48.97858599224613,49.1571159362793,4482600
2019-11-14 00:00:00+00:00,49.07949281424498,49.67717164086799,48.41971906278577,49.529693603515625,7548200
2019-11-15 00:00:00+00:00,49.80135780520327,50.624133906747424,49.67716205750948,50.5077018737793,6908600
2019-11-18 00:00:00+00:00,50.36023754665775,50.58533797225828,49.459841766236806,49.902278900146484,6163600
2019-11-19 00:00:00+00:00,50.243819006053336,50.49220469916204,50.065289013202374,50.453392028808594,6135100
2019-11-20 00:00:00+00:00,50.282617715266944,50.686248103275155,50.04975949632169,50.36023712158203,7633900
2019-11-21 00:00:00+00:00,50.53100221615698,51.07434989193215,50.073043583956284,51.020015716552734,5392000
2019-11-22 00:00:00+00:00,51.06658146478328,51.18301352185184,50.60085915848949,50.65519332885742,4589300
2019-11-25 00:00:00+00:00,50.88029706862185,52.22312990533632,50.83372068954691,52.17655944824219,7492900
2019-11-26 00:00:00+00:00,51.982507351082866,52.5103275723495,51.757406941221134,52.22312927246094,6923500
2019-11-27 00:00:00+00:00,52.22312401916426,52.38612652260219,51.77292324472798,52.098934173583984,4980300
2019-11-29 00:00:00+00:00,52.03683503828471,52.28522064545155,51.85830510720541,52.192073822021484,2658800
2019-12-02 00:00:00+00:00,52.19983758402056,52.40941053444877,51.18300992909033,51.32272720336914,7642100
2019-12-03 00:00:00+00:00,51.0665835975373,51.38482491670332,50.58533383847914,51.28392028808594,5333300
2019-12-04 00:00:00+00:00,51.462450608922424,52.17655857499124,51.276156939702176,51.81174087524414,5093400
2019-12-05 00:00:00+00:00,51.92817548637835,51.966982227884806,50.76386664552673,51.175254821777344,5847800
2019-12-06 00:00:00+00:00,51.56336273262839,52.43271554940159,51.291691828006,52.06789779663086,4140400
2019-12-09 00:00:00+00:00,52.14550944054166,52.68885116884024,51.873838576392366,51.95145797729492,5983700
2019-12-10 00:00:00+00:00,51.88936781817525,52.14551720909703,51.330498573248306,52.06789779663086,4272900
2019-12-11 00:00:00+00:00,52.2852315055165,52.774239105640184,52.091180024549466,52.611236572265625,5589800
2019-12-12 00:00:00+00:00,52.6190702555138,53.402558453642065,52.50937640843851,52.9873046875,5732200
2019-12-13 00:00:00+00:00,51.9060909878135,52.34484244787872,51.28713461948416,51.53001403808594,8198900
2019-12-16 00:00:00+00:00,51.90609249301995,52.32917683215471,51.78073151362869,51.80424118041992,11647500
2019-12-17 00:00:00+00:00,51.85125714963929,52.031462092985464,51.545697183673525,51.86692428588867,7881300
2019-12-18 00:00:00+00:00,51.95310241962132,52.101967095564554,51.130443367794776,51.45950698852539,10105600
2019-12-19 00:00:00+00:00,51.639706913803295,51.639706913803295,51.05209080041477,51.1539421081543,9495300
2019-12-20 00:00:00+00:00,51.388989538819416,52.49371079949095,51.05992592065626,52.37618637084961,23440000
2019-12-23 00:00:00+00:00,52.25865569163885,52.80710096718624,52.13330069961147,52.29783248901367,7038200
2019-12-24 00:00:00+00:00,52.34484502303377,52.44670231523154,51.93743378686455,52.27433395385742,1965800
2019-12-26 00:00:00+00:00,52.266493555765216,52.42319477164945,51.82774210636972,52.015777587890625,3527400
2019-12-27 00:00:00+00:00,52.007947394127605,52.09413157902061,51.48301170617267,51.67104721069336,4463900
2019-12-30 00:00:00+00:00,51.498683996852364,51.78857081637597,50.777870282197696,50.871891021728516,5864300
2019-12-31 00:00:00+00:00,50.66035196742357,50.97374247829659,50.4174665506939,50.911067962646484,6984700
2020-01-02 00:00:00+00:00,51.3419764473469,51.506508238126756,50.95806893552724,51.10693359375,5038200
2020-01-03 00:00:00+00:00,50.63682693768825,51.21661235750436,50.58198301716932,50.981563568115234,4689700
2020-01-06 00:00:00+00:00,50.66817601057641,51.577025111996285,50.660345433093184,51.435997009277344,8248700
2020-01-07 00:00:00+00:00,51.130428350393906,51.15393203389419,50.276423325469494,51.0207405090332,8082600
2020-01-08 00:00:00+00:00,51.01291526679828,51.89825474767614,50.777866424598315,51.553524017333984,6607300
2020-01-09 00:00:00+00:00,51.5613542521183,51.76506284883342,51.161779591593664,51.58485794067383,5942300
2020-01-10 00:00:00+00:00,51.71023340809037,51.78074449351761,50.91107788553836,50.95024871826172,5153900
2020-01-13 00:00:00+00:00,50.9659053638819,51.13043715425276,50.20592091964029,50.3861198425293,6868900
2020-01-14 00:00:00+00:00,50.46447597809797,50.58199442175007,50.07272890371314,50.2999382019043,9929700
2020-01-15 00:00:00+00:00,50.1980882600917,50.8718885839217,50.12757420320786,50.22159194946289,7080600
2020-01-16 00:00:00+00:00,50.37045113103949,50.44096219147093,49.453768491421506,49.516448974609375,10633900
2020-01-17 00:00:00+00:00,49.75149606334506,49.75149606334506,49.02285186615037,49.34408187866211,13457600
2020-01-21 00:00:00+00:00,49.289245748982275,49.29707931643296,48.756473499220924,49.06986999511719,12261100
2020-01-22 00:00:00+00:00,49.20306199035547,49.69666042960786,49.04636374104688,49.67315673828125,7906100
2020-01-23 00:00:00+00:00,49.55562759736054,50.190251113067156,49.15604993890713,50.09623336791992,14648700
2020-01-24 00:00:00+00:00,50.19808735262781,50.299938663908584,49.23439725181672,49.47727966308594,18685100
2020-01-27 00:00:00+00:00,49.35975134126975,50.36261517401931,49.203053120210136,50.010047912597656,10421600
2020-01-28 00:00:00+00:00,50.33912022685713,50.83271567405397,50.21375923722816,50.4253044128418,10241100
2020-01-29 00:00:00+00:00,50.472314482821766,51.03642701110902,50.31561921498256,50.378299713134766,7071000
2020-01-30 00:00:00+00:00,50.064892926735986,50.22158816242176,49.38325609866869,50.166744232177734,8771800
2020-01-31 00:00:00+00:00,49.98654064343864,50.08839493423395,49.04635431701018,49.516448974609375,11416800
2020-02-03 00:00:00+00:00,53.07347896848254,53.80995965017119,51.31063085149205,51.99226760864258,35527100
2020-02-04 00:00:00+00:00,53.277190046515535,53.28502660111585,52.399681235011556,52.807098388671875,15904100
2020-02-05 00:00:00+00:00,51.882587583967506,52.14114011472783,50.198086822629534,51.608367919921875,21184500
2020-02-06 00:00:00+00:00,52.72093030160532,54.76583531562413,51.74940644872263,53.44173812866211,28805500
2020-02-07 00:00:00+00:00,54.82850412381509,55.776524081094045,53.58275483980138,53.958831787109375,27320100
2020-02-10 00:00:00+00:00,54.31138985564602,54.37407033248828,52.971626045223985,54.05283737182617,24347800
2020-02-11 00:00:00+00:00,54.00584065809228,54.052848036228696,52.88545231803089,53.08916091918945,12858700
2020-02-12 00:00:00+00:00,52.88545737054244,53.13617337379004,51.96094098777799,52.45453643798828,13927100
2020-02-13 00:00:00+00:00,52.595559803220475,53.09699176433328,52.11763153129412,52.337013244628906,8031000
2020-02-14 00:00:00+00:00,52.814946143381924,53.01081820714903,52.52505333709184,52.932464599609375,9109100
2020-02-18 00:00:00+00:00,52.93245986763333,53.12050133586903,52.26649610586819,52.50154495239258,9904700
2020-02-19 00:00:00+00:00,52.65039323303082,52.91678227159196,52.35266993349946,52.76791763305664,7754000
2020-02-20 00:00:00+00:00,52.69742965905965,52.775777300877095,51.78858027686,52.49372100830078,8697200
2020-02-21 00:00:00+00:00,52.634728311925194,54.671796080236,52.344835576698294,54.60911560058594,22478200
2020-02-24 00:00:00+00:00,57.89192722538371,58.38552250821402,56.08990245355542,57.116275787353516,42905000
2020-02-25 00:00:00+00:00,57.76658958720516,57.86060434878711,54.0763547790528,54.922523498535156,39199200
2020-02-26 00:00:00+00:00,55.87837033051291,59.12984709898637,55.408278672098135,58.52655792236328,35000500
2020-02-27 00:00:00+00:00,61.354964765025635,61.801552841673804,56.61486429841631,56.928260803222656,51482500
2020-02-28 00:00:00+00:00,54.977370318745095,55.69034751168655,52.20382113333589,54.34274673461914,33786900
2020-03-02 00:00:00+00:00,55.09487999407862,59.08283731722975,54.90684453388804,59.07500076293945,31113000
2020-03-03 00:00:00+00:00,58.18967324809237,58.62059420290338,56.02724984997167,58.14266586303711,24482000
2020-03-04 00:00:00+00:00,58.68327549747793,59.55294799804688,56.873413440259114,59.552947998046875,23741700
2020-03-05 00:00:00+00:00,58.76160656635043,60.72032678522878,58.393366208794944,59.64694595336914,22727600
2020-03-06 00:00:00+00:00,59.01233174588382,62.99245328781867,58.83996338325457,62.85142517089844,31704700
2020-03-09 00:00:00+00:00,61.04939202745977,61.260937164342565,57.26514302583537,57.60204315185547,32839400
2020-03-10 00:00:00+00:00,59.16119427501227,59.20036509757375,53.888316181952405,56.67753219604492,27660000
2020-03-11 00:00:00+00:00,57.8997851966776,59.05934450584087,57.02227616950824,57.74308395385742,32018600
2020-03-12 00:00:00+00:00,55.702857987383965,57.61655488775845,53.67844571465448,54.231998443603516,26364600
2020-03-13 00:00:00+00:00,56.88111227437691,56.93646693145429,53.377937748238395,55.9479866027832,30116100
2020-03-16 00:00:00+00:00,53.172345109086045,57.56911078512005,50.93442968481345,54.485050201416016,26764600
2020-03-17 00:00:00+00:00,55.35490968248224,60.162880428587364,54.56412525844678,58.92925262451172,28823700
2020-03-18 00:00:00+00:00,58.20965488558203,63.26276799665852,57.703553224265384,62.80411148071289,34965900
2020-03-19 00:00:00+00:00,64.0377179254234,67.98373005683902,61.910506139543365,62.116111755371094,46268200
2020-03-20 00:00:00+00:00,62.86734968630026,64.52799545250488,57.07089951882685,57.932857513427734,35110200
2020-03-23 00:00:00+00:00,59.546077520105946,59.546077520105946,54.453423216465836,57.41886520385742,19875200
2020-03-24 00:00:00+00:00,59.41162832540582,59.96518101158995,57.02346215129256,58.486412048339844,20608100
2020-03-25 00:00:00+00:00,58.41525400877005,58.905536544415156,54.83299510547918,55.08605194091797,24138100
2020-03-26 00:00:00+00:00,55.275831639269036,58.44687882262741,55.15721277075519,58.4073371887207,18351900
2020-03-27 00:00:00+00:00,58.28871764767098,59.6172356866438,56.86530934154694,57.608642578125,16521600
2020-03-30 00:00:00+00:00,59.58562065783855,60.431759970524745,58.43107582214014,60.04427719116211,15929400
2020-03-31 00:00:00+00:00,60.06007849544388,60.360580457358694,58.35198716578777,59.119049072265625,12111900
2020-04-01 00:00:00+00:00,58.771100652597696,58.82645532330623,56.93648095213494,57.33978271484375,12177600
2020-04-02 00:00:00+00:00,56.786242162613824,61.26999558518191,56.44620453150562,60.874603271484375,20482100
2020-04-03 00:00:00+00:00,61.214612841309425,62.84362649636346,60.38428694988966,61.84723663330078,19421800
2020-04-06 00:00:00+00:00,62.66176213673381,62.98598667791132,60.00472573212538,61.467681884765625,19101100
2020-04-07 00:00:00+00:00,61.12764145126167,61.428137375483615,57.3318736125935,59.047874450683594,19917900
2020-04-08 00:00:00+00:00,59.09532278702592,59.41163173074004,58.178009957277126,59.30092239379883,12215400
2020-04-09 00:00:00+00:00,58.81063688234597,58.99251391229421,57.68771847044866,58.13056182861328,12798600
2020-04-13 00:00:00+00:00,59.94147335205935,60.099627854182074,58.29663998386982,59.5302619934082,16255600
2020-04-14 00:00:00+00:00,60.083804191048245,61.562567227310424,59.577696600707306,61.483489990234375,14379300
2020-04-15 00:00:00+00:00,60.226148291165494,60.56617982229054,58.889720602688335,59.01624298095703,11397400
2020-04-16 00:00:00+00:00,59.182300945940625,60.85876602736549,58.87389551600581,60.52663803100586,20935400
2020-04-17 00:00:00+00:00,67.3511021609187,67.84139063365373,64.06144237681701,66.41797637939453,94348500
2020-04-20 00:00:00+00:00,65.62718581325512,67.35900531986093,63.77675349102311,64.2591323852539,31003600
2020-04-21 00:00:00+00:00,63.46044221294609,65.03410133366425,61.88678309222793,62.10029220581055,19989400
2020-04-22 00:00:00+00:00,62.93063688244087,64.49638693636862,62.321729391196534,64.29869079589844,13970300
2020-04-23 00:00:00+00:00,64.9787528174487,66.4258897200332,58.83436067295635,61.50720977783203,65439700
2020-04-24 00:00:00+00:00,60.96947619994705,63.3813710398196,60.29731066475171,62.97806930541992,24424200
2020-04-27 00:00:00+00:00,63.183677673339844,63.57906989152945,61.87097261301126,63.183677673339844,14640700
2020-04-28 00:00:00+00:00,63.175760206399985,63.31810162840202,61.744442486917,62.211002349853516,9778200
2020-04-29 00:00:00+00:00,66.40214852059371,67.22456479129127,63.302275984798335,65.74579620361328,78230200
2020-04-30 00:00:00+00:00,67.58835759373116,67.7465120931156,64.31450998417235,66.4259033203125,39332600
2020-05-01 00:00:00+00:00,64.21168986569367,64.36985036315174,61.3806863430641,63.223209381103516,34498100
2020-05-04 00:00:00+00:00,64.54384543690605,64.65455480547574,62.622238492149265,63.46046829223633,19203000
2020-05-05 00:00:00+00:00,62.7329077787855,63.12829985196599,62.08446502009767,62.58265686035156,14925900
2020-05-06 00:00:00+00:00,62.39290719934523,62.75666739749773,61.09602091612056,61.2620849609375,12591900
2020-05-07 00:00:00+00:00,61.60212719870378,62.0212421098448,60.74016876835015,61.372798919677734,13491700
2020-05-08 00:00:00+00:00,61.4913814774957,62.02911497828859,60.7875840176174,61.27786636352539,10539200
2020-05-11 00:00:00+00:00,61.49930012781426,63.99027219422968,61.38068729438995,63.895381927490234,13340500
2020-05-12 00:00:00+00:00,63.42881801422002,63.642333187595725,61.61001745638706,61.64164352416992,12140800
2020-05-13 00:00:00+00:00,62.709220407249234,62.74875601682905,60.81133618439688,60.93785858154297,11166300
2020-05-14 00:00:00+00:00,60.53456238355181,61.53094661655337,59.96519651714659,61.072296142578125,10711900
2020-05-15 00:00:00+00:00,60.47128173662811,60.77177762526112,59.664678300667255,60.30521774291992,12350800
2020-05-18 00:00:00+00:00,60.46338026720985,60.49501237021177,58.40734183773943,59.119049072265625,16586800
2020-05-19 00:00:00+00:00,58.25708993750067,59.19021584510904,57.173719084512484,57.205345153808594,14152000
2020-05-20 00:00:00+00:00,57.57701968031279,58.58922291307685,57.49794243397944,58.431068420410156,13429500
2020-05-21 00:00:00+00:00,58.098931394265584,58.462691497792996,57.64027498986771,58.12265396118164,7193500
2020-05-22 00:00:00+00:00,57.798428170075,58.114743132721216,57.49793227382444,57.996124267578125,6268500
2020-05-26 00:00:00+00:00,58.5022282755518,58.755279023662624,57.26069709994467,57.869598388671875,12308100
2020-05-27 00:00:00+00:00,57.236971560010424,59.29301578562346,57.236971560010424,59.22975158691406,11752300
2020-05-28 00:00:00+00:00,59.300929309554064,60.23405528202844,59.237671133357814,59.5618896484375,10511700
2020-05-29 00:00:00+00:00,59.917744061161386,61.77609262247812,59.00043709957356,61.5467643737793,24375100
2020-06-01 00:00:00+00:00,59.68049736419018,60.81131925452325,58.818539263695634,59.43535614013672,14665300
2020-06-02 00:00:00+00:00,58.810628538874,59.024137637915295,57.695619818310554,57.932857513427734,16897900
2020-06-03 00:00:00+00:00,58.81853914936878,58.952977077232674,58.01194174821508,58.83435821533203,12654500
2020-06-04 00:00:00+00:00,58.612947146742684,61.82353016751481,58.47060570067262,61.31742858886719,14740900
2020-06-05 00:00:00+00:00,60.692707061767585,61.30951797278259,60.25777319722797,60.69270706176758,11047100
2020-06-08 00:00:00+00:00,62.709213293828086,62.717116794922944,60.67689736916643,60.86668395996094,17973400
2020-06-09 00:00:00+00:00,60.890411741500095,61.783996131466125,60.64527045602434,61.356971740722656,7804300
2020-06-10 00:00:00+00:00,61.523037987723185,61.98959795796527,60.79551164505026,60.945762634277344,7790800
2020-06-11 00:00:00+00:00,60.586742110773564,60.80215186134423,58.041682207735725,58.11348342895508,12098200
2020-06-12 00:00:00+00:00,58.50441678343535,58.81556755757341,57.371508524424385,58.40069580078125,8375600
2020-06-15 00:00:00+00:00,58.44857193808353,59.41393798328652,57.77042294117874,59.0150260925293,6411800
2020-06-16 00:00:00+00:00,59.509667658583524,60.36334487245626,58.79960504302316,59.533607482910156,9619700
2020-06-17 00:00:00+00:00,59.461813939118684,59.68520365588272,58.75973110258696,58.84749221801758,7534100
2020-06-18 00:00:00+00:00,58.5522676813155,59.18254899292654,58.2490969348196,59.07085418701172,5516100
2020-06-19 00:00:00+00:00,59.453827315175936,62.23025683691039,59.11874277768236,61.807411193847656,19322700
2020-06-22 00:00:00+00:00,61.0175678739249,61.232977625113705,59.868699635817556,60.3713264465332,8943000
2020-06-23 00:00:00+00:00,60.37132147965702,60.690452195866015,59.68519257022693,59.87667465209961,7117100
2020-06-24 00:00:00+00:00,59.7570120310672,60.67451074425411,59.621383427329256,60.57876968383789,7982000
2020-06-25 00:00:00+00:00,60.475028724290176,60.538849983504,59.302227108621885,60.227699279785156,7172900
2020-06-26 00:00:00+00:00,59.91654744279817,60.13196321016651,58.82353307391436,59.49370193481445,10389200
2020-06-29 00:00:00+00:00,61.057442777214646,61.081376512736945,59.15064474639443,59.4857292175293,8775300
2020-06-30 00:00:00+00:00,59.31022781044158,61.56009712797986,58.967169365274444,61.38457489013672,9402600
2020-07-01 00:00:00+00:00,61.51219418861081,61.61591514522944,60.55480836802886,60.682456970214844,7786900
2020-07-02 00:00:00+00:00,60.88193519297056,61.504236813348484,60.355374624540325,60.913848876953125,6381000
2020-07-06 00:00:00+00:00,61.83931933870232,61.958994116208,60.69045121370703,61.24095153808594,7056600
2020-07-07 00:00:00+00:00,61.02554728811897,61.40052548815208,60.88193874527466,60.96969985961914,5055700
2020-07-08 00:00:00+00:00,61.19307692950415,61.43242648042643,59.78093162241612,60.32345199584961,6293500
2020-07-09 00:00:00+00:00,59.92453074101039,60.50693855701688,58.99905244857409,59.60540008544922,5199800
2020-07-10 00:00:00+00:00,60.714393246907875,61.31276112927605,60.2516539570174,60.889915466308594,9553800
2020-07-13 00:00:00+00:00,61.049473111315805,62.501512150863284,60.59471379911996,61.177127838134766,9626600
2020-07-14 00:00:00+00:00,60.80212990369904,61.7116482321629,60.18780846977221,61.58399963378906,6904200
2020-07-15 00:00:00+00:00,61.4244362665984,61.66378577749317,60.82606857627238,61.15317916870117,6018800
2020-07-16 00:00:00+00:00,61.11329277373277,61.232967543317024,60.339402828921145,61.145206451416016,4862200
2020-07-17 00:00:00+00:00,61.05745117603099,61.951015975550526,60.80214781715572,61.83932113647461,6940100
2020-07-20 00:00:00+00:00,62.030803130064555,62.980215440896295,61.65582495395748,62.29408645629883,6974400
2020-07-21 00:00:00+00:00,61.711675410655474,62.22228220284845,61.11330750540624,61.25691604614258,5636600
2020-07-22 00:00:00+00:00,61.32871742876529,61.63188828014937,60.60269485222611,60.83406448364258,4734800
2020-07-23 00:00:00+00:00,60.97767057304696,61.272867557243146,60.13197933036635,60.28356170654297,5854400
2020-07-24 00:00:00+00:00,60.21175058243829,60.35535907991681,58.33686626146025,58.751731872558594,8149000
2020-07-27 00:00:00+00:00,58.95120090316483,59.50967513605552,58.49644157440738,59.46978759765625,7678500
2020-07-28 00:00:00+00:00,59.57349368071855,59.868690638343764,58.72780251415944,58.823543548583984,5484400
2020-07-29 00:00:00+00:00,58.919284033454915,58.919284033454915,57.86615690345672,58.249114990234375,8345200
2020-07-30 00:00:00+00:00,57.88212623537453,57.922013778127045,57.2119509958514,57.70660400390625,9274100
2020-07-31 00:00:00+00:00,55.63226282798119,56.50986789433169,54.66689055939104,55.472694396972656,20551100
2020-08-03 00:00:00+00:00,55.62426286006687,57.562974468766654,55.536501776334326,57.22789001464844,9671800
2020-08-04 00:00:00+00:00,57.459258339307915,57.69062793526201,56.22263529640903,56.549739837646484,9799700
2020-08-05 00:00:00+00:00,56.35826558386907,56.49389415177638,55.03388140934682,55.049835205078125,12271400
2020-08-06 00:00:00+00:00,55.065789011450796,55.55246195465862,54.746664401468806,54.89824676513672,8318000
2020-08-07 00:00:00+00:00,55.337062431807304,55.63225944604283,54.898256881850834,55.32908248901367,8069000
2020-08-10 00:00:00+00:00,55.169504024979275,55.24928516885171,54.22009197823728,54.658897399902344,10278000
2020-08-11 00:00:00+00:00,54.611035660897784,55.19344970232163,54.188190028657665,54.3317985534668,10236900
2020-08-12 00:00:00+00:00,54.8025114912051,55.13759598184178,54.55518200695369,54.92218017578125,9116600
2020-08-13 00:00:00+00:00,55.02591144948545,55.20143366892765,54.24404140476463,54.3956298828125,7468100
2020-08-14 00:00:00+00:00,54.32381403652177,54.90622802889892,54.252012823619985,54.65092468261719,9169200
2020-08-17 00:00:00+00:00,54.5073222958728,55.32907984385685,54.49934235346067,55.169517517089844,6848800
2020-08-18 00:00:00+00:00,55.233340503667165,55.64820617251845,55.03388456756495,55.09770584106445,6327500
2020-08-19 00:00:00+00:00,52.80796076069216,53.82917427961716,52.25746037533836,52.417022705078125,19680300
2020-08-20 00:00:00+00:00,52.52871020913387,52.784019640082505,52.297346689432416,52.696258544921875,8339300
2020-08-21 00:00:00+00:00,52.48084848402838,53.350479589465344,52.18565757424899,53.05528259277344,9898000
2020-08-24 00:00:00+00:00,52.943589281072285,53.422282356584134,52.29735393347693,52.72019958496094,8566200
2020-08-25 00:00:00+00:00,52.584563712337776,52.847840910907806,52.42499531799488,52.696258544921875,7456600
2020-08-26 00:00:00+00:00,52.560624163409024,52.560624163409024,51.98619620150029,52.33723449707031,7522600
2020-08-27 00:00:00+00:00,52.32925943225565,52.53669532186379,52.11384968732938,52.2973518371582,7919600
2020-08-28 00:00:00+00:00,52.03406532386015,52.45691093237488,51.842589330495606,52.06597900390625,6821000
2020-08-31 00:00:00+00:00,52.225536955007755,53.36642505198522,52.19362327762729,53.254730224609375,9083900
2020-09-01 00:00:00+00:00,52.91964855240579,53.0313433857124,51.78674033634626,52.52073669433594,8348000
2020-09-02 00:00:00+00:00,52.11384966729306,53.42228019463372,52.11384966729306,53.286651611328125,8334700
2020-09-03 00:00:00+00:00,53.30260841969064,53.79726138822595,52.241507346166784,52.584571838378906,10457400
2020-09-04 00:00:00+00:00,52.43297897926723,53.40632494962087,52.32128413875901,52.66434860229492,8762200
2020-09-08 00:00:00+00:00,51.95428666850364,52.15374261321039,51.02083126467881,51.17241668701172,10729400
2020-09-09 00:00:00+00:00,51.284114875566274,51.92237637504168,50.74957436973047,51.46761703491211,9309700
2020-09-10 00:00:00+00:00,51.611219575601375,51.89045666660861,50.70169795748631,50.877220153808594,8420600
2020-09-11 00:00:00+00:00,51.35592294331098,52.58457239143687,51.23624814952941,52.3212890625,10213000
2020-09-14 00:00:00+00:00,51.95043494155898,54.755948361655555,51.84562721420396,53.482177734375,18854200
2020-09-15 00:00:00+00:00,54.046520795900186,54.119074329327034,53.143593425554776,53.36932373046875,8327700
2020-09-16 00:00:00+00:00,53.46605204036776,53.65147682184933,52.89366289420207,52.92591094970703,7563600
2020-09-17 00:00:00+00:00,52.25678562406184,52.837238410493285,51.91819021553971,52.434146881103516,8498300
2020-09-18 00:00:00+00:00,52.361587923591536,52.53894918305894,51.636028081317555,52.44221115112305,14256900
2020-09-21 00:00:00+00:00,52.24872711495815,52.377719369145304,51.16038111068323,51.765018463134766,8575200
2020-09-22 00:00:00+00:00,51.66021186694309,52.063303396209456,51.02332651261959,51.11200714111328,7228200
2020-09-23 00:00:00+00:00,51.200682644619846,51.66020979890468,50.789530654378694,50.86208724975586,8520200
2020-09-24 00:00:00+00:00,50.54767370488902,50.660538830578396,49.70118218687471,50.18489074707031,9004600
2020-09-25 00:00:00+00:00,50.0639620693494,50.39449696973,49.79792328384503,50.18489074707031,7142800
2020-09-28 00:00:00+00:00,50.741158585151105,51.12006559174884,50.40256319015718,50.668601989746094,7474700
2020-09-29 00:00:00+00:00,50.757286607896624,50.813719178168604,49.94304304015492,50.063968658447266,8657900
2020-09-30 00:00:00+00:00,50.26550939629071,51.136188522440534,50.07202719626461,50.94270324707031,10072600
2020-10-01 00:00:00+00:00,51.0555794226847,51.3619267997784,50.555743664668356,51.047515869140625,8356500
2020-10-02 00:00:00+00:00,51.0313910800459,51.4667307046272,50.10428233363522,50.12040328979492,7796600
2020-10-05 00:00:00+00:00,51.36191976050554,51.668267095613615,50.87014762343181,51.27323913574219,10193900
2020-10-06 00:00:00+00:00,51.42642174422678,51.42642174422678,50.265516088142235,50.40256881713867,8398100
2020-10-07 00:00:00+00:00,50.57186090940798,50.92658033412717,50.21714148468879,50.66054153442383,6351400
2020-10-08 00:00:00+00:00,51.0555794226847,51.63603226407421,50.80566154367653,51.047515869140625,6434900
2020-10-09 00:00:00+00:00,52.08749341493725,52.15198954260911,51.36999090898334,51.466732025146484,9364500
2020-10-12 00:00:00+00:00,51.65214156721295,52.393828408016525,51.23292606249375,52.03911209106445,7750200
2020-10-13 00:00:00+00:00,52.03911689386229,52.393833243551875,51.59571376838984,51.99074172973633,6450200
2020-10-14 00:00:00+00:00,51.92625468815177,52.071361736641464,51.14425304782861,51.63602828979492,7138900
2020-10-15 00:00:00+00:00,51.17649779698359,51.23293036241827,50.5073674888248,50.75728225708008,9630700
2020-10-16 00:00:00+00:00,50.30583481286228,50.67667836080598,49.846310617509225,49.983360290527344,12307200
2020-10-19 00:00:00+00:00,49.98335905225713,50.0639761431712,48.54029036734306,48.83051681518555,9643600
2020-10-20 00:00:00+00:00,48.8466248870207,49.0965427077415,48.25811170468839,48.81437683105469,9208000
2020-10-21 00:00:00+00:00,48.564466970507084,48.77407320468154,48.29036461791328,48.540279388427734,7493700
2020-10-22 00:00:00+00:00,48.30649165058869,49.09655382391827,48.08882491189486,48.911128997802734,17061800
2020-10-23 00:00:00+00:00,51.09588797869019,51.30549424072592,48.983685949861844,49.00787353515625,30965400
2020-10-26 00:00:00+00:00,48.66120811478227,48.927246915131114,47.88727314514754,48.3387336730957,10256300
2020-10-27 00:00:00+00:00,48.21780942903787,48.54028080450954,47.91951948566261,48.37904357910156,7699900
2020-10-28 00:00:00+00:00,47.81472133884349,48.02432759419379,46.80699245181518,47.339073181152344,12150800
2020-10-29 00:00:00+00:00,46.59738074152171,47.476120409149395,45.984682962648854,47.18589401245117,12529400
2020-10-30 00:00:00+00:00,46.58932451068504,47.22620993089884,46.09755230204766,46.87955093383789,11869100
2020-11-02 00:00:00+00:00,47.38743977956445,47.685729729140036,46.62156832480946,47.18589401245117,9352600
2020-11-03 00:00:00+00:00,47.419678453113434,47.879202465136096,47.08108310755726,47.42774200439453,6599700
2020-11-04 00:00:00+00:00,47.879210637838895,49.330339506417275,47.86308660786817,48.266178131103516,12935200
2020-11-05 00:00:00+00:00,48.64508205967725,48.74988671016315,47.72603393708536,48.07269287109375,7519800
2020-11-06 00:00:00+00:00,47.90340541984102,47.96790155355759,47.3390796265457,47.62124252319336,7209800
2020-11-09 00:00:00+00:00,47.88726841651178,48.66926378606553,47.55673353032666,47.6051025390625,10807100
2020-11-10 00:00:00+00:00,47.113328639731236,49.539940946079014,46.90372243411826,48.87080764770508,10524400
2020-11-11 00:00:00+00:00,49.12073638296668,49.273910064387216,48.016266400347284,48.451602935791016,7336400
2020-11-12 00:00:00+00:00,48.290365354378785,48.362921951034984,47.50030326841381,48.3548583984375,9226200
2020-11-13 00:00:00+00:00,48.33873014947517,49.1610371480246,48.18555649227885,48.84662628173828,6740800
2020-11-16 00:00:00+00:00,48.580588134656914,49.41901922566552,48.57252765749176,49.24972152709961,6969300
2020-11-17 00:00:00+00:00,49.015931892883344,49.21747766799828,48.6692729136581,49.152984619140625,5488400
2020-11-18 00:00:00+00:00,49.20941894853246,49.693127595954756,48.82245141552571,49.096553802490234,8884200
2020-11-19 00:00:00+00:00,48.77407488874114,49.14491835642414,48.29036628527151,48.87887954711914,7525100
2020-11-20 00:00:00+00:00,48.048508315426574,48.5805890028167,47.95176721099498,48.45966339111328,9440800
2020-11-23 00:00:00+00:00,48.42740840060273,48.604769629464855,47.86307973405001,48.28229522705078,8684000
2020-11-24 00:00:00+00:00,48.07269620841936,49.16104209749825,48.04044814828587,48.57252883911133,7827300
2020-11-25 00:00:00+00:00,48.51609641563552,48.72570265643714,47.94370718561543,47.967891693115234,8336100
2020-11-27 00:00:00+00:00,48.08074224216354,48.41934062116052,47.790515938835654,48.3951530456543,5040700
2020-11-30 00:00:00+00:00,48.17750247286347,49.00787318760508,48.08076135840571,48.911128997802734,16315700
2020-12-01 00:00:00+00:00,49.032052410027255,49.96722461652719,49.01592838013226,49.27390670776367,9620100
2020-12-02 00:00:00+00:00,49.23360269834706,49.87854857673648,49.14492206344142,49.28197479248047,6470300
2020-12-03 00:00:00+00:00,49.21747038169917,49.60443784359071,48.81437889114415,49.06429672241211,7368900
2020-12-04 00:00:00+00:00,49.03205475848521,49.71730914745031,48.935313649825936,49.628631591796875,7232300
2020-12-07 00:00:00+00:00,49.7173061515986,49.741493733814224,48.701516883524455,49.04011535644531,7405100
2020-12-08 00:00:00+00:00,48.822443750713525,49.37870891545354,48.7982561693985,49.314212799072266,6185000
2020-12-09 00:00:00+00:00,49.31421391361068,49.49963871472552,48.749888259240876,49.03205108642578,7231600
2020-12-10 00:00:00+00:00,48.90306617415208,49.09655146913218,48.47579012005759,48.733768463134766,7239500
2020-12-11 00:00:00+00:00,48.54834421571258,49.02399233784036,48.44353955820124,48.983680725097656,7845100
2020-12-14 00:00:00+00:00,49.236428226663556,49.26088646078619,48.71463183103492,48.78800964355469,12233000
2020-12-15 00:00:00+00:00,48.771693327848816,48.97552019836311,48.32327483474761,48.4537239074707,8073900
2020-12-16 00:00:00+00:00,48.35589963200688,48.486348736431964,47.85040663097669,48.05423355102539,8786400
2020-12-17 00:00:00+00:00,48.0460785301202,48.331434954453485,47.785180339257835,48.160221099853516,9469000
2020-12-18 00:00:00+00:00,48.24990262149176,48.24990262149176,47.71995145275655,48.168373107910156,22195800
2020-12-21 00:00:00+00:00,47.654733453123484,47.78518255460235,47.04325270678782,47.728111267089844,12141900
2020-12-22 00:00:00+00:00,47.46720657155955,47.54873608252525,46.317623050094795,46.472530364990234,14964000
2020-12-23 00:00:00+00:00,46.39099759470231,46.97801687474606,46.39099759470231,46.782344818115234,8495900
2020-12-24 00:00:00+00:00,46.74159142153739,46.806814419543414,46.439925336534486,46.52960968017578,3441300
2020-12-28 00:00:00+00:00,46.50514803572822,46.994331370446865,46.2279433166805,46.382850646972656,8215000
2020-12-29 00:00:00+00:00,46.43991489123095,47.018782475250106,46.23608801431001,46.333927154541016,7626000
2020-12-30 00:00:00+00:00,46.47254367508396,46.66821891165662,46.11380936987852,46.18718719482422,8848800
2020-12-31 00:00:00+00:00,46.14640276853494,47.5813456950636,46.11379283259435,47.499813079833984,10870500
2021-01-04 00:00:00+00:00,47.83409562394971,49.04890532212611,47.23076973879898,49.008140563964844,15520000
2021-01-05 00:00:00+00:00,49.105973580664674,49.28534223770718,48.608635475338815,48.918453216552734,13251100
2021-01-06 00:00:00+00:00,48.67386623914523,50.6142992736181,48.67386623914523,50.50830841064453,12222500
2021-01-07 00:00:00+00:00,50.46754404027163,51.560056399684534,50.1577262669645,50.9730339050293,10614700
2021-01-08 00:00:00+00:00,51.04641300242444,51.6986585072722,50.96488037047354,51.396995544433594,8389800
2021-01-11 00:00:00+00:00,51.975860902012684,52.326443428281536,50.76920599468221,50.96487808227539,11316700
2021-01-12 00:00:00+00:00,51.08717273766142,51.19316359369488,50.11695783902904,50.614295959472656,9115100
2021-01-13 00:00:00+00:00,50.40231543604007,50.67136843612738,50.092497678102106,50.17403030395508,6822600
2021-01-14 00:00:00+00:00,50.255562811493455,51.4703725727342,50.10880718637304,50.87519836425781,8694800
2021-01-15 00:00:00+00:00,50.7936653121759,51.8535646213569,50.6550645063519,51.6334342956543,9361900
2021-01-19 00:00:00+00:00,52.774857821662444,55.5713628277837,52.6688638644442,54.682674407958984,18395900
2021-01-20 00:00:00+00:00,54.625620638752814,55.51430312309972,54.381025819412656,55.43277359008789,10131300
2021-01-21 00:00:00+00:00,55.228947213020476,55.228947213020476,54.28319342384909,54.609317779541016,8141800
2021-01-22 00:00:00+00:00,54.24241916736892,55.00881038006461,54.0059791928074,54.576698303222656,4914400
2021-01-25 00:00:00+00:00,54.38918061599235,55.652910148212015,54.136437197670276,55.571380615234375,8443900
2021-01-26 00:00:00+00:00,55.21263303353691,55.75073282829496,54.266873208387594,54.38101577758789,7125200
2021-01-27 00:00:00+00:00,53.606479057324734,54.560387533988994,53.06022441379602,53.386348724365234,9908200
2021-01-28 00:00:00+00:00,53.198821616546965,54.00597440973375,52.17968710282001,52.73409652709961,8086400
2021-01-29 00:00:00+00:00,52.34274476619794,53.9978243982039,52.21229878641466,53.48417663574219,11724100
2021-02-01 00:00:00+00:00,53.83476687250662,54.03043898040893,53.04391740184189,53.07653045654297,6270200
2021-02-02 00:00:00+00:00,53.06837342737022,53.78584816030114,52.3509049147432,53.10098648071289,7749300
2021-02-03 00:00:00+00:00,53.166201866501375,53.55755220739421,52.595489098847914,52.6036376953125,6421700
2021-02-04 00:00:00+00:00,52.90531216788883,53.80214932623316,52.538426218662764,53.67170333862305,7400400
2021-02-05 00:00:00+00:00,54.82943469150154,56.5497341809335,54.38916785237503,55.815956115722656,15068200
2021-02-08 00:00:00+00:00,55.84857784810894,56.06055959330517,54.87835968769556,55.416465759277344,9599200
2021-02-09 00:00:00+00:00,55.25339427916847,55.31046556335216,54.5033127669533,54.87020492553711,6620400
2021-02-10 00:00:00+00:00,54.83759468304961,55.70181880789356,54.70714247234664,54.86205291748047,7667900
2021-02-11 00:00:00+00:00,54.78866797469746,54.78866797469746,53.851069215341276,54.56038284301758,6029100
2021-02-12 00:00:00+00:00,54.44623867358855,54.84573764226202,54.10381098615415,54.53592300415039,3977700
2021-02-16 00:00:00+00:00,54.14458163891269,54.29948585578759,52.603644525562146,52.83193588256836,9757000
2021-02-17 00:00:00+00:00,52.44874625938363,53.10914351124405,52.049244114675616,53.07653045654297,7725400
2021-02-18 00:00:00+00:00,52.88084436499134,53.370027615541076,52.44873239000069,53.18251037597656,6144600
2021-02-19 00:00:00+00:00,53.0602175669882,53.17436012791307,52.39981421271941,52.48134994506836,6054600
2021-02-22 00:00:00+00:00,52.12261921904978,52.56288610413677,51.79649490932196,52.26937484741211,6597700
2021-02-23 00:00:00+00:00,52.05738971088959,52.31013930006999,51.18501081605573,51.91878890991211,8714600
2021-02-24 00:00:00+00:00,51.82095066374106,52.36720835708247,51.20946998158145,51.94324493408203,6533100
2021-02-25 00:00:00+00:00,51.99216202403492,52.155224153516414,50.96487278540753,51.19316101074219,7685300
2021-02-26 00:00:00+00:00,51.18500135880499,51.19315617509206,50.05172448669145,50.059879302978516,10396300
2021-03-01 00:00:00+00:00,50.353390715847134,51.06271049261324,50.26370950179923,50.92410659790039,7328800
2021-03-02 00:00:00+00:00,50.95672637213926,51.84541180447544,50.83442898478542,51.37253189086914,6844200
2021-03-03 00:00:00+00:00,51.19316602963954,51.62527807150036,50.68767306767404,51.160552978515625,7081300
2021-03-04 00:00:00+00:00,51.20131265221737,52.61994913369659,50.98117924422138,51.55189514160156,15847200
2021-03-05 00:00:00+00:00,51.706800299787076,52.79116077065146,51.60896427035951,52.68517303466797,9761400
2021-03-08 00:00:00+00:00,52.59549992700857,54.348412674688106,52.147078217031044,52.79117202758789,10646900
2021-03-09 00:00:00+00:00,53.410801291060814,54.34840625183314,52.399815413553405,52.44873809814453,8973300
2021-03-10 00:00:00+00:00,52.73410292260398,52.83194208709678,51.85356910308139,52.10631561279297,7595500
2021-03-11 00:00:00+00:00,51.78018327702917,52.212298411332554,51.372529485142095,51.4377555847168,9940600
2021-03-12 00:00:00+00:00,51.52845926853992,51.61091673633097,50.703872008426345,50.761592864990234,11561100
2021-03-15 00:00:00+00:00,51.41301762558963,52.08917896953054,51.01721609344502,52.00672149658203,8780200
2021-03-16 00:00:00+00:00,52.14690106448029,52.938500954212614,52.072688083325566,52.78183364868164,7375800
2021-03-17 00:00:00+00:00,52.748849433407386,53.30132140245461,52.320063669323304,53.119911193847656,7853700
2021-03-18 00:00:00+00:00,52.46024129774741,53.58168363509251,52.46024129774741,52.83955383300781,7442600
2021-03-19 00:00:00+00:00,52.98798573954319,53.30957430801712,52.435510570316545,53.15290069580078,15230300
2021-03-22 00:00:00+00:00,52.81482386426266,54.142410040774784,52.65815024992197,54.03520965576172,6769200
2021-03-23 00:00:00+00:00,53.878532903009024,53.97748564700271,53.004472349921976,53.185882568359375,6572100
2021-03-24 00:00:00+00:00,53.07044245924446,53.64765108899949,52.77359050934124,53.06219482421875,7472800
2021-03-25 00:00:00+00:00,53.41676428880044,53.499221760582195,52.394277798282594,52.765342712402344,7391000
2021-03-26 00:00:00+00:00,52.79832777531544,53.83730961280697,52.691133683066425,53.796077728271484,6017100
2021-03-29 00:00:00+00:00,53.59817632234381,54.78558408786839,53.49922357818274,54.579437255859375,7902600
2021-03-30 00:00:00+00:00,54.82681105776116,54.82681105776116,53.70537176015494,54.01047134399414,5608100
2021-03-31 00:00:00+00:00,53.87853950969068,53.87853950969068,53.15290483806453,53.29308319091797,8817200
2021-04-01 00:00:00+00:00,54.21660490750106,55.11540187787428,53.9527372721428,54.78557205200195,10514200
2021-04-05 00:00:00+00:00,54.587679460844384,54.851547158335215,54.03520745220768,54.703121185302734,6071200
2021-04-06 00:00:00+00:00,54.42276888603358,54.84331022529804,54.23311101425466,54.6124267578125,5708300
2021-04-07 00:00:00+00:00,54.48873454303858,54.69488138411445,53.779588906449405,54.09292984008789,5188700
2021-04-08 00:00:00+00:00,54.50522569867763,54.62891506648263,53.458002472280754,53.61466979980469,6778500
2021-04-09 00:00:00+00:00,53.449746044918264,53.80431881904801,52.971483923329025,53.68887710571289,5848300
2021-04-12 00:00:00+00:00,53.6476514124759,53.68888329675083,53.06219514416507,53.31782150268555,4909100
2021-04-13 00:00:00+00:00,53.14465633122286,53.77959216320394,52.89728388161298,53.507476806640625,6143400
2021-04-14 00:00:00+00:00,53.573442822573156,54.562945157281895,53.45800109322722,53.845558166503906,5654100
2021-04-15 00:00:00+00:00,53.350796534205905,54.73610346908161,53.350796534205905,54.23310470581055,5635000
2021-04-16 00:00:00+00:00,54.43925907690013,55.32156737075942,54.30732836016092,55.14016342163086,7715600
2021-04-19 00:00:00+00:00,54.9999789624653,55.247357707447236,54.08468641357609,54.38153839111328,7204100
2021-04-20 00:00:00+00:00,54.25784342068592,54.925757078239215,53.85379113967829,54.73609924316406,4989400
2021-04-21 00:00:00+00:00,54.86804140101938,55.173140976291805,54.73610440919281,55.074188232421875,5581000
2021-04-22 00:00:00+00:00,54.81857606664545,54.84331268339865,54.035214219877304,54.125919342041016,6488700
2021-04-23 00:00:00+00:00,54.010477017731816,54.175391988367714,53.49923054299595,53.993988037109375,5463300
2021-04-26 00:00:00+00:00,53.96924240440227,54.32381523535825,53.63116484433869,54.22486877441406,6868400
2021-04-27 00:00:00+00:00,54.37329846262352,54.42277169646735,53.28484328033829,53.32606887817383,7278300
2021-04-28 00:00:00+00:00,53.342564251795295,53.350805596716306,52.658155157171365,53.136417388916016,7861300
2021-04-29 00:00:00+00:00,53.29308428837719,53.29308428837719,52.22112438488443,52.64166259765625,9238800
2021-04-30 00:00:00+00:00,51.50372432362153,52.856047053263694,51.08318616571616,52.3365592956543,12993900
2021-05-03 00:00:00+00:00,52.70762238836629,54.34030812451289,52.58393617205594,54.257850646972656,9500200
2021-05-04 00:00:00+00:00,54.249608716909975,54.94225915041147,53.903283500159226,54.125919342041016,9933300
2021-05-05 00:00:00+00:00,54.20837170003735,55.24735354310286,54.026961472871676,54.84330749511719,6911200
2021-05-06 00:00:00+00:00,54.455748324940316,54.983483715728546,53.71361846567497,54.8680419921875,7478800
2021-05-07 00:00:00+00:00,54.81032113041698,55.69262932668187,54.67014279341744,54.8680419921875,5849300
2021-05-10 00:00:00+00:00,55.21435386649882,56.40176135538071,55.05768029752119,55.64314270019531,8646700
2021-05-11 00:00:00+00:00,55.30506736644584,56.13790226190791,55.06593630572498,55.42875671386719,6412000
2021-05-12 00:00:00+00:00,55.04120341233593,56.03070567634163,55.00821916472215,55.618412017822266,8286300
2021-05-13 00:00:00+00:00,55.86579840651839,56.88004371393969,55.6101783162614,56.822322845458984,7186800
2021-05-14 00:00:00+00:00,56.82231172710246,57.044947521650045,56.393522824201156,56.50896453857422,7079200
2021-05-17 00:00:00+00:00,56.46775058119283,57.432516374793906,56.44300767350061,56.954254150390625,6214100
2021-05-18 00:00:00+00:00,57.23460794728734,57.61391735323505,56.731609187180126,56.77283477783203,5885200
2021-05-19 00:00:00+00:00,56.24510656670246,56.54195853804211,55.70088214664822,56.48423767089844,6174100
2021-05-20 00:00:00+00:00,56.61617386008369,57.7046289756005,56.37704275933573,57.18513488769531,6540900
2021-05-21 00:00:00+00:00,57.53145642214497,57.811819391449575,56.657395847629,56.69038009643555,6478700
2021-05-24 00:00:00+00:00,56.97898816098715,57.09442989385942,55.56069682443914,55.6019287109375,7005100
2021-05-25 00:00:00+00:00,55.494735032048034,55.57719251456391,54.42276888603358,54.6124267578125,9357400
2021-05-26 00:00:00+00:00,54.57944166372079,54.752604261660814,54.05170623444572,54.71137237548828,5932600
2021-05-27 00:00:00+00:00,54.892781173153985,55.354548088916445,54.2660930081175,54.340309143066406,8047700
2021-05-28 00:00:00+00:00,54.46400409113623,54.99173956071407,54.25785722673542,54.51347732543945,5937700
2021-06-01 00:00:00+00:00,54.785585382100386,54.8762904936153,53.697130335023665,53.86204528808594,6573100
2021-06-02 00:00:00+00:00,54.08467410770891,54.7113621722643,54.04344852032718,54.44749450683594,6572700
2021-06-03 00:00:00+00:00,54.389784027984,54.91751945952093,54.24960568016069,54.818572998046875,6755400
2021-06-04 00:00:00+00:00,55.07419327749209,55.71737044380977,54.86804642720552,55.6019287109375,6342900
2021-06-07 00:00:00+00:00,55.75034347920923,56.03894775332992,55.338049861579286,55.59366989135742,7863300
2021-06-08 00:00:00+00:00,55.610163973067046,55.750342290207286,55.239095950453155,55.667884826660156,5489200
2021-06-09 00:00:00+00:00,55.71736201722779,57.0531956698529,55.67613013696526,56.60791778564453,8434200
2021-06-10 00:00:00+00:00,56.88828713896097,57.481991117103455,56.45950442758198,57.13566589355469,8678400
2021-06-11 00:00:00+00:00,57.01196679115889,57.10267189963057,56.60792076594082,56.70686721801758,6928000
2021-06-14 00:00:00+00:00,56.66521053421991,56.93183087694213,56.215287513989225,56.781856536865234,5319500
2021-06-15 00:00:00+00:00,57.056814653325915,57.073475644873795,56.44024990162997,56.73186492919922,6454200
2021-06-16 00:00:00+00:00,56.84017072435861,57.773338600821006,55.9819868279422,56.0986328125,12938700
2021-06-17 00:00:00+00:00,56.090306188153946,56.22361953395942,55.398757509430986,56.006988525390625,7015500
2021-06-18 00:00:00+00:00,55.82368831340787,55.97366265568326,54.898847595498054,55.49874496459961,11464500
2021-06-21 00:00:00+00:00,55.81536194513576,56.29861337313241,55.63205924094867,56.11531066894531,5310400
2021-06-22 00:00:00+00:00,56.02365429635608,56.32360299328607,55.64038792955237,55.865352630615234,4796800
2021-06-23 00:00:00+00:00,55.998661844425904,56.03199018503885,55.45708743374476,55.53207778930664,4246800
2021-06-24 00:00:00+00:00,55.63205262982868,56.85684204704607,55.53207397159415,55.973663330078125,5054000
2021-06-25 00:00:00+00:00,55.940337811513295,56.656881229721776,55.72370677986795,56.5568962097168,8078100
2021-06-28 00:00:00+00:00,56.906832428823556,57.19011374305854,56.36525810585259,56.40691375732422,6580300
2021-06-29 00:00:00+00:00,56.381936893726085,56.68188564862142,56.2402961918955,56.598567962646484,4348100
2021-06-30 00:00:00+00:00,56.89849924401964,57.44007357163725,56.66520725224098,57.373416900634766,6010400
2021-07-01 00:00:00+00:00,57.281767564576434,57.806674564381666,56.998486238033045,57.5983772277832,5463800
2021-07-02 00:00:00+00:00,57.72335721986153,57.86499788391543,57.19011654376311,57.74002456665039,3969000
2021-07-06 00:00:00+00:00,57.47341477219982,57.54006510139153,56.64022526835467,56.998497009277344,6169600
2021-07-07 00:00:00+00:00,56.99014595975389,57.01514062017208,56.490233681201474,56.956817626953125,6092500
2021-07-08 00:00:00+00:00,56.706877590933665,56.92350864943332,56.17363679826656,56.39860153198242,4982600
2021-07-09 00:00:00+00:00,56.315266075600775,56.99848745671265,56.19862007315006,56.840179443359375,6419600
2021-07-12 00:00:00+00:00,56.848508039746115,57.54005031916219,56.44857438368289,56.71519470214844,7322400
2021-07-13 00:00:00+00:00,56.51523257869709,57.09012888160539,56.51523257869709,56.66520690917969,4518400
2021-07-14 00:00:00+00:00,56.71521399435778,56.748542340094154,56.181973176039854,56.598567962646484,5949800
2021-07-15 00:00:00+00:00,56.54023589042931,56.981825276423415,56.13197484483318,56.90684127807617,6126700
2021-07-16 00:00:00+00:00,56.98182571101133,57.465077115371315,56.94849737035916,57.18178939819336,5965500
2021-07-19 00:00:00+00:00,57.16511656299546,57.54838286599536,56.381916611757134,56.848506927490234,6054400
2021-07-20 00:00:00+00:00,56.92348508595372,58.13160686620302,56.88182308385035,57.62336730957031,9332500
2021-07-21 00:00:00+00:00,57.448413747430045,57.50673675842995,56.665219936392994,56.998497009277344,5816400
2021-07-22 00:00:00+00:00,56.665218861437495,57.33176663783014,56.50691082455601,57.19845962524414,2901500
2021-07-23 00:00:00+00:00,57.39008311945834,57.77334947755115,57.19011944496005,57.50672912597656,3524200
2021-07-26 00:00:00+00:00,57.44007298696786,57.74002164669589,57.04847299472683,57.28176498413086,4314300
2021-07-27 00:00:00+00:00,57.09847797961936,57.53174009882706,56.89851427053288,57.43175506591797,5813000
2021-07-28 00:00:00+00:00,57.406760129981905,58.44824704686572,57.26511943490131,58.37325668334961,7097200
2021-07-29 00:00:00+00:00,58.531548086380084,58.65652775221655,58.13161442704937,58.181610107421875,7597500
2021-07-30 00:00:00+00:00,57.24011819590958,57.490077597722774,56.65688806732099,56.89851379394531,9619700
2021-08-02 00:00:00+00:00,56.940160283673166,57.19845331906562,56.51523826846769,56.94849395751953,4242800
2021-08-03 00:00:00+00:00,57.198446483160815,58.18993742354241,56.83184115850182,58.181610107421875,5128400
2021-08-04 00:00:00+00:00,57.898326482979236,58.31492116036349,57.515060142593356,57.69002914428711,6846300
2021-08-05 00:00:00+00:00,57.6900288830141,57.7650192301034,57.081804216556655,57.74002456665039,5532300
2021-08-06 00:00:00+00:00,57.6067075363355,57.69002519476226,57.21510754932683,57.306758880615234,3857900
2021-08-09 00:00:00+00:00,57.30675856416017,57.71501953790778,56.74852326338061,57.040138244628906,5160100
2021-08-10 00:00:00+00:00,56.87350713638294,57.71502380785331,56.615214113828095,57.69002914428711,5928200
2021-08-11 00:00:00+00:00,57.79835532774955,59.03147217302845,57.790021653236124,58.18994903564453,9529700
2021-08-12 00:00:00+00:00,58.53154674839563,59.156438706563556,58.10661843695712,59.056453704833984,5907000
2021-08-13 00:00:00+00:00,59.0564622185976,59.48139059129511,58.95648355918452,59.28976058959961,4361800
2021-08-16 00:00:00+00:00,59.38141095507794,59.86466237512563,59.198114610637184,59.748016357421875,8874400
2021-08-17 00:00:00+00:00,59.38140517214654,60.8978096113497,59.16478050706794,60.84782028198242,9000100
2021-08-18 00:00:00+00:00,60.506218344057885,61.10610939052429,59.90632094086064,59.9563102722168,8135300
2021-08-19 00:00:00+00:00,59.66469801373599,60.26459544477391,59.58138033869876,59.71468734741211,5209500
2021-08-20 00:00:00+00:00,59.71468372553535,60.731175826837244,59.52305372024576,60.35624313354492,5646500
2021-08-23 00:00:00+00:00,60.55621120791303,60.856159927008925,60.372908506606514,60.447898864746094,5356200
2021-08-24 00:00:00+00:00,60.51454287558628,60.56453856137165,59.89798450923144,60.197933197021484,4177200
2021-08-25 00:00:00+00:00,59.9479711592425,59.95630483262273,59.0897871462569,59.49805450439453,4988900
2021-08-26 00:00:00+00:00,59.60637226209,60.28958733671944,59.27309522054935,59.51472091674805,6566900
2021-08-27 00:00:00+00:00,59.414727022794175,60.36456231743795,59.28975371302254,59.389732360839844,5493100
2021-08-30 00:00:00+00:00,59.406403091720314,60.156268419998455,59.281423418097205,59.99796676635742,4494100
2021-08-31 00:00:00+00:00,60.14795143306927,60.681192199157515,59.856330025622675,60.639530181884766,7564600
2021-09-01 00:00:00+00:00,60.55621000900232,60.589538350101044,59.448066505211365,59.88132858276367,5970700
2021-09-02 00:00:00+00:00,59.99797862234046,60.30625467390048,59.498066185792396,60.272926330566406,6774200
2021-09-03 00:00:00+00:00,60.12295197128872,60.29792098776611,59.781341255739406,59.9563102722168,4174400
2021-09-07 00:00:00+00:00,59.223103144988826,59.406405827179135,58.598211104829424,59.314754486083984,6775400
2021-09-08 00:00:00+00:00,59.31474455003872,59.91464182517749,59.25642155699631,59.88964080810547,4510000
2021-09-09 00:00:00+00:00,59.68968502772448,59.72301336481256,58.8065063434466,58.83150100708008,7013600
2021-09-10 00:00:00+00:00,59.139793561965824,59.52305996951452,58.5315624294383,59.14812088012695,5089700
2021-09-13 00:00:00+00:00,59.35640946881303,59.90631750915288,59.0064714559043,59.28142547607422,11048100
2021-09-14 00:00:00+00:00,59.55913313098851,59.81161190090375,59.003688826297584,59.289825439453125,5490000
2021-09-15 00:00:00+00:00,59.3992452528291,61.006673983855876,59.264588175464105,60.39231872558594,7723700
2021-09-16 00:00:00+00:00,60.42598461886881,60.476477813836254,59.59280837708781,60.03043746948242,5306700
2021-09-17 00:00:00+00:00,59.609649299169725,60.392325998400636,59.28143065957002,60.26608657836914,10888000
2021-09-20 00:00:00+00:00,59.693800949004,60.52697076664864,59.188849738940675,59.71904754638672,9594900
2021-09-21 00:00:00+00:00,59.98836621105507,60.64480354576259,59.845297852629926,60.36708450317383,5896000
2021-09-22 00:00:00+00:00,60.653218714494976,60.74579386513509,59.820048779537856,60.0725212097168,6557000
2021-09-23 00:00:00+00:00,60.15668716638877,60.68688506663653,60.00520113477454,60.33341979980469,5263500
2021-09-24 00:00:00+00:00,60.28291470526431,60.48490034295766,59.90420287099548,59.912620544433594,5023400
2021-09-27 00:00:00+00:00,59.84529235234719,59.99677837111103,59.155190804823825,59.25618362426758,5560500
2021-09-28 00:00:00+00:00,58.9111261147508,59.58439869581209,58.633400693502786,58.88587951660156,6392300
2021-09-29 00:00:00+00:00,59.04577990359734,60.08934656727196,58.86904088481111,59.70221710205078,5436800
2021-09-30 00:00:00+00:00,59.92943713862798,60.23240911202092,58.74280226017417,58.78487777709961,6049400
2021-10-01 00:00:00+00:00,57.73289064372626,58.41458076004047,56.92496756217043,57.69922637939453,9343700
2021-10-04 00:00:00+00:00,57.396270106429625,58.09478933539968,56.63884642478404,56.8576545715332,7560200
2021-10-05 00:00:00+00:00,56.76507127833012,57.3373510046318,56.58833868325496,56.72299575805664,7236700
2021-10-06 00:00:00+00:00,56.71457895385878,56.983886686781936,56.28536754736154,56.79032516479492,6398600
2021-10-07 00:00:00+00:00,56.807156302715214,57.497257796523485,56.51260196160249,57.34577178955078,5349400
2021-10-08 00:00:00+00:00,57.270042419433594,57.57301448851895,57.07647443387185,57.270042419433594,4259000
2021-10-11 00:00:00+00:00,57.42151986992414,57.60666373263947,57.10171249991807,57.29528045654297,3315600
2021-10-12 00:00:00+00:00,57.38785155922192,57.514084542915256,56.63042155304774,56.697750091552734,8856000
2021-10-13 00:00:00+00:00,56.874485603589676,57.19428654666974,56.55467823970645,56.916561126708984,4760700
2021-10-14 00:00:00+00:00,57.40467638689549,57.84230543514479,57.227943801534096,57.354183197021484,7165600
2021-10-15 00:00:00+00:00,57.48042963957562,57.73290204070099,56.891314528676766,56.916561126708984,4327100
2021-10-18 00:00:00+00:00,56.80715967720368,56.874488222258385,55.3596280625449,55.46062088012695,7576400
2021-10-19 00:00:00+00:00,55.5447741100551,56.3779439238811,55.4269523756071,56.30220413208008,5889700
2021-10-20 00:00:00+00:00,56.31062137103378,56.64725122640489,56.218046234565854,56.26853942871094,4878200
2021-10-21 00:00:00+00:00,56.46209095113144,56.54625482086738,55.98238642932472,56.377933502197266,5013700
2021-10-22 00:00:00+00:00,56.487354370273984,56.613587356528186,55.9739854901637,56.588340759277344,4501200
2021-10-25 00:00:00+00:00,56.58835052124253,57.2027123171417,56.17597437980022,56.950233459472656,6069800
2021-10-26 00:00:00+00:00,57.20270016854004,57.55616535756517,56.97546796073623,57.0007209777832,4948700
2021-10-27 00:00:00+00:00,57.194282101232155,57.202699773523015,56.04972266017608,56.19279098510742,4887700
2021-10-28 00:00:00+00:00,56.133888888750214,56.9418186140018,56.10864228873679,56.67250442504883,5884800
2021-10-29 00:00:00+00:00,55.460618601922704,55.460618601922704,53.91209423329196,54.602195739746094,14181100
2021-11-01 00:00:00+00:00,54.55170073203691,55.494281030374694,54.43387899734506,55.24180221557617,7254000
2021-11-02 00:00:00+00:00,55.3091348641556,55.612106896098304,54.40021876832751,55.46062088012695,8954500
2021-11-03 00:00:00+00:00,55.50268769853692,56.85764395639582,55.14922252365262,56.73141098022461,8654100
2021-11-04 00:00:00+00:00,56.48735219021294,56.51259878648942,55.519525334530755,55.9403190612793,6522900
2021-11-05 00:00:00+00:00,55.469039352095265,56.27696264197367,55.342799933500984,55.8140869140625,6519100
2021-11-08 00:00:00+00:00,55.519527435302734,55.8982392353852,55.13239796254203,55.519527435302734,5217800
2021-11-09 00:00:00+00:00,55.62052088613428,56.26012925402699,55.45220593601693,55.6710205078125,5401500
2021-11-10 00:00:00+00:00,56.01606186906177,57.13537478353025,56.01606186906177,56.655670166015625,6888100
2021-11-11 00:00:00+00:00,56.38636614870587,56.79874225256546,56.1759692600913,56.74824905395508,3513600
2021-11-12 00:00:00+00:00,56.94181116586437,57.03437988020414,56.55467528028469,56.79032516479492,8214800
2021-11-15 00:00:00+00:00,56.78191593107902,57.08488797824488,56.39478640876793,56.554683685302734,4911000
2021-11-16 00:00:00+00:00,56.714582671487655,57.2531981726401,56.23487804012367,56.29378890991211,6474200
2021-11-17 00:00:00+00:00,56.29378629666637,56.84923711814675,55.973985364203784,56.77349090576172,7771200
2021-11-18 00:00:00+00:00,56.840819255171894,57.463592193483585,56.68933325171198,57.05121612548828,8873600
2021-11-19 00:00:00+00:00,57.3878571946852,57.98538358578756,57.04280321656504,57.808650970458984,8628800
2021-11-22 00:00:00+00:00,57.81705977572701,59.21409813414806,57.185869138783254,58.88587951660156,8951100
2021-11-23 00:00:00+00:00,58.80173177582781,59.64331943096361,58.66707466902004,59.44133377075195,7100400
2021-11-24 00:00:00+00:00,59.5338937827992,59.777954911203075,58.49874482594418,58.97003173828125,6737500
2021-11-26 00:00:00+00:00,58.658643033311584,59.53389475683084,58.658643033311584,59.13834762573242,5659500
2021-11-29 00:00:00+00:00,59.247759716261186,60.0220186547789,59.0878560408358,59.45815658569336,8902200
2021-11-30 00:00:00+00:00,59.3066888916772,59.66857187565101,57.766581790988305,58.010643005371094,15465500
2021-12-01 00:00:00+00:00,58.094800494963984,58.927970557301876,57.77499946618906,58.010643005371094,8518300
2021-12-02 00:00:00+00:00,58.212613785297,59.15519422553364,57.92647707819892,58.63340759277344,9411700
2021-12-03 00:00:00+00:00,58.91112928643442,59.29825879410599,58.33043181452529,58.540828704833984,8328200
2021-12-06 00:00:00+00:00,58.45667309780637,59.584403804656645,58.42300882378657,58.49033737182617,7049400
2021-12-07 00:00:00+00:00,58.57447232870576,58.82695107639207,57.99378148230928,58.616554260253906,6438000
2021-12-08 00:00:00+00:00,58.8353821959183,59.31508678953594,57.99379473898892,58.66706085205078,6386900
2021-12-09 00:00:00+00:00,58.81854318909027,59.52547994771453,58.271510091983885,59.163597106933594,5829300
2021-12-10 00:00:00+00:00,59.06261393969781,59.70222226928363,58.57449162446644,59.121524810791016,5352500
2021-12-13 00:00:00+00:00,59.012112030846886,59.651713845215276,58.57448297806594,59.42448806762695,6883600
2021-12-14 00:00:00+00:00,59.39899312895392,60.18961971497854,59.30547766821819,59.951576232910156,7244900
2021-12-15 00:00:00+00:00,59.97708738193584,60.71670142741124,59.458503989625434,60.53817367553711,8040300
2021-12-16 00:00:00+00:00,60.657182857879654,61.9153865883865,60.410642718590445,61.47331237792969,10530000
2021-12-17 00:00:00+00:00,61.396801207742115,61.79636602395862,60.91222411884608,61.38829803466797,12226000
2021-12-20 00:00:00+00:00,61.20978718548093,61.65185501685953,60.74220982784953,61.609352111816406,7616900
2021-12-21 00:00:00+00:00,61.609350763534394,61.711362922223366,60.89523322260013,61.073760986328125,8786700
2021-12-22 00:00:00+00:00,60.861207697845636,61.60082804378775,60.07058777476232,61.57532501220703,6015400
2021-12-23 00:00:00+00:00,61.69436037301148,61.906894342394324,61.362807899656,61.61785125732422,5096300
2021-12-27 00:00:00+00:00,61.447814546365805,61.957894728830546,61.14176513968267,61.949398040771484,4298800
2021-12-28 00:00:00+00:00,61.94940771740807,62.3914755483238,61.88139528618336,62.034420013427734,3802600
2021-12-29 00:00:00+00:00,62.05990613275271,62.68050804792933,61.72835372845938,62.6039924621582,5893900
2021-12-30 00:00:00+00:00,62.62101780819516,63.0120795707312,62.2809621276352,62.36597442626953,3238700
2021-12-31 00:00:00+00:00,62.272453296884,62.46798740340651,61.59234199752628,61.72836685180664,5736800
2022-01-03 00:00:00+00:00,61.4393228576925,61.79638488958594,60.87823649789877,61.7028694152832,6622500
2022-01-04 00:00:00+00:00,61.72835361140673,62.399961591810126,61.362795001466175,61.38829803466797,6784100
2022-01-05 00:00:00+00:00,61.58383771608783,62.1024210585579,61.18427286342846,61.36280059814453,7799500
2022-01-06 00:00:00+00:00,60.93774836983621,61.2863007549902,60.64869875885744,60.86123275756836,7368200
2022-01-07 00:00:00+00:00,60.682692995352554,60.99724558630547,60.21512218212277,60.58068084716797,7119600
2022-01-10 00:00:00+00:00,61.2012883570328,61.42232553143302,60.71671110017037,61.28630065917969,10362300
2022-01-11 00:00:00+00:00,61.33729922552382,61.69435470463605,60.759206622475794,61.524330139160156,8932000
2022-01-12 00:00:00+00:00,61.175762123115696,61.65183602347583,60.920725313360094,61.42230224609375,7206200
2022-01-13 00:00:00+00:00,61.20127302309759,61.600837877702446,60.74219892329762,61.107757568359375,6711300
2022-01-14 00:00:00+00:00,61.26927592444153,61.32878516039231,60.495655857081424,61.01423263549805,8344800
2022-01-18 00:00:00+00:00,60.71668974189142,60.80170201413358,59.56900785157071,59.875057220458984,8986600
2022-01-19 00:00:00+00:00,59.747543243819216,60.06209582614302,58.66787362701399,58.71887969970703,8217700
2022-01-20 00:00:00+00:00,58.718870204213964,58.92290094801354,57.61369124376047,57.64769744873047,8639700
2022-01-21 00:00:00+00:00,57.91125303779963,58.718879453486345,57.54569438431565,58.24280548095703,14843200
2022-01-24 00:00:00+00:00,58.26832020083419,58.9484250856724,56.77207907655378,58.2938232421875,12909000
2022-01-25 00:00:00+00:00,57.85174813713094,58.973927218122,57.71572328560625,58.52334976196289,9239400
2022-01-26 00:00:00+00:00,57.2226468319308,58.28531673438694,56.92510055644755,57.24814987182617,11280400
2022-01-27 00:00:00+00:00,57.307661768015095,58.395834637358064,57.146133878151964,57.188636779785156,9323200
2022-01-28 00:00:00+00:00,57.273647606127945,58.54885122653377,56.97609490588311,58.540348052978516,11514100
2022-01-31 00:00:00+00:00,58.353307640115965,58.531835339552735,57.9707492107543,58.38731384277344,9252700
2022-02-01 00:00:00+00:00,58.4808444754645,58.4893476498435,57.73272728065348,58.20880126953125,10463700
2022-02-02 00:00:00+00:00,55.68389703957004,56.11746813031535,54.42569315337602,55.95594024658203,18365000
2022-02-03 00:00:00+00:00,55.75190185461024,56.43200653631848,55.31833082303247,55.59037399291992,12479500
2022-02-04 00:00:00+00:00,55.21631960828703,55.77741236982653,54.298174597517765,54.32368087768555,12392800
2022-02-07 00:00:00+00:00,54.40019642939608,54.5957272927831,53.79659748944979,54.20466232299805,14361400
2022-02-08 00:00:00+00:00,54.26417457789686,54.697739205169825,53.96662507518225,54.153656005859375,12044800
2022-02-09 00:00:00+00:00,54.31517487984835,54.39168723035271,53.81359463609989,53.88160705566406,13164800
2022-02-10 00:00:00+00:00,53.65207486281742,53.65207486281742,52.461883356747414,52.5298957824707,14978000
2022-02-11 00:00:00+00:00,52.74242985365402,53.45654411011976,52.504389606158135,52.7679328918457,13195400
2022-02-14 00:00:00+00:00,52.784934027653094,52.83594334514305,51.705261130030294,51.95180130004883,11343500
2022-02-15 00:00:00+00:00,51.96030110301704,52.30035673275449,51.83278267412362,52.138832092285156,10515300
2022-02-16 00:00:00+00:00,52.02831731209921,52.920959351351115,51.99431109804878,52.6234130859375,21855900
2022-02-17 00:00:00+00:00,52.34286488500663,52.4533834553654,51.7902752762237,52.104827880859375,13338200
2022-02-18 00:00:00+00:00,52.198344487619785,52.419378390165754,51.84128573057043,51.900794982910156,11930700
2022-02-22 00:00:00+00:00,51.76477334645067,52.10482899652308,51.59474552141446,51.841285705566406,10781500
2022-02-23 00:00:00+00:00,51.83278490316681,52.393874446255396,51.68826011925939,52.15583419799805,9674400
2022-02-24 00:00:00+00:00,51.6117418636105,52.08781906271155,51.067655489215355,51.526729583740234,14849900
2022-02-25 00:00:00+00:00,51.76476959598548,52.43637767256304,51.6712541368404,51.96030044555664,13133000
2022-02-28 00:00:00+00:00,51.22068389436118,51.40771481522439,50.31103881327149,51.34820556640625,13490600
2022-03-01 00:00:00+00:00,50.95713619903423,51.73926278325085,50.89762695537771,51.22917938232422,10694900
2022-03-02 00:00:00+00:00,51.382209437062734,52.29185453412194,51.17817864982171,52.062320709228516,14342200
2022-03-03 00:00:00+00:00,52.31735820006935,52.708419891912584,52.15583032164792,52.46187973022461,13023100
2022-03-04 00:00:00+00:00,51.92629635713759,52.90395058390101,51.85828393631367,52.58940124511719,9383400
2022-03-07 00:00:00+00:00,50.13250671850359,52.92095096873119,50.072997474847064,51.22917938232422,18455200
2022-03-08 00:00:00+00:00,51.203684734557484,51.56074349799385,50.19202418367479,50.61709213256836,13889700
2022-03-09 00:00:00+00:00,51.016640364467676,51.26318048822429,50.0899923501844,50.15800476074219,13682000
2022-03-10 00:00:00+00:00,49.80945316718638,49.902968617526014,48.729780387556076,49.23986053466797,13243700
2022-03-11 00:00:00+00:00,49.57141985339695,50.31953702526516,49.27387037646258,49.30787658691406,13007600
2022-03-14 00:00:00+00:00,49.8588979197127,50.59072294587024,49.67809455339353,50.06553268432617,12539100
2022-03-15 00:00:00+00:00,50.30660627189032,50.61655679162345,49.64365727898297,50.21189880371094,10794600
2022-03-16 00:00:00+00:00,50.51323081247026,50.51323081247026,49.23899251670524,49.910552978515625,13871600
2022-03-17 00:00:00+00:00,50.03970334855826,51.09869876052484,49.68670487790274,50.96955490112305,12472000
2022-03-18 00:00:00+00:00,50.986774253557655,51.2708933690138,50.34965338646031,51.158966064453125,18199300
2022-03-21 00:00:00+00:00,51.09009354286231,52.1060410625289,51.02982574799637,51.365604400634766,8060600
2022-03-22 00:00:00+00:00,51.62389344275495,51.761648866367004,51.05565190981169,51.64111328125,8847700
2022-03-23 00:00:00+00:00,51.65833612818524,51.916627151956455,50.62516874875182,50.668216705322266,9088900
2022-03-24 00:00:00+00:00,50.771532570685864,51.262286470499056,50.599337470812316,50.91789627075195,7939900
2022-03-25 00:00:00+00:00,50.95233823832151,51.17618957917723,50.62516786228761,50.71987533569336,9333400
2022-03-28 00:00:00+00:00,50.754315944497755,51.11592272120475,50.52185303760817,50.95233917236328,10549200
2022-03-29 00:00:00+00:00,51.400041683930134,52.14047831132322,51.31394249217028,52.114646911621094,8051100
2022-03-30 00:00:00+00:00,52.01994186675721,52.29545600887815,51.150361337728256,51.365604400634766,8614000
2022-03-31 00:00:00+00:00,51.632508991433006,51.67555694882078,51.15897160712164,51.1848030090332,8226300
2022-04-01 00:00:00+00:00,51.17617954287095,51.39142256409082,50.4357463087268,51.374202728271484,8551000
2022-04-04 00:00:00+00:00,51.38282304575289,52.39015898025955,51.00399644620609,52.23518371582031,9040600
2022-04-05 00:00:00+00:00,51.95967438655602,52.682891213675575,51.39143282841554,51.443092346191406,7067200
2022-04-06 00:00:00+00:00,51.64971376726259,52.53651391133408,51.58083442805239,52.36431884765625,7155300
2022-04-07 00:00:00+00:00,52.347109589629575,52.9928387456308,52.10603842238058,52.51069641113281,9370100
2022-04-08 00:00:00+00:00,52.760376815902035,54.086274828607394,52.71732886158789,53.63856887817383,10653600
2022-04-11 00:00:00+00:00,54.08628037964491,54.2929151796481,53.24252790796693,53.28557586669922,8094200
2022-04-12 00:00:00+00:00,53.70745486394215,53.78494250501455,52.70011553000094,53.06172561645508,7750400
2022-04-13 00:00:00+00:00,53.05311207305288,53.47498994410606,52.76899292262822,53.431941986083984,6879600
2022-04-14 00:00:00+00:00,53.44054671004732,53.69022944805912,52.94979279566465,53.225303649902344,9750000
2022-04-18 00:00:00+00:00,53.12198104964836,53.561075390601964,52.83785867041225,53.0186653137207,5981200
2022-04-19 00:00:00+00:00,53.03589038239727,54.24125287104889,53.01867382726811,54.05183792114258,6178900
2022-04-20 00:00:00+00:00,54.24124577939126,55.23997663243044,54.224025942164914,54.75782775878906,7638800
2022-04-21 00:00:00+00:00,54.71477924856179,55.34328852133168,54.38760891330209,54.8869743347168,6673900
2022-04-22 00:00:00+00:00,54.9128064485379,54.981685801757024,53.52664066631212,53.59552001953125,7662000
2022-04-25 00:00:00+00:00,53.79353629474059,54.01739087947964,52.80342035254217,53.939903259277344,7457900
2022-04-26 00:00:00+00:00,53.724675920435736,54.12933069132766,53.165042579543105,53.1822624206543,6926400
2022-04-27 00:00:00+00:00,53.199470173083824,53.423321487965126,52.665665072981746,53.02727508544922,7863200
2022-04-28 00:00:00+00:00,52.89813817119943,53.07033329211073,52.18353285328834,53.00145721435547,10787500
2022-04-29 00:00:00+00:00,53.00144712876735,53.431933206954504,51.02982010242665,51.090087890625,10455800
2022-05-02 00:00:00+00:00,51.27089502213662,52.028551495029156,50.92650810489338,51.925235748291016,9474000
2022-05-03 00:00:00+00:00,52.183526460883755,52.37294139911802,51.33977408456041,51.94245529174805,10384400
2022-05-04 00:00:00+00:00,52.21796343406692,53.64717710516197,51.89079308978785,53.449153900146484,8087800
2022-05-05 00:00:00+00:00,53.165034580371476,53.707447998541795,52.27823424484016,52.82064437866211,8767300
2022-05-06 00:00:00+00:00,52.63123411870698,52.86369701837033,51.9941132139613,52.67428207397461,7468200
2022-05-09 00:00:00+00:00,52.34711037172435,53.71605633427369,52.28684257901167,53.104766845703125,9294000
2022-05-10 00:00:00+00:00,53.276963758611906,53.8452053123339,53.00145290131327,53.19086456298828,9721600
2022-05-11 00:00:00+00:00,51.925233182534676,53.010056680552175,51.90801334487113,52.14047622680664,10224000
2022-05-12 00:00:00+00:00,52.26101895026037,53.8107684240019,52.200751152373385,53.793548583984375,9727900
2022-05-13 00:00:00+00:00,53.896860499843704,53.90547206141326,53.001451873166936,53.69883728027344,9515200
2022-05-16 00:00:00+00:00,53.69883426713932,54.017396340369324,53.328615964784184,53.586910247802734,6157500
2022-05-17 00:00:00+00:00,53.74188801972595,54.43066846964908,53.208086126949254,54.3962287902832,5607700
2022-05-18 00:00:00+00:00,54.36178089947533,55.04194968464201,53.97434277600392,54.430660247802734,9583900
2022-05-19 00:00:00+00:00,54.31873005062859,54.74060782575332,54.077658913041844,54.47370529174805,8833600
2022-05-20 00:00:00+00:00,54.5598043180981,55.01612179172607,54.008782666662476,54.96446228027344,6814600
2022-05-23 00:00:00+00:00,55.437999516690056,55.81682938724824,54.74922241251377,54.80949020385742,7256800
2022-05-24 00:00:00+00:00,55.05056595257331,55.45522725621842,54.61147153846211,55.403564453125,8263200
2022-05-25 00:00:00+00:00,55.48965666508482,56.126780834057655,55.11083335695409,55.971805572509766,7112400
2022-05-26 00:00:00+00:00,56.100954665196944,56.3592423976078,55.49827015217774,55.50688171386719,5730800
2022-05-27 00:00:00+00:00,55.472438292169535,55.82543347325107,55.01612408387813,55.79100036621094,6436000
2022-05-31 00:00:00+00:00,55.53271025041238,55.98902449295138,54.81810170481127,55.834049224853516,13781900
2022-06-01 00:00:00+00:00,56.195657186128464,56.25592498229501,55.33468491592232,55.76517105102539,5797700
2022-06-02 00:00:00+00:00,55.653249994561776,55.72212935634627,53.647186205645056,54.63730239868164,7860000
2022-06-03 00:00:00+00:00,54.628692626953125,55.20554577090514,54.44788923373553,54.628692626953125,5228700
2022-06-06 00:00:00+00:00,53.87964623217197,54.25847284860006,53.07894175833769,53.40610885620117,7865800
2022-06-07 00:00:00+00:00,53.12199036731261,53.88825517151366,52.93257541459825,53.84520721435547,6841000
2022-06-08 00:00:00+00:00,53.586911468832504,54.23264062239596,53.47498416259731,53.70744705200195,7248200
2022-06-09 00:00:00+00:00,53.60413038827956,53.95712887643165,52.64845395768372,52.67428207397461,5242200
2022-06-10 00:00:00+00:00,52.157704308580534,52.674286382745564,51.92524138990165,52.29545974731445,8155600
2022-06-13 00:00:00+00:00,51.70999447262592,52.02855328523273,50.71126679486397,50.926509857177734,9646100
2022-06-14 00:00:00+00:00,50.882917573651355,52.1643627049677,49.83684011902915,50.377315521240234,10073800
2022-06-15 00:00:00+00:00,50.551658422252785,51.40595400216636,50.307571595571545,50.90034866333008,6498100
2022-06-16 00:00:00+00:00,50.26399439687258,50.68242475353779,49.862999054075374,50.31629943847656,9482200
2022-06-17 00:00:00+00:00,50.011184883822175,51.24904409702628,49.94144816322122,51.02239227294922,13726500
2022-06-21 00:00:00+00:00,51.658757391532184,52.8094449208223,51.35365299102365,52.74842071533203,9173000
2022-06-22 00:00:00+00:00,52.41716560131795,54.09088687502669,52.38229557676854,53.62015151977539,9045300
2022-06-23 00:00:00+00:00,53.951409755623786,54.61392691625212,53.82936799587345,54.55290603637695,6992900
2022-06-24 00:00:00+00:00,54.75340566135156,55.03235921523047,53.91654167432614,54.988773345947266,9207500
2022-06-27 00:00:00+00:00,54.85801142816403,55.381048500952815,54.59649289176965,54.77083969116211,6586900
2022-06-28 00:00:00+00:00,54.77084503122198,55.34618719753991,54.16063283654806,54.230369567871094,6165300
2022-06-29 00:00:00+00:00,54.31753995481243,54.89288207151706,53.97756219574223,54.46573257446289,5800400
2022-06-30 00:00:00+00:00,54.00371748605316,54.40471280963297,53.42837535753774,53.881675720214844,6411900
2022-07-01 00:00:00+00:00,53.58528616992165,54.422146827848636,53.41093936817304,54.36112594604492,5207600
2022-07-05 00:00:00+00:00,53.96012867520139,54.45701488068365,53.48939332514813,54.34368896484375,5215900
2022-07-06 00:00:00+00:00,54.587779128514214,54.814430987785705,54.18678377797411,54.68367004394531,5888200
2022-07-07 00:00:00+00:00,54.58777839084814,54.93647201945121,54.352410690349416,54.67495346069336,6242600
2022-07-08 00:00:00+00:00,54.53548034260176,55.093387525582585,54.396003546856555,54.779563903808594,4161900
2022-07-11 00:00:00+00:00,54.73597225556153,54.95390493376454,54.50932040801269,54.62264633178711,3478600
2022-07-12 00:00:00+00:00,54.47444989276583,54.74468426656829,54.056016253570576,54.34368896484375,6098300
2022-07-13 00:00:00+00:00,53.97755646251745,54.68365943658795,53.69860294013144,54.44829177856445,6162900
2022-07-14 00:00:00+00:00,53.89911073324728,53.9688474599883,53.410940344505306,53.881675720214844,4969500
2022-07-15 00:00:00+00:00,54.16062804480764,54.587774215516326,53.76834857398125,54.57033920288086,5908900
2022-07-18 00:00:00+00:00,54.640077474499584,54.640077474499584,52.861746148243036,53.08839797973633,5608300
2022-07-19 00:00:00+00:00,53.75091356007142,54.282669806580294,53.419654970782695,54.15190887451172,6080600
2022-07-20 00:00:00+00:00,54.20421291653422,54.20421291653422,53.02737785109333,53.65502166748047,5378500
2022-07-21 00:00:00+00:00,53.52426962699417,53.78578818812244,52.95764330672549,53.18429183959961,6007700
2022-07-22 00:00:00+00:00,53.41094284448724,53.87295907261159,52.809449830963715,53.00122833251953,4588800
2022-07-25 00:00:00+00:00,53.376068106134575,53.39350311844437,52.60894419144649,52.957637786865234,4990000
2022-07-26 00:00:00+00:00,52.9140546280052,53.393505852212634,52.58279602793569,52.84431457519531,5597200
2022-07-27 00:00:00+00:00,52.63509764213828,53.49810912447054,52.03360136465791,53.08839797973633,7935600
2022-07-28 00:00:00+00:00,53.17556771093791,53.27145861100339,51.972578526696466,52.652530670166016,6815000
2022-07-29 00:00:00+00:00,52.591512361868716,52.7658558337166,51.876690160660424,52.085906982421875,10063700
2022-08-01 00:00:00+00:00,52.10334273318826,52.460752176163986,51.66747739661355,51.95514678955078,6742400
2022-08-02 00:00:00+00:00,52.0771902696679,52.582792315286234,51.6849108137813,51.9028434753418,5981600
2022-08-03 00:00:00+00:00,53.06225226052211,55.485666118184476,52.86175457785243,54.282676696777344,10066700
2022-08-04 00:00:00+00:00,54.16933919257846,54.910312201103146,53.89910483362652,53.968841552734375,5520500
2022-08-05 00:00:00+00:00,53.86424433063913,53.907830203457884,52.84431761465782,53.254032135009766,6039600
2022-08-08 00:00:00+00:00,53.175571322145615,53.79449930501502,53.0099436905772,53.6986083984375,5857600
2022-08-09 00:00:00+00:00,53.68117695609708,54.09088811508545,53.506830154741635,54.04730224609375,5153400
2022-08-10 00:00:00+00:00,54.474449916786675,55.08465871298939,54.14319133785625,55.041072845458984,8275000
2022-08-11 00:00:00+00:00,54.72725222621231,55.276443497762564,54.36984277259138,54.43958282470703,5216500
2022-08-12 00:00:00+00:00,54.66623023248211,54.910317084538306,54.18677902279,54.88416290283203,3997800
2022-08-15 00:00:00+00:00,55.6600003038095,57.79574437263457,55.49437267854602,57.71728515625,12381000
2022-08-16 00:00:00+00:00,57.67370298508074,57.900348165476885,57.229118491450215,57.821895599365234,7067800
2022-08-17 00:00:00+00:00,57.5080798970836,58.318789778313324,57.37731895157339,57.55166244506836,6515300
2022-08-18 00:00:00+00:00,57.49934959138868,57.53421961349005,56.40968634113318,56.819400787353516,5178100
2022-08-19 00:00:00+00:00,56.67992022507714,57.359875674204226,56.59274849594083,56.9588737487793,5258900
2022-08-22 00:00:00+00:00,56.845553443748145,56.880423466955214,55.99126115289407,56.104583740234375,5224800
2022-08-23 00:00:00+00:00,56.104591290167406,56.113310459836725,55.32875145904266,55.51181411743164,4723700
2022-08-24 00:00:00+00:00,55.529239402711454,55.62513029994061,55.093374106497684,55.45949935913086,3808000
2022-08-25 00:00:00+00:00,55.65999810474875,55.72973814971814,55.07594019237784,55.433349609375,3784700
2022-08-26 00:00:00+00:00,55.43335115226511,55.45950200716231,54.35240370287199,54.36983871459961,5501300
2022-08-29 00:00:00+00:00,54.160629267021854,54.79699227832796,53.59400298244269,54.43958282470703,5220000
2022-08-30 00:00:00+00:00,54.49188539962191,54.64879719397332,53.86424154760502,54.48316955566406,5584600
2022-08-31 00:00:00+00:00,54.65751754783248,55.764615976242744,54.65751754783248,55.32875061035156,8341600
2022-09-01 00:00:00+00:00,55.276437690763885,56.66248948975969,55.19798180307022,56.618900299072266,6269600
2022-09-02 00:00:00+00:00,56.69736644776638,56.915299126309094,55.241574425898875,55.633853912353516,6737300
2022-09-06 00:00:00+00:00,55.59898092862682,55.65128596583516,54.744685273222274,55.25900650024414,7377500
2022-09-07 00:00:00+00:00,55.50309040342958,56.62762377069993,55.407202822640144,56.47943115234375,9626600
2022-09-08 00:00:00+00:00,57.019905332201404,57.22911882717017,56.392258196518036,56.749664306640625,8278400
2022-09-09 00:00:00+00:00,56.64506664604611,57.333728080812676,56.56660742071687,56.90658187866211,6497000
2022-09-12 00:00:00+00:00,59.65252509633846,60.04480120518808,58.824383688421854,59.286399841308594,18777900
2022-09-13 00:00:00+00:00,58.754647473320595,58.754647473320595,56.60147169148679,56.749664306640625,11799400
2022-09-14 00:00:00+00:00,56.784933748764935,57.71062722967496,56.784933748764935,57.463775634765625,9113200
2022-09-15 00:00:00+00:00,57.74590025681716,57.922220925899005,57.049422179399805,57.305091857910156,7088500
2022-09-16 00:00:00+00:00,57.37561910853705,58.12499199301565,57.13757882183558,57.83405685424805,11766000
2022-09-19 00:00:00+00:00,57.61365039399387,58.06327679740699,56.952437864469374,58.028011322021484,6162700
2022-09-20 00:00:00+00:00,57.66655801006198,57.728270916899895,56.326496709863854,56.934814453125,6958900
2022-09-21 00:00:00+00:00,56.934809880995736,57.772343081709984,55.94739672468057,55.982662200927734,8776600
2022-09-22 00:00:00+00:00,55.85042232423507,56.705591687079234,55.4801448865713,56.220703125,6111800
2022-09-23 00:00:00+00:00,55.973849831409886,56.23833418801465,54.92472372976614,55.41843032836914,7603800
2022-09-26 00:00:00+00:00,55.109853221513596,55.48894863568321,54.81010343735856,54.95998001098633,6141300
2022-09-27 00:00:00+00:00,55.039339868400745,56.00030236338122,54.90709599649189,55.21566390991211,7125900
2022-09-28 00:00:00+00:00,55.5418553379447,56.74967270878988,55.286185672895634,56.361759185791016,7567500
2022-09-29 00:00:00+00:00,56.27359965466999,56.61742965449876,55.10986243225569,55.60356903076172,8431200
2022-09-30 00:00:00+00:00,55.68291388860394,56.05319467303575,54.316408596438706,54.38693618774414,8794700
2022-10-03 00:00:00+00:00,55.01287560579057,55.16274880919942,54.17533918721661,54.942344665527344,8094100
2022-10-04 00:00:00+00:00,56.502807208122476,57.62246410718096,56.0708169380186,57.5783805847168,11966000
2022-10-05 00:00:00+00:00,57.05822874852615,58.16024952402704,56.75847559996538,57.701805114746094,5802300
2022-10-06 00:00:00+00:00,57.208106737656635,57.62246766004405,56.961255139519864,57.26100158691406,5622300
2022-10-07 00:00:00+00:00,56.987702681902306,57.39324555485093,56.388203059673565,56.67913818359375,6723200
2022-10-10 00:00:00+00:00,56.925988382020286,57.17283997459528,56.52044551904689,56.829010009765625,4328500
2022-10-11 00:00:00+00:00,56.86427728475801,58.22196781311968,56.84664791024495,57.89576721191406,7154500
2022-10-12 00:00:00+00:00,58.05445336247779,58.51289777376713,57.57837957823165,57.64891052246094,6406000
2022-10-13 00:00:00+00:00,56.829020950865186,59.02424500884775,56.511638348963764,58.592254638671875,7690100
2022-10-14 00:00:00+00:00,58.74212126446544,59.068321881362394,58.204334512225536,58.336578369140625,7892200
2022-10-17 00:00:00+00:00,58.92724844341395,59.00659743251764,58.133798909581074,58.521705627441406,5799600
2022-10-18 00:00:00+00:00,58.66277353573933,59.138847340680925,58.57461321472081,58.95370864868164,6802300
2022-10-19 00:00:00+00:00,58.93606955533493,59.041865970904446,58.05445293752528,58.35420608520508,7058600
2022-10-20 00:00:00+00:00,58.327762603759766,58.66277451973004,57.92221301310961,58.327762603759766,6384200
2022-10-21 00:00:00+00:00,58.345397502320616,59.89704488475904,58.28368459810897,59.764801025390625,7814600
2022-10-24 00:00:00+00:00,60.04690852969888,61.15774735429812,60.02927243062531,60.831546783447266,7133100
2022-10-25 00:00:00+00:00,60.6904888509387,61.45749778180147,60.37311303514186,61.36051940917969,6711800
2022-10-26 00:00:00+00:00,61.713174516529406,62.95625740322514,61.607378081639695,62.436100006103516,8763100
2022-10-27 00:00:00+00:00,62.46253655720222,62.82400260215137,61.83658956038397,61.88948440551758,8881200
2022-10-28 00:00:00+00:00,65.55700834852902,70.18549531739365,65.23080779786254,69.8857421875,27665700
2022-10-31 00:00:00+00:00,68.81899808964405,69.97392055120214,68.35174231049075,69.17164611816406,14674300
2022-11-01 00:00:00+00:00,68.9953306146723,70.13261706024517,68.46636189552733,69.94747161865234,10553100
2022-11-02 00:00:00+00:00,68.92479654863071,70.5293387358226,68.59859593554485,68.66030883789062,9785000
2022-11-03 00:00:00+00:00,68.17542711530481,70.15024681637627,68.02555387720523,70.05326843261719,8261100
2022-11-04 00:00:00+00:00,69.77113386574567,71.69305823133621,69.1099214472104,70.82907104492188,9103300
2022-11-07 00:00:00+00:00,70.1414321269741,71.90466576898915,70.09735532164525,71.8165054321289,8989300
2022-11-08 00:00:00+00:00,71.05830650652246,73.87948405496861,70.59986877023341,72.49534606933594,9344400
2022-11-09 00:00:00+00:00,72.73339070516941,73.65909109553452,72.45127357996716,72.57469940185547,10316500
2022-11-10 00:00:00+00:00,73.61500495033181,73.87949268853859,71.90466615598717,72.82154846191406,9397300
2022-11-11 00:00:00+00:00,71.77242125338054,72.27494252068104,70.59105133697118,72.13388061523438,11413200
2022-11-14 00:00:00+00:00,71.98400900134025,74.17923282607092,71.61373158053307,73.04194641113281,7665200
2022-11-15 00:00:00+00:00,73.29762779199659,73.73843623757087,72.27495569588984,73.17420196533203,7121000
2022-11-16 00:00:00+00:00,72.89206163154859,73.56209213892332,72.7686358441639,73.0683822631836,6280300
2022-11-17 00:00:00+00:00,72.77745749735931,73.90592573858449,72.7069265507324,73.72078704833984,5757500
2022-11-18 00:00:00+00:00,73.72959837201725,74.1086938023852,73.16536425140465,73.72078704833984,7276400
2022-11-21 00:00:00+00:00,73.84422159434578,75.08729772652637,73.73842516186575,74.36437225341797,6347900
2022-11-22 00:00:00+00:00,74.62885085264169,75.95127582914616,74.53187248293527,75.14019012451172,7357700
2022-11-23 00:00:00+00:00,74.99031854299601,75.76614558714849,74.94624174125225,75.30770111083984,4680500
2022-11-25 00:00:00+00:00,74.97267498415611,76.1804921236329,74.72582341724424,76.04824829101562,4028700
2022-11-28 00:00:00+00:00,76.6301223515105,77.75859065723519,75.00795084358165,75.12255859375,9253800
2022-11-29 00:00:00+00:00,75.37823016021639,75.70443077064648,74.68175213872631,75.60745239257812,6155600
2022-11-30 00:00:00+00:00,75.60746454464817,77.7145283227895,74.94625189310918,77.43241119384766,14657500
2022-12-01 00:00:00+00:00,77.75858342910804,78.43743199523735,77.3354112168985,77.49410247802734,8220500
2022-12-02 00:00:00+00:00,76.43617989568051,78.52561429784255,76.30394274621698,78.49034881591797,6730400
2022-12-05 00:00:00+00:00,77.44120371072079,78.55204257884215,77.11500985329084,77.56463623046875,6811400
2022-12-06 00:00:00+00:00,77.57345212471081,78.17295175420294,76.8240792693961,77.54700469970703,6760500
2022-12-07 00:00:00+00:00,77.6087190035935,78.06716346595536,77.0268554643826,77.39713287353516,8861700
2022-12-08 00:00:00+00:00,77.46767968142059,79.00169120917256,77.1943738676958,78.87826538085938,6392200
2022-12-09 00:00:00+00:00,78.70191424302571,78.70191424302571,77.39712538664716,77.55581665039062,8276300
2022-12-12 00:00:00+00:00,77.45003188579605,78.07597898524298,77.07975445674894,78.058349609375,5968400
2022-12-13 00:00:00+00:00,79.01930479515791,79.11628317319408,77.52937710080559,78.24348449707031,8462200
2022-12-14 00:00:00+00:00,78.22571080021041,79.37242942009733,77.79902212086249,78.58128356933594,8643500
2022-12-15 00:00:00+00:00,78.27015831172844,78.31460066820325,75.90560521091032,76.96343231201172,9898600
2022-12-16 00:00:00+00:00,76.75007326986419,77.4434431049027,76.27005791158533,77.12342834472656,28313000
2022-12-19 00:00:00+00:00,76.44784158403255,76.99897962766474,75.94115267272012,76.8211898803711,5834800
2022-12-20 00:00:00+00:00,74.34997496363667,75.7900414931482,72.72323427359352,75.35446166992188,10999000
2022-12-21 00:00:00+00:00,75.78116697709456,76.3678631380776,75.43448534814543,75.79894256591797,5320700
2022-12-22 00:00:00+00:00,75.78116403735255,75.97672941676042,74.99890930170812,75.80783081054688,4698800
2022-12-23 00:00:00+00:00,75.75447496027029,75.78114172561331,74.91888014226878,75.33667755126953,3955400
2022-12-27 00:00:00+00:00,75.78115864033622,75.97672400581622,75.28336082419551,75.56781768798828,3455900
2022-12-28 00:00:00+00:00,75.91448608267756,76.29672556276611,75.07000004053587,75.17667388916016,3285900
2022-12-29 00:00:00+00:00,75.47893066774257,76.06562001700352,75.21224937499586,75.79005432128906,3464100
2022-12-30 00:00:00+00:00,75.85227430126461,76.35007211576124,75.3633608891793,76.31451416015625,3831000
2023-01-03 00:00:00+00:00,75.63002824433705,76.58118134023944,75.40779614920112,75.90559387207031,6050600
2023-01-04 00:00:00+00:00,76.62562700226081,76.8923082407455,75.50558207739057,76.00337982177734,5713900
2023-01-05 00:00:00+00:00,75.56781743841132,76.81231875663944,75.55892625401343,76.31451416015625,5710700
2023-01-06 00:00:00+00:00,76.99009565273035,78.48349575988426,76.64341409053266,78.29682159423828,5939400
2023-01-09 00:00:00+00:00,78.02124929096053,78.13681433321756,75.51447126195973,75.64781188964844,5435700
2023-01-10 00:00:00+00:00,75.73670399082906,77.80790898258368,75.43447156215385,77.46122741699219,5034500
2023-01-11 00:00:00+00:00,77.44345917053776,77.51456830156211,76.46563232160211,77.50568389892578,5947100
2023-01-12 00:00:00+00:00,76.89229946494555,76.97229975816907,75.63002288175228,76.19893646240234,6013300
2023-01-13 00:00:00+00:00,76.03895214038651,76.71453976541459,75.85227795096827,76.6878662109375,5305700
2023-01-17 00:00:00+00:00,76.49229162484848,76.77674844191138,75.87892885787497,75.92337799072266,5959800
2023-01-18 00:00:00+00:00,75.57669297962659,75.67447565057886,74.31441622258835,74.4388656616211,6374800
2023-01-19 00:00:00+00:00,74.82110567279243,75.18556959100879,74.00329313014194,74.33219909667969,6922500
2023-01-20 00:00:00+00:00,74.26110150539195,74.49222485730276,73.34550606534475,73.78997039794922,16678600
2023-01-23 00:00:00+00:00,73.56773711653537,75.00779719187395,73.26549784831207,73.98553466796875,5673100
2023-01-24 00:00:00+00:00,74.1633100629385,74.74111498357627,72.98992463452974,74.68777465820312,4776400
2023-01-25 00:00:00+00:00,74.80333942297426,75.15891220214795,74.27886804774606,74.73222351074219,3892800
2023-01-26 00:00:00+00:00,74.4566485365619,74.50109088967079,73.43437946725587,74.33219909667969,3670900
2023-01-27 00:00:00+00:00,74.07440470297935,74.64331833260573,73.87883937117302,74.42997741699219,4108300
2023-01-30 00:00:00+00:00,74.24330982998622,74.52776669592538,73.18548946270539,74.09219360351562,7283000
2023-01-31 00:00:00+00:00,74.24330594440787,74.85666878467045,73.98552264544301,74.61666107177734,9621800
2023-02-01 00:00:00+00:00,74.6788740927919,75.25667888837468,73.51437331899069,74.66998291015625,6673600
2023-02-02 00:00:00+00:00,73.22103687455962,73.33659512839861,71.54096269235879,72.34988403320312,10933800
2023-02-03 00:00:00+00:00,75.25668798818545,77.31011059627312,74.33220155986396,75.11445617675781,12852400
2023-02-06 00:00:00+00:00,75.11446044120092,77.49678916197645,75.11446044120092,76.76786804199219,7611100
2023-02-07 00:00:00+00:00,76.98120088009263,77.06120796563148,75.89670710757864,76.49229431152344,7298600
2023-02-08 00:00:00+00:00,75.91449515803725,76.4745176707966,75.81671248060505,76.15450286865234,7376600
2023-02-09 00:00:00+00:00,76.29673344317109,76.99009657588024,75.67447943490397,76.0300521850586,6656800
2023-02-10 00:00:00+00:00,76.05671339202284,77.3012145355537,75.8078145197138,77.0700912475586,5522200
2023-02-13 00:00:00+00:00,77.07009978305263,78.06570216453714,76.79453411276101,77.77235412597656,5801700
2023-02-14 00:00:00+00:00,77.86122535498363,77.87900771862405,75.57667993008121,76.16337585449219,7206200
2023-02-15 00:00:00+00:00,75.79892158799407,75.79892158799407,75.06111617123682,75.60336303710938,5614900
2023-02-16 00:00:00+00:00,74.9455745960754,75.34559656996302,74.10998625135285,74.12776184082031,5760600
2023-02-17 00:00:00+00:00,74.32330440425113,75.7811464443161,74.02995640324178,75.34557342529297,6306200
2023-02-21 00:00:00+00:00,75.31891395109426,75.99449472054783,75.22113127462327,75.23890686035156,6085600
2023-02-22 00:00:00+00:00,75.23001933286822,75.33669319838107,73.81662622025212,74.22553253173828,4986800
2023-02-23 00:00:00+00:00,73.91440881246196,74.53665607223797,73.11437177704532,73.37216186523438,5344800
2023-02-24 00:00:00+00:00,73.1321421053242,73.1588156562423,71.4076254885171,71.70097351074219,6290000
2023-02-27 00:00:00+00:00,72.14544817384117,72.27878203777566,71.62986796000459,71.90543365478516,4930000
2023-02-28 00:00:00+00:00,71.83431762276153,71.94099149572294,71.04317171542856,71.58541870117188,5808900
2023-03-01 00:00:00+00:00,71.41650557611005,71.41650557611005,70.57202629500473,70.74980926513672,5269700
2023-03-02 00:00:00+00:00,70.67870658074226,71.02538815145084,70.4120253192805,70.7764892578125,3459400
2023-03-03 00:00:00+00:00,70.94537042268699,72.16320472051419,70.74980509786954,72.06542205810547,4915300
2023-03-06 00:00:00+00:00,72.10099029541016,72.30544004999643,71.5943013278889,72.10099029541016,4500400
2023-03-07 00:00:00+00:00,72.26989297609806,72.26989297609806,71.06094961978646,71.3631820678711,6112600
2023-03-08 00:00:00+00:00,71.55874976479204,71.85209782007608,70.95427806692798,71.29206848144531,3859700
2023-03-09 00:00:00+00:00,71.62097493449193,71.7365332075944,69.59421887092968,70.180908203125,7500000
2023-03-10 00:00:00+00:00,70.24314157020758,71.38986038550172,70.13647446868379,70.66983032226562,6203800
2023-03-13 00:00:00+00:00,69.84310839073629,72.24321250481532,69.84310839073629,70.67870330810547,6845700
2023-03-14 00:00:00+00:00,70.92099099846087,71.7107014797534,70.28384258068824,71.5850601196289,5499100
2023-03-15 00:00:00+00:00,70.98382493720202,71.69276662834969,70.45436605515007,71.4773941040039,4875400
2023-03-16 00:00:00+00:00,71.05561599276623,71.76455766328017,70.37359503119087,71.65686798095703,7274500
2023-03-17 00:00:00+00:00,71.5761052986444,71.5761052986444,68.67752136937146,69.37748718261719,16828100
2023-03-20 00:00:00+00:00,69.73643126023711,71.50429712471629,69.66463815435928,71.30686950683594,4672600
2023-03-21 00:00:00+00:00,71.36968957279892,71.8363379328103,70.31974103262482,71.01970672607422,4744800
2023-03-22 00:00:00+00:00,70.98381783256201,71.23508689357787,69.78131394153795,69.82617950439453,4909500
2023-03-23 00:00:00+00:00,69.79925479836763,70.83125853690072,69.67362027505766,70.67870330810547,5015600
2023-03-24 00:00:00+00:00,70.83127023331254,72.15043979247058,70.29283549499087,71.7914810180664,4806500
2023-03-27 00:00:00+00:00,72.13248433431218,72.67989489631285,71.26201842338588,71.4145736694336,4444900
2023-03-28 00:00:00+00:00,71.75557985098946,72.78758369370821,71.60302460679304,72.66194915771484,4154900
2023-03-29 00:00:00+00:00,72.92219123132564,73.55933973798187,72.62604975952856,72.94911193847656,5469300
2023-03-30 00:00:00+00:00,73.38883863892426,73.49652832266837,72.74271422959757,73.09269714355469,3822700
2023-03-31 00:00:00+00:00,73.26319129591216,74.60928129793884,72.85936703393129,74.45672607421875,7135600
2023-04-03 00:00:00+00:00,74.42981409112626,75.20157299711306,74.1605933205472,74.69902801513672,5083600
2023-04-04 00:00:00+00:00,74.62724450128485,74.88748258347513,73.42473368724498,73.69395446777344,4490600
2023-04-05 00:00:00+00:00,73.85549842444034,75.1297957347733,73.54140517695303,75.06697845458984,4615000
2023-04-06 00:00:00+00:00,75.44386941220282,76.12589037243717,74.71698288601537,74.8156967163086,3729100
2023-04-10 00:00:00+00:00,74.93235026828036,74.93235026828036,73.87342576308146,74.12469482421875,3465500
2023-04-11 00:00:00+00:00,74.08879904303755,74.58236816585423,73.81958512323905,74.07085418701172,3669400
2023-04-12 00:00:00+00:00,74.45674499332868,74.69903824276922,73.35294789870731,73.7298583984375,5146700
2023-04-13 00:00:00+00:00,73.5503688792601,74.7887694182431,73.52344817028184,74.7259521484375,4224700
2023-04-14 00:00:00+00:00,74.51057091334846,74.69902270071907,73.56831197649541,74.48365020751953,4886600
2023-04-17 00:00:00+00:00,74.85159803330104,75.14773269642907,74.5105841082304,75.04901885986328,4444700
2023-04-18 00:00:00+00:00,75.14772008122485,75.31822701513683,74.45673018783161,75.1836166381836,4283900
2023-04-19 00:00:00+00:00,74.89644456814777,75.65922750965711,74.83362731053094,75.47975158691406,3112200
2023-04-20 00:00:00+00:00,75.15669221028841,76.17074421952549,75.11181980467006,76.000244140625,5927700
2023-04-21 00:00:00+00:00,76.16178882973159,77.96554483567473,76.05409914493849,77.6873550415039,8039500
2023-04-24 00:00:00+00:00,77.7322298344576,78.40527498023536,77.6155642940518,77.80401611328125,6630800
2023-04-25 00:00:00+00:00,78.02835507312776,78.14502059944597,76.72713735370976,76.80789947509766,5378600
2023-04-26 00:00:00+00:00,75.59640935562413,75.75794042280448,74.3939056250562,75.14771270751953,4439500
2023-04-27 00:00:00+00:00,75.14771871216726,75.25540838108158,73.96315974038212,74.97721862792969,8659000
2023-04-28 00:00:00+00:00,74.0529013758178,74.34904284507445,71.86326610531523,73.77471160888672,10709400
2023-05-01 00:00:00+00:00,74.00803887079371,74.07983198992541,72.86834535592605,73.0657730102539,5561300
2023-05-02 00:00:00+00:00,73.16449602844554,73.6221686621928,71.86327810192371,72.18634033203125,5647900
2023-05-03 00:00:00+00:00,72.23118722377306,72.599121775472,71.00176274332134,71.29789733886719,5057400
2023-05-04 00:00:00+00:00,71.4414955845865,71.50431285440646,70.36462614579625,70.46333312988281,4564200
2023-05-05 00:00:00+00:00,70.66973001605665,71.63891652802467,70.19411261108205,71.56712341308594,4613700
2023-05-08 00:00:00+00:00,71.44150651882651,71.48637893838095,70.11336095091266,70.52616119384766,3823400
2023-05-09 00:00:00+00:00,70.27487193280713,71.14534458872279,70.26590292872305,70.714599609375,4546600
2023-05-10 00:00:00+00:00,70.68768171780066,70.750498987814,69.2428845074938,70.09540557861328,5613900
2023-05-11 00:00:00+00:00,70.14026107264897,70.67869566382397,69.50310582775842,70.62484741210938,5123500
2023-05-12 00:00:00+00:00,70.68766555497022,70.96586212704982,69.9159136340837,70.14923095703125,3519100
2023-05-15 00:00:00+00:00,70.05950249751152,70.35564396282898,69.84412999844805,70.33769226074219,2723300
2023-05-16 00:00:00+00:00,71.58506155924958,71.58506155924958,70.14026462428836,70.28384399414062,5764300
2023-05-17 00:00:00+00:00,70.13129569260252,70.91202357005997,69.14416432032158,70.72357177734375,5506900
2023-05-18 00:00:00+00:00,70.78638680448854,70.93894888130541,69.42235188988336,70.18513488769531,5049900
2023-05-19 00:00:00+00:00,70.69665081460214,71.45046482930412,70.57999213760095,70.75946807861328,5694300
2023-05-22 00:00:00+00:00,71.16330553659292,71.65686784150002,70.35565003716351,70.5530776977539,3559500
2023-05-23 00:00:00+00:00,70.53511862228218,71.39661544944632,70.0864219302237,70.51717376708984,4542900
2023-05-24 00:00:00+00:00,71.00177448398799,71.12740902325301,70.12232586256391,70.93895721435547,5863900
2023-05-25 00:00:00+00:00,69.52107844748825,70.15822703754246,68.43523308867171,69.68260955810547,8118100
2023-05-26 00:00:00+00:00,69.99667726937138,70.55306357909735,69.10825982106826,69.18004608154297,5439000
2023-05-30 00:00:00+00:00,68.6685316860118,68.98262481544135,68.21086603665596,68.49803161621094,5038500
2023-05-31 00:00:00+00:00,68.75829029541484,69.11724220699114,68.4441971029323,69.04545593261719,8073100
2023-06-01 00:00:00+00:00,69.5838852095803,69.5838852095803,68.08523987148321,68.39035034179688,5031200
2023-06-02 00:00:00+00:00,68.30958878486537,69.98771007855542,68.02242316773452,69.8979721069336,4877200
2023-06-05 00:00:00+00:00,69.83515270275944,70.0236044913626,69.26082148609221,69.74541473388672,5744100
2023-06-06 00:00:00+00:00,70.25694188381236,70.38257643314532,68.21985469028465,68.38138580322266,5408500
2023-06-07 00:00:00+00:00,68.33649889567688,68.40829200046971,67.4121849228131,68.273681640625,7037500
2023-06-08 00:00:00+00:00,67.98652618780673,70.40948563939946,67.98652618780673,70.35564422607422,8860500
2023-06-09 00:00:00+00:00,69.56593620725484,70.35564681343148,69.35056369946511,70.10437774658203,6375300
2023-06-12 00:00:00+00:00,70.1761584314981,70.2659032452872,68.92878220139139,69.87104797363281,5687100
2023-06-13 00:00:00+00:00,69.09930992148094,70.4454003744968,69.00957192726057,70.40052795410156,4920500
2023-06-14 00:00:00+00:00,70.70857037720263,71.03475090250058,70.05620932660672,70.62702178955078,6069400
2023-06-15 00:00:00+00:00,70.92602333430601,71.58744688994469,70.463933094412,71.57838439941406,6526200
2023-06-16 00:00:00+00:00,71.80490684902138,72.05860131293623,71.12536514382559,71.45154571533203,13982700
2023-06-20 00:00:00+00:00,71.2522006387676,71.74147141543214,70.4095687866211,70.4095687866211,5410000
2023-06-21 00:00:00+00:00,70.37332321062625,71.08004533620111,69.76626773482776,70.31896209716797,5342300
2023-06-22 00:00:00+00:00,70.44583020040761,70.84449691777185,70.04716348304338,70.77201080322266,3408800
2023-06-23 00:00:00+00:00,70.97133172631615,70.99851228634543,70.0018525802258,70.19212341308594,4815500
2023-06-26 00:00:00+00:00,69.94749747211037,69.94749747211037,67.91793463393309,69.36762237548828,6106200
2023-06-27 00:00:00+00:00,69.44916059336605,69.66661199390342,68.67901474394395,68.8692855834961,5111200
2023-06-28 00:00:00+00:00,68.78773903969622,69.05955848296736,68.18068345073368,69.0233154296875,4486900
2023-06-29 00:00:00+00:00,68.75149393568616,69.2951328060127,68.39813281756715,68.8692855834961,5295800
2023-06-30 00:00:00+00:00,69.30418280964705,69.98372443023658,69.00518975020533,69.82969665527344,6017200
2023-07-03 00:00:00+00:00,69.09578857662474,69.62129546897951,68.7152400448898,69.5125732421875,3437300
2023-07-05 00:00:00+00:00,69.37666339826036,70.30989937706015,68.95081624382063,69.98371887207031,5308300
2023-07-06 00:00:00+00:00,69.68474504895288,69.80252979775219,68.87834914125976,69.07768249511719,5020300
2023-07-07 00:00:00+00:00,68.55215596378859,68.8058503737671,67.34710060373651,67.42864227294922,6550700
2023-07-10 00:00:00+00:00,67.50115242257712,68.75150685137851,67.45584687065366,68.57936096191406,5554900
2023-07-11 00:00:00+00:00,68.39812896509697,69.08673309277823,68.28034423657655,68.96894836425781,3529800
2023-07-12 00:00:00+00:00,69.18639548217176,69.9293606829038,69.1592149243951,69.20451354980469,5185100
2023-07-13 00:00:00+00:00,69.49444703186077,70.0290233171865,69.13203039876679,69.50350952148438,3341700
2023-07-14 00:00:00+00:00,69.4129093309967,70.34614534860235,69.27699962949049,69.93842315673828,6072300
2023-07-17 00:00:00+00:00,69.46727743686574,70.4548815820469,69.27700660067237,70.20118713378906,4954600
2023-07-18 00:00:00+00:00,70.25553278031423,71.45152556771123,70.12868558412467,70.87165069580078,5244900
2023-07-19 00:00:00+00:00,70.76293645616465,72.12201976932782,70.76293645616465,71.54214477539062,5351600
2023-07-20 00:00:00+00:00,72.08576350274691,73.19115216749516,72.06764543679458,72.43006896972656,6046000
2023-07-21 00:00:00+00:00,72.8559192919865,73.50827338463834,72.48443325348833,73.0643081665039,14984400
2023-07-24 00:00:00+00:00,72.32134934622881,72.64752987749458,69.08673150505568,70.36427307128906,11333500
2023-07-25 00:00:00+00:00,69.78439266901904,70.80823982426551,69.6394273813133,69.97467041015625,5298400
2023-07-26 00:00:00+00:00,69.55787460998998,70.11056899350189,69.4129093309967,69.93842315673828,4049700
2023-07-27 00:00:00+00:00,70.06526895757433,70.92601886202776,69.22263712038486,69.32230377197266,6258600
2023-07-28 00:00:00+00:00,69.24075296212673,70.056204215883,69.1682668700919,69.63941955566406,5026500
2023-07-31 00:00:00+00:00,69.4672688233423,69.6666021258731,68.72430364014387,68.987060546875,6059500
2023-08-01 00:00:00+00:00,68.94176115078292,69.2045180809188,68.04476812215012,68.57028198242188,4025300
2023-08-02 00:00:00+00:00,68.86021947211405,69.15015696180622,68.27128200199259,68.57028198242188,5325400
2023-08-03 00:00:00+00:00,68.60651705957072,68.6971212184471,68.10818381676933,68.43436431884766,5747700
2023-08-04 00:00:00+00:00,70.11056214190914,72.61127690221421,69.99277743219676,71.28843688964844,9062400
2023-08-07 00:00:00+00:00,70.97131785020701,73.36330344228202,70.61795681360415,73.09148406982422,6831500
2023-08-08 00:00:00+00:00,73.1096249838483,73.31801389052207,71.37905555480418,72.55693054199219,5546500
2023-08-09 00:00:00+00:00,73.0008894544256,73.78009771711406,72.51161866766859,72.63846588134766,4551300
2023-08-10 00:00:00+00:00,72.82874994903541,73.47204862475046,72.43914574682421,72.48445129394531,3776200
2023-08-11 00:00:00+00:00,72.48445129394531,72.60223603874182,71.99518041819246,72.48445129394531,3383600
2023-08-14 00:00:00+00:00,72.53880446463093,72.86498501269212,72.04953364253915,72.3485336303711,3682000
2023-08-15 00:00:00+00:00,72.14921692589614,72.67473092023934,71.54216123208079,72.15827941894531,3798600
2023-08-16 00:00:00+00:00,71.68710198838006,72.9827614191424,70.5907758412202,70.67231750488281,7264600
2023-08-17 00:00:00+00:00,70.66326069973145,70.77198983934781,69.31324005126953,69.31324005126953,5741200
2023-08-18 00:00:00+00:00,69.35855016066624,69.50351544372516,68.58839746808307,68.7514877319336,6483800
2023-08-21 00:00:00+00:00,68.56120834642039,69.09578461052888,68.4434236366051,68.80584716796875,5359200
2023-08-22 00:00:00+00:00,68.57933703375586,69.53975356805356,68.28033708576173,69.17733001708984,4534900
2023-08-23 00:00:00+00:00,70.94414493205346,71.5602629183113,69.73002702708014,69.8025131225586,7422800
2023-08-24 00:00:00+00:00,69.99277951240244,70.79916826380484,69.12296715963087,69.15921020507812,4793900
2023-08-25 00:00:00+00:00,69.41290570254588,69.93841950081706,68.92363495029213,69.63941955566406,3773300
2023-08-28 00:00:00+00:00,70.02902698643788,70.2102353124795,69.4310270677224,69.8025131225586,2783500
2023-08-29 00:00:00+00:00,69.99279728958952,70.89885291793372,69.81158892898303,70.86260986328125,4156300
2023-08-30 00:00:00+00:00,70.87166193652254,71.1253563691393,70.24648143282069,70.36427307128906,3297900
2023-08-31 00:00:00+00:00,70.0199758322158,70.13776748460181,69.07767717640611,69.29513549804688,9200000
2023-09-01 00:00:00+00:00,69.9656014039941,70.13775414772718,69.2860598315585,69.44915008544922,2993000
2023-09-05 00:00:00+00:00,69.72096965380513,69.76627519496778,68.07194888024846,68.09913635253906,6045600
2023-09-06 00:00:00+00:00,68.0628895752604,68.08100764314035,66.3685633533163,67.26555633544922,5753800
2023-09-07 00:00:00+00:00,67.60986189473003,67.73670910795813,66.78534809609268,66.99374389648438,6586100
2023-09-08 00:00:00+00:00,68.96895865888924,69.4038615003841,67.99947938859758,68.8602294921875,6695200
2023-09-11 00:00:00+00:00,68.9055201571399,69.92029784322018,68.86021461930223,69.8025131225586,8053800
2023-09-12 00:00:00+00:00,69.75720595154174,69.97466423288591,69.11390742270424,69.5850601196289,4181200
2023-09-13 00:00:00+00:00,69.76628225938245,70.24649062864938,69.69379615124441,70.04715728759766,4407700
2023-09-14 00:00:00+00:00,70.25759542941407,71.1176333307501,70.21184605919983,70.77910614013672,4424400
2023-09-15 00:00:00+00:00,70.64185971633778,70.82485020310855,69.00413150669934,69.23286437988281,11145100
2023-09-18 00:00:00+00:00,69.40670012303377,69.67203108029011,68.74794836437981,69.18711853027344,3337800
2023-09-19 00:00:00+00:00,68.97667703393577,69.65372430901562,68.85773846599699,69.32434844970703,4002700
2023-09-20 00:00:00+00:00,69.51649431059131,69.89161257350706,69.28776144918295,69.37010192871094,4826300
2023-09-21 00:00:00+00:00,69.42499871910088,69.66288286022018,68.82114756748825,68.86688995361328,5271600
2023-09-22 00:00:00+00:00,68.40028779284967,69.17797825020708,68.02516248943809,68.62902069091797,4351800
2023-09-25 00:00:00+00:00,68.39112113557361,68.55580906434575,68.18983511369962,68.46431732177734,3885700
2023-09-26 00:00:00+00:00,68.99497192894738,69.78180641639928,68.91262448305469,69.1047592163086,5643900
2023-09-27 00:00:00+00:00,69.23286470478247,69.58968743019334,68.74795212821763,69.12307739257812,4443100
2023-09-28 00:00:00+00:00,69.34266231486642,69.58054646997901,68.81200034591281,69.00413513183594,3482900
2023-09-29 00:00:00+00:00,69.08648262304075,69.30606423840035,68.23559601060187,68.56497192382812,4179900
2023-10-02 00:00:00+00:00,68.61986463744674,68.65646273623155,66.93639397558738,67.79642486572266,4578700
2023-10-03 00:00:00+00:00,66.98213179741201,67.58598991563403,66.67105844950841,67.03702545166016,6075300
2023-10-04 00:00:00+00:00,67.06447675130177,68.45516945644401,67.01872738755702,68.38197326660156,4707600
2023-10-05 00:00:00+00:00,68.31792823498189,68.64730410836682,67.8421669625219,68.34537506103516,4781900
2023-10-06 00:00:00+00:00,68.12579358252584,68.62900866222662,67.62258548319795,68.38197326660156,4635200
2023-10-09 00:00:00+00:00,68.41857919771604,68.93093862454958,67.92451533025212,68.67475891113281,3394000
2023-10-10 00:00:00+00:00,68.67475609213209,69.95566158701028,68.41857638923112,69.5073471069336,5040100
2023-10-11 00:00:00+00:00,69.7635235877268,70.4588734494663,69.54394199257807,70.41312408447266,4434100
2023-10-12 00:00:00+00:00,70.33993563490174,70.55037296451287,69.80012936650064,70.23014831542969,4037900
2023-10-13 00:00:00+00:00,70.62355834995371,71.23656072438413,70.42227232124576,71.04442596435547,5651800
2023-10-16 00:00:00+00:00,71.12677107157744,72.68215877079106,71.02612805067177,72.46257019042969,6958200
2023-10-17 00:00:00+00:00,72.45341990560695,74.17348842718661,71.92275801754198,73.63368225097656,10602200
2023-10-18 00:00:00+00:00,73.62453369457616,73.84411528448149,72.76449591191867,72.89258575439453,6781900
2023-10-19 00:00:00+00:00,72.34362379881891,73.07557169356593,71.57508479166974,71.76721954345703,5563400
2023-10-20 00:00:00+00:00,72.04170969911061,72.36193435178825,71.12677813124655,71.18167877197266,5183700
2023-10-23 00:00:00+00:00,71.09017939850585,71.33721482864104,70.60526678871126,70.96208953857422,4049700
2023-10-24 00:00:00+00:00,70.98952574640828,71.85871478631566,70.70589923905185,71.50189208984375,5424800
2023-10-25 00:00:00+00:00,71.28231051979617,71.91360845504178,70.8431403653719,71.72147369384766,5148000
2023-10-26 00:00:00+00:00,71.83127956610961,72.23384471054064,71.03528658671091,71.82212829589844,4630900
2023-10-27 00:00:00+00:00,71.72146858389667,71.8221115916906,69.83671222043257,70.10204315185547,6037800
2023-10-30 00:00:00+00:00,70.3765301923209,71.3555066304531,70.35823463345443,71.15422058105469,4760800
2023-10-31 00:00:00+00:00,70.98953731985331,72.0142631934128,70.87059872842967,71.85872650146484,4684100
2023-11-01 00:00:00+00:00,72.27959166043173,73.57879277194981,72.10575243411111,73.36836242675781,5446100
2023-11-02 00:00:00+00:00,73.02067728109887,74.39307446531421,72.86514060884399,74.31988525390625,6166100
2023-11-03 00:00:00+00:00,75.02438675898368,75.56419302045065,74.57607225602611,74.64926147460938,7040000
2023-11-06 00:00:00+00:00,74.72246145510141,75.00609499532038,73.87157479519263,74.237548828125,6649800
2023-11-07 00:00:00+00:00,74.17349981268607,74.42967952752399,73.48730115635296,73.75263214111328,7609000
2023-11-08 00:00:00+00:00,70.89803758887186,71.60253872911582,68.70220066686997,71.27316284179688,13103500
2023-11-09 00:00:00+00:00,70.93462559686692,71.09931351710426,68.36367076795771,68.60155487060547,8878900
2023-11-10 00:00:00+00:00,69.04071841771355,69.56222900485905,68.49176100709286,69.46158599853516,5946700
2023-11-13 00:00:00+00:00,68.95838106448954,69.21456073566809,68.19898633894418,68.5558090209961,4742500
2023-11-14 00:00:00+00:00,68.91263544374985,69.2786094140303,68.20814130976763,68.36367797851562,5534400
2023-11-15 00:00:00+00:00,67.91535621502705,69.04071785049804,67.80556194165607,68.65644836425781,7102100
2023-11-16 00:00:00+00:00,69.10478511316758,69.67204523847649,67.69578956091598,68.18070220947266,6820700
2023-11-17 00:00:00+00:00,68.51921109099379,69.08647106450532,68.22643332603971,69.03157043457031,7874500
2023-11-20 00:00:00+00:00,68.83031099975128,69.62629706664225,68.68391858538655,69.53480529785156,7012200
2023-11-21 00:00:00+00:00,69.53480858790525,69.67204973777214,68.19900915530889,68.33625030517578,5120400
2023-11-22 00:00:00+00:00,68.61070682635457,69.2877611187631,68.52836634721925,69.26030731201172,4419100
2023-11-24 00:00:00+00:00,69.43416164687606,69.5256534148614,68.64731987752816,68.96754455566406,1931000
2023-11-27 00:00:00+00:00,68.72050058317546,68.8943397893978,68.18068740718799,68.54666137695312,4552100
2023-11-28 00:00:00+00:00,68.43687024537404,68.57410436853571,67.87876154327489,68.17153930664062,6792700
2023-11-29 00:00:00+00:00,68.48262094221955,69.03157844264423,68.32708426350099,68.8302993774414,5091700
2023-11-30 00:00:00+00:00,68.96753788276807,70.2118453520252,68.9034929533375,70.08375549316406,10393600
2023-12-01 00:00:00+00:00,70.24843311820293,71.05357723303476,69.7177712207679,71.04442596435547,5400500
2023-12-04 00:00:00+00:00,70.71505399117345,71.79467340250332,70.59611541328155,71.67572784423828,8194600
2023-12-05 00:00:00+00:00,71.70318977228933,72.53577387257035,71.22742144609397,72.29788970947266,6276900
2023-12-06 00:00:00+00:00,72.50831237236675,73.3591988409356,72.316177618867,72.60895538330078,5745300
2023-12-07 00:00:00+00:00,72.81024435160863,73.02067466998807,71.22740991771593,71.410400390625,8588600
2023-12-08 00:00:00+00:00,71.46530560919165,72.499175772065,71.30976891732443,72.29788970947266,6569000
2023-12-11 00:00:00+00:00,72.85599543077734,73.96306174762066,72.7004587455191,73.27686309814453,8190000
2023-12-12 00:00:00+00:00,73.90816508613068,74.27413908038803,73.24941329254214,73.94476318359375,6118200
2023-12-13 00:00:00+00:00,74.3839235738897,76.04909839704587,74.00879835958997,76.02164459228516,10582400
2023-12-14 00:00:00+00:00,76.07705803349005,76.13245169444248,74.84911356004223,75.50463104248047,8531100
2023-12-15 00:00:00+00:00,75.10761321210352,75.99394684791154,73.95353185652739,74.16588592529297,20354200
2023-12-18 00:00:00+00:00,74.44286129032862,74.44286129032862,73.33494600557368,73.39957427978516,4926700
2023-12-19 00:00:00+00:00,73.4734555124595,73.87968746146959,73.14107943529784,73.3903579711914,7452300
2023-12-20 00:00:00+00:00,73.5473106405854,73.65809795860481,72.55018251468296,72.55941009521484,5227800
2023-12-21 00:00:00+00:00,72.77175418029705,73.3257118260259,72.49477183545581,72.8733139038086,3791000
2023-12-22 00:00:00+00:00,73.11338168492782,73.86122432717478,73.08568485283797,73.54731750488281,4109700
2023-12-26 00:00:00+00:00,73.60269356384505,73.91660031105286,73.29801439582319,73.8150405883789,2659500
2023-12-27 00:00:00+00:00,73.96277652673807,74.5536656975428,73.62116586326006,74.20282745361328,3541200
2023-12-28 00:00:00+00:00,74.3413150727419,75.02453643161422,74.21205850083739,74.91374206542969,3553100
2023-12-29 00:00:00+00:00,74.8491024540027,75.06145652940289,74.4982642467696,74.79370880126953,3586900
2024-01-02 00:00:00+00:00,74.70138992826814,77.33269431183216,74.66445847538162,76.85259246826172,7417500
2024-01-03 00:00:00+00:00,77.23111870378101,77.74814485001725,76.60329822165716,77.07416534423828,7329600
2024-01-04 00:00:00+00:00,77.36038893561671,78.43137286298368,77.03724753701265,77.99744415283203,5881000
2024-01-05 00:00:00+00:00,77.83125096311932,78.03436336876068,76.8618197878532,76.9172134399414,7369000
2024-01-08 00:00:00+00:00,76.50174172782965,77.61889158022386,76.169365750131,77.54502868652344,8641200
2024-01-09 00:00:00+00:00,77.11109782427282,79.66854608831224,76.80642569558,79.45619201660156,7601600
2024-01-10 00:00:00+00:00,77.46194201616636,78.42213854954176,76.97261264830134,78.01589965820312,8386600
2024-01-11 00:00:00+00:00,77.84972247074225,78.92071349881508,77.59120933816041,78.83761596679688,5862000
2024-01-12 00:00:00+00:00,79.29000774946275,79.81626859791666,79.06842608799636,79.75164031982422,5884200
2024-01-16 00:00:00+00:00,79.26232209990366,79.48390379261765,78.76375800833092,79.3915786743164,5139500
2024-01-17 00:00:00+00:00,79.24384751132504,79.9362963563161,79.00379660608772,79.8439712524414,5809500
2024-01-18 00:00:00+00:00,79.17922194620297,79.90860226651687,78.78221764638539,79.77011108398438,6260500
2024-01-19 00:00:00+00:00,79.75164505415216,81.12731526714069,79.48389730217362,80.5918197631836,6400700
2024-01-22 00:00:00+00:00,74.32284060557723,74.55365688074983,71.43302337623962,72.41168212890625,20378600
2024-01-23 00:00:00+00:00,72.51323218265588,73.75040387148586,72.37474102723166,73.381103515625,7837600
2024-01-24 00:00:00+00:00,73.45496580665849,73.76887958943188,72.45784489679532,73.4272689819336,7563000
2024-01-25 00:00:00+00:00,73.93507906238206,74.8398750156746,73.44574963238341,74.07357025146484,8337400
2024-01-26 00:00:00+00:00,74.07356952961881,74.33208265661176,73.30725772892228,73.41804504394531,5481400
2024-01-29 00:00:00+00:00,73.53807423935609,73.87045027329307,72.8548599669098,73.00257873535156,6586000
2024-01-30 00:00:00+00:00,72.75330044421133,72.84562555525119,71.97775401477674,72.58711242675781,8102400
2024-01-31 00:00:00+00:00,72.74405961091334,72.96564126728697,72.02391394473364,72.25473022460938,7637300
2024-02-01 00:00:00+00:00,72.01468873125987,72.55018426109274,71.4607309959642,72.16241455078125,7698000
2024-02-02 00:00:00+00:00,71.6546129261295,72.00545116723919,71.00833010199207,71.05448913574219,7588800
2024-02-05 00:00:00+00:00,70.76826815474496,71.1375755869979,70.17737908072164,70.82366180419922,6690400
2024-02-06 00:00:00+00:00,70.97139817214767,71.8946633684053,70.82367235964833,71.75617218017578,8121200
2024-02-07 00:00:00+00:00,70.36202633472624,70.58360796723764,68.26621783849282,68.70938110351562,12449800
2024-02-08 00:00:00+00:00,68.69094358108435,68.86635920803236,67.42606751332428,68.1369857788086,8815200
2024-02-09 00:00:00+00:00,68.15543607260281,68.43241844730065,67.22293625800482,68.0169448852539,10718300
2024-02-12 00:00:00+00:00,67.77689393591719,69.37413860402398,67.49991159011823,68.7370834350586,7605800
2024-02-13 00:00:00+00:00,68.95868642472668,69.03254229415721,67.37066900671063,67.8876953125,8560100
2024-02-14 00:00:00+00:00,67.4999004809863,68.164652366336,67.24138742422863,67.43527221679688,7487700
2024-02-15 00:00:00+00:00,67.43528055766798,67.92460991047619,67.22292649537873,67.73995971679688,5482900
2024-02-16 00:00:00+00:00,67.39836096990301,67.48145145849371,65.89344119913842,66.08732604980469,12823200
2024-02-20 00:00:00+00:00,66.09655037144883,67.14907914938506,65.967293810711,66.51202392578125,7874200
2024-02-21 00:00:00+00:00,66.94595207585621,67.66609770210965,66.94595207585621,67.58300018310547,6233300
2024-02-22 00:00:00+00:00,66.71514142942299,67.29679593564191,66.31813713484223,67.19523620605469,7323600
2024-02-23 00:00:00+00:00,67.62917606899171,68.54320664696844,67.39835976841495,67.90615844726562,5573500
2024-02-26 00:00:00+00:00,67.85998674712933,68.22005958267941,67.25062838299601,67.35218811035156,5177900
2024-02-27 00:00:00+00:00,67.25985571819993,67.52760342094619,67.0567362854991,67.41680908203125,6090400
2024-02-28 00:00:00+00:00,67.5645541048826,67.62918239332963,67.0382931721125,67.12138366699219,4245600
2024-02-29 00:00:00+00:00,67.13984023674892,67.31526286252544,66.40122532775138,66.56741333007812,8583200
2024-03-01 00:00:00+00:00,66.73359468027164,67.08443989685176,66.51201304724158,66.76129150390625,5401200
2024-03-04 00:00:00+00:00,66.83516629160604,67.02905113550925,66.43816197962681,66.7059097290039,5749900
2024-03-05 00:00:00+00:00,66.84440651407799,67.40759888856435,66.56742411733046,67.38912963867188,6280400
2024-03-06 00:00:00+00:00,67.28755607569201,67.69379496242819,66.94595250634886,67.0567398071289,6170300
2024-03-07 00:00:00+00:00,67.37067323564166,68.39549833034292,67.10292544077817,68.00772857666016,9902800
2024-03-08 00:00:00+00:00,68.28468387904718,69.65111928493074,68.00770858382252,69.35567474365234,9519000
2024-03-11 00:00:00+00:00,69.13410523980741,70.36204981686299,69.08794619977067,69.54034423828125,7394900
2024-03-12 00:00:00+00:00,69.47570950420521,69.55879999493918,68.5524442616244,69.31875610351562,7056300
2024-03-13 00:00:00+00:00,69.69728129522768,70.33433647623156,69.20795191316249,70.11275482177734,6003000
2024-03-14 00:00:00+00:00,69.69302136618832,69.97283382655976,68.8535697528591,69.21733093261719,8399300
2024-03-15 00:00:00+00:00,69.25465269845951,69.6370723782505,68.35923986093772,68.73233032226562,13963700
2024-03-18 00:00:00+00:00,68.7323316897404,69.18003455935431,68.2846217040177,68.33126068115234,6939600
2024-03-19 00:00:00+00:00,68.40587110552104,68.80694210252071,68.265968410377,68.4711685180664,8661700
2024-03-20 00:00:00+00:00,68.34058355055566,69.00282287597656,67.90220989467137,69.00282287597656,7311400
2024-03-21 00:00:00+00:00,68.9281937754134,69.282625761569,68.11672264329782,68.17268371582031,5836900
2024-03-22 00:00:00+00:00,68.19135216049187,68.30328143807476,67.67835186670645,67.72499084472656,7730500
2024-03-25 00:00:00+00:00,67.62240957464813,67.93953194174772,67.34258986099832,67.69702911376953,5543800
2024-03-26 00:00:00+00:00,67.45449578760321,67.77162516088563,67.25862490238838,67.53844451904297,5362800
2024-03-27 00:00:00+00:00,68.01413475619744,68.14471535949467,67.66903192581582,68.09808349609375,7747600
2024-03-28 00:00:00+00:00,68.3219223022461,68.900212807081,68.27528333136456,68.3219223022461,8369500
2024-04-01 00:00:00+00:00,68.29393596022173,68.29393596022173,67.51044543588829,67.976806640625,3796100
2024-04-02 00:00:00+00:00,67.92086566702449,67.94884620900933,67.0627625043121,67.23997497558594,6139000
2024-04-03 00:00:00+00:00,67.15601955897385,67.31458067506665,65.94347747049368,66.12069702148438,5145300
2024-04-04 00:00:00+00:00,66.44716134936371,66.58707117378266,64.73095504374511,64.87086486816406,7341200
2024-04-05 00:00:00+00:00,65.0014419157948,65.29991287070224,63.928809475433745,64.89884185791016,6599300
2024-04-08 00:00:00+00:00,64.40450045266877,64.87086176770299,64.40450045266877,64.74960327148438,4589100
2024-04-09 00:00:00+00:00,64.50708912675108,65.24393361228752,64.46045015703515,65.23461151123047,5928100
2024-04-10 00:00:00+00:00,65.06672412721743,65.06672412721743,63.48109159452221,63.53705978393555,7983100
2024-04-11 00:00:00+00:00,63.85419063975342,64.38584225623967,63.71428082149726,64.03141021728516,6071500
2024-04-12 00:00:00+00:00,63.91015126019634,64.00342921576777,63.07070658892474,63.49042892456055,5691800
2024-04-15 00:00:00+00:00,63.676972026815136,63.85419160703144,63.14532040227531,63.191959381103516,7717800
2024-04-16 00:00:00+00:00,63.23859821036496,63.32253983272632,62.669636827330045,62.781558990478516,4974900
2024-04-17 00:00:00+00:00,62.81886964696461,63.005418448390124,62.38981807784967,62.427127838134766,5287700
2024-04-18 00:00:00+00:00,62.50174376035269,62.51106586280541,61.46642109940148,61.70893096923828,6442200
2024-04-19 00:00:00+00:00,61.79287180183414,62.33385261377665,61.708930184175124,62.26856231689453,10657000
2024-04-22 00:00:00+00:00,62.42712275779902,63.02406464156306,62.24990318989425,62.44577407836914,5622400
2024-04-23 00:00:00+00:00,62.57635826731466,63.126668323228635,62.492416645761615,62.5203971862793,5240200
2024-04-24 00:00:00+00:00,62.10066300165552,62.669624270691976,61.89546292218563,62.56702423095703,8467100
2024-04-25 00:00:00+00:00,62.930793376489184,63.33186436903781,60.71090909005834,60.87879943847656,15172000
2024-04-26 00:00:00+00:00,61.09333060632813,61.88614339708163,60.2818593784602,61.01871109008789,12382400
2024-04-29 00:00:00+00:00,60.906788876761134,62.40847283822153,60.81351092349082,61.50373077392578,7838800
2024-04-30 00:00:00+00:00,61.20526747498467,61.22391879830461,60.45908645221428,60.81351852416992,7436600
2024-05-01 00:00:00+00:00,60.92544155697566,61.45709316837729,60.59899006157272,61.1026611328125,7232500
2024-05-02 00:00:00+00:00,61.32650661852585,61.373145591675225,60.52436466989221,60.93476486206055,5571500
2024-05-03 00:00:00+00:00,61.10265109429557,61.12130241263628,60.002038293392566,60.42176055908203,7822700
2024-05-06 00:00:00+00:00,60.42176320602874,61.14928562701911,60.01136302347703,61.13063430786133,7187300
2024-05-07 00:00:00+00:00,61.028038290708,61.69027046419826,60.77620632686013,61.0560188293457,7318200
2024-05-08 00:00:00+00:00,61.158620199857474,61.195929957548024,60.403117175922624,60.55234909057617,5135000
2024-05-09 00:00:00+00:00,60.79485779997579,60.83216755695596,60.17925748396571,60.235225677490234,6048600
2024-05-10 00:00:00+00:00,60.36580681641543,61.746232256660385,60.319167840740036,61.52238082885742,8733200
2024-05-13 00:00:00+00:00,61.69959852195071,63.04271416405779,61.68094008580418,62.9960823059082,6736500
2024-05-14 00:00:00+00:00,63.425141544155586,63.7702514937687,62.53905785432064,63.098690032958984,4356200
2024-05-15 00:00:00+00:00,63.359846399385845,63.40648537575331,62.464433558778154,62.50174331665039,7532100
2024-05-16 00:00:00+00:00,62.501739117148254,63.39715189759301,62.352500095686686,63.294551849365234,4832000
2024-05-17 00:00:00+00:00,63.25724941781827,63.25724941781827,62.68828803581203,63.163978576660156,3579000
2024-05-20 00:00:00+00:00,63.163976862046816,63.46244781531608,62.846847471386994,63.33186721801758,4719700
2024-05-21 00:00:00+00:00,63.23860717407601,63.331878028623365,62.343187045313215,62.762916564941406,5701200
2024-05-22 00:00:00+00:00,62.660307270986394,63.32253949178244,62.46443637042213,63.23859786987305,6227700
2024-05-23 00:00:00+00:00,63.01473796253522,63.08002826132453,61.569022170455135,61.71825408935547,5625300
2024-05-24 00:00:00+00:00,61.91412198086415,61.96076095606823,60.82283827573056,61.2612190246582,5971000
2024-05-28 00:00:00+00:00,60.91610397045942,61.13996249322152,59.45173349362387,59.638275146484375,5593400
2024-05-29 00:00:00+00:00,59.22787857055664,59.61029465207587,58.85478814846541,59.22787857055664,5609600
2024-05-30 00:00:00+00:00,59.20922800409999,60.00204431924768,58.82681189474072,59.768863677978516,7118600
2024-05-31 00:00:00+00:00,58.500359749816155,59.97406309361579,57.89408866624204,59.946075439453125,14509300
2024-06-03 00:00:00+00:00,59.97406118515012,60.52436405899577,58.92940939567854,59.16259002685547,8560900
2024-06-04 00:00:00+00:00,59.265188643335044,60.25387221850606,58.94806285026695,59.84347915649414,6593100
2024-06-05 00:00:00+00:00,59.8621410702606,60.08599251789567,59.0506733459879,59.58232498168945,6145800
2024-06-06 00:00:00+00:00,59.507697317782835,59.964732927753026,59.22788126749996,59.5543327331543,6087400
2024-06-07 00:00:00+00:00,59.52635181275534,60.552345176546226,59.283845519550724,60.347145080566406,7412500
2024-06-10 00:00:00+00:00,60.216560966492246,60.88812228994287,59.731548408504445,60.86014175415039,11592200
2024-06-11 00:00:00+00:00,60.300516857079025,60.53369750454174,59.92742639791696,60.52436828613281,4648200
2024-06-12 00:00:00+00:00,60.62696812065496,60.832168228256094,59.56366494136601,60.01136779785156,5846100
2024-06-13 00:00:00+00:00,59.750205535616395,59.85280558756828,59.227883173758435,59.28384780883789,6502400
2024-06-14 00:00:00+00:00,59.24608089093413,61.95582455437959,59.208313600463306,61.42708969116211,9793600
2024-06-17 00:00:00+00:00,61.134402217261,61.31379504622148,60.426281728257976,60.68120193481445,5915800
2024-06-18 00:00:00+00:00,60.586785633506274,60.74729121109506,59.18942833941561,59.62374496459961,6684600
2024-06-20 00:00:00+00:00,61.398770274290555,65.59084616287231,61.23826468120963,64.66556549072266,25061700
2024-06-21 00:00:00+00:00,67.55468943165592,68.1495079778782,65.67580477303835,66.72382354736328,31120000
2024-06-24 00:00:00+00:00,67.03541492934262,68.04566666901603,66.61998188385542,66.7804946899414,10915500
2024-06-25 00:00:00+00:00,66.69549902138125,67.48859760946296,65.64748026060697,65.72301483154297,8354500
2024-06-26 00:00:00+00:00,65.32647888962943,66.30840684823771,65.05267143164858,65.43977355957031,5795200
2024-06-27 00:00:00+00:00,65.2792673942624,65.70413680951006,64.69388519240249,64.98657989501953,7176300
2024-06-28 00:00:00+00:00,64.98658614643064,65.14709174510861,64.2595783350953,64.77886962890625,9590000
2024-07-01 00:00:00+00:00,64.79775394573403,66.08181322654976,64.67501563336758,64.80719757080078,5251000
2024-07-02 00:00:00+00:00,64.48617467099471,64.66556029451637,63.80637785683636,64.5805892944336,4846200
2024-07-03 00:00:00+00:00,64.42952884916491,64.51450706411613,62.862225718634114,62.87166213989258,3995700
2024-07-05 00:00:00+00:00,62.899984940015884,63.19267243570935,62.32404636867618,62.9660758972168,4211700
2024-07-08 00:00:00+00:00,64.0707446054078,64.37287573621364,63.28708950872019,63.77805709838867,5747000
2024-07-09 00:00:00+00:00,63.35317651843747,64.1745988556823,62.63561242624799,63.97632598876953,5364100
2024-07-10 00:00:00+00:00,64.0424227637442,65.01490714365278,63.87247354760851,64.91104888916016,4101600
2024-07-11 00:00:00+00:00,64.41064597320938,66.3745020149333,64.33511138621046,66.06292724609375,9594900
2024-07-12 00:00:00+00:00,66.32728186349163,66.73327120787286,66.00627071849766,66.05347442626953,5101000
2024-07-15 00:00:00+00:00,66.46891591818691,67.27145108697059,66.28952307687511,66.85601806640625,7569300
2024-07-16 00:00:00+00:00,66.40282312557693,68.02678066660594,66.40282312557693,67.6396713256836,5129700
2024-07-17 00:00:00+00:00,67.98900975333781,69.84900736804533,67.98900975333781,69.20697784423828,7220100
2024-07-18 00:00:00+00:00,68.54606091070846,70.73651330377474,68.4516462875384,69.4052505493164,8120100
2024-07-19 00:00:00+00:00,69.40525780355068,69.62241073920127,67.94180577964549,68.50830078125,5571800
2024-07-22 00:00:00+00:00,68.8198617300767,69.22585105363116,67.99843946054838,68.36666870117188,6420800
2024-07-23 00:00:00+00:00,67.93235941488255,68.25337779831231,66.82769312581068,67.19591522216797,4502400
2024-07-24 00:00:00+00:00,67.65855328099119,69.49021997992472,67.43194954645136,69.39580535888672,6600000
2024-07-25 00:00:00+00:00,70.57600720519561,73.02137978318088,70.22666517832316,72.23773193359375,11733400
2024-07-26 00:00:00+00:00,71.78453534317953,73.91834049678522,71.51072788159246,72.7098159790039,7453600
2024-07-29 00:00:00+00:00,72.81366414983265,73.62564279844032,72.52096948127748,73.38960266113281,4571100
2024-07-30 00:00:00+00:00,73.09691612104021,74.06940044234878,72.34159191968726,73.69174194335938,6120800
2024-07-31 00:00:00+00:00,73.54067434430652,73.61620892705967,71.63347295172207,71.81285858154297,7052000
2024-08-01 00:00:00+00:00,71.8600783045317,72.89865373287634,71.57682718617626,72.21885681152344,5662500
2024-08-02 00:00:00+00:00,73.44626330068132,73.84280907441976,71.3219016798866,72.48321533203125,6458100
2024-08-05 00:00:00+00:00,72.58705982181775,72.87031086555662,70.14168747747368,70.65153503417969,7349100
2024-08-06 00:00:00+00:00,70.33996684776751,71.2935710998296,70.00951206835212,70.04727935791016,5311100
2024-08-07 00:00:00+00:00,70.34942104370646,71.11418896291414,69.82068611380512,69.8678970336914,4214700
2024-08-08 00:00:00+00:00,69.91509389309661,71.5201639991877,69.65072287962556,71.36909484863281,7786300
2024-08-09 00:00:00+00:00,70.75540720777872,71.99225545544148,68.74434024850298,69.54688262939453,9545100
2024-08-12 00:00:00+00:00,69.24473087293252,69.3863563952759,68.38554852322983,68.91427612304688,5606900
2024-08-13 00:00:00+00:00,68.87651515204051,70.10392685372467,68.6121513278929,69.84900665283203,4356900
2024-08-14 00:00:00+00:00,69.40524249517397,70.19833388181702,68.91427498626554,70.00006103515625,4747800
2024-08-15 00:00:00+00:00,70.22667110144434,70.82149695962282,69.63185244664042,70.18890380859375,5196700
2024-08-16 00:00:00+00:00,69.81124831614125,70.09449221974951,68.81987664507511,69.6601791381836,5148000
2024-08-19 00:00:00+00:00,69.24472874908476,70.35883844550861,69.17863780113474,70.2927474975586,3727900
2024-08-20 00:00:00+00:00,70.37773877699442,70.7176372020507,70.18890231675515,70.57601165771484,3668000
2024-08-21 00:00:00+00:00,70.67042011766138,71.17082408771233,70.62321640925256,70.93478393554688,3659700
2024-08-22 00:00:00+00:00,71.3502294149368,72.00170265418541,71.14251289208218,71.66180419921875,5930800
2024-08-23 00:00:00+00:00,71.84117883200234,72.81367033109917,71.6712368339527,72.43600463867188,6847100
2024-08-26 00:00:00+00:00,72.51153570861413,73.1063542831233,72.15275007665346,72.66259765625,2926800
2024-08-27 00:00:00+00:00,72.89864366268361,73.13468382758158,72.40768328918048,72.70037078857422,3902000
2024-08-28 00:00:00+00:00,73.13468068022904,75.01355829501456,72.91752777175763,74.17325592041016,6214100
2024-08-29 00:00:00+00:00,74.52260466680264,75.20240152633154,73.88057509984472,75.01356506347656,5544800
2024-08-30 00:00:00+00:00,74.994681081028,75.76889252964455,74.21102600892095,74.58869171142578,6205300
2024-09-03 00:00:00+00:00,75.33458147839028,75.94828736071311,74.96635938967145,75.24960327148438,8733300
2024-09-04 00:00:00+00:00,75.22128105177238,75.5328558108018,74.3243312703689,74.71143341064453,4580600
2024-09-05 00:00:00+00:00,74.54147782466926,74.8908198461451,73.39904434259809,74.37152862548828,4306400
2024-09-06 00:00:00+00:00,74.69254762904804,74.78696225088467,73.89001253837581,74.32432556152344,9220900
2024-09-09 00:00:00+00:00,74.02220591847536,75.72169098497127,73.98443862321434,74.74920654296875,5571500
2024-09-10 00:00:00+00:00,74.74920705503605,77.00575073787167,74.33378121106898,76.8924560546875,6869000
2024-09-11 00:00:00+00:00,76.60920127446612,76.6658486133478,75.19296017542614,76.42037200927734,6144800
2024-09-12 00:00:00+00:00,78.3842064634424,80.14978930254424,77.40228582074099,78.51639556884766,11448200
2024-09-13 00:00:00+00:00,78.09707401363687,79.25971622447373,77.73494253431656,78.91664123535156,6530300
2024-09-16 00:00:00+00:00,79.09772496162367,79.65045779668392,78.64028913623343,79.25020599365234,7844100
2024-09-17 00:00:00+00:00,79.15490272439459,79.42173726315747,78.50687287138649,79.14537811279297,7078500
2024-09-18 00:00:00+00:00,79.45032828501103,80.54625475246203,78.86900710053409,79.94587707519531,9199500
2024-09-19 00:00:00+00:00,80.42237426240324,80.67015230790842,79.50750986826397,79.95541381835938,8798300
2024-09-20 00:00:00+00:00,79.34550044956424,80.04117514139115,78.8594762639854,79.9935302734375,24926000
2024-09-23 00:00:00+00:00,80.28896153119109,80.48908744709388,79.55516650621418,80.04118347167969,6474400
2024-09-24 00:00:00+00:00,79.85057067871094,80.3175310394441,79.42172329907491,79.85057067871094,7985100
2024-09-25 00:00:00+00:00,79.99353046550226,80.04117533357031,78.28768714164167,78.34486389160156,8375500
2024-09-26 00:00:00+00:00,78.16379301447627,79.2120818819341,77.98273088612072,79.1358413696289,5654500
2024-09-27 00:00:00+00:00,79.31691508375184,80.36519673754383,79.13584567485016,79.67904663085938,5456700
2024-09-30 00:00:00+00:00,79.24066189274178,80.28894337886096,79.23113001203583,79.8982162475586,5116100
2024-10-01 00:00:00+00:00,79.87916950309673,80.03165053021776,78.92618489567697,79.9935302734375,6619000
2024-10-02 00:00:00+00:00,79.41221578109065,81.4134821713755,79.1930261037855,80.75592041015625,6042300
2024-10-03 00:00:00+00:00,80.28894802820437,80.9369778105358,80.06023377288008,80.21270751953125,4086100
2024-10-04 00:00:00+00:00,80.37471467432151,80.96556772172008,80.03164692016534,80.61296081542969,4054300
2024-10-07 00:00:00+00:00,81.05134041532307,81.63266158344896,80.37471497384256,80.46048736572266,4692500
2024-10-08 00:00:00+00:00,80.5462575549961,81.37535679876068,80.35566353768495,81.20381927490234,4593100
2024-10-09 00:00:00+00:00,81.17522360251647,82.76670604316271,81.06086283999225,82.090087890625,6162100
2024-10-10 00:00:00+00:00,81.79467467397878,81.8995035676721,80.61296846701697,80.689208984375,3814800
2024-10-11 00:00:00+00:00,80.87026668273218,80.984627442206,80.21270503947368,80.9560317993164,3982300
2024-10-14 00:00:00+00:00,80.92744555211058,81.32769731473647,80.37471277284908,81.05133819580078,3493100
2024-10-15 00:00:00+00:00,81.17522383466647,82.56658039789572,80.8130923250134,81.7851333618164,5133500
2024-10-16 00:00:00+00:00,81.79466556701996,82.7381182345206,81.79466556701996,82.6714096069336,3181200
2024-10-17 00:00:00+00:00,82.83341579233519,83.52909771673133,82.51892914415494,83.25273132324219,4287700
2024-10-18 00:00:00+00:00,82.70953852959782,83.07167007863774,81.96621166695515,82.64282989501953,4365100
2024-10-21 00:00:00+00:00,82.56659066343515,83.1669683839856,81.88044054240835,82.23304748535156,4451200
2024-10-22 00:00:00+00:00,81.65171657567282,84.20571546177823,81.57547606666786,84.01512145996094,6044400
2024-10-23 00:00:00+00:00,84.00560467263637,84.23431897005112,83.04308806791701,83.12886047363281,4373500
2024-10-24 00:00:00+00:00,83.59581093271761,85.02528784395916,83.50051392610727,84.60597229003906,7183500
2024-10-25 00:00:00+00:00,85.24447587463257,85.52084230158276,84.29149120405782,84.81563568115234,5734900
2024-10-28 00:00:00+00:00,85.044342593128,85.21588010978735,84.3581925264906,84.5869140625,5961700
2024-10-29 00:00:00+00:00,84.22477957841187,84.35819684590105,82.72859398954402,83.93888854980469,6655800
2024-10-30 00:00:00+00:00,83.76735936347265,84.21526335064515,83.36710752115971,84.13902282714844,5846900
2024-10-31 00:00:00+00:00,83.80546494563849,85.08246077239208,83.61486367028296,84.64408874511719,5894500
2024-11-01 00:00:00+00:00,84.15807268027069,85.35883538313254,84.0437191747478,85.3016586303711,6485900
2024-11-04 00:00:00+00:00,85.2825914811898,86.44523387917225,85.16823798020505,85.61613464355469,6124300
2024-11-05 00:00:00+00:00,85.42553867327844,86.14027712085988,84.8251609947604,85.978271484375,3960200
2024-11-06 00:00:00+00:00,86.72159633655939,87.6555244192898,86.24510404899587,87.37915802001953,8819300
2024-11-07 00:00:00+00:00,89.58055397508204,93.69744722864097,89.11359354866629,93.29719543457031,14389800
2024-11-08 00:00:00+00:00,91.5341829079514,92.74447027208906,90.44778093677392,92.02973175048828,7456700
2024-11-11 00:00:00+00:00,91.86771619608265,94.25017767797954,91.77241919094587,92.46809387207031,7094300
2024-11-12 00:00:00+00:00,91.82006216377245,92.28702256879538,89.79973952205145,89.91409301757812,9322700
2024-11-13 00:00:00+00:00,89.70443256642247,89.78067307495786,87.32197120490456,88.27495574951172,11060500
2024-11-14 00:00:00+00:00,87.97000532596411,88.303555749588,87.00749612332704,87.77941131591797,8202700
2024-11-15 00:00:00+00:00,87.39821988973962,87.66505442388139,84.06277367157605,84.24384307861328,11454500
2024-11-18 00:00:00+00:00,84.23430912933209,84.85375058021452,83.51003878965284,84.30101776123047,9099600
2024-11-19 00:00:00+00:00,83.5100441292191,84.43444042369867,82.03292225111022,83.62440490722656,8179300
2024-11-20 00:00:00+00:00,83.96746395982899,84.89186007804682,83.64344545260563,84.4630126953125,4781700
2024-11-21 00:00:00+00:00,84.88234001738915,85.71143925624017,83.92935539508966,85.53990173339844,4057300
2024-11-22 00:00:00+00:00,85.58755293594207,86.23558281789056,85.07294032933332,85.94969177246094,4545900
2024-11-25 00:00:00+00:00,86.48335084212954,87.07420390059497,85.29212011427651,86.2355728149414,10754100
2024-11-26 00:00:00+00:00,86.09262874309339,87.36963193931076,85.4160105223131,87.05514526367188,4406500
2024-11-27 00:00:00+00:00,87.14090387152301,88.5322603509158,87.14090387152301,88.06529998779297,5527200
2024-11-29 00:00:00+00:00,88.47508092538432,88.78004295709235,87.98906404641342,88.22731018066406,3851000
2024-12-02 00:00:00+00:00,88.17966434915448,89.92362792150509,88.1415440924659,89.599609375,5023100
2024-12-03 00:00:00+00:00,89.39947986440374,89.95221265798797,88.11295215365755,88.14154052734375,5532000
2024-12-04 00:00:00+00:00,88.23683617548919,88.24636805680336,85.63519242024398,87.28385162353516,9124300
2024-12-05 00:00:00+00:00,87.29338615880889,89.83785324491811,87.29338615880889,88.99922943115234,12428600
2024-12-06 00:00:00+00:00,89.10406107722616,89.79021116006261,87.703172536551,87.79846954345703,4470700
2024-12-09 00:00:00+00:00,87.54116609783529,87.81753250482443,86.24510645780816,86.33087158203125,7396100
2024-12-10 00:00:00+00:00,87.05515100238708,88.57992507020121,86.37853273700381,87.99860382080078,6748200
2024-12-11 00:00:00+00:00,88.05578404066918,90.19999952573079,87.6174119695401,88.0367202758789,7525100
2024-12-12 00:00:00+00:00,88.11296079364813,88.8372311710638,87.14091963952642,88.0367202758789,5782700
2024-12-13 00:00:00+00:00,88.08476629792162,88.5172109241166,85.67266786083044,88.27696228027344,7515500
2024-12-16 00:00:00+00:00,88.37307087428401,89.62236690487931,88.3154135390222,88.45956420898438,7068100
2024-12-17 00:00:00+00:00,88.29618484041741,89.93948479419407,88.29618484041741,89.18030548095703,6125300
2024-12-18 00:00:00+00:00,89.10342102617133,89.85299564563402,87.0564978233849,87.15260314941406,6616100
2024-12-19 00:00:00+00:00,86.87391364314023,87.91178957479737,86.74897965229945,87.53699493408203,8875200
2024-12-20 00:00:00+00:00,87.37363165607594,89.65119161179618,87.17182365976767,88.95927429199219,22530200
2024-12-23 00:00:00+00:00,89.00732235886196,89.87221163212803,88.20969508241646,89.75689697265625,4809500
2024-12-24 00:00:00+00:00,89.37248906020311,90.38153622425048,88.50759253842055,90.28543090820312,2109100
2024-12-26 00:00:00+00:00,89.53585484007942,90.86203192813785,89.35327087267608,90.72749328613281,2915400
2024-12-27 00:00:00+00:00,89.78572474120521,90.6986666680087,89.78572474120521,90.43920135498047,3349300
2024-12-30 00:00:00+00:00,90.2662198674242,90.33348919376431,88.14242275662164,88.42111206054688,3613200
2024-12-31 00:00:00+00:00,88.97848724001389,89.35328188241556,88.20008395367223,88.76707458496094,3482500
2025-01-02 00:00:00+00:00,89.00732969494692,89.20913769746271,87.83491501497254,88.29618835449219,3495200
2025-01-03 00:00:00+00:00,88.59408749492493,88.73823080804924,87.74840762162844,87.84451293945312,4265200
2025-01-06 00:00:00+00:00,87.21026626861908,87.95984093783868,86.80665026700967,87.67154693603516,6779400
2025-01-07 00:00:00+00:00,87.34479318955972,87.94061244405225,86.97961790366162,87.09493255615234,5811900
2025-01-08 00:00:00+00:00,87.14298793817213,87.14298793817213,85.52851676660882,85.66305541992188,8054200
2025-01-10 00:00:00+00:00,86.6720969376009,87.86372807344517,85.11528319671918,86.37418365478516,7869700
2025-01-13 00:00:00+00:00,86.77781288089643,86.84508220773903,85.54773366864984,86.43185424804688,6523300
2025-01-14 00:00:00+00:00,87.05649681458156,87.91178874912669,86.32614620151074,87.45050811767578,7418300
2025-01-15 00:00:00+00:00,87.78686425554744,89.04577229641149,87.48895824514362,88.77668762207031,8084400
2025-01-16 00:00:00+00:00,88.66136446212636,89.43976774733191,87.27752988237694,88.07515716552734,8955300
2025-01-17 00:00:00+00:00,88.42111849571397,89.18030513783731,88.11360050552035,88.25774383544922,6862200
2025-01-21 00:00:00+00:00,88.46915647285134,90.23739026830425,88.46915647285134,89.33405303955078,10546000
2025-01-22 00:00:00+00:00,89.01692316067047,89.67039975259416,88.25773658094981,89.41093444824219,7285700
2025-01-23 00:00:00+00:00,89.40132614206516,89.65118679006882,88.61331086618311,89.29561614990234,4086100
2025-01-24 00:00:00+00:00,88.75746065313595,90.33349118947154,88.66136266078512,89.43976593017578,5409200
2025-01-27 00:00:00+00:00,89.46859856972516,92.10172180252138,89.46859856972516,91.6308364868164,7914200
2025-01-28 00:00:00+00:00,91.2944839029528,92.92817173480928,90.15089802156925,90.18933868408203,7406100
2025-01-29 00:00:00+00:00,90.71788692599104,92.18820741342354,90.41036896346795,91.86146545410156,5593500
2025-01-30 00:00:00+00:00,92.79363159553947,93.18764288112915,91.71732238964874,93.16841888427734,5020500
2025-01-31 00:00:00+00:00,92.95701482503,94.53304544930333,92.66871350008431,93.40867614746094,9419400
2025-02-03 00:00:00+00:00,93.24531456620943,95.57091998053315,92.96662522339759,94.54265594482422,10515600
2025-02-04 00:00:00+00:00,94.5426415986593,94.629134921073,93.26452441380157,94.16785430908203,6156200
2025-02-05 00:00:00+00:00,94.63876052818331,96.58957858055552,94.1870918496917,95.76312255859375,7738300
2025-02-06 00:00:00+00:00,95.65740377137601,95.70544910249656,94.03332054427821,94.21591186523438,4518000
2025-02-07 00:00:00+00:00,93.94682654624893,94.49459313064857,92.15937614835399,92.29391479492188,7182200
2025-02-10 00:00:00+00:00,92.29392245319161,92.41884911199745,90.87164721627825,91.75576782226562,9628200
2025-02-11 00:00:00+00:00,91.6116189809882,92.52456093822956,91.32331766196089,92.39002227783203,6260000
2025-02-12 00:00:00+00:00,97.77158850345278,100.62574363715113,96.8970872304185,99.28034973144531,16210300
2025-02-13 00:00:00+00:00,100.75067161519206,102.27865686099946,99.77046033682672,101.82698822021484,8715000
2025-02-14 00:00:00+00:00,101.67322891893261,102.52851350372765,99.86655442644326,100.02031707763672,6400400
2025-02-18 00:00:00+00:00,100.18368921710307,102.42280844317179,99.94344056190617,101.14468383789062,9434600
2025-02-19 00:00:00+00:00,101.12546000559952,103.6048203793676,101.09662401030128,103.45106506347656,6384100
2025-02-20 00:00:00+00:00,103.57599760709529,105.8151168018545,103.23965096088419,105.73823547363281,7684500
2025-02-21 00:00:00+00:00,106.41092833330251,106.69922229538717,105.48836712557349,105.66134643554688,9732800
2025-02-24 00:00:00+00:00,105.29618271022584,107.62178798598923,105.18086071364809,106.69923400878906,10495100
2025-02-25 00:00:00+00:00,106.76649767923946,107.73710426983267,105.80550308746987,107.17972564697266,8072000
2025-02-26 00:00:00+00:00,106.39171502807866,106.73767368279091,104.17181977018112,106.1514663696289,5911200
2025-02-27 00:00:00+00:00,106.02654072994001,108.17916667751875,105.75746340296858,107.62178802490234,6301000
2025-02-28 00:00:00+00:00,107.77555085152476,110.29335212786295,107.44880885984136,109.8512954711914,12604000
2025-03-03 00:00:00+00:00,110.40867426278326,112.59013621443027,110.20686626699427,111.46576690673828,10017300
2025-03-04 00:00:00+00:00,112.67661724515817,112.81115590308544,109.14976881042314,110.26451873779297,11982700
2025-03-05 00:00:00+00:00,110.26451710094507,112.6381749091223,110.03388045246591,110.93721771240234,16088200
2025-03-06 00:00:00+00:00,110.95643060175783,111.7732745083338,110.13958669518188,111.51380920410156,7712200
2025-03-07 00:00:00+00:00,111.13903069497971,113.80098260053035,110.3125747246339,112.83038330078125,14406000
2025-03-10 00:00:00+00:00,112.43637559429507,115.28091891754752,112.22495559530208,112.63818359375,11194400
2025-03-11 00:00:00+00:00,112.1000229817473,112.41715296341337,109.47650446439341,109.96661376953125,11478800
2025-03-12 00:00:00+00:00,108.736530337419,110.38944206868935,108.41940038929721,109.54376220703125,8065900
2025-03-13 00:00:00+00:00,109.35157378569943,110.96604496817007,108.30408588433477,108.9287338256836,6939100
2025-03-14 00:00:00+00:00,109.24809057307064,109.70292923199916,107.32229140541429,107.8448715209961,8647900
2025-03-17 00:00:00+00:00,106.96422780231596,108.92873747629784,105.92874700642706,108.63842010498047,9259000
2025-03-18 00:00:00+00:00,108.57067252772633,108.58034460460615,106.29647930595324,106.67390441894531,10250400
2025-03-19 00:00:00+00:00,106.1513285097808,106.18035950809568,102.38682314080705,104.04165649414062,11967600
2025-03-20 00:00:00+00:00,103.38359583934587,103.38359583934587,101.32230631237604,102.4545669555664,11281700
2025-03-21 00:00:00+00:00,101.76747622941025,103.95456190118351,101.53521346343526,103.62553405761719,26497500
2025-03-24 00:00:00+00:00,103.55777963407753,103.92551789260888,102.67713336900266,103.2964859008789,8563200
2025-03-25 00:00:00+00:00,103.29649163010863,104.46745530636043,102.87069135536751,104.40939331054688,8444700
2025-03-26 00:00:00+00:00,104.50616788923654,106.89648520902253,104.41907489374562,105.744873046875,7391400
2025-03-27 00:00:00+00:00,106.4513247939391,108.20293059381272,106.19971050438465,107.57390594482422,6382900
2025-03-28 00:00:00+00:00,107.56422592266881,108.7545411408843,106.11261695578601,108.18357849121094,7844800
2025-03-31 00:00:00+00:00,106.13196410266508,108.8319575553594,106.06422264901029,108.43518829345703,8828600
2025-04-01 00:00:00+00:00,108.38680646759852,109.21906289363595,107.13842182854239,107.69003295898438,6284400
2025-04-02 00:00:00+00:00,107.54487337339734,108.40616082078094,106.90616922942618,108.28035736083984,7444300
2025-04-03 00:00:00+00:00,109.37389430282937,111.04808656902073,108.65776927592943,108.76422119140625,10045200
2025-04-04 00:00:00+00:00,106.94487122159738,109.22873654127955,103.66423561252081,103.7900390625,12920000
2025-04-07 00:00:00+00:00,101.37069630952611,105.48358852256177,99.98682875192704,102.11585235595703,14202800
2025-04-08 00:00:00+00:00,101.99972596376313,104.00294606395735,98.51586588298164,99.86102294921875,11293700
2025-04-09 00:00:00+00:00,94.80942706376615,103.99327159872182,94.1803949979165,101.85456848144531,19225200
2025-04-10 00:00:00+00:00,101.4384356366793,101.6126290103133,96.04812789784377,98.12876892089844,14193700
2025-04-11 00:00:00+00:00,98.88360044790376,101.4094005727029,97.50941243503065,100.28681945800781,8683700
2025-04-14 00:00:00+00:00,100.62553216984436,103.7222948690473,100.62553216984436,103.0642318725586,6335100
2025-04-15 00:00:00+00:00,102.9674644048201,103.06423685949056,101.4868244368935,102.27069091796875,7577300
2025-04-16 00:00:00+00:00,102.51261965029319,102.96745828178858,100.98358985432365,101.49649047851562,7115800
2025-04-17 00:00:00+00:00,101.36101775663163,102.33843657038649,100.1803745647572,101.16747283935547,8066400
2025-04-21 00:00:00+00:00,100.74165774441316,101.83520785798125,99.76423900261989,100.96424102783203,6721000
2025-04-22 00:00:00+00:00,101.51585670457422,103.00617615158603,101.39972532755826,102.1061782836914,7540700
2025-04-23 00:00:00+00:00,102.5319766609054,103.19971914562481,96.11586771112033,102.94810485839844,8178700
2025-04-24 00:00:00+00:00,102.68681444558395,104.09003343261958,102.32874825800427,102.72552490234375,10133200
2025-04-25 00:00:00+00:00,99.36746936696112,100.83842982098218,90.35781905082828,99.84165954589844,14208000
2025-04-28 00:00:00+00:00,100.50940398834622,103.10294559992751,99.81263051310574,102.90939331054688,9458900
2025-04-29 00:00:00+00:00,102.27069200050725,103.71262152517555,100.75134155797707,100.84811401367188,7646100
2025-04-30 00:00:00+00:00,101.93198732439974,103.36423742519865,100.45134730288162,103.10295104980469,9628500
2025-05-01 00:00:00+00:00,102.10616772869865,102.44487498090072,99.83198202589693,99.91907501220703,7270900
2025-05-02 00:00:00+00:00,101.48682485768852,101.77714222290363,99.17392848012892,100.33521270751953,7033800
2025-05-05 00:00:00+00:00,100.37391714384755,100.49972058956615,99.1545636099621,99.49327087402344,5487300
2025-05-06 00:00:00+00:00,99.02876489572344,99.41586209454488,94.19006836861801,94.72232055664062,11409400
2025-05-07 00:00:00+00:00,94.71264894235617,96.48360626864928,94.19006882888337,95.70941925048828,8119000
2025-05-08 00:00:00+00:00,94.11264745032422,95.26425958639713,92.22555875809671,94.99329376220703,12994700
2025-05-09 00:00:00+00:00,94.90620425462564,95.46749488802449,93.0965288882945,93.78363037109375,13141000
2025-05-12 00:00:00+00:00,93.66748928518948,101.28360036037417,93.08684717222043,100.47069549560547,12935600
2025-05-13 00:00:00+00:00,99.25134924668488,99.51264301601057,97.48039177835409,98.15780639648438,8443000
2025-05-14 00:00:00+00:00,97.67393807272306,98.4481325471025,94.91588225555307,95.2061996459961,10047100
2025-05-15 00:00:00+00:00,96.31909976969823,97.37393953822983,94.70297676937005,97.10296630859375,9678900
2025-05-16 00:00:00+00:00,97.36425630563598,99.24167300171742,96.99651801170123,99.19328308105469,6398400
2025-05-19 00:00:00+00:00,99.67714690263553,102.8222995961653,99.5223050722177,102.7352066040039,8561400
2025-05-20 00:00:00+00:00,102.34811673632332,105.73520449484764,102.34811673632332,105.59004211425781,10712100
2025-05-21 00:00:00+00:00,104.62229842020756,105.26100253176996,103.9255249288558,104.24488067626953,7968900
2025-05-22 00:00:00+00:00,103.79003498771499,104.46744951218446,102.70616436529927,103.2964859008789,7069400
2025-05-23 00:00:00+00:00,102.43520580135005,104.36100498564873,102.17391943293369,103.90617370605469,6037100
2025-05-27 00:00:00+00:00,104.80617872074265,106.01585295628554,104.55456441243535,105.57068634033203,7929700
2025-05-28 00:00:00+00:00,105.59971339952094,105.9190617521758,103.77068674218431,104.941650390625,4598300
2025-05-29 00:00:00+00:00,105.08680555912069,107.65131614456068,104.63197429648582,107.5255126953125,5596800
2025-05-30 00:00:00+00:00,108.01906701754505,108.01906701754505,106.04487789204846,106.52874755859375,11913200
2025-06-02 00:00:00+00:00,105.71584036604436,106.8481009722638,102.28037023871278,105.39649200439453,9987000
2025-06-03 00:00:00+00:00,104.90295008092683,106.22874830386434,104.17714554722568,105.80294799804688,9884000
2025-06-04 00:00:00+00:00,105.98680697643192,107.6997097058227,105.37713386339024,105.50293731689453,7963200
2025-06-05 00:00:00+00:00,105.45456238234917,108.89971224394621,104.81585084175254,106.89649200439453,10819400
2025-06-06 00:00:00+00:00,108.08680656080637,109.12228733353945,107.19648077885336,108.83196258544922,5263500
2025-06-09 00:00:00+00:00,108.96744837999536,109.85776680222233,108.16422295453907,109.35454559326172,6153000
2025-06-10 00:00:00+00:00,106.34487671392328,108.61906271261624,106.21907325624136,106.53842163085938,8870800
2025-06-11 00:00:00+00:00,106.27712405402448,107.45776711939537,105.50292970134257,105.7739028930664,6413600
2025-06-12 00:00:00+00:00,107.02228246020354,108.47389136703286,105.38680811246249,108.43518829345703,7026000
2025-06-13 00:00:00+00:00,107.70423322905432,108.54239904684383,106.70038537269217,107.18769073486328,8150100
2025-06-16 00:00:00+00:00,107.37285902080613,108.63985590492113,106.03764712081691,108.01610565185547,4740600
2025-06-17 00:00:00+00:00,107.48980910201985,107.87965484778397,105.00454897900151,105.25794982910156,7460400
2025-06-18 00:00:00+00:00,105.85246291836181,108.94197688340986,104.46851758480383,105.25794982910156,12894800
2025-06-20 00:00:00+00:00,106.08637440771622,107.36311949542531,104.57573226704433,105.7452621459961,23268100
2025-06-23 00:00:00+00:00,106.05713518578703,106.66139649156001,102.67523489548165,103.49391174316406,8173400
2025-06-24 00:00:00+00:00,103.63035730653209,104.86810962133201,103.30873399161534,104.47826385498047,7916700
2025-06-25 00:00:00+00:00,104.12740857525448,104.20537921953131,101.8078376756929,103.24051666259766,6053400
2025-06-26 00:00:00+00:00,103.4939101939068,105.12150824030653,103.10406443587905,104.88760375976562,6311700
2025-06-27 00:00:00+00:00,105.51135298464959,109.15639480045758,104.12740018516278,107.86016082763672,19545200
2025-06-30 00:00:00+00:00,107.80169099187201,108.61061966396598,107.09022190342668,108.05509185791016,6602300
2025-07-01 00:00:00+00:00,108.66908579398313,109.71191887592384,107.98686132381222,108.89324951171875,7677200
2025-07-02 00:00:00+00:00,108.95173044198563,109.9653264566558,108.26949849434962,108.67884063720703,5991100
2025-07-03 00:00:00+00:00,108.71782345458828,109.2343659211269,107.80168704333,108.9127426147461,4039800
2025-07-07 00:00:00+00:00,109.15640163404733,109.72167764136061,107.93813822295304,108.94198608398438,6956400
2025-07-08 00:00:00+00:00,108.92249686245947,110.27720517727545,108.07458285365871,108.24026489257812,4682400
2025-07-09 00:00:00+00:00,109.57548165031518,110.7839968402031,108.99071671557519,110.36491394042969,5234900
2025-07-10 00:00:00+00:00,110.1992332901323,111.95353555208489,109.96532880043517,111.63191223144531,6096900
2025-07-11 00:00:00+00:00,110.65730669726116,110.92044833103003,106.67114481817495,106.8563232421875,6116200
2025-07-14 00:00:00+00:00,106.88555399121783,109.34157712625326,106.87581323788635,109.24411010742188,6380600
2025-07-15 00:00:00+00:00,108.12331135269689,108.65934276594794,105.96942263950872,106.2910385131836,4938400
2025-07-16 00:00:00+00:00,105.82323699932314,107.908903409069,105.81348880983182,107.06098937988281,3958600
2025-07-17 00:00:00+00:00,106.43722993910949,107.35336634454882,105.4138932012468,106.03764343261719,4276000
2025-07-18 00:00:00+00:00,107.06098676900893,108.08433100563306,105.29694373428649,105.47237396240234,6627900
2025-07-21 00:00:00+00:00,105.6283052251697,106.6029159273474,105.014303159646,105.53084564208984,3573800
2025-07-22 00:00:00+00:00,105.64779851934004,108.1525476533955,105.3164270237138,107.37285614013672,4487900
2025-07-23 00:00:00+00:00,107.81144537012418,110.9984192960974,107.57753343311163,110.67679595947266,5228500
2025-07-24 00:00:00+00:00,110.6962845574326,110.81323308202806,109.65345141088267,110.325927734375,4103700
2025-07-25 00:00:00+00:00,111.6514024915473,114.61421999353453,111.23231958156283,113.24976348876953,7680800
2025-07-28 00:00:00+00:00,110.51110060090043,111.83657167486507,109.81912793423625,110.16024017333984,5370500
2025-07-29 00:00:00+00:00,110.08228021363938,111.5052184388026,109.44878918058751,111.32978820800781,6278900
2025-07-30 00:00:00+00:00,111.36875653021703,112.8111835746239,110.6475467258582,111.84632110595703,5826900
2025-07-31 00:00:00+00:00,110.96917196950842,112.6065181997431,108.96147635989172,109.43903350830078,7883500
2025-08-01 00:00:00+00:00,109.40979461005332,110.92043666938176,109.01020067091977,110.30643463134766,5016300
2025-08-04 00:00:00+00:00,110.56958396507504,111.66115065578032,110.35517585118967,111.60267639160156,5634200
2025-08-05 00:00:00+00:00,111.09587428653717,111.59292783750081,109.45852797367725,109.60472106933594,6132100
2025-08-06 00:00:00+00:00,109.12716656382607,109.40005638335703,107.3923606233594,107.48007202148438,7446500
2025-08-07 00:00:00+00:00,107.77245821994748,107.86016961807248,105.7842514031921,107.48007202148438,9190300
2025-08-08 00:00:00+00:00,112.29465159592564,118.29824993820463,111.88531686625228,116.3782730102539,13115300
2025-08-11 00:00:00+00:00,116.20283885993122,117.54779897023177,115.1697464454175,117.4113540649414,7953000
2025-08-12 00:00:00+00:00,117.49906135107119,118.73682108023412,116.2320719268707,116.97277069091797,6084100
2025-08-13 00:00:00+00:00,117.48932326659836,118.04485107009674,116.46597905377473,117.08972930908203,4928200
2025-08-14 00:00:00+00:00,116.75837158122043,117.44059613636732,115.12102521317792,115.9981689453125,5461300
2025-08-15 00:00:00+00:00,115.54010002104854,115.99816079836745,114.6824378568833,115.36466979980469,8859800
2025-08-18 00:00:00+00:00,115.30619123223025,116.33928364568247,114.85787119592406,114.99431610107422,4476400
2025-08-19 00:00:00+00:00,115.2184778496678,116.49521548398887,114.09767406039025,114.98457336425781,6484500
2025-08-20 00:00:00+00:00,115.55959673522445,117.82069338572425,115.45238895749338,115.71553802490234,5639500
2025-08-21 00:00:00+00:00,112.56753393714204,114.94558638415249,111.65139751528928,113.1912841796875,6063200
2025-08-22 00:00:00+00:00,113.93199710932652,115.13076415676271,111.61241878691949,111.85607147216797,5503400
2025-08-25 00:00:00+00:00,111.992529709415,112.56754650772574,110.92045188936065,111.25182342529297,3812200
2025-08-26 00:00:00+00:00,111.44673260010592,112.3141355324711,110.99841256820737,111.83657836914062,5932800
2025-08-27 00:00:00+00:00,111.12511614452983,112.29465352384842,110.87172269934733,111.02765655517578,4663300
2025-08-28 00:00:00+00:00,110.74501211560997,110.95942766116244,109.46827446706162,109.70217895507812,4148700
2025-08-29 00:00:00+00:00,109.89710114539486,110.3649101026436,109.30258804230385,110.10176849365234,4630500
2025-09-02 00:00:00+00:00,110.03354418714207,110.42338993539595,108.45467225277397,109.8483657836914,4409700
2025-09-03 00:00:00+00:00,109.77039354255358,110.52084789821964,109.30258460003753,110.12125396728516,4546500
2025-09-04 00:00:00+00:00,110.27720191668968,110.93993748846188,109.42928793295934,109.90684509277344,4024700
2025-09-05 00:00:00+00:00,109.5559955568413,112.86966608509951,109.40005427115445,112.12896728515625,6953900
2025-09-08 00:00:00+00:00,111.76835919342494,113.23027529339002,110.93019336792311,112.9378890991211,16945000
2025-09-09 00:00:00+00:00,112.9378866369577,113.2984952772691,110.97892445940855,112.82093811035156,6217200
2025-09-10 00:00:00+00:00,112.60652870021775,112.90865565800016,111.5929326121564,112.32389068603516,7839700
2025-09-11 00:00:00+00:00,112.47007337796542,115.11126741483471,112.29464315904436,114.86761474609375,5457000
2025-09-12 00:00:00+00:00,114.5070209256758,114.6434658429584,111.281061553838,111.64167022705078,6468100
2025-09-15 00:00:00+00:00,111.55333716949929,111.55333716949929,109.2569141496965,110.44438171386719,6168900
2025-09-16 00:00:00+00:00,111.11170886236856,112.0047596763835,108.09887624780315,108.795654296875,5458800
2025-09-17 00:00:00+00:00,109.296159648649,110.3658589467052,109.1391354467365,110.16958618164062,6539600
2025-09-18 00:00:00+00:00,109.32560264129692,111.63184138340084,109.18821020473422,111.50426483154297,7115600
2025-09-19 00:00:00+00:00,112.18141969274818,112.92726975339711,110.984136236459,111.96551513671875,12580500
2025-09-22 00:00:00+00:00,111.3374245914387,111.92625787571858,110.06163661259355,110.39530181884766,7261300
2025-09-23 00:00:00+00:00,109.79666591347905,113.41795636061147,109.66908935508074,112.26974487304688,7281500
2025-09-24 00:00:00+00:00,112.17160292067025,112.43657190953584,109.87517257208798,111.55332946777344,5222500
2025-09-25 00:00:00+00:00,112.3874990655746,113.10390889791988,108.74658454530075,108.92323303222656,8355800
2025-09-26 00:00:00+00:00,109.27653148850489,110.14995805034064,108.63863374998996,110.01256561279297,5074200
2025-09-29 00:00:00+00:00,110.45419196395902,110.6013928008003,108.75640326823448,110.52288818359375,7122200
2025-09-30 00:00:00+00:00,110.92525769419011,112.72118290769868,108.85454758213254,108.93305969238281,10301700
2025-10-01 00:00:00+00:00,109.91443175975157,110.96450683510614,108.14794682582497,109.08026123046875,13649700
2025-10-02 00:00:00+00:00,108.14794660524386,109.62001488473807,106.44034949748199,108.5012435913086,10134700
2025-10-03 00:00:00+00:00,108.67789003234803,111.47481821311175,107.61800658149241,110.59158325195312,8088700
2025-10-06 00:00:00+00:00,113.5160897995707,114.82132546722484,110.31680013896577,111.46501159667969,9090700
2025-10-07 00:00:00+00:00,111.48463045316937,114.73299938043667,110.71915618528332,114.60541534423828,8712600
2025-10-08 00:00:00+00:00,114.92927862792995,116.14618631506566,113.60441866745762,116.04804992675781,6532200
2025-10-09 00:00:00+00:00,116.53873564709508,116.64668791699638,114.34044917218228,114.566162109375,5018800
2025-10-10 00:00:00+00:00,115.45921982504441,117.1079365443448,114.3306326830682,114.99797058105469,7896600
2025-10-13 00:00:00+00:00,114.17360797921864,116.56817468871338,113.64367000687011,116.0087890625,5124600
2025-10-14 00:00:00+00:00,115.33164287811945,117.10794374530403,114.45821627242924,116.27377319335938,6311100
2025-10-15 00:00:00+00:00,115.88121764510001,116.85278062054611,114.89002289954101,116.09712219238281,4551900
2025-10-16 00:00:00+00:00,115.78307873091268,119.30622516934893,115.1549893855513,115.6554946899414,6742600
2025-10-17 00:00:00+00:00,117.41216321438677,121.79892780458378,116.87240186023394,120.52313232421875,15845900
2025-10-20 00:00:00+00:00,120.30722946496668,121.68116135057485,119.92449231297013,120.81755065917969,8149500
2025-10-21 00:00:00+00:00,120.97457111965686,122.28962271092401,119.64971113047493,121.76949310302734,5559000
2025-10-22 00:00:00+00:00,121.92651247939192,122.13260114998003,119.0412636038313,119.19828033447266,5436300
2025-10-23 00:00:00+00:00,119.4828787259252,119.61045528497935,117.22570430537131,118.49168395996094,4635300
2025-10-24 00:00:00+00:00,118.1776441771892,118.89405406155755,116.49948717319546,118.6879653930664,5438600
2025-10-27 00:00:00+00:00,119.22771055890725,119.31603854597876,117.27476880661249,118.2267074584961,4752700
2025-10-28 00:00:00+00:00,117.53974195705806,118.04024726865728,115.5966160205634,115.6849365234375,4723500
2025-10-29 00:00:00+00:00,114.93909585208314,116.74482937743062,114.5269110366655,116.29339599609375,6032300
2025-10-30 00:00:00+00:00,116.58780931086322,118.27577462810339,115.33163810497378,116.23451232910156,8349600
2025-10-31 00:00:00+00:00,113.89882558665425,119.63989778104921,111.8968118578761,117.55937194824219,10030000
2025-11-03 00:00:00+00:00,117.58881223794286,120.04225933645388,116.88221827559948,119.77729034423828,8294100
2025-11-04 00:00:00+00:00,120.85681068556377,121.26898801860132,117.01961566716086,120.70960235595703,8467200
2025-11-05 00:00:00+00:00,119.92449555194918,121.42601152032749,119.4436219995629,120.29742431640625,6417500
2025-11-06 00:00:00+00:00,119.65952187525359,121.78911215423555,119.45343321799659,121.1021499633789,6087500
2025-11-07 00:00:00+00:00,121.58302616629688,121.69097843970532,115.3512719130192,116.62705993652344,9065500
2025-11-10 00:00:00+00:00,117.17664430174536,117.61826181989603,114.94890996507581,115.94992065429688,7566000
2025-11-11 00:00:00+00:00,116.40135027911928,120.46425826858058,116.3719101105086,120.27779388427734,6281100
2025-11-12 00:00:00+00:00,120.12077112654005,122.54477805150422,119.53194532190201,121.1021499633789,6004800
2025-11-13 00:00:00+00:00,121.4456331130112,125.30245230651745,121.29842478753014,122.8686294555664,9253800
2025-11-14 00:00:00+00:00,122.48588979805946,123.30043602672215,120.21890708889893,122.69197845458984,6599300
2025-11-17 00:00:00+00:00,122.89806794341467,124.17385586532632,121.60264825299579,121.77928924560547,5758100
2025-11-18 00:00:00+00:00,122.22092043548206,124.98840843769406,121.02363706443177,124.81175994873047,8179000
2025-11-19 00:00:00+00:00,124.72343387257403,125.71463609024242,123.51634208559025,125.68519592285156,6881900
2025-11-20 00:00:00+00:00,125.95016200466107,126.30345900083816,122.22092674893025,122.66254425048828,9924200
2025-11-21 00:00:00+00:00,123.00602665087324,125.59687381244063,122.74105764462608,124.28182220458984,10379100
2025-11-24 00:00:00+00:00,124.59584943431952,125.86182896330673,122.1718426414985,122.93731689453125,9553600
2025-11-25 00:00:00+00:00,122.45645347552095,125.23375745813395,122.37794136942746,124.75288391113281,7589800
2025-11-26 00:00:00+00:00,124.57622687305917,125.77351020323616,124.0070253739052,125.13561248779297,5825300
2025-11-28 00:00:00+00:00,124.73325118682789,125.42022087890123,122.57422069705788,123.49671173095703,3063600
2025-12-01 00:00:00+00:00,123.54578011946684,123.8794528145627,121.31805347322087,122.01483154296875,4960200
2025-12-02 00:00:00+00:00,122.08352703004512,122.75086492891239,121.09233232275852,121.60265350341797,5109900
2025-12-03 00:00:00+00:00,121.89706546565658,123.2611814615191,121.57320864977734,122.67235565185547,5306000
2025-12-04 00:00:00+00:00,122.48588438053329,122.63309269649437,120.12076539010887,120.336669921875,5234200
2025-12-05 00:00:00+00:00,120.01282073890764,120.24834956699382,118.13838353721255,118.9627456665039,10416800
2025-12-08 00:00:00+00:00,118.72721517540327,120.09133116192355,118.29540609052158,118.93330383300781,8870700
2025-12-09 00:00:00+00:00,118.81553947633212,119.97356684227825,116.80370979815673,117.13738250732422,7255700
2025-12-10 00:00:00+00:00,117.26495600663988,119.14920907802671,116.5681779256798,119.08050537109375,8530500
2025-12-11 00:00:00+00:00,119.9735571908298,121.4358094928598,118.746833702171,120.91567993164062,4892300
2025-12-12 00:00:00+00:00,120.57220340856763,121.32786181171348,117.30421011432863,118.15801239013672,6767700
2025-12-15 00:00:00+00:00,120.51900253022266,121.48710930935304,117.94068556167477,118.3259506225586,7805100
2025-12-16 00:00:00+00:00,119.06683741719665,120.16336329079037,116.73548578836481,117.33808135986328,6417500
2025-12-17 00:00:00+00:00,117.82213192728233,120.58814465677276,117.14051322972105,119.88676452636719,7958600
2025-12-18 00:00:00+00:00,119.76821873526532,120.80547539471307,119.46198435668366,119.99542999267578,5795400
2025-12-19 00:00:00+00:00,119.71883763790322,124.73716413991055,119.53114169784811,122.78120422363281,24394600
2025-12-22 00:00:00+00:00,122.57374796678528,123.383793376545,121.34879536722397,122.65277862548828,6751400
2025-12-23 00:00:00+00:00,122.66265834629374,125.86333236343722,122.49472384017848,123.67028045654297,5712500
2025-12-24 00:00:00+00:00,124.18396265747147,124.71740831825606,123.60112848575676,124.14444732666016,1606300
2025-12-26 00:00:00+00:00,123.99626368155212,124.24322884048642,122.68241476397331,123.18621826171875,2073800
2025-12-29 00:00:00+00:00,123.30476538065693,123.74929965609897,122.69228906764961,123.3936767578125,3061300
2025-12-30 00:00:00+00:00,123.04792212969136,123.48258323444581,121.4574658546894,121.68467712402344,3256000
2025-12-31 00:00:00+00:00,121.74393792815488,122.0995683462046,120.8943772113448,121.25000762939453,3150200
2026-01-02 00:00:00+00:00,121.00305098144196,121.10183554077878,119.7188366365057,120.12385559082031,4555400
2026-01-05 00:00:00+00:00,119.30392389294636,119.53113515197973,115.46114667984564,116.8639144897461,7039100
2026-01-06 00:00:00+00:00,116.7848828063072,120.50911399895227,116.7848828063072,119.88676452636719,6038000
2026-01-07 00:00:00+00:00,120.85487486514016,123.19610744599727,120.67706717379362,122.8404769897461,6175400
2026-01-08 00:00:00+00:00,122.57375533569116,123.59125063313238,118.47413199454681,119.20514678955078,6717800
2026-01-09 00:00:00+00:00,118.87914476928377,121.26977322530912,117.88141095801451,119.62992095947266,6629500
2026-01-12 00:00:00+00:00,119.11623447350115,122.96889236991164,118.1777623694849,121.11170959472656,7397000
2026-01-13 00:00:00+00:00,121.10183236139477,122.30702354928799,118.76060746578513,120.28191375732422,5803600
2026-01-14 00:00:00+00:00,119.90651820720902,122.65277703570415,119.90651820720902,122.5638656616211,4659300
2026-01-15 00:00:00+00:00,122.80095727179527,123.05780315586637,119.48174482317059,119.7879867553711,6659800
2026-01-16 00:00:00+00:00,122.29715083915829,123.60112658880402,120.61778322095574,123.3936767578125,10638900
2026-01-20 00:00:00+00:00,122.29714949576841,124.70752431755852,120.79559711159241,122.63301849365234,9152600
2026-01-21 00:00:00+00:00,122.22799898956953,127.81928623274464,121.19074231400744,127.54268646240234,7285300
2026-01-22 00:00:00+00:00,127.56244034689266,131.48424801934354,127.43401364913466,129.54803466796875,8550500
2026-01-23 00:00:00+00:00,129.66658450507535,134.64541066114668,129.40974616055036,134.27989196777344,13180900
2026-01-26 00:00:00+00:00,134.23050795603103,136.35440229262866,132.0670907528271,136.10743713378906,10012500
2026-01-27 00:00:00+00:00,135.8703430046475,139.98973505363185,135.8703430046475,139.2587127685547,10615400
2026-01-28 00:00:00+00:00,138.7055215438914,139.15992901499925,137.00639997027565,138.02389526367188,7317700
2026-01-29 00:00:00+00:00,138.05352614698143,138.80429481618384,136.5519737350193,137.85595703125,7148000
2026-01-30 00:00:00+00:00,137.39166654328693,140.47378707185882,136.96687860843187,140.22682189941406,9460200
2026-02-02 00:00:00+00:00,139.3377507484519,142.0543675954408,138.31036720876202,141.15541076660156,6898200
2026-02-03 00:00:00+00:00,140.4342807708546,144.16839301206548,140.30585405627835,141.54067993164062,6840200
2026-02-04 00:00:00+00:00,142.39022423646375,144.94877953607167,141.75799406448428,144.45484924316406,7440100
2026-02-05 00:00:00+00:00,144.7215920606486,148.67303484728748,144.09923499821443,147.55674743652344,9143000
2026-02-06 00:00:00+00:00,147.8728567798851,151.2710996821767,146.90475760492512,150.64874267578125,8509800
2026-02-09 00:00:00+00:00,150.00663364372753,151.14266727025804,148.3568932264405,149.83868408203125,7431200
2026-02-10 00:00:00+00:00,149.631268764297,150.0264070342289,145.28468750081095,145.44273376464844,10774600
2026-02-11 00:00:00+00:00,147.09244391602058,155.3805941192722,145.59090658955213,153.90869140625,11434000
2026-02-12 00:00:00+00:00,151.5575889207122,153.83954475809705,148.98916010865628,149.96713256835938,9891000
2026-02-13 00:00:00+00:00,150.0461471513288,155.04471941621134,149.62137432518142,153.0986328125,6861900
2026-02-17 00:00:00+00:00,153.15791302682518,153.85930074122118,151.44891827289607,153.3851318359375,5884800
2026-02-18 00:00:00+00:00,154.1161426405111,154.1161426405111,150.52033028938735,150.88584899902344,5190900
2026-02-19 00:00:00+00:00,150.4906831046146,150.9648670547705,148.5050886865909,149.28549194335938,7357700
2026-02-20 00:00:00+00:00,148.75205016326606,151.39950932183532,148.26799304536806,149.5620880126953,6986900
2026-02-23 00:00:00+00:00,147.12208576580358,150.609247879592,146.57877444352718,148.01116943359375,5994400
2026-02-24 00:00:00+00:00,147.90249979229688,148.25813023421267,145.2649136287372,145.84774780273438,8333600
2026-02-25 00:00:00+00:00,145.56127948182598,147.29990887907246,144.6129265819728,145.3340606689453,6209100
2026-02-26 00:00:00+00:00,144.14862893432607,144.58329004625284,141.35298139494043,142.0247344970703,7987200
2026-02-27 00:00:00+00:00,141.8172772252406,148.17910243488072,141.6295812837205,147.141845703125,11195500
2026-03-02 00:00:00+00:00,146.07494245669943,148.93974724785906,146.00580005277925,148.20872497558594,7182900
2026-03-03 00:00:00+00:00,146.33180738577227,147.0331800275421,143.75349040743382,146.0354461669922,6741600
2026-03-04 00:00:00+00:00,147.1122148128553,147.1122148128553,144.32645545480457,146.42071533203125,6925100
2026-03-05 00:00:00+00:00,144.54378096704042,144.96855382129428,141.60983356116094,143.3780975341797,6939900
2026-03-06 00:00:00+00:00,141.8172813943006,142.89404595266097,141.03687806423383,142.1827850341797,4921200
2026-03-09 00:00:00+00:00,141.75799756991591,145.13647904812123,141.74812439029387,144.85000610351562,5210400
2026-03-10 00:00:00+00:00,145.93665038536852,147.56662951073113,145.05745500510287,146.75657653808594,5098500
2026-03-11 00:00:00+00:00,145.32418710464128,147.48760443340274,144.03996518943202,144.2276611328125,5551400
2026-03-12 00:00:00+00:00,143.34845827265073,145.16611823512426,142.1432670842905,143.44725036621094,7006700
2026-03-13 00:00:00+00:00,145.89119123236202,147.25224136053234,143.25848454955138,144.0433349609375,4375500
2026-03-16 00:00:00+00:00,143.2882895547302,145.17589317438055,141.7484067795095,144.26190185546875,3697200
2026-03-17 00:00:00+00:00,145.56333685300007,145.7520987187852,142.33455695279932,143.45716857910156,3887800
2026-03-18 00:00:00+00:00,142.2252780518033,142.86109873367872,138.3209300709294,140.3674774169922,7079300
2026-03-19 00:00:00+00:00,140.49663317836226,141.16225676902326,139.205118157443,140.18865966796875,7310700
2026-03-20 00:00:00+00:00,139.51309466256197,140.07938028479143,135.59883251454042,136.3141326904297,15521900
2026-03-23 00:00:00+00:00,138.7679857161589,138.88721251321323,135.54915021974065,136.44326782226562,7364200
2026-03-24 00:00:00+00:00,135.90680763857014,137.46654890224326,135.57896045748086,137.208251953125,6725500
2026-03-25 00:00:00+00:00,138.8474755081177,139.50316988356016,137.01949284854626,137.35726928710938,5053000
2026-03-26 00:00:00+00:00,137.48641773748872,138.03282968679412,135.76771756891065,135.9862823486328,4285500
2026-03-27 00:00:00+00:00,135.95648908270678,136.57243614607393,133.22444430154226,133.3734588623047,5647000
2026-03-30 00:00:00+00:00,133.6913662689096,135.73791359096992,133.01579827531225,135.44979858398438,6148300
2026-03-31 00:00:00+00:00,136.2843184727579,139.43363428129084,136.2743892219536,138.46002197265625,7878800
2026-04-01 00:00:00+00:00,138.77793911204216,140.5661895920514,137.91362436302163,139.3839569091797,5286500
2026-04-02 00:00:00+00:00,138.69845264701502,140.4171528077958,137.7347848023831,138.7978057861328,4925900
2026-04-06 00:00:00+00:00,138.33088419713337,139.79128753387923,137.94343117876173,139.21507263183594,3921900
2026-04-07 00:00:00+00:00,138.09244418421932,138.47989719822584,136.2545171008366,137.8937530517578,5439200
2026-04-08 00:00:00+00:00,139.19518881589502,140.64566279579594,137.56589737555797,140.6158447265625,4967300
2026-04-09 00:00:00+00:00,139.20512327930018,142.03652111552512,139.04617947268048,141.16226196289062,4167400
2026-04-10 00:00:00+00:00,141.4503694908546,141.4503694908546,137.54602158115688,138.08250427246094,4418800
2026-04-13 00:00:00+00:00,137.0890352417344,138.6388471974827,136.12536739452872,138.1222381591797,5101500
2026-04-14 00:00:00+00:00,137.35727071244904,140.47676849443064,136.70159148936426,139.53297424316406,6473800
2026-04-15 00:00:00+00:00,140.03965458579333,140.03965458579333,137.1585800890781,138.857421875,3790500
2026-04-16 00:00:00+00:00,137.70499156618118,139.354156772761,136.8506060508944,137.6453857421875,3432400
2026-04-17 00:00:00+00:00,138.04276204722493,138.8474709547137,135.79752353850154,136.74131774902344,7345800
2026-04-20 00:00:00+00:00,137.1585677225155,137.63542943239815,134.59541139826058,134.9828643798828,3871200
2026-04-21 00:00:00+00:00,135.29083808391314,135.44979704049652,131.35670244301784,132.41970825195312,6070300
2026-04-22 00:00:00+00:00,132.81710746449446,133.20456045200356,130.48244513004167,132.03225708007812,6695800
2026-04-23 00:00:00+00:00,133.14496456132332,133.80064378658525,131.92298452876227,132.76744079589844,3870900
2026-04-24 00:00:00+00:00,130.6811400701463,131.46599047751238,128.43590155882032,129.548583984375,5966000
2026-04-27 00:00:00+00:00,127.95904091710622,129.47905001465645,126.80661116130723,126.9158935546875,8170300
2026-04-28 00:00:00+00:00,129.47905192225497,129.6181372286825,127.50203956167073,128.41603088378906,5940300
2026-04-29 00:00:00+00:00,128.05837748881956,129.1114692494011,127.1642598504108,127.99877166748047,5048300
2026-04-30 00:00:00+00:00,127.12452455539206,131.34678309797692,127.12452455539206,129.9857177734375,6660000
2026-05-01 00:00:00+00:00,129.15119982883266,131.49579144747636,128.1676583112998,130.79042053222656,5517000
2026-05-04 00:00:00+00:00,129.58832968318922,132.23096556997373,129.15120011885963,131.82363891601562,5880600
2026-05-05 00:00:00+00:00,131.97265404215213,133.1052101186794,131.02885983823955,132.6084747314453,6152400
2026-05-06 00:00:00+00:00,132.509131959776,135.85712349778456,132.32037009398434,135.41006469726562,6351200
2026-05-07 00:00:00+00:00,135.60876354863487,135.60876354863487,132.88664811241182,133.1846923828125,8901000
2026-05-08 00:00:00+00:00,129.1512009688105,132.46938972473362,128.15773019212736,130.47251892089844,10250100
2026-05-11 00:00:00+00:00,130.15460249685978,133.9794710948614,130.1247995859485,132.64822387695312,5385000
2026-05-12 00:00:00+00:00,134.1185505213589,136.60222738286555,131.85343843639768,134.05894470214844,6034900
2026-05-13 00:00:00+00:00,132.67802506045405,134.18810488333065,131.01893068496108,132.18128967285156,6666700
2026-05-14 00:00:00+00:00,132.89659567644193,133.77083968876258,130.94938620154812,131.19775390625,4533200
2026-05-15 00:00:00+00:00,131.40638662453821,131.9428541851354,128.25708601569085,128.73394775390625,6640700
2026-05-18 00:00:00+00:00,129.30021070951904,130.1943434707538,128.3762901979863,128.82334899902344,5182200
2026-05-19 00:00:00+00:00,128.65446320164705,131.4759165170599,127.50203348380438,129.64793395996094,5009000
2026-05-20 00:00:00+00:00,130.5023240520576,131.08846818207567,128.64453851898003,129.83670043945312,5571000
2026-05-21 00:00:00+00:00,129.17107224053527,130.48244575874602,128.57498372188266,129.64793395996094,4920800
2026-05-22 00:00:00+00:00,130.71096534346032,133.64170128174143,130.26389133933378,133.4827423095703,5973400
2026-05-26 00:00:00+00:00,134.36692185840715,135.4299428604125,132.80716547060362,132.85684204101562,6408900
2026-05-27 00:00:00+00:00,132.9561934541466,135.30078505101375,131.72428425607714,132.81710815429688,5032000
2026-05-28 00:00:00+00:00,133.01580808368297,135.61869679289705,131.92298411308678,135.33059692382812,5610000
2026-05-29 00:00:00+00:00,134.2477183207554,136.30419505933762,132.6780325877781,133.55227661132812,17509800
2026-06-01 00:00:00+00:00,133.11516394850563,133.11516394850563,129.67774815555785,130.24403381347656,6259200
2026-06-02 00:00:00+00:00,128.14780245631513,129.74729103204677,126.24033278205674,126.73706817626953,8082600
2026-06-03 00:00:00+00:00,126.75692849479414,129.01211132656726,126.66751976609895,128.14779663085938,6237100
2026-06-04 00:00:00+00:00,129.71748678605599,130.18440410538213,127.17418886016706,128.3365478515625,13729200
2026-06-05 00:00:00+00:00,129.2406167634017,130.8003732444309,128.0782577102598,128.3166961669922,15369400
2026-06-08 00:00:00+00:00,129.2207494562384,129.94597886886783,126.2999354071488,127.26361083984375,9796000
2026-06-09 00:00:00+00:00,127.95903667265947,128.1577277924435,122.39559436374181,124.68058013916016,8683100
2026-06-10 00:00:00+00:00,124.81967083352848,124.81967083352848,120.5974199292022,120.68683624267578,10154200
2026-06-11 00:00:00+00:00,120.99480932458921,126.53837819316654,120.99480932458921,125.04817199707031,8665600
2026-06-12 00:00:00+00:00,125.30646413320648,125.68398787264584,123.47848157441929,124.76998901367188,5214600
2026-06-15 00:00:00+00:00,125.29000091552734,125.4000015258789,122.69999694824219,124.30000305175781,6653100
2026-06-16 00:00:00+00:00,125.22000122070312,128.17999267578125,124.13999938964844,127.2300033569336,9381700
2026-06-17 00:00:00+00:00,126.69000244140625,128.1999969482422,124.11000061035156,125.44999694824219,7726700
2026-06-18 00:00:00+00:00,125.8499984741211,126.38999938964844,122.43000030517578,123.76000213623047,14348300
2026-06-22 00:00:00+00:00,124.30000305175781,125.16999816894531,123.0,124.87000274658203,8126100
2026-06-23 00:00:00+00:00,126.62999725341797,126.62999725341797,124.44000244140625,125.05000305175781,8462600
2026-06-24 00:00:00+00:00,125.55999755859375,127.2699966430664,124.77999877929688,125.16000366210938,7409600
2026-06-25 00:00:00+00:00,125.2699966430664,126.94999694824219,123.66999816894531,123.83999633789062,7250300
2026-06-26 00:00:00+00:00,125.25,128.6999969482422,125.0,127.87999725341797,19908100
2026-06-29 00:00:00+00:00,128.86000061035156,128.86000061035156,125.48999786376953,126.33000183105469,6897300
2026-06-30 00:00:00+00:00,125.87999725341797,127.2699966430664,124.19000244140625,126.33999633789062,7409600
2026-07-01 00:00:00+00:00,127.27999877929688,127.62000274658203,125.12999725341797,125.97000122070312,6654900
2026-07-02 00:00:00+00:00,126.7300033569336,131.5800018310547,126.45999908447266,131.27000427246094,8088400
2026-07-06 00:00:00+00:00,132.8800048828125,132.8800048828125,127.87999725341797,129.61000061035156,10729400
2026-07-07 00:00:00+00:00,132.6199951171875,136.60000610351562,132.0,136.36000061035156,9177300
2026-07-08 00:00:00+00:00,136.5800018310547,137.6999969482422,134.0,135.82000732421875,8454100
2026-07-09 00:00:00+00:00,135.57000732421875,136.05999755859375,133.27000427246094,134.83999633789062,5838900
2026-07-10 00:00:00+00:00,134.02000427246094,134.97000122070312,129.27000427246094,129.8300018310547,5936000
2026-07-13 00:00:00+00:00,129.66000366210938,131.6699981689453,127.94000244140625,131.39999389648438,5131600
2026-07-14 00:00:00+00:00,129.6999969482422,131.2100067138672,129.4199981689453,130.0399932861328,5255700
2026-07-15 00:00:00+00:00,130.10000610351562,132.9499969482422,129.41000366210938,131.6999969482422,4467500
2026-07-16 00:00:00+00:00,131.75999450683594,136.44000244140625,131.30999755859375,136.3000030517578,7926800
2026-07-17 00:00:00+00:00,137.61000061035156,140.61000061035156,134.08999633789062,134.27999877929688,6903200
2026-07-20 00:00:00+00:00,134.27999877929688,135.5,132.91000366210938,133.2100067138672,4104000
2026-07-21 00:00:00+00:00,130.50999450683594,132.8699951171875,129.1300048828125,130.27999877929688,8371100
2026-07-22 00:00:00+00:00,131.8300018310547,132.86000061035156,130.22999572753906,130.33999633789062,4757300
2026-07-23 00:00:00+00:00,129.22000122070312,130.5399932861328,127.61000061035156,130.22000122070312,2464754
