date,open,high,low,close,volume
2018-01-02 00:00:00+00:00,51.958894495455496,52.88076693962761,51.80475499062032,52.78461456298828,24752000
2018-01-03 00:00:00+00:00,52.75042110592872,53.83981538793895,52.69590147789493,53.65098190307617,28604000
2018-01-04 00:00:00+00:00,53.92456326127012,54.20062886887323,53.726408755055296,53.84526062011719,20092000
2018-01-05 00:00:00+00:00,54.22193821258216,54.72995986366835,54.12280991551092,54.62984085083008,25582000
2018-01-08 00:00:00+00:00,54.62984292652392,55.07789225850775,54.599610969049294,54.863285064697266,20952000
2018-01-09 00:00:00+00:00,54.9852115680415,55.043198693895555,54.58033021645551,54.82958221435547,18050000
2018-01-10 00:00:00+00:00,54.37558436764398,54.747306987423904,54.32651746584686,54.648677825927734,20856000
2018-01-11 00:00:00+00:00,54.8315645389233,54.842715764024604,54.49899787346576,54.79290771484375,19566000
2018-01-12 00:00:00+00:00,54.63876669191628,55.7232073070921,54.57631755995158,55.62259292602539,34410000
2018-01-16 00:00:00+00:00,56.13060973555485,56.49737498705693,55.40312562391039,55.597808837890625,31506000
2018-01-17 00:00:00+00:00,55.818866014445625,56.13507832865972,55.362387992020274,56.104347229003906,24052000
2018-01-18 00:00:00+00:00,56.07609337765902,56.13061299973147,55.38667237503244,55.99580001831055,23964000
2018-01-19 00:00:00+00:00,56.096903480649964,56.395770652783774,55.92194762047957,56.378421783447266,35564000
2018-01-22 00:00:00+00:00,56.377436080185376,57.48715123643118,56.25947661482576,57.285430908203125,32360000
2018-01-23 00:00:00+00:00,57.48566162575603,58.06936336741268,57.43114200828808,57.987239837646484,26662000
2018-01-24 00:00:00+00:00,58.352029864364894,58.47742348535652,57.54514473378086,57.703250885009766,28332000
2018-01-25 00:00:00+00:00,58.1141188401507,58.2831304085989,57.629889503727526,58.00706481933594,29610000
2018-01-26 00:00:00+00:00,58.24050924741914,58.278175354003906,57.39942179759987,58.278175354003906,40376000
2018-01-29 00:00:00+00:00,58.30990180467592,58.82585301318156,58.086865950702276,58.26529312133789,27578000
2018-01-30 00:00:00+00:00,57.88117124458279,58.311875455106104,57.66755478252871,57.67598342895508,31126000
2018-01-31 00:00:00+00:00,58.01697859333108,58.13741862666092,57.44997908820798,57.985755920410156,30774000
2018-02-01 00:00:00+00:00,57.6224596663585,58.18698239665618,57.37018258016751,57.874732971191406,48242000
2018-02-02 00:00:00+00:00,55.60970701014682,55.66274056090775,54.88004097884332,55.10912322998047,97158000
2018-02-05 00:00:00+00:00,54.053423166104565,55.01494687100167,52.14178033195127,52.32863235473633,75966000
2018-02-06 00:00:00+00:00,50.910146020766646,53.61281527756751,50.70976049056923,53.55780029296875,68960000
2018-02-07 00:00:00+00:00,53.60438677544258,53.616282928429705,51.9549280652682,51.97079086303711,47384000
2018-02-08 00:00:00+00:00,52.30931035243909,52.4684072329592,49.595735596010876,49.63835906982422,57182000
2018-02-09 00:00:00+00:00,50.41797553410827,51.74230160535539,49.19426383391903,51.43550491333008,70118000
2018-02-12 00:00:00+00:00,51.94204077164319,52.61114071193444,51.59152779902824,52.1373176574707,41154000
2018-02-13 00:00:00+00:00,51.79335145504905,52.45600797730068,51.74809994370887,52.14524841308594,25302000
2018-02-14 00:00:00+00:00,51.98912045551241,53.11767046531096,51.88008500402275,53.017555236816406,31116000
2018-02-15 00:00:00+00:00,53.48196440860326,54.0969947514831,52.751901368974934,53.999900817871094,36868000
2018-02-16 00:00:00+00:00,53.94488142307242,54.7507757533945,53.94007153587972,54.26158905029297,33590000
2018-02-20 00:00:00+00:00,54.05194479338158,55.21072698329581,53.95033969022149,54.64125061035156,28462000
2018-02-21 00:00:00+00:00,54.83999203142783,56.202974975028226,54.833053239420366,55.081363677978516,30258000
2018-02-22 00:00:00+00:00,55.32174636331623,55.65034638760667,54.6476890200485,54.847923278808594,26344000
2018-02-23 00:00:00+00:00,55.145793624078706,55.87139462936793,54.752955904159975,55.847110748291016,25220000
2018-02-26 00:00:00+00:00,55.89717519357597,56.69811607349837,55.84240977897008,56.687705993652344,31182000
2018-02-27 00:00:00+00:00,56.56329735007741,56.702073191572595,55.411454084309334,55.42582702636719,35482000
2018-02-28 00:00:00+00:00,55.66075781557938,55.88378988810428,54.67990373541291,54.753753662109375,37652000
2018-03-01 00:00:00+00:00,54.90938551132032,55.02090155263478,52.883794992882564,53.008644104003906,50318000
2018-03-02 00:00:00+00:00,52.19381736975562,53.627129709422185,51.94773794654826,53.474525451660156,45432000
2018-03-05 00:00:00+00:00,53.28718481323301,54.37558829913073,52.982868659692855,54.069786071777344,24044000
2018-03-06 00:00:00+00:00,54.48066125654473,54.61101224082671,54.0125404396163,54.274478912353516,30656000
2018-03-07 00:00:00+00:00,53.98354559897808,55.124982655506656,53.79976780078639,54.997108459472656,25850000
2018-03-08 00:00:00+00:00,55.27862705631191,55.887263158366714,55.15372878875679,55.807960510253906,27102000
2018-03-09 00:00:00+00:00,56.30359195964391,57.532756563014445,56.12818986558731,57.495086669921875,42560000
2018-03-12 00:00:00+00:00,57.683923539773055,58.33815527127775,57.36523064995878,57.71613693237305,43446000
2018-03-13 00:00:00+00:00,57.98872670617182,58.32377392298176,56.17125106332157,56.411136627197266,38144000
2018-03-14 00:00:00+00:00,56.76006043043749,57.423212279302156,56.5732046330465,56.97218704223633,25828000
2018-03-15 00:00:00+00:00,56.99548518180523,57.54662566044222,56.23122358979444,56.97665023803711,27908000
2018-03-16 00:00:00+00:00,57.20265991148329,57.288897562614316,56.10335106900717,56.29020309448242,61840000
2018-03-19 00:00:00+00:00,55.511074793568646,55.60920859990042,53.97462201188917,54.510398864746094,56118000
2018-03-20 00:00:00+00:00,54.469757958588445,54.77704625249041,53.699548229413,54.40582275390625,36638000
2018-03-21 00:00:00+00:00,54.1594960357268,54.83156820371491,53.7833113791907,54.06730651855469,37578000
2018-03-22 00:00:00+00:00,53.62123742036332,53.67179039581671,51.838455677143266,51.995567321777344,53340000
2018-03-23 00:00:00+00:00,51.89396857137952,52.70333048322749,50.6147464320951,50.6320915222168,43134000
2018-03-26 00:00:00+00:00,51.842914296746095,52.32020865456647,49.97934382497017,52.20026397705078,53302000
2018-03-27 00:00:00+00:00,52.68549540823093,52.77664127588541,49.410369973598854,49.8157958984375,61906000
2018-03-28 00:00:00+00:00,49.463891842960194,50.763926525322944,48.60347784864516,49.789024353027344,67386000
2018-03-29 00:00:00+00:00,50.139432503391134,51.694224756053615,49.70674684965619,51.13862228393555,54536000
2018-04-02 00:00:00+00:00,50.69403858612834,51.287806280897264,49.0857212730847,49.88368606567383,53608000
2018-04-03 00:00:00+00:00,50.25243274051377,50.603338954957984,49.26910201122169,50.22765350341797,45502000
2018-04-04 00:00:00+00:00,49.23640329384438,50.98637440503942,49.21608227335435,50.80903625488281,49694000
2018-04-05 00:00:00+00:00,51.611458767460086,51.683818837166264,50.56077058975531,50.94136428833008,27260000
2018-04-06 00:00:00+00:00,50.55427704510975,51.12028584892392,49.7131933472958,49.91194152832031,34928000
2018-04-09 00:00:00+00:00,50.39567700241843,51.525713211136896,50.26086402001547,50.328765869140625,35032000
2018-04-10 00:00:00+00:00,50.87346904030427,51.361169771971674,50.125070099345564,51.13119888305664,39490000
2018-04-11 00:00:00+00:00,50.950291807107334,51.11751482044797,50.349585208746895,50.55279541015625,29678000
2018-04-12 00:00:00+00:00,50.80407602200924,51.57973848115395,50.625403062408175,51.174312591552734,27140000
2018-04-13 00:00:00+00:00,51.58915350253646,51.8637330489473,50.70197501630287,51.013729095458984,24460000
2018-04-16 00:00:00+00:00,51.39684395490998,51.706117434223586,50.88833072911415,51.44541549682617,24224000
2018-04-17 00:00:00+00:00,52.1090685149295,53.42298454979377,51.95492523649208,53.238609313964844,46406000
2018-04-18 00:00:00+00:00,53.400677283848125,53.400677283848125,52.845324367249404,53.13551712036133,26882000
2018-04-19 00:00:00+00:00,53.00269803870499,54.230123248714214,52.9422303338345,53.909698486328125,34954000
2018-04-20 00:00:00+00:00,53.62718756363331,54.140166649423286,53.01112108408832,53.17913818359375,37794000
2018-04-23 00:00:00+00:00,53.42200290006819,53.662879228350675,52.57149970926593,52.90605163574219,46826000
2018-04-24 00:00:00+00:00,52.14029721552187,52.38811232354499,50.08789306564084,50.55329132080078,95206000
2018-04-25 00:00:00+00:00,50.8278726306065,51.17332620729164,50.32183231733123,50.61276626586914,47822000
2018-04-26 00:00:00+00:00,51.02562796541458,51.94105709555769,50.464576429511716,51.54752731323242,41590000
2018-04-27 00:00:00+00:00,51.84291413544328,52.01638393569271,50.831332794339716,51.05238342285156,32396000
2018-04-30 00:00:00+00:00,51.050401585035885,51.39684582487442,50.39815135992986,50.42194366455078,33426000
2018-05-01 00:00:00+00:00,50.24004061926744,51.46970031910282,49.969923115660194,51.412208557128906,28558000
2018-05-02 00:00:00+00:00,50.95573375315911,51.564815976846795,50.69652166913743,50.7713623046875,32062000
2018-05-03 00:00:00+00:00,50.504721375125214,51.033805286266215,49.87477350522396,50.7386589050293,36302000
2018-05-04 00:00:00+00:00,50.400633364707346,51.96731809871606,50.400633364707346,51.952449798583984,38774000
2018-05-07 00:00:00+00:00,52.00300942225937,52.62007042611936,51.89744145274157,52.27857971191406,29322000
2018-05-08 00:00:00+00:00,52.46443797820994,52.56406164616859,51.89966941555786,52.234962463378906,24354000
2018-05-09 00:00:00+00:00,52.44263019119894,53.79768373119527,52.35663832134771,53.66485595703125,40656000
2018-05-10 00:00:00+00:00,53.82691936575214,54.54112334647253,53.807592845326134,54.39888000488281,28860000
2018-05-11 00:00:00+00:00,54.20211338908184,54.58523679498895,54.068790270560406,54.433074951171875,25074000
2018-05-14 00:00:00+00:00,54.519317271106544,55.05211817734915,54.475207729926716,54.52922821044922,30362000
2018-05-15 00:00:00+00:00,54.02369415460533,54.02617094442428,53.20441745879915,53.489898681640625,29898000
2018-05-16 00:00:00+00:00,53.39473686704243,53.987510144959806,53.34269403380493,53.615787506103516,21946000
2018-05-17 00:00:00+00:00,53.52260240139293,53.86855127108179,53.205894772187015,53.45817184448242,20876000
2018-05-18 00:00:00+00:00,52.6289844155337,53.029456713802176,52.57050193028702,52.852020263671875,31304000
2018-05-21 00:00:00+00:00,53.23365148217446,53.924562307173915,53.213330464340416,53.507240295410156,20464000
2018-05-22 00:00:00+00:00,53.704504922451825,53.85467778069562,52.86837478592543,53.019046783447266,21800000
2018-05-23 00:00:00+00:00,52.791057141479094,53.566719576412765,52.62155019961464,53.5126953125,21214000
2018-05-24 00:00:00+00:00,53.47849462530637,53.551350049975206,52.84160805935824,53.49039077758789,15336000
2018-05-25 00:00:00+00:00,53.479484954279414,53.65493618305184,53.21952793743815,53.31295394897461,17988000
2018-05-29 00:00:00+00:00,52.77916526739839,53.19945947866934,52.29989320825482,52.55266189575195,37302000
2018-05-30 00:00:00+00:00,52.68697134467851,52.99326889492697,52.37967929731005,52.92338562011719,22770000
2018-05-31 00:00:00+00:00,52.91149387122182,54.3800486056248,52.91149387122182,53.7753791809082,61766000
2018-06-01 00:00:00+00:00,54.48710710454032,55.51058472035661,54.444978989542356,55.485801696777344,48432000
2018-06-04 00:00:00+00:00,55.62606730199066,56.59552064712064,55.60995871483091,56.46665573120117,37792000
2018-06-05 00:00:00+00:00,56.550901981096075,56.78622722236288,56.16431108292061,56.4849853515625,33560000
2018-06-06 00:00:00+00:00,56.609390317863785,56.65052771110527,55.795218572886235,56.34720230102539,33964000
2018-06-07 00:00:00+00:00,56.07163404717826,56.2946661102567,55.33809973466942,55.7018928527832,30400000
2018-06-08 00:00:00+00:00,55.420368754228825,55.841158239079284,55.121501585697864,55.55369186401367,25816000
2018-06-11 00:00:00+00:00,55.44118790118947,56.36603241369824,55.44118790118947,56.00571060180664,21586000
2018-06-12 00:00:00+00:00,56.059238671141706,56.49142518329354,56.042634728897504,56.46813201904297,18240000
2018-06-13 00:00:00+00:00,56.55734586159901,56.8239958731604,56.17372710764035,56.24361038208008,30128000
2018-06-14 00:00:00+00:00,56.692662565745394,57.268582358294424,56.53356569202681,57.10254669189453,26868000
2018-06-15 00:00:00+00:00,56.94096556276214,57.16697354390327,56.67456511638737,57.10947799682617,42450000
2018-06-18 00:00:00+00:00,56.682749817232036,58.20235303005686,56.679777669418755,58.16022491455078,28274000
2018-06-19 00:00:00+00:00,57.4187550422276,58.05167498773147,57.196218333842154,57.892578125,32420000
2018-06-20 00:00:00+00:00,58.25190888076373,58.7959139673599,57.94709738369751,57.98080062866211,32970000
2018-06-21 00:00:00+00:00,58.22911397192745,58.35029516178039,57.108096267848616,57.37712478637695,24762000
2018-06-22 00:00:00+00:00,57.45048040668599,57.61686395685321,56.86166996758828,57.26907730102539,26220000
2018-06-25 00:00:00+00:00,56.68026176837302,56.695625425073544,55.15272935011788,55.74897384643555,43146000
2018-06-26 00:00:00+00:00,55.907086066242535,56.16530745512044,55.34499095091755,55.43425369262695,31264000
2018-06-27 00:00:00+00:00,55.57699729574793,56.09721009804283,54.69873902224214,54.716583251953125,25878000
2018-06-28 00:00:00+00:00,54.622911455399915,55.62507734651185,54.3215674306384,55.2241096496582,21448000
2018-06-29 00:00:00+00:00,55.510580831027845,55.918336033100005,55.262765738032186,55.29498291015625,26302000
2018-07-02 00:00:00+00:00,54.469757674127855,55.907085955984414,54.212027862324454,55.88032150268555,24346000
2018-07-03 00:00:00+00:00,56.29467331317576,56.29467331317576,54.520316177007906,54.66256332397461,13580000
2018-07-05 00:00:00+00:00,55.04121762350186,55.882301321006906,54.939612531755905,55.72221374511719,21334000
2018-07-06 00:00:00+00:00,55.6880203354814,56.547939057795276,55.547111794659514,56.51026916503906,19922000
2018-07-09 00:00:00+00:00,56.92213081298989,57.228927507001806,56.671343592585885,57.19819641113281,18180000
2018-07-10 00:00:00+00:00,57.3434133388678,57.47277358825128,56.97714346234681,57.138221740722656,15968000
2018-07-11 00:00:00+00:00,56.729330026712034,57.70572200776952,56.55139823164186,57.19076156616211,22400000
2018-07-12 00:00:00+00:00,57.48764535114972,58.7029322173984,57.291623533789874,58.656837463378906,25038000
2018-07-13 00:00:00+00:00,58.73216858033659,59.248467596049544,58.484353523035594,58.92150115966797,24438000
2018-07-16 00:00:00+00:00,58.949762452390615,59.02955667685528,58.448679528463444,58.67567825317383,21114000
2018-07-17 00:00:00+00:00,58.098761712368784,59.62629430833079,58.01846835171621,59.41614532470703,32208000
2018-07-18 00:00:00+00:00,59.305122769982354,59.698652489864976,58.996839987335214,59.271419525146484,27872000
2018-07-19 00:00:00+00:00,59.0295532587699,59.47562117384537,58.64891040253931,58.82931900024414,25534000
2018-07-20 00:00:00+00:00,58.829319633365635,59.3199924545502,58.69351593502775,58.72771453857422,24948000
2018-07-23 00:00:00+00:00,58.534413971157385,59.797281621388024,58.53391861327654,59.74821472167969,52384000
2018-07-24 00:00:00+00:00,62.57776574438183,62.74677353094231,61.238076054596846,61.858604431152344,66364000
2018-07-25 00:00:00+00:00,61.415025849806675,62.73984364749556,61.415025849806675,62.632789611816406,42556000
2018-07-26 00:00:00+00:00,62.00333477665902,62.93368123788387,61.90520096902308,62.86226272583008,48112000
2018-07-27 00:00:00+00:00,62.99459868264594,63.137836538783574,61.012077850579296,61.3838005065918,42612000
2018-07-30 00:00:00+00:00,60.863874950705345,61.20615588575506,60.04410307381641,60.45398712158203,36998000
2018-07-31 00:00:00+00:00,60.467372806589005,60.84295996163218,59.75316883271731,60.33107376098633,32894000
2018-08-01 00:00:00+00:00,60.86338700361741,61.134495257305666,59.981661255036364,60.467376708984375,31344000
2018-08-02 00:00:00+00:00,59.76804605236055,60.95656861350159,59.713031068023255,60.771697998046875,30626000
2018-08-03 00:00:00+00:00,60.943679827053394,60.96251477298544,60.222041618537496,60.65076446533203,21792000
2018-08-06 00:00:00+00:00,60.71469745638048,60.76862340581506,60.25856734092604,60.70329666137695,21634000
2018-08-07 00:00:00+00:00,61.309451927096234,62.0117598033927,61.26831453128713,61.568172454833984,29880000
2018-08-08 00:00:00+00:00,61.48143690773993,62.27593431296022,61.35941247629502,61.73619079589844,27406000
2018-08-09 00:00:00+00:00,61.94881196724852,62.228447172054636,61.756011867351965,61.90916442871094,16972000
2018-08-10 00:00:00+00:00,61.606836571127594,61.7404092756367,61.06164031543393,61.339691162109375,22174000
2018-08-13 00:00:00+00:00,61.30845768874152,61.9177365557053,61.14296655682279,61.210819244384766,19946000
2018-08-14 00:00:00+00:00,61.21974014983505,61.74907355231906,60.72014712818139,61.56222152709961,26962000
2018-08-15 00:00:00+00:00,60.92584028449217,61.222226937585155,59.9469675970695,60.1883430480957,36576000
2018-08-16 00:00:00+00:00,60.70131907333118,60.764263566082604,59.602010107591184,59.79729080200195,26864000
2018-08-17 00:00:00+00:00,59.576238354123475,59.922682623472106,58.892761616323504,59.5232048034668,27792000
2018-08-20 00:00:00+00:00,59.724433961494064,60.02082062991087,59.209276791281475,59.86073303222656,17416000
2018-08-21 00:00:00+00:00,59.87212813400071,60.331079146334176,59.493167973881114,59.55591583251953,24112000
2018-08-22 00:00:00+00:00,59.47562281686445,60.062448024214,59.42606055412205,59.83892059326172,17748000
2018-08-23 00:00:00+00:00,59.82949597337091,60.53031772667809,59.68576655845311,59.74226760864258,19852000
2018-08-24 00:00:00+00:00,59.91277366593918,60.548665811487325,59.79079838607151,60.49910354614258,18932000
2018-08-27 00:00:00+00:00,60.84355902843554,61.61128814376347,60.75018217391204,61.548343658447266,23126000
2018-08-28 00:00:00+00:00,61.52207348640393,61.58427682446163,60.897582223168115,61.01950454711914,26080000
2018-08-29 00:00:00+00:00,61.331754492391035,61.98648149937057,61.27768107342781,61.91907501220703,25978000
2018-08-30 00:00:00+00:00,61.66778808878579,62.13393120687263,61.090877652707185,61.41452407836914,26628000
2018-08-31 00:00:00+00:00,61.20933402463024,61.39172404789836,60.034938754146864,60.37717056274414,36328000
2018-09-04 00:00:00+00:00,59.6872604588482,60.11945082012572,59.10390273178223,59.326934814453125,36620000
2018-09-05 00:00:00+00:00,59.16832533739245,59.42655048819028,57.5922213253423,58.80552673339844,41226000
2018-09-06 00:00:00+00:00,58.79660703493991,58.79660703493991,57.09659536215591,58.06010055541992,37770000
2018-09-07 00:00:00+00:00,57.4271799013355,58.24943244922658,57.35506562009792,57.73249053955078,28026000
2018-09-10 00:00:00+00:00,58.097267581135256,58.21374096117744,57.498546308848425,57.72306442260742,22308000
2018-09-11 00:00:00+00:00,57.57388654650645,58.41893308479123,57.306741167622974,58.353511810302734,24186000
2018-09-12 00:00:00+00:00,58.123542493466914,58.41546711891527,57.41181527488311,57.63286590576172,25910000
2018-09-13 00:00:00+00:00,58.02540510409571,58.415467317224135,57.634355956503995,58.252899169921875,28624000
2018-09-14 00:00:00+00:00,58.43975595604798,58.50542680321348,57.905960531385226,58.1141242980957,18880000
2018-09-17 00:00:00+00:00,57.995670182522815,58.3475671585637,57.197209927745156,57.29732894897461,26130000
2018-09-18 00:00:00+00:00,57.3488697256316,58.29007242346633,57.3488697256316,57.553565979003906,24072000
2018-09-19 00:00:00+00:00,57.739925057752345,58.14782772647716,57.224469218542694,58.042755126953125,23828000
2018-09-20 00:00:00+00:00,58.48386427677112,58.97453708272249,58.15526047817231,58.82485580444336,24508000
2018-09-21 00:00:00+00:00,59.07911667342356,59.08952675263498,57.79246037748644,57.79494094848633,88112000
2018-09-24 00:00:00+00:00,57.35283566397968,58.38523336032592,56.84431864451743,58.15575408935547,25420000
2018-09-25 00:00:00+00:00,58.293539799747414,58.825353771018506,57.88960379351102,58.71482467651367,19554000
2018-09-26 00:00:00+00:00,58.7396133211392,59.18964412455431,58.224902382844576,58.50865173339844,29246000
2018-09-27 00:00:00+00:00,58.81791729250863,59.57970213242328,58.664273150228794,59.2099609375,25216000
2018-09-28 00:00:00+00:00,59.07267108242856,59.24812609796649,58.70739189059745,59.151973724365234,27612000
2018-10-01 00:00:00+00:00,59.47016275229733,59.966288239087135,58.99485364016952,59.2431640625,27152000
2018-10-02 00:00:00+00:00,59.02757321101915,59.96927132462181,58.81296600510435,59.481075286865234,33758000
2018-10-03 00:00:00+00:00,59.72343507825624,59.79331835698387,59.16981778543246,59.621829986572266,25124000
2018-10-04 00:00:00+00:00,59.24416379520018,59.352212329282196,57.27383785853129,57.899024963378906,44190000
2018-10-05 00:00:00+00:00,57.86482351599098,58.16220086772443,56.75560368739669,57.361759185791016,23686000
2018-10-08 00:00:00+00:00,57.00292363111253,57.889606752460466,55.875560841761654,56.9464225769043,38648000
2018-10-09 00:00:00+00:00,56.806653371235285,57.21306997723448,56.38150391634357,56.443359375,26174000
2018-10-10 00:00:00+00:00,56.05973582149843,56.113760082584264,53.58406186236061,53.588523864746094,53514000
2018-10-11 00:00:00+00:00,53.178145754853766,54.836524727810776,52.946688812277834,53.49435806274414,58980000
2018-10-12 00:00:00+00:00,54.9158297222371,55.262769362643034,53.84536495054754,55.0189208984375,42026000
2018-10-15 00:00:00+00:00,54.96092435614643,55.185741220105506,53.974126023213124,54.13520431518555,27448000
2018-10-16 00:00:00+00:00,54.74681800285836,55.719738849088365,54.643231468925876,55.57402420043945,38570000
2018-10-17 00:00:00+00:00,55.830758157166926,55.95615177381244,54.62786276262704,55.29696273803711,29344000
2018-10-18 00:00:00+00:00,55.60177267332653,55.60177267332653,53.38382847390314,53.923072814941406,41890000
2018-10-19 00:00:00+00:00,54.19071568727616,55.03279389942778,53.91217328223461,54.343868255615234,25352000
2018-10-22 00:00:00+00:00,54.67098369040147,55.12547648448794,54.07325304519226,54.576812744140625,30284000
2018-10-23 00:00:00+00:00,53.572165739637676,54.91036941342951,53.03242604909097,54.702205657958984,36974000
2018-10-24 00:00:00+00:00,54.729960735207705,54.822641818553365,51.97871653685111,52.07635498046875,39648000
2018-10-25 00:00:00+00:00,53.12114734821992,55.06352138334362,53.01012667220117,54.29975509643555,50916000
2018-10-26 00:00:00+00:00,51.39833527441024,54.84296332962751,51.25261686315183,53.10528564453125,83752000
2018-10-29 00:00:00+00:00,53.65047856937193,54.37261207312094,49.35633815127183,50.55824279785156,77614000
2018-10-30 00:00:00+00:00,49.98232201237046,51.421136380164455,49.600189294103124,51.357696533203125,64254000
2018-10-31 00:00:00+00:00,52.52737743352516,54.119835747470134,52.38810246494219,53.36796569824219,50596000
2018-11-01 00:00:00+00:00,53.31990282132049,53.72507918650958,52.65873225405269,53.03243637084961,29640000
2018-11-02 00:00:00+00:00,53.21730056182577,53.675510427257436,52.26965437466142,52.42726516723633,36780000
2018-11-05 00:00:00+00:00,52.28898248310602,52.460966211111426,50.61573531590441,51.54999923706055,48828000
2018-11-06 00:00:00+00:00,51.51976261533447,52.75214878607871,51.449879337931975,52.32912826538086,24666000
2018-11-07 00:00:00+00:00,52.982864151386096,54.2942996011444,52.82921623251837,54.19170379638672,41168000
2018-11-08 00:00:00+00:00,54.09209186177523,54.18576745680703,53.1417192393663,53.64701461791992,29764000
2018-11-09 00:00:00+00:00,53.23018609865237,53.30799888645605,52.19530778427171,52.841609954833984,26864000
2018-11-12 00:00:00+00:00,52.60569694671272,52.64187698547148,51.099475951865216,51.47764205932617,29436000
2018-11-13 00:00:00+00:00,51.708601539106446,52.368531723431836,51.10690427005026,51.34976577758789,30274000
2018-11-14 00:00:00+00:00,52.0411671951963,52.2673718157599,51.09946912777352,51.72693634033203,31318000
2018-11-15 00:00:00+00:00,51.77898043202885,53.12411918644081,51.13813097768939,52.770240783691406,36722000
2018-11-16 00:00:00+00:00,52.50755413326892,52.883734963032985,51.990612255004436,52.61064529418945,33162000
2018-11-19 00:00:00+00:00,52.39802028346971,52.57595208283473,50.36890956355766,50.55427551269531,37172000
2018-11-20 00:00:00+00:00,49.56302197995498,51.13615408239996,49.36575985168744,50.83976364135742,48982000
2018-11-21 00:00:00+00:00,51.38496157487576,51.969805404462754,51.22189804748895,51.42708969116211,30686000
2018-11-23 00:00:00+00:00,51.04990745294407,51.42609208259168,50.67317830772944,50.74658203125,13830000
2018-11-26 00:00:00+00:00,51.46375451678085,52.006965476474576,51.24369461625295,51.9727668762207,38856000
2018-11-27 00:00:00+00:00,51.59510278853573,52.41686001532033,51.47069988125706,51.76411437988281,36064000
2018-11-28 00:00:00+00:00,51.97971434415411,53.867073544183825,51.33539354977946,53.83684158325195,49508000
2018-11-29 00:00:00+00:00,53.33377013183804,54.23408121203102,53.32980348733456,53.939430236816406,29378000
2018-11-30 00:00:00+00:00,53.97760008496037,54.299760489394465,53.422992007704785,54.24325942993164,51604000
2018-12-03 00:00:00+00:00,55.66620951288142,55.741046372709114,54.70096867865397,54.838008880615234,39824000
2018-12-04 00:00:00+00:00,54.67395367460309,54.73838801690913,52.040177244695364,52.081809997558594,46904000
2018-12-06 00:00:00+00:00,51.26104965463389,53.091907711191304,51.08807520104398,52.969486236572266,55384000
2018-12-07 00:00:00+00:00,52.53729258865926,53.29312934282616,50.97556146243687,51.37602996826172,42024000
2018-12-10 00:00:00+00:00,51.300199475335404,51.9643458706168,50.7173409354567,51.52323532104492,36154000
2018-12-11 00:00:00+00:00,52.362831193714555,52.566532948542815,51.53760653314384,52.12790298461914,27894000
2018-12-12 00:00:00+00:00,52.93330431433464,53.60983844585815,52.675079147311514,52.71918869018555,30476000
2018-12-13 00:00:00+00:00,52.93676454512744,53.516155506037286,52.23594284648436,52.63096237182617,26596000
2018-12-14 00:00:00+00:00,52.040173788585214,52.66565953717831,51.58469032690577,51.64961624145508,33732000
2018-12-17 00:00:00+00:00,51.42212948137519,52.19729660963429,49.954569160268676,50.38229751586914,47708000
2018-12-18 00:00:00+00:00,50.85612154165433,52.01539907712368,50.62565152430364,50.98597717285156,43850000
2018-12-19 00:00:00+00:00,51.24766623634039,52.635923835569606,49.96200066647579,50.70346450805664,49586000
2018-12-20 00:00:00+00:00,50.461597839826865,51.25906360184627,49.382609957773965,50.0294075012207,53470000
2018-12-21 00:00:00+00:00,50.32132949032405,50.75351980619261,48.25901463515496,48.54895782470703,91920000
2018-12-24 00:00:00+00:00,48.26942353566396,49.73846986489305,48.081580784109164,48.3844108581543,31806000
2018-12-26 00:00:00+00:00,49.018318878608525,51.54553657736371,48.720446181339874,51.51877212524414,47466000
2018-12-27 00:00:00+00:00,50.41302477198598,51.73834173246172,49.41433020576456,51.73784637451172,42196000
2018-12-28 00:00:00+00:00,52.022337064938945,52.31674228673451,51.20355574687359,51.40081787109375,28296000
2018-12-31 00:00:00+00:00,52.08874357538449,52.17498121995778,50.73220417501618,51.32794952392578,29866000
2019-01-02 00:00:00+00:00,50.38427393469616,52.15615402231458,50.341650467033794,51.835479736328125,30652000
2019-01-03 00:00:00+00:00,51.59510067338943,52.38711748454018,50.260368213364714,50.35900115966797,36822000
2019-01-04 00:00:00+00:00,51.17827512673147,53.074058943007344,50.92193308885542,53.0676155090332,41878000
2019-01-07 00:00:00+00:00,53.10677236808774,53.23067990801265,52.27708569594955,52.95262908935547,39638000
2019-01-08 00:00:00+00:00,53.33525646986528,53.75406455452194,52.563065356356866,53.34368133544922,35298000
2019-01-09 00:00:00+00:00,53.60983381021651,53.658405351513046,52.853997100830796,53.263389587402344,23986000
2019-01-10 00:00:00+00:00,52.91644994080382,53.08942438541833,52.42330034372342,53.04878234863281,29128000
2019-01-11 00:00:00+00:00,52.694403933010385,52.72389474217079,51.965827045487536,52.39752197265625,30416000
2019-01-14 00:00:00+00:00,51.88851757139501,52.117002367607135,51.607744152085765,51.777992248535156,22886000
2019-01-15 00:00:00+00:00,52.04959342450191,53.53053587835969,51.90933150627294,53.386802673339844,29272000
2019-01-16 00:00:00+00:00,53.52806516431885,54.14140909020344,53.495352631163726,53.576141357421875,26636000
2019-01-17 00:00:00+00:00,53.50178826890117,54.11290110415514,53.205897002419576,54.01873016357422,24854000
2019-01-18 00:00:00+00:00,54.51931638188599,54.93326541778309,54.068291131311305,54.433074951171875,39112000
2019-01-22 00:00:00+00:00,53.924566777033554,54.098531947105535,52.70878445556371,53.058204650878906,32270000
2019-01-23 00:00:00+00:00,53.39671361415901,53.77239908347452,52.52440350605867,53.30849075317383,19340000
2019-01-24 00:00:00+00:00,53.35359745282718,53.50203844565543,52.57149159821509,53.22572326660156,27226000
2019-01-25 00:00:00+00:00,53.77587192681532,54.221939823493685,53.6182611439437,54.07275390625,22382000
2019-01-28 00:00:00+00:00,53.53350843106745,53.676746269134846,52.72513351596159,53.03639221191406,25686000
2019-01-29 00:00:00+00:00,53.16525070282579,53.28767215949223,52.33185080213348,52.56752014160156,20436000
2019-01-30 00:00:00+00:00,52.95461357893241,54.073248928288876,52.87630165520224,53.97709655761719,25596000
2019-01-31 00:00:00+00:00,54.668012820943794,55.378250235251905,54.29182816639636,55.33066940307617,30766000
2019-02-01 00:00:00+00:00,55.133895821063504,55.75839085744712,54.761677857464,55.05211639404297,29244000
2019-02-04 00:00:00+00:00,55.14678606424278,56.14498519897461,54.96637746841487,56.14498519897461,51530000
2019-02-05 00:00:00+00:00,55.75046081941512,56.841340964475094,55.37417789966803,56.7987174987793,71044000
2019-02-06 00:00:00+00:00,56.480525134854716,56.848776459240455,55.15223618704957,55.27416229248047,42112000
2019-02-07 00:00:00+00:00,54.72549700131201,54.759200243650774,53.82543174111126,54.455379486083984,40896000
2019-02-08 00:00:00+00:00,53.87500109315283,54.465297597658164,53.852698641734435,54.274478912353516,21516000
2019-02-11 00:00:00+00:00,54.36815555525425,54.81397392939921,54.16544449408186,54.272003173828125,21304000
2019-02-12 00:00:00+00:00,54.856346260706744,55.77301551217394,54.8092607904889,55.5784797668457,32182000
2019-02-13 00:00:00+00:00,55.75789913183302,56.240642436557096,55.436234120869415,55.51850891113281,20996000
2019-02-14 00:00:00+00:00,55.413935378771384,55.91848580961329,55.03700957482537,55.593353271484375,18952000
2019-02-15 00:00:00+00:00,56.01017723851757,56.088980743446164,55.04716740115293,55.19585418701172,28996000
2019-02-19 00:00:00+00:00,55.01495574370157,55.60426157175324,55.01495574370157,55.43921661376953,20928000
2019-02-20 00:00:00+00:00,55.51007808040485,55.679585003230066,54.78100584114813,55.20328140258789,21756000
2019-02-21 00:00:00+00:00,55.056576303946244,55.11109591988794,54.14858155721415,54.369136810302734,28302000
2019-02-22 00:00:00+00:00,54.563914639448875,55.076398238375546,54.30123129750554,55.03327941894531,20990000
2019-02-25 00:00:00+00:00,55.31233586575647,55.43822486186847,54.87965010734268,54.98522186279297,28262000
2019-02-26 00:00:00+00:00,54.804300367380506,55.48628715717814,54.51534790949253,55.269203186035156,29426000
2019-02-27 00:00:00+00:00,54.86378261308226,55.410461128470004,54.568882051022804,55.3148078918457,19368000
2019-02-28 00:00:00+00:00,55.079377917566,55.88973428203263,55.065004975790394,55.50661087036133,30850000
2019-03-01 00:00:00+00:00,55.7534338437927,56.64903712080394,55.7459996941408,56.5509033203125,29006000
2019-03-04 00:00:00+00:00,56.848281057152775,57.40785018609902,56.04040527788396,56.888427734375,28920000
2019-03-05 00:00:00+00:00,57.00043947705966,57.9693973291905,56.8088796641022,57.593711853027344,28864000
2019-03-06 00:00:00+00:00,57.6165146938531,57.86809602370845,57.269575070600695,57.38703918457031,21986000
2019-03-07 00:00:00+00:00,57.28096870537371,57.33226660893111,56.24956169724898,56.66539764404297,23332000
2019-03-08 00:00:00+00:00,55.84413860955142,56.852747860097125,55.67414008640166,56.61682891845703,24248000
2019-03-11 00:00:00+00:00,56.722395433506634,58.29552739949543,56.722395433506634,58.27421188354492,34384000
2019-03-12 00:00:00+00:00,58.39812242534839,59.4756242698381,58.39812242534839,59.13859558105469,40262000
2019-03-13 00:00:00+00:00,59.507590903797706,59.52171805838016,59.07614548528896,59.1445426940918,28718000
2019-03-14 00:00:00+00:00,59.203520276990716,59.37055043476651,58.70640401121162,58.759437561035156,23456000
2019-03-15 00:00:00+00:00,59.14751126309181,59.305617406470596,58.613719633322276,58.70541000366211,49236000
2019-03-18 00:00:00+00:00,58.647922402960994,58.97999372903545,58.35654227390637,58.69550323486328,25852000
2019-03-19 00:00:00+00:00,58.921005704729914,59.475617471195434,58.775291077193614,59.41862106323242,30414000
2019-03-20 00:00:00+00:00,59.344274200426824,60.820754519419516,59.28578793900421,60.66364288330078,44548000
2019-03-21 00:00:00+00:00,60.26862772757376,61.05122894334426,60.12737509587096,61.03883743286133,24080000
2019-03-22 00:00:00+00:00,60.7801170332709,60.962507048724966,59.61563275207629,59.74821472167969,34284000
2019-03-25 00:00:00+00:00,59.32345889440819,59.79272162713265,58.83328147119711,59.12867736816406,29936000
2019-03-26 00:00:00+00:00,59.40276175754496,59.615882883928435,58.3217924674864,58.713340759277344,38024000
2019-03-27 00:00:00+00:00,58.75695563087599,58.85900313774763,57.46187078545119,58.13840866088867,28004000
2019-03-28 00:00:00+00:00,58.06505437121876,58.066294656630674,57.46489614209688,57.91388702392578,19234000
2019-03-29 00:00:00+00:00,58.23158594090224,58.43430076191575,57.635840550743204,58.15278244018555,25398000
2019-04-01 00:00:00+00:00,58.687569902525574,59.31007975886882,58.5834842398374,59.199554443359375,25050000
2019-04-02 00:00:00+00:00,59.24366851165621,59.54253573357002,58.7673686106951,59.49991226196289,16558000
2019-04-03 00:00:00+00:00,59.8463489495595,60.28349282913665,59.50040007836228,59.7690315246582,20286000
2019-04-04 00:00:00+00:00,59.770026555933285,60.252274507314155,59.68031761472937,60.21906661987305,19000000
2019-04-05 00:00:00+00:00,60.21856650307067,60.27952955465532,59.72491779582143,59.82999038696289,18144000
2019-04-08 00:00:00+00:00,59.86666893013438,59.90632024834608,59.46867723710565,59.66593933105469,17204000
2019-04-09 00:00:00+00:00,59.27736736544439,59.589117652237334,59.132643447070386,59.33932113647461,17528000
2019-04-10 00:00:00+00:00,59.509325180694766,59.663218896967166,59.298930410106614,59.582679748535156,14492000
2019-04-11 00:00:00+00:00,59.67188872718613,59.87013775991529,59.482060778532045,59.70459747314453,14204000
2019-04-12 00:00:00+00:00,59.97125444140168,60.38510520630455,59.877578850932146,60.3613166809082,18668000
2019-04-15 00:00:00+00:00,60.367756308765124,60.67504459455519,59.92714111722747,60.521400451660156,23748000
2019-04-16 00:00:00+00:00,60.714691146699025,61.00314824642267,60.472824156640506,60.82025909423828,17126000
2019-04-17 00:00:00+00:00,61.111204538950794,61.48589933271921,60.85446543593636,61.2767448425293,24438000
2019-04-18 00:00:00+00:00,61.41749613897796,61.55726269077636,61.190992798987594,61.27822494506836,26636000
2019-04-22 00:00:00+00:00,61.259395584609635,61.90866992575175,60.87875271663691,61.89628219604492,16146000
2019-04-23 00:00:00+00:00,61.98796355200767,62.89546293630365,61.77434709145403,62.67490768432617,26398000
2019-04-24 00:00:00+00:00,62.653601946320876,62.846402051048344,62.20158596344463,62.25114822387695,20376000
2019-04-25 00:00:00+00:00,62.685820757000094,62.81656878684464,62.05439062241375,62.620399475097656,22146000
2019-04-26 00:00:00+00:00,62.89547072164077,63.09719105576355,62.465261818752396,63.05308151245117,24828000
2019-04-29 00:00:00+00:00,63.14328239979059,63.90010985699133,62.76139927523634,63.81634521484375,49988000
2019-04-30 00:00:00+00:00,58.73217256202719,59.1192588304985,58.236542413824424,58.9046516418457,124140000
2019-05-01 00:00:00+00:00,58.88334036194835,58.88334036194835,57.848961232961855,57.8935661315918,52784000
2019-05-02 00:00:00+00:00,57.87771247573592,58.1964015737132,57.245386174498876,57.62246322631836,38896000
2019-05-03 00:00:00+00:00,58.16963195794889,58.82138682040963,57.93916575142036,58.75199890136719,39614000
2019-05-06 00:00:00+00:00,57.80336605714712,59.022120508433986,57.80336605714712,58.94976043701172,31278000
2019-05-07 00:00:00+00:00,58.507653460077165,59.00179755831792,57.54464364265227,58.19194030761719,31028000
2019-05-08 00:00:00+00:00,58.088350190048196,58.50537349070838,57.77759061572323,57.80385971069336,26186000
2019-05-09 00:00:00+00:00,57.44502543749975,57.97188208022694,57.039599551737304,57.611061096191406,23714000
2019-05-10 00:00:00+00:00,57.67103155740638,58.11759482483498,56.62574695353702,57.704734802246094,26290000
2019-05-13 00:00:00+00:00,56.59898569351482,56.89537234030006,55.615159447520405,56.10682678222656,37212000
2019-05-14 00:00:00+00:00,56.36355568080211,56.52265253278639,55.48827342526766,55.53238296508789,36732000
2019-05-15 00:00:00+00:00,55.40500789829478,58.0546469675084,55.34533428941571,57.70175552368164,45786000
2019-05-16 00:00:00+00:00,57.716623660036234,58.888791663951466,57.63385351739205,58.43380355834961,30628000
2019-05-17 00:00:00+00:00,57.912896009295316,58.491791659603145,57.49359257099884,57.607093811035156,24172000
2019-05-20 00:00:00+00:00,56.72486793494292,56.83871705783152,56.07772634828305,56.44483947753906,27066000
2019-05-21 00:00:00+00:00,56.92262492765815,57.13168107741895,56.39973498363843,56.9791259765625,23196000
2019-05-22 00:00:00+00:00,56.83639127566904,57.419745172617205,56.793764025697904,57.067848205566406,18290000
2019-05-23 00:00:00+00:00,56.52662631764859,56.79788206035803,55.96775289456048,56.540008544921875,23978000
2019-05-24 00:00:00+00:00,56.86662240473744,56.98582215469314,56.088483200184136,56.178192138671875,22240000
2019-05-28 00:00:00+00:00,56.204464653323164,57.07612823968521,56.16084668550884,56.21189880371094,27300000
2019-05-29 00:00:00+00:00,55.88330107705352,55.961613015663914,54.926734548886756,55.33513641357422,30764000
2019-05-30 00:00:00+00:00,55.28952815446277,55.66571278280788,55.120021215308476,55.408973693847656,19038000
2019-05-31 00:00:00+00:00,54.58325596985079,54.995125291985566,54.52824098864662,54.69923400878906,30156000
2019-06-03 00:00:00+00:00,52.80939106159135,52.80939106159135,50.8020875530497,51.358680725097656,102612000
2019-06-04 00:00:00+00:00,51.68927269842352,52.341027604898166,51.232798475605584,52.19233703613281,56670000
2019-06-05 00:00:00+00:00,52.11749024136376,52.21711389382914,51.07419093759418,51.65556335449219,43368000
2019-06-06 00:00:00+00:00,51.79286017817942,51.91676772730888,51.233294775341925,51.760643005371094,34064000
2019-06-07 00:00:00+00:00,52.07239247250862,53.07802571928461,51.96186337888677,52.83615493774414,36048000
2019-06-10 00:00:00+00:00,53.18012880841148,54.155530215995626,53.14751837329225,53.546897888183594,29284000
2019-06-11 00:00:00+00:00,54.2209469400081,54.61794413802606,53.40925200787355,53.46461486816406,28734000
2019-06-12 00:00:00+00:00,53.42893174541103,53.57415101652154,52.910500006326735,53.380855560302734,21220000
2019-06-13 00:00:00+00:00,53.70847186525423,54.23037117774488,53.53549740412517,53.962730407714844,21154000
2019-06-14 00:00:00+00:00,53.84625028436293,54.1570098460621,53.53657975376265,53.79322052001953,22230000
2019-06-17 00:00:00+00:00,53.83931167861761,54.47867503254493,53.83931167861761,54.1475944519043,18832000
2019-06-18 00:00:00+00:00,54.99958562743178,55.331656936314054,54.46926149278042,54.69774627685547,27734000
2019-06-19 00:00:00+00:00,54.796872787609395,54.8662607119429,54.19616999351149,54.634803771972656,26776000
2019-06-20 00:00:00+00:00,55.5100871647557,55.51653059937688,54.754250351813354,55.085330963134766,25240000
2019-06-21 00:00:00+00:00,54.977283255372434,55.71428508277105,54.91978770481629,55.603759765625,38952000
2019-06-24 00:00:00+00:00,55.49125094000253,55.60970576881195,55.065008674374745,55.28853988647461,27912000
2019-06-25 00:00:00+00:00,55.14679013978265,55.230551009653105,53.716400573199806,53.84278869628906,30938000
2019-06-26 00:00:00+00:00,53.85021781564812,54.170888321899376,53.143447964900915,53.51814651489258,36218000
2019-06-27 00:00:00+00:00,53.726309656813726,53.87995379511097,53.29461470198583,53.330299377441406,20086000
2019-06-28 00:00:00+00:00,53.34913551905903,53.577620300040685,53.19945424058727,53.57316207885742,33864000
2019-07-01 00:00:00+00:00,54.420197551053384,54.89501137409098,54.207223886466956,54.41771697998047,28726000
2019-07-02 00:00:00+00:00,54.630333448731925,55.102670401552665,54.42861314095385,55.07689666748047,19832000
2019-07-03 00:00:00+00:00,55.38220857428463,55.845625346854526,55.206261984420024,55.58888626098633,15340000
2019-07-05 00:00:00+00:00,55.40154140799565,56.14895332937727,55.319266615878895,56.08501434326172,25286000
2019-07-08 00:00:00+00:00,55.766817660799255,55.8069643388799,55.07491989603672,55.329673767089844,24728000
2019-07-09 00:00:00+00:00,55.104162672555425,55.908321416566615,54.87468717346266,55.749969482421875,26608000
2019-07-10 00:00:00+00:00,56.066672362391344,56.603439883740144,56.05428085287426,56.5256233215332,24190000
2019-07-11 00:00:00+00:00,56.66292179197319,57.1496317735779,56.48102710965569,56.71050262451172,23910000
2019-07-12 00:00:00+00:00,56.69960112393523,56.86563678964845,56.441375940581246,56.74470138549805,17280000
2019-07-15 00:00:00+00:00,56.8418412828283,57.03811267920958,56.472103861254936,57.014320373535156,18076000
2019-07-16 00:00:00+00:00,56.799210821826215,57.4227151141729,56.749648566249505,57.17490005493164,24776000
2019-07-17 00:00:00+00:00,57.045546611055094,57.411816525774675,56.787820582503734,56.816566467285156,23400000
2019-07-18 00:00:00+00:00,56.58807678098896,56.87876110214634,56.14151354563453,56.81557083129883,25814000
2019-07-19 00:00:00+00:00,56.90775576765656,57.053965747838845,55.98736950100501,56.01116180419922,32944000
2019-07-22 00:00:00+00:00,56.17720499857441,56.46467141889993,55.72073076924032,56.406185150146484,26030000
2019-07-23 00:00:00+00:00,56.70009293122513,56.84382613613091,56.095423511055344,56.809627532958984,21874000
2019-07-24 00:00:00+00:00,56.100379946002924,56.70009199573427,55.85702308310791,56.39329528808594,31796000
2019-07-25 00:00:00+00:00,56.39378756309817,56.58609229984502,55.556175195992374,56.11127853393555,44196000
2019-07-26 00:00:00+00:00,60.66710960505755,62.724470741924826,60.66512817358475,61.97408676147461,96116000
2019-07-29 00:00:00+00:00,61.510181928946686,61.82341828048543,60.87478143966275,61.428897857666016,44474000
2019-07-30 00:00:00+00:00,60.735019952861244,61.20388569417315,60.63044270765807,60.72163772583008,29066000
2019-07-31 00:00:00+00:00,60.61557015414377,61.16076257453415,59.86042539147515,60.302330017089844,34510000
2019-08-01 00:00:00+00:00,60.170989792645315,61.166216782670645,59.75912048388502,59.922183990478516,33970000
2019-08-02 00:00:00+00:00,59.51229774067702,59.81760838571269,58.927453969675405,59.17774963378906,32902000
2019-08-05 00:00:00+00:00,57.990707861212805,58.24843765179403,56.508774800123355,57.11245346069336,51950000
2019-08-06 00:00:00+00:00,57.65715267935828,58.48237734810616,57.49309846141145,57.98625183105469,34188000
2019-08-07 00:00:00+00:00,57.29484110531134,58.407282516187884,56.97882925876144,58.18648147583008,28886000
2019-08-08 00:00:00+00:00,58.62462505321443,59.72393397750418,58.13841422074413,59.71352767944336,29360000
2019-08-09 00:00:00+00:00,59.37599469125775,59.66791928993328,58.66292893730846,58.88135528564453,21314000
2019-08-12 00:00:00+00:00,58.445203846448706,58.73019346179288,57.87334528078848,58.222171783447266,20060000
2019-08-13 00:00:00+00:00,58.06110208071586,59.712538626040285,58.06110208071586,59.3403205871582,25888000
2019-08-14 00:00:00+00:00,58.301472042555524,58.59835781757994,57.51986530612275,57.705726623535156,31574000
2019-08-15 00:00:00+00:00,57.66656768121431,58.27817586622445,57.597675120035774,57.85292434692383,24374000
2019-08-16 00:00:00+00:00,58.46205758292534,58.61917301226194,58.07843880299278,58.36540985107422,26266000
2019-08-19 00:00:00+00:00,58.98445000111891,59.82206238540756,58.98445000111891,59.39879608154297,24632000
2019-08-20 00:00:00+00:00,59.240193199171905,59.28033987575252,58.588933713365954,58.617679595947266,18310000
2019-08-21 00:00:00+00:00,59.136113536529486,59.42605672531775,58.85261000044681,59.04194259643555,14814000
2019-08-22 00:00:00+00:00,59.181712875749476,59.37709187550483,58.41398370893127,58.95669937133789,18950000
2019-08-23 00:00:00+00:00,58.58298574755069,59.18220240602126,56.885950142720574,57.0614013671875,33740000
2019-08-26 00:00:00+00:00,57.35729314853298,57.962457888514656,57.14417203486627,57.933712005615234,24522000
2019-08-27 00:00:00+00:00,58.51063283532703,58.603313928396865,57.56496805191356,57.881675720214844,21544000
2019-08-28 00:00:00+00:00,57.57785217813176,58.306924502089544,57.35928211340689,58.039283752441406,16040000
2019-08-29 00:00:00+00:00,58.53987387161204,59.28034702308883,58.53987387161204,59.12125015258789,21768000
2019-08-30 00:00:00+00:00,59.40128200112934,59.40128200112934,58.67285621613277,58.885826110839844,22596000
2019-09-03 00:00:00+00:00,58.33716303563386,58.82585444436634,57.65170486394027,57.908935546875,29598000
2019-09-04 00:00:00+00:00,58.32129440409093,58.65683698483779,58.03829001096687,58.55424118041992,21378000
2019-09-05 00:00:00+00:00,59.05581623319136,60.12191711625288,59.05581623319136,60.039642333984375,28162000
2019-09-06 00:00:00+00:00,59.87857218007612,60.07112272499381,59.600619658430446,59.719966888427734,21442000
2019-09-09 00:00:00+00:00,59.67386996163975,60.46687743401094,59.10984261701068,59.694190979003906,29438000
2019-09-10 00:00:00+00:00,59.23524051955419,59.971251637615396,59.20698999262251,59.77299880981445,25202000
2019-09-11 00:00:00+00:00,59.644633815221155,60.59574750541587,59.58466147377675,60.47530746459961,26140000
2019-09-12 00:00:00+00:00,60.679995777913014,61.550320635589316,60.616555939289626,61.17314910888672,34518000
2019-09-13 00:00:00+00:00,61.02942455452212,61.50175779666312,60.81431820830416,61.436336517333984,26028000
2019-09-16 00:00:00+00:00,60.93872411960584,61.43633573540979,60.74492951103147,61.02694320678711,21066000
2019-09-17 00:00:00+00:00,60.98233722528429,61.210326652169066,60.6497705574275,60.92038345336914,19102000
2019-09-18 00:00:00+00:00,60.83909723747451,61.24055645532145,60.294895535880066,61.08195495605469,22702000
2019-09-19 00:00:00+00:00,61.06460868366916,61.67819829296924,61.06262725210714,61.394203186035156,19920000
2019-09-20 00:00:00+00:00,61.11715157039888,61.62269650935128,60.61953992151127,60.95904541015625,45400000
2019-09-23 00:00:00+00:00,60.764262581768186,61.413041584525516,60.67356291946621,61.162254333496094,21248000
2019-09-24 00:00:00+00:00,61.45814096201009,61.79219748074978,60.004953699621225,60.40542221069336,31664000
2019-09-25 00:00:00+00:00,60.259711216719516,61.8695186475575,59.975716080725476,61.78129577636719,29060000
2019-09-26 00:00:00+00:00,61.55528147001392,61.7059534585976,61.07491666376665,61.52703094482422,30760000
2019-09-27 00:00:00+00:00,61.60732348104516,61.657381096825326,60.19180240487211,60.719154357910156,27078000
2019-09-30 00:00:00+00:00,60.51495870204893,60.764259868098215,60.08524893535029,60.417320251464844,28082000
2019-10-01 00:00:00+00:00,60.417319196659065,61.023474690010424,59.65305755619692,59.7283935546875,25470000
2019-10-02 00:00:00+00:00,59.325938642958356,59.325938642958356,58.0526646254769,58.31733322143555,32302000
2019-10-03 00:00:00+00:00,58.48435952566377,58.93339957830609,57.61353544937634,58.8724365234375,32424000
2019-10-04 00:00:00+00:00,59.073661827520795,60.042615870643594,58.9388488573344,59.92168426513672,23248000
2019-10-07 00:00:00+00:00,59.69369403908705,60.37785888748141,59.66147687061774,59.856258392333984,16858000
2019-10-08 00:00:00+00:00,59.35618170930958,59.776971288181585,58.93093012735464,58.9368782043457,20786000
2019-10-09 00:00:00+00:00,59.44340165080906,59.889469548238445,59.35815471587371,59.590110778808594,17354000
2019-10-10 00:00:00+00:00,59.405242262542785,60.219066161503655,59.343783848688076,59.905330657958984,16932000
2019-10-11 00:00:00+00:00,60.57641840695206,60.88271599196445,60.15661957120842,60.241371154785156,25454000
2019-10-14 00:00:00+00:00,60.087226293061505,60.780613902747106,60.05848040982635,60.32512664794922,17350000
2019-10-15 00:00:00+00:00,60.48670217035059,61.82143451807567,60.48670217035059,61.607322692871094,27634000
2019-10-16 00:00:00+00:00,61.51612833566728,62.18869959705047,61.38131913745756,61.6385498046875,21892000
2019-10-17 00:00:00+00:00,61.999867013059344,62.61419780542895,61.95080010944567,62.10593032836914,19048000
2019-10-18 00:00:00+00:00,62.12526331448798,62.394390149785295,61.51167364181911,61.730247497558594,27056000
2019-10-21 00:00:00+00:00,62.06578095310754,62.183195900544185,61.487876009088275,61.7629508972168,20544000
2019-10-22 00:00:00+00:00,61.84721185170832,61.983507121770174,61.52653756244173,61.59691619873047,20476000
2019-10-23 00:00:00+00:00,61.57510778210895,62.44394662444416,61.57510778210895,62.406280517578125,18230000
2019-10-24 00:00:00+00:00,62.49400830368682,62.64765623258682,62.13789889251468,62.498470306396484,20562000
2019-10-25 00:00:00+00:00,62.00482248487281,62.92520887289785,61.95426950595528,62.70366287231445,24262000
2019-10-28 00:00:00+00:00,63.21514417783108,64.39771845742389,63.07091562814339,63.93628692626953,52264000
2019-10-29 00:00:00+00:00,63.253810666693326,63.519466203181494,62.31122017295609,62.57925796508789,37728000
2019-10-30 00:00:00+00:00,62.10097152010098,62.913309332746124,62.052895333448596,62.513336181640625,28178000
2019-10-31 00:00:00+00:00,62.512840183452255,62.82954782635203,61.99555040315627,62.45485305786133,29114000
2019-11-01 00:00:00+00:00,62.697216754072215,63.1740119812278,62.47418468922944,63.13039779663086,33402000
2019-11-04 00:00:00+00:00,63.26470994410556,64.14098294541407,63.260002153367736,64.00418853759766,30020000
2019-11-05 00:00:00+00:00,64.07953448247258,64.37889706319929,63.99720674768602,64.03691101074219,25654000
2019-11-06 00:00:00+00:00,63.90953080668794,64.12116586833079,63.564572613909384,64.02550506591797,23060000
2019-11-07 00:00:00+00:00,64.14840780538655,65.6085336179657,64.14667594366313,64.87104034423828,40600000
2019-11-08 00:00:00+00:00,64.69362489606777,65.32406814403912,64.64827127981476,64.9954605102539,25028000
2019-11-11 00:00:00+00:00,64.58952693557245,64.7503632159557,64.30355039415088,64.39177703857422,20238000
2019-11-12 00:00:00+00:00,64.43192498522055,64.92755517741455,64.22227135686357,64.37245178222656,21718000
2019-11-13 00:00:00+00:00,64.13801648712285,64.64504370388111,64.11026131677691,64.33280181884766,16534000
2019-11-14 00:00:00+00:00,64.30801825560712,65.27449563014228,64.21632787891895,64.99991607666016,23870000
2019-11-15 00:00:00+00:00,65.37063918897262,66.16067827741527,65.1396738535872,66.1601791381836,35652000
2019-11-18 00:00:00+00:00,66.0288327850394,66.19283782462225,65.2992652223945,65.45787048339844,29748000
2019-11-19 00:00:00+00:00,65.8048090088497,65.8048090088497,65.06631745394557,65.19815826416016,25384000
2019-11-20 00:00:00+00:00,65.0137806670081,65.1753580759814,63.99328301140133,64.58307647705078,26172000
2019-11-21 00:00:00+00:00,64.50526087686512,65.05590970484022,64.08497056405677,64.49881744384766,19910000
2019-11-22 00:00:00+00:00,64.71047370809951,64.864617011967,64.00618809746447,64.20096588134766,27714000
2019-11-25 00:00:00+00:00,64.39128224891432,64.99248039499663,64.33924319685832,64.76350402832031,20724000
2019-11-26 00:00:00+00:00,64.92061880367281,65.16546177554643,64.68420826156408,65.10350799560547,21394000
2019-11-27 00:00:00+00:00,65.17538357321271,65.34191462575146,64.90922883515655,65.07575988769531,19912000
2019-11-29 00:00:00+00:00,64.78479979240501,64.93769519366299,64.62867511200884,64.67774200439453,11740000
2019-12-02 00:00:00+00:00,64.48149017792761,64.72087284190351,63.490229806631056,63.93233108520508,30218000
2019-12-03 00:00:00+00:00,63.41934823649511,64.35564272861464,63.39109771086336,64.19798278808594,22876000
2019-12-04 00:00:00+00:00,64.77936508106639,65.71065314235379,64.67329797918761,65.449951171875,30750000
2019-12-05 00:00:00+00:00,65.81968266494684,65.88699083373226,65.24673133155547,65.82612609863281,24254000
2019-12-06 00:00:00+00:00,66.08931153212563,66.61269691061699,66.08931153212563,66.44517517089844,26296000
2019-12-09 00:00:00+00:00,66.31730015327268,67.37844756124414,66.30738543224291,66.59088897705078,27086000
2019-12-10 00:00:00+00:00,66.48878477634793,66.90883316360794,66.21817566265132,66.6454086303711,21882000
2019-12-11 00:00:00+00:00,66.95170326623787,66.96954371314462,66.54677276656525,66.66324615478516,17008000
2019-12-12 00:00:00+00:00,66.70885468223942,67.19630963262729,66.43923624400688,66.9234619140625,25620000
2019-12-13 00:00:00+00:00,66.80846504664962,67.06336638601998,66.60624558623056,66.80252075195312,30992000
2019-12-16 00:00:00+00:00,67.23223483005337,67.63766451566093,67.04241063805671,67.46369934082031,27946000
2019-12-17 00:00:00+00:00,67.54894993389517,67.65352718762956,66.97565059222691,67.1638412475586,37080000
2019-12-18 00:00:00+00:00,67.23718285905514,67.428988445449,66.95963120616285,67.0399169921875,30452000
2019-12-19 00:00:00+00:00,67.00027242703715,67.31152353570494,66.85975717776493,67.20942687988281,29398000
2019-12-20 00:00:00+00:00,67.57173819868626,67.58610735857236,66.86050259790282,66.8897476196289,66300000
2019-12-23 00:00:00+00:00,67.2010143194815,67.39579208630782,66.73710215591484,66.85258483886719,17662000
2019-12-24 00:00:00+00:00,66.83573191628717,66.92296028574363,66.5522283714793,66.59088897705078,6950000
2019-12-26 00:00:00+00:00,66.72024565726814,67.47147291217487,66.63598943982866,67.42552185058594,13350000
2019-12-27 00:00:00+00:00,67.55389583443036,67.63022633066673,66.87587562447503,67.00374603271484,20768000
2019-12-30 00:00:00+00:00,66.91007348004523,67.05876404476636,66.11805289250898,66.22312927246094,21018000
2019-12-31 00:00:00+00:00,65.92426889856031,66.31532184988878,65.87346256826278,66.2667465209961,19236000
2020-01-02 00:00:00+00:00,66.49126340092567,67.80914230015969,66.49126340092567,67.77098083496094,28132000
2020-01-03 00:00:00+00:00,66.80400192271014,68.02523682826747,66.68921502272471,67.43840789794922,23728000
2020-01-06 00:00:00+00:00,66.9100737159896,69.21475100778716,66.9100737159896,69.10125732421875,34646000
2020-01-07 00:00:00+00:00,69.28612919892775,69.53641729960063,68.91142685005518,69.05813598632812,30054000
2020-01-08 00:00:00+00:00,68.99567471743572,69.96215951089646,68.93422009106509,69.60233306884766,30560000
2020-01-09 00:00:00+00:00,70.40773477476651,70.74277821113537,69.8972287685996,70.37105560302734,30018000
2020-01-10 00:00:00+00:00,70.7541831558192,71.11941699469628,70.29771270303124,70.86174011230469,36414000
2020-01-13 00:00:00+00:00,71.17893642901268,71.39651576711137,70.67785355781335,71.33258056640625,33046000
2020-01-14 00:00:00+00:00,71.32168079036694,71.45995749990897,70.79433256479459,70.91873168945312,31178000
2020-01-15 00:00:00+00:00,70.88552028513963,71.43988250676003,70.88552028513963,71.33109283447266,25654000
2020-01-16 00:00:00+00:00,71.7395018856527,71.96501454229931,71.41634699050165,71.95063781738281,23474000
2020-01-17 00:00:00+00:00,72.50624218326487,73.41745884544581,72.27379450939864,73.37260437011719,47924000
2020-01-21 00:00:00+00:00,73.30965740544534,73.94059218662267,72.91711458577055,73.57135009765625,40734000
2020-01-22 00:00:00+00:00,73.8984661432707,74.50382380194809,73.59761371001633,73.6481704711914,32216000
2020-01-23 00:00:00+00:00,73.73192816279978,74.12248194203654,73.45734863329378,73.68285369873047,27024000
2020-01-24 00:00:00+00:00,74.02680494746825,74.1212254359601,72.62218957645494,72.6945571899414,35692000
2020-01-27 00:00:00+00:00,70.92467573901075,71.27508660941974,70.43895275884742,71.06840515136719,35104000
2020-01-28 00:00:00+00:00,71.51942873122914,72.16374940790455,70.99752573115437,71.99324798583984,31548000
2020-01-29 00:00:00+00:00,72.3025303955083,72.63113040957518,71.70479600398232,72.29410552978516,21554000
2020-01-30 00:00:00+00:00,71.36876331157967,72.2271921071097,71.19231757886911,72.15582275390625,26788000
2020-01-31 00:00:00+00:00,72.80310988359959,72.86407293443203,70.80224976752372,71.08476257324219,48344000
2020-02-03 00:00:00+00:00,72.46113719648211,73.84890333546376,72.31195504021292,73.64767456054688,60736000
2020-02-04 00:00:00+00:00,72.21678341466905,72.83284982226736,70.69173148358753,71.72115325927734,78660000
2020-02-05 00:00:00+00:00,72.48195845003045,72.55233709583732,70.90287823434342,71.77865600585938,39724000
2020-02-06 00:00:00+00:00,71.88272454635879,73.45238124229559,71.84505466120972,73.1664047241211,33588000
2020-02-07 00:00:00+00:00,72.72381067280398,73.6427109180894,72.6767252029664,73.31510162353516,23446000
2020-02-10 00:00:00+00:00,73.07175440811922,74.81537653613232,73.07175440811922,74.77473449707031,28398000
2020-02-11 00:00:00+00:00,74.9298631612397,75.81307495757278,74.62395885889028,74.78018188476562,26892000
2020-02-12 00:00:00+00:00,75.06219540560913,75.37023239322802,74.74648226119484,75.25003814697266,23352000
2020-02-13 00:00:00+00:00,74.9734713670204,75.69164195327821,74.572511318346,75.07111358642578,18590000
2020-02-14 00:00:00+00:00,75.11770177206863,75.3724594116211,74.70830928551949,75.3724594116211,23956000
2020-02-18 00:00:00+00:00,75.08797056100981,75.91220074851084,74.96852502138645,75.31942749023438,22414000
2020-02-19 00:00:00+00:00,75.58708029056841,75.93580473532441,75.40518182067464,75.66737365722656,18986000
2020-02-20 00:00:00+00:00,75.43490209119055,75.81356725066304,74.68254047625544,75.24408721923828,21932000
2020-02-21 00:00:00+00:00,74.74250965584127,74.94993226302184,73.37507231773866,73.60652923583984,34634000
2020-02-24 00:00:00+00:00,70.68231288769127,71.2205741077777,69.95275275422355,70.45829010009766,57342000
2020-02-25 00:00:00+00:00,71.02379849751324,71.27854857041454,68.51591127248876,68.81576538085938,49566000
2020-02-26 00:00:00+00:00,69.19690290396287,70.16635983694513,68.34739063828509,69.0501937866211,44048000
2020-02-27 00:00:00+00:00,67.5078016566272,67.98578802291699,65.28291854846519,65.32852172851562,59566000
2020-02-28 00:00:00+00:00,63.31675261719457,66.47094215283121,62.99459225856542,66.38123321533203,75782000
2020-03-02 00:00:00+00:00,66.98985966588117,68.93570851700791,65.76094866911602,68.84847259521484,48630000
2020-03-03 00:00:00+00:00,69.359476118753,69.89128630935762,66.0179354211205,66.48333740234375,48046000
2020-03-04 00:00:00+00:00,67.3675464579012,68.79793601704375,66.56859080889515,68.7201156616211,38266000
2020-03-05 00:00:00+00:00,66.91998493777331,67.35167988724288,64.6846881222303,65.37560272216797,51226000
2020-03-06 00:00:00+00:00,63.29494741982993,64.74020140242247,62.501444542496785,64.35311889648438,53212000
2020-03-09 00:00:00+00:00,59.73830530579894,62.189691765510055,59.47562191402929,60.246822357177734,67308000
2020-03-10 00:00:00+00:00,62.44940082210287,63.49766134419455,60.40591710624182,63.459991455078125,52228000
2020-03-11 00:00:00+00:00,61.93890381231204,62.49698311924457,59.280839687857686,60.23938751220703,52170000
2020-03-12 00:00:00+00:00,55.807959055538745,59.17180245078878,55.17851037332397,55.258304595947266,84534000
2020-03-13 00:00:00+00:00,58.434794427726544,60.454981099285675,55.36897532825544,60.453495025634766,74002000
2020-03-16 00:00:00+00:00,54.32106464165543,57.10982752740816,53.252486896686605,53.7426643371582,85048000
2020-03-17 00:00:00+00:00,54.17782379101999,56.048828292630574,52.339036457972924,55.50066375732422,77230000
2020-03-18 00:00:00+00:00,52.3638314792221,54.84148734532234,51.41073246137903,54.36072540283203,84668000
2020-03-19 00:00:00+00:00,54.17485672514865,57.3924862355047,52.54215323974874,55.277137756347656,73022000
2020-03-20 00:00:00+00:00,56.28970860333002,56.69959647553861,52.808900422755755,53.14741516113281,72036000
2020-03-23 00:00:00+00:00,52.602224746407366,53.09785493212754,50.23390336755199,52.36927795410156,80882000
2020-03-24 00:00:00+00:00,54.70616774514993,56.25402122613435,54.05441289712098,56.227256774902344,66890000
2020-03-25 00:00:00+00:00,55.831253157603264,56.94294974986649,53.825930894509966,54.642730712890625,81630000
2020-03-26 00:00:00+00:00,55.10416368330763,57.987245112147,54.198645618182056,57.579837799072266,71434000
2020-03-27 00:00:00+00:00,55.79160423373836,57.03067970808296,54.812240007345835,55.050140380859375,64170000
2020-03-30 00:00:00+00:00,55.76036831358545,57.07825085173711,54.34485112175417,56.83985137939453,51482000
2020-03-31 00:00:00+00:00,56.86364639104728,58.25190384196496,56.4096490111619,57.63236618041992,49728000
2020-04-01 00:00:00+00:00,55.609713237716335,55.99085529458454,54.39294383247692,54.79787063598633,46884000
2020-04-02 00:00:00+00:00,54.43308471064488,55.850587493230925,54.34089896870865,55.55221939086914,39298000
2020-04-03 00:00:00+00:00,55.46176130726076,55.686033670352195,53.518646041627534,54.414249420166016,46268000
2020-04-06 00:00:00+00:00,56.40271347262754,59.21095412834922,56.05279794593743,58.827335357666016,53294000
2020-04-07 00:00:00+00:00,60.5164416430251,60.71469446284886,58.594884061561345,58.80701446533203,47746000
2020-04-08 00:00:00+00:00,59.797779113055796,60.42078431371202,58.88879358791911,59.98512649536133,39502000
2020-04-09 00:00:00+00:00,60.669102547755365,60.74295247906461,59.3138031632118,60.043121337890625,43508000
2020-04-13 00:00:00+00:00,59.930606652040005,60.49215722032076,58.86093988523289,60.345943450927734,34796000
2020-04-14 00:00:00+00:00,61.71041977475409,63.543259223120884,61.30598460772417,62.90686798095703,49408000
2020-04-15 00:00:00+00:00,61.736188351341774,63.46346358404497,61.47796696787237,62.57182312011719,33434000
2020-04-16 00:00:00+00:00,63.14824412657125,63.391101860135684,61.58799899251611,62.62138748168945,50362000
2020-04-17 00:00:00+00:00,63.681048254644175,64.15585830835204,63.0060001461759,63.60174560546875,38980000
2020-04-20 00:00:00+00:00,62.994595035692214,63.51996559709824,62.51730444354043,62.777015686035156,33910000
2020-04-21 00:00:00+00:00,61.80507973347536,62.16540534208037,59.95687670334583,60.28548049926758,43060000
2020-04-22 00:00:00+00:00,61.73271620417863,63.71885172053377,61.55726120048724,62.60849380493164,41848000
2020-04-23 00:00:00+00:00,63.02185541407545,64.10034415291737,62.73042613654665,63.257774353027344,31324000
2020-04-24 00:00:00+00:00,62.507389005769944,63.46048410538203,61.92651189430437,63.406463623046875,32792000
2020-04-27 00:00:00+00:00,64.23367384936707,64.24110799950012,62.89547010504633,63.2364616394043,32012000
2020-04-28 00:00:00+00:00,63.83369589827885,63.83964019320462,61.07154993856848,61.144405364990234,59026000
2020-04-29 00:00:00+00:00,66.4867946236536,67.40519564200282,65.68783913045965,66.48778533935547,75872000
2020-04-30 00:00:00+00:00,65.66505447872503,67.04984078341153,65.54659208964864,66.84365844726562,53378000
2020-05-01 00:00:00+00:00,65.8444678276514,67.01266541803794,64.97711507338352,65.45341491699219,41450000
2020-05-04 00:00:00+00:00,64.83982555501069,65.80283916171973,64.38235684544607,65.76020812988281,30080000
2020-05-05 00:00:00+00:00,66.31134399173985,68.09659847492586,66.28854240626664,66.96507263183594,33030000
2020-05-06 00:00:00+00:00,67.48946984686522,67.95684572349685,66.77576117001276,66.77625274658203,24308000
2020-05-07 00:00:00+00:00,67.70009746279035,68.27800236212921,67.17125946114058,68.02820587158203,27952000
2020-05-08 00:00:00+00:00,68.55209449869872,69.32676617552006,68.17293773752372,68.81180572509766,27738000
2020-05-11 00:00:00+00:00,68.31171242323072,70.20749619716635,68.2558012655935,69.54979705810547,28242000
2020-05-12 00:00:00+00:00,69.74112471829548,70.13167856211977,68.1377605984832,68.18583679199219,27812000
2020-05-13 00:00:00+00:00,68.25074990483664,68.66866558117604,65.83950653107041,66.87686157226562,36252000
2020-05-14 00:00:00+00:00,66.16761860158277,67.27783290816132,65.61697723223254,67.21389770507812,32062000
2020-05-15 00:00:00+00:00,66.91007410767325,68.12337581679803,66.36487788615382,68.05944061279297,34154000
2020-05-18 00:00:00+00:00,67.49244645944349,69.00783343115043,67.12072379588427,68.59224700927734,36448000
2020-05-19 00:00:00+00:00,68.74377515439578,68.99173398792072,68.0740737915039,68.0740737915039,25612000
2020-05-20 00:00:00+00:00,68.87177818036183,69.90467890646245,68.7563030585499,69.7212905883789,33108000
2020-05-21 00:00:00+00:00,69.78473023611531,70.15595372853451,69.06358742310073,69.5270004272461,27700000
2020-05-22 00:00:00+00:00,69.22515314116852,70.02063732080708,68.98328238931987,69.9046630859375,26188000
2020-05-26 00:00:00+00:00,71.2354443291974,71.42031493855495,69.98942625365926,70.2317886352539,41212000
2020-05-27 00:00:00+00:00,70.24319295732482,70.46572589496532,68.9565328469883,70.27243041992188,33716000
2020-05-28 00:00:00+00:00,69.23259043164771,71.41236919334256,69.18996696784691,70.2174072265625,33844000
2020-05-29 00:00:00+00:00,70.22782262315786,71.00249434659077,70.049894595694,70.82158660888672,36418000
2020-06-01 00:00:00+00:00,70.2996843572998,71.26963288623324,70.28035405617894,70.96531677246094,24342000
2020-06-02 00:00:00+00:00,70.90236353217014,71.35140732716212,70.32148648073952,71.33207702636719,25562000
2020-06-03 00:00:00+00:00,71.28649161869915,71.69548333099445,70.86406852176927,71.19132995605469,25124000
2020-06-04 00:00:00+00:00,70.89493894005365,71.3191997735755,69.62266314149429,69.99190521240234,29686000
2020-06-05 00:00:00+00:00,70.04095866091346,71.62102915517137,69.68559424307446,71.29093933105469,34698000
2020-06-08 00:00:00+00:00,70.49546869147065,71.76676147327117,70.49546869147065,71.6983642578125,28084000
2020-06-09 00:00:00+00:00,71.63640275352967,72.75851325245145,71.52984407795438,72.17168426513672,28184000
2020-06-10 00:00:00+00:00,72.33921366870624,73.06873606841623,72.17714463678949,72.65196228027344,30504000
2020-06-11 00:00:00+00:00,71.49365873825599,72.08816383871991,69.48734582511425,69.57854461669922,39826000
2020-06-12 00:00:00+00:00,70.80027850545167,71.22205878039674,68.6953399942947,70.04146575927734,38928000
2020-06-15 00:00:00+00:00,68.93224243797648,70.61738192945275,68.78950373730005,70.3720474243164,30078000
2020-06-16 00:00:00+00:00,71.62945409345456,72.11516946852522,70.67189336274302,71.50554656982422,34184000
2020-06-17 00:00:00+00:00,71.72561502456364,72.36200244793407,70.94350918989998,71.92188262939453,30992000
2020-06-18 00:00:00+00:00,71.82474481950105,71.93626463737485,70.72692576333685,71.1705093383789,31638000
2020-06-19 00:00:00+00:00,71.56898991101458,71.75733178617865,70.446387935128,70.96035766601562,63158000
2020-06-22 00:00:00+00:00,70.82554134685216,72.00266288557403,70.53857410803894,71.95855712890625,30848000
2020-06-23 00:00:00+00:00,72.14589934243108,73.1520808040368,71.63044735341488,72.58056640625,28596000
2020-06-24 00:00:00+00:00,72.4368443298994,73.12626909220823,70.8627254756033,70.9727554321289,35120000
2020-06-25 00:00:00+00:00,70.87016795458354,71.51448119108458,70.37949131369166,71.4366683959961,24610000
2020-06-26 00:00:00+00:00,70.94401030282637,71.04610697124998,67.00870556251247,67.40074920654297,85354000
2020-06-29 00:00:00+00:00,67.31548484351408,69.17013483676021,66.7618714121435,69.13890838623047,36204000
2020-06-30 00:00:00+00:00,68.91439141089354,70.31256343132021,68.59321803960626,70.06275939941406,40848000
2020-07-01 00:00:00+00:00,69.93836998710933,71.51943135796787,69.87492636403398,71.27359771728516,35504000
2020-07-02 00:00:00+00:00,71.71470819496238,73.49947131542557,71.68893445944028,72.5949478149414,37182000
2020-07-06 00:00:00+00:00,73.35624538590382,74.67115231121754,72.99939101918757,74.13141632080078,31280000
2020-07-07 00:00:00+00:00,73.84889167840304,75.17717683821971,73.52920811699985,73.61000061035156,29164000
2020-07-08 00:00:00+00:00,74.0630052528103,74.63594902661235,73.63230103467384,74.14627075195312,24994000
2020-07-09 00:00:00+00:00,74.66421530642235,75.47060511577364,73.75398939474809,74.88922882080078,28466000
2020-07-10 00:00:00+00:00,74.64934123504234,76.51687082641804,74.17304136477138,76.41328430175781,37126000
2020-07-13 00:00:00+00:00,76.82267531493576,78.16741699280199,74.60438698675745,74.90657043457031,36928000
2020-07-14 00:00:00+00:00,73.86425602334,75.4819889388637,73.5267320293995,75.3645248413086,31700000
2020-07-15 00:00:00+00:00,75.49091677156002,76.09558615941758,74.2453979629321,75.02056121826172,32214000
2020-07-16 00:00:00+00:00,74.34451289231949,75.27084715650422,73.66599367110916,75.23664855957031,30386000
2020-07-17 00:00:00+00:00,75.41607149932894,75.50627200644159,74.26620599220762,75.11521911621094,29134000
2020-07-20 00:00:00+00:00,75.10085431152145,77.82830998133669,74.52294937728159,77.601806640625,31146000
2020-07-21 00:00:00+00:00,78.6560182200513,78.6560182200513,77.03480623868134,77.23999786376953,24324000
2020-07-22 00:00:00+00:00,77.3430834875421,77.81393059964651,76.62937488856817,77.73908996582031,18640000
2020-07-23 00:00:00+00:00,77.66376731348763,77.90662126752933,74.7108970715364,75.12167358398438,32552000
2020-07-24 00:00:00+00:00,74.29148983809016,75.21861070827683,73.76958683337055,74.93283081054688,30880000
2020-07-27 00:00:00+00:00,75.11770054237287,76.37511544015808,75.09837024147528,75.84132385253906,24920000
2020-07-28 00:00:00+00:00,75.59252357774581,75.65695035604615,74.22854991882359,74.36137390136719,34044000
2020-07-29 00:00:00+00:00,74.6577699770825,75.89347250238562,74.4104464542788,75.43590545654297,22130000
2020-07-30 00:00:00+00:00,74.1958326523374,76.22147587784752,73.95892301141564,75.90328216552734,33428000
2020-07-31 00:00:00+00:00,74.59283484328614,74.78811172594841,72.06610883236047,73.49996948242188,68798000
2020-08-03 00:00:00+00:00,73.68236393454617,73.87218811060372,72.64153755788904,73.07819366455078,46604000
2020-08-04 00:00:00+00:00,73.1832625830081,73.62883513266792,72.29509719386661,72.60832977294922,38070000
2020-08-05 00:00:00+00:00,72.82292834365785,73.47270171614329,72.53348054127493,73.03654479980469,39590000
2020-08-06 00:00:00+00:00,72.9443648819882,74.46297328014694,72.65937907374018,74.34947204589844,39908000
2020-08-07 00:00:00+00:00,74.34452369697038,75.17940973350267,73.43454745294021,74.0714340209961,31556000
2020-08-10 00:00:00+00:00,73.70913617874967,74.54650289059752,73.01029575377012,74.15123748779297,25786000
2020-08-11 00:00:00+00:00,73.96982423321619,74.8401491018072,73.2541342095438,73.3691177368164,29088000
2020-08-12 00:00:00+00:00,73.62983006990814,74.95841787515722,73.61347191385521,74.67263793945312,28740000
2020-08-13 00:00:00+00:00,74.85701375617232,76.19075941163035,74.74128905970367,75.25897216796875,29104000
2020-08-14 00:00:00+00:00,75.12068790920105,75.42996522350738,74.48727254155891,74.72765350341797,27096000
2020-08-17 00:00:00+00:00,75.07160637837558,75.61383039805276,74.73953509952143,75.23566436767578,27566000
2020-08-18 00:00:00+00:00,75.64208894850601,77.44072987811293,75.51967125213656,77.2489242553711,40542000
2020-08-19 00:00:00+00:00,76.98671680870588,77.99631660463567,76.52281229338247,76.70024871826172,33212000
2020-08-20 00:00:00+00:00,76.49803686860079,78.60050216390114,76.23783406234583,78.39630126953125,34138000
2020-08-21 00:00:00+00:00,78.1623700555895,79.18782904954237,77.71506561987452,78.33039093017578,28930000
2020-08-24 00:00:00+00:00,79.00245629014832,80.00313978637334,78.33782209299643,78.71598815917969,28198000
2020-08-25 00:00:00+00:00,78.41216110307802,79.87674913372051,78.41216110307802,79.70823669433594,44942000
2020-08-26 00:00:00+00:00,79.69732624258839,82.23594079832286,79.47924777582989,81.89693450927734,79868000
2020-08-27 00:00:00+00:00,81.96136243888029,82.02678749237332,80.57706783230635,81.0023193359375,37232000
2020-08-28 00:00:00+00:00,80.96069679036384,81.63871702618728,80.8248930874796,81.50192260742188,29980000
2020-08-31 00:00:00+00:00,81.67440603059246,81.67811932449237,80.80309031410222,80.9948959350586,36468000
2020-09-01 00:00:00+00:00,81.11632688016938,82.55861265262209,80.89775679412432,82.30980682373047,36506000
2020-09-02 00:00:00+00:00,82.957342755903,85.90162928085084,82.58834269393469,85.65877532958984,50224000
2020-09-03 00:00:00+00:00,84.73859780737666,84.73859780737666,80.04725524623974,81.37455749511719,62156000
2020-09-04 00:00:00+00:00,80.50321398346387,81.53660609397302,76.70436375911142,78.85673522949219,52172000
2020-09-08 00:00:00+00:00,76.00538521791832,77.50987424865934,75.73278709736105,75.94987487792969,52218000
2020-09-09 00:00:00+00:00,77.1958949960779,77.76437685678545,76.13132916278894,77.16764068603516,35494000
2020-09-10 00:00:00+00:00,77.35003493787019,78.51184224728055,75.62351196999083,75.9315414428711,32372000
2020-09-11 00:00:00+00:00,76.12879036219425,78.07165954816749,74.213668779552,75.37146759033203,31942000
2020-09-14 00:00:00+00:00,76.27773462225414,77.51656055743867,75.1246547690632,75.30010223388672,33932000
2020-09-15 00:00:00+00:00,76.12879621921343,77.29699385374253,75.92236431984199,76.3984146118164,26622000
2020-09-16 00:00:00+00:00,77.09725920321029,77.41743437074386,75.32686507424741,75.3803939819336,26234000
2020-09-17 00:00:00+00:00,74.1462713081013,74.75579594200235,72.85762993050274,74.12297058105469,37596000
2020-09-18 00:00:00+00:00,74.24589824935879,74.49336546839221,71.2285028135171,72.36151123046875,62078000
2020-09-21 00:00:00+00:00,71.37371245169476,71.78508637625292,69.7128568777239,70.93260192871094,57776000
2020-09-22 00:00:00+00:00,71.8708369204708,72.8338429562736,71.09963649407956,72.63262176513672,31664000
2020-09-23 00:00:00+00:00,72.30154797694121,72.40958895138726,69.76986797388848,70.14208221435547,33148000
2020-09-24 00:00:00+00:00,69.93490284556094,71.55457197671512,69.87642036060207,70.79035949707031,29004000
2020-09-25 00:00:00+00:00,71.00547187449966,71.86638131765665,70.04940076435469,71.61658477783203,26460000
2020-09-28 00:00:00+00:00,73.0662916758362,73.19465364726554,71.83172373475259,72.58602142333984,40158000
2020-09-29 00:00:00+00:00,72.8769705664086,73.18788141530649,72.30277885879447,72.82443237304688,19564000
2020-09-30 00:00:00+00:00,72.69903092343071,73.83650883782728,72.35606173724211,72.83781433105469,34032000
2020-10-01 00:00:00+00:00,73.56490589287814,74.29695419108354,73.31411864103369,73.85336303710938,35590000
2020-10-02 00:00:00+00:00,72.46262535382719,73.51187669093618,71.91197637655861,72.28369903564453,25682000
2020-10-05 00:00:00+00:00,72.66979702283442,73.7601819559869,72.57364464252869,73.65164184570312,22266000
2020-10-06 00:00:00+00:00,73.13420036481459,73.68831305269973,71.79649191433077,72.03687286376953,24908000
2020-10-07 00:00:00+00:00,72.57464526220188,72.80610223882874,71.17250982931193,72.37639617919922,34924000
2020-10-08 00:00:00+00:00,72.61429302833604,73.84890663984717,72.61429302833604,73.64718627929688,23756000
2020-10-09 00:00:00+00:00,74.0818428659468,75.16330373323112,73.8216400491454,75.098876953125,28706000
2020-10-12 00:00:00+00:00,76.4757442572157,78.99651882347875,75.958802302127,77.77181243896484,49652000
2020-10-13 00:00:00+00:00,78.49443679542112,78.8051963648727,77.47691115058741,77.89720153808594,32020000
2020-10-14 00:00:00+00:00,78.23969300247329,78.69042340235397,76.8489546317681,77.71878814697266,38586000
2020-10-15 00:00:00+00:00,76.68142822096114,78.06696335790998,76.57635939320642,77.27519226074219,30800000
2020-10-16 00:00:00+00:00,77.60826176537117,78.36558468531405,77.46700533681992,77.96312713623047,28694000
2020-10-19 00:00:00+00:00,78.3323816760109,78.71351994955725,75.73230427613026,76.0599136352539,32142000
2020-10-20 00:00:00+00:00,75.68520463108308,78.18565788540742,75.61680742686896,77.11658477783203,44834000
2020-10-21 00:00:00+00:00,77.97897630602544,80.22914146850881,77.89472008631533,78.96924591064453,51366000
2020-10-22 00:00:00+00:00,78.95636078731329,80.39072067384082,78.55738212962937,80.06063079833984,28672000
2020-10-23 00:00:00+00:00,80.59294226750532,81.40032282434593,80.31737198021858,81.33292388916016,27516000
2020-10-26 00:00:00+00:00,80.5404016718287,81.19611941795841,78.13609318573147,78.82749938964844,37066000
2020-10-27 00:00:00+00:00,79.08621219382523,79.64007522401424,78.44734424174912,79.51195526123047,24580000
2020-10-28 00:00:00+00:00,77.3054218969516,77.38521611807528,75.06914177205083,75.16826629638672,36680000
2020-10-29 00:00:00+00:00,75.45274789799177,78.98907386464616,75.44680360327452,77.67713928222656,40062000
2020-10-30 00:00:00+00:00,82.87481051257774,83.61280300361643,79.52187292207024,80.3421401977539,86582000
2020-11-02 00:00:00+00:00,80.69651796663987,82.3127687185351,80.09531984803262,80.59095001220703,50708000
2020-11-03 00:00:00+00:00,80.87594294169486,82.35887070110792,80.12457190299101,81.78939056396484,33234000
2020-11-04 00:00:00+00:00,84.76662605418386,87.79418517060668,84.5559817457317,86.69214630126953,71418000
2020-11-05 00:00:00+00:00,88.27173013058658,88.8982028100579,86.76054828175141,87.39793395996094,41316000
2020-11-06 00:00:00+00:00,86.93105130425639,87.84697181809538,86.25699400528886,87.31764221191406,33218000
2020-11-09 00:00:00+00:00,88.76241312239341,90.10854647633424,87.23190829361201,87.37960815429688,45366000
2020-11-10 00:00:00+00:00,85.79803980710659,87.37960039714777,85.11456689238351,86.25897979736328,52722000
2020-11-11 00:00:00+00:00,86.73527692363946,87.4400615503718,86.60467638154313,86.86959075927734,25280000
2020-11-12 00:00:00+00:00,86.61780988654836,87.64078819039263,86.517195516682,86.72734069824219,24950000
2020-11-13 00:00:00+00:00,87.11344591827967,88.27371784171743,86.46516232064567,88.07447052001953,29998000
2020-11-16 00:00:00+00:00,87.81080952323333,89.16734926061898,87.61206131114618,88.29058074951172,24936000
2020-11-17 00:00:00+00:00,88.0705039372308,88.46998171686484,87.57784593490788,87.73397064208984,22942000
2020-11-18 00:00:00+00:00,87.49010644081345,87.89850816925058,86.54395030879402,86.57566833496094,23470000
2020-11-19 00:00:00+00:00,86.1593539424191,87.70621675109514,86.09120630839033,87.4251937866211,24998000
2020-11-20 00:00:00+00:00,87.48913966543991,87.9247975374825,86.33184734298754,86.34819793701172,46270000
2020-11-23 00:00:00+00:00,86.71545976406101,86.92857711171024,85.13538899305303,85.98489379882812,43232000
2020-11-24 00:00:00+00:00,85.76880831419807,87.80584875513378,85.62953332279173,87.67103576660156,31560000
2020-11-25 00:00:00+00:00,87.86978439048681,88.14981666714392,87.05943172558226,87.79742431640625,20916000
2020-11-27 00:00:00+00:00,87.87970150787699,89.41168864899005,87.84748433354729,88.87591552734375,17698000
2020-11-30 00:00:00+00:00,88.28085371507703,88.6219019823669,86.98309911115048,87.26759338378906,36476000
2020-12-01 00:00:00+00:00,87.94312418859093,90.44407649912718,87.69530911635927,89.11925506591797,34738000
2020-12-02 00:00:00+00:00,89.1192603641529,90.9803540873258,88.6916795112842,90.59871673583984,24440000
2020-12-03 00:00:00+00:00,90.4034430099412,91.55280954460262,90.33603651739992,90.54023742675781,24546000
2020-12-04 00:00:00+00:00,90.42870902845401,90.85693268659581,90.05550412793687,90.60069274902344,27564000
2020-12-07 00:00:00+00:00,90.15513225338692,90.81779262782086,89.4999135923177,90.17892456054688,26418000
2020-12-08 00:00:00+00:00,89.7140272293879,90.29887484656705,89.0253510663583,90.1328353881836,21926000
2020-12-09 00:00:00+00:00,89.8086785984891,90.91195025673247,87.6179942968796,88.4268569946289,30152000
2020-12-10 00:00:00+00:00,87.71661945480314,88.28709022602335,86.25550278018567,87.99070739746094,27256000
2020-12-11 00:00:00+00:00,87.38258078225532,88.4427375658863,87.23091805709134,88.30990600585938,24414000
2020-12-14 00:00:00+00:00,87.97435217160282,89.08406729782526,87.09287225030265,87.23387908935547,32004000
2020-12-15 00:00:00+00:00,87.44998831335462,87.79692795628148,86.73280829638682,87.61602020263672,29646000
2020-12-16 00:00:00+00:00,87.86928650962123,87.87523836780655,87.03663138102911,87.37960815429688,30270000
2020-12-17 00:00:00+00:00,87.65269887872526,87.81497209672409,86.17324237171022,86.6312026977539,32494000
2020-12-18 00:00:00+00:00,86.94245075462557,86.98854550888507,85.2592926729205,85.79407501220703,80328000
2020-12-21 00:00:00+00:00,84.92672095563873,86.28177814428066,84.20755961014868,86.20841979980469,36568000
2020-12-22 00:00:00+00:00,85.96358476206147,86.1110350479922,84.88039198608129,85.42186737060547,18734000
2020-12-23 00:00:00+00:00,85.6503415877903,86.63565000088416,85.49817974819672,85.86197662353516,20676000
2020-12-24 00:00:00+00:00,85.99184042843427,86.53703667813929,85.69991199959722,86.18265533447266,6936000
2020-12-28 00:00:00+00:00,86.8163123422826,88.75388019441684,86.55362896298506,88.02837371826172,27860000
2020-12-29 00:00:00+00:00,88.60827626492362,88.8387424962282,87.03712185285005,87.16747283935547,25988000
2020-12-30 00:00:00+00:00,87.33054250876953,87.48344552087735,85.52594966871933,86.21586608886719,26122000
2020-12-31 00:00:00+00:00,86.01265536285949,87.1778808736201,86.01265536285949,86.82846069335938,20238000
2021-01-04 00:00:00+00:00,87.10898446595759,87.26312774905557,84.64620103674103,85.65679168701172,38038000
2021-01-05 00:00:00+00:00,85.496199348198,86.61979203115855,85.150000908083,86.28524017333984,22906000
2021-01-06 00:00:00+00:00,84.38747900211352,86.63615433063427,84.20756198517479,86.00621032714844,52042000
2021-01-07 00:00:00+00:00,86.24262139980057,88.63849745097242,86.09343926027003,88.58150482177734,45300000
2021-01-08 00:00:00+00:00,88.61768656703295,89.70112887180485,87.90174689981127,89.5707778930664,41012000
2021-01-11 00:00:00+00:00,88.52301564787511,88.9316670211408,87.25668418595048,87.56397247314453,24194000
2021-01-12 00:00:00+00:00,86.92955680386233,88.12501791894067,85.51156278745876,86.56427764892578,27140000
2021-01-13 00:00:00+00:00,86.16927418973575,87.48046016327062,86.14101988088426,86.95336151123047,21882000
2021-01-14 00:00:00+00:00,86.91469734544232,87.97485402671433,85.91253157193304,86.24857330322266,23590000
2021-01-15 00:00:00+00:00,86.14994392220567,87.03266419268685,85.32521456188599,86.05081939697266,26844000
2021-01-19 00:00:00+00:00,86.84679746392635,89.67312813751977,86.31200756228237,88.76042175292969,34692000
2021-01-20 00:00:00+00:00,90.77266289290978,94.35359317487962,90.47875311177408,93.52043914794922,49806000
2021-01-21 00:00:00+00:00,94.07060533540135,95.89749283092411,93.53086185572522,93.73605346679688,41278000
2021-01-22 00:00:00+00:00,93.95560896087567,94.71244016141313,93.26569266793015,94.22176361083984,25442000
2021-01-25 00:00:00+00:00,95.19418882838133,95.63579089945779,92.56041272773496,94.13998413085938,38546000
2021-01-26 00:00:00+00:00,93.61662005534345,95.40881760460792,93.38887639560056,95.02420806884766,26262000
2021-01-27 00:00:00+00:00,93.30387529383421,93.67410808979464,89.6595004322882,90.7394790649414,54966000
2021-01-28 00:00:00+00:00,91.39122764909371,94.11174085003306,91.32680087001178,92.34135437011719,35462000
2021-01-29 00:00:00+00:00,91.5017594213197,92.05240080201095,89.71897759747009,90.98481750488281,32252000
2021-02-01 00:00:00+00:00,91.86852000625667,95.2795470733854,91.73767745120871,94.23664093017578,32044000
2021-02-02 00:00:00+00:00,95.28786868697729,96.93336441857134,94.88789932969807,95.53321075439453,45474000
2021-02-03 00:00:00+00:00,102.74413437494876,104.90012104789055,100.03699963965283,102.59891510009766,82364000
2021-02-04 00:00:00+00:00,102.5404323857468,103.01920525379813,101.23692263899956,102.21727752685547,37046000
2021-02-05 00:00:00+00:00,102.59544928805532,104.20674654418703,102.06661121002247,103.98321533203125,30702000
2021-02-08 00:00:00+00:00,104.37524720014898,105.2493912529577,102.69456220985744,103.73092651367188,24838000
2021-02-09 00:00:00+00:00,103.01871231383504,104.33659120372786,103.01871231383504,103.2650375366211,17798000
2021-02-10 00:00:00+00:00,103.79537206045246,104.4971845872037,102.25297115951753,103.85335540771484,22710000
2021-02-11 00:00:00+00:00,104.05805710984835,104.18295537452418,102.95824904805707,103.8786392211914,18914000
2021-02-12 00:00:00+00:00,103.59909703260224,104.51948719245617,103.24621311834564,104.28604125976562,17114000
2021-02-16 00:00:00+00:00,104.2984285621315,106.69331381034752,104.2984285621315,105.16776275634766,22676000
2021-02-17 00:00:00+00:00,104.08233255129089,105.75062232200357,104.02880364752603,105.48545837402344,21418000
2021-02-18 00:00:00+00:00,104.59729044683503,105.70477454903315,104.26620987440927,104.934814453125,22432000
2021-02-19 00:00:00+00:00,105.03739591437873,105.59547132543585,103.95394627093201,104.1388168334961,29148000
2021-02-22 00:00:00+00:00,102.44675124701945,103.65708074775303,102.20587874345242,102.34168243408203,27350000
2021-02-23 00:00:00+00:00,100.36560904756054,103.19069951762096,99.22614971508457,102.63806915283203,33348000
2021-02-24 00:00:00+00:00,101.19927255123,104.12101504684753,101.01589177539105,103.84296417236328,24966000
2021-02-25 00:00:00+00:00,102.46906216428576,103.82858147526002,100.18123451701058,100.68033599853516,36568000
2021-02-26 00:00:00+00:00,101.62996378091994,102.64550805459477,99.92202255132347,100.95293426513672,41670000
2021-03-01 00:00:00+00:00,101.92732505130645,103.41421545773443,101.41088232225091,103.16590881347656,28090000
2021-03-02 00:00:00+00:00,102.90223656541521,104.29891892398913,102.65789277982302,102.8848876953125,22692000
2021-03-03 00:00:00+00:00,102.45716343607829,103.51325896810097,99.62166661258446,100.44986724853516,29684000
2021-03-04 00:00:00+00:00,100.28432569581507,103.54903688521117,100.13067398858652,101.55908203125,42360000
2021-03-05 00:00:00+00:00,102.75008182193494,104.97992604886748,101.426500583081,104.50560760498047,43904000
2021-03-08 00:00:00+00:00,104.13835976741375,105.51025936955425,100.19710259769603,100.32398986816406,32948000
2021-03-09 00:00:00+00:00,102.59545235763413,102.99393946566578,101.49664255354536,101.7380142211914,33946000
2021-03-10 00:00:00+00:00,102.68268422106311,102.84327095389054,100.77996512501355,101.85350036621094,25372000
2021-03-11 00:00:00+00:00,102.79668193443077,105.35611705729985,102.71341642240814,104.81439208984375,24782000
2021-03-12 00:00:00+00:00,103.33889057491976,103.59959252868136,101.48275800600537,102.19497680664062,34516000
2021-03-15 00:00:00+00:00,102.21381370165273,102.449732647569,101.28252564786133,102.4214859008789,25962000
2021-03-16 00:00:00+00:00,103.04101522672431,105.2500392035152,102.59544268623875,103.71160125732422,29832000
2021-03-17 00:00:00+00:00,102.89431763889596,104.56706960943733,101.8024428265276,103.64024353027344,25980000
2021-03-18 00:00:00+00:00,102.14938888769706,102.86805117671015,100.78887882417207,100.92121124267578,27228000
2021-03-19 00:00:00+00:00,101.21015831699259,101.75782752940667,100.0023093646214,101.26715850830078,46298000
2021-03-22 00:00:00+00:00,101.19975926551922,102.00019719573196,100.41814493704778,101.0386734008789,39096000
2021-03-23 00:00:00+00:00,101.68843972946398,102.70953497146553,101.06989274095093,101.75089263916016,27340000
2021-03-24 00:00:00+00:00,102.36597228729778,103.00235974766484,101.18562888651192,101.35934448242188,23080000
2021-03-25 00:00:00+00:00,101.34695607602886,102.0438074494298,99.65784606555619,101.32465362548828,28378000
2021-03-26 00:00:00+00:00,101.05204321548514,101.65324127921579,99.82089364392917,100.88798522949219,29870000
2021-03-29 00:00:00+00:00,100.50784871516063,102.02200282592527,99.90020715173766,101.89908599853516,24596000
2021-03-30 00:00:00+00:00,101.98234781238062,102.6341026761578,101.3082904991572,101.8787612915039,20732000
2021-03-31 00:00:00+00:00,102.05619584906094,103.7515979250428,101.93848217689424,102.52754211425781,29198000
2021-04-01 00:00:00+00:00,103.98072513836945,106.21056920952837,103.92818695157311,105.95333099365234,33980000
2021-04-05 00:00:00+00:00,106.70619848848916,110.88782822438391,106.64077343446716,110.30496215820312,43298000
2021-04-06 00:00:00+00:00,110.15380763789219,110.90518619827041,109.77217028127119,110.26532745361328,27060000
2021-04-07 00:00:00+00:00,110.33373138662537,111.76461253814647,110.29408006223439,111.50093841552734,25798000
2021-04-08 00:00:00+00:00,112.90257188026278,113.20217644345813,111.89743396425405,112.28204345703125,27166000
2021-04-09 00:00:00+00:00,111.84885654634002,113.45172882910866,111.70086175667151,113.29510498046875,20888000
2021-04-12 00:00:00+00:00,112.32218640133256,112.77172181248811,110.94507629066592,111.75419616699219,31318000
2021-04-13 00:00:00+00:00,112.08528290894333,112.86539981163503,111.81862908528325,112.37274932861328,23310000
2021-04-14 00:00:00+00:00,112.76379499182681,112.90405312433464,111.47664340235018,111.75666809082031,20220000
2021-04-15 00:00:00+00:00,112.85401291022437,114.32192120321452,112.30981490227487,113.82941436767578,27472000
2021-04-16 00:00:00+00:00,114.14362235379001,114.31411621726856,113.22423056487837,113.8839111328125,22596000
2021-04-19 00:00:00+00:00,113.59743368556694,114.90936821408289,113.39249165512865,114.11388397216797,24688000
2021-04-20 00:00:00+00:00,114.38601119487922,114.47076656972388,112.59282281493428,113.67924499511719,21774000
2021-04-21 00:00:00+00:00,113.26387409115428,113.76297551492375,111.94153324796781,113.66236114501953,23930000
2021-04-22 00:00:00+00:00,113.65939592756725,114.18139728635546,111.8364712571868,112.40496063232422,21096000
2021-04-23 00:00:00+00:00,113.17565999130237,115.27465401742874,112.91495804362314,114.75325012207031,28670000
2021-04-26 00:00:00+00:00,114.98272744216457,116.03991197289054,114.6808918770929,115.32025146484375,20834000
2021-04-27 00:00:00+00:00,115.77921191358622,115.85107284381077,114.20657531113694,114.34783172607422,31972000
2021-04-28 00:00:00+00:00,119.30537490087764,121.54725911983671,117.70474100596418,117.95552825927734,59728000
2021-04-29 00:00:00+00:00,119.4632211912161,120.7612705910687,119.06423499825172,120.43267059326172,39554000
2021-04-30 00:00:00+00:00,119.17377822445188,120.29638022814062,119.05829555078574,119.45281219482422,39142000
2021-05-03 00:00:00+00:00,119.08604858003083,119.92762760392012,118.18300736412907,118.71184539794922,33788000
2021-05-04 00:00:00+00:00,117.45147555396777,117.92331346748847,114.57483732662716,116.68374633789062,35120000
2021-05-05 00:00:00+00:00,117.386032180703,118.06901348357427,116.54297087209723,116.80713653564453,21806000
2021-05-06 00:00:00+00:00,116.50481371229871,118.09430010868064,116.093341428123,118.02689361572266,20618000
2021-05-07 00:00:00+00:00,118.95124031054598,119.76457262276101,118.45561014258537,118.88631439208984,23272000
2021-05-10 00:00:00+00:00,117.70671629699916,117.86085958370218,115.71626982884389,116.05973815917969,26006000
2021-05-11 00:00:00+00:00,113.59149909326351,115.08532462261648,113.15236997359824,114.42911529541016,32110000
2021-05-12 00:00:00+00:00,112.09717437194975,113.2698340293174,110.52800906394731,110.9755630493164,34934000
2021-05-13 00:00:00+00:00,112.06643989798022,112.83521269642391,111.15597204723466,112.11006164550781,26670000
2021-05-14 00:00:00+00:00,113.59000801725882,115.04269991725702,113.16822777322855,114.7958755493164,26624000
2021-05-17 00:00:00+00:00,114.45688217918885,115.15175218304141,113.7471363109293,115.05609893798828,19842000
2021-05-18 00:00:00+00:00,115.82410904374173,116.13358294994576,114.15155387284486,114.1649398803711,17302000
2021-05-19 00:00:00+00:00,112.2304985477718,114.82561440477434,112.18688436270966,114.4266357421875,19350000
2021-05-20 00:00:00+00:00,115.38468623858044,116.98556956621273,115.04021964116737,116.7749252319336,23832000
2021-05-21 00:00:00+00:00,117.26559823890925,117.41478037408469,116.09492005799999,116.230224609375,22832000
2021-05-24 00:00:00+00:00,117.31565224247997,119.86716127701555,116.97416537620035,119.28182220458984,21244000
2021-05-25 00:00:00+00:00,119.94249700137718,120.58136499448375,119.09942811474023,119.40077209472656,18838000
2021-05-26 00:00:00+00:00,119.58738197446492,121.07967986773825,119.57152295812017,120.61309051513672,21856000
2021-05-27 00:00:00+00:00,120.78209670482737,120.933759413252,119.05036328689584,119.07564544677734,38962000
2021-05-28 00:00:00+00:00,120.03965252427454,120.3459501149454,119.33238725478645,119.52420043945312,24108000
2021-06-01 00:00:00+00:00,120.04162849091753,120.83320289058072,119.19311439951414,120.42871856689453,19166000
2021-06-02 00:00:00+00:00,120.70130468423912,121.03287682620704,119.15939553064905,120.00593566894531,17158000
2021-06-03 00:00:00+00:00,118.70440889622292,119.43422609027564,118.10023866142483,119.17971801757812,18346000
2021-06-04 00:00:00+00:00,120.06741131571164,121.62066481468558,119.83198393650761,121.51663208007812,25948000
2021-06-07 00:00:00+00:00,121.49481176781347,122.32152249474767,120.98693758090909,122.22685241699219,23850000
2021-06-08 00:00:00+00:00,122.9113385185038,123.63470482043316,122.33343351205384,123.05754852294922,25060000
2021-06-09 00:00:00+00:00,123.88275192780424,124.15535001723153,123.27957240724791,123.48129272460938,20126000
2021-06-10 00:00:00+00:00,123.61065114189174,125.06037079178914,123.61015200265925,124.97809600830078,31234000
2021-06-11 00:00:00+00:00,125.14265085087479,125.245246655623,123.82278297293935,124.59795379638672,25240000
2021-06-14 00:00:00+00:00,124.57119608467758,125.30670806541305,123.95413136775662,125.24772644042969,22550000
2021-06-15 00:00:00+00:00,125.41625087765078,125.75327578194185,124.55038032424237,124.9315185546875,22182000
2021-06-16 00:00:00+00:00,125.14413314320345,125.41772195586535,123.06491564361433,124.59795379638672,26316000
2021-06-17 00:00:00+00:00,124.4259826434734,126.0848569947435,124.41804935362717,125.26657104492188,25756000
2021-06-18 00:00:00+00:00,124.6068795606078,125.28440820894977,123.51401408324529,124.47008514404297,53306000
2021-06-21 00:00:00+00:00,124.64106036498085,125.92647998430324,124.04060344652949,125.34981536865234,26256000
2021-06-22 00:00:00+00:00,125.34486743929556,126.15770061864372,124.9250686232251,125.88956451416016,20984000
2021-06-23 00:00:00+00:00,125.44399734334849,126.67910232551053,125.14859765193465,125.35626983642578,19694000
2021-06-24 00:00:00+00:00,125.94309808049533,126.42088782241761,125.85041698947713,126.16960144042969,18934000
2021-06-25 00:00:00+00:00,125.84743905847228,126.39064627337538,125.33892202267674,125.8851089477539,33484000
2021-06-28 00:00:00+00:00,125.89006223256858,126.22411496807746,124.8728315327348,125.71114349365234,28110000
2021-06-29 00:00:00+00:00,125.66455290774036,125.89006554685616,124.34072209720667,124.91714477539062,20950000
2021-06-30 00:00:00+00:00,124.55537666385166,124.70055056058611,123.66715835536182,124.22077941894531,24006000
2021-07-01 00:00:00+00:00,123.7586041738612,125.3572640901754,123.7586041738612,125.26408386230469,17120000
2021-07-02 00:00:00+00:00,125.7309572157415,127.72191018017409,125.6610701602398,127.59402465820312,21160000
2021-07-06 00:00:00+00:00,128.31816318211662,128.74937418354727,127.28675982922613,128.63685607910156,21350000
2021-07-07 00:00:00+00:00,129.2018749361373,129.49815192401994,128.62594381159133,128.940673828125,16680000
2021-07-08 00:00:00+00:00,127.12913442693282,128.89605713494794,126.92096310718405,128.04803466796875,19780000
2021-07-09 00:00:00+00:00,127.81757861991606,128.7146680593955,127.81658034132889,128.4420623779297,15106000
2021-07-12 00:00:00+00:00,128.6987824597825,129.6271057814983,128.46733311609378,129.4228973388672,16944000
2021-07-13 00:00:00+00:00,129.73763620241206,130.88800092868556,129.49526628098934,129.8496551513672,16618000
2021-07-14 00:00:00+00:00,130.7487132472644,131.8336452495444,130.74523439825597,130.92813110351562,17912000
2021-07-15 00:00:00+00:00,131.3420028593412,131.436173807275,129.45663271976483,130.11927795410156,16586000
2021-07-16 00:00:00+00:00,130.49051099705218,131.02776636602835,129.6781693838314,130.69322204589844,14856000
2021-07-19 00:00:00+00:00,130.00927607164235,130.0999681842236,127.41366054935814,128.1243896484375,25710000
2021-07-20 00:00:00+00:00,128.86782227128887,130.84771135969666,128.0593526868454,129.9557342529297,19084000
2021-07-21 00:00:00+00:00,129.64399228446635,131.45824285967893,129.4601123688131,131.44163513183594,14742000
2021-07-22 00:00:00+00:00,131.49068639623516,132.3377257917358,131.24287129550692,132.16326904296875,13608000
2021-07-23 00:00:00+00:00,134.07788033070804,137.59537559015067,133.5232760492349,136.61154174804688,26378000
2021-07-26 00:00:00+00:00,137.04172861297883,138.49193980760833,136.44796469537042,138.42404174804688,23052000
2021-07-27 00:00:00+00:00,138.78735119655704,138.78735119655704,133.91927620849248,135.60093688964844,42164000
2021-07-28 00:00:00+00:00,137.35103016458848,138.45529275857675,135.15837155736574,135.18959045410156,54688000
2021-07-29 00:00:00+00:00,135.1886685755518,135.95283560896715,134.94818934542886,135.34716796875,19284000
2021-07-30 00:00:00+00:00,134.32668907292518,134.58475921565164,133.6359710364847,134.03921508789062,23954000
2021-08-02 00:00:00+00:00,134.30040358003416,134.83171462516523,133.49252401324674,134.80099487304688,20140000
2021-08-03 00:00:00+00:00,134.81143750827152,135.1440004683346,133.01081486108595,135.0889892578125,19064000
2021-08-04 00:00:00+00:00,135.05870699905262,135.34468351792717,134.23149719224827,134.8396453857422,16528000
2021-08-05 00:00:00+00:00,134.8396920546529,135.7531322582155,134.41493956179062,135.74322509765625,11866000
2021-08-06 00:00:00+00:00,135.103842310148,135.88203077609694,134.85750948819918,135.83836364746094,13560000
2021-08-09 00:00:00+00:00,135.7521226886644,137.1126251384003,135.2364210496758,136.79591369628906,12374000
2021-08-10 00:00:00+00:00,136.87273766972007,137.3406126959752,136.02719570102272,136.88958740234375,16034000
2021-08-11 00:00:00+00:00,137.07444853873733,137.63425587862778,136.14960403851845,136.4861297607422,15204000
2021-08-12 00:00:00+00:00,136.50942194027127,137.20826224013817,135.58359429369307,137.1800079345703,14646000
2021-08-13 00:00:00+00:00,137.14829686686207,137.46202857769512,136.79888426190814,137.19638061523438,12580000
2021-08-16 00:00:00+00:00,136.79393989388618,137.7757771825997,134.97572661397365,137.70193481445312,18040000
2021-08-17 00:00:00+00:00,136.9832605869479,137.50616194456637,135.59203834945433,136.10055541992188,21272000
2021-08-18 00:00:00+00:00,135.91715341997238,137.08536621500676,135.22873447579948,135.37643432617188,14934000
2021-08-19 00:00:00+00:00,134.28357245478847,136.2507258940188,134.17305090883553,135.71693420410156,18296000
2021-08-20 00:00:00+00:00,135.88494136924143,137.4030659817041,135.27432762789584,137.22711181640625,15564000
2021-08-23 00:00:00+00:00,137.7837122394055,140.93443073430424,137.53535262573024,139.86634826660156,21090000
2021-08-24 00:00:00+00:00,140.3064531306813,141.75766266709394,140.11811125619684,141.1539764404297,15126000
2021-08-25 00:00:00+00:00,141.63425255844453,142.06050238718717,141.19463184688692,141.70066833496094,12838000
2021-08-26 00:00:00+00:00,141.37207335631467,141.88385752724446,140.84968625643873,140.8809051513672,14922000
2021-08-27 00:00:00+00:00,140.87050442946054,143.74367140609738,140.7788140474122,143.28720092773438,24562000
2021-08-30 00:00:00+00:00,143.4398218648292,145.20922509931688,143.33624290952181,144.19813537597656,16916000
2021-08-31 00:00:00+00:00,144.60954301341715,144.8350481132899,143.73276696376104,144.19073486328125,26756000
2021-09-01 00:00:00+00:00,144.3770747387989,145.53734675940768,144.34189297996778,144.56739807128906,15824000
2021-09-02 00:00:00+00:00,144.67393227681757,145.04615401224612,142.84705245039112,142.95855712890625,21844000
2021-09-03 00:00:00+00:00,142.88621922862686,144.10646357676572,142.2508300178848,143.5097198486328,19104000
2021-09-07 00:00:00+00:00,143.48444727787225,144.54956519502716,143.27777335151706,144.24722290039062,15170000
2021-09-08 00:00:00+00:00,144.1227857997295,144.2789104936506,142.93972000003689,143.61724853515625,15486000
2021-09-09 00:00:00+00:00,143.61728182930332,144.3964080619078,143.1717167934845,143.6470184326172,14798000
2021-09-10 00:00:00+00:00,144.1723857810503,144.7428566532026,140.50274371464997,140.68067932128906,32896000
2021-09-13 00:00:00+00:00,141.949481265479,142.93081935860877,141.03900582596071,142.21116638183594,20176000
2021-09-14 00:00:00+00:00,142.90108601870415,143.46263285712948,141.65656536294708,142.15269470214844,18916000
2021-09-15 00:00:00+00:00,142.50260584569327,144.3091724711704,141.01273554222357,143.93695068359375,20648000
2021-09-16 00:00:00+00:00,143.85270485239175,143.93100922202166,142.1629519148649,143.1117401123047,20292000
2021-09-17 00:00:00+00:00,142.54172649781137,142.98878885407916,139.8286477358103,140.22714233398438,60040000
2021-09-20 00:00:00+00:00,137.78539462708463,138.14453292278412,135.85520779290323,137.8020477294922,34918000
2021-09-21 00:00:00+00:00,138.89243337180267,139.5809582012449,137.69151937862972,138.42604064941406,18130000
2021-09-22 00:00:00+00:00,138.82651689975006,140.3461086397524,138.25282435593874,139.70675659179688,22068000
2021-09-23 00:00:00+00:00,140.37189169449726,141.00923210218252,139.86337460722532,140.58700561523438,17272000
2021-09-24 00:00:00+00:00,139.71417618266344,141.65457249372565,139.61950610299098,141.3864288330078,14950000
2021-09-27 00:00:00+00:00,140.34809278521013,141.25460537170252,139.27208459455582,140.26434326171875,18844000
2021-09-28 00:00:00+00:00,137.87293147776145,138.38640972026516,134.51404141547334,134.9938201904297,42190000
2021-09-29 00:00:00+00:00,135.91138096323448,136.19765997583596,133.0766787606307,133.34530639648438,26338000
2021-09-30 00:00:00+00:00,133.1510492766443,134.40499306888503,131.83763228088753,132.10081481933594,35294000
2021-10-01 00:00:00+00:00,132.3872622251699,135.87302344918467,132.21180723704384,135.26983642578125,28388000
2021-10-04 00:00:00+00:00,134.5135036280549,134.51400276724232,130.02013165957823,132.59591674804688,31530000
2021-10-05 00:00:00+00:00,132.82888647157216,136.16150327350928,132.82888647157216,134.9868621826172,24126000
2021-10-06 00:00:00+00:00,133.44889553828943,136.6471978332778,133.31110287656315,136.15354919433594,19764000
2021-10-07 00:00:00+00:00,137.6493944124473,138.92955054248768,137.35201327826417,137.9690704345703,18250000
2021-10-08 00:00:00+00:00,138.68327195842016,139.09067547228446,138.2107837101895,138.8319549560547,18924000
2021-10-11 00:00:00+00:00,138.57819277376515,139.53342429384222,137.5933759090817,137.63401794433594,16584000
2021-10-12 00:00:00+00:00,138.41712920246334,138.47413696410334,135.05923742550328,135.5181884765625,22536000
2021-10-13 00:00:00+00:00,136.546110701579,137.339121992083,135.77937228699494,136.69479370117188,16380000
2021-10-14 00:00:00+00:00,138.72883991491028,140.41349517377859,138.12120601880315,140.17608642578125,21426000
2021-10-15 00:00:00+00:00,140.9572189889702,140.9572189889702,139.83164479565173,140.4368133544922,21250000
2021-10-18 00:00:00+00:00,139.97936394386136,141.74900955267896,139.97936394386136,141.71109008789062,16564000
2021-10-19 00:00:00+00:00,142.03918231782805,142.84754591424652,141.84538015554773,142.56504821777344,15316000
2021-10-20 00:00:00+00:00,142.9620472019495,142.98707979248542,140.67173911038583,141.1703338623047,17940000
2021-10-21 00:00:00+00:00,140.94929611178756,141.60105101625186,140.3991387402378,141.53265380859375,14850000
2021-10-22 00:00:00+00:00,139.12439618032926,140.32134743308274,135.9716960063206,137.41348266601562,30182000
2021-10-25 00:00:00+00:00,137.59737424380728,137.9892137811052,135.55339849020743,137.56019592285156,21082000
2021-10-26 00:00:00+00:00,139.3771520347792,139.60860139837445,137.7906303254033,138.45130920410156,28258000
2021-10-27 00:00:00+00:00,138.6797838884467,147.8147426272006,138.6797838884467,145.14776611328125,51850000
2021-10-28 00:00:00+00:00,146.01164035948744,146.1360470306337,143.49830796827857,144.85186767578125,32418000
2021-10-29 00:00:00+00:00,144.24820527134028,147.3141757246461,143.8977943869837,146.9746551513672,28954000
2021-11-01 00:00:00+00:00,146.8700711861353,147.10253394069878,142.3246521811485,142.5174560546875,32272000
2021-11-02 00:00:00+00:00,143.54381509311216,145.63646401123387,143.37689082359583,144.5882110595703,21150000
2021-11-03 00:00:00+00:00,144.99661208372197,145.6265712708721,143.78579086713236,145.50711059570312,17886000
2021-11-04 00:00:00+00:00,145.9135042920165,148.63946995181294,145.3534398363894,147.383544921875,24700000
2021-11-05 00:00:00+00:00,148.04818056412768,149.25479664005988,147.35280403198803,147.93666076660156,20408000
2021-11-08 00:00:00+00:00,148.68906507013762,149.71452410990813,147.81675104825396,148.04623413085938,18388000
2021-11-09 00:00:00+00:00,148.43727190974002,149.06423620474177,146.2178415985996,147.94412231445312,16876000
2021-11-10 00:00:00+00:00,146.71619327679934,147.40040732815328,144.05490373069406,145.34454345703125,22708000
2021-11-11 00:00:00+00:00,145.82134069530798,147.20439521771485,145.41245484895987,145.46548461914062,12464000
2021-11-12 00:00:00+00:00,146.5394746216597,148.549750119701,145.174011321298,148.33761596679688,17048000
2021-11-15 00:00:00+00:00,148.68904829396303,149.16188442867957,147.35332138001854,148.0823974609375,16248000
2021-11-16 00:00:00+00:00,147.86680412847807,148.52302102300263,147.05347936525635,147.77313232421875,17254000
2021-11-17 00:00:00+00:00,147.92477940999694,148.3183128745136,147.26459972186728,147.7592315673828,15290000
2021-11-18 00:00:00+00:00,147.84248727037286,150.28495683657448,147.6962848637312,149.39183044433594,26658000
2021-11-19 00:00:00+00:00,149.6803136002846,150.52289095218111,148.57753343029532,148.6419677734375,19766000
2021-11-22 00:00:00+00:00,148.8295511913779,149.4270359628658,145.72070037465772,145.79307556152344,24608000
2021-11-23 00:00:00+00:00,145.82728721190873,146.40320317047326,143.62320922362144,145.47439575195312,18126000
2021-11-24 00:00:00+00:00,145.07094555394974,145.7152586747882,143.93000402310116,145.4352264404297,16464000
2021-11-26 00:00:00+00:00,143.74809971238372,144.02713365687606,141.24021255927767,141.5579071044922,16992000
2021-11-29 00:00:00+00:00,143.03736661496774,145.57846940720174,143.03736661496774,144.83700561523438,26276000
2021-11-30 00:00:00+00:00,144.17907275720032,145.34701329125937,140.82438792109565,141.20701599121094,41590000
2021-12-01 00:00:00+00:00,142.95211730119058,145.21878422121605,140.26332983769018,140.3802947998047,28476000
2021-12-02 00:00:00+00:00,140.58452312776336,143.41060453293966,139.74987144640286,142.51995849609375,21250000
2021-12-03 00:00:00+00:00,143.23263196267476,143.94385992163345,139.91636635870955,141.27488708496094,26688000
2021-12-06 00:00:00+00:00,142.3192204688129,143.08992177110022,139.41779944965904,142.53976440429688,22198000
2021-12-07 00:00:00+00:00,144.67446968696817,147.00393795621267,144.42913512864632,146.74273681640625,23258000
2021-12-08 00:00:00+00:00,147.03513805490115,147.85292485322583,145.91352667933072,147.42074584960938,18964000
2021-12-09 00:00:00+00:00,146.88099535272772,148.29750730560878,146.23966185587122,146.81161499023438,18580000
2021-12-10 00:00:00+00:00,147.79691425574214,148.09428024031754,146.0696353472702,147.37562561035156,21634000
2021-12-13 00:00:00+00:00,147.14667816578523,147.26414229643038,145.08089158696475,145.42237854003906,24104000
2021-12-14 00:00:00+00:00,143.5047582949688,144.17088231447653,140.99933638390345,143.70350646972656,24778000
2021-12-15 00:00:00+00:00,143.10428951631962,146.22799386482097,141.45830968573367,146.08055114746094,27280000
2021-12-16 00:00:00+00:00,146.78282269662424,147.2531781711141,142.83314959817153,143.5726318359375,27400000
2021-12-17 00:00:00+00:00,141.4672193895998,143.1975688935225,140.54881823987355,141.55494689941406,43404000
2021-12-20 00:00:00+00:00,139.45010744833306,141.3641402160955,139.0242660133888,141.15696716308594,20264000
2021-12-21 00:00:00+00:00,141.89891277709864,143.42748899134267,140.49628603975955,142.96006774902344,19548000
2021-12-22 00:00:00+00:00,142.8406039661575,146.01559823422593,142.70479272456944,145.66470336914062,18438000
2021-12-23 00:00:00+00:00,145.80397585589387,147.27412246393868,145.6665461813083,145.8565216064453,13818000
2021-12-27 00:00:00+00:00,146.1747274569768,147.12930867126624,145.96309239573011,146.7699737548828,13256000
2021-12-28 00:00:00+00:00,147.07776773185125,147.07776773185125,144.6600881318448,145.16810607910156,18624000
2021-12-29 00:00:00+00:00,145.14976433248833,145.89741447841328,144.23284546750517,145.22410583496094,17022000
2021-12-30 00:00:00+00:00,145.17008505633112,145.77723508687956,144.4846306559825,144.72650146484375,12978000
2021-12-31 00:00:00+00:00,144.272000818909,145.0858247087784,143.41307288964566,143.41505432128906,17298000
2022-01-03 00:00:00+00:00,143.21284605562658,144.2779640188264,142.2483576073186,143.80661010742188,25214000
2022-01-04 00:00:00+00:00,144.27848059541526,145.3287152581204,142.55927814035576,143.15438842773438,22928000
2022-01-05 00:00:00+00:00,142.92091874913177,143.0369005747011,136.32160127562614,136.45046997070312,49642000
2022-01-06 00:00:00+00:00,136.29581666924227,138.46519694933468,135.56823799024903,136.34884643554688,29050000
2022-01-07 00:00:00+00:00,136.69975630347483,137.04644634112273,134.60225208111177,135.80712890625,19408000
2022-01-10 00:00:00+00:00,133.91827931737623,137.42833253415026,131.97689981922537,137.3629150390625,34096000
2022-01-11 00:00:00+00:00,136.97284196302226,139.1030624332411,135.61779988412613,138.79379272460938,23502000
2022-01-12 00:00:00+00:00,140.31736065879366,141.56610118620915,139.87872313538554,140.4100341796875,23642000
2022-01-13 00:00:00+00:00,140.60086209913936,141.93410846613614,137.6999402879094,137.9150390625,26566000
2022-01-14 00:00:00+00:00,136.29828841634713,139.9664475642496,136.29828841634713,138.56480407714844,23826000
2022-01-18 00:00:00+00:00,135.40616950816542,136.190740819829,134.4317588926001,135.099365234375,27382000
2022-01-19 00:00:00+00:00,135.74168575206804,137.18991538646475,134.315751000918,134.46641540527344,20796000
2022-01-20 00:00:00+00:00,135.32092932478682,136.70670639851258,131.98087064123405,132.33970642089844,21930000
2022-01-21 00:00:00+00:00,131.84951065716953,133.58273391834695,128.86483939718505,128.9550323486328,41920000
2022-01-24 00:00:00+00:00,124.9260613868278,129.63554637527668,123.5526267178376,129.2325897216797,55148000
2022-01-25 00:00:00+00:00,127.31301573149965,128.2081236781422,125.27349490351581,125.62786865234375,36008000
2022-01-26 00:00:00+00:00,129.4511618159636,131.64679978934083,126.04222218187327,128.11048889160156,39630000
2022-01-27 00:00:00+00:00,130.21292882019375,131.45097559028127,127.81805884395568,127.99251556396484,30248000
2022-01-28 00:00:00+00:00,128.86386222460897,132.20490433686336,127.56977542083807,132.12461853027344,30518000
2022-01-31 00:00:00+00:00,133.02513798633672,134.65626443383368,131.1179573029971,134.5125274658203,34056000
2022-02-01 00:00:00+00:00,136.63038494626073,136.99218531478255,133.3921808953898,136.67349243164062,51204000
2022-02-02 00:00:00+00:00,150.53628670755705,150.7707309525625,144.28539811830524,146.74273681640625,89750000
2022-02-03 00:00:00+00:00,144.02518226638006,147.81448156846176,140.96219116981342,141.40379333496094,56930000
2022-02-04 00:00:00+00:00,141.76708117558874,143.2720617327576,138.59555018877185,141.76609802246094,49224000
2022-02-07 00:00:00+00:00,142.45302329152761,142.58931855501405,137.48681473123284,137.72372436523438,44610000
2022-02-08 00:00:00+00:00,137.7765198485632,138.61496794140365,135.67677707540824,137.99632263183594,34256000
2022-02-09 00:00:00+00:00,139.61878232396384,140.93295565764288,139.15016612756583,140.21676635742188,28628000
2022-02-10 00:00:00+00:00,138.28080653909916,140.19492986287722,136.84348218438834,137.39114379882812,33018000
2022-02-11 00:00:00+00:00,137.53736614289497,138.06595460698603,132.12359597636294,132.95774841308594,38808000
2022-02-14 00:00:00+00:00,132.1999209241808,134.9764511004413,132.1369840016216,134.11752319335938,26792000
2022-02-15 00:00:00+00:00,136.27004851278815,136.694800925324,134.35494179983246,135.2332000732422,26578000
2022-02-16 00:00:00+00:00,135.23816529718204,136.74042352681732,133.64536621210377,136.2859344482422,25610000
2022-02-17 00:00:00+00:00,134.96009441724854,135.64356735886216,131.04660038088105,131.1521759033203,30968000
2022-02-18 00:00:00+00:00,131.87477042589407,132.6543955195523,129.16818084932873,129.3272247314453,31858000
2022-02-22 00:00:00+00:00,128.84897404379853,130.74798718397395,126.62458260578833,128.2715606689453,38906000
2022-02-23 00:00:00+00:00,129.93293876194863,130.59756545949242,126.38917813047516,126.46996307373047,26432000
2022-02-24 00:00:00+00:00,123.90754799658191,131.8743102436429,123.67410962475509,131.51397705078125,43166000
2022-02-25 00:00:00+00:00,132.35851039474687,134.20573380818203,130.61339876055874,133.3438262939453,26236000
2022-02-28 00:00:00+00:00,132.119646309157,134.45505858410777,131.66441614368614,133.7121124267578,29676000
2022-03-01 00:00:00+00:00,133.30469209373015,134.9214345115887,132.2128173296256,132.99542236328125,24640000
2022-03-02 00:00:00+00:00,133.43180920974896,134.43025408272956,132.26633419433264,133.5738067626953,23966000
2022-03-03 00:00:00+00:00,134.79010324923786,135.51898276008464,132.264866764264,133.1342010498047,19780000
2022-03-04 00:00:00+00:00,132.21679733647423,133.02615927362388,129.26877475452406,130.96730041503906,24446000
2022-03-07 00:00:00+00:00,130.75122042015911,130.75122042015911,125.30523244376818,125.3592529296875,39178000
2022-03-08 00:00:00+00:00,125.14711457764885,130.0994533159502,124.76076566466169,126.16613006591797,35250000
2022-03-09 00:00:00+00:00,130.25159370279795,133.0256431974666,128.95106373491254,132.696044921875,32258000
2022-03-10 00:00:00+00:00,130.31356031380258,132.37142083460813,130.25260481926114,131.5224151611328,24266000
2022-03-11 00:00:00+00:00,132.82840917166197,133.0271573878875,129.15776859984936,129.335205078125,26600000
2022-03-14 00:00:00+00:00,129.43183400562268,129.880877842223,125.30819493763482,125.6333236694336,30254000
2022-03-15 00:00:00+00:00,126.62507842505924,129.37656085279806,125.46183440282367,128.52731323242188,30292000
2022-03-16 00:00:00+00:00,129.85511783828895,132.6018966496122,128.07184429712046,132.52210998535156,32058000
2022-03-17 00:00:00+00:00,132.1558204008862,133.56192599177672,131.55907670847736,133.42413330078125,23994000
2022-03-18 00:00:00+00:00,132.71391320438985,135.716931938303,131.77023739531847,135.6059112548828,45900000
2022-03-21 00:00:00+00:00,135.65149914733792,136.38007608151847,133.43503346696508,135.2857208251953,26632000
2022-03-22 00:00:00+00:00,135.3070315034135,140.26333302368505,135.3070315034135,139.051513671875,29776000
2022-03-23 00:00:00+00:00,137.9225051512112,138.80124755441736,136.95899980968522,137.2930450439453,25302000
2022-03-24 00:00:00+00:00,138.05530021077203,140.160729969481,136.8329687470258,140.07696533203125,20544000
2022-03-25 00:00:00+00:00,140.51511892866688,140.71882825685037,138.4785701624108,140.28465270996094,19270000
2022-03-28 00:00:00+00:00,139.45493842757855,140.73565397570746,138.60608416144242,140.70938110351562,23774000
2022-03-29 00:00:00+00:00,141.9093209625373,142.902562649628,141.23871984723044,141.99803161621094,28678000
2022-03-30 00:00:00+00:00,141.62135077448912,142.22651928702973,140.92549017494042,141.3978271484375,21046000
2022-03-31 00:00:00+00:00,141.2035342411188,141.3978203988925,138.39876511845563,138.4290008544922,29516000
2022-04-01 00:00:00+00:00,138.78634962589769,139.71813673110918,137.58395341901516,139.47032165527344,23480000
2022-04-04 00:00:00+00:00,139.59373548576164,142.78485385057047,139.59373548576164,142.38711547851562,19076000
2022-04-05 00:00:00+00:00,142.14626717694162,142.3350931079743,139.71172252929435,139.83018493652344,19256000
2022-04-06 00:00:00+00:00,137.94526316912265,138.62625545600227,135.22584677638173,135.97711181640625,23574000
2022-04-07 00:00:00+00:00,135.42400157842738,136.49804341172066,133.6786476764237,135.2723388671875,19448000
2022-04-08 00:00:00+00:00,135.05922394412897,135.05922394412897,132.58355361703886,132.83929443359375,16434000
2022-04-11 00:00:00+00:00,131.73850166107223,131.77735889950998,128.48468817442233,128.66212463378906,24188000
2022-04-12 00:00:00+00:00,131.26616524949836,131.26616524949836,126.46103435019731,127.25255584716797,23004000
2022-04-13 00:00:00+00:00,127.50237235754187,129.51388894639095,127.31611774043003,129.14736938476562,19542000
2022-04-14 00:00:00+00:00,129.50767691895246,129.5678912671287,126.00059574301706,126.14085388183594,23484000
2022-04-18 00:00:00+00:00,126.29648724480126,127.58711018129883,125.47220409203968,126.84266662597656,14918000
2022-04-19 00:00:00+00:00,126.95765014528786,129.75969708694345,126.33762083819697,129.3902130126953,22720000
2022-04-20 00:00:00+00:00,130.13662993181907,130.7705368579504,126.7763106432585,127.12468719482422,22610000
2022-04-21 00:00:00+00:00,128.21953098292744,129.16865186782377,123.56060284897806,123.84558868408203,30158000
2022-04-22 00:00:00+00:00,123.90754083767837,124.35559395394596,118.09925385745434,118.56861114501953,46410000
2022-04-25 00:00:00+00:00,118.38572298678801,122.20059147209088,117.73124552858638,122.17283630371094,34522000
2022-04-26 00:00:00+00:00,121.67719946960811,121.67719946960811,118.12040886881375,118.4615478515625,49394000
2022-04-27 00:00:00+00:00,113.37342622036772,116.47309638579071,112.13559101242998,114.01526641845703,62238000
2022-04-28 00:00:00+00:00,116.09145128046437,119.38590655600973,114.13757819172884,118.36788177490234,36790000
2022-04-29 00:00:00+00:00,116.55041089872682,117.92032887391979,113.69161342251412,113.96173095703125,33694000
2022-05-02 00:00:00+00:00,112.91099942660051,116.31399489564099,112.40842667530683,116.13308715820312,30280000
2022-05-03 00:00:00+00:00,115.7445074403369,118.25735591174546,115.60771303596802,117.09708404541016,21216000
2022-05-04 00:00:00+00:00,116.97219646374067,122.06677508730426,114.72699230159225,121.50373840332031,33232000
2022-05-05 00:00:00+00:00,119.16980299737101,120.17370813263818,114.17583930016191,115.72616577148438,43090000
2022-05-06 00:00:00+00:00,114.50941104658587,116.47161088997547,113.14543723684271,114.64918518066406,35310000
2022-05-09 00:00:00+00:00,112.31326721942409,114.55292032953723,111.56784050657016,112.09568786621094,34520000
2022-05-10 00:00:00+00:00,115.02634527678873,115.6711651660785,112.39237215455056,113.58307647705078,31158000
2022-05-11 00:00:00+00:00,112.71671256216514,115.65133386542566,112.65674022199522,112.96501922607422,36502000
2022-05-12 00:00:00+00:00,110.95969383245578,113.85268210440806,109.1511384703225,112.17200469970703,41464000
2022-05-13 00:00:00+00:00,113.8417894542764,117.05297934413852,113.00368165888769,115.49720001220703,29738000
2022-05-16 00:00:00+00:00,114.37559071539216,115.58839331708974,113.33575500382982,113.78926086425781,23282000
2022-05-17 00:00:00+00:00,116.20297588287787,116.20297588287787,114.32949438938233,115.68157196044922,21576000
2022-05-18 00:00:00+00:00,114.23036743097917,114.68450854368932,111.16191630318002,111.41865539550781,27982000
2022-05-19 00:00:00+00:00,110.86354110274272,112.59477525528834,109.50253968930284,109.7776107788086,29192000
2022-05-20 00:00:00+00:00,111.10591146366372,111.56635230691289,105.4433353596284,108.3576431274414,37586000
2022-05-23 00:00:00+00:00,109.14172276402795,111.02660874276785,108.20027805318017,110.69056701660156,31558000
2022-05-24 00:00:00+00:00,105.44779045696747,105.465131763809,101.31472857496544,105.00023651123047,60386000
2022-05-25 00:00:00+00:00,104.22309118266283,105.61353434884555,103.30047763362441,104.91449737548828,37900000
2022-05-26 00:00:00+00:00,105.12364425886327,108.00301207214704,104.56606036747041,107.34951782226562,30288000
2022-05-27 00:00:00+00:00,108.82898412641175,111.88156865908103,108.59257361671678,111.81317901611328,29924000
2022-05-31 00:00:00+00:00,112.0907340890013,115.41591682904993,111.58866046802076,113.04234313964844,51302000
2022-06-01 00:00:00+00:00,113.92704683903948,116.37298064258923,112.55811194412158,113.13948822021484,28630000
2022-06-02 00:00:00+00:00,113.19003888503391,116.8676138282516,112.3177249482232,116.7169418334961,27472000
2022-06-03 00:00:00+00:00,114.97875676930337,115.34750722200333,112.67457125119873,113.562744140625,25052000
2022-06-06 00:00:00+00:00,115.72221372284406,118.35499950363368,115.50988289650353,115.98786926269531,23786000
2022-06-07 00:00:00+00:00,114.63728810673697,116.71957631535234,114.11935544276633,116.20496368408203,26414000
2022-06-08 00:00:00+00:00,115.85504228585641,117.60907818643314,115.67685712876947,116.21337890625,22544000
2022-06-09 00:00:00+00:00,115.32470961127908,117.31565507826107,113.86309375678752,113.91365051269531,23142000
2022-06-10 00:00:00+00:00,111.79557985607693,112.50507607566507,109.89211225490057,110.45365905761719,31324000
2022-06-13 00:00:00+00:00,106.50694748705006,108.2639553646083,105.65649744140255,105.94242858886719,36756000
2022-06-14 00:00:00+00:00,105.95582000293143,107.50961790532273,105.42251992903239,106.25716400146484,25480000
2022-06-15 00:00:00+00:00,107.94774624521392,111.08360362863755,107.17382329514972,109.42572021484375,33192000
2022-06-16 00:00:00+00:00,107.20430950132291,108.33533641404719,104.86791417451977,105.70404052734375,35314000
2022-06-17 00:00:00+00:00,105.60391338609902,108.29468217060756,104.70537959953646,106.92278289794922,43516000
2022-06-21 00:00:00+00:00,108.7432523678559,111.68828013309935,108.33832182700624,111.0360336303711,39010000
2022-06-22 00:00:00+00:00,110.19147299227227,112.77519174683722,109.75660169296219,111.05485534667969,23922000
2022-06-23 00:00:00+00:00,111.96284382581196,112.20719516812018,110.05863521768933,111.69966888427734,24710000
2022-06-24 00:00:00+00:00,112.61013949020717,117.60063953729036,112.61013949020717,117.50201416015625,39122000
2022-06-27 00:00:00+00:00,117.89554575477695,118.20779518098458,114.98694023209232,115.60325622558594,32840000
2022-06-28 00:00:00+00:00,115.33413322079865,116.82647649394194,111.4612812553494,111.5876693725586,28232000
2022-06-29 00:00:00+00:00,111.16837094949284,112.67112063979032,110.57906891196305,111.27542877197266,18628000
2022-06-30 00:00:00+00:00,109.53377536139816,110.35682581937664,106.37215139594988,108.4166259765625,38046000
2022-07-01 00:00:00+00:00,107.39017690627625,108.84668808625155,106.16894940684787,108.12767791748047,31028000
2022-07-05 00:00:00+00:00,106.57486597061106,113.05581898669575,105.32091465107848,112.89167022705078,36398000
2022-07-06 00:00:00+00:00,113.094876897038,115.33511980725181,111.26947165706461,114.20657348632812,28852000
2022-07-07 00:00:00+00:00,114.99413993586035,118.81445383502945,114.52427591056598,118.26331329345703,32184000
2022-07-08 00:00:00+00:00,116.52264845425572,119.38242890500132,116.48695999873618,119.1182632446289,29082000
2022-07-11 00:00:00+00:00,117.61303621264507,117.75627405214381,115.2186425392293,115.5041275024414,26718000
2022-07-12 00:00:00+00:00,115.81736400502207,116.81952971086906,113.61329370945828,113.84574890136719,24970000
2022-07-13 00:00:00+00:00,111.65458086227781,114.15057232716947,110.8457104950561,111.20652770996094,38958000
2022-07-14 00:00:00+00:00,109.8574169736513,111.00877247528408,108.37003485863218,110.46605682373047,32366000
2022-07-15 00:00:00+00:00,111.97574217835538,113.0041808582073,110.84521438961647,111.78145599365234,34330000
2022-07-18 00:00:00+00:00,112.44858819095413,113.79670301184245,108.34477052118778,108.9494400024414,33354000
2022-07-19 00:00:00+00:00,110.75352145818985,113.80659756716412,109.5342679086254,113.6182632446289,30992300
2022-07-20 00:00:00+00:00,113.06314954297346,115.31331470178468,112.27014582555807,113.69755554199219,26780100
2022-07-21 00:00:00+00:00,114.0841501547198,114.2031041194054,110.93194949907256,114.03459167480469,27267800
2022-07-22 00:00:00+00:00,110.83280878649478,112.19083808409249,106.65960394158678,107.4129638671875,44455300
2022-07-25 00:00:00+00:00,107.92841717346766,109.61356419661585,106.0747652795352,107.26427459716797,28289900
2022-07-26 00:00:00+00:00,106.4910996299295,106.7983879181494,103.84443631229767,104.51849365234375,36626600
2022-07-27 00:00:00+00:00,108.64212149008844,113.40017369777165,107.47243409685805,112.60716247558594,41474600
2022-07-28 00:00:00+00:00,111.814174431135,113.69756311209201,110.87346324380916,113.5885238647461,23303800
2022-07-29 00:00:00+00:00,112.40892408426146,115.87833527474658,112.24041164148979,115.62060546875,31336200
2022-08-01 00:00:00+00:00,114.52030738139145,116.0964152754024,113.6876523149074,114.47074890136719,22856200
2022-08-02 00:00:00+00:00,113.42991585847524,116.05675715274796,113.26140342337837,114.88706970214844,17911000
2022-08-03 00:00:00+00:00,115.32322002356321,118.3763035719251,115.13488570863572,117.74189758300781,25302800
2022-08-04 00:00:00+00:00,117.2660900558924,118.45559932528607,116.68124257849442,117.83110809326172,15757700
2022-08-05 00:00:00+00:00,115.90807135513276,117.82120410552957,115.68999287124562,117.18679809570312,15615700
2022-08-08 00:00:00+00:00,118.0789289553604,119.80371974952797,116.80020226844992,117.10749053955078,17061100
2022-08-09 00:00:00+00:00,116.95881424064035,117.16697802025072,115.54131154477439,116.47309875488281,15424300
2022-08-10 00:00:00+00:00,118.54483221776756,120.71569499829221,118.31684655201934,119.59557342529297,20497000
2022-08-11 00:00:00+00:00,121.01307788925934,121.27080016182333,118.50519015378502,118.7728271484375,16671600
2022-08-12 00:00:00+00:00,120.1011110076257,121.57808685302734,119.34775100291655,121.57808685302734,16121100
2022-08-15 00:00:00+00:00,121.14193339238358,122.18275984448039,120.5075273371281,121.80607604980469,15525000
2022-08-16 00:00:00+00:00,121.25096627904998,122.15102783749656,120.47283083325728,121.4393081665039,15626200
2022-08-17 00:00:00+00:00,119.87311730902643,121.08245617512615,119.14949390853977,119.26844787597656,17589200
2022-08-18 00:00:00+00:00,119.17924248960682,120.62648178150305,118.50518510791518,119.8037338256836,15652000
2022-08-19 00:00:00+00:00,118.82237489776573,118.95123601420339,116.64159769987579,117.0876693725586,20187000
2022-08-22 00:00:00+00:00,115.08532033327036,115.48182596931335,113.66781778924998,114.06432342529297,19316000
2022-08-23 00:00:00+00:00,113.32088836077709,114.91681820606638,113.30106648041874,113.76695251464844,14390700
2022-08-24 00:00:00+00:00,113.44974046229062,114.70567315488582,112.78559786374227,113.69755554199219,16051200
2022-08-25 00:00:00+00:00,114.14363903487894,116.75065122054008,114.04451450528394,116.67134857177734,14874700
2022-08-26 00:00:00+00:00,114.79786473442158,115.58096135951988,110.24798311939034,110.32728576660156,31698700
2022-08-29 00:00:00+00:00,109.81182839268085,110.98151599371998,108.85030457283722,109.37567138671875,20386100
2022-08-30 00:00:00+00:00,110.05964686949034,110.39667935607096,107.84914029476464,108.9494400024414,20548200
2022-08-31 00:00:00+00:00,110.65438922237533,110.79316506519726,108.09694328843096,108.1960678100586,25898000
2022-09-01 00:00:00+00:00,108.24562430022252,110.24797438879705,107.24445681865134,109.58383178710938,22784400
2022-09-02 00:00:00+00:00,110.36691970564337,110.6989985659482,107.18497500595043,107.73017120361328,20618100
2022-09-06 00:00:00+00:00,107.18993130964033,107.92841536993323,105.57913337245876,106.54065704345703,20565100
2022-09-07 00:00:00+00:00,106.8182206305124,110.01998742171664,106.67448364033939,109.51445007324219,22987200
2022-09-08 00:00:00+00:00,108.22581421361026,109.61358033025277,107.11559980775287,108.46371459960938,21660700
2022-09-09 00:00:00+00:00,109.08820157404084,111.02115617885408,109.03863553280313,110.8030776977539,21732900
2022-09-12 00:00:00+00:00,111.01124223686158,111.65556296389158,109.9605087071523,110.89229583740234,19732900
2022-09-13 00:00:00+00:00,107.93833943473582,108.41414773265961,104.08233725938175,104.3896255493164,33015000
2022-09-14 00:00:00+00:00,104.51849802486223,105.17272595017033,103.58671083745124,104.94474029541016,22115800
2022-09-15 00:00:00+00:00,104.09225057279176,105.28175995744031,102.40710345470403,102.99195098876953,26494900
2022-09-16 00:00:00+00:00,102.07006874007996,103.12080218076508,100.96481568335652,102.72429656982422,64540100
2022-09-19 00:00:00+00:00,101.64384174535034,103.11090289388399,101.47532929336089,102.94239044189453,19738600
2022-09-20 00:00:00+00:00,101.98085168268403,102.26831806238647,100.23623908980208,100.94003295898438,24001700
2022-09-21 00:00:00+00:00,101.34645449219477,102.58552991044783,99.11611873933923,99.13594818115234,26596800
2022-09-22 00:00:00+00:00,98.5808409587637,100.79135491565997,98.54119719907884,99.69105529785156,21272700
2022-09-23 00:00:00+00:00,99.1855124652128,99.23507850993032,97.1534331979774,98.30329132080078,25657000
2022-09-26 00:00:00+00:00,97.74818497353722,99.56219325237977,97.52019176251478,97.9464340209961,22437900
2022-09-27 00:00:00+00:00,99.03682820271315,99.58201687412073,96.48928176573014,97.23272705078125,24225000
2022-09-28 00:00:00+00:00,97.16332894420692,100.5137935178554,96.9452580361271,99.85955810546875,24617000
2022-09-29 00:00:00+00:00,98.43215876585425,98.43215876585425,95.67644855658291,97.23272705078125,21921500
2022-09-30 00:00:00+00:00,96.87586242160664,98.6244453493566,95.19071554836087,95.3096694946289,26277800
2022-10-03 00:00:00+00:00,96.37032853486774,99.09629438698964,96.17207193526565,98.4321517944336,24840000
2022-10-04 00:00:00+00:00,100.1569470936632,101.82226479119078,100.1569470936632,101.51497650146484,22580900
2022-10-05 00:00:00+00:00,99.81001761168504,101.84209700635007,98.86831564201552,101.32664489746094,18475500
2022-10-06 00:00:00+00:00,100.61293545064956,102.82344957681597,100.61293545064956,101.34646606445312,17156200
2022-10-07 00:00:00+00:00,99.77035392820018,100.53362105624399,98.34293663005306,98.69979095458984,24249900
2022-10-10 00:00:00+00:00,98.97734917535044,99.11612502597963,97.01465782347097,97.8473129272461,16529900
2022-10-11 00:00:00+00:00,97.39132612567609,99.2449856406713,96.40006580887531,97.19307708740234,21617700
2022-10-12 00:00:00+00:00,97.41115091749141,98.77711360406128,96.81639622216805,97.4408950805664,17343400
2022-10-13 00:00:00+00:00,95.0916066883372,99.65140283424081,94.43737122028226,98.83856964111328,32812200
2022-10-14 00:00:00+00:00,99.74557244089672,100.40476147933643,96.1819902825389,96.33068084716797,22624800
2022-10-17 00:00:00+00:00,98.65021802023557,100.88055361139934,98.64031086276343,99.89920806884766,23311600
2022-10-18 00:00:00+00:00,103.03160020597203,103.30915188587447,99.77035284168623,100.5038833618164,21610500
2022-10-19 00:00:00+00:00,99.81991072144835,100.77052900077092,98.76422362834491,99.41349792480469,21573700
2022-10-20 00:00:00+00:00,99.93886410236215,102.09981187960416,99.09629435182123,99.65139770507812,25125100
2022-10-21 00:00:00+00:00,97.59949847549899,100.73188498240941,97.37151281768823,100.59310913085938,28988700
2022-10-24 00:00:00+00:00,101.19775450601558,102.19892946829606,99.42340532749324,102.070068359375,24680800
2022-10-25 00:00:00+00:00,102.39718795083361,104.18145188238475,102.11962872516887,104.012939453125,29910200
2022-10-26 00:00:00+00:00,95.9143577012564,97.678799989971,93.74349502148996,93.9913101196289,71504300
2022-10-27 00:00:00+00:00,93.48575703549861,94.33824150364586,91.09682363073505,91.79070281982422,54036500
2022-10-28 00:00:00+00:00,91.72131643566924,96.01347544736973,91.5161248228803,95.73592376708984,35696900
2022-10-31 00:00:00+00:00,94.94290932085073,95.50792738337242,93.55514340296992,93.83270263671875,29868700
2022-11-01 00:00:00+00:00,94.7545721637579,95.32455139624557,89.63967274773212,89.70906066894531,43220600
2022-11-02 00:00:00+00:00,90.11547983812552,90.50207076012538,86.24956305541087,86.30903625488281,43553600
2022-11-03 00:00:00+00:00,85.59037413154081,85.79358431359609,82.72067125020101,82.76032257080078,48510400
2022-11-04 00:00:00+00:00,84.76268123542317,85.97202016647053,83.1469218991773,85.94227600097656,40173300
2022-11-07 00:00:00+00:00,86.5766727199699,88.1626952821661,86.19999652094215,87.87522888183594,26899900
2022-11-08 00:00:00+00:00,88.38078018590487,89.61489453387718,86.88397487633817,88.13296508789062,30172000
2022-11-09 00:00:00+00:00,87.77115165204944,88.70789244193911,86.59651048006376,86.63616180419922,26743900
2022-11-10 00:00:00+00:00,91.53296913594703,93.72366097429654,90.84900469652115,93.34697723388672,42371200
2022-11-11 00:00:00+00:00,93.88227044746247,96.50911198841588,93.33708177164883,95.8846206665039,30569100
2022-11-14 00:00:00+00:00,94.66536806208133,96.33068583416379,94.28174925931076,95.19073486328125,24170100
2022-11-15 00:00:00+00:00,97.80765746787775,99.54236309010463,96.17207636866341,97.85722351074219,31831000
2022-11-16 00:00:00+00:00,97.1633313398612,98.97733950506039,97.0463663754943,98.1248550415039,24660200
2022-11-17 00:00:00+00:00,96.33067400515527,98.61057566695783,96.25137136795684,97.6391372680664,21818700
2022-11-18 00:00:00+00:00,98.14468313398922,98.29337368958322,95.89451804736555,96.94525909423828,24969900
2022-11-21 00:00:00+00:00,96.70736905413203,97.85723482968599,94.83388737044254,94.99249267578125,18696900
2022-11-22 00:00:00+00:00,95.31959734153253,96.69545960633542,93.58489175714192,96.4793701171875,18868900
2022-11-23 00:00:00+00:00,96.48926848689915,98.2031613202823,96.48926848689915,97.95633697509766,17568900
2022-11-25 00:00:00+00:00,97.60445506512711,98.07530982174696,96.6776289788233,96.74701690673828,8567800
2022-11-28 00:00:00+00:00,96.3505001265471,96.97499896859412,95.05195152677426,95.40880584716797,19974500
2022-11-29 00:00:00+00:00,95.16099173173183,95.5475826556247,93.56506199454695,94.60588836669922,20220000
2022-11-30 00:00:00+00:00,94.2886825357181,100.5633544921875,93.8426108627236,100.5633544921875,39888100
2022-12-01 00:00:00+00:00,100.51380565465377,101.69340038310222,99.79018223806692,100.39485168457031,21771500
2022-12-02 00:00:00+00:00,98.50154465700733,100.26598688707821,98.30328804745554,99.94878387451172,18821500
2022-12-05 00:00:00+00:00,98.9426651256695,100.86075169358115,98.48668622209928,98.99718475341797,19955500
2022-12-06 00:00:00+00:00,98.79890851513773,99.3341899642338,95.91434508484375,96.45953369140625,20877600
2022-12-07 00:00:00+00:00,95.92426503833754,96.45954655883867,94.19452049025098,94.31842803955078,26647900
2022-12-08 00:00:00+00:00,94.85371246360121,95.0321396425634,92.98023086585677,93.12891387939453,25593200
2022-12-09 00:00:00+00:00,93.07936271736318,93.6642027838599,92.20704863483593,92.2566146850586,21885300
2022-12-12 00:00:00+00:00,92.27643120984163,93.05457428939641,91.0968364227488,92.74232482910156,27380900
2022-12-13 00:00:00+00:00,97.21290547402958,98.92778926449232,94.54641262325887,95.0123062133789,34788500
2022-12-14 00:00:00+00:00,94.70502111649667,96.37033891901655,93.11900596236268,94.4770278930664,26452900
2022-12-15 00:00:00+00:00,92.72249194173223,93.20820738464596,89.63967171819472,90.40293884277344,28298800
2022-12-16 00:00:00+00:00,90.40294286499068,90.94813909445821,89.22334816543183,90.06591796875,48485500
2022-12-19 00:00:00+00:00,90.08574887717701,90.40295192537168,88.14784040413873,88.3708724975586,23020500
2022-12-20 00:00:00+00:00,87.9545285912083,88.99534735490636,87.27055657312398,88.8466567993164,21976800
2022-12-21 00:00:00+00:00,88.9457906439147,90.12043168723397,88.13295749496473,89.46124267578125,20336400
2022-12-22 00:00:00+00:00,88.15278244509257,88.40059753039164,86.18017648367254,87.48863983154297,23656100
2022-12-23 00:00:00+00:00,86.85424541361634,89.3125671528587,86.85424541361634,89.02510070800781,17815000
2022-12-27 00:00:00+00:00,88.52947395514111,88.71781587259389,86.76999259555141,87.16153717041016,15470900
2022-12-28 00:00:00+00:00,86.73528025847817,87.74636248361041,85.61515879028939,85.7043685913086,17879600
2022-12-29 00:00:00+00:00,86.26938185025595,88.58397372045931,86.22973053112013,88.17259979248047,18280700
2022-12-30 00:00:00+00:00,86.6014605803937,88.05366096298629,86.26938926215634,87.95453643798828,19190300
2023-01-03 00:00:00+00:00,89.04492246254179,90.74989153981103,88.24199640567358,88.91605377197266,20738500
2023-01-04 00:00:00+00:00,90.21460954689326,90.4425951997925,87.0326646259591,87.93470764160156,27046500
2023-01-05 00:00:00+00:00,87.30030694571536,87.4390828027708,85.80350155865513,86.01166534423828,23136100
2023-01-06 00:00:00+00:00,86.59651496880586,87.69681469176972,84.82215782603275,87.3895263671875,26612600
2023-01-09 00:00:00+00:00,88.41547030825699,90.03618316575376,87.80584728510773,88.02392578125,22996700
2023-01-10 00:00:00+00:00,85.962087687052,88.69300687688435,85.94225824748563,88.4600601196289,22855600
2023-01-11 00:00:00+00:00,89.2728971922013,91.6420086244184,88.95569420938985,91.45367431640625,25998800
2023-01-12 00:00:00+00:00,91.59246598534901,91.81054449174755,89.77845756872514,91.10675048828125,22754200
2023-01-13 00:00:00+00:00,90.72806647440073,92.16737978114648,90.13529327864818,91.98895263671875,18630700
2023-01-17 00:00:00+00:00,91.9691451322767,92.15748704151454,90.04609740175144,91.35456848144531,22935800
2023-01-18 00:00:00+00:00,92.1277404051443,92.77007215816556,90.60119854111935,90.97787475585938,19641600
2023-01-19 00:00:00+00:00,90.59128357695987,93.5749793742201,90.58136885581224,93.08926391601562,28707700
2023-01-20 00:00:00+00:00,95.1114243295209,98.5510988373198,95.07178057205667,98.41232299804688,53704800
2023-01-23 00:00:00+00:00,98.26363893197171,100.51380423393276,97.88696270943991,100.3254623413086,31791800
2023-01-24 00:00:00+00:00,98.67998140116316,100.20651584792246,97.83740396354935,98.34294891357422,27391400
2023-01-25 00:00:00+00:00,96.35050669621924,96.86596633314176,94.42944811773769,95.8846206665039,31000900
2023-01-26 00:00:00+00:00,97.42105165868244,98.34292395109648,95.97381266807713,98.29336547851562,24542100
2023-01-27 00:00:00+00:00,98.18434565285743,100.69223325502125,98.10504300579916,99.829833984375,29020400
2023-01-30 00:00:00+00:00,97.88201378235749,98.54020459652595,96.66771370668161,97.09395599365234,24365100
2023-01-31 00:00:00+00:00,97.00474911345817,99.03683607930022,96.93536118384351,98.99718475341797,22306800
2023-02-01 00:00:00+00:00,98.868300984902,101.29689327670276,97.55983768108167,100.54353332519531,26392600
2023-02-02 00:00:00+00:00,105.85669330914007,107.86895060247916,105.6088782225177,107.84912872314453,46622600
2023-02-03 00:00:00+00:00,102.60534574049734,107.07592381132585,102.39718200537204,104.30039978027344,36823400
2023-02-06 00:00:00+00:00,101.78756895241064,103.78495799841876,101.3167217879132,102.56571197509766,25573000
2023-02-07 00:00:00+00:00,102.72429527109085,107.72024775526523,102.64301120592629,107.09575653076172,33738800
2023-02-08 00:00:00+00:00,101.79252259447705,102.67474365617731,97.59453462030389,99.12602996826172,73546000
2023-02-09 00:00:00+00:00,99.66132182539029,99.73070975109178,93.03970203082538,94.62571716308594,97798600
2023-02-10 00:00:00+00:00,94.90326649326386,96.17207856735138,93.70384234314311,94.03096008300781,49325300
2023-02-13 00:00:00+00:00,94.17965349117293,94.51667839982301,93.22804440692262,94.16973876953125,43116600
2023-02-14 00:00:00+00:00,93.83270413051802,94.34320258273415,91.84026879928935,94.12016296386719,42513100
2023-02-15 00:00:00+00:00,93.91199838593245,96.48927364464832,93.5353221957877,96.25137329101562,36964500
2023-02-16 00:00:00+00:00,94.70500888899741,97.02455433442913,94.13999082695258,94.94290924072266,35642100
2023-02-17 00:00:00+00:00,94.23912925927901,94.91318665763302,92.63328463189292,93.76332092285156,31095100
2023-02-21 00:00:00+00:00,92.425116261961,92.59858985457676,91.19595550102949,91.24552154541016,28367200
2023-02-22 00:00:00+00:00,91.13052753908565,91.55280693059963,90.07583112021393,90.9977035522461,29891100
2023-02-23 00:00:00+00:00,91.324819621939,91.324819621939,89.22335237513131,90.27408599853516,32423700
2023-02-24 00:00:00+00:00,88.8466587320212,89.34228888629208,88.08339162203906,88.56910705566406,31295600
2023-02-27 00:00:00+00:00,89.30264631353921,89.6595006645851,88.82684555395585,89.31256103515625,22724300
2023-02-28 00:00:00+00:00,88.7574508834549,90.650754181734,88.73762144172767,89.51081085205078,30546900
2023-03-01 00:00:00+00:00,89.37203926226681,90.40294339963894,89.06474340260571,89.71897888183594,26323900
2023-03-02 00:00:00+00:00,89.07465760706769,91.67176250353135,88.98544024100104,91.50324249267578,23328600
2023-03-03 00:00:00+00:00,91.92947601868929,93.28750532145524,91.85018094415247,93.19828796386719,30242500
2023-03-06 00:00:00+00:00,93.53532820361315,95.45837572267853,93.47585500206395,94.74466705322266,28288200
2023-03-07 00:00:00+00:00,94.5860525637282,95.25019512547149,93.02382995746584,93.34697723388672,24101500
2023-03-08 00:00:00+00:00,93.57993815864805,95.39890011052071,93.57993815864805,93.82279968261719,25395200
2023-03-09 00:00:00+00:00,93.66418215231825,95.08168466147231,91.54784689034915,91.85018157958984,24438900
2023-03-10 00:00:00+00:00,91.69157529933909,92.36563258783205,90.00643585946455,90.214599609375,32850100
2023-03-13 00:00:00+00:00,89.7734936016514,92.26651270978687,89.15395589957565,90.85892486572266,31508600
2023-03-14 00:00:00+00:00,92.2565822468117,94.00120223572463,91.96911589457439,93.42626953125,32303900
2023-03-15 00:00:00+00:00,92.72249617698543,96.40007125245812,92.22686599059747,95.70619201660156,38367300
2023-03-16 00:00:00+00:00,95.72601206274179,101.07881948573709,95.03213284017714,100.18668365478516,54499500
2023-03-17 00:00:00+00:00,99.95869251931546,102.58553402388534,99.86948271572791,101.56453704833984,76140300
2023-03-20 00:00:00+00:00,100.17676250708118,101.68348238329911,99.90912555632339,101.0391616821289,26033900
2023-03-21 00:00:00+00:00,101.0887278879893,105.03393961433508,100.96977393039249,104.91498565673828,33122800
2023-03-22 00:00:00+00:00,104.22112375923636,106.57041376299468,103.29925123246711,103.30916595458984,32336900
2023-03-23 00:00:00+00:00,104.96456028513902,106.16497514472252,104.48875954125111,105.33132934570312,31385800
2023-03-24 00:00:00+00:00,104.81586127872438,105.2321963495059,103.8246009855876,105.13306427001953,25236200
2023-03-27 00:00:00+00:00,104.39953694723744,104.47883958815314,101.73304425749664,102.15928649902344,25393400
2023-03-28 00:00:00+00:00,102.09981801154315,102.09981801154315,99.40358859770853,100.47415161132812,24913500
2023-03-29 00:00:00+00:00,101.82225541531703,101.92137992906409,100.14702315094382,101.0094223022461,26148300
2023-03-30 00:00:00+00:00,100.55344033956044,100.72195276392429,99.41348956038274,100.43448638916016,25009800
2023-03-31 00:00:00+00:00,100.82108506856122,103.27941396120094,100.55344811286508,103.09107208251953,28108000
2023-04-03 00:00:00+00:00,101.77269730842954,104.03276967394318,101.4852309022593,103.99312591552734,20719900
2023-04-04 00:00:00+00:00,103.92373468602517,105.17272488331035,103.68583431220968,104.2012939453125,20377200
2023-04-05 00:00:00+00:00,105.19254857927487,105.60887610138671,103.19217991608376,104.03276824951172,21864200
2023-04-06 00:00:00+00:00,104.84561501100261,108.67188097280346,103.898967024023,107.9482650756836,34684200
2023-04-10 00:00:00+00:00,106.45144627206706,107.02637907872624,104.67708937320133,106.01528930664062,19741500
2023-04-11 00:00:00+00:00,105.9855620854032,106.28294323591209,104.35989560477944,105.19255828857422,18721300
2023-04-12 00:00:00+00:00,106.45143260594998,106.64670947442119,104.0525847294983,104.30039978027344,22761600
2023-04-13 00:00:00+00:00,105.53949202570777,107.31880256168554,105.50975542486168,107.24446105957031,21650700
2023-04-14 00:00:00+00:00,106.7488294428189,108.62231089809501,106.64969735770971,108.50335693359375,20758700
2023-04-17 00:00:00+00:00,104.50858352779116,105.77739562069078,104.39954427955291,105.48992919921875,29043400
2023-04-18 00:00:00+00:00,106.06486073851406,106.11442678263735,103.86426148325043,104.2012939453125,17641400
2023-04-19 00:00:00+00:00,103.3042002873744,104.80100562822726,102.89283387126301,104.10216522216797,16732000
2023-04-20 00:00:00+00:00,103.73539661467376,105.95383623820902,103.7254818936634,104.97447204589844,22515300
2023-04-21 00:00:00+00:00,105.1628098666122,105.70800609957132,104.56310157307371,104.98439025878906,22379000
2023-04-24 00:00:00+00:00,105.12315547265155,106.38205269770543,104.4391834609859,105.84677124023438,21410900
2023-04-25 00:00:00+00:00,105.67826032999733,106.50100818736911,103.64617370640983,103.69573974609375,31408100
2023-04-26 00:00:00+00:00,104.63743947929584,106.08467867382628,102.36745238429786,103.53713989257812,37068200
2023-04-27 00:00:00+00:00,104.31031791602884,108.1960562243893,103.50739198257526,107.4228744506836,38235200
2023-04-28 00:00:00+00:00,106.85786529160453,107.34358072980093,105.11324501459067,107.2741928100586,23957900
2023-05-01 00:00:00+00:00,106.77855333071362,107.73016224528072,106.56047486978287,106.76863861083984,20926300
2023-05-02 00:00:00+00:00,106.71908186134235,106.78846977614923,103.58669584956776,105.05376434326172,20343100
2023-05-03 00:00:00+00:00,105.29168281783824,107.18498628374654,104.69692807953729,105.19255828857422,17116300
2023-05-04 00:00:00+00:00,105.2321986629842,105.37097450205701,103.78495194799751,104.29049682617188,19780600
2023-05-05 00:00:00+00:00,104.39953797598555,105.50975227159712,103.82361445193798,105.28671264648438,20710600
2023-05-08 00:00:00+00:00,104.87039773255525,107.47245641975663,104.86544415287206,107.29402923583984,17266000
2023-05-09 00:00:00+00:00,107.82929811837514,109.62843804792274,106.78351816159666,106.99664306640625,24782400
2023-05-10 00:00:00+00:00,107.60132409675718,112.51797498578098,107.53193616826617,111.29872131347656,47533500
2023-05-11 00:00:00+00:00,114.84742239507685,117.4048758605547,113.9255499860193,115.87833404541016,57115100
2023-05-12 00:00:00+00:00,115.97746184170428,117.22645200986784,115.5313977058612,116.88941955566406,31293800
2023-05-15 00:00:00+00:00,115.47191161913969,117.75676694064647,115.46200446117591,115.93780517578125,22107900
2023-05-16 00:00:00+00:00,115.80894777436332,120.14075063637497,115.80894777436332,119.04045104980469,32370100
2023-05-17 00:00:00+00:00,119.12967057739483,121.21131582452256,118.41596190690157,120.4183120727539,26659600
2023-05-18 00:00:00+00:00,120.49760607968923,122.81715923811149,120.42821815749417,122.44047546386719,27014500
2023-05-19 00:00:00+00:00,123.11453059698978,125.37361223521239,121.64746953613118,122.17283630371094,30268900
2023-05-22 00:00:00+00:00,122.43056820140826,125.9396307552529,122.37108743763713,124.76994323730469,29760200
2023-05-23 00:00:00+00:00,123.83816032449398,124.32387579606944,121.97459352140692,122.21249389648438,24477900
2023-05-24 00:00:00+00:00,120.81481994417501,121.67721925126311,119.69469836733214,120.57691955566406,23087900
2023-05-25 00:00:00+00:00,124.11570623796197,124.87898093472371,121.82589727310922,123.26322174072266,33812700
2023-05-26 00:00:00+00:00,122.98071775046859,124.89880410776867,122.21248946662755,124.33378601074219,25154700
2023-05-30 00:00:00+00:00,125.18627079099284,125.27548059258994,121.81598408085841,123.55068969726562,27230700
2023-05-31 00:00:00+00:00,122.61890399568163,123.80842097005295,122.02414928985417,122.29179382324219,41548800
2023-06-01 00:00:00+00:00,122.42064374740245,123.94718547574615,122.22239471783708,123.28304290771484,25017700
2023-06-02 00:00:00+00:00,123.40199050989685,125.63728728814176,123.26321467529773,124.13552856445312,19367500
2023-06-05 00:00:00+00:00,123.52095751535528,126.8714149031773,123.29296429859076,125.52330017089844,22672500
2023-06-06 00:00:00+00:00,125.49356561550951,127.75364568898112,124.86907428365883,126.79212188720703,19450100
2023-06-07 00:00:00+00:00,126.46003335664938,128.41777855519717,121.55825133575857,121.86554718017578,34179300
2023-06-08 00:00:00+00:00,121.51364417181618,122.64864146168156,120.9436725187558,121.597900390625,24815000
2023-06-09 00:00:00+00:00,121.48886960623192,123.1987998098432,121.35009375821657,121.7961654663086,20304500
2023-06-12 00:00:00+00:00,122.31656630116841,123.65972738918312,121.28070106113655,123.26322174072266,22255700
2023-06-13 00:00:00+00:00,124.55185276123949,124.76001650761117,122.76262769546865,123.34251403808594,19287700
2023-06-14 00:00:00+00:00,122.71802826440971,123.69937384464352,121.09236197611122,123.29295349121094,24659600
2023-06-15 00:00:00+00:00,122.79733236674737,125.05741237137997,122.06380180779765,124.69064331054688,24517100
2023-06-16 00:00:00+00:00,125.59268044322187,125.59268044322187,122.70811682340506,122.97575378417969,56699200
2023-06-20 00:00:00+00:00,122.45535912478051,124.08102560205782,121.75651871642499,122.7676010131836,22698000
2023-06-21 00:00:00+00:00,122.15797115936775,122.33144474758176,119.80372780263806,120.20023345947266,22612000
2023-06-22 00:00:00+00:00,119.60549223008177,122.85186422702323,118.55475098668835,122.78743743896484,20781900
2023-06-23 00:00:00+00:00,120.9734161817082,122.36118220903234,120.79498901301343,121.9448471069336,29573100
2023-06-26 00:00:00+00:00,120.40444378490004,121.64748219644774,117.95007743404686,118.04920196533203,23185000
2023-06-27 00:00:00+00:00,116.81010651691409,118.84714667305579,115.88824172657186,117.96988677978516,27221700
2023-06-28 00:00:00+00:00,116.92906979972042,120.21013913313531,116.57221546924865,120.02180480957031,19753100
2023-06-29 00:00:00+00:00,119.04046146861107,119.8533022818291,118.16815501234937,118.96116638183594,18517500
2023-06-30 00:00:00+00:00,120.04161135040029,120.96348365920565,119.82353289156445,119.91275024414062,23871800
2023-07-03 00:00:00+00:00,119.26844728527114,119.96232651842465,118.6588242759494,119.50634765625,13888300
2023-07-05 00:00:00+00:00,119.0107191745893,122.29179618528852,119.0107191745893,121.55825805664062,17830300
2023-07-06 00:00:00+00:00,119.58564912785926,120.09119402860756,118.20779783360021,119.87311553955078,17732500
2023-07-07 00:00:00+00:00,119.83346449720223,120.68594901311299,119.04045318291247,119.09001922607422,20997700
2023-07-10 00:00:00+00:00,118.02937208629082,118.02937208629082,115.62060908196992,115.84860229492188,32960100
2023-07-11 00:00:00+00:00,115.73955724562396,117.1917499863888,114.81768484420216,116.6812515258789,18286600
2023-07-12 00:00:00+00:00,118.25735907320556,119.90284727001382,117.95997795244072,118.5745620727539,22059600
2023-07-13 00:00:00+00:00,120.4777815342303,124.23961267522864,120.00197324776718,123.73902893066406,31535900
2023-07-14 00:00:00+00:00,124.03640706392649,125.97927647671978,123.80842141452044,124.60142517089844,20499800
2023-07-17 00:00:00+00:00,124.95828617724938,126.16762510018847,123.41192234147378,123.96702575683594,20675300
2023-07-18 00:00:00+00:00,123.81336932120813,123.89762554106025,122.22240073936709,122.9955825805664,21045800
2023-07-19 00:00:00+00:00,123.69937503867098,124.37343235223162,121.39965142111987,121.70693969726562,22313800
2023-07-20 00:00:00+00:00,121.05271207487644,123.61015793324675,117.64772775907899,118.48534393310547,27541700
2023-07-21 00:00:00+00:00,119.81363293391527,120.23987515742064,118.02936140233102,119.2585220336914,56514600
2023-07-24 00:00:00+00:00,120.86040725463891,122.27195794549935,120.31917392125851,120.81480407714844,22276100
2023-07-25 00:00:00+00:00,120.81480737173425,122.6089937276296,120.46786776569357,121.71685791015625,31820800
2023-07-26 00:00:00+00:00,129.22068885334926,130.2218562766415,127.58511546496895,128.5268096923828,46216900
2023-07-27 00:00:00+00:00,130.64812581915945,132.43239759257187,128.05101324463493,128.7349853515625,35931600
2023-07-28 00:00:00+00:00,129.82538473841163,132.8982982402,129.7758186899116,131.84754943847656,26971000
2023-07-31 00:00:00+00:00,131.84752319616825,132.66036387856826,130.9752244430106,131.9466552734375,18381900
2023-08-01 00:00:00+00:00,129.71137704799364,131.75833221996115,129.60729893979817,130.73733520507812,22154300
2023-08-02 00:00:00+00:00,128.70524121569568,129.28017403822267,126.73263522140212,127.51573181152344,22705800
2023-08-03 00:00:00+00:00,127.24808669801783,128.63586026773422,126.6582931405554,127.64459991455078,15018100
2023-08-04 00:00:00+00:00,128.46733641603092,130.77695952349436,127.19356334518567,127.41658782958984,20521900
2023-08-07 00:00:00+00:00,128.37814016328684,130.9058574289848,128.29883750931356,130.7869110107422,17621000
2023-08-08 00:00:00+00:00,129.83529006253085,130.7869067538018,128.99272775167893,130.68777465820312,16836000
2023-08-09 00:00:00+00:00,131.03470703381606,131.31225871955155,128.37317543551842,129.0125274658203,17745200
2023-08-10 00:00:00+00:00,130.816649783184,131.48773507973087,128.89856313006237,129.07203674316406,17855700
2023-08-11 00:00:00+00:00,128.07280638419223,129.29999314311902,127.62476085244316,129.0323486328125,15205500
2023-08-14 00:00:00+00:00,128.7151501174227,130.75714382194775,128.4574127709359,130.67784118652344,17526200
2023-08-15 00:00:00+00:00,130.43995614441675,130.83646939104116,128.68443779781302,129.13150024414062,14769200
2023-08-16 00:00:00+00:00,128.1501179493955,129.75397320818945,127.33729244742612,127.98160552978516,17548400
2023-08-17 00:00:00+00:00,129.30990193556374,131.33306455250042,128.71515483622414,129.31982421875,23665600
2023-08-18 00:00:00+00:00,127.9320583823518,128.69533308716038,125.89006448091948,126.99036407470703,23627200
2023-08-21 00:00:00+00:00,126.73263668761777,128.1303098755545,126.04867217552805,127.80319213867188,21851100
2023-08-22 00:00:00+00:00,128.00144573148012,129.80553158903305,127.79823555754405,128.55654907226562,15557900
2023-08-23 00:00:00+00:00,129.70643169419316,132.89829144892593,129.36939165687684,132.04580688476562,26497000
2023-08-24 00:00:00+00:00,133.549547280766,133.79041981120315,129.16123547475888,129.28018188476562,18680400
2023-08-25 00:00:00+00:00,129.00264000724897,130.25162278378795,126.92098692091584,129.54783630371094,20678100
2023-08-28 00:00:00+00:00,130.9256575406756,132.07552307751533,129.70641165055014,130.63818359375,16715500
2023-08-29 00:00:00+00:00,131.83566737891138,136.09511091798947,131.81781936544544,134.30589294433594,30803300
2023-08-30 00:00:00+00:00,134.38517677284926,136.05048694851394,133.8409636927365,135.7332763671875,21773400
2023-08-31 00:00:00+00:00,135.85223130255977,137.19042367330252,135.62424566169528,136.1496124267578,28147900
2023-09-01 00:00:00+00:00,137.22015994287773,137.36885806733497,134.75193140646954,135.6044158935547,16671600
2023-09-05 00:00:00+00:00,135.24759893265932,136.16946403214425,134.37528476291632,135.51524353027344,17730200
2023-09-06 00:00:00+00:00,135.8175169273174,136.27844929438618,133.51283996654297,134.1868896484375,15814300
2023-09-07 00:00:00+00:00,133.42366638279975,135.38635789402724,132.7892602819265,135.00967407226562,16976000
2023-09-08 00:00:00+00:00,134.6825374610183,136.3131649542935,134.6825374610183,136.00091552734375,17810700
2023-09-11 00:00:00+00:00,136.17933954854215,137.05561628167808,135.35659171654487,136.53619384765625,17180800
2023-09-12 00:00:00+00:00,135.9315318538116,136.437069169372,134.7420073753109,134.88079833984375,15212900
2023-09-13 00:00:00+00:00,134.71228658565744,136.49655838737772,133.75076275710356,136.29830932617188,16394900
2023-09-14 00:00:00+00:00,137.18052154328046,138.33038719876208,135.86214344051092,137.77528381347656,19064600
2023-09-15 00:00:00+00:00,137.58693876572636,138.14204213827068,135.98108672322883,137.09130859375,48958800
2023-09-18 00:00:00+00:00,136.42718147016703,138.70706841980197,136.42718147016703,137.7455596923828,16233600
2023-09-19 00:00:00+00:00,137.0417663045539,137.95868530672385,136.29832091772994,137.61669921875,15479100
2023-09-20 00:00:00+00:00,137.61664465462164,137.6265518106945,133.34431594569406,133.4136962890625,21473500
2023-09-21 00:00:00+00:00,131.23294140821596,132.0259526182903,129.944300082524,130.21194458007812,22058400
2023-09-22 00:00:00+00:00,130.52917052997012,131.84754876103784,129.36939760311375,130.10293579101562,17348700
2023-09-25 00:00:00+00:00,129.62713399070734,131.06445862598295,128.89359580853846,131.014892578125,14650000
2023-09-26 00:00:00+00:00,129.76984349027143,130.2565496022058,127.06965158578622,128.31863403320312,20378800
2023-09-27 00:00:00+00:00,128.30874598897057,130.5688184450136,128.24927278624833,130.31109619140625,18764200
2023-09-28 00:00:00+00:00,129.54781408996493,133.00730293848116,129.54781408996493,131.96649169921875,18201400
2023-09-29 00:00:00+00:00,132.9081993800804,133.71111790293816,130.172326056744,130.69769287109375,23237300
2023-10-02 00:00:00+00:00,130.99998346513811,134.17697405007294,130.91077368204634,133.98863220214844,19210400
2023-10-03 00:00:00+00:00,133.75072298558632,134.05802633332596,131.6542174767271,132.13497924804688,19628700
2023-10-04 00:00:00+00:00,132.49183566451157,135.37640633950565,132.26383493903907,135.0790252685547,22848000
2023-10-05 00:00:00+00:00,134.94027425498027,135.3070357388226,133.27991016862984,134.80149841308594,15922900
2023-10-06 00:00:00+00:00,133.76069228278004,137.96958648068158,133.76069228278004,137.51756286621094,20826700
2023-10-09 00:00:00+00:00,136.7840250280342,138.74671634167808,135.5052906699599,138.28082275390625,16599100
2023-10-10 00:00:00+00:00,138.29071722404535,139.50997826762912,137.2201542988026,137.98342895507812,19554900
2023-10-11 00:00:00+00:00,138.62777098965336,140.97705326361248,138.6178487055192,140.4615936279297,20146300
2023-10-12 00:00:00+00:00,140.91758635674947,141.13566486138083,138.23126393629965,139.0639190673828,18173100
2023-10-13 00:00:00+00:00,139.42073612507426,140.10470805883602,136.76416614369035,137.36883544921875,19438700
2023-10-16 00:00:00+00:00,138.5088089430675,139.67354291701528,138.10240368177273,139.26217651367188,17345600
2023-10-17 00:00:00+00:00,138.80619583861974,140.01553476485353,137.31832205075807,139.7578125,17424000
2023-10-18 00:00:00+00:00,139.51988268545924,140.7490508626214,137.49275725296738,138.06272888183594,18304900
2023-10-19 00:00:00+00:00,138.5781756878743,139.77264601550573,137.38866650126255,137.7653350830078,21831200
2023-10-20 00:00:00+00:00,137.37877505530798,137.82483920973235,135.05426820982132,135.54495239257812,24970300
2023-10-23 00:00:00+00:00,135.0393907621647,137.80501555805037,133.9291840307185,136.69479370117188,20780700
2023-10-24 00:00:00+00:00,137.943814651106,139.48027144942202,137.5373942164701,138.89541625976562,26535200
2023-10-25 00:00:00+00:00,128.6358633530218,128.96298109247005,124.98801730058946,125.56295013427734,58796100
2023-10-26 00:00:00+00:00,123.38218014319017,124.36352579733216,121.25096882341393,122.3611831665039,33907400
2023-10-27 00:00:00+00:00,122.94600918733391,123.35242952519297,120.39847061439922,122.32151794433594,37367700
2023-10-30 00:00:00+00:00,123.37225899254629,125.44399700189938,122.79732618969078,124.65098571777344,24165600
2023-10-31 00:00:00+00:00,125.16643404055745,125.45390043344618,122.8419350029773,124.20491790771484,21123400
2023-11-01 00:00:00+00:00,124.24456429420401,126.6235905635554,123.83319791852936,126.455078125,26536600
2023-11-02 00:00:00+00:00,128.42770698746386,128.95307383845096,126.99038229843441,127.4562759399414,24091700
2023-11-03 00:00:00+00:00,127.9617940500733,129.5874604076053,127.88249140757996,129.23060607910156,19529400
2023-11-06 00:00:00+00:00,129.0819319083161,130.41021722872426,128.79445791893266,130.30117797851562,15360400
2023-11-07 00:00:00+00:00,130.82656179268088,132.1152035193602,129.99390656944885,131.24288940429688,19223800
2023-11-08 00:00:00+00:00,131.2032238852174,132.37290386791256,131.0049748352357,132.09535217285156,15093600
2023-11-09 00:00:00+00:00,132.1944961785898,132.78925850758884,130.36065826870467,130.53909301757812,17976500
2023-11-10 00:00:00+00:00,130.38047909922955,133.0965380382454,129.72624360564106,132.88836669921875,20872900
2023-11-13 00:00:00+00:00,132.19447895572532,132.9379242073977,131.6096389878468,132.47203063964844,16409900
2023-11-14 00:00:00+00:00,134.46444687325533,136.04056216621103,133.91926583605587,134.24636840820312,22317300
2023-11-15 00:00:00+00:00,135.4458173457088,135.64406639607702,134.14726867154909,135.18809509277344,15840900
2023-11-16 00:00:00+00:00,135.76300982257106,137.66622767809014,134.8906959667549,137.48779296875,17615100
2023-11-17 00:00:00+00:00,136.615539240821,136.79395888350325,134.29597800789983,135.74322509765625,25565300
2023-11-20 00:00:00+00:00,134.31578181657258,137.21522146020882,134.30587465790438,136.71463012695312,19569400
2023-11-21 00:00:00+00:00,136.73447369013095,137.75050963685294,136.50152687119112,137.4085235595703,17648100
2023-11-22 00:00:00+00:00,137.8843070321205,139.866827535096,137.78517495679927,138.7962646484375,17306400
2023-11-24 00:00:00+00:00,138.32047988623023,138.4562911624145,136.26857857028415,137.01202392578125,8828600
2023-11-27 00:00:00+00:00,136.36768988071788,138.4096837258101,136.33793815563348,136.84349060058594,17886400
2023-11-28 00:00:00+00:00,136.4271853599198,137.44818244920475,135.8423301785714,137.4085235595703,17046900
2023-11-29 00:00:00+00:00,137.77033112002388,138.44934209278665,135.1038381500004,135.20791625976562,21014700
2023-11-30 00:00:00+00:00,135.20790951512492,135.76302803219372,131.62945894536622,132.7495880126953,29913500
2023-12-01 00:00:00+00:00,132.15484619140625,132.33326580644277,130.9970396237393,132.15484619140625,24268000
2023-12-04 00:00:00+00:00,130.1465252626974,130.30115253933135,128.26906606877506,129.4883270263672,24117100
2023-12-05 00:00:00+00:00,129.23060580878834,132.3728992745303,128.5961997956012,131.2329559326172,19235100
2023-12-06 00:00:00+00:00,131.73848005913922,132.1449003883007,130.1623799050906,130.2813262939453,16360600
2023-12-07 00:00:00+00:00,135.4061827464038,138.7764622069709,135.0394060967045,137.24000549316406,38419400
2023-12-08 00:00:00+00:00,134.47438511479612,136.78402358663217,134.38517531180534,135.44581604003906,23016100
2023-12-11 00:00:00+00:00,132.65048244972274,133.6119911836568,131.72860235369248,133.5227813720703,24502900
2023-12-12 00:00:00+00:00,132.1052691556284,133.36415889148236,131.66911218791142,132.47203063964844,26584000
2023-12-13 00:00:00+00:00,133.3691202282659,133.6020670124811,131.7880587806967,132.7991485595703,25414500
2023-12-14 00:00:00+00:00,133.59215939707673,133.85484278046872,129.9145769041566,132.03587341308594,29619100
2023-12-15 00:00:00+00:00,131.75833033450147,133.6516413254665,131.47087147416872,132.6702880859375,58594000
2023-12-18 00:00:00+00:00,132.6900839494358,137.1705840512584,132.60087416626385,135.99098205566406,25699800
2023-12-19 00:00:00+00:00,136.79394956445606,137.55722438772736,136.24875326211944,136.89308166503906,20661000
2023-12-20 00:00:00+00:00,139.10356521965628,141.82754972090044,138.19160752261357,138.43942260742188,33507300
2023-12-21 00:00:00+00:00,139.53973296226616,140.78871564097312,139.24533152286742,140.56072998046875,18101500
2023-12-22 00:00:00+00:00,140.8878467564339,141.99805357425797,140.81349012541997,141.47268676757812,18513500
2023-12-26 00:00:00+00:00,141.73039801910264,142.68697573470902,141.25459729491448,141.57180786132812,11170100
2023-12-27 00:00:00+00:00,141.5817240246161,142.06744706329366,139.81826488481673,140.20387268066406,17288400
2023-12-28 00:00:00+00:00,140.61029853442065,141.0266261014157,139.5972272253491,140.04527282714844,12192500
2023-12-29 00:00:00+00:00,139.45048815403555,140.19889450140815,138.67730634997346,139.69830322265625,14881000
2024-01-02 00:00:00+00:00,138.37994513747063,139.38607374573135,136.53620035836758,138.3402862548828,20071900
2024-01-03 00:00:00+00:00,137.3887181772914,139.85694726466426,137.22019057353424,139.13333129882812,18974300
2024-01-04 00:00:00+00:00,138.6277663308711,139.4058942121626,136.80383578715845,136.8335723876953,18253300
2024-01-05 00:00:00+00:00,137.14283738911672,137.59682718360355,135.65396564431214,136.18923950195312,15439500
2024-01-08 00:00:00+00:00,136.79393131688138,139.41085809357833,136.67498491239655,139.30181884765625,17645300
2024-01-09 00:00:00+00:00,138.83592080518676,141.55197958203743,138.56827627825632,141.31407165527344,19579700
2024-01-10 00:00:00+00:00,141.27441622899556,143.26188276132598,141.21494303357457,142.54322814941406,16641900
2024-01-11 00:00:00+00:00,143.6286830010192,145.37825703985988,140.97209720630954,142.4143829345703,17471100
2024-01-12 00:00:00+00:00,143.07853286547123,143.4750461294407,142.10710183825628,142.9794158935547,13998700
2024-01-16 00:00:00+00:00,142.17647244358,144.56541364661942,141.80574807079444,142.82080078125,19198900
2024-01-17 00:00:00+00:00,141.6610037562188,142.1566338735168,139.2819701179299,141.64117431640625,17884500
2024-01-18 00:00:00+00:00,142.18636773750254,144.312625134962,142.097157948207,143.7228240966797,18876800
2024-01-19 00:00:00+00:00,145.02631636729132,146.74615342009713,144.5257402513544,146.67677307128906,27181000
2024-01-22 00:00:00+00:00,147.41032769509755,148.70391514242215,146.2901987020772,146.4190673828125,21829200
2024-01-23 00:00:00+00:00,146.42896807050465,147.55900417155925,145.90360133824257,147.3805694580078,14113600
2024-01-24 00:00:00+00:00,148.9764919060088,150.24531890383446,148.53042783180328,149.03598022460938,19245000
2024-01-25 00:00:00+00:00,150.41385257580524,153.40744797476847,149.89839295312683,152.2972412109375,21495100
2024-01-26 00:00:00+00:00,151.5339651429379,152.7631334243533,151.4645847835353,152.4459228515625,19494500
2024-01-29 00:00:00+00:00,152.29724592652502,153.8436097170077,151.58353723469713,153.48675537109375,20909300
2024-01-30 00:00:00+00:00,152.66400382676414,153.68500079574437,151.439796667297,151.71240234375,26578900
2024-01-31 00:00:00+00:00,144.11935124295863,144.31760030102478,140.31291487652766,140.56072998046875,43908600
2024-02-01 00:00:00+00:00,142.43416871723193,143.3560333663889,141.01665888384858,141.46273803710938,25526900
2024-02-02 00:00:00+00:00,139.65867326540544,142.62254722410066,136.96244384238514,142.28550720214844,42136100
2024-02-05 00:00:00+00:00,142.78112429140046,145.38814367187132,142.6522707400995,143.66334533691406,29254400
2024-02-06 00:00:00+00:00,144.68437164885762,145.45755353484284,143.2569542822901,144.13917541503906,21517700
2024-02-07 00:00:00+00:00,144.84296787338337,145.7152818839841,143.94093238562164,145.3980712890625,21436100
2024-02-08 00:00:00+00:00,145.68554975530893,146.3199558392007,145.14035348194082,145.93336486816406,18241300
2024-02-09 00:00:00+00:00,146.65698474756667,149.37800504594722,146.1415250637003,148.9071502685547,21877700
2024-02-12 00:00:00+00:00,148.23304837237794,149.27387464060268,147.2616175805692,147.4301300048828,17236100
2024-02-13 00:00:00+00:00,144.79339329997302,146.74616209490932,143.84177679609311,145.09075927734375,18138500
2024-02-14 00:00:00+00:00,146.08203533172977,146.53802175538772,144.28289534694625,145.8540496826172,16651800
2024-02-15 00:00:00+00:00,143.19748172953396,143.49484774439102,140.64002812373158,142.68202209472656,26724300
2024-02-16 00:00:00+00:00,142.94965700652656,143.21728640187428,140.2831643330416,140.52105712890625,21865100
2024-02-20 00:00:00+00:00,139.70823179851814,142.07634507770643,139.56945595885696,140.95721435546875,18625600
2024-02-21 00:00:00+00:00,141.3933612105411,142.7216463131413,140.66974546441276,142.58287048339844,16440800
2024-02-22 00:00:00+00:00,144.8429534327668,144.92225607359086,142.751393548008,144.04995727539062,23024700
2024-02-23 00:00:00+00:00,143.7030224304543,144.67941453648643,143.524587691947,144.0202178955078,14519400
2024-02-26 00:00:00+00:00,142.19628923213662,142.58288015016095,137.52746161641468,137.53736877441406,33513000
2024-02-27 00:00:00+00:00,138.19160777857735,139.26217076198412,137.28955723810049,138.87557983398438,22364000
2024-02-28 00:00:00+00:00,137.88429967800909,138.06271925355387,135.4457929342182,136.2288818359375,30628700
2024-02-29 00:00:00+00:00,137.14085478293285,138.7268620284005,136.36767303661344,138.558349609375,35485000
2024-03-01 00:00:00+00:00,138.3898570952682,138.77644802403213,136.7691518795718,136.87322998046875,28551500
2024-03-04 00:00:00+00:00,135.34667561440364,135.43590053733016,131.69884494614968,133.02713012695312,43571500
2024-03-05 00:00:00+00:00,131.57989007009436,132.84870197080213,130.40028796113228,132.6107940673828,28447600
2024-03-06 00:00:00+00:00,133.06676840396005,133.56239848053488,130.79677418300685,131.4014434814453,23175200
2024-03-07 00:00:00+00:00,132.71982191171486,134.6329618813321,131.50057615284322,134.0580291748047,24107300
2024-03-08 00:00:00+00:00,133.85484028413737,137.77031550382773,133.62189350506375,135.09886169433594,26495200
2024-03-11 00:00:00+00:00,135.87204104018204,138.75659668791877,135.87204104018204,137.72569274902344,22536400
2024-03-12 00:00:00+00:00,137.0417582864342,139.05401580566863,137.00211452331456,138.3997802734375,19019700
2024-03-13 00:00:00+00:00,138.8359323316726,140.94732187137737,138.78636628546928,139.53973388671875,19637000
2024-03-14 00:00:00+00:00,141.05632709242767,143.46508207736278,140.24844762306242,143.0784912109375,36117900
2024-03-15 00:00:00+00:00,142.15664319221491,143.07850801061278,139.8965709192175,140.92747497558594,41039500
2024-03-18 00:00:00+00:00,148.06456369569878,151.59344836130646,146.84531761751043,147.18234252929688,47676700
2024-03-19 00:00:00+00:00,147.6779613242896,148.3123673373286,145.72517724305058,146.62722778320312,17748400
2024-03-20 00:00:00+00:00,147.48962032713732,148.45114407345028,146.37445243712375,148.37184143066406,17730000
2024-03-21 00:00:00+00:00,149.0062719972135,149.98264898003012,146.71644774619688,147.44007873535156,19843900
2024-03-22 00:00:00+00:00,148.9269460193268,151.22666194358663,148.77824790595494,150.44357299804688,19252900
2024-03-25 00:00:00+00:00,149.63076094611947,150.13233546352012,147.49955704241367,149.82901000976562,15114700
2024-03-26 00:00:00+00:00,149.91821999580446,151.8610818014104,149.71004866820186,150.3741912841797,19312700
2024-03-27 00:00:00+00:00,150.81531651857685,151.3555516169593,148.81792743447417,150.6121063232422,16622000
2024-03-28 00:00:00+00:00,150.6715685336219,151.33571113250116,150.00742593474266,150.92929077148438,21105600
2024-04-01 00:00:00+00:00,150.50306381136565,155.62787810986796,150.3246290795178,155.1322479248047,24469800
2024-04-02 00:00:00+00:00,153.3975446730995,154.62671299641144,152.11882543085358,154.50775146484375,17598100
2024-04-03 00:00:00+00:00,153.56604774610545,155.18180691612167,152.78494017610268,155.0033721923828,17266200
2024-04-04 00:00:00+00:00,153.72466334792054,154.81504070344573,150.55263311981412,150.6121063232422,24184800
2024-04-05 00:00:00+00:00,150.35436169361876,153.4867480102606,149.7605977156856,152.59461975097656,16297300
2024-04-08 00:00:00+00:00,152.66896237878643,155.28588910082973,152.6441869201805,154.775390625,16641500
2024-04-09 00:00:00+00:00,155.97481506684926,158.4926095867616,155.27101359499676,156.75790405273438,21521500
2024-04-10 00:00:00+00:00,156.50018297096275,156.77773464841636,154.83485778080913,156.2821044921875,16339200
2024-04-11 00:00:00+00:00,156.95616545235586,159.7118681077326,156.54974506512292,159.38475036621094,17841700
2024-04-12 00:00:00+00:00,158.01185391610946,160.28679459040544,157.2138965994434,157.79873657226562,16989800
2024-04-15 00:00:00+00:00,158.87922079768146,159.42441706025414,154.78531037423926,154.9637451171875,21140900
2024-04-16 00:00:00+00:00,154.27977283717766,155.85587329196875,153.69493281313825,154.63662719726562,15413200
2024-04-17 00:00:00+00:00,155.816214675771,157.294181175049,154.77042715579861,155.50892639160156,16237800
2024-04-18 00:00:00+00:00,155.55353438414494,157.09989811937365,154.8447868597372,156.0838623046875,14016100
2024-04-19 00:00:00+00:00,156.37131175708697,156.6092196733784,152.56487584901492,154.3590545654297,21479900
2024-04-22 00:00:00+00:00,154.6465173747769,157.7937719219022,154.29958533737047,156.56956481933594,17243900
2024-04-23 00:00:00+00:00,157.2039760390289,159.0774575046003,156.58443831727337,158.52235412597656,16115400
2024-04-24 00:00:00+00:00,157.69960415178363,159.97950596308132,157.43197474980064,159.69204711914062,19485700
2024-04-25 00:00:00+00:00,152.01968357190944,156.89668254061547,151.43286218047828,156.56956481933594,36197800
2024-04-26 00:00:00+00:00,174.4519296162936,174.87816434366184,169.9020327186937,172.17202758789062,56500800
2024-04-29 00:00:00+00:00,169.27754485630953,169.8822143128753,165.5999620712095,166.4326171875,35914600
2024-04-30 00:00:00+00:00,165.91715425476843,168.38538272745197,163.06231974373685,163.2010955810547,29420800
2024-05-01 00:00:00+00:00,164.72762482687668,167.33464418373774,163.4588128880878,164.1229705810547,25223200
2024-05-02 00:00:00+00:00,165.21333717216731,167.05708176540213,164.2419064027431,166.98770141601562,17041100
2024-05-03 00:00:00+00:00,168.05824251643085,168.36554587440017,163.53809856264928,167.5130615234375,22767100
2024-05-06 00:00:00+00:00,167.74104906825588,168.4150987312476,166.4226712122432,168.34571838378906,15147900
2024-05-07 00:00:00+00:00,168.63321065643325,171.9539389727334,168.514264251218,171.4682159423828,21102400
2024-05-08 00:00:00+00:00,169.25768794314988,170.40655518653858,169.03168375189819,169.6641082763672,14569900
2024-05-09 00:00:00+00:00,169.65422498219021,170.93295947073184,168.44488598740824,170.08047485351562,11937700
2024-05-10 00:00:00+00:00,168.20694971859828,169.84252303693665,166.4425077310879,168.80169677734375,18740500
2024-05-13 00:00:00+00:00,164.3975253493451,169.45592284505344,164.31128014849432,169.40635681152344,19648600
2024-05-14 00:00:00+00:00,170.09035853651122,171.26996076413488,168.93058575085828,170.42738342285156,18729500
2024-05-15 00:00:00+00:00,170.7941735412599,172.52491641416415,170.52652899250316,172.36036682128906,20958200
2024-05-16 00:00:00+00:00,173.07407198748905,174.79885540418152,172.52887574209583,173.8968048095703,17247300
2024-05-17 00:00:00+00:00,174.01575623428218,175.94374973614293,173.45073057857905,175.74053955078125,16546400
2024-05-20 00:00:00+00:00,175.7603711064543,178.37729783836116,175.67612244653048,176.90032958984375,17495100
2024-05-21 00:00:00+00:00,176.84083481333153,178.2484377763249,175.7603646960069,177.9708709716797,14706000
2024-05-22 00:00:00+00:00,176.84083401302942,177.2888946863875,175.2349971440736,176.4443359375,16189400
2024-05-23 00:00:00+00:00,177.21750331635036,178.33763222022472,173.01455448159984,173.53001403808594,14928400
2024-05-24 00:00:00+00:00,174.97728231744108,175.75442704863116,173.6688113870053,174.7889404296875,11403600
2024-05-28 00:00:00+00:00,174.20408490399885,176.94986495542605,174.14459658257002,176.4641571044922,15655300
2024-05-29 00:00:00+00:00,175.26475409299957,176.67234208762207,174.71955783177125,175.84959411621094,15023800
2024-05-30 00:00:00+00:00,175.14580173410954,175.14580173410954,171.71603410983985,172.04315185546875,18826300
2024-05-31 00:00:00+00:00,171.88453300608919,172.89562276507053,169.47577769474688,172.4396514892578,28085200
2024-06-03 00:00:00+00:00,172.36035594451104,174.32304721885995,170.94284576689097,172.8956298828125,20742800
2024-06-04 00:00:00+00:00,172.92534618100026,173.65888420518954,171.70610031853715,173.5994110107422,14066600
2024-06-05 00:00:00+00:00,174.99214828267702,176.41460445482153,173.7580188703404,175.52247619628906,15233900
2024-06-06 00:00:00+00:00,175.87931744664135,177.1481446158565,175.6612540840396,176.79129028320312,14255800
2024-06-07 00:00:00+00:00,176.90031973658174,177.8519211540354,174.2536414260487,174.41224670410156,14716300
2024-06-10 00:00:00+00:00,175.1069152075853,177.11154384444797,173.0526792690724,175.28555297851562,17099800
2024-06-11 00:00:00+00:00,176.36727069057991,177.03216911288987,174.10462631110417,176.8336944580078,14402400
2024-06-12 00:00:00+00:00,178.3818393256968,180.6941064314313,176.42683269858753,178.1932830810547,18600400
2024-06-13 00:00:00+00:00,176.48633240462576,177.1512307513976,175.31532147400654,175.39471435546875,15956900
2024-06-14 00:00:00+00:00,174.51347462372152,177.3695589824505,174.51347462372152,177.01229858398438,12361600
2024-06-17 00:00:00+00:00,175.63288737998164,178.55051157567502,175.14662677579585,177.419189453125,15272900
2024-06-18 00:00:00+00:00,177.42911886116502,177.54821576850503,174.28324938844045,175.10693359375,15640300
2024-06-20 00:00:00+00:00,175.36494202864398,177.37948905328443,175.11684495523858,176.35733032226562,16753200
2024-06-21 00:00:00+00:00,177.13139255285805,181.12276628974172,176.70465771104568,178.88790893554688,58903200
2024-06-24 00:00:00+00:00,179.90017042739453,180.69408418689807,178.8581595644615,179.4138946533203,18198300
2024-06-25 00:00:00+00:00,179.76617981994147,184.33612362463904,179.72647580872876,184.16741943359375,18797000
2024-06-26 00:00:00+00:00,182.79792239511522,184.5147499194687,182.58952933135316,183.95901489257812,13375700
2024-06-27 00:00:00+00:00,184.23193492424144,186.07281102807215,184.03841193230306,185.43768310546875,13025700
2024-06-28 00:00:00+00:00,184.30637637214596,185.15983100885668,181.92960189469738,182.0238800048828,23032400
2024-07-01 00:00:00+00:00,183.0757903026091,183.9292448507834,181.3391107685162,183.08572387695312,11815900
2024-07-02 00:00:00+00:00,182.07349164324893,185.5269988586025,181.66660878583306,185.18959045410156,12555500
2024-07-03 00:00:00+00:00,184.88198422990317,186.19192920159793,183.97394025458732,185.96368408203125,7409100
2024-07-05 00:00:00+00:00,185.89418959541223,190.79657523505668,185.89418959541223,190.49887084960938,14303400
2024-07-08 00:00:00+00:00,189.90839419432572,190.21999951997353,187.87896191963213,189.03012084960938,12097600
2024-07-09 00:00:00+00:00,190.29045900638715,191.39201063945714,188.78202453077694,188.9904327392578,10198500
2024-07-10 00:00:00+00:00,189.2980922118401,191.83860415893716,189.16907687084597,191.1935577392578,12052900
2024-07-11 00:00:00+00:00,189.8835706176959,190.94543334999653,185.39798647692308,185.87432861328125,16452000
2024-07-12 00:00:00+00:00,185.4972406571167,187.2537723910623,184.72317890506855,185.35830688476562,14449100
2024-07-15 00:00:00+00:00,185.07051117167492,188.45454397934785,185.07051117167492,186.757568359375,12186000
2024-07-16 00:00:00+00:00,187.52171364663334,188.89119930453398,183.71093078546045,184.08804321289062,12760100
2024-07-17 00:00:00+00:00,183.27426746527493,183.82008406919664,180.2375616322757,181.22994995117188,17376600
2024-07-18 00:00:00+00:00,182.1429446060013,182.64907233775912,176.85352821450437,177.8558349609375,17877200
2024-07-19 00:00:00+00:00,178.99705708254854,180.58488427995653,177.49855633269357,178.02452087402344,14485900
2024-07-22 00:00:00+00:00,180.96201840623203,182.89717262519915,180.5154315426945,181.95440673828125,16303900
2024-07-23 00:00:00+00:00,182.44064761352078,183.81014820939436,181.93453507022267,182.20248413085938,23772600
2024-07-24 00:00:00+00:00,174.05501085173125,176.59552287859736,172.24887173433115,173.0427703857422,31250700
2024-07-25 00:00:00+00:00,172.92367446263643,173.86644039100563,167.7632579376176,167.87242126464844,28967900
2024-07-26 00:00:00+00:00,167.48538358749235,168.5472312320818,164.60249668487512,167.39605712890625,25150100
2024-07-29 00:00:00+00:00,169.20218318464197,170.8495511830197,168.42812162253998,169.827392578125,13768900
2024-07-30 00:00:00+00:00,170.52207892842762,171.63354894959585,168.82508831722515,170.55184936523438,13681400
2024-07-31 00:00:00+00:00,173.58857822803412,174.57104820170923,170.41293835612595,171.83204650878906,15650200
2024-08-01 00:00:00+00:00,170.6709511230792,174.3427851386435,169.2121389779332,171.1373748779297,17177800
2024-08-02 00:00:00+00:00,166.90978626358353,168.91441481744445,165.12348434146207,167.11817932128906,18907800
2024-08-05 00:00:00+00:00,156.17215264207914,164.6769282251563,155.40802450134723,159.41726684570312,34907800
2024-08-06 00:00:00+00:00,159.7199396090336,161.11424393639928,156.92636416723713,159.31800842285156,36146500
2024-08-07 00:00:00+00:00,161.99746518523446,163.5356548757482,159.02030040208297,159.5264129638672,19334200
2024-08-08 00:00:00+00:00,161.1082804298322,164.2402637207567,160.79667510686167,162.5928955078125,15733600
2024-08-09 00:00:00+00:00,160.41462901894477,164.26013411355729,159.7050597963025,164.13111877441406,13549200
2024-08-12 00:00:00+00:00,164.7315045669186,165.4311401931017,162.3051228479513,162.7020721435547,12435000
2024-08-13 00:00:00+00:00,163.92766770996963,165.27234968869269,163.5158332061315,164.6669921875,12717600
2024-08-14 00:00:00+00:00,162.96009102541905,163.70438225781652,158.31570586108387,160.7966766357422,22515900
2024-08-15 00:00:00+00:00,160.97532467484004,162.27535102087091,160.26080383474527,161.92800903320312,18392500
2024-08-16 00:00:00+00:00,162.16622062172976,165.679269513311,161.83873057496956,163.48609924316406,16853100
2024-08-19 00:00:00+00:00,165.7288417944409,167.18765376895314,164.82576483066794,167.11817932128906,13100800
2024-08-20 00:00:00+00:00,167.45562353659287,169.1129103422226,167.37623064772708,167.6739501953125,12622500
2024-08-21 00:00:00+00:00,165.71895219988247,167.356387080216,165.30215086930022,166.3540802001953,15269600
2024-08-22 00:00:00+00:00,167.7533286480312,168.13044108607062,163.77385661123697,164.23036193847656,19123800
2024-08-23 00:00:00+00:00,165.28228713893688,166.67162480901536,164.39906208953454,166.15557861328125,14281600
2024-08-26 00:00:00+00:00,166.8750573458864,168.0907390993711,165.05403325193555,166.65176391601562,11990300
2024-08-27 00:00:00+00:00,166.33420454320324,166.9643656660434,164.8952445283016,165.1135711669922,13718200
2024-08-28 00:00:00+00:00,165.51053866216952,166.11589620109805,162.03717920925232,163.24789428710938,15208700
2024-08-29 00:00:00+00:00,164.7960066398147,166.35406361458502,160.74904404943624,162.15625,17133800
2024-08-30 00:00:00+00:00,162.97003111812057,164.02196044356853,162.16619890311398,163.85325622558594,18498800
2024-09-03 00:00:00+00:00,162.07191447337993,162.136422142404,156.6534671297475,157.40272521972656,26533100
2024-09-04 00:00:00+00:00,156.87180802857668,159.17910824665668,156.24164678676954,156.60882568359375,17410700
2024-09-05 00:00:00+00:00,156.57904124669645,159.78941834087976,156.32102571288522,157.39280700683594,14139500
2024-09-06 00:00:00+00:00,157.48211111057333,158.00807572942523,150.77852289996548,150.9720458984375,24999100
2024-09-09 00:00:00+00:00,152.6613143274025,153.66494046797735,147.26554447937025,148.5970916748047,28057700
2024-09-10 00:00:00+00:00,150.4950554479833,151.33970198649348,148.60008200807764,149.0641326904297,20401800
2024-09-11 00:00:00+00:00,150.1373445016751,151.51857967461174,147.76241452338604,151.19065856933594,18991500
2024-09-12 00:00:00+00:00,153.8338722598281,154.62883104293255,152.53213464425113,154.55926513671875,20980800
2024-09-13 00:00:00+00:00,155.37607972822212,158.2707066144771,155.1256697723983,157.3714141845703,16733900
2024-09-16 00:00:00+00:00,157.33169139611283,158.23595725653453,156.61622996397466,157.98753356933594,14157600
2024-09-17 00:00:00+00:00,159.0805742509693,160.57111623881977,158.4048691611808,159.26937866210938,12064800
2024-09-18 00:00:00+00:00,159.8357920440244,160.61087266542054,158.65329297321875,159.79603576660156,16756500
2024-09-19 00:00:00+00:00,163.78076327978215,163.94968955468067,161.49724879703658,162.21072387695312,17548200
2024-09-20 00:00:00+00:00,163.48265967891217,163.7112052191287,162.15109722974654,163.60189819335938,46362700
2024-09-23 00:00:00+00:00,164.2974852324615,165.55948180208398,161.92255540227154,162.04180908203125,15648400
2024-09-24 00:00:00+00:00,163.21433913097076,163.5124505454604,161.00833589135425,162.60818481445312,18774100
2024-09-25 00:00:00+00:00,161.9424326507354,163.18156404518257,161.7486548988047,161.96231079101562,13607900
2024-09-26 00:00:00+00:00,163.98942762322687,164.4564653238597,162.46907601481004,162.7969970703125,18234500
2024-09-27 00:00:00+00:00,162.87648399225338,165.91718701362635,162.79698660549235,164.24777221679688,13604300
2024-09-30 00:00:00+00:00,163.74102566633724,166.30476003438847,163.6019090027645,166.13583374023438,14070100
2024-10-01 00:00:00+00:00,167.79527554783303,169.36531488011792,164.85393277641572,167.35804748535156,18629500
2024-10-02 00:00:00+00:00,166.70221022237482,167.81515854891808,165.20173674862934,166.2550506591797,12745000
2024-10-03 00:00:00+00:00,164.77446563028727,166.85128395457937,164.32729087654542,166.15570068359375,11004300
2024-10-04 00:00:00+00:00,168.27225778126535,168.48094034094336,165.90727469285602,167.49717712402344,11422100
2024-10-07 00:00:00+00:00,168.0735196367093,168.82872214427357,163.09511468718185,163.3534698486328,14034700
2024-10-08 00:00:00+00:00,164.38691058188274,165.05269938868935,163.27397734527142,164.65521240234375,11723900
2024-10-09 00:00:00+00:00,163.81552514678452,165.21166489884578,160.10407507086734,162.03184509277344,19666400
2024-10-10 00:00:00+00:00,161.08784709361515,163.2749731131795,160.62080937546463,162.15109252929688,12900500
2024-10-11 00:00:00+00:00,162.30018197468144,164.2279524133131,161.47541342812357,163.48268127441406,10946000
2024-10-14 00:00:00+00:00,163.87020929740152,166.56311365175304,163.7410241243794,165.30113220214844,9981800
2024-10-15 00:00:00+00:00,166.08613318007752,168.02383483156237,165.0030095854755,165.84764099121094,14829300
2024-10-16 00:00:00+00:00,164.98311456591185,166.2252328260073,164.17425176436092,165.6886444091797,9968500
2024-10-17 00:00:00+00:00,166.32461599312074,166.8711359226098,163.33358538134826,163.4727020263672,15113400
2024-10-18 00:00:00+00:00,163.8304349366838,165.32097693755154,163.7111964286391,164.00930786132812,13091300
2024-10-21 00:00:00+00:00,163.54226893868767,165.1719275743492,163.26899380968084,164.75457763671875,11384000
2024-10-22 00:00:00+00:00,163.66152993879703,166.41406877041842,163.6317203079106,165.76817321777344,11958600
2024-10-23 00:00:00+00:00,165.38060326279148,166.54323941624745,162.6012420708838,163.44290161132812,12754300
2024-10-24 00:00:00+00:00,163.5521882188555,164.009294399804,161.74367195744856,163.49256896972656,12764400
2024-10-25 00:00:00+00:00,164.3223491907247,166.34450662368474,164.18819068611833,165.93710327148438,14566400
2024-10-28 00:00:00+00:00,169.51437755878808,169.53028310313923,164.7446399008579,167.278564453125,20858300
2024-10-29 00:00:00+00:00,168.31698910968484,170.7763898174319,167.59656947350783,170.06092834472656,28916100
2024-10-30 00:00:00+00:00,181.2598428032034,182.6311310949568,174.63685954087978,175.0293731689453,49698300
2024-10-31 00:00:00+00:00,173.61834966228074,177.29501724138538,171.47196534188345,171.6011505126953,32801900
2024-11-01 00:00:00+00:00,170.45838437063261,172.72402226550076,169.23614411934983,171.56138610839844,21752900
2024-11-04 00:00:00+00:00,170.1603026240841,170.83600780851145,168.4163634020193,169.60382080078125,16194000
2024-11-05 00:00:00+00:00,169.75287884850286,171.01188841995238,169.29577258419562,170.3292236328125,12518300
2024-11-06 00:00:00+00:00,174.24436063400395,177.51360931765646,173.93630256002064,177.20556640625,27061500
2024-11-07 00:00:00+00:00,177.98065076502607,181.42877244059756,177.76203672730395,181.1306610107422,16730400
2024-11-08 00:00:00+00:00,180.85244303087092,181.20024225557705,178.43777208602387,178.72593688964844,15021500
2024-11-11 00:00:00+00:00,178.93461790765363,180.93691218879795,178.85512050947833,180.8226318359375,12503400
2024-11-12 00:00:00+00:00,180.2363382530564,182.86464965293638,179.8487979508242,182.1641082763672,14065800
2024-11-13 00:00:00+00:00,181.00149628186634,181.46357587345435,178.98429711186853,179.3519744873047,13969700
2024-11-14 00:00:00+00:00,178.61662702479006,179.30725213749923,174.9200814305197,176.2317657470703,17925800
2024-11-15 00:00:00+00:00,174.53251408564262,174.77100624154022,171.65576405309244,172.79354858398438,21708900
2024-11-18 00:00:00+00:00,173.85185850124924,175.7945334642115,173.32022819637518,175.6852264404297,18662800
2024-11-19 00:00:00+00:00,174.13011804258824,179.03399971248706,174.01186508005176,178.44772338867188,15392900
2024-11-20 00:00:00+00:00,177.70241021192052,177.9806434917281,174.2244790517492,176.2118682861328,15729800
2024-11-21 00:00:00+00:00,174.34869047251175,174.4729022993712,164.26765435907714,168.17288208007812,38839400
2024-11-22 00:00:00+00:00,166.1060058346279,167.20403420711378,164.66515158559497,165.5197296142578,24497000
2024-11-25 00:00:00+00:00,166.93075637326217,169.38518317564495,166.34446505305178,168.36166381835938,21395700
2024-11-26 00:00:00+00:00,168.42133988000393,170.4136876762116,168.36170545445665,169.54420471191406,14937500
2024-11-27 00:00:00+00:00,169.6037881209232,170.06089431134316,168.6001620271133,169.742919921875,12433400
2024-11-29 00:00:00+00:00,168.9877271756166,169.79261749908844,167.68598947591983,169.41502380371094,9250700
2024-12-02 00:00:00+00:00,169.24608122185896,172.50539848311146,169.1963934565042,171.88929748535156,16593400
2024-12-03 00:00:00+00:00,172.02843753008483,173.2208834104863,171.4222831004931,171.9290771484375,15721500
2024-12-04 00:00:00+00:00,171.6905785967272,175.31755838830836,171.66076896707642,174.97970581054688,18239800
2024-12-05 00:00:00+00:00,176.20195301833948,176.58949334821534,172.91281079609615,173.21092224121094,16145500
2024-12-06 00:00:00+00:00,172.78363824893,175.72398048464535,172.45571718039272,175.37718200683594,13319500
2024-12-09 00:00:00+00:00,174.8051452045689,177.1181033334023,174.49177384380053,176.1829833984375,19887800
2024-12-10 00:00:00+00:00,183.5794829006666,187.0563809613101,181.7241343909125,185.56414794921875,34317400
2024-12-11 00:00:00+00:00,185.73328807862885,195.8705279817249,185.2955639139752,195.69146728515625,41664500
2024-12-12 00:00:00+00:00,195.283568643625,195.68647035370063,192.2792018454764,192.6273956298828,25197800
2024-12-13 00:00:00+00:00,191.71215315964693,193.33370268775937,190.26964912439732,190.3890380859375,18883200
2024-12-16 00:00:00+00:00,193.35860874768625,199.60111154105618,193.1049242470253,197.1339569091797,32248600
2024-12-17 00:00:00+00:00,197.50202220467017,201.8295042342353,195.67155325883303,196.0993194580078,24129500
2024-12-18 00:00:00+00:00,195.81082440955737,197.66119401544614,188.29991495415683,189.1654052734375,27638400
2024-12-19 00:00:00+00:00,192.2791921916972,193.59236449918322,188.53866698999136,188.7177276611328,26981200
2024-12-20 00:00:00+00:00,186.0416581188474,193.12976492079878,185.40497264137207,191.9608612060547,45319700
2024-12-23 00:00:00+00:00,193.0253312102281,195.47260025991622,190.6377642376675,194.97518920898438,15235900
2024-12-24 00:00:00+00:00,195.15425226177604,196.64648543262288,194.18728504562904,196.54701232910156,6809800
2024-12-26 00:00:00+00:00,195.72128547038113,197.13393088682756,194.85578000934456,196.0794219970703,7907900
2024-12-27 00:00:00+00:00,195.4526730760938,195.780966146786,190.9779627754642,193.03524780273438,14693000
2024-12-30 00:00:00+00:00,189.87672867485227,192.7766284644964,189.37433864863712,191.69227600097656,12209500
2024-12-31 00:00:00+00:00,191.44851073674744,192.24933509210558,188.59834048528032,189.45388793945312,14355200
2025-01-02 00:00:00+00:00,190.49349766533388,192.199613809401,187.73287259466875,189.64292907714844,17545200
2025-01-03 00:00:00+00:00,191.72708790343754,193.49289099095455,190.35920756866858,192.12998962402344,12875000
2025-01-06 00:00:00+00:00,194.1395345935375,198.52670387508945,194.0500042440645,196.93499755859375,19483300
2025-01-07 00:00:00+00:00,197.24338737454207,201.09334414857855,194.92544999701238,195.69146728515625,16966800
2025-01-08 00:00:00+00:00,192.94574959860387,196.6166456969823,192.74678820802276,194.3782958984375,14335300
2025-01-10 00:00:00+00:00,194.4081034131226,196.59670866452922,190.6078914621874,192.1697540283203,20753800
2025-01-13 00:00:00+00:00,190.3592067990712,191.49330333757615,187.6831330352865,191.29432678222656,13169100
2025-01-14 00:00:00+00:00,191.5032340964964,192.2692512832205,188.65804258272874,190.0607452392578,13651200
2025-01-15 00:00:00+00:00,193.34368069639362,196.77581389637504,192.32895790673442,195.96005249023438,12894900
2025-01-16 00:00:00+00:00,194.81101729674714,195.96003550523864,193.29391980166088,193.40335083007812,13449600
2025-01-17 00:00:00+00:00,197.0245259332924,197.7805852875663,194.2987078316679,196.52711486816406,22109100
2025-01-21 00:00:00+00:00,199.47174648239383,202.7845054431817,198.40729487468963,198.5963134765625,19005200
2025-01-22 00:00:00+00:00,199.51155913723645,201.0734218150751,198.16854333839012,198.99424743652344,15477400
2025-01-23 00:00:00+00:00,198.94449253876417,200.8943502715053,195.80086666238674,198.54656982421875,15170800
2025-01-24 00:00:00+00:00,198.8151953957776,201.52111262197343,198.74952766742587,200.8545684814453,12732400
2025-01-27 00:00:00+00:00,193.18450130666076,197.64129995540554,191.70221094916442,192.7666778564453,24970200
2025-01-28 00:00:00+00:00,193.64212338737497,196.20876632893308,191.61269290183986,196.0496063232422,15939200
2025-01-29 00:00:00+00:00,196.34803046612717,197.43239807765912,194.17932560262406,196.1590118408203,12287800
2025-01-30 00:00:00+00:00,198.72566074711122,202.18566409451142,198.4391575634017,201.580810546875,14571500
2025-01-31 00:00:00+00:00,202.66015128699303,206.00773263635563,202.52585578754483,204.535400390625,17060300
2025-02-03 00:00:00+00:00,201.1679263753053,204.15737133226068,200.61580745355215,201.59072875976562,16719500
2025-02-04 00:00:00+00:00,203.44109054167416,207.61933973200223,203.20232780688056,206.6344757080078,28285400
2025-02-05 00:00:00+00:00,192.10014141176407,193.54263032942174,188.9266566850494,192.29910278320312,43666400
2025-02-06 00:00:00+00:00,190.00105713400717,192.82634793947418,189.5036461395329,192.3090362548828,20816600
2025-02-07 00:00:00+00:00,191.7420150229491,192.01558502568938,184.14157486525048,186.17100524902344,29565700
2025-02-10 00:00:00+00:00,188.08104189834265,189.0062342371054,186.63855305725247,187.22549438476562,16606000
2025-02-11 00:00:00+00:00,185.8675803518812,187.82240199450504,185.11648486292324,186.1013641357422,13028100
2025-02-12 00:00:00+00:00,184.2708567706673,185.8625778867591,182.67915083435304,184.46981811523438,17632300
2025-02-13 00:00:00+00:00,184.96726554958548,187.0166118241956,183.92271448963606,186.9071807861328,12729300
2025-02-14 00:00:00+00:00,185.86260332391964,187.1757605216032,185.14633024162694,185.9023895263672,12714200
2025-02-18 00:00:00+00:00,186.46944392506552,186.8076797724687,182.62943027809777,184.8379364013672,19796000
2025-02-19 00:00:00+00:00,185.22094238771552,186.38986134149175,184.53949170694256,186.1610565185547,13120500
2025-02-20 00:00:00+00:00,185.53429425933842,186.15107901275192,183.6441386202967,185.67356872558594,12063800
2025-02-21 00:00:00+00:00,186.32021104897444,186.4992869075997,180.1921188897077,180.63978576660156,19520800
2025-02-24 00:00:00+00:00,182.84831752044522,184.13163143810405,179.94343861136227,180.2518310546875,18734000
2025-02-25 00:00:00+00:00,179.22216694157265,179.82403003732153,175.85469973438364,176.4515838623047,20832500
2025-02-26 00:00:00+00:00,176.02881144921065,177.15792911724202,172.69117222868007,173.79542541503906,23637200
2025-02-27 00:00:00+00:00,175.0289848591496,175.67561308631582,168.8730228102201,169.3286590576172,25930500
2025-02-28 00:00:00+00:00,169.418205729236,171.60681130117902,167.5180918855945,171.32826232910156,30049800
2025-03-03 00:00:00+00:00,172.83043749186666,174.09386579684514,166.77197460528376,167.7866973876953,24122000
2025-03-04 00:00:00+00:00,167.07043005763083,174.25801080101004,166.6724920998662,171.71624755859375,30711400
2025-03-05 00:00:00+00:00,171.427720123897,174.8399520149074,170.04490308587233,174.08389282226562,18848000
2025-03-06 00:00:00+00:00,171.65654466452523,175.8148934721599,171.61475473144714,173.30795288085938,19082400
2025-03-07 00:00:00+00:00,172.34495662578817,175.98400504395343,171.35808883384823,174.8399658203125,16395300
2025-03-10 00:00:00+00:00,169.47178807727695,169.76060847968435,164.89537143217535,167.13128662109375,28990700
2025-03-11 00:00:00+00:00,166.00585109504945,167.97286923483165,162.57977703037616,165.30868530273438,23705900
2025-03-12 00:00:00+00:00,167.78859691329288,168.84430713944147,164.81068498341878,168.3164520263672,19880100
2025-03-13 00:00:00+00:00,167.30059115347333,167.4400243076883,163.4064169189429,164.06373596191406,15206200
2025-03-14 00:00:00+00:00,164.64637710900536,167.56950391364919,163.84462507190284,166.94204711914062,18611100
2025-03-17 00:00:00+00:00,166.64823727610516,167.77865640165328,165.13936542573015,165.89630126953125,17839100
2025-03-18 00:00:00+00:00,165.28877161215254,165.76682596846985,158.15772701000932,162.01206970214844,24616800
2025-03-19 00:00:00+00:00,163.25202758894378,167.45296990179511,162.39053586829408,165.6074676513672,24955700
2025-03-20 00:00:00+00:00,163.1623796664472,166.35441833778265,162.48015269371498,164.38243103027344,19981500
2025-03-21 00:00:00+00:00,162.71920370917795,165.7967023536815,162.37061322836445,165.5775909423828,29882100
2025-03-24 00:00:00+00:00,168.58037219758296,169.8103775933118,166.7627568258079,169.24267578125,18742800
2025-03-25 00:00:00+00:00,170.48765181597193,172.210665738712,169.8602101974201,172.0911407470703,13841600
2025-03-26 00:00:00+00:00,170.6071518378054,171.24456264399703,166.18609553083533,166.46397399902344,22498000
2025-03-27 00:00:00+00:00,166.03574968920336,166.76279295601753,163.18731632391456,163.4163818359375,21571200
2025-03-28 00:00:00+00:00,161.70332475947822,163.14745709835745,154.71072555268628,155.42880249023438,34866500
2025-03-31 00:00:00+00:00,154.1838591136328,156.49448302721146,151.5943840899133,155.59811401367188,33591600
2025-04-01 00:00:00+00:00,154.6718741426035,159.4325396613724,154.62705797398158,158.23739624023438,20111400
2025-04-02 00:00:00+00:00,156.32517424283495,159.62675379666416,155.89690549651638,158.2174835205078,17113300
2025-04-03 00:00:00+00:00,152.2168527377023,154.0613519562659,151.56448795871475,152.01268005371094,28416100
2025-04-04 00:00:00+00:00,149.29369268393287,152.47079250741373,146.94323757918465,147.14244079589844,39832200
2025-04-07 00:00:00+00:00,142.81005279583192,154.30337211706168,142.08300956524164,148.6363983154297,47823000
2025-04-08 00:00:00+00:00,152.95383964213912,153.81534648973863,144.62268287612036,145.9871368408203,35304400
2025-04-09 00:00:00+00:00,145.73815100242538,161.21529075347854,145.22024995524768,160.4085693359375,46479500
2025-04-10 00:00:00+00:00,158.1178807531074,159.3827484216451,151.58441547470102,154.74159240722656,35270500
2025-04-11 00:00:00+00:00,154.95573747217279,159.213440999718,154.95573747217279,158.7552947998047,22582000
2025-04-14 00:00:00+00:00,161.65352396559663,163.36656852683146,159.2731910876245,160.81692504882812,18255900
2025-04-15 00:00:00+00:00,160.91653392939605,161.39458830381662,157.00740563751106,158.0382080078125,15690800
2025-04-16 00:00:00+00:00,154.8411705306255,157.54020086276404,153.2874827059585,154.8710479736328,16921500
2025-04-17 00:00:00+00:00,155.97657051648838,156.434716671676,150.28965868848178,152.73971557617188,19513400
2025-04-21 00:00:00+00:00,150.35440218598697,150.44901916404316,147.7997741726159,149.25387573242188,16147800
2025-04-22 00:00:00+00:00,150.45898650437022,153.98466186176083,150.25978327077377,153.27752685546875,15910300
2025-04-23 00:00:00+00:00,157.27132624917084,159.37279282304678,155.71763820347564,157.08209228515625,18575700
2025-04-24 00:00:00+00:00,157.88382900283386,161.05595982379364,157.45059082083137,160.81692504882812,30787500
2025-04-25 00:00:00+00:00,166.4241567505421,167.55954532138895,162.34073344996503,163.1873016357422,35148100
2025-04-28 00:00:00+00:00,163.59561566802935,164.28282727151932,159.7313193539243,161.7630615234375,20871200
2025-04-29 00:00:00+00:00,161.38958703408312,162.02201322671587,158.74532672732573,161.40452575683594,15955200
2025-04-30 00:00:00+00:00,159.21342500394488,160.72129376483562,156.51936392224943,160.2392578125,20639500
2025-05-01 00:00:00+00:00,161.8626795159106,163.27693439217705,160.27909884439842,162.13157653808594,21904300
2025-05-02 00:00:00+00:00,164.2878361090193,166.02577353826536,162.99807560112598,165.13937377929688,16844900
2025-05-05 00:00:00+00:00,163.84960747281502,166.42415895415783,163.80479130197324,165.37840270996094,15309300
2025-05-06 00:00:00+00:00,163.29685485815608,166.0656096677416,162.47021004852107,164.53182983398438,10691900
2025-05-07 00:00:00+00:00,165.39832428714405,166.31460145207316,148.88538156064425,152.18199157714844,78729800
2025-05-08 00:00:00+00:00,155.28936674953536,156.77334579137747,153.47673579360423,155.12005615234375,38387500
2025-05-09 00:00:00+00:00,154.92086597342728,155.79729639404246,153.20782146453058,153.75559997558594,22871000
2025-05-12 00:00:00+00:00,158.45650074547206,159.7910772543865,157.25138809680772,158.93455505371094,31884900
2025-05-13 00:00:00+00:00,159.27317989421834,161.40452376405077,156.94264799111681,160.2392578125,24944300
2025-05-14 00:00:00+00:00,160.65754558137735,167.65911006228725,160.27907770768329,166.1352996826172,31769200
2025-05-15 00:00:00+00:00,166.46397052440602,166.83246912741302,163.17731494977232,164.7310028076172,22717600
2025-05-16 00:00:00+00:00,168.24675613319366,169.95980081723528,166.27476848884808,166.75282287597656,36271400
2025-05-19 00:00:00+00:00,165.04474215210416,167.2707030343235,164.74595249868466,167.19102478027344,21374700
2025-05-20 00:00:00+00:00,167.08148579226153,168.99371848950767,163.59564161354652,164.6513671875,33563300
2025-05-21 00:00:00+00:00,164.28282949470022,173.82408342915107,164.2230746061224,169.37216186523438,45567600
2025-05-22 00:00:00+00:00,172.64887782629978,177.40954350959885,171.1848221457587,171.28440856933594,45024100
2025-05-23 00:00:00+00:00,169.5912949526665,170.51255679496953,168.5754161256522,168.90408325195312,24963600
2025-05-27 00:00:00+00:00,170.60716815402276,173.58506516282065,170.51753581264379,173.2763214111328,24341300
2025-05-28 00:00:00+00:00,173.2763361631305,175.766224949461,172.31524273890497,172.67877197265625,25999200
2025-05-29 00:00:00+00:00,174.29219459507527,174.6905706753204,171.08521699876005,172.2604522705078,21174700
2025-05-30 00:00:00+00:00,171.71268658459127,172.7385195050437,167.8433898495234,172.15090942382812,36258300
2025-06-02 00:00:00+00:00,168.32640831855008,170.3701106430195,167.96786378448402,169.680908203125,24742900
2025-06-03 00:00:00+00:00,168.18203517913767,169.1132511633647,166.00585959174032,167.03170776367188,25386700
2025-06-04 00:00:00+00:00,167.59936869055824,168.8941137128479,167.11632972752577,168.7048797607422,18508700
2025-06-05 00:00:00+00:00,170.92586104829266,171.66287351594346,168.6650532300248,169.12318420410156,25375400
2025-06-06 00:00:00+00:00,171.603110984008,175.11883217708964,171.603110984008,174.21250915527344,22258100
2025-06-09 00:00:00+00:00,175.36920837444498,177.40838344678272,175.15981486637153,177.12420654296875,18817600
2025-06-10 00:00:00+00:00,177.25382807443742,181.92550045360693,175.97249863835316,179.49742126464844,32908000
2025-06-11 00:00:00+00:00,180.71393825540056,181.23246180117897,177.4931400308658,178.2808837890625,18994400
2025-06-12 00:00:00+00:00,176.97463731379557,177.62279562613722,175.60854313516973,176.46609497070312,17345900
2025-06-13 00:00:00+00:00,173.08572718916088,177.83516488025438,173.07576114200484,175.37918090820312,20873200
2025-06-16 00:00:00+00:00,175.40411009338223,177.73744330231764,175.3193606510868,177.43331909179688,18132500
2025-06-17 00:00:00+00:00,176.4960009711626,178.20611393906023,175.4390217048858,176.725341796875,17656100
2025-06-18 00:00:00+00:00,176.77519493381817,177.31765222631788,172.34783537554478,173.48458862304688,32531800
2025-06-20 00:00:00+00:00,174.36708892589806,174.86566520888314,165.79656140415713,167.2523956298828,55402600
2025-06-23 00:00:00+00:00,166.84357512657374,168.00026054280318,162.8649308992626,165.53729248046875,36975600
2025-06-24 00:00:00+00:00,167.2075235754851,168.76806975687913,166.4347364323062,167.2623748779297,27310300
2025-06-25 00:00:00+00:00,168.16976896218105,172.86636409735513,168.0810330981547,171.00169372558594,23627400
2025-06-26 00:00:00+00:00,172.89128129298544,174.152678600943,170.37347730849507,173.9333038330078,25909100
2025-06-27 00:00:00+00:00,174.13275544724416,178.330759180761,172.21822436859895,177.76239013671875,74053100
2025-06-30 00:00:00+00:00,180.2702403650563,181.0629748734639,175.00028510770912,176.88490295410156,43964600
2025-07-01 00:00:00+00:00,176.3015380338959,176.71536483629342,174.16265690586334,176.40625,25778500
2025-07-02 00:00:00+00:00,176.04229660403004,179.42264316852956,175.58859036409876,179.24813842773438,19325900
2025-07-03 00:00:00+00:00,179.30797160007916,180.2552634412392,177.6826081403371,180.035888671875,13287400
2025-07-07 00:00:00+00:00,179.6220622581476,179.82648034893307,176.1370190978773,177.0543975830078,20991400
2025-07-08 00:00:00+00:00,178.27092688927698,178.28089293698707,173.42476501767194,174.66123962402344,24108600
2025-07-09 00:00:00+00:00,175.60852437791746,179.7666484059067,173.38487860127222,177.15411376953125,31288000
2025-07-10 00:00:00+00:00,176.16694359935292,179.07862729251107,175.23959900796677,178.191162109375,24693700
2025-07-11 00:00:00+00:00,177.40341900651282,182.09003308540355,177.03546641829647,180.79373168945312,23975700
2025-07-14 00:00:00+00:00,181.55157606315228,184.203990340659,180.19643695394902,182.28945922851562,20990400
2025-07-15 00:00:00+00:00,183.41623298699918,184.88204837684916,181.8706435714378,182.57862854003906,23911600
2025-07-16 00:00:00+00:00,183.7951562789434,184.8072654587967,182.55868170023993,183.24671936035156,21152600
2025-07-17 00:00:00+00:00,182.59360912811604,184.6597003678229,180.98320215483517,184.17408752441406,21654400
2025-07-18 00:00:00+00:00,186.0885941142983,186.82649243957306,184.2039765036521,185.41053771972656,21033400
2025-07-21 00:00:00+00:00,186.56725704377217,190.71540028494329,186.5173963708382,190.605712890625,24665000
2025-07-22 00:00:00+00:00,191.87210315551704,192.80942904222442,187.9582761229891,191.56298828125,26212900
2025-07-23 00:00:00+00:00,191.8122616415566,192.80941417343925,189.6384612100756,190.9646759033203,34068100
2025-07-24 00:00:00+00:00,197.54589455449943,198.40344636594713,191.40343112437813,192.64987182617188,45252100
2025-07-25 00:00:00+00:00,192.38063967306033,194.71896368694811,191.5829297825064,193.52737426757812,31101800
2025-07-28 00:00:00+00:00,193.85641861722297,194.2652547885067,191.3086861013837,192.86923217773438,25553500
2025-07-29 00:00:00+00:00,192.74958939416115,196.10002254359046,192.44047454062365,195.87066650390625,31891600
2025-07-30 00:00:00+00:00,195.74105428582791,197.91483960451836,195.00315589990151,196.8778076171875,21150500
2025-07-31 00:00:00+00:00,196.0401927171234,196.26953353783088,191.53305903886246,192.3108367919922,27852000
2025-08-01 00:00:00+00:00,189.2396045493179,191.07236832994607,188.1626779989125,189.40911865234375,21236700
2025-08-04 00:00:00+00:00,190.63064182040998,195.52167386173045,190.37636305120955,195.19261169433594,23386000
2025-08-05 00:00:00+00:00,194.98818991202364,198.13420493112548,194.12067207868012,194.7638397216797,19010200
2025-08-06 00:00:00+00:00,194.6940404711256,196.81798032699237,193.91326525690266,196.35928344726562,15383700
2025-08-07 00:00:00+00:00,197.14704524438545,197.80515439006194,194.6641298180053,196.71826171875,14660600
2025-08-08 00:00:00+00:00,197.416259260937,202.85073766140218,197.33648523042044,201.51455688476562,24379900
2025-08-11 00:00:00+00:00,200.9810638173645,201.58435203185698,199.23107153514874,201.0558624267578,16690200
2025-08-12 00:00:00+00:00,201.51953670048817,204.54589820462374,200.8265084062007,203.5786590576172,19854000
2025-08-13 00:00:00+00:00,204.39631813928864,204.845033727696,198.07437484974005,202.45187377929688,19573000
2025-08-14 00:00:00+00:00,201.98320217166057,204.8350588484687,201.74887073226878,203.2396240234375,17777100
2025-08-15 00:00:00+00:00,204.13707666196314,206.73964549503341,201.50958510061872,204.3265380859375,21111400
2025-08-18 00:00:00+00:00,204.48609075472882,205.55303612354803,202.8308137889139,203.7082977294922,13000200
2025-08-19 00:00:00+00:00,203.3244011339479,203.70829941015938,200.3578660416823,201.91343688964844,13476600
2025-08-20 00:00:00+00:00,201.10571211053593,201.59432232086678,196.89774249140027,199.61996459960938,13971700
2025-08-21 00:00:00+00:00,200.14845791183663,202.78093999390543,199.82936179748154,200.04873657226562,11768900
2025-08-22 00:00:00+00:00,203.37924258904317,208.6342256189113,201.55445158058532,206.13137817382812,25723700
2025-08-25 00:00:00+00:00,206.41056953451064,210.4889196480279,205.3635563561227,208.56442260742188,22788800
2025-08-26 00:00:00+00:00,207.77668190384477,207.86643720129274,205.86215074219382,207.35787963867188,23051000
2025-08-27 00:00:00+00:00,205.87213986987481,208.97328517564355,205.8023318820089,207.61715698242188,15249000
2025-08-28 00:00:00+00:00,207.24818932023632,212.2937789587124,207.00888243799457,211.76528930664062,20915700
2025-08-29 00:00:00+00:00,210.66842253634155,214.72682548432343,210.36927372964016,212.92198181152344,24682200
2025-09-02 00:00:00+00:00,208.39491024343394,211.76428641121737,206.37069184883856,211.38636779785156,28900100
2025-09-03 00:00:00+00:00,225.8351154891725,231.13997459873178,224.47898735115547,230.4419708251953,72250300
2025-09-04 00:00:00+00:00,229.49964084428723,232.10720020502256,226.11430372222992,231.9975128173828,32196000
2025-09-05 00:00:00+00:00,231.99751875750673,235.4576393653349,231.71831725733676,234.5003662109375,26127700
2025-09-08 00:00:00+00:00,235.32873581763147,237.9336306885174,233.2727680706754,233.70193481445312,23128800
2025-09-09 00:00:00+00:00,233.73188999346144,240.1193644961195,232.92347691738414,239.47064208984375,22854800
2025-09-10 00:00:00+00:00,238.78197848839386,241.60644426204072,237.64420916870392,239.09136962890625,19990100
2025-09-11 00:00:00+00:00,239.67024304096682,242.09549744985415,236.11720946779278,240.30899047851562,21308600
2025-09-12 00:00:00+00:00,240.32895441337703,241.9487806264288,238.03345058625408,240.90782165527344,14536600
2025-09-15 00:00:00+00:00,244.66045674238666,252.25557067635967,244.5007660792978,251.2675018310547,29935200
2025-09-16 00:00:00+00:00,251.83640041639592,252.73463376812833,249.22651032925336,250.9281768798828,24493500
2025-09-17 00:00:00+00:00,250.96810297309426,251.45713469310198,246.0976443107254,249.3612518310547,20491300
2025-09-18 00:00:00+00:00,251.36731345678214,253.64285211495618,249.6207367971961,251.83639526367188,21166400
2025-09-19 00:00:00+00:00,252.90429521414327,256.1978580599402,251.5749001290136,254.74070739746094,41616800
2025-09-22 00:00:00+00:00,254.28159202417987,255.80859778310395,250.31935701525043,252.38531494140625,20079000
2025-09-23 00:00:00+00:00,253.15878923661495,254.2716135136843,250.59880455040593,251.8463592529297,17521100
2025-09-24 00:00:00+00:00,251.6567409307806,252.465169210253,246.73639225090292,247.34519958496094,16958500
2025-09-25 00:00:00+00:00,244.36105019347215,246.83121478968334,241.17728790642323,246.08767700195312,17379800
2025-09-26 00:00:00+00:00,247.30029966360988,249.63072353115038,246.15753518831568,246.69647216796875,16594600
2025-09-29 00:00:00+00:00,247.7893233809348,251.15572628312094,242.72425403895525,243.88198852539062,23157200
2025-09-30 00:00:00+00:00,242.5845309216633,243.19833335962917,239.1023575820505,243.07357788085938,22541200
2025-10-01 00:00:00+00:00,240.70820538398718,246.6665283113266,238.73208285012265,245.05967712402344,23967700
2025-10-02 00:00:00+00:00,245.15948907619045,247.15058167045217,242.6294442783024,245.94793701171875,20657500
2025-10-03 00:00:00+00:00,244.75028083348028,246.6345880461835,241.9956853826143,245.9678955078125,19941400
2025-10-06 00:00:00+00:00,245.29920341478498,251.7066427694446,245.20938312792492,251.0179901123047,18309000
2025-10-07 00:00:00+00:00,248.4430272638954,251.05791228547747,246.32717935405861,246.6465606689453,13811200
2025-10-08 00:00:00+00:00,245.71837051628768,246.7762944646119,244.61054133420603,244.97982788085938,14136500
2025-10-09 00:00:00+00:00,244.5806064331981,245.07463323132637,239.21112602039744,241.73619079589844,19375700
2025-10-10 00:00:00+00:00,241.6862837352197,244.36103373708602,236.2219879862294,237.02542114257812,22449100
2025-10-13 00:00:00+00:00,240.55849921146196,244.5107594146721,240.2790481619253,244.16143798828125,12465000
2025-10-14 00:00:00+00:00,241.28209772688697,247.5398217507458,240.70621533424085,245.7084197998047,17705400
2025-10-15 00:00:00+00:00,247.59969690234325,252.26553937260695,246.3072168107861,251.2176055908203,16048100
2025-10-16 00:00:00+00:00,251.9711151399471,257.07609924459695,250.17962841163254,251.38726806640625,18946000
2025-10-17 00:00:00+00:00,250.8583192068179,254.38141265847207,248.1037085285355,253.2935333251953,17653800
2025-10-20 00:00:00+00:00,254.730720175168,257.3755454382386,254.10196292360385,256.5172119140625,13726800
2025-10-21 00:00:00+00:00,254.75068259010632,254.88043315871175,244.1913772492023,250.84832763671875,27836400
2025-10-22 00:00:00+00:00,254.51113980291018,256.6768929861004,249.96106769580882,252.03599548339844,19650200
2025-10-23 00:00:00+00:00,253.20371774019742,255.3594960774361,252.27354929291647,253.23365783691406,13241300
2025-10-24 00:00:00+00:00,256.79662410065674,261.9964535508816,255.5989899714157,260.0003662109375,18406000
2025-10-27 00:00:00+00:00,264.8408796912386,270.27024022649704,264.421718365036,269.4019470214844,22987700
2025-10-28 00:00:00+00:00,269.6714336408872,270.8491179569037,266.6473622943728,267.9048767089844,20101200
2025-10-29 00:00:00+00:00,268.084518803547,275.430136689206,267.9048782372746,274.6317138671875,26287900
2025-10-30 00:00:00+00:00,291.149338690232,291.3589193601236,279.9013960238178,281.3485412597656,48570000
2025-10-31 00:00:00+00:00,282.651007876155,285.7250001291056,276.98014610019925,281.26873779296875,29932800
2025-11-03 00:00:00+00:00,281.86755274284974,285.38065607049083,279.82154461028614,283.564208984375,19691800
2025-11-04 00:00:00+00:00,276.52303396227904,281.2827177201756,276.3234130003011,277.5160827636719,18123700
2025-11-05 00:00:00+00:00,278.83347249108255,286.1391601752395,277.33640684061817,284.1929626464844,20063200
2025-11-06 00:00:00+00:00,285.1760461917381,288.2450432279728,281.0691054763307,284.7818298339844,23103800
2025-11-07 00:00:00+00:00,283.65401936749936,283.9434605971931,275.20058717815346,279.1528625488281,21991100
2025-11-10 00:00:00+00:00,284.70701038582297,290.8898692555018,282.98537855082736,290.0215759277344,19508200
2025-11-11 00:00:00+00:00,287.63622797404787,291.7681133620935,287.3168466563392,291.1692810058594,14156700
2025-11-12 00:00:00+00:00,291.5135987132187,291.7880546515022,283.8236850599058,286.8677062988281,16998800
2025-11-13 00:00:00+00:00,282.43140406714,282.95540141720784,277.4561704506044,278.573974609375,18060200
2025-11-14 00:00:00+00:00,271.3631268988507,278.6039400444266,270.87909024198706,276.4382019042969,18330500
2025-11-17 00:00:00+00:00,285.839743672837,293.94385460993595,283.67400564199863,285.04132080078125,34286100
2025-11-18 00:00:00+00:00,287.9206557340323,288.8688095426974,278.46421494061445,284.4025573730469,29702200
2025-11-19 00:00:00+00:00,287.1222246159708,303.654822395168,287.1072697972532,292.4168395996094,43123600
2025-11-20 00:00:00+00:00,304.14388799780994,306.2897067467055,288.6043676402575,289.41278076171875,34801400
2025-11-21 00:00:00+00:00,296.28925176883206,303.3653785062888,293.7841521372714,299.0638122558594,43670600
2025-11-24 00:00:00+00:00,310.4016170398079,319.1744002550105,308.7947506575406,317.8470153808594,55311800
2025-11-25 00:00:00+00:00,326.1606884500195,328.02705586506585,317.1942849998955,323.00689697265625,50899300
2025-11-26 00:00:00+00:00,320.1524948095306,324.3542507562828,316.57951134155564,319.6534729003906,29839600
2025-11-28 00:00:00+00:00,322.7972661019505,326.24052904498996,316.31997224508586,319.4937438964844,19695800
2025-12-01 00:00:00+00:00,316.85397476893087,319.00475802970755,313.3658164150799,314.5035705566406,28520600
2025-12-02 00:00:00+00:00,316.28007786122015,317.97676452439663,313.6053277555434,315.40179443359375,24668200
2025-12-03 00:00:00+00:00,315.4117804706808,321.4100334471199,313.66520382303423,319.9927978515625,32285100
2025-12-04 00:00:00+00:00,322.41304312234007,322.4669231064659,314.9726102211733,317.76715087890625,20831600
2025-12-05 00:00:00+00:00,319.3739921709227,323.1964862382524,319.35404226124786,321.45989990234375,15719900
2025-12-08 00:00:00+00:00,320.61104175996445,320.8107929430465,311.5029486020491,314.0396423339844,22006900
2025-12-09 00:00:00+00:00,312.69140162718145,318.293090499111,312.2120170689398,317.3353271484375,14151300
2025-12-10 00:00:00+00:00,316.2067963622882,321.44994495209085,314.98838728040494,320.5810852050781,22764500
2025-12-11 00:00:00+00:00,320.68095545193773,321.5697781115332,309.47559686198167,313.2906188964844,25912100
2025-12-12 00:00:00+00:00,314.384191403608,315.72743733563,306.5593944963072,310.11474609375,21264800
2025-12-15 00:00:00+00:00,312.2170002056079,312.2919145159097,305.34097591001495,308.91632080078125,22028900
2025-12-16 00:00:00+00:00,305.6006464692463,311.4380195138882,303.4334650759046,307.3283996582031,21285200
2025-12-17 00:00:00+00:00,308.60674262731374,308.79149875866017,297.0618312050489,297.6710205078125,29120400
2025-12-18 00:00:00+00:00,302.6645051874067,304.8616463852272,300.2376836446455,303.3536071777344,21040500
2025-12-19 00:00:00+00:00,302.87421730733627,308.58675384401073,301.9454382853998,308.2072448730469,45234400
2025-12-22 00:00:00+00:00,310.8188320764369,311.29321825822973,306.1898713767453,310.9236755371094,14091400
2025-12-23 00:00:00+00:00,310.7289841005398,315.8872219232364,310.34447676582494,315.2680358886719,13961400
2025-12-24 00:00:00+00:00,315.7374107235817,315.87724264961207,312.9111173503096,315.258056640625,6138200
2025-12-26 00:00:00+00:00,315.50771928299366,316.14686819703024,313.31057822091293,314.5489501953125,6730900
2025-12-29 00:00:00+00:00,312.41177786022433,314.5589660191107,311.4929650481145,313.979736328125,12317700
2025-12-30 00:00:00+00:00,313.000999413296,317.28540943965805,312.8412045581068,314.1394958496094,11052500
2025-12-31 00:00:00+00:00,312.9610408855354,314.97842425011913,311.7925848269269,313.3904724121094,10821500
2026-01-02 00:00:00+00:00,317.17553493261676,322.4925921245844,310.2445893355621,314.90850830078125,22043700
2026-01-05 00:00:00+00:00,317.2803943893332,318.8333576971289,314.8375721951358,316.9058837890625,19934000
2026-01-06 00:00:00+00:00,316.89590376555594,321.1403574586827,311.9323884629541,314.1394958496094,18989900
2026-01-07 00:00:00+00:00,314.1594883653292,326.0389542255147,314.08957240180337,322.00921630859375,24681800
2026-01-08 00:00:00+00:00,328.8352904632479,330.10862036359265,321.56976069270803,325.58453369140625,21789600
2026-01-09 00:00:00+00:00,327.06260864018543,331.04742232785975,325.8242366201649,328.7104797363281,17917700
2026-01-12 00:00:00+00:00,326.0738959562766,334.00353617058494,325.0851977244808,332.2957763671875,23893800
2026-01-13 00:00:00+00:00,334.842443176996,340.7547307187532,333.9136641838289,335.9909362792969,24616700
2026-01-14 00:00:00+00:00,334.5478107597875,336.5901553278728,330.7078579636465,335.87109375,17839300
2026-01-15 00:00:00+00:00,337.61382063072415,337.68873494454425,330.85766500986597,332.7252197265625,16424900
2026-01-16 00:00:00+00:00,334.49790980660475,334.8025044691476,327.74175393116076,329.9089050292969,21868600
2026-01-20 00:00:00+00:00,320.82075024052295,327.66181662107743,320.4712313964823,321.73956298828125,27169900
2026-01-21 00:00:00+00:00,320.67598013932434,332.290808151728,319.12301669075015,327.95147705078125,22791700
2026-01-22 00:00:00+00:00,333.8287821334127,334.7725256981915,328.4508000741002,330.4082336425781,19902100
2026-01-23 00:00:00+00:00,332.2208964370305,333.59410211341356,327.54201262517483,328.00140380859375,19110600
2026-01-26 00:00:00+00:00,327.7717128570099,335.9110710528279,327.06261745942396,333.1546630859375,18502500
2026-01-27 00:00:00+00:00,335.19198786494,337.77360575319784,333.3144364997522,334.56280517578125,16080900
2026-01-28 00:00:00+00:00,336.17071194822404,337.18940036194795,331.69657781901543,335.8411560058594,17538500
2026-01-29 00:00:00+00:00,339.9058450626567,341.84331577646435,326.29362750773345,338.2180480957031,24548300
2026-01-30 00:00:00+00:00,334.02353024324157,339.8459393190057,332.2059284569407,338.0882263183594,21740200
2026-02-02 00:00:00+00:00,336.1107810155394,344.71455893391885,335.5715076740309,344.44989013671875,22775200
2026-02-03 00:00:00+00:00,348.0602055415327,349.6930511556747,338.14813929481124,340.2554016113281,25786500
2026-02-04 00:00:00+00:00,343.3063846149433,343.800733734723,328.94014812343124,332.90496826171875,36991100
2026-02-05 00:00:00+00:00,312.79126924034074,332.2098940118301,306.5194661993319,330.8975830078125,51842000
2026-02-06 00:00:00+00:00,326.9228291868256,330.2085444197576,319.732212669293,322.6783752441406,33877000
2026-02-09 00:00:00+00:00,320.82077417447744,327.3122917175226,317.28541579501643,323.9766540527344,26103300
2026-02-10 00:00:00+00:00,320.49122633441056,321.21028797646636,314.2493823852293,318.2142028808594,25281900
2026-02-11 00:00:00+00:00,318.5437226409867,320.6260234898432,309.7252599216724,310.9236755371094,24008100
2026-02-12 00:00:00+00:00,311.94236944068,316.06698440393103,307.74783851722964,308.96624755859375,28194000
2026-02-13 00:00:00+00:00,307.5830680236357,308.48691626632296,303.5034074415816,305.6206359863281,20236000
2026-02-17 00:00:00+00:00,300.24765706433305,304.49211049817023,296.51251731768605,302.4248046875,23750800
2026-02-18 00:00:00+00:00,302.0373377837931,305.51079587835017,301.58593178171805,303.5433654785156,15847700
2026-02-19 00:00:00+00:00,302.1251671400422,305.63059595669705,300.27760597580755,303.163818359375,13448600
2026-02-20 00:00:00+00:00,304.4022187611668,316.3466327070812,304.0227402687717,314.4890441894531,33663100
2026-02-23 00:00:00+00:00,318.7235232646917,319.0380841366731,309.5854400242665,311.2832336425781,17641200
2026-02-24 00:00:00+00:00,310.23461833809165,311.962341120562,305.69053796389596,310.5142517089844,15040700
2026-02-25 00:00:00+00:00,311.71267438325657,313.25067319659894,308.95626646698753,312.6214904785156,20209100
2026-02-26 00:00:00+00:00,312.39679526824995,312.59154811608227,302.01537127964497,306.7491760253906,22380000
2026-02-27 00:00:00+00:00,303.54334418120766,311.6727051893538,303.1948006205073,311.0235595703125,33389200
2026-03-02 00:00:00+00:00,302.5696161295488,307.7378808552178,300.6671034421218,305.9601745605469,21854400
2026-03-03 00:00:00+00:00,298.03054247338764,303.54332729400136,296.31178027781107,303.163818359375,20361100
2026-03-04 00:00:00+00:00,302.28999979339955,305.06137237929244,300.40744992717754,303.05401611328125,20015600
2026-03-05 00:00:00+00:00,302.80432345436964,302.97408452968756,297.68101344342887,300.5173034667969,22643900
2026-03-06 00:00:00+00:00,295.6856162816382,299.9380551922433,294.864698015099,297.91070556640625,17598000
2026-03-09 00:00:00+00:00,293.95810054029374,306.3156537788302,293.7532067591801,305.8259582519531,19632700
2026-03-10 00:00:00+00:00,305.6910336876566,308.9640578626859,305.12637106289316,306.7453918457031,14386400
2026-03-11 00:00:00+00:00,306.11574664278464,310.8818905063814,305.6560318751311,308.2344970703125,13376700
2026-03-12 00:00:00+00:00,306.02581398501115,308.4543755816348,300.6590487824004,303.0276184082031,15610200
2026-03-13 00:00:00+00:00,306.4705694514694,307.075216570357,299.59970423366394,301.2786865234375,16857500
2026-03-16 00:00:00+00:00,303.41739386063404,305.3862101461126,301.62846198721604,304.2369079589844,14822000
2026-03-17 00:00:00+00:00,304.4867681271186,309.86350667991195,304.1669532729026,309.2239074707031,14423600
2026-03-18 00:00:00+00:00,307.7197987713232,310.56308876859424,305.36123291378533,306.1157531738281,13848400
2026-03-19 00:00:00+00:00,303.0276083402022,306.495522328792,300.8189462117848,305.5461120605469,15399700
2026-03-20 00:00:00+00:00,303.8871134611093,304.1869208156099,296.5715090190732,298.61029052734375,34763500
2026-03-23 00:00:00+00:00,300.3492505237287,303.18753879791194,297.8507541028747,298.84014892578125,22204100
2026-03-24 00:00:00+00:00,296.03182484480067,296.9213041605432,288.6812683049409,289.02606201171875,27411200
2026-03-25 00:00:00+00:00,291.97425966938914,294.48275961254154,287.1971361576211,289.4158020019531,22343000
2026-03-26 00:00:00+00:00,286.01787071952646,286.34268744484854,278.8821505013807,280.5711364746094,29281200
2026-03-27 00:00:00+00:00,277.2331315119547,278.92211737858287,273.3155065603785,273.5953369140625,25703300
2026-03-30 00:00:00+00:00,275.2743430238678,276.0938571665062,271.37169284977546,272.9757385253906,22752300
2026-03-31 00:00:00+00:00,277.37306812768094,286.8773271197116,276.59353851793674,286.68743896484375,31625100
2026-04-01 00:00:00+00:00,289.8056019553753,297.80576171350253,289.2958989360971,294.7226257324219,24403600
2026-04-02 00:00:00+00:00,288.8161565344196,295.7220036805807,287.3970277745505,294.2828674316406,13433400
2026-04-06 00:00:00+00:00,294.52274605218776,298.2454810135183,293.6132897699338,297.48095703125,10121700
2026-04-07 00:00:00+00:00,299.9594938576911,303.9171035550764,295.2473028799287,303.7471923828125,17317700
2026-04-08 00:00:00+00:00,317.63882755519,319.1979173516329,312.5169099892079,314.5506896972656,20887500
2026-04-09 00:00:00+00:00,313.00163791186503,317.23907805281584,309.2838740431667,316.1797180175781,14606800
2026-04-10 00:00:00+00:00,318.03358841229215,319.3078153785124,314.3508074416827,315.53009033203125,11997600
2026-04-13 00:00:00+00:00,315.23030679320124,319.2378742739686,313.50133630699344,319.01800537109375,12212800
2026-04-14 00:00:00+00:00,321.87130162031684,330.4411565240312,320.95684339258287,330.38116455078125,18557500
2026-04-15 00:00:00+00:00,330.3611774124935,334.79850934948115,328.462326295132,334.2688293457031,15104100
2026-04-16 00:00:00+00:00,335.64798864456304,337.1770671128283,331.4505027908985,332.56982421875,13949600
2026-04-17 00:00:00+00:00,334.22884980226,339.7805014284534,333.0895513147008,339.19586181640625,19683800
2026-04-20 00:00:00+00:00,338.3563758313641,338.9560210703948,334.4287467895101,335.1982727050781,12897300
2026-04-21 00:00:00+00:00,335.3831540609058,336.9672227230362,329.43174911178386,330.271240234375,14623800
2026-04-22 00:00:00+00:00,334.6835958687374,337.8266933540505,332.7597353449777,337.5268859863281,12954200
2026-04-23 00:00:00+00:00,339.3707589505945,339.9553985352305,334.8584600686641,337.5468444824219,13442100
2026-04-24 00:00:00+00:00,337.516865979281,343.48327630328015,333.84906002833503,342.1141052246094,18260900
2026-04-27 00:00:00+00:00,343.6731704622599,350.688937144481,340.6050096635064,348.31036376953125,17443000
2026-04-28 00:00:00+00:00,346.7113473864688,349.6895354514848,344.0729206585439,347.2909851074219,18502300
2026-04-29 00:00:00+00:00,345.27221882647495,353.1874381893852,342.22403497775565,347.1011047363281,22232200
2026-04-30 00:00:00+00:00,371.0316955643996,382.3998535192728,362.87159825964693,381.71026611328125,44570500
2026-05-01 00:00:00+00:00,377.7526634694606,383.15941312113796,375.0342982758103,382.989501953125,28047900
2026-05-04 00:00:00+00:00,382.0900629369803,383.94892960999147,376.5433826561863,379.41168212890625,18275000
2026-05-05 00:00:00+00:00,381.6402985876544,388.72603026067463,380.1212238542502,384.0388488769531,15432500
2026-05-06 00:00:00+00:00,389.3556636937157,396.14158814851396,386.86717115178936,394.90234375,23097300
2026-05-07 00:00:00+00:00,396.8211765082595,397.11601249324696,390.0752364541107,395.0622253417969,15153600
2026-05-08 00:00:00+00:00,394.032860955436,398.13040116879216,393.43324621625237,396.8111877441406,13762500
2026-05-11 00:00:00+00:00,390.4550091226855,394.09280386567815,385.99770027578,386.537353515625,16314900
2026-05-12 00:00:00+00:00,384.7684247628253,386.2075610512266,379.49160187176113,383.5891418457031,17103900
2026-05-13 00:00:00+00:00,381.67528465785847,399.6894366024174,381.3504679441929,398.79998779296875,18160100
2026-05-14 00:00:00+00:00,393.55314996386056,398.8639490394177,392.4917770286838,396.9311218261719,13805400
2026-05-15 00:00:00+00:00,392.97848723377916,395.6418928419125,389.5255787505654,393.08343505859375,15801900
2026-05-18 00:00:00+00:00,391.8891422596936,404.2267181336527,390.66487298033206,392.87353515625,18592800
2026-05-19 00:00:00+00:00,393.063429089017,393.1264099838384,382.7696364443794,384.6684875488281,25559400
2026-05-20 00:00:00+00:00,384.8084179824556,390.46501731409904,379.7714408586532,384.6684875488281,16488100
2026-05-21 00:00:00+00:00,381.7802360746463,388.4462070831433,379.25175905431604,383.2393493652344,16837600
2026-05-22 00:00:00+00:00,383.0294961863553,384.6385132044718,378.0325034604433,379.1518249511719,13382800
2026-05-26 00:00:00+00:00,380.76583200111435,385.15820799010294,378.911967276954,384.6085205078125,16150900
2026-05-27 00:00:00+00:00,382.5347809021544,389.49058591164453,381.7702264112071,384.5985107421875,16893100
2026-05-28 00:00:00+00:00,383.6291059052824,389.76542753221133,381.0206903760399,385.88775634765625,20795400
2026-05-29 00:00:00+00:00,380.9957121529665,381.4204443301482,374.07485900677307,376.2035827636719,48018600
2026-06-01 00:00:00+00:00,372.35092462272263,374.37470057389226,369.4876270555196,372.35589599609375,19091900
2026-06-02 00:00:00+00:00,362.94155828091095,369.56757513109494,354.78646296524,358.1744384765625,34648600
2026-06-03 00:00:00+00:00,358.1194663498822,362.28196979782444,354.16685855422884,355.466064453125,43031000
2026-06-04 00:00:00+00:00,355.226213908984,369.63752354949486,354.58658421381983,369.0478820800781,37746200
2026-06-05 00:00:00+00:00,363.16143521275876,368.97794185707363,361.41248782137086,365.5400085449219,23411500
2026-06-08 00:00:00+00:00,362.4849853515625,363.3800048828125,357.8900146484375,361.1700134277344,18739000
2026-06-09 00:00:00+00:00,364.885009765625,369.6919860839844,354.7200012207031,362.2900085449219,19873600
2026-06-10 00:00:00+00:00,361.04998779296875,366.30999755859375,352.80999755859375,353.32000732421875,19878600
2026-06-11 00:00:00+00:00,353.04998779296875,358.010009765625,343.6300048828125,356.55999755859375,28771800
2026-06-12 00:00:00+00:00,361.1000061035156,364.77301025390625,353.3399963378906,358.1600036621094,17637100
2026-06-15 00:00:00+00:00,365.989990234375,370.6499938964844,364.6499938964844,367.1099853515625,17268600
2026-06-16 00:00:00+00:00,367.4649963378906,373.6000061035156,365.32000732421875,371.1000061035156,16492800
2026-06-17 00:00:00+00:00,367.04998779296875,370.1499938964844,360.2300109863281,362.1000061035156,16003500
2026-06-18 00:00:00+00:00,363.8900146484375,369.0,356.6080017089844,367.4599914550781,29339100
2026-06-22 00:00:00+00:00,357.135009765625,358.20001220703125,340.94000244140625,348.7799987792969,32211200
2026-06-23 00:00:00+00:00,340.1050109863281,348.7200012207031,339.7149963378906,346.0799865722656,21820900
2026-06-24 00:00:00+00:00,348.7200012207031,352.8299865722656,341.5,345.0400085449219,23898400
2026-06-25 00:00:00+00:00,336.9200134277344,343.19000244140625,335.8999938964844,342.19000244140625,27687600
2026-06-26 00:00:00+00:00,340.9800109863281,344.1199951171875,333.69000244140625,334.69000244140625,82484600
2026-06-29 00:00:00+00:00,339.95001220703125,351.9700012207031,338.80999755859375,351.2799987792969,25565700
2026-06-30 00:00:00+00:00,350.9599914550781,355.3900146484375,348.1099853515625,353.3299865722656,21278400
2026-07-01 00:00:00+00:00,354.614990234375,359.55999755859375,353.2300109863281,357.8900146484375,19546800
2026-07-02 00:00:00+00:00,356.1499938964844,360.989990234375,350.32000732421875,356.17999267578125,15532900
2026-07-06 00:00:00+00:00,358.19500732421875,365.67999267578125,354.19000244140625,364.8999938964844,22652700
2026-07-07 00:00:00+00:00,367.2349853515625,370.8900146484375,362.4200134277344,363.6199951171875,16443900
2026-07-08 00:00:00+00:00,362.2099914550781,364.9800109863281,354.70001220703125,358.7099914550781,14710400
2026-07-09 00:00:00+00:00,351.0849914550781,356.7300109863281,348.6600036621094,356.239990234375,17217400
2026-07-10 00:00:00+00:00,354.9540100097656,355.67999267578125,350.70001220703125,355.0299987792969,11618500
2026-07-13 00:00:00+00:00,353.989990234375,355.75,349.82000732421875,350.6700134277344,10583500
2026-07-14 00:00:00+00:00,348.8399963378906,357.8800048828125,348.8399963378906,357.3299865722656,11252600
2026-07-15 00:00:00+00:00,356.010009765625,372.1400146484375,355.6700134277344,370.2099914550781,20258200
2026-07-16 00:00:00+00:00,372.1700134277344,374.3500061035156,351.6700134277344,353.80999755859375,23603700
2026-07-17 00:00:00+00:00,345.7699890136719,348.1700134277344,341.125,346.1199951171875,22023900
2026-07-20 00:00:00+00:00,350.1700134277344,359.489990234375,350.0050048828125,351.3699951171875,13203300
2026-07-21 00:00:00+00:00,350.55999755859375,350.739990234375,346.010009765625,346.19000244140625,17419500
2026-07-22 00:00:00+00:00,347.17999267578125,349.45001220703125,341.6400146484375,341.9100036621094,22685200
2026-07-23 00:00:00+00:00,321.6700134277344,324.3900146484375,314.8900146484375,320.1300048828125,33697326
