date,open,high,low,close,volume
2018-01-02 00:00:00+00:00,154.41777077595856,154.83179849308104,152.63173971187948,152.64797973632812,4684700
2018-01-03 00:00:00+00:00,152.623585821185,153.72767183113635,152.47746280203987,153.4435272216797,4530500
2018-01-04 00:00:00+00:00,154.1416857705279,154.95351328269163,153.00513220850058,154.6612548828125,4047400
2018-01-05 00:00:00+00:00,155.00221930701622,156.30926208323373,154.6612532420253,156.27679443359375,4224800
2018-01-08 00:00:00+00:00,155.64355723291712,157.26721210712864,155.54614190446557,155.90333557128906,3508500
2018-01-09 00:00:00+00:00,156.43919276719308,157.06430355452449,155.57865740119541,156.76393127441406,3012300
2018-01-10 00:00:00+00:00,156.4878741225445,156.86132024615196,155.58674504629064,155.70852661132812,3119500
2018-01-11 00:00:00+00:00,155.6111474485668,158.087224727057,155.3838366545588,158.046630859375,3899200
2018-01-12 00:00:00+00:00,158.71228761349414,161.8946501548446,158.16025081997157,159.45916748046875,6748400
2018-01-16 00:00:00+00:00,160.62822367474453,161.51311286420807,158.87467293025202,159.36988830566406,5692700
2018-01-17 00:00:00+00:00,160.3359902069459,162.2194366455078,159.80018088692302,162.2194366455078,3996100
2018-01-18 00:00:00+00:00,162.18688239924674,162.56032846622395,160.4658122177512,161.00973510742188,4474600
2018-01-19 00:00:00+00:00,162.21128519343884,163.4452667236328,161.6592483223696,163.4452667236328,5809600
2018-01-22 00:00:00+00:00,163.66446988132006,165.9944114249492,163.59139597354354,165.98629760742188,4857700
2018-01-23 00:00:00+00:00,166.33534626700765,167.52061994081646,165.73458942035037,166.3434600830078,3621700
2018-01-24 00:00:00+00:00,166.58700205396426,168.1294817506473,166.059319129115,167.41506958007812,4370700
2018-01-25 00:00:00+00:00,167.8859565749733,167.91031041290373,165.4829413366149,166.72503662109375,3537700
2018-01-26 00:00:00+00:00,166.91174541641786,168.2999635581554,165.9700225069612,168.23501586914062,3778100
2018-01-29 00:00:00+00:00,168.23501504093412,168.54351346535933,166.1892185908127,166.3596954345703,3632900
2018-01-30 00:00:00+00:00,163.55891200143313,164.92277646044084,155.52182349833632,163.83493041992188,5979600
2018-01-31 00:00:00+00:00,164.97962231326395,166.48962229532762,162.55225308772663,163.09617614746094,4547300
2018-02-01 00:00:00+00:00,161.82969558537525,164.19211665211012,160.969160392339,162.28431701660156,3553800
2018-02-02 00:00:00+00:00,161.75664829533753,161.79724215258662,157.0399319506338,157.47019958496094,6179000
2018-02-05 00:00:00+00:00,154.30404124612784,157.7380677103861,146.43743168766485,148.65371704101562,10618500
2018-02-06 00:00:00+00:00,145.00864028567324,155.83842976002921,142.4107944729552,155.09153747558594,11682700
2018-02-07 00:00:00+00:00,154.8398883734897,157.91672218660736,154.01994688447655,155.2945098876953,6016800
2018-02-08 00:00:00+00:00,155.17272840443724,155.17272840443724,146.88396308123197,147.11940002441406,7241800
2018-02-09 00:00:00+00:00,148.76742298587627,150.9999491152687,142.71118301709396,149.4737091064453,9059200
2018-02-12 00:00:00+00:00,151.44644299972555,151.8198767630181,148.8973048019008,149.42498779296875,6783700
2018-02-13 00:00:00+00:00,148.7511106913601,149.368107358986,146.85143780814653,149.14891052246094,4273800
2018-02-14 00:00:00+00:00,147.65521348256496,150.23681940300688,146.9813950623694,149.9364471435547,6767000
2018-02-15 00:00:00+00:00,151.60067503907956,151.96599494436114,148.77550635989118,150.40728759765625,5113300
2018-02-16 00:00:00+00:00,150.23680568544063,152.615466868463,150.0744426515752,151.7873992919922,7619200
2018-02-20 00:00:00+00:00,154.16605941271473,155.4162808790826,151.25160124258772,151.5763397216797,8922100
2018-02-21 00:00:00+00:00,151.98226677289833,152.60736517304392,148.45081137853626,148.61317443847656,7527200
2018-02-22 00:00:00+00:00,149.14895816256544,151.17852703328668,148.4913798304526,150.5696563720703,5653900
2018-02-23 00:00:00+00:00,151.16230845245755,152.95645303913258,150.6914469211695,152.90774536132812,4315400
2018-02-26 00:00:00+00:00,153.57343047218407,154.07675963613244,152.50993826448337,152.99703979492188,4648000
2018-02-27 00:00:00+00:00,153.32986847852388,153.6383669177105,150.15563210888945,150.17185974121094,4618800
2018-02-28 00:00:00+00:00,149.70911211071922,151.52759778104874,147.9718017578125,147.9718017578125,6419900
2018-03-01 00:00:00+00:00,148.36146908995218,149.70097945094741,144.7082455008699,145.83668518066406,6123900
2018-03-02 00:00:00+00:00,144.27801199603624,145.47139964119728,143.15768586690376,144.87876892089844,5671000
2018-03-05 00:00:00+00:00,144.39162482435984,147.9636605027049,144.2617294646919,147.54151916503906,5748600
2018-03-06 00:00:00+00:00,148.36148675411263,148.56444364433716,145.7311609973011,147.46035766601562,5306800
2018-03-07 00:00:00+00:00,145.99888695819638,146.96230050381004,144.36597250815404,145.8029327392578,4799200
2018-03-08 00:00:00+00:00,146.50512746455684,146.94600900790573,144.29252228375518,145.2804412841797,4750700
2018-03-09 00:00:00+00:00,146.14586760404012,148.79119393834358,145.2640921592723,148.7258758544922,4477200
2018-03-12 00:00:00+00:00,148.94630794391273,149.46068005951287,146.59491925434875,146.72555541992188,4993300
2018-03-13 00:00:00+00:00,146.62755711563997,147.73793949348936,145.21508953658682,145.6151580810547,6128100
2018-03-14 00:00:00+00:00,146.2275169466288,146.68473107113311,143.6066833611765,144.8477020263672,4531500
2018-03-15 00:00:00+00:00,145.07630838278357,146.84801933569324,144.28434375735222,145.38656616210938,3936700
2018-03-16 00:00:00+00:00,145.6805167631928,147.28893915649317,145.30495326135372,146.11325073242188,8410900
2018-03-19 00:00:00+00:00,145.86010344288226,146.40714084123832,143.6964964063873,144.5946044921875,4744500
2018-03-20 00:00:00+00:00,145.0354911565314,146.05606290033106,144.64359509519466,145.46005249023438,4148300
2018-03-21 00:00:00+00:00,145.61516604953746,147.07661915112303,145.06812868931254,145.34573364257812,3494400
2018-03-22 00:00:00+00:00,144.85584876014045,145.78660955868537,142.9453417196771,143.11679077148438,5255100
2018-03-23 00:00:00+00:00,143.89243685221768,144.561925349815,140.0714102679944,140.26736450195312,6021300
2018-03-26 00:00:00+00:00,142.15341292682487,144.3496855503783,141.67170600159673,144.00677490234375,7323600
2018-03-27 00:00:00+00:00,144.82318839853272,145.92539819140816,141.7369810454435,142.61874389648438,4713900
2018-03-28 00:00:00+00:00,143.07599052920125,144.94567237951057,141.99826084706103,142.68408203125,4318600
2018-03-29 00:00:00+00:00,143.45155149665035,145.8519380586826,143.28826252102,145.52536010742188,4423500
2018-04-02 00:00:00+00:00,144.6353943010512,145.0762881848317,139.14064059382954,141.1654510498047,7229300
2018-04-03 00:00:00+00:00,141.0675356054306,142.83108691730263,140.78177047741437,141.86766052246094,5283300
2018-04-04 00:00:00+00:00,139.4509308320788,145.19878562869323,139.14067302363557,144.87220764160156,4757300
2018-04-05 00:00:00+00:00,145.32939817354523,146.9949655699034,144.7660406479955,146.2519989013672,3799900
2018-04-06 00:00:00+00:00,145.3131246947312,145.75401878905726,141.5329343603018,142.4310302734375,5236900
2018-04-09 00:00:00+00:00,142.92903001247348,143.1658096343122,140.73275761990308,140.84706115722656,5079800
2018-04-10 00:00:00+00:00,142.08805244842264,142.21868859674882,140.62659947073857,141.6471710205078,4783000
2018-04-11 00:00:00+00:00,140.43067389100798,142.92903156111356,140.26738490136964,141.13282775878906,4228400
2018-04-12 00:00:00+00:00,141.50020552921927,142.25951725814025,141.16545506315575,141.54103088378906,3396700
2018-04-13 00:00:00+00:00,142.46366210226242,143.29643971483154,140.6184603287406,141.08384704589844,4311200
2018-04-16 00:00:00+00:00,142.25136860521695,143.3699237091887,141.50840184311235,142.41465759277344,3534200
2018-04-17 00:00:00+00:00,143.50056096698998,143.8924695238927,142.1452510300299,142.80657958984375,3106500
2018-04-18 00:00:00+00:00,142.8800358880598,147.1664369647016,142.87187579951464,146.83985900878906,5858900
2018-04-19 00:00:00+00:00,146.55408752950746,146.7173765003059,143.50870524349938,144.57826232910156,5407300
2018-04-20 00:00:00+00:00,145.2069211776702,146.05603120264763,143.9577426310134,144.52108764648438,5008600
2018-04-23 00:00:00+00:00,145.01918408710927,145.6396997899526,143.80267032724646,145.05184936523438,2987700
2018-04-24 00:00:00+00:00,146.39077397121534,146.9622915020939,142.9208309774159,143.9087371826172,4435400
2018-04-25 00:00:00+00:00,143.76177250200527,145.38652667062738,142.5125940936096,144.83132934570312,5587300
2018-04-26 00:00:00+00:00,145.70502959970926,151.8039564446197,145.39477172334932,151.63250732421875,8782500
2018-04-27 00:00:00+00:00,151.4446535454819,152.7101522643039,150.12198438345584,152.2366180419922,4382400
2018-04-30 00:00:00+00:00,152.66939156465463,153.33072014268862,150.88134765625,150.88134765625,4173200
2018-05-01 00:00:00+00:00,150.82414618569933,150.82414618569933,148.10534201430528,150.7425079345703,3423900
2018-05-02 00:00:00+00:00,150.62821450532334,152.77548877188983,150.0240316073855,151.78758239746094,3866500
2018-05-03 00:00:00+00:00,150.93844515437232,150.9629378747877,147.94204859478535,149.56680297851562,4123900
2018-05-04 00:00:00+00:00,149.2075852378575,152.14683677026304,148.46460603686737,151.06910705566406,3896200
2018-05-07 00:00:00+00:00,151.37119030297418,151.4528410226348,149.14226518752704,149.86891174316406,3582300
2018-05-08 00:00:00+00:00,149.77912137067065,151.28957268342333,149.00348926067025,151.07728576660156,4168200
2018-05-09 00:00:00+00:00,151.06910896218048,152.26930231488015,149.87708815654813,152.15499877929688,3392300
2018-05-10 00:00:00+00:00,151.83656506489484,153.46947966475767,151.76308689785697,152.8081512451172,3850100
2018-05-11 00:00:00+00:00,153.19192008756195,155.78008878946062,152.9633129911146,155.38002014160156,5355100
2018-05-14 00:00:00+00:00,156.3515928656777,156.47405649301695,155.0126032214465,156.00868225097656,7035900
2018-05-15 00:00:00+00:00,154.71866450769704,154.87379339417504,151.94271456047602,153.47764587402344,10147000
2018-05-16 00:00:00+00:00,154.53907802026194,154.53907802026194,151.77944762263664,152.17135620117188,5044800
2018-05-17 00:00:00+00:00,152.06516506505506,152.82446433889115,150.93845005675726,151.31402587890625,4227700
2018-05-18 00:00:00+00:00,151.65697951608095,153.66547043298206,151.49369050890547,153.0204620361328,4697900
2018-05-21 00:00:00+00:00,153.65724979905795,155.6739001748703,153.4939608429824,154.95541381835938,4147800
2018-05-22 00:00:00+00:00,155.1759125868702,155.7637629915921,152.2856584787815,152.5714111328125,4585600
2018-05-23 00:00:00+00:00,152.75919475602203,152.9388163927063,151.02829648053282,152.40811157226562,7387400
2018-05-24 00:00:00+00:00,152.50609310804884,153.0123052367778,150.77520717008994,152.80001831054688,3941300
2018-05-25 00:00:00+00:00,152.44076543295438,153.3551937271319,151.90190056324928,152.55506896972656,2730400
2018-05-29 00:00:00+00:00,151.4936707540088,152.5387352134378,150.43227365854625,151.04461669921875,4725500
2018-05-30 00:00:00+00:00,151.75068148798226,154.18913685127228,151.07743218298538,153.606201171875,3976000
2018-05-31 00:00:00+00:00,153.66370021081661,153.82790340859626,152.09553273703412,153.16287231445312,4839900
2018-06-01 00:00:00+00:00,153.70472815905427,155.03479012249875,153.1382165737653,153.81967163085938,3706200
2018-06-04 00:00:00+00:00,154.53400078167505,157.25980916073604,154.3287436360749,157.11203002929688,4103300
2018-06-05 00:00:00+00:00,156.35668345876346,157.9494808949718,155.74911780465146,157.58822631835938,4231300
2018-06-06 00:00:00+00:00,158.51600625426772,158.94293212890625,156.98889247585308,158.94293212890625,4134700
2018-06-07 00:00:00+00:00,159.13996864526428,161.90683090713105,159.13996864526428,161.06117248535156,4378700
2018-06-08 00:00:00+00:00,160.81479869200098,162.97410699001483,160.10871389863618,162.83453369140625,4006200
2018-06-11 00:00:00+00:00,163.31079365105003,164.6326501319429,162.84280135910274,163.91014099121094,4243000
2018-06-12 00:00:00+00:00,164.074321921304,165.3058645924009,163.8033810303147,165.28123474121094,4616700
2018-06-13 00:00:00+00:00,165.27301241088094,165.50289935089188,163.92652639314593,164.46018981933594,5128100
2018-06-14 00:00:00+00:00,164.41914190563105,165.02670742809656,162.69498979252472,163.9347381591797,4305900
2018-06-15 00:00:00+00:00,163.343585283706,165.51931789540149,162.9741250373119,164.64901733398438,7820900
2018-06-18 00:00:00+00:00,163.3354320028981,164.95285935024395,162.65397676023798,164.77223205566406,3396300
2018-06-19 00:00:00+00:00,162.73608504380056,164.1236128605487,162.64577139628184,163.55711364746094,5501100
2018-06-20 00:00:00+00:00,164.20569258292406,164.312430292031,162.66215506371654,163.45034790039062,3389600
2018-06-21 00:00:00+00:00,163.55706613440682,164.97744169830992,163.06444410415554,164.46018981933594,4695100
2018-06-22 00:00:00+00:00,164.8542911774459,165.1909158368276,161.8821723016843,162.0792236328125,6785800
2018-06-25 00:00:00+00:00,162.07920922178874,162.43224539811683,160.14978759239594,161.23355102539062,5127200
2018-06-26 00:00:00+00:00,161.39775981348592,162.01353109608132,160.5931555120396,161.21713256835938,3270600
2018-06-27 00:00:00+00:00,161.46347543818374,162.55544489807556,160.1087708324978,160.1169891357422,3771700
2018-06-28 00:00:00+00:00,160.10055823825675,160.92979251703628,158.87722125757145,160.27297973632812,2994000
2018-06-29 00:00:00+00:00,160.8066401044845,163.24509571522265,160.0923493291028,160.1826629638672,4106600
2018-07-02 00:00:00+00:00,159.13174102858434,159.42729924535348,157.7359826339301,159.2959442138672,3822800
2018-07-03 00:00:00+00:00,159.64079398307894,160.68350375407198,158.79513557501494,158.96754455566406,1608400
2018-07-05 00:00:00+00:00,159.68189474440535,159.88715194302014,158.5652950828247,159.6162109375,3040600
2018-07-06 00:00:00+00:00,159.7556765608054,160.38787181388446,158.4173965196878,159.67356872558594,2552400
2018-07-09 00:00:00+00:00,160.67524886405766,161.5044955323131,160.12516136169444,160.98724365234375,2575100
2018-07-10 00:00:00+00:00,161.3813563095992,162.36658798176063,161.23357719633015,162.24343872070312,2842400
2018-07-11 00:00:00+00:00,161.92326509704975,162.36661503863738,160.88055524403666,161.7015838623047,3309300
2018-07-12 00:00:00+00:00,162.72782484709694,162.95771179470734,161.74259328192392,162.52256774902344,2709200
2018-07-13 00:00:00+00:00,162.94129393802055,164.14819410229563,162.94129393802055,163.130126953125,2308100
2018-07-16 00:00:00+00:00,163.4995956872558,163.56527946284973,162.47331018341197,163.2861328125,2530500
2018-07-17 00:00:00+00:00,163.08092963162952,165.3797998980022,163.08092963162952,165.10887145996094,4662800
2018-07-18 00:00:00+00:00,165.0431443826432,165.78206498479202,164.36168925813254,165.00209045410156,3787800
2018-07-19 00:00:00+00:00,164.9364114229236,166.85761506614665,164.65726474544346,166.36500549316406,3691100
2018-07-20 00:00:00+00:00,165.91341711078672,167.2927387805925,165.6999542412879,166.21719360351562,3564100
2018-07-23 00:00:00+00:00,166.22543615186203,166.98898664590234,165.7656496669606,166.03659057617188,2264300
2018-07-24 00:00:00+00:00,167.1039168554912,167.69505833262892,165.31408087541854,165.83953857421875,5058100
2018-07-25 00:00:00+00:00,165.35512450787084,166.08583932588067,163.44213924752037,165.02671813964844,4382700
2018-07-26 00:00:00+00:00,165.46186839997696,165.94627219597677,163.31077779354368,163.71307373046875,4280000
2018-07-27 00:00:00+00:00,164.37812273141813,164.60800971091206,161.47988057898965,161.85755920410156,3871200
2018-07-30 00:00:00+00:00,161.35668667646613,162.21056310228477,161.2499489912645,161.9724578857422,2331100
2018-07-31 00:00:00+00:00,162.30914428007722,162.5882909945285,161.63589482156306,162.16957092285156,2795900
2018-08-01 00:00:00+00:00,161.62766639846922,162.35017546677796,160.5931750280365,161.1678924560547,3086800
2018-08-02 00:00:00+00:00,160.18266683612893,160.79021991386685,158.91007014383067,160.64244079589844,3543500
2018-08-03 00:00:00+00:00,160.94622296690466,161.24999951640393,160.30582171082972,160.6260223388672,2309000
2018-08-06 00:00:00+00:00,160.6095904732991,160.97084501621623,160.19087045013643,160.6670684814453,2515700
2018-08-07 00:00:00+00:00,161.20894347104374,161.9068101467707,160.6260077509423,161.78366088867188,3052500
2018-08-08 00:00:00+00:00,162.10386484519864,163.31077771116588,161.98892135929228,162.58006286621094,2176700
2018-08-09 00:00:00+00:00,163.3846322549444,163.99219770905117,162.5964395719923,162.62928771972656,2466000
2018-08-10 00:00:00+00:00,162.0217565594102,162.50616035388975,160.62601065482312,161.1678924560547,2873000
2018-08-13 00:00:00+00:00,161.1678638991219,162.2269849339566,159.27949623202855,159.39443969726562,5294400
2018-08-14 00:00:00+00:00,160.24012606755238,160.90515712827474,157.03812002411132,158.5406036376953,11488000
2018-08-15 00:00:00+00:00,157.43220825560323,159.42730141332518,156.89032646169105,159.2713165283203,6049300
2018-08-16 00:00:00+00:00,159.29595605133036,160.99547856354636,159.0496449911524,160.42076110839844,5690100
2018-08-17 00:00:00+00:00,160.59318140794505,160.90516372246316,159.95278017301203,160.56033325195312,3885800
2018-08-20 00:00:00+00:00,160.79018780179746,162.92486650628848,160.42893332615452,162.50613403320312,2956700
2018-08-21 00:00:00+00:00,163.2450812216254,164.81324850062379,162.90025079074974,164.39451599121094,4124600
2018-08-22 00:00:00+00:00,164.86253008865765,167.12035852916296,163.0973112457038,163.36004638671875,5007000
2018-08-23 00:00:00+00:00,163.70485600101404,165.36333691558804,163.49959889621675,164.33705139160156,3595000
2018-08-24 00:00:00+00:00,164.4930813831044,166.25828782290284,164.2057163682991,165.27305603027344,3054300
2018-08-27 00:00:00+00:00,166.52920856681223,166.62772797575926,165.18272235696793,165.83132934570312,2521300
2018-08-28 00:00:00+00:00,166.0940762977697,166.19259571373038,164.72296013807804,165.82313537597656,3516300
2018-08-29 00:00:00+00:00,165.96339835649874,166.68961087938985,165.6333086236116,166.43377685546875,2488000
2018-08-30 00:00:00+00:00,165.87262333786134,166.23572960269277,164.30467820385246,164.43670654296875,2825400
2018-08-31 00:00:00+00:00,164.53570646082753,165.79831767494488,164.46142558367504,165.6827850341797,4023300
2018-09-04 00:00:00+00:00,165.61681876782956,169.93280483603067,165.46002172003932,169.23960876464844,4612800
2018-09-05 00:00:00+00:00,169.0332745696149,170.55170743301096,167.6468700392982,168.47210693359375,3667100
2018-09-06 00:00:00+00:00,168.83522472397198,170.8983171007509,168.18329307344112,169.9080352783203,3490400
2018-09-07 00:00:00+00:00,169.5449452744384,171.01386618029017,169.52843700804743,170.18862915039062,3672700
2018-09-10 00:00:00+00:00,171.75655153892444,174.63662011864835,171.75655153892444,173.86915588378906,5586600
2018-09-11 00:00:00+00:00,175.77544186269532,177.14533799978906,174.53758663831013,176.47689819335938,5969500
2018-09-12 00:00:00+00:00,176.62543858980106,177.7807651206608,174.05070369696236,174.93370056152344,5660100
2018-09-13 00:00:00+00:00,174.48811238506946,174.48811238506946,172.22695848369546,172.84588623046875,4701100
2018-09-14 00:00:00+00:00,173.45654891155624,173.73712644011647,171.27792396299483,172.53228759765625,3622400
2018-09-17 00:00:00+00:00,172.5405683911926,173.3327889281128,171.86386794845984,171.97940063476562,3074700
2018-09-18 00:00:00+00:00,172.16917905701078,174.72740590036736,171.7813167053337,174.14149475097656,4338500
2018-09-19 00:00:00+00:00,174.95025438524408,175.5031616970112,173.84443976170982,174.68617248535156,2579100
2018-09-20 00:00:00+00:00,174.66964669258044,175.45361923551485,174.13323514796096,174.17449951171875,4020800
2018-09-21 00:00:00+00:00,174.37257419302716,175.49489697535574,173.72062993546473,175.27207946777344,9749200
2018-09-24 00:00:00+00:00,174.55415343578042,174.8182227576366,171.61631139946252,171.6410675048828,4623700
2018-09-25 00:00:00+00:00,172.34247745850644,172.72209198688034,170.65899966164795,171.2036590576172,4443300
2018-09-26 00:00:00+00:00,172.127984319329,172.59011515708093,171.01390901308199,171.25323486328125,2965800
2018-09-27 00:00:00+00:00,171.23667603902368,171.50900575775424,169.72649083085435,170.6920166015625,3218800
2018-09-28 00:00:00+00:00,170.3619342201912,172.35075848147372,170.28766590971617,170.94784545898438,3966100
2018-10-01 00:00:00+00:00,172.07844575635772,173.12648782005706,171.12941552429203,171.31922912597656,3670500
2018-10-02 00:00:00+00:00,171.22845465827376,171.68232500083374,168.90127993434763,168.96730041503906,4428000
2018-10-03 00:00:00+00:00,170.1308301894019,170.3784037601638,168.0594776592129,168.13375854492188,4162500
2018-10-04 00:00:00+00:00,168.05957885594768,168.1503554668175,163.61981053991065,164.09844970703125,5996200
2018-10-05 00:00:00+00:00,164.27994830977158,164.7998390972457,160.56638152323924,162.06005859375,5016600
2018-10-08 00:00:00+00:00,161.94454268351885,163.9416150734218,160.97075629961267,163.7353057861328,3731800
2018-10-09 00:00:00+00:00,163.35566479071028,164.37070279454724,161.39985709236447,161.54014587402344,4466800
2018-10-10 00:00:00+00:00,164.31292342521422,164.42020825414792,159.5595633055308,159.848388671875,6157900
2018-10-11 00:00:00+00:00,159.85665121342933,162.2993454740727,155.53240516807924,156.58045959472656,5831400
2018-10-12 00:00:00+00:00,159.06442410617524,159.7576201307556,156.92706340099406,158.83335876464844,5450200
2018-10-15 00:00:00+00:00,158.7425777935586,159.51004210118091,157.3726814552665,157.7605438232422,3642800
2018-10-16 00:00:00+00:00,158.30525505264552,160.16203876983565,157.29846465195504,159.74942016601562,4057400
2018-10-17 00:00:00+00:00,156.49792243370274,157.3479154182419,151.82707864052554,152.80911254882812,8985700
2018-10-18 00:00:00+00:00,152.05811366850088,152.99888302669575,148.15474750421407,148.9057159423828,9262000
2018-10-19 00:00:00+00:00,148.8232270610794,149.35963862851557,147.36256674042727,148.4188690185547,7004300
2018-10-22 00:00:00+00:00,149.2193704061731,149.69799681725567,146.52908954653185,147.51112365722656,4866700
2018-10-23 00:00:00+00:00,145.05189473617264,148.12177703899968,144.77956504568294,147.3295440673828,7004900
2018-10-24 00:00:00+00:00,147.37086879692492,150.49851241650728,145.4975767240433,146.042236328125,6791700
2018-10-25 00:00:00+00:00,146.49605729480774,148.95525971894585,145.92664182186383,147.77517700195312,5228000
2018-10-26 00:00:00+00:00,145.96791351330702,146.3475154529168,141.04124798977725,142.13055419921875,9472200
2018-10-29 00:00:00+00:00,143.37666525635964,145.233448303598,141.07424722619913,142.9310302734375,5918400
2018-10-30 00:00:00+00:00,142.89802709383383,145.59654273711152,142.46890037263077,145.43975830078125,5657100
2018-10-31 00:00:00+00:00,146.8756904905546,147.59365530555056,144.90337439294103,145.1427001953125,6339500
2018-11-01 00:00:00+00:00,145.93490528268583,149.25236148539148,145.1591805026988,148.92227172851562,5225300
2018-11-02 00:00:00+00:00,150.58100292122685,151.02662538000163,146.38879726854725,148.48489379882812,4730600
2018-11-05 00:00:00+00:00,149.38435855615856,150.53143712380432,147.964950352611,150.34988403320312,3885300
2018-11-06 00:00:00+00:00,150.1353497733014,150.7295213747927,148.58391289573314,150.2013702392578,3338800
2018-11-07 00:00:00+00:00,151.67029239501315,154.8804636034416,150.2426360077066,154.5091094970703,4673400
2018-11-08 00:00:00+00:00,154.42660958036544,155.71397733348522,153.26302234500034,155.14456176757812,4054000
2018-11-09 00:00:00+00:00,155.4086281860235,155.54065652777518,152.63583153537368,153.48582458496094,4761100
2018-11-12 00:00:00+00:00,152.85864263866642,154.2780512549699,147.73392803241418,148.072265625,7590400
2018-11-13 00:00:00+00:00,146.31449188091585,149.87950842408205,142.64219052081035,147.71739196777344,14274000
2018-11-14 00:00:00+00:00,150.69654204601503,150.93585525608407,147.8412162396899,148.46014404296875,7561100
2018-11-15 00:00:00+00:00,147.72563408750838,148.27029339412303,143.26936043293114,146.36399841308594,8663100
2018-11-16 00:00:00+00:00,143.58296833607716,146.57032179247042,143.1868455699702,146.08343505859375,6834900
2018-11-19 00:00:00+00:00,145.8276318437344,147.61839457396806,142.1883337506223,143.2528839111328,6203400
2018-11-20 00:00:00+00:00,139.67137729681778,141.9407792913008,137.81459384678624,139.50633239746094,8661000
2018-11-21 00:00:00+00:00,140.2902793043326,141.0577436116052,139.58882287096444,139.71261596679688,5752100
2018-11-23 00:00:00+00:00,139.78691584110294,140.56264075190495,139.02769919856374,139.34129333496094,2711000
2018-11-26 00:00:00+00:00,140.45535094239742,142.26262219379444,139.3577840958385,140.1417694091797,6140500
2018-11-27 00:00:00+00:00,139.55581603847426,143.0795812125049,139.31650287221635,142.94754028320312,7084200
2018-11-28 00:00:00+00:00,143.54527873124724,147.48029235085454,141.64417464290244,147.2976531982422,7133600
2018-11-29 00:00:00+00:00,146.77462878176618,147.16481121109274,145.21389906445992,145.82823181152344,4329300
2018-11-30 00:00:00+00:00,145.9029704965165,149.7383674312366,145.3716600437958,149.69686889648438,8942400
2018-12-03 00:00:00+00:00,152.16246040071417,152.33680236946975,148.89158820029672,150.87570190429688,7610600
2018-12-04 00:00:00+00:00,150.31122956637017,151.28253115554455,144.90680400585308,145.52943420410156,7059600
2018-12-06 00:00:00+00:00,144.0350390206487,146.1436732113134,141.51131826220117,146.0772705078125,7571200
2018-12-07 00:00:00+00:00,145.5709181040621,148.0697356039008,142.98907819305683,143.44566345214844,6226100
2018-12-10 00:00:00+00:00,143.94371669654936,144.44182563526945,139.24493379956562,142.5324249267578,5373800
2018-12-11 00:00:00+00:00,144.6992472407375,145.77847535150326,142.15891829332188,142.9641876220703,5229400
2018-12-12 00:00:00+00:00,144.24264160450878,146.83277879873205,143.4622765094692,144.62452697753906,5912500
2018-12-13 00:00:00+00:00,144.70751768843965,145.2056267760063,142.8479374520634,144.3422393798828,6102200
2018-12-14 00:00:00+00:00,143.60338500262128,145.39656250960616,142.74830745082983,143.0305633544922,4265200
2018-12-17 00:00:00+00:00,142.383006272127,142.78149854351662,138.5808113544925,139.44419860839844,5631700
2018-12-18 00:00:00+00:00,140.2162768171775,142.7483081235884,139.88421253688506,141.1626739501953,4462200
2018-12-19 00:00:00+00:00,141.89326554733069,145.2388640324241,138.44805028708006,139.1038818359375,6996900
2018-12-20 00:00:00+00:00,138.0411978611578,138.89627523867443,134.67899388767785,136.28123474121094,7675600
2018-12-21 00:00:00+00:00,135.16056335471626,139.43596504470273,132.96890553202897,133.22625732421875,13034100
2018-12-24 00:00:00+00:00,132.96053794497865,133.98994456860015,131.24207340273986,131.28358459472656,4547400
2018-12-26 00:00:00+00:00,132.37946079282747,139.7015838623047,132.36285377733495,139.7015838623047,6141500
2018-12-27 00:00:00+00:00,138.17401997611339,141.51131955854171,135.61708517505534,141.3950958251953,5069300
2018-12-28 00:00:00+00:00,142.14229193831525,143.71961634661832,139.96724166282678,141.31211853027344,4552000
2018-12-31 00:00:00+00:00,142.34979991300744,143.81921002694148,141.66905180722364,142.64036560058594,4206000
2019-01-02 00:00:00+00:00,140.8888126321745,143.76950429845112,140.34089483941727,143.13027954101562,4242900
2019-01-03 00:00:00+00:00,142.65699674759745,142.65699674759745,139.64347586175035,139.9755401611328,4810500
2019-01-04 00:00:00+00:00,141.27892096535305,145.06452278786216,140.73101607944568,144.1347198486328,4762600
2019-01-07 00:00:00+00:00,144.30905769103836,147.92030473214027,144.30905769103836,146.97390747070312,4928800
2019-01-08 00:00:00+00:00,148.24405937024895,149.09082705629845,145.7867407107377,147.67953491210938,4722400
2019-01-09 00:00:00+00:00,147.66295383638766,150.48555128801328,147.0237293730067,149.2070770263672,4922000
2019-01-10 00:00:00+00:00,147.79577079194806,148.80028618916003,146.39277570583587,148.65084838867188,3605300
2019-01-11 00:00:00+00:00,147.71272541801838,149.64703067773476,147.04028708897377,148.94139099121094,3285100
2019-01-14 00:00:00+00:00,147.4305009692036,148.7919849299613,146.85767925793476,148.4433135986328,3871400
2019-01-15 00:00:00+00:00,146.17693478280017,147.62144106886893,145.44637813226782,146.50070190429688,5016100
2019-01-16 00:00:00+00:00,147.01541867823252,147.71276136193526,145.99430884370767,146.97390747070312,4075400
2019-01-17 00:00:00+00:00,144.4584594728866,145.66222095933608,142.7898156065995,145.1724090576172,6499200
2019-01-18 00:00:00+00:00,146.92407896851424,149.4644074451542,146.25993774131888,149.08253479003906,6371100
2019-01-22 00:00:00+00:00,147.34745230532238,148.26894510452652,145.57917925801323,147.031982421875,6272700
2019-01-23 00:00:00+00:00,146.60029545982283,147.82065118636712,144.8901405416557,146.84934997558594,4910400
2019-01-24 00:00:00+00:00,146.94068230518317,147.3806731653572,145.52939014986433,147.18142700195312,3860100
2019-01-25 00:00:00+00:00,149.24855648965786,150.1534423563493,148.2772552381488,149.7632598876953,4501800
2019-01-28 00:00:00+00:00,148.57613520435913,149.4229156237619,147.28106672023776,149.2900848388672,4091400
2019-01-29 00:00:00+00:00,148.56780522048473,149.55570071293747,147.8455459042759,149.173828125,3686900
2019-01-30 00:00:00+00:00,149.82142288417097,152.91796670570264,149.248601102901,151.2410125732422,5197700
2019-01-31 00:00:00+00:00,150.67645875537565,153.3081066802115,150.31118046493592,152.36170959472656,5138000
2019-02-01 00:00:00+00:00,152.7768260853275,153.7066163389273,151.7806204325503,153.05908203125,4513100
2019-02-04 00:00:00+00:00,153.0009652867524,154.76922607421875,152.619079936266,154.76922607421875,3050200
2019-02-05 00:00:00+00:00,155.15114025786264,155.23416268305323,153.324760910662,154.73605346679688,4135200
2019-02-06 00:00:00+00:00,154.98508259389024,154.98508259389024,152.80172237826775,153.34963989257812,3072500
2019-02-07 00:00:00+00:00,152.53603886357953,153.51563722686797,151.46510826784777,152.80999755859375,2793400
2019-02-08 00:00:00+00:00,151.9632601759269,153.23342460472182,151.68930140359672,153.20021057128906,2792300
2019-02-11 00:00:00+00:00,153.58209377915713,153.9307651206168,151.71420344941063,151.85533142089844,3729200
2019-02-12 00:00:00+00:00,152.61909585398752,154.7443380241565,152.35344691643766,154.0137939453125,3773200
2019-02-13 00:00:00+00:00,154.66129759251064,156.63710155106406,154.3458276660236,156.4129638671875,4146900
2019-02-14 00:00:00+00:00,155.6575061639539,156.84464799725967,154.41224611464227,155.83184814453125,2600600
2019-02-15 00:00:00+00:00,157.6250609840422,159.9080384362646,156.94432520354138,159.71710205078125,4997900
2019-02-19 00:00:00+00:00,159.15253292274983,160.3811858907936,158.79555180769572,159.667236328125,3828400
2019-02-20 00:00:00+00:00,159.71707166462835,159.7253688389598,158.65445064788022,159.26878356933594,3970100
2019-02-21 00:00:00+00:00,159.26877015513548,159.70045119796546,158.2393505898565,159.24386596679688,3094200
2019-02-22 00:00:00+00:00,159.1359830509771,159.8416230266521,159.07786481727462,159.71710205078125,3321600
2019-02-25 00:00:00+00:00,160.01592297805178,160.57213763640397,157.69974476387222,157.71633911132812,6190700
2019-02-26 00:00:00+00:00,154.07189480307363,156.4627985052816,151.75571634214128,156.32167053222656,13635100
2019-02-27 00:00:00+00:00,155.98954986105187,156.48765888202846,152.09604792792462,152.47792053222656,8766200
2019-02-28 00:00:00+00:00,152.41982662469263,153.73979916335665,152.01303713759913,153.6982879638672,8060600
2019-03-01 00:00:00+00:00,154.26282587198608,154.87714607526317,151.80550705655577,153.72320556640625,5481300
2019-03-04 00:00:00+00:00,154.57829125145852,154.61150528266603,151.17458776428487,152.59417724609375,5046800
2019-03-05 00:00:00+00:00,152.9511535271924,153.68169751369555,152.12927729150525,152.7519073486328,3691000
2019-03-06 00:00:00+00:00,153.19190367645916,153.55718201638874,152.61908197679148,153.12548828125,4460900
2019-03-07 00:00:00+00:00,153.0756529396143,153.266589250059,150.74286801383587,151.51492309570312,4122200
2019-03-08 00:00:00+00:00,150.6681541868406,151.0168254467532,149.03271180056362,150.45230102539062,3867100
2019-03-11 00:00:00+00:00,151.09155457317044,152.08776009181315,150.42741333826183,151.4568328857422,3866200
2019-03-12 00:00:00+00:00,152.2787024248442,152.9760577160822,151.365519274855,152.7519073486328,3777000
2019-03-13 00:00:00+00:00,153.25374189153055,153.70536811514603,151.44721147353175,151.4973907470703,4528300
2019-03-14 00:00:00+00:00,151.61447365737504,151.9992026747596,150.96211760500952,151.89047241210938,4393000
2019-03-15 00:00:00+00:00,152.46754756862913,152.62645709023258,150.18430156488364,152.40899658203125,8059100
2019-03-18 00:00:00+00:00,152.65992593869026,153.45446089037233,152.49265743756277,153.40428161621094,4395800
2019-03-19 00:00:00+00:00,154.0482566595453,155.41151963373247,153.45443888964434,153.99807739257812,4437100
2019-03-20 00:00:00+00:00,154.1402945027486,156.49880996809384,153.41265666578224,155.64573669433594,4772600
2019-03-21 00:00:00+00:00,155.14390659696636,158.9075054092917,155.14390659696636,158.88241577148438,4755700
2019-03-22 00:00:00+00:00,158.3304021620247,160.62202002295965,157.79513534012787,157.86204528808594,5173600
2019-03-25 00:00:00+00:00,157.86205778228842,160.33767500560214,157.6613279225272,158.63986206054688,3845900
2019-03-26 00:00:00+00:00,159.48456858717645,160.73910133571042,157.85367856643572,158.35548400878906,4143300
2019-03-27 00:00:00+00:00,158.61476464923643,160.25402651918753,157.56096165111876,158.2802276611328,4298400
2019-03-28 00:00:00+00:00,158.8322086932739,160.0783696921345,158.20494233435213,158.95765686035156,3326100
2019-03-29 00:00:00+00:00,159.61838595387277,160.61363786542958,159.02456818044067,160.48818969726562,4674100
2019-04-01 00:00:00+00:00,161.40819085425974,163.8419747301996,161.29110163947834,163.62452697753906,5381400
2019-04-02 00:00:00+00:00,163.5074412413717,163.5074412413717,162.26963912138157,162.51217651367188,2717800
2019-04-03 00:00:00+00:00,163.07254679718812,166.2590583306028,162.344921796831,166.1085205078125,4581500
2019-04-04 00:00:00+00:00,166.4346873957833,167.68086125745546,165.615062860295,167.64739990234375,3138400
2019-04-05 00:00:00+00:00,167.99028816198245,169.88881783788045,167.78119938416268,168.99391174316406,3615300
2019-04-08 00:00:00+00:00,168.41682104766625,170.44079884196356,168.30810356354223,170.24008178710938,3040900
2019-04-09 00:00:00+00:00,169.16120153978179,169.53757159672057,167.655772359098,168.0237579345703,3721700
2019-04-10 00:00:00+00:00,168.32488926830584,168.60925981348691,165.61510584230538,166.7943572998047,3587500
2019-04-11 00:00:00+00:00,167.18733159205493,168.5255044742227,166.4597069468235,168.50877380371094,2465100
2019-04-12 00:00:00+00:00,169.05246547869325,170.83389321671737,169.05246547869325,170.49099731445312,3097900
2019-04-15 00:00:00+00:00,170.75027779923468,171.56990230804053,170.1146396904826,171.33572387695312,3049900
2019-04-16 00:00:00+00:00,171.6618927323628,172.28080013109061,170.85898618162847,171.00953674316406,3271400
2019-04-17 00:00:00+00:00,171.7371805777151,172.9917134279187,171.72046266151872,172.74917602539062,3271900
2019-04-18 00:00:00+00:00,172.30587960331465,173.77785997079542,171.53643445019293,172.00479125976562,3162500
2019-04-22 00:00:00+00:00,170.7084424344521,172.49824186380468,170.6164428616541,171.268798828125,2593900
2019-04-23 00:00:00+00:00,171.56990734806843,173.40152730069613,170.13973432313094,172.33099365234375,3702600
2019-04-24 00:00:00+00:00,172.4230157435928,174.2128156169833,171.90446676746157,172.89137268066406,2750900
2019-04-25 00:00:00+00:00,172.29750259032645,173.7276753686779,171.5029678298048,172.7073211669922,3292100
2019-04-26 00:00:00+00:00,172.18881308510973,172.40626084341054,170.06446372527228,170.290283203125,3560300
2019-04-29 00:00:00+00:00,170.03934839836253,170.4491669796904,167.55537280259696,169.07754516601562,3785200
2019-04-30 00:00:00+00:00,168.56741129906334,170.40739038522486,167.9317731109532,170.36557006835938,3415600
2019-05-01 00:00:00+00:00,169.9473679200634,170.21500769999892,166.15032106504032,166.2674102783203,4644700
2019-05-02 00:00:00+00:00,166.68556267882312,168.15754296076722,166.2673851571812,168.11572265625,2810000
2019-05-03 00:00:00+00:00,168.9437486590738,169.20301672651928,167.53867806320116,167.73939514160156,3583400
2019-05-06 00:00:00+00:00,166.21725319684572,167.21250526168924,165.85761378977332,166.96160888671875,2619400
2019-05-07 00:00:00+00:00,164.5528297465609,165.30554406636338,161.38305022964286,162.8968505859375,4622100
2019-05-08 00:00:00+00:00,162.6626842767003,164.43575274641833,161.98522602459155,163.2313995361328,3122600
2019-05-09 00:00:00+00:00,161.67581668844142,163.1561689201226,160.23728476782512,162.7379913330078,2917700
2019-05-10 00:00:00+00:00,161.59218882807875,163.49907760438086,158.9158420611303,162.7379913330078,3863600
2019-05-13 00:00:00+00:00,159.743830948583,160.29582840107224,158.18820988541933,159.19183349609375,3325900
2019-05-14 00:00:00+00:00,159.3256915029836,161.21584996804702,158.91587279411942,160.2624053955078,3663600
2019-05-15 00:00:00+00:00,159.58493592631575,161.2576463499644,159.13330972710844,160.3794708251953,3355800
2019-05-16 00:00:00+00:00,160.9732944216383,163.055823568105,160.74747493304113,160.8980255126953,3854000
2019-05-17 00:00:00+00:00,159.62673009118356,162.67106205306854,159.5347305224824,161.0652618408203,5223800
2019-05-20 00:00:00+00:00,159.85260748893373,161.29949871965073,159.4176991190562,159.70205688476562,4782800
2019-05-21 00:00:00+00:00,156.50713089717593,161.01508428786644,155.84640323446143,160.12017822265625,8555600
2019-05-22 00:00:00+00:00,159.31729223730676,160.76418302918887,157.27658369193787,157.995849609375,5706000
2019-05-23 00:00:00+00:00,157.61115162642454,161.0318416948879,155.78790322243853,160.58021545410156,7754000
2019-05-24 00:00:00+00:00,161.0318281304636,162.13582314436525,159.2504001933301,161.91000366210938,3799500
2019-05-28 00:00:00+00:00,162.5706824733445,164.31866129052023,160.0365279457702,160.20379638671875,5165800
2019-05-29 00:00:00+00:00,159.1416615308559,160.479834914325,157.25986238884653,158.8991241455078,4569900
2019-05-30 00:00:00+00:00,159.01622557385508,160.9983834052605,158.98276421772616,159.81076049804688,3029800
2019-05-31 00:00:00+00:00,158.6063575201049,159.1499831511083,157.78673321494514,158.78199768066406,3681500
2019-06-03 00:00:00+00:00,158.50606176226708,160.47148908169393,157.8620646009308,158.54788208007812,4620200
2019-06-04 00:00:00+00:00,160.2289479786504,163.50745918381384,160.09512806943502,163.29837036132812,5118100
2019-06-05 00:00:00+00:00,163.39940983836456,165.68183605475366,162.6161499101174,165.6565704345703,3704600
2019-06-06 00:00:00+00:00,165.6228931657742,166.46511487086593,164.1995492792472,166.06085205078125,3732900
2019-06-07 00:00:00+00:00,166.0861065569199,167.61895612620214,165.25231534950993,166.1703338623047,3522300
2019-06-10 00:00:00+00:00,167.23149977612107,168.31797271298558,166.18715333599238,166.80197143554688,3154500
2019-06-11 00:00:00+00:00,167.61891666024732,169.15175301734,164.94064576525756,166.7682647705078,3708500
2019-06-12 00:00:00+00:00,167.4421122793246,168.6043824637795,166.74306665036147,167.55160522460938,2551500
2019-06-13 00:00:00+00:00,168.40219874847713,170.70146001433517,167.98108796748505,170.4235382080078,3630900
2019-06-14 00:00:00+00:00,169.54764080908933,173.91877329334523,169.54764080908933,173.303955078125,4898000
2019-06-17 00:00:00+00:00,174.3398765953334,175.84744765142457,173.497654969269,174.32302856445312,4620500
2019-06-18 00:00:00+00:00,175.26635738453322,177.00974978473468,174.4325531966985,174.74417114257812,3891300
2019-06-19 00:00:00+00:00,175.09784996277995,175.58633998958928,173.41340691224323,175.1315460205078,3648200
2019-06-20 00:00:00+00:00,176.5043551409121,178.2645948840713,176.28536933947066,177.91928100585938,5171500
2019-06-21 00:00:00+00:00,177.92771811349243,178.5425490913042,176.09168132284805,176.35276794433594,9855000
2019-06-24 00:00:00+00:00,175.30848199844252,176.24334881431594,172.7565506891395,173.07659912109375,4943500
2019-06-25 00:00:00+00:00,173.75032609846042,174.42410597759988,171.98165552212964,172.43646240234375,3587900
2019-06-26 00:00:00+00:00,172.94179371241088,174.60940186305288,172.36065870700074,173.8513946533203,3071200
2019-06-27 00:00:00+00:00,174.85362763250544,175.18209354384888,173.50606792627082,174.35671997070312,2286800
2019-06-28 00:00:00+00:00,174.98840332580383,176.02433240138575,174.66835497266348,175.15684509277344,11069000
2019-07-01 00:00:00+00:00,176.61386588980906,178.81206476666802,175.32526787764505,177.10235595703125,4097700
2019-07-02 00:00:00+00:00,177.0686938627855,177.08552904376916,175.56954027311485,176.98446655273438,3160500
2019-07-03 00:00:00+00:00,176.7149589872328,179.182662339914,176.61388364680553,178.63522338867188,2183700
2019-07-05 00:00:00+00:00,176.84127655199114,178.69416156640182,176.63913873447495,178.09619140625,2547800
2019-07-08 00:00:00+00:00,177.69190375382465,179.76377447657674,177.3634378546265,179.31739807128906,2705300
2019-07-09 00:00:00+00:00,178.49203318725603,179.67115124152699,177.8772149636467,178.55099487304688,2397400
2019-07-10 00:00:00+00:00,177.47296435661696,177.97830253622075,175.88116579753384,177.49822998046875,3457400
2019-07-11 00:00:00+00:00,178.76151787671563,180.30278480268265,177.7255890039865,180.2690887451172,3450100
2019-07-12 00:00:00+00:00,181.07764719159056,183.81486743983552,180.74918127585244,183.7980194091797,4429800
2019-07-15 00:00:00+00:00,184.40441831682838,184.69920101984616,182.6020645915631,184.19386291503906,3141300
2019-07-16 00:00:00+00:00,183.01477516576293,183.8991105074198,182.53470263552975,182.9810791015625,2657400
2019-07-17 00:00:00+00:00,182.5346842284452,183.2505777307573,181.59140014648438,181.59140014648438,3037300
2019-07-18 00:00:00+00:00,181.49877098581567,182.11358921028543,179.40163438833443,180.60601806640625,3068000
2019-07-19 00:00:00+00:00,180.79975129825905,181.2713934475346,179.33428074762307,179.4269256591797,3254800
2019-07-22 00:00:00+00:00,179.39319696505603,179.61216994991355,177.1865805326377,177.9361572265625,2764900
2019-07-23 00:00:00+00:00,179.03107336507705,180.34493716400874,178.32359736841258,179.46060180664062,2589900
2019-07-24 00:00:00+00:00,179.55317866437008,180.9007251661508,179.45211621083808,180.83335876464844,2207100
2019-07-25 00:00:00+00:00,180.47123803864434,181.85248090740745,179.92379915548045,181.54086303710938,2335300
2019-07-26 00:00:00+00:00,181.52402460843535,182.93896361175058,180.3196538612606,182.68629455566406,2675500
2019-07-29 00:00:00+00:00,182.58522343967294,183.83172071814846,182.21465671363998,183.63800048828125,2407200
2019-07-30 00:00:00+00:00,183.20008144233256,184.10125204585938,182.6442119945772,183.06532287597656,2172600
2019-07-31 00:00:00+00:00,182.214662692846,183.43588153904832,178.69416944411122,179.97434997558594,3426400
2019-08-01 00:00:00+00:00,180.35333879336474,183.27584886880425,178.5678330555288,179.25003051757812,3431500
2019-08-02 00:00:00+00:00,178.43308375763482,179.5111264685664,177.77615188226346,178.6773223876953,2884900
2019-08-05 00:00:00+00:00,176.47069840056022,176.83286038678415,171.88059305363913,172.6049041748047,4553200
2019-08-06 00:00:00+00:00,172.66388349343774,176.10014991793514,172.23435500960727,175.8559112548828,3646800
2019-08-07 00:00:00+00:00,173.53132962266082,175.6032003751764,171.0804745786431,175.10629272460938,3901100
2019-08-08 00:00:00+00:00,176.613849282536,178.28987472533964,175.78847579545945,178.18881225585938,2968000
2019-08-09 00:00:00+00:00,178.0877631099072,178.89630153842722,175.13998737152662,176.88339233398438,2912100
2019-08-12 00:00:00+00:00,175.26634381310853,176.56335959802385,173.624001189883,174.3483123779297,2005000
2019-08-13 00:00:00+00:00,173.75874590643923,178.2309407950338,172.47014781485376,175.4600372314453,3876700
2019-08-14 00:00:00+00:00,172.200585540028,172.9585796262453,169.71602223806192,169.7834014892578,4582100
2019-08-15 00:00:00+00:00,170.97101351740167,171.61109741445287,167.64424020887157,169.95191955566406,4199700
2019-08-16 00:00:00+00:00,171.6026599220794,172.17536447124058,169.85083736084366,171.5184326171875,4093600
2019-08-19 00:00:00+00:00,174.3229977522958,175.8726950373147,172.90807183921578,175.13995361328125,6413600
2019-08-20 00:00:00+00:00,179.8143030502818,183.47797197659625,178.69414683338863,182.83787536621094,12452600
2019-08-21 00:00:00+00:00,184.21914744177923,186.02993179377938,182.55996967729348,185.6256561279297,7938600
2019-08-22 00:00:00+00:00,185.33088633593957,187.52908547134257,185.1877101901128,186.14784240722656,4544600
2019-08-23 00:00:00+00:00,185.2045053131651,186.02146120775262,181.92826414615763,183.1579132080078,5769300
2019-08-26 00:00:00+00:00,183.99172210194047,184.86762684335457,182.07144517988817,184.1517333984375,3680200
2019-08-27 00:00:00+00:00,184.90974752101394,185.63405858235578,183.52850466581333,183.7811737060547,4311700
2019-08-28 00:00:00+00:00,183.50328585827228,187.04903236152578,182.85477148818362,186.93112182617188,3066700
2019-08-29 00:00:00+00:00,188.57341762351612,191.7738623844975,188.45550710948808,191.45382690429688,4184200
2019-08-30 00:00:00+00:00,192.3886600588537,193.09613591885812,190.92320280525206,191.95071411132812,3768300
2019-09-03 00:00:00+00:00,190.7210925840583,191.71492082681402,188.13547876717246,188.71661376953125,4139400
2019-09-04 00:00:00+00:00,189.76734298168776,189.9368133544922,186.98798749246131,189.9368133544922,3132900
2019-09-05 00:00:00+00:00,191.7586615259576,193.8601226611314,191.71629069896693,193.32627868652344,3373100
2019-09-06 00:00:00+00:00,193.7923371363593,196.05479971709474,193.09750468811552,195.8514404296875,3237900
2019-09-09 00:00:00+00:00,196.1649202089878,198.17317033019202,194.96166393465492,197.3258056640625,4449100
2019-09-10 00:00:00+00:00,196.8004962282631,197.45297081563962,194.64819509100846,197.43601989746094,4210600
2019-09-11 00:00:00+00:00,197.3766520828923,198.012175603765,195.75819534302005,197.1478729248047,2978300
2019-09-12 00:00:00+00:00,197.79185837405248,199.5459094353021,197.52917739690116,198.11386108398438,3366100
2019-09-13 00:00:00+00:00,198.56301659978453,199.10532961321692,196.8682868165881,198.2664337158203,3805500
2019-09-16 00:00:00+00:00,197.20720984833068,197.9528950233329,195.4108005773827,195.73280334472656,3120200
2019-09-17 00:00:00+00:00,192.17383965091045,195.1735180080431,191.90268966329234,195.07183837890625,3732500
2019-09-18 00:00:00+00:00,195.2074202571705,196.19036650524438,194.055003639026,195.5972137451172,3341800
2019-09-19 00:00:00+00:00,195.86837190012577,196.08021310396745,193.15680707690427,193.3008575439453,3134000
2019-09-20 00:00:00+00:00,193.19068316587334,194.9362523841551,190.00458360962224,190.37742614746094,7687700
2019-09-23 00:00:00+00:00,189.94528882051122,192.47043219981148,189.76733653077144,191.71627807617188,2754000
2019-09-24 00:00:00+00:00,193.31774183598426,195.09721250688602,190.47059652039536,191.0044403076172,4511300
2019-09-25 00:00:00+00:00,192.00439113699576,193.58049021672937,190.23340176932376,193.28392028808594,3716700
2019-09-26 00:00:00+00:00,194.6227317420836,195.84293906444,194.0465299119487,194.7159423828125,4200600
2019-09-27 00:00:00+00:00,196.25814154249525,196.3767720850326,194.15668067622212,194.77525329589844,3152000
2019-09-30 00:00:00+00:00,195.05488135814198,197.08855145577442,194.9955596231628,196.60556030273438,3249200
2019-10-01 00:00:00+00:00,197.44445930438738,198.71550645231517,195.5039996809788,195.80905151367188,3335400
2019-10-02 00:00:00+00:00,195.40231776972382,195.40231776972382,190.09780612580334,191.1231231689453,4336100
2019-10-03 00:00:00+00:00,190.65706777752212,192.1907958984375,188.21665317244668,192.1907958984375,2777700
2019-10-04 00:00:00+00:00,192.49586943590856,194.22450095273138,192.36876988162516,193.13986206054688,3163100
2019-10-07 00:00:00+00:00,192.7839618335567,193.30933680408393,191.54681646083048,192.13150024414062,2917600
2019-10-08 00:00:00+00:00,190.96209793258018,193.86008348236095,190.74178777841854,192.0721435546875,3438500
2019-10-09 00:00:00+00:00,193.622854445257,194.52105905357175,192.02133550992428,193.99569702148438,2657600
2019-10-10 00:00:00+00:00,194.33462661082766,196.79199211774832,194.11431643286642,196.25814819335938,2781500
2019-10-11 00:00:00+00:00,198.55448945640472,200.57120851554873,198.0799543950831,198.84259033203125,3459200
2019-10-14 00:00:00+00:00,198.46978440101012,199.54594131685852,198.33420292992858,198.43588256835938,2183900
2019-10-15 00:00:00+00:00,198.86805432529079,200.7068344576287,198.79179459361697,199.65609741210938,2663300
2019-10-16 00:00:00+00:00,199.48659437356238,200.12211789299087,198.14775660772867,199.89332580566406,2388100
2019-10-17 00:00:00+00:00,200.28316201552272,201.81689036777954,199.56289670115063,200.63058471679688,2250500
2019-10-18 00:00:00+00:00,200.81698284489931,202.29138927954895,199.67303522581702,201.61349487304688,3662500
2019-10-21 00:00:00+00:00,201.89308421223092,202.5116696774227,199.64757320224277,200.57119750976562,2041700
2019-10-22 00:00:00+00:00,201.07967573651072,201.92704056226108,200.41873220680634,200.99493408203125,2003200
2019-10-23 00:00:00+00:00,200.53733464021215,201.17285817039385,198.5883932283697,198.85107421875,2110500
2019-10-24 00:00:00+00:00,198.9697137846499,200.29160071861958,197.49530740280372,198.1901397705078,2173900
2019-10-25 00:00:00+00:00,197.8512077989435,199.48661562353072,197.0546828343166,198.60536193847656,2210900
2019-10-28 00:00:00+00:00,199.0883756618966,200.79158734310803,198.75790387639861,200.656005859375,2705000
2019-10-29 00:00:00+00:00,200.6898751608642,201.24913902930928,198.2155715083699,198.40199279785156,2558000
2019-10-30 00:00:00+00:00,197.86815747508317,200.4865246353537,197.33432642259567,200.1814727783203,1956700
2019-10-31 00:00:00+00:00,200.70686288074168,201.15596527054657,197.6224549752212,198.77487182617188,2824100
2019-11-01 00:00:00+00:00,200.03742711279418,201.20678181804004,199.1815803359652,201.1135711669922,2197400
2019-11-04 00:00:00+00:00,201.90158887875214,202.00326850431736,198.18165839630151,199.0629119873047,2542400
2019-11-05 00:00:00+00:00,198.9103853812194,199.06290481407123,195.12266430829615,196.75807189941406,3624600
2019-11-06 00:00:00+00:00,197.29195530454822,198.31725951017796,196.4954302940358,198.29183959960938,2631900
2019-11-07 00:00:00+00:00,198.28338231814632,199.80015976729672,196.3852803284207,197.3851776123047,2832500
2019-11-08 00:00:00+00:00,197.26652613648182,197.65630670008238,196.27511088154912,197.3004150390625,2088400
2019-11-11 00:00:00+00:00,195.31756696044334,196.82587511994365,195.04640404514646,196.4191436767578,2309600
2019-11-12 00:00:00+00:00,196.7157290768256,198.8172030467608,196.58862953136037,197.5376739501953,2991100
2019-11-13 00:00:00+00:00,196.6648785512379,199.0459713915582,195.61415455323734,198.96124267578125,2399600
2019-11-14 00:00:00+00:00,199.13067412626097,200.77456346227723,198.31719844924774,200.444091796875,2282200
2019-11-15 00:00:00+00:00,201.41012063513108,201.71517244890057,200.2831240156426,201.0711669921875,3524700
2019-11-18 00:00:00+00:00,202.0456590041734,202.78286222084319,200.62207945880783,202.39308166503906,5747400
2019-11-19 00:00:00+00:00,195.40228564001143,197.53763516310798,190.99597929258772,191.38577270507812,14972200
2019-11-20 00:00:00+00:00,190.27579684428213,190.65710847528015,186.9032880569196,187.1829071044922,10225400
2019-11-21 00:00:00+00:00,188.06412267506062,188.37764347501778,185.14918605243022,185.18307495117188,7823700
2019-11-22 00:00:00+00:00,185.1491779513681,185.68302182394515,184.56449426802348,184.75091552734375,5786500
2019-11-25 00:00:00+00:00,184.72548194090123,185.174584142432,183.77643773083742,185.06442260742188,8865400
2019-11-26 00:00:00+00:00,185.36946462266604,187.2336769796835,185.0559438761481,187.06419372558594,9981400
2019-11-27 00:00:00+00:00,187.84379845165603,189.3436375747157,186.97949577646014,188.9623260498047,6687500
2019-11-29 00:00:00+00:00,189.2165412426013,189.2419611493746,186.66596520509893,186.85238647460938,2952900
2019-12-02 00:00:00+00:00,187.1828586228216,187.428601628541,184.2679348914525,184.40350341796875,4416300
2019-12-03 00:00:00+00:00,183.41208522353065,183.41208522353065,180.42935788368143,181.33604431152344,6505400
2019-12-04 00:00:00+00:00,182.0694399604084,183.31451070856875,181.80507892114724,182.58111572265625,4256200
2019-12-05 00:00:00+00:00,182.80288435426263,182.92227366272832,180.5941756414184,181.64309692382812,4580500
2019-12-06 00:00:00+00:00,182.6749157521737,183.65561241232743,182.4105417102404,182.73460388183594,4193700
2019-12-09 00:00:00+00:00,182.74312475186014,185.8046299906823,182.64931796717553,184.6533660888672,5111100
2019-12-10 00:00:00+00:00,184.6448544826361,184.78982624759007,183.43390237614815,184.11611938476562,4663000
2019-12-11 00:00:00+00:00,179.9630813380387,182.1973721834497,179.60491347054617,180.790283203125,8284800
2019-12-12 00:00:00+00:00,181.21668841233677,182.60673117449778,179.7072563524259,180.82440185546875,9915100
2019-12-13 00:00:00+00:00,180.89256327907094,182.69193829186045,179.65602890818596,182.56402587890625,6869200
2019-12-16 00:00:00+00:00,182.8624998527946,184.81538285196459,182.75164676126934,183.80056762695312,5850300
2019-12-17 00:00:00+00:00,184.2184669337372,187.14351081777215,184.0905414820941,185.66819763183594,7574400
2019-12-18 00:00:00+00:00,186.08610340217,187.26293711267292,185.60001001226578,185.90701293945312,6677400
2019-12-19 00:00:00+00:00,186.316276027901,188.26915900348473,186.14572180169213,187.8001251220703,5405000
2019-12-20 00:00:00+00:00,188.11568931724955,188.95142731667,187.44199543246776,188.6273651123047,7778200
2019-12-23 00:00:00+00:00,189.31819784386167,189.31819784386167,186.8792331529423,186.93893432617188,3943700
2019-12-24 00:00:00+00:00,187.18614291456495,188.49942493436234,186.94736436551088,188.18389892578125,2260700
2019-12-26 00:00:00+00:00,188.24361956349608,188.59325125281154,187.262909766755,188.3118438720703,2649200
2019-12-27 00:00:00+00:00,188.63588086384073,189.1390204679994,187.424928743047,187.5869598388672,3082800
2019-12-30 00:00:00+00:00,187.92809113944395,188.03043411432222,184.6704615486175,185.31857299804688,3952400
2019-12-31 00:00:00+00:00,185.13947049895873,186.34188643199155,184.57662975692742,186.2310333251953,3789900
2020-01-02 00:00:00+00:00,186.82798486588175,187.4078719403658,185.77052765584796,187.32260131835938,3935700
2020-01-03 00:00:00+00:00,185.17362523498352,187.33969213278124,184.84103980151377,186.70010375976562,3423200
2020-01-06 00:00:00+00:00,184.61929781048912,187.61256634357707,184.5425373256993,187.57846069335938,5682800
2020-01-07 00:00:00+00:00,187.1861430129488,188.09009223662218,184.9688987563328,186.3504180908203,5685400
2020-01-08 00:00:00+00:00,186.58922116932644,190.14533040044452,186.4783550381845,189.1390380859375,4916200
2020-01-09 00:00:00+00:00,189.86392553695154,192.34553135859025,189.1902315607379,192.0385284423828,4843600
2020-01-10 00:00:00+00:00,191.6632936601644,192.29435879985937,190.1965034530033,191.21131896972656,4226600
2020-01-13 00:00:00+00:00,191.45009421451806,191.4586173738738,189.89802038960585,190.4608612060547,6060900
2020-01-14 00:00:00+00:00,189.72746021576066,191.8338386198116,189.58248843647843,190.00888061523438,3915100
2020-01-15 00:00:00+00:00,189.55692548187594,191.85944088195657,189.42901302004955,191.52685546875,3444300
2020-01-16 00:00:00+00:00,192.6695503815849,195.16821514354172,192.21757574421812,195.1341094970703,5390800
2020-01-17 00:00:00+00:00,195.8077892087424,198.35761876225556,195.21084284523985,197.76919555664062,7979200
2020-01-21 00:00:00+00:00,197.44514528388208,199.2615799824508,197.04433562727343,198.65609741210938,4873500
2020-01-22 00:00:00+00:00,199.37245720234313,201.70909111999524,198.5964332953936,198.6134796142578,4030800
2020-01-23 00:00:00+00:00,197.95684411603585,200.25083620135047,196.68619069365207,199.25306701660156,4617900
2020-01-24 00:00:00+00:00,199.9438022595252,200.77099101585816,196.61793585577658,197.845947265625,4467500
2020-01-27 00:00:00+00:00,194.605367495906,198.246759966388,194.605367495906,197.1551971435547,3595600
2020-01-28 00:00:00+00:00,197.69246985530702,200.61751386461228,197.29166017874678,199.43214416503906,3621900
2020-01-29 00:00:00+00:00,200.31904491878868,201.1547829770778,199.03986835350278,199.568603515625,2564000
2020-01-30 00:00:00+00:00,197.845974649526,198.9545969375535,197.4792836149049,198.51966857910156,4685700
2020-01-31 00:00:00+00:00,198.66467462047106,198.89491705696835,194.34105113849523,194.5201416015625,5304700
2020-02-03 00:00:00+00:00,196.39624527220622,199.15073517549718,195.5861027138803,197.4536895751953,5100900
2020-02-04 00:00:00+00:00,199.57706472763118,201.56405327045655,199.57706472763118,200.40426635742188,3505100
2020-02-05 00:00:00+00:00,202.19515011477466,203.23554793683365,201.1376929642928,203.05645751953125,3868600
2020-02-06 00:00:00+00:00,202.9626651592724,204.1650941556844,202.51921367594096,203.6790008544922,3930300
2020-02-07 00:00:00+00:00,203.67898943171204,204.2674126528053,201.700536715996,202.36570739746094,2456100
2020-02-10 00:00:00+00:00,201.76880043921318,205.18846130371094,201.41061952925477,205.18846130371094,2568000
2020-02-11 00:00:00+00:00,205.18843616814652,206.75755619711114,204.83879147325425,206.06680297851562,2692400
2020-02-12 00:00:00+00:00,206.484680762161,206.62965254152311,203.67901293742457,206.024169921875,3592100
2020-02-13 00:00:00+00:00,205.49541657573553,207.73824326060065,205.00932331952865,206.6807861328125,2468100
2020-02-14 00:00:00+00:00,207.60183957822412,209.10273546058698,206.91108628570225,208.957763671875,2841600
2020-02-18 00:00:00+00:00,208.7956988851359,209.87873855848093,207.36302754831078,208.0281982421875,2892600
2020-02-19 00:00:00+00:00,208.8554244434962,209.3585641018511,207.2351263232175,207.7723846435547,2713300
2020-02-20 00:00:00+00:00,207.81504193169584,210.74008631021638,206.5017466092295,210.65481567382812,3701800
2020-02-21 00:00:00+00:00,210.21133989136618,210.9447349445483,208.07937904054094,209.22210693359375,3881100
2020-02-24 00:00:00+00:00,203.37197101635547,207.32036600001152,202.7068003857874,204.41236877441406,5350100
2020-02-25 00:00:00+00:00,209.87024078350544,210.6121590289191,201.6664462127048,202.4339599609375,8061500
2020-02-26 00:00:00+00:00,203.9007393234353,205.55512999978842,199.82443125072953,200.64309692382812,6963000
2020-02-27 00:00:00+00:00,197.05291906895127,200.25086091811445,191.50981986373503,191.64625549316406,7612800
2020-02-28 00:00:00+00:00,186.4442605627804,188.51652044244264,181.07171615306942,185.7705535888672,11809600
2020-03-02 00:00:00+00:00,187.59549563889658,196.14039837689063,186.3248552991227,196.0892333984375,7150800
2020-03-03 00:00:00+00:00,196.16595236487188,201.10358026750512,192.3625420446205,194.38363647460938,8432500
2020-03-04 00:00:00+00:00,198.70724334470032,205.7938910337668,197.67538174143263,205.58921813964844,6770000
2020-03-05 00:00:00+00:00,201.7688163593852,204.33569300023711,198.8266994469555,200.24232482910156,6473900
2020-03-06 00:00:00+00:00,194.06814460221946,196.38770610849784,189.5313255247809,194.8697509765625,7399900
2020-03-09 00:00:00+00:00,182.38497432355834,184.35490397722833,176.73954641391282,179.47698974609375,10120500
2020-03-10 00:00:00+00:00,185.2332592421169,192.58425478032493,179.93746370798044,192.473388671875,7206600
2020-03-11 00:00:00+00:00,186.5498596543169,188.1380581246285,180.71212565919956,182.763916015625,7253900
2020-03-12 00:00:00+00:00,167.75746370632933,177.34679141376213,158.68322192322,163.61953735351562,10928700
2020-03-13 00:00:00+00:00,172.08430942400497,176.6944094051403,163.11309198474729,176.5656280517578,10292300
2020-03-16 00:00:00+00:00,156.21939262782206,159.76495975435296,140.0282741987133,141.61648559570312,12536600
2020-03-17 00:00:00+00:00,144.40658269558037,150.0468541695578,133.32347564473835,149.06817626953125,16234400
2020-03-18 00:00:00+00:00,137.1866508122219,139.35862861236208,120.72940553906479,133.60675048828125,14681900
2020-03-19 00:00:00+00:00,131.4863542015169,139.85663314387725,121.90560100668421,138.32852172851562,13499100
2020-03-20 00:00:00+00:00,139.7449839459743,146.1321508554789,130.32734875755673,130.61923217773438,12602400
2020-03-23 00:00:00+00:00,128.82498968458992,141.59073004676466,125.63140627341721,139.41017150878906,12241600
2020-03-24 00:00:00+00:00,148.8535257638102,159.39577803388406,147.66880580821294,158.58021545410156,14676600
2020-03-25 00:00:00+00:00,158.32272535407077,164.44376328945012,154.52820109902572,156.0391387939453,11497400
2020-03-26 00:00:00+00:00,157.5242842912865,170.15266080511492,156.67437474806115,167.58578491210938,10170300
2020-03-27 00:00:00+00:00,161.81673359265235,168.5902170245218,160.10833431762063,163.58522033691406,7121700
2020-03-30 00:00:00+00:00,163.6024208404968,170.1526896420002,161.06128506109312,168.34986877441406,6936700
2020-03-31 00:00:00+00:00,167.23378270587176,167.82614264706743,159.2068994177927,160.28860473632812,7335400
2020-04-01 00:00:00+00:00,151.01698732285348,156.89763628552845,150.2357582361411,153.35208129882812,7858200
2020-04-02 00:00:00+00:00,150.19283467836394,156.86330617022202,149.37727173420168,155.65283203125,6353900
2020-04-03 00:00:00+00:00,154.1504263857393,155.6871304634044,150.1842077017471,153.41212463378906,7299800
2020-04-06 00:00:00+00:00,161.39606474294646,165.18200749064027,158.93220347834256,164.2548370361328,7454000
2020-04-07 00:00:00+00:00,174.20476144625604,175.22636647925552,164.70128547359928,165.07901000976562,6438800
2020-04-08 00:00:00+00:00,166.72729729984997,168.92502892686852,164.43511817842946,167.2509765625,6094700
2020-04-09 00:00:00+00:00,171.52627556998362,176.84032986591114,168.693256429884,173.01145935058594,7125100
2020-04-13 00:00:00+00:00,172.08429126980323,172.08429126980323,167.72316117224545,170.65919494628906,4415600
2020-04-14 00:00:00+00:00,173.311942053654,180.0510797864508,171.80958475596148,177.8533477783203,5655400
2020-04-15 00:00:00+00:00,170.55615103132794,173.6209656182522,168.7876643047669,170.39303588867188,5693900
2020-04-16 00:00:00+00:00,170.94249159776783,173.595235141135,168.96797545867722,171.56919860839844,7262800
2020-04-17 00:00:00+00:00,177.85332537162486,180.4974754543847,176.98625541344802,179.78492736816406,6717600
2020-04-20 00:00:00+00:00,176.96052646675176,181.16712171764067,176.2994855789208,176.891845703125,4753100
2020-04-21 00:00:00+00:00,172.34182195539012,175.4237970970352,171.27728992088657,172.2216339111328,4845000
2020-04-22 00:00:00+00:00,173.32050683431024,176.59994418903796,172.67663947823158,175.27786254882812,4067700
2020-04-23 00:00:00+00:00,174.54820257105624,177.68168600149275,173.57810462650465,173.68971252441406,3565500
2020-04-24 00:00:00+00:00,175.7586115750468,182.7982252546206,175.00314946521195,182.15435791015625,5025200
2020-04-27 00:00:00+00:00,184.60965444856222,189.67475250196986,183.72541093728466,186.9447479248047,5472800
2020-04-28 00:00:00+00:00,192.29312525766176,192.49057423377576,186.21501621022472,186.8331298828125,5080700
2020-04-29 00:00:00+00:00,190.01813958334023,192.44766742219292,188.71324444760464,190.421630859375,4381100
2020-04-30 00:00:00+00:00,186.11198560361115,190.6791573237066,185.88020280467305,188.7218017578125,5152700
2020-05-01 00:00:00+00:00,186.094806937211,188.61017534879997,185.23631727872805,187.6400909423828,3819300
2020-05-04 00:00:00+00:00,186.0175470591867,191.1513250389941,184.75557921679416,190.44735717773438,4090900
2020-05-05 00:00:00+00:00,193.1087275017692,196.4654262815422,191.96693431966548,193.6839141845703,4655200
2020-05-06 00:00:00+00:00,195.1948348763794,196.11342531246464,192.13003289420766,192.23304748535156,3321100
2020-05-07 00:00:00+00:00,194.45652187500067,198.85199860371637,194.37926093609244,196.98048400878906,4501300
2020-05-08 00:00:00+00:00,199.77058406014933,202.21728535512588,198.4399221821711,201.25576782226562,4365200
2020-05-11 00:00:00+00:00,198.97219009445652,204.9816188599833,198.52577171829603,203.0843505859375,4378300
2020-05-12 00:00:00+00:00,204.80995612114017,205.39372300638902,199.9423065185547,199.9423065185547,4399600
2020-05-13 00:00:00+00:00,200.06249316292477,202.86117879730696,196.19928836902585,197.53854370117188,6237200
2020-05-14 00:00:00+00:00,194.33633778086906,201.45322577637492,194.19039608234502,201.29869079589844,6434500
2020-05-15 00:00:00+00:00,199.84785586482482,208.81049241842473,199.7705949185563,205.46238708496094,16176300
2020-05-18 00:00:00+00:00,211.05111423479173,213.18017821858584,209.50583008510694,210.63046264648438,8314800
2020-05-19 00:00:00+00:00,206.42392256794096,208.1494958908198,204.14892925608348,204.40647888183594,9387000
2020-05-20 00:00:00+00:00,207.75454791217436,207.9863438442383,201.70219172706115,204.48370361328125,7534200
2020-05-21 00:00:00+00:00,203.9943596709748,207.0505815265363,202.42332162959025,206.7930450439453,4772700
2020-05-22 00:00:00+00:00,206.63851017052986,208.04643304071752,204.88719659035138,207.6515350341797,3041800
2020-05-26 00:00:00+00:00,213.03427772263598,213.09437830743173,207.81467030839505,208.16664123535156,4535200
2020-05-27 00:00:00+00:00,208.346917550474,212.38181749201283,206.70719868481248,212.35606384277344,4664800
2020-05-28 00:00:00+00:00,214.21038494027445,216.53688503179922,209.8406617725695,210.4501953125,5259300
2020-05-29 00:00:00+00:00,210.381547091228,214.37353325715006,210.09824383303865,213.3175811767578,5341600
2020-06-01 00:00:00+00:00,214.11593617082335,214.43357319312403,211.07687505651643,212.29592895507812,3407800
2020-06-02 00:00:00+00:00,213.44631945553016,216.95753953261146,212.04697691401006,216.94895935058594,5301000
2020-06-03 00:00:00+00:00,217.45850405467496,218.34802745026442,216.24080237334934,216.76760864257812,4638100
2020-06-04 00:00:00+00:00,215.7053638011758,217.77803685120722,213.7190444412176,214.9971923828125,4759400
2020-06-05 00:00:00+00:00,217.924871938555,220.9561727223303,216.232191851976,220.13572692871094,5054300
2020-06-08 00:00:00+00:00,218.05439412497887,221.78520814516983,217.85575297018184,221.7506561279297,3811900
2020-06-09 00:00:00+00:00,220.5070876257767,223.0633969319564,219.23757097806973,221.7420654296875,3716100
2020-06-10 00:00:00+00:00,222.33794671373343,223.92699696943282,219.54845758376018,219.74708557128906,3589800
2020-06-11 00:00:00+00:00,214.91948900499375,216.4394484968087,206.17969886602154,206.8101348876953,6563700
2020-06-12 00:00:00+00:00,209.9191483930424,212.7863466735652,204.7201763598048,209.38369750976562,5238500
2020-06-15 00:00:00+00:00,205.2124388261355,209.18507787383857,202.35387184749135,208.44236755371094,6250900
2020-06-16 00:00:00+00:00,215.3858179065525,217.32895384139493,209.74640666987295,215.86080932617188,5291600
2020-06-17 00:00:00+00:00,218.2962179049103,219.89389958286452,215.97308877887286,216.63807678222656,4234000
2020-06-18 00:00:00+00:00,215.35129311445831,217.4153348927859,213.4254330631678,215.2217559814453,3347800
2020-06-19 00:00:00+00:00,218.58126019006704,219.61759696938634,212.77775841259447,213.01092529296875,11114600
2020-06-22 00:00:00+00:00,212.19047138758353,215.9558380796944,212.02638222149665,215.1785888671875,3815200
2020-06-23 00:00:00+00:00,218.49485159881092,218.87484475350726,216.01627785486156,216.17172241210938,3105300
2020-06-24 00:00:00+00:00,214.01266656710993,216.15443043440578,209.62549595760797,212.56179809570312,3873000
2020-06-25 00:00:00+00:00,211.4131941687286,212.7518015709275,209.1677873535734,211.91409301757812,2938400
2020-06-26 00:00:00+00:00,211.88817892739914,212.53589089088896,207.48373230457486,208.14007568359375,5002700
2020-06-29 00:00:00+00:00,209.56504265373206,212.8813246293178,207.56144739073244,212.5531463623047,3468300
2020-06-30 00:00:00+00:00,213.313164313303,217.3289736740181,212.52727054528177,216.34445190429688,4524600
2020-07-01 00:00:00+00:00,215.60169822839953,216.1889638766532,213.2526619908498,214.3062744140625,3677300
2020-07-02 00:00:00+00:00,217.57943823815546,217.89034055540023,214.10769789187816,214.6085968017578,3369800
2020-07-06 00:00:00+00:00,216.13718544924257,217.1994294662102,213.34769621107137,215.515380859375,3133800
2020-07-07 00:00:00+00:00,213.63269557208656,216.57762943078677,213.37362130230588,213.6154327392578,2927800
2020-07-08 00:00:00+00:00,214.06450657992602,215.72264781834144,212.63954536530287,215.1872100830078,2294000
2020-07-09 00:00:00+00:00,215.61037172369328,216.34443741024697,212.75180489863305,214.14222717285156,2994700
2020-07-10 00:00:00+00:00,214.42719036591197,216.18897421720857,213.0022293730768,215.9989776611328,2745300
2020-07-13 00:00:00+00:00,217.56210955244137,222.69197677837707,215.1180750459445,215.57579040527344,4437500
2020-07-14 00:00:00+00:00,215.04038450087324,222.96837307402666,214.57403765799015,222.63157653808594,4614200
2020-07-15 00:00:00+00:00,224.66109781574417,225.6542510283122,220.35163569100268,222.6402130126953,4343700
2020-07-16 00:00:00+00:00,221.74208106554352,224.9719968865163,221.085724387517,222.8820343017578,2511200
2020-07-17 00:00:00+00:00,224.56604580839436,225.10148345997658,222.57109514887168,224.86831665039062,3091300
2020-07-20 00:00:00+00:00,223.711075733999,225.57648928750444,222.83017062637714,224.6869659423828,2451100
2020-07-21 00:00:00+00:00,225.93918790116646,227.88232367926292,225.16193886102104,226.63009643554688,2439900
2020-07-22 00:00:00+00:00,226.7768614414787,229.36770874644995,226.2673313008231,229.0050048828125,2750000
2020-07-23 00:00:00+00:00,231.276370800178,231.276370800178,226.0946744295499,227.83055114746094,2680100
2020-07-24 00:00:00+00:00,228.89279446918428,230.49048935737687,227.12236583695557,229.12596130371094,2984500
2020-07-27 00:00:00+00:00,228.93595642352267,232.0363346215907,228.93595642352267,230.9481964111328,2412500
2020-07-28 00:00:00+00:00,231.93264952146612,232.373101998747,228.57319787465175,229.09999084472656,2227000
2020-07-29 00:00:00+00:00,228.6854829769506,230.6804336254212,228.14142709093085,228.56459045410156,2874100
2020-07-30 00:00:00+00:00,227.4246225463668,230.88773096148336,225.87874260657486,229.98956298828125,2347800
2020-07-31 00:00:00+00:00,228.85826964440568,230.73232820356196,225.0669822626887,229.28143310546875,3640600
2020-08-03 00:00:00+00:00,230.3522934073894,231.94996184144583,229.436862602564,229.87728881835938,2363500
2020-08-04 00:00:00+00:00,230.26590149828408,231.3540659181355,227.8564058638122,231.33677673339844,2224000
2020-08-05 00:00:00+00:00,231.78583242144225,231.78583242144225,229.62679315236718,230.99993896484375,1959900
2020-08-06 00:00:00+00:00,230.24002588578205,233.5563080913194,230.17956644177866,232.63223266601562,2203400
2020-08-07 00:00:00+00:00,233.70307122777433,237.42527976775378,233.01218909377383,234.59262084960938,2846300
2020-08-10 00:00:00+00:00,235.2663250313514,237.4944431194822,234.7308608755388,237.2612762451172,2393100
2020-08-11 00:00:00+00:00,239.81754574267788,241.26841439775862,236.98488612088997,237.4253387451172,3321300
2020-08-12 00:00:00+00:00,241.59656581855512,244.37741027558258,239.1870699005657,243.17697143554688,3867900
2020-08-13 00:00:00+00:00,242.81425527234632,244.10103455962226,241.58790906932654,243.24606323242188,2202400
2020-08-14 00:00:00+00:00,242.79698638255311,243.53968340472414,241.11292483810013,242.2874298095703,2490400
2020-08-17 00:00:00+00:00,245.6124280802234,249.77506425347423,244.89563827128148,248.9287109375,5584400
2020-08-18 00:00:00+00:00,249.49862031355957,250.94948865416083,244.43784395093917,246.13052368164062,6934300
2020-08-19 00:00:00+00:00,248.2550795620164,248.69553221179817,243.47928352868652,244.28244018554688,4986800
2020-08-20 00:00:00+00:00,242.27882670976632,243.4619763478941,241.32884389086055,242.39971923828125,3530000
2020-08-21 00:00:00+00:00,241.78653258285254,244.87826575507523,240.4479385464428,244.6019287109375,5519100
2020-08-24 00:00:00+00:00,246.1219188643858,247.7282583517994,243.47063773729022,247.6418914794922,4430900
2020-08-25 00:00:00+00:00,248.09093850821543,248.27231682929425,245.17193880593607,247.10643005371094,2854500
2020-08-26 00:00:00+00:00,248.48820090509807,252.27946082595147,247.22730277346557,252.11537170410156,4001900
2020-08-27 00:00:00+00:00,252.36586591558014,252.9963150769072,247.477796244419,249.26548767089844,3430900
2020-08-28 00:00:00+00:00,248.98912371631474,249.43819454269135,245.93191573527957,247.24462890625,3100100
2020-08-31 00:00:00+00:00,246.1305480797984,247.59006115755108,244.2910418720114,246.16510009765625,4105400
2020-09-01 00:00:00+00:00,245.2927971608116,247.58137378342684,244.83508183628857,246.9423065185547,3235100
2020-09-02 00:00:00+00:00,247.2983561702686,250.06782200504279,246.2131431157163,249.33856201171875,3464600
2020-09-03 00:00:00+00:00,249.42531625244132,249.77260556753217,236.289921886677,238.4256134033203,5380100
2020-09-04 00:00:00+00:00,239.22428749849777,240.28345620000132,229.77861799812143,234.11077880859375,5253500
2020-09-08 00:00:00+00:00,231.89696241343148,235.30889192087713,228.16384061983075,233.7635498046875,5241200
2020-09-09 00:00:00+00:00,236.5416488871442,242.8619269799195,235.92525545417422,240.51788330078125,4754700
2020-09-10 00:00:00+00:00,241.36002784015622,243.93849462960216,235.42174630874075,236.7500457763672,3156300
2020-09-11 00:00:00+00:00,237.86126484500505,241.33394541011205,237.40979941509306,239.9014434814453,3729200
2020-09-14 00:00:00+00:00,241.8287995542808,245.22334822883874,241.3686704062664,243.65196228027344,3055800
2020-09-15 00:00:00+00:00,245.7269494614417,248.90445620167733,245.1539538366985,247.9320831298828,4174900
2020-09-16 00:00:00+00:00,247.95807753116853,248.80020368299887,243.6780048137362,244.50277709960938,3379100
2020-09-17 00:00:00+00:00,241.27322464085822,245.4491218960271,240.4484522123087,243.05296325683594,3166600
2020-09-18 00:00:00+00:00,241.7072983891872,242.940085388426,235.1091987560593,238.9117889404297,6072900
2020-09-21 00:00:00+00:00,236.0294052807811,236.9236194407975,231.3933800390453,236.44613647460938,3548000
2020-09-22 00:00:00+00:00,235.86452584842402,237.46195619110415,234.95295753418768,237.27964782714844,2972000
2020-09-23 00:00:00+00:00,239.11147464318807,240.15326310198228,229.79599782671585,231.41078186035156,4467600
2020-09-24 00:00:00+00:00,230.68149998961758,234.1455171573945,229.09276015661638,230.67283630371094,3095600
2020-09-25 00:00:00+00:00,229.36191542463015,234.53620303361842,229.1275189798475,233.14712524414062,2457700
2020-09-28 00:00:00+00:00,236.0814939653566,238.0696109551701,234.66637243308776,236.4287567138672,3061100
2020-09-29 00:00:00+00:00,237.35767868025053,237.73967560942884,235.3695619117242,236.23773193359375,2048900
2020-09-30 00:00:00+00:00,237.42722023171677,243.01823901379876,236.59375767806586,241.0995635986328,4778800
2020-10-01 00:00:00+00:00,242.60149957169793,243.0876727977371,239.4847715176614,241.02142333984375,2696900
2020-10-02 00:00:00+00:00,238.69471740063452,244.025268662531,237.9654576104623,242.48861694335938,2943600
2020-10-05 00:00:00+00:00,243.8864083170482,245.18866374560162,242.8272395087132,244.9108428955078,2330700
2020-10-06 00:00:00+00:00,245.25809096086053,245.6921760776054,239.4152957514713,240.0230255126953,2992500
2020-10-07 00:00:00+00:00,243.82560487771565,246.56033569658672,243.08765491212776,245.50985717773438,3423700
2020-10-08 00:00:00+00:00,246.42141517589798,247.38509783116308,244.1034156842656,247.0117645263672,2256200
2020-10-09 00:00:00+00:00,247.83650099675106,249.40788664083394,246.6384221091195,248.22718811035156,2240100
2020-10-12 00:00:00+00:00,249.50346221729342,250.31951788181976,248.34878094164043,249.08673095703125,2411900
2020-10-13 00:00:00+00:00,248.03625899969728,252.4378621729695,248.03625899969728,252.0819091796875,2699900
2020-10-14 00:00:00+00:00,251.34391834830893,252.02975360824482,247.55868317285584,249.24293518066406,2221000
2020-10-15 00:00:00+00:00,246.66455847936902,251.98644702604332,245.79638811924482,249.6337127685547,2699400
2020-10-16 00:00:00+00:00,250.2500712653231,254.07001501610262,249.38190102676168,249.73785400390625,3108600
2020-10-19 00:00:00+00:00,251.5609771286816,251.86481546869558,246.02204764112307,246.32591247558594,2428100
2020-10-20 00:00:00+00:00,247.55007298752528,251.58705927261582,246.67321257385498,248.3314208984375,2281500
2020-10-21 00:00:00+00:00,247.7671221162709,250.05038763457014,245.93526909870602,247.0031280517578,2304500
2020-10-22 00:00:00+00:00,246.4996408342083,248.018939191506,243.65204268716587,244.09481811523438,2787000
2020-10-23 00:00:00+00:00,245.15392312425266,245.8571389177814,242.6969864428761,245.6921844482422,1750600
2020-10-26 00:00:00+00:00,242.7751219273455,244.41594979093645,236.14228903276506,239.6497039794922,2911900
2020-10-27 00:00:00+00:00,240.47447378119998,242.85327832903926,239.71916988801289,240.34425354003906,3014100
2020-10-28 00:00:00+00:00,234.62297089277945,237.59212430964618,233.26862764843995,234.162841796875,3255900
2020-10-29 00:00:00+00:00,234.13682014739373,237.61819107988657,232.070570860611,234.08473205566406,2872500
2020-10-30 00:00:00+00:00,233.3815971608546,234.07612295411914,227.48671212337865,231.54974365234375,3872800
2020-11-02 00:00:00+00:00,234.53613794312474,238.55576958631013,233.12101649696336,235.04835510253906,2956400
2020-11-03 00:00:00+00:00,238.61658767280755,242.67961789958537,237.63555109575623,240.8043670654297,3037500
2020-11-04 00:00:00+00:00,240.27483922883107,249.19962954105821,239.62371145363613,245.44912719726562,3525300
2020-11-05 00:00:00+00:00,250.33686824779662,250.90117354684926,246.6297647479399,248.16644287109375,2516600
2020-11-06 00:00:00+00:00,248.93045385576784,248.97385176848772,245.56194920179504,246.76869201660156,2839100
2020-11-09 00:00:00+00:00,250.0156347820987,250.39763174541946,233.94579776276723,234.3798828125,7856400
2020-11-10 00:00:00+00:00,236.82820191620308,239.43271301812496,233.75487139748734,239.24171447753906,4828500
2020-11-11 00:00:00+00:00,240.76100098010417,244.55490106269787,239.76261040486202,241.13430786132812,2987900
2020-11-12 00:00:00+00:00,245.69218855365412,246.29122816473702,237.7397456317349,239.82334899902344,3818600
2020-11-13 00:00:00+00:00,239.97967054819344,242.8533124157868,238.97258971777273,240.63079833984375,3939200
2020-11-16 00:00:00+00:00,242.37578683963423,244.20764001659524,239.96227437734325,242.71438598632812,5360200
2020-11-17 00:00:00+00:00,236.2291047676914,237.4705817322147,233.8850347485008,236.55032348632812,8532200
2020-11-18 00:00:00+00:00,234.84003223216476,239.07670692337663,233.5377769702489,234.2583465576172,5122200
2020-11-19 00:00:00+00:00,234.77058436819908,236.47219044917185,233.27733064566573,235.2133331298828,3929400
2020-11-20 00:00:00+00:00,235.66483984932376,236.46354169289094,233.42494562591583,234.24102783203125,4111000
2020-11-23 00:00:00+00:00,234.41462570243988,237.60948542793588,234.0152483659155,235.62136840820312,3294200
2020-11-24 00:00:00+00:00,237.87868751746072,239.22434102789683,236.6372102149993,237.27964782714844,4773400
2020-11-25 00:00:00+00:00,237.42724354097726,238.52112019654592,235.45647983453654,237.8439483642578,3001700
2020-11-27 00:00:00+00:00,238.95519548831848,240.11854056256306,238.1912013513325,239.6063232421875,1625300
2020-11-30 00:00:00+00:00,238.9378466448613,241.1430067694574,236.07289506536483,240.83914184570312,4624100
2020-12-01 00:00:00+00:00,241.98508625782415,242.17608475913474,239.2242849217072,240.13587951660156,3942400
2020-12-02 00:00:00+00:00,239.14953282561945,239.27172554507362,235.30876018594589,236.64430236816406,4168600
2020-12-03 00:00:00+00:00,236.23400822425327,237.3687727419888,233.1875818603809,234.06048583984375,4168900
2020-12-04 00:00:00+00:00,233.4756428722473,234.5755104787527,229.41664444483905,230.43792724609375,7732800
2020-12-07 00:00:00+00:00,230.01023676219947,230.8831408865342,227.82797645136267,229.25955200195312,6379000
2020-12-08 00:00:00+00:00,228.45643615722653,229.13730021230074,225.84646171926147,228.45643615722656,5338100
2020-12-09 00:00:00+00:00,230.97910301994028,231.99167480561152,228.91906247037497,231.82582092285156,4550100
2020-12-10 00:00:00+00:00,230.51645706741962,232.25355399469981,228.79683526756503,231.1536865234375,4234300
2020-12-11 00:00:00+00:00,229.8879998527077,231.63380796813442,229.2682454306282,230.9267578125,3454500
2020-12-14 00:00:00+00:00,232.31467164603308,234.4620079189849,231.55522282759364,231.82582092285156,4576800
2020-12-15 00:00:00+00:00,233.51054096836745,234.60167089081855,232.36703894075183,233.92080688476562,3754100
2020-12-16 00:00:00+00:00,234.40092621987984,236.33877429907997,233.5105736684865,235.32620239257812,4669600
2020-12-17 00:00:00+00:00,237.56953637697512,239.46372298402633,236.81882514623072,239.1494903564453,4247000
2020-12-18 00:00:00+00:00,239.6907440940977,240.69457852517007,235.94597788259654,236.07693481445312,9817000
2020-12-21 00:00:00+00:00,234.4271130696794,237.386270630454,232.08773657376543,236.5482635498047,4339000
2020-12-22 00:00:00+00:00,235.7364578898322,236.87122246209353,234.38346731221932,235.71900939941406,3140100
2020-12-23 00:00:00+00:00,235.73647553340328,236.5570075060507,234.1128867187512,235.51824951171875,2337100
2020-12-24 00:00:00+00:00,235.19521430047533,236.87117476631465,235.16029068775455,236.48712158203125,1093900
2020-12-28 00:00:00+00:00,237.5783568030187,237.6481774205285,235.02072715489481,235.0294647216797,2633800
2020-12-29 00:00:00+00:00,235.66662034695392,236.08559719820158,231.38065871330141,232.35830688476562,2572100
2020-12-30 00:00:00+00:00,232.2884864459507,233.32724440768615,231.24975512313304,231.54653930664062,2511400
2020-12-31 00:00:00+00:00,231.81714425990873,232.14885207445448,230.08004701619578,231.86077880859375,2607900
2021-01-04 00:00:00+00:00,232.20121256322216,232.5765549076613,227.88032690298658,230.37684631347656,5002000
2021-01-05 00:00:00+00:00,229.27701371958622,232.65514861339204,228.92785737749628,232.23614501953125,3822600
2021-01-06 00:00:00+00:00,230.49901065485872,235.4832846585391,228.5873489085018,233.5629119873047,3949200
2021-01-07 00:00:00+00:00,233.0217547988196,234.6191575440081,232.34089068201357,232.41944885253906,3833200
2021-01-08 00:00:00+00:00,233.3708955170096,236.32131537242714,233.0653737816473,234.88973999023438,3757700
2021-01-11 00:00:00+00:00,233.47562403964483,238.62575209335182,233.2923216663185,236.75775146484375,3764400
2021-01-12 00:00:00+00:00,236.6529590946961,242.61490753743922,236.25143076713798,241.2095184326172,4030900
2021-01-13 00:00:00+00:00,242.93790938739383,244.8321227828913,239.1233231809492,239.21932983398438,3921400
2021-01-14 00:00:00+00:00,239.61216921709573,239.96132552022948,233.65024609030445,234.23507690429688,4641400
2021-01-15 00:00:00+00:00,234.488209416341,241.26195308577408,233.93827562559153,240.56361389160156,5131700
2021-01-19 00:00:00+00:00,242.66730924977855,242.66730924977855,238.32023778903545,238.46864318847656,3615800
2021-01-20 00:00:00+00:00,238.52099207277223,241.9776840781334,236.99341023882036,239.43753051757812,3498400
2021-01-21 00:00:00+00:00,241.1135102744179,245.02412923831562,240.63342379702766,243.5838165283203,4397900
2021-01-22 00:00:00+00:00,243.76712287145233,248.84740272435377,242.55377380696163,247.90467834472656,4501900
2021-01-25 00:00:00+00:00,247.77380302635427,249.44976377028865,245.65265272282062,248.8474578857422,4025900
2021-01-26 00:00:00+00:00,249.1442893319453,249.345040217487,245.89708515268856,246.6826934814453,2472200
2021-01-27 00:00:00+00:00,244.40438170969875,245.1201693809128,238.37261189094238,239.21932983398438,4337000
2021-01-28 00:00:00+00:00,241.06991557346151,246.99691470519647,239.98749647128443,242.71095275878906,3463000
2021-01-29 00:00:00+00:00,240.7556543382367,241.84678435740457,235.71027019516117,236.39987182617188,4079500
2021-02-01 00:00:00+00:00,236.75775001014324,237.9972587121445,233.28358266888173,235.74517822265625,3707800
2021-02-02 00:00:00+00:00,235.68407377368752,240.650899533587,235.67533620946523,237.56954956054688,4111800
2021-02-03 00:00:00+00:00,237.3338766645076,240.67708719742902,236.30382971925243,239.3240966796875,2802700
2021-02-04 00:00:00+00:00,239.39393970737186,243.9243139335856,239.39393970737186,243.38311767578125,2976000
2021-02-05 00:00:00+00:00,244.66630292063593,245.94947304084596,242.5014911159718,243.41802978515625,2389900
2021-02-08 00:00:00+00:00,244.142577341529,244.77980699626832,241.69845624197907,244.43936157226562,3475600
2021-02-09 00:00:00+00:00,244.11639492211413,244.58777065510145,241.46275866093683,241.59368896484375,2507800
2021-02-10 00:00:00+00:00,242.69345728647463,243.4790654267239,241.13968949303523,243.2695770263672,2410600
2021-02-11 00:00:00+00:00,242.60617812345626,244.63132159476103,240.93021752844868,241.8467559814453,2595300
2021-02-12 00:00:00+00:00,241.8991329275394,243.28704698019035,241.42775734623274,242.2395782470703,2392200
2021-02-16 00:00:00+00:00,241.80318430664818,243.21728475099164,239.9438942265224,240.3890838623047,2873500
2021-02-17 00:00:00+00:00,240.5199740310041,245.97562399498636,240.39775468513128,245.21620178222656,3536400
2021-02-18 00:00:00+00:00,245.11146621845734,248.49833846598085,244.26474815657647,247.07550048828125,3532000
2021-02-19 00:00:00+00:00,246.91835513920367,247.82618277619443,243.9243007528678,244.09889221191406,4079900
2021-02-22 00:00:00+00:00,242.85061376823873,243.09502582206528,238.85272517945094,240.7905731201172,3995500
2021-02-23 00:00:00+00:00,235.14288391511823,235.3960335341578,224.8426007259474,233.2748565673828,12111000
2021-02-24 00:00:00+00:00,229.77453920997434,233.0566402740658,221.74381141538964,226.92886352539062,14512700
2021-02-25 00:00:00+00:00,226.73682987164565,227.74066421413116,222.3373992642457,222.8087615966797,6545400
2021-02-26 00:00:00+00:00,225.00843507369703,227.16450883320303,223.5594113620654,225.50599670410156,7871200
2021-03-01 00:00:00+00:00,225.91628251173935,229.119851918575,225.61949834788004,228.369140625,4528900
2021-03-02 00:00:00+00:00,228.42155965348888,229.66980623877416,226.7543094713802,227.20823669433594,3740300
2021-03-03 00:00:00+00:00,226.32653048390074,227.39147434678196,223.47214421550677,224.65054321289062,4257500
2021-03-04 00:00:00+00:00,223.4634412951625,224.21412600658277,215.69460042166898,219.03781127929688,7154900
2021-03-05 00:00:00+00:00,220.19871662779502,221.8921521988517,215.24935348155157,221.298583984375,6351800
2021-03-08 00:00:00+00:00,221.91841023007834,229.7745606129679,220.42575164692417,226.1083526611328,5037400
2021-03-09 00:00:00+00:00,229.33804831033882,233.56289993575433,228.51751652369688,231.28460693359375,6625300
2021-03-10 00:00:00+00:00,233.57723231067598,236.06301900459783,231.96100051699602,233.85829162597656,3798400
2021-03-11 00:00:00+00:00,235.93127013966264,237.84611909426027,234.70155185716177,236.15086364746094,4371300
2021-03-12 00:00:00+00:00,234.921133975917,240.50757967666615,234.31505377930878,239.88394165039062,4190500
2021-03-15 00:00:00+00:00,241.11366918262655,245.6372900374516,240.9731261223211,244.6623077392578,4355200
2021-03-16 00:00:00+00:00,244.66233396043518,248.1582457890021,243.8805681297984,247.77175903320312,4458900
2021-03-17 00:00:00+00:00,246.94610905030729,249.352845523096,245.28596912300677,245.97109985351562,5908400
2021-03-18 00:00:00+00:00,245.0926487073071,250.74937831685077,243.9771235933346,248.7203369140625,4808100
2021-03-19 00:00:00+00:00,249.1420426815629,253.93795776367185,248.0791907199636,253.93795776367188,13729200
2021-03-22 00:00:00+00:00,251.65409850627157,255.01825842995265,249.6338494500238,253.79733276367188,5564700
2021-03-23 00:00:00+00:00,254.38591655800607,257.74131213682233,253.7974209076527,254.7109375,4801200
2021-03-24 00:00:00+00:00,254.07852563727727,260.68388986633335,253.84134745129555,257.14404296875,4842000
2021-03-25 00:00:00+00:00,257.38990982728,261.650028719018,256.8892302572949,261.03515625,5373500
2021-03-26 00:00:00+00:00,261.1756846085921,267.0256578290481,260.0250169775462,266.8587646484375,5865900
2021-03-29 00:00:00+00:00,266.4108004675749,268.3871417968769,263.4506846321777,265.4446105957031,4642900
2021-03-30 00:00:00+00:00,264.96151427842636,268.5013604601211,263.54734499167853,267.7459716796875,5045400
2021-03-31 00:00:00+00:00,268.3432812639966,270.5567742940389,267.1487053827879,268.1236877441406,4744100
2021-04-01 00:00:00+00:00,269.5553990391383,271.02226850789896,266.92906953598987,270.319580078125,3923900
2021-04-05 00:00:00+00:00,272.1553967604827,277.4344330748077,272.0675539993723,277.0391540527344,4697200
2021-04-06 00:00:00+00:00,275.4668450519744,277.5134713924493,275.0452427064212,275.6161804199219,3988600
2021-04-07 00:00:00+00:00,274.790539769993,276.8108162066204,273.1128420861367,274.4655456542969,3799300
2021-04-08 00:00:00+00:00,274.6676549550996,276.9074987028355,272.8142712388521,276.1872253417969,4035600
2021-04-09 00:00:00+00:00,277.01281314027847,280.4824012759588,276.4682255314239,280.4033508300781,4607800
2021-04-12 00:00:00+00:00,279.0769453722088,282.23030432986525,278.71680887097097,281.7735595703125,3556800
2021-04-13 00:00:00+00:00,281.5451926548608,281.8701867176525,278.44453377683516,281.4309997558594,3635100
2021-04-14 00:00:00+00:00,280.8249352169236,283.45129162243643,280.45603315978093,281.09722900390625,3440600
2021-04-15 00:00:00+00:00,281.2641042242187,284.06611916159795,281.12356118091367,283.48638916015625,3508200
2021-04-16 00:00:00+00:00,285.3310478454553,288.6952357589855,284.5405164933022,288.1769714355469,6213100
2021-04-19 00:00:00+00:00,286.7803290267401,288.83572104417965,285.8580470158108,287.0965576171875,4494300
2021-04-20 00:00:00+00:00,286.3500270971156,287.8344818360447,282.97707293942295,284.5581359863281,4462900
2021-04-21 00:00:00+00:00,285.43636089240425,288.0275744913238,284.4965212384233,286.30596923828125,3740100
2021-04-22 00:00:00+00:00,286.5256638774205,286.72767278000026,280.0608160719721,282.3621520996094,4875000
2021-04-23 00:00:00+00:00,283.00333543383096,285.9371015246386,280.71076523952036,284.49658203125,3405700
2021-04-26 00:00:00+00:00,284.3120637226004,284.5931498101366,280.4823663018373,281.07086181640625,2848500
2021-04-27 00:00:00+00:00,281.5189109701361,283.249309092639,281.41351036260926,281.59796142578125,3335800
2021-04-28 00:00:00+00:00,282.7924964784625,283.67963591662766,280.46478412757835,280.8249206542969,2713400
2021-04-29 00:00:00+00:00,282.5816402766337,286.165420551502,282.02826046905534,285.7701416015625,3261900
2021-04-30 00:00:00+00:00,285.51550906411256,286.2006398344671,282.49389981899714,284.3033752441406,3118700
2021-05-03 00:00:00+00:00,286.5957916322105,291.2863043314154,286.0687620108283,290.1004943847656,3683700
2021-05-04 00:00:00+00:00,289.090418840413,292.7005495729063,288.87961767851954,292.2964782714844,3954400
2021-05-05 00:00:00+00:00,293.5965573725895,293.5965573725895,290.8823844867298,291.66412353515625,3227200
2021-05-06 00:00:00+00:00,293.0870656096725,296.7235200459564,292.700578903576,296.521484375,3539600
2021-05-07 00:00:00+00:00,295.7309452400666,298.4802600872115,294.72082052393847,297.9883728027344,2998100
2021-05-10 00:00:00+00:00,299.0424248692829,303.645095833577,298.24310135041156,299.63092041015625,4840600
2021-05-11 00:00:00+00:00,296.4951597366892,296.8904387947024,288.29114905296944,290.44317626953125,5500900
2021-05-12 00:00:00+00:00,286.8066601369924,288.8093517240584,277.8033269098769,278.4445495605469,5822000
2021-05-13 00:00:00+00:00,280.2013415467522,287.59726335958237,279.92904771667634,285.84051513671875,5159800
2021-05-14 00:00:00+00:00,286.6046358188348,287.5093598903768,282.7134189542309,284.2681579589844,3998000
2021-05-17 00:00:00+00:00,281.9581133593386,283.56552632316703,276.9601621026752,281.0885314941406,4388000
2021-05-18 00:00:00+00:00,281.0796603689818,285.0850433847722,276.494547336979,278.2249450683594,7010300
2021-05-19 00:00:00+00:00,274.0527151957444,276.46824393545046,271.4790855537524,276.2047424316406,5242100
2021-05-20 00:00:00+00:00,276.5912842954109,280.82502786683295,276.5912842954109,277.4784240722656,3854700
2021-05-21 00:00:00+00:00,278.4445147268074,280.4472060633343,276.20467209724126,277.3641052246094,3920600
2021-05-24 00:00:00+00:00,278.30398904747443,279.97289413101555,276.3276477313704,276.5472412109375,2930600
2021-05-25 00:00:00+00:00,277.15332779096883,278.532381308057,276.0290102217267,278.2249450683594,3523300
2021-05-26 00:00:00+00:00,279.15609580895074,282.29189806279436,278.1635286972984,278.7344665527344,2881600
2021-05-27 00:00:00+00:00,278.70799598488696,281.43975244160305,278.70799598488696,279.99920654296875,3734800
2021-05-28 00:00:00+00:00,281.40461062796095,282.4059696289385,280.06949209916536,280.1221923828125,3194000
2021-06-01 00:00:00+00:00,281.6594335565256,282.18646336166694,276.83716847205835,277.8385009765625,3549800
2021-06-02 00:00:00+00:00,278.5625719261978,279.88704207751715,275.8518165493581,276.57586669921875,3380100
2021-06-03 00:00:00+00:00,274.6067752689923,276.31092017249415,273.4500736446332,274.9864501953125,2652500
2021-06-04 00:00:00+00:00,275.58685696572326,276.7700738017124,273.149850647572,274.6156005859375,2638700
2021-06-07 00:00:00+00:00,274.7127059766594,275.7811041254442,271.851859683936,273.6884460449219,3974800
2021-06-08 00:00:00+00:00,274.84519196119885,275.74584886281315,272.82318703709234,274.51849365234375,2913500
2021-06-09 00:00:00+00:00,275.0041536535388,276.35511208314324,270.9865781661175,271.3750915527344,3603700
2021-06-10 00:00:00+00:00,271.6488277892073,273.41478802439985,270.315546135199,272.2315979003906,3286300
2021-06-11 00:00:00+00:00,273.0791861453199,274.8186576400181,272.26685972084437,274.4036560058594,2785100
2021-06-14 00:00:00+00:00,272.7790074309283,273.7767791514915,270.3861391540099,273.1233825683594,3393500
2021-06-15 00:00:00+00:00,272.6200458854101,272.79665264511374,267.97556295856833,270.5892028808594,5270600
2021-06-16 00:00:00+00:00,270.8011490171487,271.3839190736617,265.92710892596585,267.34869384765625,4492500
2021-06-17 00:00:00+00:00,267.58708019607707,269.4943202437207,264.92049027710715,267.6488952636719,4481100
2021-06-18 00:00:00+00:00,264.2317778706251,268.27581461118757,263.4812394447844,267.1985778808594,8792700
2021-06-21 00:00:00+00:00,269.5296061674873,272.59354740390603,269.194069504404,271.6046142578125,3774200
2021-06-22 00:00:00+00:00,272.9555819842801,278.05920475059645,272.22269357410755,276.11663818359375,4418400
2021-06-23 00:00:00+00:00,275.5073856735109,276.9554856804546,274.28005759356546,275.1983642578125,2564500
2021-06-24 00:00:00+00:00,276.47869354781267,277.99742022709313,275.1983887144589,275.3484802246094,2649200
2021-06-25 00:00:00+00:00,275.7016306214914,278.5448269285521,275.092372345235,276.9289855957031,11733500
2021-06-28 00:00:00+00:00,276.95548644555095,278.3770711901987,274.9334548727702,277.5029296875,2635400
2021-06-29 00:00:00+00:00,278.83625743759274,282.8184788525167,278.6331623400221,280.9995422363281,3150100
2021-06-30 00:00:00+00:00,280.73461417892383,282.80962220472315,280.5138692175921,281.5734558105469,3061500
2021-07-01 00:00:00+00:00,282.47412943040473,284.04583272137194,281.2291244215313,283.91339111328125,2578000
2021-07-02 00:00:00+00:00,284.78750363217756,285.3084585351507,283.74559382623124,284.9376220703125,2201600
2021-07-06 00:00:00+00:00,285.05236396841445,285.9353437900693,279.72799672169197,281.900146484375,3109500
2021-07-07 00:00:00+00:00,281.220314919315,286.4564072331995,281.00840832457766,285.62640380859375,2939900
2021-07-08 00:00:00+00:00,281.7324436684622,282.8449801788685,277.96210170765016,281.26446533203125,3663000
2021-07-09 00:00:00+00:00,283.0304091492783,285.4762539829309,282.71252234567567,284.3990173339844,2587400
2021-07-12 00:00:00+00:00,283.4984147867316,286.0855398995483,283.02159800857004,284.0899963378906,2521800
2021-07-13 00:00:00+00:00,284.70809756037494,285.4586360134647,279.754565327113,279.9488220214844,3213800
2021-07-14 00:00:00+00:00,281.44986649874124,282.60656810808996,280.79646994132884,281.8648681640625,3381600
2021-07-15 00:00:00+00:00,280.24020055976183,285.16721717100006,280.222523713816,284.94647216796875,2603900
2021-07-16 00:00:00+00:00,286.0855143251998,288.09870760740966,283.78976098145625,283.91339111328125,3623700
2021-07-19 00:00:00+00:00,280.77882040444035,281.67063888709174,278.0592536785039,281.55584716796875,3752600
2021-07-20 00:00:00+00:00,281.22907904451233,287.96621953524544,281.0259839806028,287.2774963378906,4251700
2021-07-21 00:00:00+00:00,289.2642249393092,290.03241315232987,286.94198345628257,288.1693115234375,2832600
2021-07-22 00:00:00+00:00,289.5644478808836,289.59093620161156,287.2598561919112,288.4342346191406,2208100
2021-07-23 00:00:00+00:00,290.91538382709916,294.4296534705685,289.56442568072765,293.8910217285156,2786400
2021-07-26 00:00:00+00:00,291.4451981598844,292.7608296607107,288.6284899675737,292.42529296875,2752000
2021-07-27 00:00:00+00:00,292.9639177702013,293.04338273012894,287.9044330835378,288.9640197753906,2910300
2021-07-28 00:00:00+00:00,288.22231578552055,290.7917636259979,286.71240072906454,287.4276123046875,2376200
2021-07-29 00:00:00+00:00,288.2841323841512,290.11190745640636,287.3570141601203,289.1141357421875,2172400
2021-07-30 00:00:00+00:00,288.60199688929157,291.4804931512926,288.15166849998815,289.7851867675781,2381200
2021-08-02 00:00:00+00:00,291.3834557645739,291.3834557645739,288.22239861603595,288.92877197265625,2016400
2021-08-03 00:00:00+00:00,289.92650982846214,294.04120016630026,289.643949740429,293.0964050292969,2405900
2021-08-04 00:00:00+00:00,291.99264118388066,293.0787162207176,290.84477802994996,291.6571044921875,1783700
2021-08-05 00:00:00+00:00,293.1139731288246,296.6812191420741,292.34578499782805,294.12939453125,2284000
2021-08-06 00:00:00+00:00,295.52455398336724,296.42518380838294,290.6063493218401,291.2420959472656,2656600
2021-08-09 00:00:00+00:00,290.70351486110815,292.3281948261997,289.0170198289288,290.28851318359375,1995300
2021-08-10 00:00:00+00:00,290.20904445438185,294.2442425194632,288.8668976271872,292.6902160644531,1868100
2021-08-11 00:00:00+00:00,294.73869291802964,298.9328476291106,294.3855063316415,297.5642395019531,3258600
2021-08-12 00:00:00+00:00,297.8732912011841,298.5973412265431,293.396576392364,294.9329528808594,2554200
2021-08-13 00:00:00+00:00,294.7916385684752,296.50462162610864,292.24867924596566,292.54888916015625,2217000
2021-08-16 00:00:00+00:00,292.0103077838925,296.3545812333046,289.5909512106473,295.8424377441406,3496300
2021-08-17 00:00:00+00:00,283.43659584241647,285.723510936672,279.56030049147734,283.2158508300781,9322800
2021-08-18 00:00:00+00:00,281.9708324213651,289.4938123861548,281.67062245232074,283.9222106933594,4880600
2021-08-19 00:00:00+00:00,281.48525280605315,287.13632044186727,280.61108412392053,285.1142883300781,2974700
2021-08-20 00:00:00+00:00,284.88469457041475,291.100854683994,284.7345761063868,290.71234130859375,2929900
2021-08-23 00:00:00+00:00,291.3834527194483,291.8514311262623,289.0700490123144,289.3879089355469,2792700
2021-08-24 00:00:00+00:00,290.2885664582673,290.3591930147498,286.53590077265926,286.8802490234375,2359500
2021-08-25 00:00:00+00:00,286.21797865372173,288.3459638140031,285.2996718540455,285.9795837402344,2586900
2021-08-26 00:00:00+00:00,285.38798139337933,286.95968484295173,283.4366029801627,283.8604431152344,2952300
2021-08-27 00:00:00+00:00,283.3306661478262,286.1296980474293,282.2445908959489,285.5381164550781,2985400
2021-08-30 00:00:00+00:00,287.7720968046987,290.94199267186286,287.15399985050055,288.8228454589844,2926900
2021-08-31 00:00:00+00:00,288.734425958336,289.85580072541836,285.7499495987787,288.0103759765625,4183100
2021-09-01 00:00:00+00:00,288.92459906240265,289.11984345655907,284.2387606860715,287.2206726074219,3339100
2021-09-02 00:00:00+00:00,288.45406677847035,291.24958889390825,287.27374484827436,290.8591003417969,3109000
2021-09-03 00:00:00+00:00,288.7203657487249,293.6635760836083,288.5695111395066,293.1665954589844,2774800
2021-09-07 00:00:00+00:00,293.77899941800695,295.13682653986933,290.11374640003777,291.9330749511719,2555200
2021-09-08 00:00:00+00:00,291.9330378112996,294.5776789986451,290.76157183229907,294.2670593261719,2219500
2021-09-09 00:00:00+00:00,295.0391686302308,296.1751282085877,293.6369520217418,294.4356689453125,3011900
2021-09-10 00:00:00+00:00,296.41476030256666,297.5063573435307,294.15172431326334,294.595458984375,3178600
2021-09-13 00:00:00+00:00,297.25786445379947,299.2102807398454,295.3054210843388,297.70159912109375,3908700
2021-09-14 00:00:00+00:00,298.2162973676252,299.5119949169614,295.0125463066926,295.6337585449219,2857200
2021-09-15 00:00:00+00:00,295.8466769453211,297.0092863467818,292.9535461863062,295.8555603027344,2875500
2021-09-16 00:00:00+00:00,297.05374190556483,299.82264194412727,296.565644596447,298.53582763671875,3043800
2021-09-17 00:00:00+00:00,297.2577802100513,301.4288686504696,297.2577802100513,297.8967590332031,7098400
2021-09-20 00:00:00+00:00,294.48891680119607,297.6483323282958,291.47152669113046,293.9386901855469,4036600
2021-09-21 00:00:00+00:00,295.55389473632505,299.0505258839592,294.6398024566185,296.6099853515625,3171100
2021-09-22 00:00:00+00:00,298.05660835766486,300.8521315974176,295.9355434563921,298.1275939941406,2872800
2021-09-23 00:00:00+00:00,299.82261141712485,301.3135532732531,297.8346889422872,298.10980224609375,2426600
2021-09-24 00:00:00+00:00,298.8819587205203,299.82267416591435,297.79036155271336,299.5120544433594,2004900
2021-09-27 00:00:00+00:00,298.9617573275984,305.058666648216,298.9617573275984,302.9908752441406,2966100
2021-09-28 00:00:00+00:00,302.9553615923599,302.9553615923599,295.04800763667043,296.2372131347656,3304100
2021-09-29 00:00:00+00:00,295.8467126602173,300.74555986414384,295.8467126602173,299.0149841308594,2424000
2021-09-30 00:00:00+00:00,300.1776363647782,300.59474805941096,290.76159918215507,291.3207092285156,4255000
2021-10-01 00:00:00+00:00,291.22300535726515,295.2876293593996,288.0547338916426,292.7405700683594,2814200
2021-10-04 00:00:00+00:00,291.53364766990205,293.4061947812295,287.6820343875298,289.7320861816406,2919900
2021-10-05 00:00:00+00:00,290.11369549161094,294.80841545736126,289.6078315137157,292.40338134765625,2514300
2021-10-06 00:00:00+00:00,291.2319404013107,293.44173038011627,288.7825163685234,293.1843566894531,2226800
2021-10-07 00:00:00+00:00,295.97103597263475,301.04736187085433,295.4030425737271,299.503173828125,2789500
2021-10-08 00:00:00+00:00,295.52725565513987,297.6660597643952,293.6458252077383,296.7164611816406,2912200
2021-10-11 00:00:00+00:00,297.8347388708119,302.50280954219534,296.94726946242656,299.0505676269531,2589100
2021-10-12 00:00:00+00:00,300.9763726720252,302.67141532140977,299.4321575641743,299.7871398925781,2960300
2021-10-13 00:00:00+00:00,299.3611108993112,301.9525057434101,298.6777422959552,300.21307373046875,2477400
2021-10-14 00:00:00+00:00,302.2099190893111,305.6177979450277,301.8283137910329,305.33380126953125,2824300
2021-10-15 00:00:00+00:00,307.5435868778043,311.45732933450984,306.8424786202338,310.97808837890625,3473500
2021-10-18 00:00:00+00:00,309.7267866635583,315.8947091511121,309.7267866635583,315.06048583984375,3487500
2021-10-19 00:00:00+00:00,316.7732463339015,317.79383045829735,314.5368337852193,317.705078125,2375600
2021-10-20 00:00:00+00:00,317.4832429857152,319.1073268909622,316.1254161073248,317.9181213378906,2574800
2021-10-21 00:00:00+00:00,317.89151258079016,323.7931779810264,317.82049987041637,323.58905029296875,2885400
2021-10-22 00:00:00+00:00,323.9262238217058,325.72778502428196,321.39693145189585,324.8048095703125,2734700
2021-10-25 00:00:00+00:00,325.8787794245441,329.83688542483833,324.8049219343004,329.4819030761719,2923400
2021-10-26 00:00:00+00:00,331.37215430815735,331.95786017630905,327.54713694641976,327.6536560058594,2989500
2021-10-27 00:00:00+00:00,328.2482662817971,332.93410311137035,327.7512856395252,330.4225769042969,2840300
2021-10-28 00:00:00+00:00,331.0259712740376,331.86019438708445,329.1534244901905,329.75689697265625,2553500
2021-10-29 00:00:00+00:00,328.6565019207137,332.9341105504454,328.3902719576243,329.9078369140625,3820200
2021-11-01 00:00:00+00:00,331.0260980744398,331.531962150606,323.66011262357677,325.23980712890625,3380500
2021-11-02 00:00:00+00:00,324.991279843289,327.37857451033545,323.87305981954415,325.9586181640625,2367100
2021-11-03 00:00:00+00:00,325.3728188468991,327.7955922933826,324.148107086369,327.4494934082031,2378800
2021-11-04 00:00:00+00:00,329.0558577538796,331.2301683179508,327.840029176586,330.2983093261719,3210000
2021-11-05 00:00:00+00:00,331.7448454521153,332.2773323662726,326.2070465450624,326.9436340332031,3090200
2021-11-08 00:00:00+00:00,328.5588839738784,330.94617854770274,326.45558607490165,327.1123046875,2357200
2021-11-09 00:00:00+00:00,328.0707881417916,331.8070263125073,327.21879811348936,328.94049072265625,2183300
2021-11-10 00:00:00+00:00,326.81057111871877,329.43747267456564,326.3402134710494,327.1034240722656,2161400
2021-11-11 00:00:00+00:00,329.2510818910057,330.13855111443155,324.6628540891928,326.26031494140625,2387300
2021-11-12 00:00:00+00:00,327.58260647028493,331.469725658745,325.4349463060859,330.6976318359375,2793300
2021-11-15 00:00:00+00:00,332.25972306905817,332.6856911007515,327.73362314837567,329.3221740722656,3650600
2021-11-16 00:00:00+00:00,339.01324103411446,350.0001142784611,336.35083338201406,348.1807861328125,8648200
2021-11-17 00:00:00+00:00,348.62459184518616,354.4818952911149,346.8319134105077,350.41729736328125,4647000
2021-11-18 00:00:00+00:00,353.2127735744622,360.791768811903,351.5177039990073,360.1794128417969,4503700
2021-11-19 00:00:00+00:00,361.75908337513465,363.9511334372833,358.63517437963844,362.6997985839844,3542000
2021-11-22 00:00:00+00:00,363.684930366976,369.68423186557305,362.7087357444931,362.7886047363281,4006400
2021-11-23 00:00:00+00:00,360.01968166743484,363.5784151320468,357.6590100871643,362.41583251953125,3557000
2021-11-24 00:00:00+00:00,358.2358556095292,366.3029481776538,357.54363064906545,365.7349548339844,2676300
2021-11-26 00:00:00+00:00,361.4307999866366,367.53659385070375,356.9845695831831,357.3839416503906,3007800
2021-11-29 00:00:00+00:00,361.11129935716224,364.5813080179999,360.34808866070335,361.0403137207031,3725500
2021-11-30 00:00:00+00:00,358.1737516645994,362.4691000679673,355.2096072860387,355.5290832519531,7773500
2021-12-01 00:00:00+00:00,358.30940699967977,365.5900296723648,356.6519003577105,356.83013916015625,3516200
2021-12-02 00:00:00+00:00,358.06879011795354,365.9910339860462,357.3469692385169,363.3799743652344,3705000
2021-12-03 00:00:00+00:00,365.2335205289004,370.6516365896237,360.42137278636886,363.41558837890625,5237500
2021-12-06 00:00:00+00:00,368.5040418074783,374.82221838013857,366.45443158225453,370.4467468261719,4624500
2021-12-07 00:00:00+00:00,371.6051916400988,372.9953671598094,368.05844644752284,370.87445068359375,4204500
2021-12-08 00:00:00+00:00,370.87445159370594,374.14494570996897,363.8344545839632,366.48114013671875,4079400
2021-12-09 00:00:00+00:00,366.0801173588713,370.0456992464234,363.8433755745546,366.56134033203125,3822900
2021-12-10 00:00:00+00:00,367.31880155723024,370.3664834914454,365.5989088075681,370.1793518066406,2625200
2021-12-13 00:00:00+00:00,370.1794720238133,371.1597312549289,360.474973624341,361.12548828125,3766400
2021-12-14 00:00:00+00:00,359.53030641002306,361.51753044512026,354.74486359559523,358.4163818359375,4662800
2021-12-15 00:00:00+00:00,357.00829335589987,363.5225207650085,355.91220920293324,363.41558837890625,4421400
2021-12-16 00:00:00+00:00,363.9413908503027,364.36022753130277,354.7804772616874,356.0369873046875,4632800
2021-12-17 00:00:00+00:00,353.75565938156507,354.6557190070324,345.2452877706148,345.74432373046875,11097500
2021-12-20 00:00:00+00:00,342.45608529786597,347.6959911213996,339.43510864015354,347.0097961425781,4294800
2021-12-21 00:00:00+00:00,348.9971043974512,350.8952366324326,341.52042798949043,347.96337890625,3038200
2021-12-22 00:00:00+00:00,348.435594676224,352.6863209129959,346.52854281779906,352.57049560546875,3267800
2021-12-23 00:00:00+00:00,354.9320401590137,356.3132958214136,351.66154548083796,353.8448486328125,2743900
2021-12-27 00:00:00+00:00,355.6003721188682,360.4214408694067,354.86071098290915,360.1006164550781,2228300
2021-12-28 00:00:00+00:00,360.90263722226484,362.7116496192928,359.1292780258638,361.9987487792969,2521400
2021-12-29 00:00:00+00:00,362.14133894490107,367.4792567993215,362.07895264187454,366.1158142089844,2209300
2021-12-30 00:00:00+00:00,367.01583103359036,368.4327396620793,363.94138869177976,365.3137512207031,1804400
2021-12-31 00:00:00+00:00,365.358400464781,371.18646241242203,365.2693082404983,369.8319396972656,2386100
2022-01-03 00:00:00+00:00,371.22203454849557,372.35377206492836,359.360968493178,364.1553039550781,3715700
2022-01-04 00:00:00+00:00,364.1553314721796,368.5842695691023,363.7543077384687,367.8981018066406,3266500
2022-01-05 00:00:00+00:00,368.9318898357668,369.12794168629864,362.5245922786852,362.90777587890625,4443200
2022-01-06 00:00:00+00:00,364.08401683647986,364.5385067650195,359.14709551183574,361.5888366699219,3315100
2022-01-07 00:00:00+00:00,359.45011771876324,360.1006595288115,350.1109905123319,350.7615051269531,4520700
2022-01-10 00:00:00+00:00,345.22747862338446,345.39679732450065,339.44399127128514,345.28094482421875,6440000
2022-01-11 00:00:00+00:00,345.8246166044195,349.18420374243476,342.48284247142624,344.5770263671875,4385400
2022-01-12 00:00:00+00:00,346.0206441225364,350.6189282698123,344.3185640203052,347.0097961425781,3623300
2022-01-13 00:00:00+00:00,349.7812113244065,351.3852517181017,343.85511125812644,344.85321044921875,3466300
2022-01-14 00:00:00+00:00,339.8182886922081,340.4242843546935,331.05839743665473,331.50396728515625,6336200
2022-01-18 00:00:00+00:00,326.2462038694163,328.0195629212555,320.83698012188654,326.7987060546875,6435200
2022-01-19 00:00:00+00:00,327.20865446335455,328.56320415424005,320.28450908214484,320.5340270996094,5175100
2022-01-20 00:00:00+00:00,321.99548840123146,322.45889843960515,311.0255611231238,311.52459716796875,5440600
2022-01-21 00:00:00+00:00,313.4316751128828,320.89051049660196,309.3858930182536,311.0968933105469,7718400
2022-01-24 00:00:00+00:00,306.35603741326906,324.71352261593137,306.2045316822414,324.20556640625,8584300
2022-01-25 00:00:00+00:00,319.15281303768705,322.16484264213864,313.85052048222747,319.9013671875,5536700
2022-01-26 00:00:00+00:00,320.81025331862,326.0679714755908,315.86443945812687,318.3863525390625,6103300
2022-01-27 00:00:00+00:00,321.19346493223105,324.4817724922231,315.3832440705473,317.62890625,3941000
2022-01-28 00:00:00+00:00,320.9617809405821,326.7987347923556,314.429712051529,326.6383361816406,4551300
2022-01-31 00:00:00+00:00,325.0966410929485,327.41360953331684,322.77967265258025,327.0304260253906,4084600
2022-02-01 00:00:00+00:00,329.24940023008025,330.33659179873086,322.9223026484392,328.563232421875,3406800
2022-02-02 00:00:00+00:00,328.2780213187238,333.8832972073044,327.725519099277,333.0456237792969,3839300
2022-02-03 00:00:00+00:00,329.8909847737296,331.6108777482038,323.6619274065153,325.0966491699219,4009700
2022-02-04 00:00:00+00:00,323.92931935884496,324.97196489746034,315.6862761564534,320.5162658691406,3728100
2022-02-07 00:00:00+00:00,321.04204217665205,322.41437792695433,316.7467416916487,318.4488220214844,2809300
2022-02-08 00:00:00+00:00,318.4487782557113,323.46589913407496,316.17635569616584,322.0935363769531,3225100
2022-02-09 00:00:00+00:00,325.54214100815153,327.458085331859,323.4836111130654,324.7044677734375,2777500
2022-02-10 00:00:00+00:00,319.776526876966,323.48367083093086,314.45642244242555,316.43475341796875,4291800
2022-02-11 00:00:00+00:00,316.078358068487,318.4398729517001,310.6156670848829,312.1573486328125,3308700
2022-02-14 00:00:00+00:00,310.1166376357887,314.49213713714727,309.0739921467149,313.2890930175781,3654300
2022-02-15 00:00:00+00:00,316.85356509296463,318.51109873936304,313.1286084317038,314.803955078125,3552500
2022-02-16 00:00:00+00:00,313.2356363445539,314.4475734057657,308.08484944354734,311.9791259765625,3594900
2022-02-17 00:00:00+00:00,310.9988878695895,313.9574787015429,309.57308586446356,310.0632019042969,3927000
2022-02-18 00:00:00+00:00,310.46413821977677,312.43354912056355,306.6411417220193,309.1095886230469,5526100
2022-02-22 00:00:00+00:00,298.61199566630546,300.037824610382,278.34748780414947,281.75164794921875,19752800
2022-02-23 00:00:00+00:00,284.5587551687244,285.5211741451552,273.66902619539104,274.8720703125,11026000
2022-02-24 00:00:00+00:00,267.34194263427776,279.3188638399277,266.7092409847633,279.140625,8416700
2022-02-25 00:00:00+00:00,279.08709627498143,282.88335971260835,274.08781612130434,282.1793518066406,6510600
2022-02-28 00:00:00+00:00,278.89999243297234,281.67142384056524,276.6810632869944,281.4486389160156,5735100
2022-03-01 00:00:00+00:00,280.3435978736615,287.33012893398137,279.60396398649283,285.387451171875,5640900
2022-03-02 00:00:00+00:00,286.1092423192328,295.1364896990085,284.879465472473,291.7323303222656,5645600
2022-03-03 00:00:00+00:00,293.35426864163503,294.682058040604,287.68660622781965,289.050048828125,3858400
2022-03-04 00:00:00+00:00,287.13414563874403,291.0997286033742,284.7280845102844,288.96099853515625,3630900
2022-03-07 00:00:00+00:00,288.9609035085513,293.7195851839283,285.2626528203557,287.6330871582031,4670000
2022-03-08 00:00:00+00:00,284.94198335937324,292.73053739197485,281.55566261357205,282.2596435546875,5092500
2022-03-09 00:00:00+00:00,286.88557351782424,289.0909987035712,284.1243119109129,284.3753356933594,4443600
2022-03-10 00:00:00+00:00,281.8292397386763,285.3256800198663,276.79978948975923,285.0387878417969,3895200
2022-03-11 00:00:00+00:00,286.240071009524,288.4903384120986,283.50570391551435,284.00775146484375,2973300
2022-03-14 00:00:00+00:00,289.49451593745425,290.47171688704583,283.48783677405754,285.41534423828125,3604200
2022-03-15 00:00:00+00:00,287.1993895284762,296.01214460523295,287.1814416681856,294.5418701171875,3775300
2022-03-16 00:00:00+00:00,297.267277414169,299.3920469912828,290.67789530435317,296.6666259765625,3942400
2022-03-17 00:00:00+00:00,295.07984196340317,301.55267333984375,293.91435256511335,301.55267333984375,3123200
2022-03-18 00:00:00+00:00,299.1051138204038,305.4793395996094,297.92170424939445,305.4793395996094,9409600
2022-03-21 00:00:00+00:00,303.05876807826866,305.43453386155693,293.23291707488795,295.28594970703125,4521200
2022-03-22 00:00:00+00:00,295.24115866151516,297.01624585549,290.4806527802385,295.6087341308594,4852800
2022-03-23 00:00:00+00:00,293.0716414204947,294.2281569566388,283.1651314155197,284.2409362792969,5207700
2022-03-24 00:00:00+00:00,284.3305195187679,286.3476838928149,281.7754391730664,283.102294921875,4599900
2022-03-25 00:00:00+00:00,285.52294425196595,285.8098090999086,276.396373998092,278.53009033203125,5176500
2022-03-28 00:00:00+00:00,278.8169613375066,281.8203006373276,277.2301351047324,281.7575378417969,3936600
2022-03-29 00:00:00+00:00,284.11540791746444,287.7821617734257,280.538311297205,284.8326110839844,5306100
2022-03-30 00:00:00+00:00,280.70856506641604,282.6181516085617,274.4239963591767,276.5397644042969,7223800
2022-03-31 00:00:00+00:00,274.52266002416366,276.0915659006813,267.9601716653572,268.3546142578125,11044600
2022-04-01 00:00:00+00:00,269.40354660559314,271.9765478146149,267.9691129321232,270.64971923828125,5554600
2022-04-04 00:00:00+00:00,270.29104105047924,274.76468179344516,268.56974284359075,273.9577941894531,4659500
2022-04-05 00:00:00+00:00,274.5674939627478,277.11360071026195,270.93658120048053,273.3123474121094,4376100
2022-04-06 00:00:00+00:00,267.24288798385373,269.5469444362727,264.4636783691439,267.6463317871094,6499900
2022-04-07 00:00:00+00:00,266.0774180282009,273.07024309929983,263.2085512833936,271.420654296875,5241000
2022-04-08 00:00:00+00:00,270.2641986703783,279.97349998179055,270.1028320623194,278.91558837890625,5741900
2022-04-11 00:00:00+00:00,275.9570285987488,281.65889369413077,274.27157144879607,274.9798278808594,4100600
2022-04-12 00:00:00+00:00,277.41838508297843,280.8699830256173,273.5275023082097,274.5943603515625,4122600
2022-04-13 00:00:00+00:00,274.43304134731653,279.4445997562903,274.08341364410387,278.29705810546875,3185300
2022-04-14 00:00:00+00:00,278.66453072775056,279.93759765359783,272.83716680541784,273.00750732421875,4569200
2022-04-18 00:00:00+00:00,271.6448157778557,274.59436615770016,267.80772178468226,269.1435241699219,3192400
2022-04-19 00:00:00+00:00,269.50212625780085,276.24395571101047,268.7849231651184,275.9480895996094,3389700
2022-04-20 00:00:00+00:00,278.8169685241129,283.38921367278397,277.6963215445144,282.528564453125,4720800
2022-04-21 00:00:00+00:00,284.19608469169145,285.4512038840357,277.6873580348647,278.2431945800781,3014200
2022-04-22 00:00:00+00:00,277.75909996914123,277.75909996914123,268.75805526191004,269.05389404296875,4043200
2022-04-25 00:00:00+00:00,268.9552348144176,273.58126813637057,265.6112148787902,273.384033203125,4396900
2022-04-26 00:00:00+00:00,270.9724359755009,275.73294209122,268.7042476140745,268.9194030761719,3415200
2022-04-27 00:00:00+00:00,270.12073778106617,274.71093080447633,268.1663360094206,270.38970947265625,3446200
2022-04-28 00:00:00+00:00,273.2136948900091,281.9906084505107,271.6537632706288,279.498291015625,4149500
2022-04-29 00:00:00+00:00,276.26179056277846,279.46236377467415,268.6951826348212,269.31378173828125,4878200
2022-05-02 00:00:00+00:00,270.73928244718195,276.83561721839845,268.87453828252296,275.2039489746094,4233900
2022-05-03 00:00:00+00:00,274.05641459297425,277.0238850891465,271.66270102342355,273.4019470214844,3336600
2022-05-04 00:00:00+00:00,272.61309592323636,283.0754697409369,271.5821060184176,282.6809997558594,4021300
2022-05-05 00:00:00+00:00,278.8168601388641,279.1395932109498,263.3160694820498,268.1572570800781,4959600
2022-05-06 00:00:00+00:00,265.6381874707303,266.04163138548,259.46119465390166,263.8541259765625,4325300
2022-05-09 00:00:00+00:00,260.2411389970527,269.6187058346447,258.6453386949803,266.2926330566406,5243600
2022-05-10 00:00:00+00:00,267.57459587023175,269.91452068895006,257.8922181585042,261.030029296875,4392900
2022-05-11 00:00:00+00:00,261.29010405500713,262.9755344099179,253.32902221366945,253.67864990234375,3880500
2022-05-12 00:00:00+00:00,252.43241077813457,262.84096465517837,251.58968223372577,259.7121276855469,4447700
2022-05-13 00:00:00+00:00,259.9453029040458,268.4353261224606,258.6005264324461,265.3961181640625,3949100
2022-05-16 00:00:00+00:00,263.6478776329002,268.5697777468249,259.80183691729707,265.3602294921875,4267900
2022-05-17 00:00:00+00:00,274.78263793752086,278.76317817666813,260.7969582345341,269.8069763183594,12425900
2022-05-18 00:00:00+00:00,262.679595812763,264.8671004376461,252.08275367477776,255.6688232421875,7799500
2022-05-19 00:00:00+00:00,255.95579490355615,262.23141859646296,255.47166770085846,257.98193359375,5211500
2022-05-20 00:00:00+00:00,259.82873184560765,260.4383572342886,250.65734714416868,257.47088623046875,5621800
2022-05-23 00:00:00+00:00,259.17424965821135,260.2948965715487,251.3118007636722,256.430908203125,4305600
2022-05-24 00:00:00+00:00,254.61100508841798,259.38048541199925,251.6076655776136,258.1253662109375,4241900
2022-05-25 00:00:00+00:00,256.233718328774,264.9120029860566,256.09924614742584,263.1907043457031,4612900
2022-05-26 00:00:00+00:00,266.55264449000384,274.00270425854535,266.26575226470646,271.4745178222656,4170800
2022-05-27 00:00:00+00:00,272.1289138806045,276.57563276289557,270.389667842376,276.5397644042969,3899300
2022-05-31 00:00:00+00:00,274.8722519043504,276.0108192009339,269.6993287780824,271.420654296875,5966600
2022-06-01 00:00:00+00:00,272.22361887006934,273.3423401118526,267.97436136279447,268.11871337890625,3080800
2022-06-02 00:00:00+00:00,269.58023096001523,276.0939674899554,266.94588246514985,275.9496154785156,4086400
2022-06-03 00:00:00+00:00,273.65806350171056,278.286248198677,272.36795357588994,275.23687744140625,2956600
2022-06-06 00:00:00+00:00,275.6699236771301,277.51938035647953,273.5858915532923,274.1632995605469,2562000
2022-06-07 00:00:00+00:00,266.197055238158,272.80101514513194,263.9777015925565,272.25067138671875,3547800
2022-06-08 00:00:00+00:00,270.45534928056884,271.17708181392186,266.756408099389,268.4254455566406,3003100
2022-06-09 00:00:00+00:00,268.632941661086,276.8608132217876,268.263044810495,270.5274963378906,4168400
2022-06-10 00:00:00+00:00,262.98534578008264,267.4962436493808,260.4051254143652,260.9464111328125,4623900
2022-06-13 00:00:00+00:00,256.54371935927986,258.76310049263634,253.7650189389349,255.46112060546875,4704600
2022-06-14 00:00:00+00:00,255.5062604300246,258.3661816929432,249.53383626600674,251.41038513183594,3987000
2022-06-15 00:00:00+00:00,253.512411368602,255.84905271043297,248.5233603885131,252.3666534423828,4050400
2022-06-16 00:00:00+00:00,248.02719331148722,249.10076155668938,243.34487963496719,246.70999145507812,6181000
2022-06-17 00:00:00+00:00,244.49066414421998,249.56090893642826,243.94034782052344,244.24708557128906,10775600
2022-06-21 00:00:00+00:00,246.91749132304773,247.12500250436332,241.26083618742445,242.86671447753906,5498400
2022-06-22 00:00:00+00:00,240.33161699995858,245.18531971971512,238.63551508694044,242.6682586669922,4678400
2022-06-23 00:00:00+00:00,243.588446844602,248.63162656983826,243.4892203225177,248.478271484375,3747500
2022-06-24 00:00:00+00:00,250.32773639667326,255.73178256315086,247.12501031983572,255.31678771972656,10310700
2022-06-27 00:00:00+00:00,256.63394172583963,257.12112630578724,253.954467834623,255.03709411621094,2538600
2022-06-28 00:00:00+00:00,256.0204803105472,257.6624534986491,243.4260630407104,243.72377014160156,4052100
2022-06-29 00:00:00+00:00,245.0139416510878,249.14593994070904,242.5149138871647,247.07994079589844,2460500
2022-06-30 00:00:00+00:00,244.24709984842872,249.9398510810027,241.82023445399022,247.4407958984375,4058000
2022-07-01 00:00:00+00:00,248.75800884558234,253.28694085048343,247.69341591671818,251.78028869628906,2818300
2022-07-05 00:00:00+00:00,248.55042590482256,255.97537231445315,248.12640048347393,255.97537231445312,3241300
2022-07-06 00:00:00+00:00,257.11207246748927,257.9511201494475,253.07932985487324,255.83999633789062,2206100
2022-07-07 00:00:00+00:00,255.17247702612545,258.8984832123873,253.91846168780438,258.6458740234375,3133900
2022-07-08 00:00:00+00:00,258.0143011149559,259.81866007803364,256.1377799075815,258.4473571777344,1891000
2022-07-11 00:00:00+00:00,257.2836173254176,261.2622333705333,257.24754995830665,258.3752746582031,2453200
2022-07-12 00:00:00+00:00,260.7027660975277,264.9159557475948,255.68665114823293,257.2293701171875,2696100
2022-07-13 00:00:00+00:00,254.08080563667295,261.44259333159437,252.3937344522324,259.087890625,2941600
2022-07-14 00:00:00+00:00,254.279299312573,261.89369654699766,254.0988523984112,261.1629333496094,2822200
2022-07-15 00:00:00+00:00,265.9714994081419,266.5489074238055,262.4891002352831,263.8062744140625,2647200
2022-07-18 00:00:00+00:00,268.17280059945875,269.29149413644217,263.43635920956086,264.3836364746094,2664000
2022-07-19 00:00:00+00:00,266.53987414539574,270.66284045657557,264.6182276902698,270.50042724609375,2614900
2022-07-20 00:00:00+00:00,271.49286981088346,273.9828940364943,269.10209964689716,272.7288513183594,2533400
2022-07-21 00:00:00+00:00,273.2250232616928,275.3902482079678,269.63433951592594,275.1647033691406,1965000
2022-07-22 00:00:00+00:00,277.5644900817022,280.28005861772226,274.5872818364823,276.5991516113281,2391500
2022-07-25 00:00:00+00:00,276.7885899761321,277.35696732336135,274.1091164337128,276.2021789550781,1910500
2022-07-26 00:00:00+00:00,267.9472757600687,271.2312219175622,266.963903540115,269.0118408203125,2690200
2022-07-27 00:00:00+00:00,269.038904097486,270.9334862941828,263.2469279197421,269.6704406738281,3233700
2022-07-28 00:00:00+00:00,266.1429124624323,271.7725028851906,264.4919363400258,270.32000732421875,3992100
2022-07-29 00:00:00+00:00,270.6538716071327,271.95301239343377,268.33526349927104,271.5019226074219,3236000
2022-08-01 00:00:00+00:00,271.23119781682374,278.27721594332286,270.66282045296714,275.90447998046875,3303900
2022-08-02 00:00:00+00:00,275.52556535473167,275.715015307372,270.6628330214382,271.2943420410156,3091000
2022-08-03 00:00:00+00:00,273.6761239497737,277.9344117794414,270.96055517069766,276.40069580078125,3329400
2022-08-04 00:00:00+00:00,274.74976099624774,279.6485892224977,274.65953753703667,277.12249755859375,2718400
2022-08-05 00:00:00+00:00,275.5076043098636,279.47718895200023,274.7136818749691,279.39599609375,2029100
2022-08-08 00:00:00+00:00,281.35368783194974,284.9082772920463,280.0726083501418,281.45294189453125,2505100
2022-08-09 00:00:00+00:00,278.6742283700007,279.63953947370777,273.6400515333896,275.35418701171875,2607000
2022-08-10 00:00:00+00:00,279.22452267432254,282.3641168796824,278.8185309337542,281.1010437011719,3863400
2022-08-11 00:00:00+00:00,283.14001671440946,283.8437156373777,279.2967231561722,280.29815673828125,2444100
2022-08-12 00:00:00+00:00,282.0303151374789,284.123378147078,279.83802560020894,284.0873107910156,2273800
2022-08-15 00:00:00+00:00,281.5160150268293,284.8721228683547,279.8108830642596,283.8345947265625,3917300
2022-08-16 00:00:00+00:00,282.36406293641755,300.4076473842916,282.2738395077132,295.3554382324219,10089800
2022-08-17 00:00:00+00:00,295.99604790561904,297.2681242144834,292.36929648389804,293.89398193359375,3162600
2022-08-18 00:00:00+00:00,293.17222125471113,295.8607258805061,290.7002584151288,293.39776611328125,2899600
2022-08-19 00:00:00+00:00,293.1813168579256,294.39926487069044,288.48997174666005,289.88836669921875,3489100
2022-08-22 00:00:00+00:00,286.974253074867,288.46284363562995,281.2183438764078,281.66943359375,3144200
2022-08-23 00:00:00+00:00,280.76726707216045,281.0469405071889,275.74214831442436,276.8788757324219,3317500
2022-08-24 00:00:00+00:00,275.2098528777304,279.65761885715096,273.8565835912659,277.97052001953125,2495600
2022-08-25 00:00:00+00:00,278.4486721020322,279.6395280233982,275.91352257752635,279.4771423339844,2529700
2022-08-26 00:00:00+00:00,279.946269942676,281.0379268911764,268.86750749213275,268.939697265625,3315500
2022-08-29 00:00:00+00:00,267.55937665851474,270.392205926553,265.5024085325912,267.3338317871094,2711800
2022-08-30 00:00:00+00:00,269.35463240955283,270.56354929049513,263.13863174619854,264.4287414550781,2892400
2022-08-31 00:00:00+00:00,265.1643417997587,265.58204436932886,261.7772458954456,261.9043884277344,4376200
2022-09-01 00:00:00+00:00,261.8862333046506,266.59000861365064,260.3606890496196,266.3993225097656,3742500
2022-09-02 00:00:00+00:00,268.8873412130954,269.51390880986185,263.44803613156887,265.06439208984375,2753600
2022-09-06 00:00:00+00:00,266.26306230373615,267.4253854512083,260.8509977463162,262.92138671875,4110000
2022-09-07 00:00:00+00:00,263.7386730572772,270.33124063017925,263.6115305243028,270.12237548828125,3016000
2022-09-08 00:00:00+00:00,268.78749762265113,272.59229583636187,267.4617292112967,272.3289489746094,2703200
2022-09-09 00:00:00+00:00,271.9476183100525,274.6808781525814,270.9033202302819,272.2109375,2769200
2022-09-12 00:00:00+00:00,273.14618882862567,274.9895613432327,269.10531253820545,270.1859130859375,3632900
2022-09-13 00:00:00+00:00,265.16435332403734,267.0440288247819,251.82486197978355,252.37876892089844,4797200
2022-09-14 00:00:00+00:00,253.71364691612288,253.84078946391378,248.0564132029096,250.93496704101562,4194400
2022-09-15 00:00:00+00:00,252.34247278256706,252.45143626810733,245.66818217347654,246.5762481689453,3896100
2022-09-16 00:00:00+00:00,244.3151100063115,251.1346935234422,244.17890566889278,250.59893798828125,9535100
2022-09-19 00:00:00+00:00,248.42866666947378,255.375393252021,248.3651231150299,254.63986206054688,3047200
2022-09-20 00:00:00+00:00,251.42529792057186,253.1506176368621,246.42184580255466,248.96444702148438,2940700
2022-09-21 00:00:00+00:00,250.62619524462045,254.3765119479574,246.54898811010267,246.6034698486328,3173500
2022-09-22 00:00:00+00:00,246.28567682436196,246.28567682436196,243.22549864946427,244.39691162109375,3515800
2022-09-23 00:00:00+00:00,243.26181239146945,246.35829304392496,241.83614213026712,246.03140258789062,3527900
2022-09-26 00:00:00+00:00,246.47632991391026,248.41051478802413,241.19137952503047,242.07220458984375,4181800
2022-09-27 00:00:00+00:00,244.59662412434994,248.52856509618434,242.43545050207257,243.9882354736328,3701000
2022-09-28 00:00:00+00:00,249.91794036358584,257.4367261784128,247.63868570136947,256.2471618652344,5816600
2022-09-29 00:00:00+00:00,252.90543153406037,253.13244799905823,249.47294369177138,252.74195861816406,4518600
2022-09-30 00:00:00+00:00,252.2789154257231,255.8839387350378,249.5002355432966,250.57174682617188,4789100
2022-10-03 00:00:00+00:00,255.16652754294674,259.76133895363057,253.84982085339854,257.6183166503906,3580000
2022-10-04 00:00:00+00:00,261.0689918491212,264.52872131545047,260.2154075370737,262.9396057128906,3641300
2022-10-05 00:00:00+00:00,259.9338082588556,265.2550599925595,259.13470600391815,263.2028503417969,2728000
2022-10-06 00:00:00+00:00,262.9395271824435,266.03603484291204,261.31408166364713,263.6932373046875,2641500
2022-10-07 00:00:00+00:00,261.0961887292709,262.0950667678276,256.4559852533912,258.1813049316406,2406000
2022-10-10 00:00:00+00:00,257.49118769311747,258.6716623851759,254.45825063803656,256.4923095703125,2115400
2022-10-11 00:00:00+00:00,255.25733622265093,259.88847796735536,255.07571195345756,256.8827819824219,2771900
2022-10-12 00:00:00+00:00,258.27214672235664,258.4719223530085,254.70342624244051,254.7306671142578,2258200
2022-10-13 00:00:00+00:00,249.4094240136651,258.644440201065,244.0245990010967,256.82830810546875,3881600
2022-10-14 00:00:00+00:00,260.2880200290162,260.2880200290162,250.5807934472995,251.0166473388672,2783100
2022-10-17 00:00:00+00:00,253.89525605865262,257.77268785524734,253.65915003368826,255.40264892578125,3426700
2022-10-18 00:00:00+00:00,261.47762614770875,263.2120078899079,257.1915533493635,258.8533020019531,3166500
2022-10-19 00:00:00+00:00,256.50141204830396,256.7738207719249,247.92017699855677,250.16310119628906,4323000
2022-10-20 00:00:00+00:00,249.6636658316025,252.442345547651,243.2436326230958,244.6874542236328,3959500
2022-10-21 00:00:00+00:00,243.67039081241504,250.3628318014555,243.36165174384817,250.1993865966797,3429100
2022-10-24 00:00:00+00:00,251.5070675360846,258.3175632511694,251.5070675360846,257.21881103515625,2937100
2022-10-25 00:00:00+00:00,259.2620027151141,265.2733968285997,259.2620027151141,263.5753173828125,2791600
2022-10-26 00:00:00+00:00,263.88401314260324,265.0372471086596,259.8612869866338,263.4753723144531,2615000
2022-10-27 00:00:00+00:00,265.01904610080777,267.2165501234816,262.8396934203475,264.3016662597656,3041500
2022-10-28 00:00:00+00:00,263.33911360356456,271.65700065523794,263.33911360356456,271.1938781738281,3243100
2022-10-31 00:00:00+00:00,267.34367370488786,271.7659500180529,265.65465679167136,268.9055480957031,4210900
2022-11-01 00:00:00+00:00,272.7557726356173,274.42661070515305,266.3811594637171,268.8420104980469,3309100
2022-11-02 00:00:00+00:00,268.0610701682682,272.5741588907203,261.99516877289517,262.1858825683594,4426400
2022-11-03 00:00:00+00:00,257.50026282127845,259.6614641719539,254.72158328811662,255.6205596923828,4823900
2022-11-04 00:00:00+00:00,259.60698581465266,262.2857637200269,251.98829924912124,257.91796875,4401600
2022-11-07 00:00:00+00:00,260.160921065898,264.8828755696856,256.83739602632056,263.5843200683594,3260200
2022-11-08 00:00:00+00:00,265.5456524067707,266.37199553914326,261.18694802639754,264.374267578125,3371800
2022-11-09 00:00:00+00:00,262.431118819645,265.6093503624435,259.94302642254485,260.3879699707031,3071400
2022-11-10 00:00:00+00:00,270.3675678642434,285.80469020066204,269.76824096574535,283.044189453125,7794000
2022-11-11 00:00:00+00:00,283.3166116825715,288.4744202700207,281.7184065437089,285.986328125,4945400
2022-11-14 00:00:00+00:00,285.4595046752595,286.9305943075619,278.1768281323672,278.7035217285156,6394800
2022-11-15 00:00:00+00:00,276.10651649363564,287.5209115553231,275.3709853285123,283.25299072265625,9290400
2022-11-16 00:00:00+00:00,277.7410617550571,287.32117496842363,276.51519478801754,285.9590759277344,5249500
2022-11-17 00:00:00+00:00,283.3165896900679,284.8421339067558,278.0043980909841,282.8080749511719,3642100
2022-11-18 00:00:00+00:00,285.2598553193416,286.9488447111471,281.7365549440358,284.3880920410156,3559300
2022-11-21 00:00:00+00:00,287.82061076735397,289.5277793949547,285.3143672845999,287.65716552734375,4069000
2022-11-22 00:00:00+00:00,290.5810551296546,296.7740705179779,290.01805876925596,295.0124206542969,6054700
2022-11-23 00:00:00+00:00,296.7195853710705,297.6821328881485,290.9806029474582,291.9522399902344,4243400
2022-11-25 00:00:00+00:00,293.20537103567574,298.8262726810937,292.3063670753783,296.37451171875,3393500
2022-11-28 00:00:00+00:00,295.1758822085809,298.57203961082826,288.62873520663277,289.6003723144531,4733700
2022-11-29 00:00:00+00:00,286.94877545751496,290.58103843798983,286.6037060404551,286.9124450683594,3505600
2022-11-30 00:00:00+00:00,285.88016510932493,296.16685390960436,284.5737817270167,295.984130859375,15106500
2022-12-01 00:00:00+00:00,298.10359845561544,301.17317287550105,296.3952466499742,298.79791259765625,3830100
2022-12-02 00:00:00+00:00,293.32572705874253,300.0860909315583,292.6405573051162,299.638427734375,3644100
2022-12-05 00:00:00+00:00,297.0438936826925,297.3819062686252,291.91883778968355,292.4121398925781,5057300
2022-12-06 00:00:00+00:00,292.0101578881607,293.8463934365154,287.3509990867942,290.00946044921875,3341500
2022-12-07 00:00:00+00:00,288.64825760656004,294.9701017404668,287.2596571753568,292.47607421875,4038200
2022-12-08 00:00:00+00:00,291.01437295833125,296.4683243894408,291.01437295833125,296.07550048828125,3483600
2022-12-09 00:00:00+00:00,293.6911474820315,296.39527606629946,292.2751133875757,292.777587890625,3738800
2022-12-12 00:00:00+00:00,295.07973584682,299.9581405180514,293.51755681627884,299.6292724609375,4900200
2022-12-13 00:00:00+00:00,314.58425335785694,317.2335706179055,301.4381173516142,304.1148681640625,5787700
2022-12-14 00:00:00+00:00,301.95883717578664,309.75149902802366,300.5702366953964,304.608154296875,4546000
2022-12-15 00:00:00+00:00,300.9630199753722,301.4928721761998,295.4177075602704,299.2820739746094,5056900
2022-12-16 00:00:00+00:00,295.47256735818854,299.59272997277805,291.64475049940876,295.3903503417969,9615000
2022-12-19 00:00:00+00:00,291.88224708362515,294.0839287248654,288.7030501303696,289.8998107910156,3000600
2022-12-20 00:00:00+00:00,286.23646067333647,289.49787468193773,283.961678628203,287.62506103515625,2632200
2022-12-21 00:00:00+00:00,290.5575728431638,291.9644622069248,287.53369328443284,291.75433349609375,2610400
2022-12-22 00:00:00+00:00,289.05019860185234,289.05019860185234,283.87033223691816,288.7944030761719,3064400
2022-12-23 00:00:00+00:00,286.9947449134637,291.51687611918186,285.99896828756124,291.1788635253906,2064900
2022-12-27 00:00:00+00:00,290.8864741820945,293.7550364204301,290.0642762350364,291.92791748046875,1610200
2022-12-28 00:00:00+00:00,292.84147631640036,293.64541310898227,288.22801215483594,288.4381408691406,1568200
2022-12-29 00:00:00+00:00,291.1058099937436,294.01092331992874,290.1374388850153,292.71368408203125,1559100
2022-12-30 00:00:00+00:00,290.0460218579325,290.6672635602596,285.96240942401624,288.5569152832031,2581600
2023-01-03 00:00:00+00:00,289.98208393634576,291.6264799705734,284.8295947044159,288.60260009765625,2822400
2023-01-04 00:00:00+00:00,293.3166043329925,294.63213246302416,289.032007332197,292.0924377441406,3560900
2023-01-05 00:00:00+00:00,290.35654814934674,290.58493798071595,286.1541975558466,288.2005615234375,2935100
2023-01-06 00:00:00+00:00,288.94974517808845,291.2884552929454,282.2898885449565,290.0825500488281,4022500
2023-01-09 00:00:00+00:00,292.33904596486383,294.6686115855467,289.65317874969173,290.3383483886719,3466300
2023-01-10 00:00:00+00:00,288.95885312749897,293.0059428229915,286.82112728426563,292.9145812988281,2111300
2023-01-11 00:00:00+00:00,294.6685959396199,300.5976158589277,294.275772058572,300.5610656738281,2864800
2023-01-12 00:00:00+00:00,303.49362208052315,303.49362208052315,298.4690443604741,301.35589599609375,2481800
2023-01-13 00:00:00+00:00,298.2680153783309,303.6580384274383,297.8203801701064,302.58001708984375,2798600
2023-01-17 00:00:00+00:00,301.77609507717057,306.1886030412642,298.82531575752904,299.2181396484375,3988900
2023-01-18 00:00:00+00:00,301.4746102312563,305.60388879533593,295.0157384057988,295.7100524902344,2952200
2023-01-19 00:00:00+00:00,292.64968186830146,293.56324147751,283.77902586918225,284.0074157714844,5359300
2023-01-20 00:00:00+00:00,283.2126173208867,287.99051613199805,280.8190956566424,287.7712707519531,3725100
2023-01-23 00:00:00+00:00,286.4374397388351,290.082533048047,284.1992079190182,288.2097473144531,3237900
2023-01-24 00:00:00+00:00,287.88087456538733,290.603292000814,285.6061202577003,290.2287292480469,2127900
2023-01-25 00:00:00+00:00,288.072655227583,290.6214935996644,284.619402027829,289.8358459472656,2060400
2023-01-26 00:00:00+00:00,286.99465834074755,291.66296102090945,285.5146966848383,286.6840515136719,3555300
2023-01-27 00:00:00+00:00,285.0488199747703,290.7311610767225,284.41846170085233,289.3151550292969,2761200
2023-01-30 00:00:00+00:00,288.5295217785556,290.6398701446073,286.574518694169,287.07696533203125,2643100
2023-01-31 00:00:00+00:00,288.6756523229679,296.3130241038415,287.8625988799067,296.1485900878906,3526800
2023-02-01 00:00:00+00:00,294.52246384824286,301.97708491671364,290.18305617519593,299.729736328125,3076500
2023-02-02 00:00:00+00:00,304.626461953742,311.95319996155433,303.9321477312885,310.4184265136719,4776600
2023-02-03 00:00:00+00:00,303.7859358619196,305.7774888574852,301.7760938336092,302.844970703125,3389700
2023-02-06 00:00:00+00:00,300.55194370217276,302.3973518132251,299.1541987232084,300.8077392578125,2229700
2023-02-07 00:00:00+00:00,295.9932256985025,298.73390371422937,292.9967521831592,297.0895080566406,3865500
2023-02-08 00:00:00+00:00,295.02490785172495,295.9841341771234,291.94621679025016,293.0607604980469,2777200
2023-02-09 00:00:00+00:00,295.1711349110806,295.8928548565743,287.61597859828936,288.27374267578125,3063300
2023-02-10 00:00:00+00:00,286.72062356698746,289.781053136125,285.7157026500082,289.1781005859375,2768800
2023-02-13 00:00:00+00:00,289.90890840796294,295.710015608752,288.3284407632663,295.5638427734375,2432500
2023-02-14 00:00:00+00:00,292.89630772427563,295.0431781971166,288.3833492923533,290.9047546386719,3380800
2023-02-15 00:00:00+00:00,288.5751118960498,293.73671628913206,288.49289490581435,292.9693298339844,2585500
2023-02-16 00:00:00+00:00,287.7712301612936,295.75573092746436,287.70727430792624,293.4718322753906,3169200
2023-02-17 00:00:00+00:00,291.1331281354399,292.88717460250837,285.8984501626707,290.46624755859375,4985500
2023-02-21 00:00:00+00:00,279.13804739728795,281.3854234648235,269.52741310098753,269.956787109375,10891800
2023-02-22 00:00:00+00:00,271.8296018949263,274.43325189089205,269.58225346497414,270.6876525878906,5922100
2023-02-23 00:00:00+00:00,271.1353400269072,273.9582356218883,269.15290358480354,273.4375,4354500
2023-02-24 00:00:00+00:00,267.12482864046586,272.54223052289564,266.75941036657406,271.0166015625,3713300
2023-02-27 00:00:00+00:00,273.48316207060077,274.515488779676,269.53660616813346,270.4227600097656,3238300
2023-02-28 00:00:00+00:00,269.5000320571434,272.88021310259,268.86967381958925,270.90692138671875,3949500
2023-03-01 00:00:00+00:00,266.6863184605847,268.33071451327146,263.70810537977684,265.65399169921875,5905100
2023-03-02 00:00:00+00:00,263.5253936115192,268.68699975996003,262.43825546044184,267.69122314453125,4103700
2023-03-03 00:00:00+00:00,269.17119585677654,272.798000460868,268.3672590020046,272.65185546875,4036700
2023-03-06 00:00:00+00:00,272.24071647387444,274.16831353380314,271.3088958702586,272.43255615234375,3763200
2023-03-07 00:00:00+00:00,273.2091847339315,273.2091847339315,265.31604275648033,265.57183837890625,4512400
2023-03-08 00:00:00+00:00,266.33554514932365,269.1144644884502,265.2589276759986,268.2218933105469,4680300
2023-03-09 00:00:00+00:00,269.6573101781024,270.8719480873034,264.7803932295905,265.01043701171875,3248000
2023-03-10 00:00:00+00:00,265.5257161748574,269.7585271167021,261.4217432220475,263.455322265625,4730900
2023-03-13 00:00:00+00:00,261.32051769032887,269.00398539243804,260.0414889035828,263.6485595703125,3892100
2023-03-14 00:00:00+00:00,266.20661834960003,266.6667058531987,258.92805875439984,262.7743835449219,5116000
2023-03-15 00:00:00+00:00,261.2837248955514,266.07782919396675,260.10590191777817,264.9828186035156,4835500
2023-03-16 00:00:00+00:00,264.0902951167726,265.0380744951504,262.24994462815397,263.84185791015625,4400200
2023-03-17 00:00:00+00:00,264.84481715788945,268.64514500242854,263.4093461772112,265.36932373046875,8342000
2023-03-20 00:00:00+00:00,264.48592466583574,266.6943393096758,263.7313743373897,266.16986083984375,3677800
2023-03-21 00:00:00+00:00,268.1666442938242,269.5101202669306,264.64238573229204,266.3262939453125,4788200
2023-03-22 00:00:00+00:00,266.9335787101003,267.9641702801056,259.9034558824132,260.0506591796875,3723400
2023-03-23 00:00:00+00:00,262.4890984086804,263.27122460087054,257.85140909493623,261.2468566894531,6005800
2023-03-24 00:00:00+00:00,260.0047057807276,262.185516541169,258.4127925538583,260.427978515625,3851000
2023-03-27 00:00:00+00:00,261.0996404064164,262.194650836492,258.48634693477317,258.8175964355469,4269700
2023-03-28 00:00:00+00:00,258.38514297994374,260.6763979514034,257.58459517895136,258.403564453125,3633300
2023-03-29 00:00:00+00:00,258.7992581425805,261.3205290402664,258.7992581425805,260.7408142089844,3607500
2023-03-30 00:00:00+00:00,262.5811462402344,263.26209489198743,261.1917009707351,262.5811462402344,3432800
2023-03-31 00:00:00+00:00,264.081074326945,271.9577718719129,263.86945200098125,271.5621032714844,5800600
2023-04-03 00:00:00+00:00,271.33205992935393,274.1846086992828,271.2124326589008,273.9637756347656,4007600
2023-04-04 00:00:00+00:00,273.75207793405013,275.86846932076656,270.8995296569219,271.4148254394531,2965700
2023-04-05 00:00:00+00:00,271.45161784809375,272.10493421805745,265.45208711550725,265.6269226074219,4002400
2023-04-06 00:00:00+00:00,264.3202613053881,266.6575136023826,261.5505256473141,265.5716857910156,3193400
2023-04-10 00:00:00+00:00,263.2897382615901,269.2800878859638,262.8572547880997,267.92742919921875,2799900
2023-04-11 00:00:00+00:00,269.3261387004181,271.5437647729032,268.47038232234377,270.3199157714844,2497000
2023-04-12 00:00:00+00:00,272.55580081976683,274.6169834902517,266.46421974626645,267.2555847167969,3341400
2023-04-13 00:00:00+00:00,267.6697610121033,269.12362538318456,263.51055139068694,268.82916259765625,3505800
2023-04-14 00:00:00+00:00,268.8291824431651,272.55590889892517,268.1206576396049,268.8659973144531,2653200
2023-04-17 00:00:00+00:00,268.41507133746245,271.91172526906144,268.2770226157697,271.8197021484375,2621900
2023-04-18 00:00:00+00:00,272.6662996752272,275.3531953135499,272.2982352416713,275.08636474609375,2847800
2023-04-19 00:00:00+00:00,272.78595577635855,274.4790748149436,271.49768800042887,273.209228515625,2889300
2023-04-20 00:00:00+00:00,272.3442031382363,277.2579343995321,271.911719753439,274.7366638183594,3371800
2023-04-21 00:00:00+00:00,277.5431891484308,278.9970814272032,275.45440193145066,276.0893249511719,3506700
2023-04-24 00:00:00+00:00,276.05251443221164,277.8008414073128,275.33477901794845,277.5616149902344,2515400
2023-04-25 00:00:00+00:00,277.4327937153539,278.52780433508,272.4914579024214,272.67547607421875,4529500
2023-04-26 00:00:00+00:00,271.847303880791,272.34420626257014,264.16383672138176,265.0748291015625,4037400
2023-04-27 00:00:00+00:00,265.0104098033348,271.18477641891513,264.8263635639216,270.467041015625,3133600
2023-04-28 00:00:00+00:00,270.3198349408898,276.80708638694745,269.9609812464147,276.5494384765625,4063400
2023-05-01 00:00:00+00:00,275.1139803118079,275.64766955041955,273.6324836971573,273.9361572265625,2970000
2023-05-02 00:00:00+00:00,274.6171171656125,274.8287675927172,267.81700825942124,270.7891845703125,3413200
2023-05-03 00:00:00+00:00,271.0468059351637,274.91155302587504,269.1512472608057,269.6849365234375,2743400
2023-05-04 00:00:00+00:00,269.3536232217677,271.07434595380164,262.5535165911389,262.94000244140625,4422500
2023-05-05 00:00:00+00:00,264.24671682511985,267.6513481168097,263.2621226503009,266.5011291503906,3806600
2023-05-08 00:00:00+00:00,265.9305778869706,266.70352152558024,261.73458208793943,264.94598388671875,3736500
2023-05-09 00:00:00+00:00,263.32657319647325,267.82621572973784,262.94929796051105,267.384521484375,2570000
2023-05-10 00:00:00+00:00,268.4243148888351,270.13585545988656,263.0965203986334,265.958251953125,3571000
2023-05-11 00:00:00+00:00,265.69136187679334,266.3447064471951,262.2683092206314,264.7251892089844,3859700
2023-05-12 00:00:00+00:00,265.0103700089545,267.7432905729322,264.5042850488328,267.283203125,3438300
2023-05-15 00:00:00+00:00,266.7771089892526,267.69728385346826,264.03497778454715,265.50726318359375,5353600
2023-05-16 00:00:00+00:00,259.259371025259,263.2529281532571,254.97135108412724,259.7930603027344,12362100
2023-05-17 00:00:00+00:00,259.6274648315677,270.57754568816654,258.76249777121996,269.0500793457031,7956900
2023-05-18 00:00:00+00:00,269.28925880006227,272.3074322446665,268.3230861008833,271.5989074707031,4547000
2023-05-19 00:00:00+00:00,272.151043247439,272.151043247439,266.80482724585926,267.66058349609375,4470600
2023-05-22 00:00:00+00:00,267.52251836214236,269.6020950038263,265.0840318688973,267.4580993652344,3736200
2023-05-23 00:00:00+00:00,266.18828920740395,274.0005679180383,266.18828920740395,271.396484375,5352200
2023-05-24 00:00:00+00:00,273.63243264216374,273.7704532745423,267.0163722088649,267.8629455566406,4978200
2023-05-25 00:00:00+00:00,268.49795125689565,268.49795125689565,263.22533682372614,263.8602600097656,5355900
2023-05-26 00:00:00+00:00,264.09028588853494,269.8873784925049,262.88485860713314,269.45489501953125,4626100
2023-05-30 00:00:00+00:00,269.8689933235627,270.9456107104693,265.88464688935113,269.0592346191406,5193300
2023-05-31 00:00:00+00:00,268.3918897529888,268.7718809787588,261.32040435909005,262.70135498046875,18288800
2023-06-01 00:00:00+00:00,263.25747953516793,268.0490470853849,259.48542573503283,267.2798156738281,4305100
2023-06-02 00:00:00+00:00,269.3743213818954,274.5273253408929,268.5124044674298,274.277099609375,4515600
2023-06-05 00:00:00+00:00,273.98048322067444,274.07316883402535,270.0415850645254,271.64495849609375,3028800
2023-06-06 00:00:00+00:00,270.4586567131085,275.1853401664915,270.3010883417352,274.3326721191406,2855400
2023-06-07 00:00:00+00:00,275.54681428974783,280.0788783618334,275.3614430377917,279.615478515625,4842700
2023-06-08 00:00:00+00:00,280.04179230045753,283.0909711409305,278.772081275139,279.05010986328125,3757300
2023-06-09 00:00:00+00:00,278.94818021434673,279.3652231036449,274.4253932125232,275.5838928222656,3485800
2023-06-12 00:00:00+00:00,276.5569949660719,280.4588133623992,275.86189526611514,278.8369140625,4456600
2023-06-13 00:00:00+00:00,280.26422630208873,281.85832293267276,276.80728148960316,278.1140441894531,4043400
2023-06-14 00:00:00+00:00,278.9574205974507,280.4032258042776,273.9897879962878,277.7711181640625,4176000
2023-06-15 00:00:00+00:00,278.8184010322906,281.2188087121228,277.65062443206074,279.9120178222656,4109700
2023-06-16 00:00:00+00:00,282.0622704631688,283.5822358337984,278.16972795976534,278.39215087890625,10809300
2023-06-20 00:00:00+00:00,277.826654016084,280.58852649033275,276.39940326292174,279.34661865234375,3371100
2023-06-21 00:00:00+00:00,280.6997682856124,281.3485392681415,278.2066752946797,278.6886291503906,2713300
2023-06-22 00:00:00+00:00,279.43006653314507,280.66269749956757,277.66915303096533,279.13348388671875,3052000
2023-06-23 00:00:00+00:00,278.3364656208529,280.19006484057036,277.2057689654781,278.79058837890625,8525900
2023-06-26 00:00:00+00:00,280.5144606841786,286.5757099914699,279.87496666714725,285.35235595703125,4440100
2023-06-27 00:00:00+00:00,285.5933023130463,292.3682053927472,285.3523536404739,290.77410888671875,5342500
2023-06-28 00:00:00+00:00,289.16148518676346,290.03267910354623,283.6562931099364,284.0733642578125,4025600
2023-06-29 00:00:00+00:00,284.3235960286998,285.5747812152817,281.77489698642154,285.2874755859375,3279700
2023-06-30 00:00:00+00:00,286.9185979306861,288.63318278890335,285.7322956145216,287.9010314941406,3230700
2023-07-03 00:00:00+00:00,287.1039626574514,288.60537339882603,286.28837453036454,287.3263854980469,1483300
2023-07-05 00:00:00+00:00,287.771318316223,289.43954652922054,287.2986413996109,288.0493469238281,2496000
2023-07-06 00:00:00+00:00,284.37919888682455,285.43576405535265,279.4671720954584,279.9120178222656,4828300
2023-07-07 00:00:00+00:00,279.88421306692317,283.25777731863667,278.86475609411417,280.6441955566406,2951900
2023-07-10 00:00:00+00:00,281.005624175546,287.799052173601,281.005624175546,287.5673522949219,3246700
2023-07-11 00:00:00+00:00,290.0048819517704,291.54337276521653,287.9937142659223,290.6999816894531,2913800
2023-07-12 00:00:00+00:00,293.15601556709913,297.74368546948017,292.8779869660929,294.2774353027344,5300500
2023-07-13 00:00:00+00:00,294.8149656720161,295.1115483393979,290.5238788930255,291.5711669921875,3235600
2023-07-14 00:00:00+00:00,291.79360145606444,293.70280649228755,291.21899019245876,293.33209228515625,2942100
2023-07-17 00:00:00+00:00,292.60920760090033,294.5554926621284,291.15412525803,292.9150390625,2002500
2023-07-18 00:00:00+00:00,291.5063160331424,295.0188949062296,289.2820023524715,293.5730895996094,2315600
2023-07-19 00:00:00+00:00,293.79546001846836,296.52025298291113,293.50815441805304,296.09393310546875,2361400
2023-07-20 00:00:00+00:00,296.8910130548841,297.9197754313079,294.61109370808447,295.7325134277344,2101900
2023-07-21 00:00:00+00:00,297.5675906114344,298.3275731641027,296.10323122617757,297.0115051269531,3673400
2023-07-24 00:00:00+00:00,297.4748625392391,301.8215548352792,297.45633672975,301.3117980957031,2621900
2023-07-25 00:00:00+00:00,301.2747775828941,302.97080854581566,300.12552675130246,301.33038330078125,2890800
2023-07-26 00:00:00+00:00,300.92255494669763,306.7335780742803,300.50548382630956,305.4638671875,3448100
2023-07-27 00:00:00+00:00,307.42870305417097,309.0320766259566,304.8522011662947,305.5751037597656,2608600
2023-07-28 00:00:00+00:00,307.6974747134274,308.62427433605825,305.3804756568504,307.11358642578125,2268200
2023-07-31 00:00:00+00:00,307.3730776361241,309.6159450834114,307.2155375450588,309.40277099609375,2690000
2023-08-01 00:00:00+00:00,307.4749930186399,310.45001131857697,306.6594049814009,307.7622985839844,2547200
2023-08-02 00:00:00+00:00,305.87161528025405,308.188613859259,303.91608205573743,304.45361328125,2752600
2023-08-03 00:00:00+00:00,303.6936665373712,307.790132949775,303.65661492001175,305.704833984375,2451300
2023-08-04 00:00:00+00:00,304.1385909376941,305.3990249452035,301.5157319651519,302.53521728515625,3591600
2023-08-07 00:00:00+00:00,303.25809836094913,305.297068856038,302.68348711697325,305.07464599609375,2111000
2023-08-08 00:00:00+00:00,302.67420476221326,304.48147531860786,299.71774002169917,303.8141784667969,3272600
2023-08-09 00:00:00+00:00,303.387841443318,306.696522658644,302.8410330972828,304.18487548828125,2698900
2023-08-10 00:00:00+00:00,306.4555879358413,308.5316101842031,304.8614913426544,305.2878112792969,3075100
2023-08-11 00:00:00+00:00,304.4722119208938,307.31749364461666,304.3146718186936,306.87261962890625,3108400
2023-08-14 00:00:00+00:00,307.19699458209533,309.3564535387638,304.38879286067106,305.79754638671875,3974800
2023-08-15 00:00:00+00:00,307.4750516085279,313.4158405788752,304.4722016007067,307.8272399902344,5860900
2023-08-16 00:00:00+00:00,308.2721083424578,313.082200995941,307.4009143712196,308.652099609375,3753900
2023-08-17 00:00:00+00:00,309.3379500402133,311.0803381387759,303.11913148305354,303.3230285644531,3885100
2023-08-18 00:00:00+00:00,301.2654976189155,304.81515618387857,300.6816093030712,303.4064025878906,3472000
2023-08-21 00:00:00+00:00,302.70201181126447,303.8697883890258,299.8196785549551,300.33868408203125,3109700
2023-08-22 00:00:00+00:00,301.4600564979551,302.42393587601026,298.4572352353195,300.7279052734375,2582200
2023-08-23 00:00:00+00:00,300.76501054304396,302.99860108101404,300.3572164366447,302.2200927734375,2728000
2023-08-24 00:00:00+00:00,301.3211205202443,304.9171079601791,298.71681556905406,298.976318359375,2490000
2023-08-25 00:00:00+00:00,299.7548145896481,302.4518050603656,297.68806939876913,299.2265319824219,2418100
2023-08-28 00:00:00+00:00,299.5416039787641,303.4712247327554,299.23574431076116,302.05322265625,2099900
2023-08-29 00:00:00+00:00,302.86887930087715,305.69560704831014,302.85032520547867,305.269287109375,2628200
2023-08-30 00:00:00+00:00,305.93155969623274,309.307994916641,305.8103017798701,308.3846130371094,2256200
2023-08-31 00:00:00+00:00,308.91619010065244,310.2219895110576,307.49844062853344,308.07672119140625,2914700
2023-09-01 00:00:00+00:00,309.6623548873434,311.0148072808515,308.86023112489323,310.669677734375,2317400
2023-09-05 00:00:00+00:00,309.51315132892626,309.9421936578101,305.3439005468258,305.726318359375,3141400
2023-09-06 00:00:00+00:00,305.4930666484584,306.50038937043877,303.6556114032693,304.0660095214844,3199700
2023-09-07 00:00:00+00:00,303.1613146687284,307.7223191148942,302.48042031691773,306.3232421875,2454000
2023-09-08 00:00:00+00:00,305.4651691009583,307.32126895882885,304.7003334491827,306.59375,2210300
2023-09-11 00:00:00+00:00,307.13469382676726,307.68499398739976,305.5304178554535,306.2765808105469,2087800
2023-09-12 00:00:00+00:00,304.8401929558744,306.64966804344374,303.9634642761162,304.32720947265625,2190500
2023-09-13 00:00:00+00:00,304.1033703687653,305.8941729044256,303.13333572444503,303.9541320800781,2564300
2023-09-14 00:00:00+00:00,305.36256402061423,308.0767483905908,303.38517792251764,307.45184326171875,2707600
2023-09-15 00:00:00+00:00,305.2971838376582,307.02271738540236,298.7774673437494,299.7754821777344,7117800
2023-09-18 00:00:00+00:00,298.6189692617308,300.00870983803554,295.58763605645987,295.9140930175781,2740400
2023-09-19 00:00:00+00:00,294.69224992355845,295.6062953043443,291.3251232970853,293.4423828125,2776500
2023-09-20 00:00:00+00:00,293.80619923308456,295.0653743512287,289.8887718575912,289.9447326660156,2320000
2023-09-21 00:00:00+00:00,288.582966382503,289.3571383238749,285.7474954677388,286.12060546875,2766500
2023-09-22 00:00:00+00:00,285.5609740569341,286.95071490346555,284.9080600077424,285.159912109375,2289200
2023-09-25 00:00:00+00:00,284.02198038845495,286.6149354094774,284.02198038845495,285.8687438964844,1882300
2023-09-26 00:00:00+00:00,284.03124196710445,285.23445601669476,281.3357020631005,282.1844787597656,2655500
2023-09-27 00:00:00+00:00,282.6135704433087,283.7514876080879,279.7221387822176,281.5129699707031,2513900
2023-09-28 00:00:00+00:00,281.3730923029889,284.35777325633813,280.51497909451814,283.07061767578125,2369600
2023-09-29 00:00:00+00:00,284.43240014972395,285.10395833013905,279.64755167230345,281.8301086425781,3502600
2023-10-02 00:00:00+00:00,280.3004075412957,283.03329295733613,278.37901070808334,279.6568298339844,2806800
2023-10-03 00:00:00+00:00,277.86605779207275,278.22980305645217,270.5535511668008,272.2977294921875,3609200
2023-10-04 00:00:00+00:00,273.6221469051604,274.41496292145416,270.8239928224495,272.7174377441406,2956300
2023-10-05 00:00:00+00:00,272.35368710287656,272.97862075853374,270.7120941268319,272.0738830566406,2469300
2023-10-06 00:00:00+00:00,271.197133198452,274.72280659922427,268.05387764755716,273.1185302734375,2922500
2023-10-09 00:00:00+00:00,270.7680584600273,275.64618446774386,270.1897777807485,275.48760986328125,1929900
2023-10-10 00:00:00+00:00,276.7281151430228,280.4403431568826,275.31039398177614,279.087890625,3116300
2023-10-11 00:00:00+00:00,279.5728776916335,280.6082094489221,275.9912440708745,277.99658203125,2292800
2023-10-12 00:00:00+00:00,277.6701651473674,277.6701651473674,271.2064076543479,273.3050231933594,2546400
2023-10-13 00:00:00+00:00,273.23038422878585,274.89995724177726,271.31832391722355,272.2790222167969,2092700
2023-10-16 00:00:00+00:00,274.6201056575612,278.2950162090196,273.8272898040008,277.3249816894531,2567000
2023-10-17 00:00:00+00:00,276.72804175633337,278.285664516424,274.6853875311657,276.02850341796875,2139700
2023-10-18 00:00:00+00:00,273.2864082794495,273.59419273376665,270.0964997950365,270.71209716796875,2720100
2023-10-19 00:00:00+00:00,271.42093220525663,271.7380529027709,267.1490963807484,267.47552490234375,3028600
2023-10-20 00:00:00+00:00,266.62672806121424,267.8579225337125,264.52811276393874,267.1397399902344,2885300
2023-10-23 00:00:00+00:00,266.5894921830585,268.8559903177053,265.1997228687123,265.88995361328125,2590900
2023-10-24 00:00:00+00:00,267.4475681742221,268.538860831807,263.0544740691676,264.24835205078125,2705200
2023-10-25 00:00:00+00:00,262.79330852682426,264.1737414771462,260.4148889036929,262.0284729003906,2962800
2023-10-26 00:00:00+00:00,261.65533777011103,264.1829951779394,259.0623832812412,259.2955627441406,3108200
2023-10-27 00:00:00+00:00,260.20969009957236,260.85326782692096,255.80725979438122,257.8592224121094,2907300
2023-10-30 00:00:00+00:00,258.8012350101331,263.3249224858041,258.32553977594455,262.54144287109375,3074400
2023-10-31 00:00:00+00:00,263.5768087263976,266.19774435264503,262.67207101619243,265.5355224609375,3036000
2023-11-01 00:00:00+00:00,266.3749359920458,267.53149722860115,263.04512582826544,267.344970703125,2747300
2023-11-02 00:00:00+00:00,270.7214079158783,274.8346978394629,270.4882284086295,274.71343994140625,3628000
2023-11-03 00:00:00+00:00,274.386984203972,277.7727552191285,274.3776763793599,275.72076416015625,3071900
2023-11-06 00:00:00+00:00,274.9186453570951,276.4949411394245,273.49158787854617,274.7507629394531,2890300
2023-11-07 00:00:00+00:00,274.7880175738392,276.08450916826683,273.80867512635797,274.937255859375,2629000
2023-11-08 00:00:00+00:00,275.1797551188877,277.9592646496552,274.3216421446223,276.0098876953125,2454900
2023-11-09 00:00:00+00:00,272.30700030558904,273.04382694692777,268.32427668447673,268.5014953613281,4059100
2023-11-10 00:00:00+00:00,269.7700515090393,271.97125244140625,267.4942171927607,271.97125244140625,3653500
2023-11-13 00:00:00+00:00,268.4268894458628,270.42289092838274,267.91387752795487,268.68804931640625,4586700
2023-11-14 00:00:00+00:00,280.64553365472415,287.50098820702874,279.9459951523017,283.201171875,7952800
2023-11-15 00:00:00+00:00,283.6395026117896,288.1445172828933,283.55556142137914,287.4543151855469,3985900
2023-11-16 00:00:00+00:00,285.29979322175336,287.2305263593881,283.85406320857913,285.8221130371094,3114000
2023-11-17 00:00:00+00:00,287.7434752001341,287.93933799120873,284.8986969606955,286.5962219238281,2770300
2023-11-20 00:00:00+00:00,286.5215973397102,288.83474784452943,285.16914507753114,287.4543151855469,3459000
2023-11-21 00:00:00+00:00,285.01061690814765,285.47697586039544,281.99792782948197,284.79608154296875,2977200
2023-11-22 00:00:00+00:00,286.70823633872556,289.0120227675437,285.8594594344935,288.3964538574219,2873500
2023-11-24 00:00:00+00:00,288.37775209405186,290.4297431344567,287.5662919667129,289.7955017089844,1259900
2023-11-27 00:00:00+00:00,289.78616651062606,291.8381575587525,288.90940928681704,290.0007019042969,2992600
2023-11-28 00:00:00+00:00,289.8047599599526,293.41437354440944,288.57359401060626,292.2578125,3116900
2023-11-29 00:00:00+00:00,294.89634966075687,294.89634966075687,291.9385654515355,292.0418395996094,3083800
2023-11-30 00:00:00+00:00,293.4691302612739,294.6146882294339,289.7601438428127,294.36114501953125,4493700
2023-12-01 00:00:00+00:00,294.68041801964233,300.567847696585,293.901076336149,300.11712646484375,3613600
2023-12-04 00:00:00+00:00,300.1171158580387,305.24394432040316,299.49738493208275,304.2486267089844,3827900
2023-12-05 00:00:00+00:00,302.35187399626886,304.15473007693186,300.483311025469,303.7603454589844,3269800
2023-12-06 00:00:00+00:00,305.1688653123927,308.27689054052456,304.4270622008823,306.21112060546875,3030800
2023-12-07 00:00:00+00:00,306.21109082973067,307.43178336553893,304.86835483022594,306.2674560546875,2742300
2023-12-08 00:00:00+00:00,306.1078415508878,307.309736224257,305.2251970159448,306.5491638183594,2889300
2023-12-11 00:00:00+00:00,309.68530808506273,311.8261835273685,308.74632712518434,311.112548828125,3520700
2023-12-12 00:00:00+00:00,310.27687260317293,314.10790233490155,310.16419947215513,312.86846923828125,2893400
2023-12-13 00:00:00+00:00,314.464736796618,322.8592293792811,311.65719272611017,322.4460754394531,5822700
2023-12-14 00:00:00+00:00,328.3992283444783,331.52605133645517,326.76541046190573,330.3429260253906,7594800
2023-12-15 00:00:00+00:00,326.97201268393076,332.7561399267071,325.5917092662747,332.3993225097656,11212800
2023-12-18 00:00:00+00:00,332.1269699019742,333.2631575726698,328.94383913214097,329.4039306640625,4420500
2023-12-19 00:00:00+00:00,330.01427330647005,331.42274488785904,329.01895568138934,330.5870666503906,4654700
2023-12-20 00:00:00+00:00,329.5823747465074,333.12232327042256,327.0565132288078,327.3851623535156,3259500
2023-12-21 00:00:00+00:00,330.3992477296605,330.7560651030004,325.8264147359578,327.67620849609375,2794200
2023-12-22 00:00:00+00:00,327.74191934543626,329.9015640717847,325.5353083782566,327.3193664550781,2029900
2023-12-26 00:00:00+00:00,327.169114570097,328.72782633352665,326.9156000380433,327.99542236328125,1585500
2023-12-27 00:00:00+00:00,328.5588599466673,328.64336480182226,325.9954313852593,327.2630615234375,2764300
2023-12-28 00:00:00+00:00,327.23485019537367,327.7419079150343,324.69959025249403,326.1643981933594,2859400
2023-12-29 00:00:00+00:00,324.7277716762266,326.34282006811213,322.08923748009755,325.4038391113281,10325700
2024-01-02 00:00:00+00:00,323.20665066325,326.1080985924908,322.27706861803085,324.0235595703125,2833600
2024-01-03 00:00:00+00:00,321.58228319971744,321.78886020447953,316.05167032316064,317.6197814941406,3309600
2024-01-04 00:00:00+00:00,319.1878271380396,321.9954000132693,317.8826583561001,317.9295959472656,3652400
2024-01-05 00:00:00+00:00,317.2535494724634,322.8498689778201,317.2066118781851,322.0141906738281,2664300
2024-01-08 00:00:00+00:00,322.4742315796011,327.1973047700414,322.30522188024355,326.69964599609375,2736200
2024-01-09 00:00:00+00:00,324.709039544301,327.8076655942354,324.18321244074156,325.06585693359375,2338100
2024-01-10 00:00:00+00:00,329.2255461077556,335.0847789559351,328.93446426147926,335.0284423828125,4109300
2024-01-11 00:00:00+00:00,335.3006988576785,338.9721177545575,331.70441448268576,334.7748718261719,3530400
2024-01-12 00:00:00+00:00,336.65281578734596,336.65281578734596,331.8640075394256,334.0048828125,1956100
2024-01-16 00:00:00+00:00,336.2115110824954,337.7044873295568,334.4743906227517,336.5589294433594,3669400
2024-01-17 00:00:00+00:00,334.86875926610264,337.8077740356218,332.44617252373024,333.9955139160156,2646100
2024-01-18 00:00:00+00:00,334.3899550686582,336.8219127540733,332.42748794773473,336.06134033203125,2510700
2024-01-19 00:00:00+00:00,336.91577468563605,340.81254015507193,334.54015387105346,340.2961120605469,3234600
2024-01-22 00:00:00+00:00,337.43223438874907,339.4041004301116,333.9861897983057,334.9251708984375,4003700
2024-01-23 00:00:00+00:00,334.1364345741384,334.16460286129285,327.76074479750775,329.37579345703125,3878400
2024-01-24 00:00:00+00:00,330.4649485410882,331.3381939227262,325.8921160280673,326.07989501953125,3474400
2024-01-25 00:00:00+00:00,331.07531336392884,331.3476258823936,327.00953816847874,329.5541687011719,3064200
2024-01-26 00:00:00+00:00,330.02361931229336,335.2631201456425,329.60106644353255,333.6199035644531,3177700
2024-01-29 00:00:00+00:00,333.47905723344627,334.6246150650545,331.4696530303829,333.9955139160156,2732000
2024-01-30 00:00:00+00:00,332.86879360195695,337.0284729183259,332.43687032771413,335.3101501464844,2336500
2024-01-31 00:00:00+00:00,336.0800959368719,337.0754135157168,330.8499648303014,331.4227294921875,3377900
2024-02-01 00:00:00+00:00,331.83589137144406,338.16464302032364,330.82180446406875,338.0989074707031,2439100
2024-02-02 00:00:00+00:00,332.5683109808234,337.61063477953985,328.6621462617784,335.4322204589844,3697600
2024-02-05 00:00:00+00:00,332.0800243645967,334.342972016423,329.35698519186116,333.4697265625,2653800
2024-02-06 00:00:00+00:00,333.197395293859,336.1551795504386,332.68093857894866,334.511962890625,2045300
2024-02-07 00:00:00+00:00,336.60591901177605,341.5355692590787,335.8922842824302,340.55902099609375,3272200
2024-02-08 00:00:00+00:00,340.71867593443443,343.33844128649037,339.58251680113466,341.5262145996094,2521900
2024-02-09 00:00:00+00:00,341.9111785532184,342.1928614095338,338.78435557097816,340.990966796875,2389900
2024-02-12 00:00:00+00:00,341.9956473480834,346.22106167982906,341.83600797605277,343.1506042480469,3119700
2024-02-13 00:00:00+00:00,336.5965410703597,337.4979548626883,332.28662145198587,335.7702331542969,3106500
2024-02-14 00:00:00+00:00,335.3758981288409,337.0754516579818,332.38054607351984,336.3712158203125,2998900
2024-02-15 00:00:00+00:00,337.00023920908507,339.5730663602396,335.07533982665313,339.0472106933594,2662800
2024-02-16 00:00:00+00:00,338.67166570745263,341.7796905755363,337.2350259003186,340.2397766113281,3899600
2024-02-20 00:00:00+00:00,333.62933882686417,342.9628123155095,332.92510307262285,340.44635009765625,4830000
2024-02-21 00:00:00+00:00,338.5872229381969,342.8314075894434,337.04730869162955,341.9112243652344,3277800
2024-02-22 00:00:00+00:00,345.0191930810466,350.20235806759973,344.74688055793877,348.68121337890625,3387500
2024-02-23 00:00:00+00:00,349.37607036240695,351.41367193028447,347.65774758099616,349.2633972167969,3398200
2024-02-26 00:00:00+00:00,350.718841871572,352.0052414011889,348.09907656380744,348.9253845214844,2461000
2024-02-27 00:00:00+00:00,349.9206680662621,352.8690535489822,347.99573979457926,352.6437072753906,2802900
2024-02-28 00:00:00+00:00,352.6437039176965,356.66254147256416,352.17421341523334,354.568603515625,2282500
2024-02-29 00:00:00+00:00,355.6766353711706,358.48417950476687,355.07567375230707,357.38555908203125,4382800
2024-03-01 00:00:00+00:00,357.1507841127457,361.60157334785947,356.65312535027175,360.9912414550781,2750900
2024-03-04 00:00:00+00:00,359.5358074740879,361.0663510391712,356.9160425457832,357.1601867675781,2619000
2024-03-05 00:00:00+00:00,356.9066737148445,357.7329815562916,354.0145962697796,355.35736083984375,3011600
2024-03-06 00:00:00+00:00,357.55829377266866,358.7768319486703,355.0645727348088,356.5286865234375,2496300
2024-03-07 00:00:00+00:00,356.934863237799,359.2302270258919,354.77172803956347,355.68798828125,2368500
2024-03-08 00:00:00+00:00,354.22386243246547,355.7541049058839,351.48453699501675,352.665283203125,2162900
2024-03-11 00:00:00+00:00,350.9744374569989,352.3157777984113,348.4334693769202,350.9366455078125,2833700
2024-03-12 00:00:00+00:00,351.8718065708847,355.07397512770444,351.77734111387775,353.7893371582031,2843800
2024-03-13 00:00:00+00:00,355.1967988808118,361.50669974693227,354.96064963737786,357.9927978515625,3761200
2024-03-14 00:00:00+00:00,357.0576418491667,359.1357666393306,351.55065439544853,354.4788818359375,3877500
2024-03-15 00:00:00+00:00,353.392617239499,357.4544015460714,351.9001666961878,352.55194091796875,9234900
2024-03-18 00:00:00+00:00,355.63129504061936,356.6798126408147,350.57772444003524,351.3050537109375,3455600
2024-03-19 00:00:00+00:00,354.1200189090585,358.4368057263845,352.45751879667824,358.38958740234375,3493800
2024-03-20 00:00:00+00:00,358.39901885915987,363.55651058660163,355.38575201846356,363.112548828125,2750400
2024-03-21 00:00:00+00:00,366.8908668024021,374.88214810007617,366.77751979243357,373.3046875,4212200
2024-03-22 00:00:00+00:00,372.8229635058607,374.4571265675823,368.4778118753419,368.65728759765625,2910900
2024-03-25 00:00:00+00:00,367.54265273290883,368.2605267613528,361.67671416430113,362.2623596191406,2683900
2024-03-26 00:00:00+00:00,361.22334828159103,362.9708585262335,358.38010203937176,358.8807373046875,2720200
2024-03-27 00:00:00+00:00,359.7498121330811,364.91675943511376,359.6458914618963,364.5105895996094,2536500
2024-03-28 00:00:00+00:00,365.6818691384306,366.13525728388214,358.68240137487396,362.3474426269531,4108200
2024-04-01 00:00:00+00:00,360.33536834124027,361.91285779438687,347.4605084198185,347.6399841308594,4333200
2024-04-02 00:00:00+00:00,344.3055978570103,346.5348328841804,342.85091044201926,342.8887023925781,4650500
2024-04-03 00:00:00+00:00,341.94410865309453,342.3219416818239,339.1103176974059,339.96044921875,4723000
2024-04-04 00:00:00+00:00,342.52028993368276,344.77789050564405,337.1361045561199,337.8634338378906,4381600
2024-04-05 00:00:00+00:00,337.86343198722693,339.422011197805,336.29539758251804,338.04290771484375,3243400
2024-04-08 00:00:00+00:00,338.2318553894036,342.48254189796165,337.4667341240082,341.9913330078125,4339600
2024-04-09 00:00:00+00:00,343.4838221135996,344.25839859546767,338.855302438937,341.3962707519531,3022600
2024-04-10 00:00:00+00:00,332.3753592821483,334.3779004153214,329.42822109922827,331.137939453125,4805200
2024-04-11 00:00:00+00:00,331.5913172358295,332.4131119597207,326.6321833105996,328.1246337890625,4104700
2024-04-12 00:00:00+00:00,326.94390259191283,326.94390259191283,322.5893243445016,323.87396240234375,3550300
2024-04-15 00:00:00+00:00,326.75495962368444,326.90606975421497,318.5086186297486,319.2076110839844,4209200
2024-04-16 00:00:00+00:00,318.1591559862783,319.3776653132063,314.5129967192687,316.2793884277344,4525500
2024-04-17 00:00:00+00:00,318.1213364472023,318.56529813436845,313.54949100213366,314.3901672363281,4273800
2024-04-18 00:00:00+00:00,317.05396745096965,318.28196080897015,312.9733016190995,314.4468994140625,3717300
2024-04-19 00:00:00+00:00,316.1660165669616,317.26175241714594,314.1540205816031,316.7799987792969,3076600
2024-04-22 00:00:00+00:00,319.4816096022954,320.6434743303491,315.2214677595789,317.4884948730469,3112800
2024-04-23 00:00:00+00:00,319.2737563591791,321.34242590327244,317.6585037106439,320.2183532714844,3697400
2024-04-24 00:00:00+00:00,318.39530303634893,318.84869112629605,313.4361690148725,314.56024169921875,4029200
2024-04-25 00:00:00+00:00,311.4524821158974,314.46574844688564,308.7887120156267,313.5872802734375,3787800
2024-04-26 00:00:00+00:00,312.6615957645328,317.2239864267861,312.6521405702925,316.5249938964844,2465300
2024-04-29 00:00:00+00:00,316.43999571594077,318.65034924172414,315.63708249876163,318.1402587890625,2427400
2024-04-30 00:00:00+00:00,317.12008142538764,318.744789292592,314.41851922473836,315.70318603515625,3089900
2024-05-01 00:00:00+00:00,314.5602086271707,316.80835375949897,311.178535735528,313.57781982421875,3267500
2024-05-02 00:00:00+00:00,316.91230655245226,317.3846050719045,312.6427383142571,316.9406433105469,3213600
2024-05-03 00:00:00+00:00,322.3720782604559,327.661827476111,321.5124914905657,323.8551025390625,4165100
2024-05-06 00:00:00+00:00,326.83052674271113,327.1894781762788,321.5785702954181,323.3260803222656,3366100
2024-05-07 00:00:00+00:00,324.5635390647169,326.3960595740073,321.5219355332278,321.81475830078125,2930700
2024-05-08 00:00:00+00:00,320.01055145892633,321.57858584480965,318.9242707389476,320.0577697753906,3123200
2024-05-09 00:00:00+00:00,320.4544842850811,328.72916199112575,320.10498805968297,328.19073486328125,3801400
2024-05-10 00:00:00+00:00,328.20965858981504,330.4294672581134,325.60259052732255,327.2367248535156,3413700
2024-05-13 00:00:00+00:00,328.7764071936509,329.4659733344898,321.54079120565,322.06976318359375,4055600
2024-05-14 00:00:00+00:00,316.48718911917024,325.17749238539375,314.55077694796256,321.63525390625,5854300
2024-05-15 00:00:00+00:00,326.05596766375936,331.02455683590927,325.59312438371734,329.3526306152344,4151100
2024-05-16 00:00:00+00:00,328.7197453879707,328.95589463034713,323.68505622430274,323.7417297363281,3101600
2024-05-17 00:00:00+00:00,325.65922452711294,325.8197898512118,321.7202429147536,325.1396789550781,2739000
2024-05-20 00:00:00+00:00,322.2303118405158,323.5716231570182,318.8392127788481,319.10369873046875,3237400
2024-05-21 00:00:00+00:00,320.21835207253986,320.21835207253986,313.91787800725723,317.5262451171875,4275100
2024-05-22 00:00:00+00:00,316.1188392642326,316.67614804168795,310.7062880117734,312.2743225097656,4024400
2024-05-23 00:00:00+00:00,312.6426947667754,312.66157632727044,307.93859179060473,308.779296875,4021100
2024-05-24 00:00:00+00:00,308.3070392197789,309.3933200415982,306.4461819130119,307.0885009765625,2736900
2024-05-28 00:00:00+00:00,307.3624606483649,312.6521812856874,306.5028738380961,310.48907470703125,3807500
2024-05-29 00:00:00+00:00,308.4391915455193,308.6847959377746,305.83209515636787,307.8535461425781,3506200
2024-05-30 00:00:00+00:00,310.3266226532884,314.0932221052809,309.80346529535143,313.10400390625,2921800
2024-05-31 00:00:00+00:00,313.93149829249876,318.80147974459993,311.9911456723087,318.51611328125,5557800
2024-06-03 00:00:00+00:00,317.35572800733775,317.35572800733775,310.8783062406039,311.9911804199219,3712800
2024-06-04 00:00:00+00:00,310.90687243672795,313.6842831989629,309.22332314585225,312.22900390625,4296800
2024-06-05 00:00:00+00:00,312.45725982169586,314.3215324528303,310.0032703704116,314.1313171386719,2422400
2024-06-06 00:00:00+00:00,313.69373726291093,315.6341190949034,312.0387219214164,314.9302673339844,2979400
2024-06-07 00:00:00+00:00,309.8225199665334,312.7616119132463,308.11040812497833,311.05902099609375,2583800
2024-06-10 00:00:00+00:00,311.0304723378928,316.54720916603065,310.55489057590825,316.3189392089844,2691000
2024-06-11 00:00:00+00:00,316.73751010487985,319.8858596098715,314.18839837146766,319.3246765136719,3250900
2024-06-12 00:00:00+00:00,330.0823133728477,333.3733314051787,326.30619260048724,327.3334655761719,4793000
2024-06-13 00:00:00+00:00,329.00749366908855,331.6612483232583,326.3157133693267,330.89080810546875,3380800
2024-06-14 00:00:00+00:00,327.97071985620323,330.5293522722283,325.0030940571342,329.9015808105469,2589000
2024-06-17 00:00:00+00:00,328.04679085768345,333.56352750323873,327.58070100786347,332.431640625,2680200
2024-06-18 00:00:00+00:00,335.7132025834689,339.0042204957005,334.9141996194454,336.5882568359375,3655000
2024-06-20 00:00:00+00:00,334.8095823674989,337.5869928113831,332.51727464131994,336.17926025390625,3661200
2024-06-21 00:00:00+00:00,337.51087182917996,338.85201592283425,334.8571173873871,338.4239807128906,6596400
2024-06-24 00:00:00+00:00,339.47028771402586,340.22171509600264,333.5921035515276,333.7442932128906,4278900
2024-06-25 00:00:00+00:00,329.3974249130836,330.0442091178169,318.1927201955332,321.7976379394531,4879600
2024-06-26 00:00:00+00:00,322.8819783754379,325.8591250033963,321.046239646007,325.1267395019531,3365300
2024-06-27 00:00:00+00:00,326.0873913839383,327.92315912037697,321.92131936273626,324.8128356933594,2912600
2024-06-28 00:00:00+00:00,324.6796802946462,328.41774604158513,324.0709216957799,327.42852783203125,6344000
2024-07-01 00:00:00+00:00,327.124171971352,327.8185027665131,319.01074827209277,319.77166748046875,2643600
2024-07-02 00:00:00+00:00,318.63983135660413,320.3804481111461,316.290455916558,318.6112976074219,2995900
2024-07-03 00:00:00+00:00,320.5420558807162,323.0531411120674,317.2510387461748,317.3461608886719,1733000
2024-07-05 00:00:00+00:00,316.46162417340327,319.51488014163067,315.44390121120273,318.24029541015625,3437500
2024-07-08 00:00:00+00:00,319.4768374517919,324.11852050539966,318.63980883199906,323.0151672363281,3534500
2024-07-09 00:00:00+00:00,322.39686466723435,322.6917230160934,319.1819275451401,320.627685546875,2254300
2024-07-10 00:00:00+00:00,322.1020648796308,327.4761335717322,321.1318594017747,327.3714904785156,3263100
2024-07-11 00:00:00+00:00,333.64919506100813,336.8355991997193,328.151470142606,336.51220703125,4146900
2024-07-12 00:00:00+00:00,337.66306402533286,346.17598950389714,336.79750170189027,342.2001037597656,4019900
2024-07-15 00:00:00+00:00,341.60091488186754,343.5412677583402,337.69161732711916,340.9541015625,2884000
2024-07-16 00:00:00+00:00,342.47596590488354,351.3788723577097,341.9433166073104,351.093505859375,3210400
2024-07-17 00:00:00+00:00,348.73460203890966,356.86703841053037,347.57418139961624,353.72821044921875,3991100
2024-07-18 00:00:00+00:00,351.83544816397267,357.3902407098539,347.9166583494081,348.2019958496094,2395000
2024-07-19 00:00:00+00:00,348.53488647726266,349.647760710713,344.27369193722484,345.61480712890625,2474500
2024-07-22 00:00:00+00:00,346.699116800706,349.343350330169,343.4461246612216,345.5101623535156,4049300
2024-07-23 00:00:00+00:00,347.5836920318091,347.5836920318091,341.8291641168189,342.05743408203125,2535700
2024-07-24 00:00:00+00:00,341.40114349590715,343.79809434191213,332.907259526518,333.2021179199219,3508100
2024-07-25 00:00:00+00:00,333.09752883678686,341.30604692582955,332.2699920610492,336.03662109375,3297600
2024-07-26 00:00:00+00:00,337.6726440869125,344.0073979934226,337.6726440869125,341.952880859375,2439000
2024-07-29 00:00:00+00:00,341.66741074201144,345.16771425765813,341.4201279864093,344.0072937011719,2142100
2024-07-30 00:00:00+00:00,345.10117275999124,346.87984398806435,341.71503277958067,345.9286804199219,2788800
2024-07-31 00:00:00+00:00,347.1747089884197,354.2989149608724,345.31043648694975,350.1803894042969,3526100
2024-08-01 00:00:00+00:00,351.9209861785931,353.3382395808318,336.4740996960923,341.0682067871094,3759000
2024-08-02 00:00:00+00:00,337.5965311785104,338.2052898905793,329.8064980124828,338.0721130371094,3764600
2024-08-05 00:00:00+00:00,333.7442862462329,336.6548445194214,328.3797096472052,332.9167785644531,3827900
2024-08-06 00:00:00+00:00,331.71827453713365,341.1443084165648,330.32006301455556,336.62628173828125,2831100
2024-08-07 00:00:00+00:00,337.83424356264834,338.87100829008466,325.5642402689669,325.6783752441406,3429100
2024-08-08 00:00:00+00:00,325.52617465167486,331.7087371680741,324.6701333394607,331.3282775878906,3591100
2024-08-09 00:00:00+00:00,330.9003662113243,334.3625871179001,328.5319487690251,331.6137390136719,2314800
2024-08-12 00:00:00+00:00,333.6396382251995,334.33399808780865,325.4215999950845,328.921875,3830200
2024-08-13 00:00:00+00:00,325.17429335111234,336.13171653527087,322.79638436527364,332.9738464355469,6388600
2024-08-14 00:00:00+00:00,332.4792381137016,342.1240513378721,332.33656937341726,338.2908630371094,4814800
2024-08-15 00:00:00+00:00,344.7588009113532,347.56474555392487,340.6497956171596,342.48553466796875,3575800
2024-08-16 00:00:00+00:00,342.39033708624396,345.9381875032604,342.39033708624396,344.3782653808594,3308300
2024-08-19 00:00:00+00:00,344.79675807790784,346.87980840061016,344.4162984951251,345.33892822265625,3634900
2024-08-20 00:00:00+00:00,343.0371336362213,349.6857866887317,342.8944649070276,349.3338317871094,3459400
2024-08-21 00:00:00+00:00,351.4073865414081,354.66034963997424,350.52278237574853,352.3680419921875,4587600
2024-08-22 00:00:00+00:00,353.35727882188917,354.2703877539448,346.80374765845755,347.5171203613281,4097300
2024-08-23 00:00:00+00:00,348.7536442127392,357.941887944318,347.3554325790813,357.2475280761719,3426200
2024-08-26 00:00:00+00:00,358.6647703868852,360.09151583808466,355.13596143187084,355.8398132324219,2452100
2024-08-27 00:00:00+00:00,355.2500585682969,356.001485886809,352.8816706603877,354.9552001953125,1780300
2024-08-28 00:00:00+00:00,354.7839941121685,357.07630168607767,352.12074785840235,354.4891357421875,2218300
2024-08-29 00:00:00+00:00,356.56570964699546,357.24515866472984,351.13029272622026,351.25469970703125,2698400
2024-08-30 00:00:00+00:00,353.3408172878676,354.4604508912891,349.16856935094626,352.6326904296875,3216700
2024-09-03 00:00:00+00:00,352.0585128343082,353.47479572495627,347.27380885666463,349.0345764160156,3598100
2024-09-04 00:00:00+00:00,348.48915044074647,350.1733464215529,344.50827313458524,348.9676208496094,3221300
2024-09-05 00:00:00+00:00,349.1876392506232,349.4268744144293,342.1828266455391,346.26898193359375,2789200
2024-09-06 00:00:00+00:00,347.2929840607186,349.70446447507334,343.94369110568965,344.5465393066406,2228800
2024-09-09 00:00:00+00:00,347.1398689953204,350.3934620156013,344.5274099848522,349.781005859375,2747600
2024-09-10 00:00:00+00:00,349.9532370225404,355.56089568874523,346.87188670045276,354.9006042480469,2787400
2024-09-11 00:00:00+00:00,353.6374606172744,355.22598584816313,346.5465549952121,354.5369873046875,2937700
2024-09-12 00:00:00+00:00,355.92456924389035,358.84322704968133,354.6039862459729,358.3073425292969,2367700
2024-09-13 00:00:00+00:00,359.38868890057415,365.5513900641143,359.3408535413962,363.6279296875,2514700
2024-09-16 00:00:00+00:00,365.55133433415585,367.4652156657483,363.1876897214987,365.5609130859375,2877800
2024-09-17 00:00:00+00:00,366.9198276918504,371.2356403244082,365.24518118342326,366.7380065917969,2947600
2024-09-18 00:00:00+00:00,367.55139593165336,375.76196451859266,364.66144516944485,367.474853515625,3549400
2024-09-19 00:00:00+00:00,374.0107885789579,374.9964365660875,370.34571767638454,373.5323181152344,3753500
2024-09-20 00:00:00+00:00,371.6088187137049,374.95811161013677,370.33610026260806,373.07293701171875,6584200
2024-09-23 00:00:00+00:00,374.0011717208409,375.74281104019866,370.58491515258254,375.08251953125,2502300
2024-09-24 00:00:00+00:00,377.7045390546436,383.8385037798281,376.68060540711394,383.40789794921875,4057700
2024-09-25 00:00:00+00:00,383.40790063850807,383.40790063850807,378.5849108772483,379.8385009765625,2787300
2024-09-26 00:00:00+00:00,382.2978306287544,382.7763010050107,378.4604888660546,379.618408203125,2849500
2024-09-27 00:00:00+00:00,382.44139683054146,386.16391067655707,381.15909962289174,382.3265686035156,2452300
2024-09-30 00:00:00+00:00,382.9677371895071,387.8576908813302,381.8385247996829,387.75244140625,3442000
2024-10-01 00:00:00+00:00,386.6232040274415,392.8816049154208,384.12560260541966,391.4366149902344,3476200
2024-10-02 00:00:00+00:00,390.1448064925137,393.74288432480034,387.52276863612684,393.551513671875,3431300
2024-10-03 00:00:00+00:00,391.38877169895306,395.1878276926311,389.28349034092696,393.857666015625,3320700
2024-10-04 00:00:00+00:00,392.41275713327326,394.0874036880511,382.2500495705558,390.7763671875,3989000
2024-10-07 00:00:00+00:00,387.4557718514374,392.1639042009242,383.962914592769,390.4892578125,3267800
2024-10-08 00:00:00+00:00,392.1543282648796,397.40795311669416,390.8529027942144,396.3457336425781,3693900
2024-10-09 00:00:00+00:00,401.9151281720656,401.9438352273658,393.0634259444665,398.15435791015625,3627800
2024-10-10 00:00:00+00:00,392.0777776399032,396.6328250988755,390.0777749136651,392.30743408203125,3040800
2024-10-11 00:00:00+00:00,392.8815823254758,395.3505057537499,391.2356431077975,394.16387939453125,2717400
2024-10-14 00:00:00+00:00,393.76202988034265,398.4893199965243,393.58975833336564,397.5323791503906,2088700
2024-10-15 00:00:00+00:00,399.9534296091441,403.40797197073397,397.1495707963875,397.6854553222656,3693000
2024-10-16 00:00:00+00:00,396.04907104159463,400.7093679099218,396.04907104159463,400.5849609375,2429000
2024-10-17 00:00:00+00:00,400.585023180198,400.95824415545434,396.7094241484085,397.70465087890625,2013800
2024-10-18 00:00:00+00:00,398.7093786087156,398.71895736184376,395.44620697523453,397.13043212890625,2436600
2024-10-21 00:00:00+00:00,398.1543564906868,398.62324812675774,386.95813770726056,388.9007263183594,3699500
2024-10-22 00:00:00+00:00,381.34090389746336,385.59930208412345,379.14950131665177,384.5466613769531,4486700
2024-10-23 00:00:00+00:00,383.3122540614592,386.8720754657683,379.6088973592988,382.431884765625,3159000
2024-10-24 00:00:00+00:00,384.9677506294773,386.7955111949356,380.9485872955298,385.3409423828125,2550300
2024-10-25 00:00:00+00:00,386.1447596493849,386.1447596493849,380.69976389957884,381.7332763671875,1941400
2024-10-28 00:00:00+00:00,386.07778515719406,388.3648585290733,384.6423739285073,385.5419006347656,2586500
2024-10-29 00:00:00+00:00,376.97724601667,381.92461340090466,372.2977916740678,378.05859375,3822700
2024-10-30 00:00:00+00:00,377.9916012904585,380.5657742785658,375.06336489269205,375.6183776855469,2795600
2024-10-31 00:00:00+00:00,373.6853830682664,378.63277986266075,373.6853830682664,376.7954406738281,2518600
2024-11-01 00:00:00+00:00,377.80019464009166,381.5418364593995,375.1303509866902,375.68536376953125,3277800
2024-11-04 00:00:00+00:00,375.07298807601427,383.2356925811635,374.2308754324672,378.537109375,2690500
2024-11-05 00:00:00+00:00,377.9629248458197,382.99644301071515,376.9007053273018,382.8624572753906,2496500
2024-11-06 00:00:00+00:00,377.0729619252946,377.0729619252946,365.2834442318016,371.6470947265625,7133400
2024-11-07 00:00:00+00:00,374.1638650454395,382.5466760729127,373.97246519776917,382.2404479980469,4323100
2024-11-08 00:00:00+00:00,386.60409001715794,388.90074213695266,384.97727894706543,388.4222717285156,3448700
2024-11-11 00:00:00+00:00,390.2117531798236,393.8768529262556,388.3552856264723,390.7093811035156,4071500
2024-11-12 00:00:00+00:00,396.4127356835281,398.1065104259287,384.8720317015394,385.72369384765625,5647100
2024-11-13 00:00:00+00:00,391.513202439919,394.9677447831437,389.2069715588213,392.5275573730469,3083100
2024-11-14 00:00:00+00:00,390.43182372916954,393.7811163346894,386.97728165944864,388.25,3348100
2024-11-15 00:00:00+00:00,385.5514491161491,391.3026727682752,385.5514491161491,390.6040954589844,3239500
2024-11-18 00:00:00+00:00,388.0394646248451,394.776335516894,386.55621818006426,392.7667541503906,3394300
2024-11-19 00:00:00+00:00,390.795460492515,391.54187309473434,382.16383640656636,389.2834777832031,3239400
2024-11-20 00:00:00+00:00,388.5179507446289,389.1878209618013,382.6997637406597,382.77630615234375,4732200
2024-11-21 00:00:00+00:00,384.04904246842244,393.67589388527654,383.1399662209357,392.7763671875,3722200
2024-11-22 00:00:00+00:00,394.34575542705574,402.0491468708785,393.2548580326672,401.9151611328125,4932500
2024-11-25 00:00:00+00:00,406.69983695055174,411.7237761128821,406.183080745442,410.2118225097656,4544200
2024-11-26 00:00:00+00:00,410.14483832546944,420.4510803690421,406.4127749951727,411.02520751953125,2758600
2024-11-27 00:00:00+00:00,412.30463752238677,413.74760753516415,409.7649962083945,410.9482421875,2293500
2024-11-29 00:00:00+00:00,412.26617847181546,414.6134122027073,411.28496936423363,412.81451416015625,2028700
2024-12-02 00:00:00+00:00,412.6894372481573,414.03620343298473,407.0714773362333,410.72698974609375,2617100
2024-12-03 00:00:00+00:00,413.3917106923268,414.3055741547088,407.2254148515,413.0261535644531,2714000
2024-12-04 00:00:00+00:00,410.19794384672133,412.5259192820183,409.32253842029036,411.6505432128906,1968800
2024-12-05 00:00:00+00:00,410.3806839821349,413.4205443799048,409.6880571907784,410.3229675292969,2523500
2024-12-06 00:00:00+00:00,412.40088986701676,419.18283798127953,410.7751411129514,414.9693603515625,3161400
2024-12-09 00:00:00+00:00,415.9120996797014,419.7696198952276,411.7563386261967,412.86260986328125,3426000
2024-12-10 00:00:00+00:00,410.6692638536275,411.06367918392283,405.38800294861784,406.52313232421875,3354900
2024-12-11 00:00:00+00:00,409.06279047024924,411.7274646612272,405.243728467207,405.3591613769531,4211200
2024-12-12 00:00:00+00:00,405.407248073372,406.6770687934172,397.47091260904153,398.6637878417969,3673600
2024-12-13 00:00:00+00:00,399.96241737917285,402.24233465838824,398.4328726892461,401.1264343261719,2649500
2024-12-16 00:00:00+00:00,401.96340081184815,402.56945298732813,395.0756195989557,395.0948486328125,2879600
2024-12-17 00:00:00+00:00,394.4118307819835,394.79661694055426,390.78517646756814,392.94000244140625,3726500
2024-12-18 00:00:00+00:00,391.52590623225933,395.09484423364364,378.42374178229426,378.8470153808594,4225500
2024-12-19 00:00:00+00:00,379.7319775796941,380.11679306733174,370.25649802126645,370.38153076171875,4576100
2024-12-20 00:00:00+00:00,368.79428400502405,378.3371389388934,368.4864433458312,377.6733703613281,8046400
2024-12-23 00:00:00+00:00,376.2304347225426,378.2890569349889,372.3151685476056,377.52911376953125,2433800
2024-12-24 00:00:00+00:00,377.22124693835127,381.07879638671875,375.6532147379235,381.07879638671875,1392600
2024-12-26 00:00:00+00:00,377.59634819957313,380.73241213784064,376.7305721417261,380.11676025390625,1319500
2024-12-27 00:00:00+00:00,377.23089493451965,380.4342757879169,376.49015146014887,377.9234924316406,1942700
2024-12-30 00:00:00+00:00,375.6820853431963,376.3362247620735,371.0164760107729,374.6239013671875,2444700
2024-12-31 00:00:00+00:00,375.181861030529,376.57671453450985,372.57487387205623,374.20062255859375,2179700
2025-01-02 00:00:00+00:00,377.22124511348505,377.7407225652251,371.68985977598516,373.6907653808594,2415700
2025-01-03 00:00:00+00:00,374.999073663279,376.14383228212847,371.14152423216575,374.3833923339844,2231600
2025-01-06 00:00:00+00:00,375.6532042477723,379.01050518077204,373.2771123833599,374.566162109375,3274500
2025-01-07 00:00:00+00:00,376.03797212281177,376.99995211256436,368.5345399456617,369.62158203125,2274300
2025-01-08 00:00:00+00:00,368.4383706514226,372.95005957534664,365.64863429079656,372.47869873046875,2848500
2025-01-10 00:00:00+00:00,374.1236856972113,377.9716061124676,369.996782831804,375.0664367675781,5323400
2025-01-13 00:00:00+00:00,375.16259383322796,380.80941208266296,372.9596806352685,374.3833923339844,3512900
2025-01-14 00:00:00+00:00,375.7398187653359,379.2125823310404,374.8163260524419,377.8465576171875,3405200
2025-01-15 00:00:00+00:00,391.1891886670737,392.4878676299567,386.4851214017175,390.6504821777344,4584800
2025-01-16 00:00:00+00:00,390.8235861151682,394.5175856229513,388.56295670464027,393.7672424316406,2305900
2025-01-17 00:00:00+00:00,397.7690922760577,398.69261419350994,392.99767979841795,393.81536865234375,3229000
2025-01-21 00:00:00+00:00,397.2977868173221,404.24328441006713,397.2977868173221,402.5213317871094,3568100
2025-01-22 00:00:00+00:00,401.67482205683154,401.67482205683154,393.76734361314885,394.5080871582031,3581400
2025-01-23 00:00:00+00:00,395.9221274860112,398.9235004786009,393.2093367591319,398.6349182128906,3840300
2025-01-24 00:00:00+00:00,398.34633780824663,399.23137242128604,395.1429569786111,398.7407531738281,2369800
2025-01-27 00:00:00+00:00,399.12551886108804,409.98628189971635,398.25974268323694,408.7164611816406,3699200
2025-01-28 00:00:00+00:00,407.14843301853335,407.14843301853335,400.8571045352912,402.9060974121094,2818300
2025-01-29 00:00:00+00:00,404.243265465501,405.34953667255877,396.1337805356814,397.7018127441406,2384900
2025-01-30 00:00:00+00:00,400.5781386956478,401.4535441133087,395.87404189480577,398.7407531738281,3081300
2025-01-31 00:00:00+00:00,397.46131746697483,400.5492652640776,394.7196684027202,396.3165588378906,2761000
2025-02-03 00:00:00+00:00,390.67935259112426,396.2395963816857,385.76364838325213,393.218994140625,2896200
2025-02-04 00:00:00+00:00,393.94048250543466,396.89373911857746,390.6504976265111,395.8451843261719,2150800
2025-02-05 00:00:00+00:00,399.36602949241046,399.36602949241046,392.6225690075845,398.08660888671875,2212100
2025-02-06 00:00:00+00:00,399.1351508175691,401.9056580917028,397.29776537733045,398.4136657714844,2023700
2025-02-07 00:00:00+00:00,397.4901655107031,398.53872023469745,391.0448874796797,391.8818054199219,2530200
2025-02-10 00:00:00+00:00,395.0275123031612,399.1736440800695,393.2478432919882,398.2501220703125,2617600
2025-02-11 00:00:00+00:00,398.25977030163705,400.73206625964883,397.047665954208,400.530029296875,1441800
2025-02-12 00:00:00+00:00,393.04577717576643,394.075102825952,386.83139456904297,391.6605529785156,3387000
2025-02-13 00:00:00+00:00,393.1708834914242,397.2785573597586,391.99726658008626,396.74945068359375,3067900
2025-02-14 00:00:00+00:00,399.22173766717225,402.1076779394651,393.02658353406616,393.93084716796875,3004400
2025-02-18 00:00:00+00:00,392.7860968449333,393.3248033586065,385.0036812684108,387.9761962890625,3994000
2025-02-19 00:00:00+00:00,382.1177044075671,383.48372895206705,378.00043109961143,380.395751953125,3780000
2025-02-20 00:00:00+00:00,378.058141923127,379.75123612607547,376.23038578528946,379.63580322265625,2703500
2025-02-21 00:00:00+00:00,381.32892547467884,382.6949502044849,369.30417360326925,370.65093994140625,5287000
2025-02-24 00:00:00+00:00,371.41088255380043,371.853385166969,363.82087504991944,367.88043212890625,5722000
2025-02-25 00:00:00+00:00,370.3623350288233,385.76364567981324,369.5831335037105,378.337158203125,6823900
2025-02-26 00:00:00+00:00,380.21300803111524,383.70500051609463,373.7869879632104,375.6340026855469,3871500
2025-02-27 00:00:00+00:00,375.085647072205,380.43425383375984,373.5657021439832,375.43194580078125,2825100
2025-02-28 00:00:00+00:00,379.42419176468417,381.78102531955483,375.4415801871782,381.52130126953125,4263500
2025-03-03 00:00:00+00:00,381.8580082818241,381.97344119539923,371.7764463749216,374.8740234375,3397600
2025-03-04 00:00:00+00:00,371.46860070059705,373.2097822906259,364.49424514537907,367.1685485839844,4384800
2025-03-05 00:00:00+00:00,364.5904512644119,372.4017248370774,363.63810037708174,371.6610107421875,2780300
2025-03-06 00:00:00+00:00,368.9193383570522,373.0173826442203,366.25466426531784,367.2166442871094,4222000
2025-03-07 00:00:00+00:00,365.0714485936725,366.1777198391625,354.8744536442332,362.4740905761719,4573900
2025-03-10 00:00:00+00:00,363.08975533499375,368.55379501709956,358.4433752161099,360.40582275390625,3710500
2025-03-11 00:00:00+00:00,359.99219472218186,360.6751923741348,351.8249930555878,354.16259765625,4013300
2025-03-12 00:00:00+00:00,357.82773300533916,357.85659123356595,347.99629537296363,350.8630065917969,3368000
2025-03-13 00:00:00+00:00,350.3596086033906,350.4467326988841,334.24100097775715,336.16748046875,7062400
2025-03-14 00:00:00+00:00,339.4589608179017,340.1753637262555,334.3958957503919,340.097900390625,5510700
2025-03-17 00:00:00+00:00,340.53355488415093,344.20257539459527,339.7590692356985,342.8279113769531,3681300
2025-03-18 00:00:00+00:00,342.24706015459685,342.59558608803343,336.4966333735543,338.4134521484375,3008200
2025-03-19 00:00:00+00:00,340.76587046548417,343.1183095830619,337.85192558510687,342.14056396484375,2990200
2025-03-20 00:00:00+00:00,343.36999505856596,350.2240223432373,340.9594733957388,344.1734924316406,3391200
2025-03-21 00:00:00+00:00,340.85299529724597,342.11152334320025,335.22842461612987,339.9429931640625,8205400
2025-03-24 00:00:00+00:00,343.3022467651563,352.79915683508347,342.9731014594857,352.16021728515625,4023200
2025-03-25 00:00:00+00:00,349.99173774877517,352.04407303931447,347.0971733101002,349.4689636230469,2799500
2025-03-26 00:00:00+00:00,348.8881126188902,353.08959731478734,348.62671080197265,350.57257080078125,3140900
2025-03-27 00:00:00+00:00,350.34991538061416,353.554273999352,349.6238517139466,351.1534423828125,3036600
2025-03-28 00:00:00+00:00,351.56971934362474,351.6084510122218,344.80281527893493,346.7196044921875,2980200
2025-03-31 00:00:00+00:00,342.2179836464614,356.971586839671,341.3951056412781,354.79339599609375,4498800
2025-04-01 00:00:00+00:00,352.5184682190884,355.5679299058525,350.3693184462398,353.8544006347656,2801600
2025-04-02 00:00:00+00:00,350.9888455796751,360.42767299429846,350.69843193820583,359.0530090332031,3189500
2025-04-03 00:00:00+00:00,344.4252611733045,348.54931250041807,340.4851483495623,344.5511169433594,5407100
2025-04-04 00:00:00+00:00,339.5170315554296,353.7769321191624,337.9003463904243,342.605224609375,7531100
2025-04-07 00:00:00+00:00,333.31162288489674,342.91503819673903,322.85631766840027,330.6106872558594,6950500
2025-04-08 00:00:00+00:00,339.19759100895936,342.7020536098571,319.2163045497586,324.540771484375,4868000
2025-04-09 00:00:00+00:00,318.11269682068485,344.6769482365905,315.8957741778471,344.0476989746094,6793000
2025-04-10 00:00:00+00:00,341.58872231409816,343.95085155311176,328.8196816357823,342.3341369628906,5574800
2025-04-11 00:00:00+00:00,339.1298385442459,343.1570755060989,333.2148536445171,342.5665283203125,3576400
2025-04-14 00:00:00+00:00,346.38078461271783,347.5618494379636,342.3148455333862,345.7999572753906,2841800
2025-04-15 00:00:00+00:00,345.1803218290209,349.90458048818135,342.0437364591473,342.8085021972656,2883100
2025-04-16 00:00:00+00:00,340.61096454268886,342.5084025456397,333.33097722471103,334.9476623535156,2637200
2025-04-17 00:00:00+00:00,337.42596851227415,346.09033988774524,337.2517203267121,343.72821044921875,3232400
2025-04-21 00:00:00+00:00,342.98280534597075,343.05054883540566,330.8914049310163,335.8286437988281,4015200
2025-04-22 00:00:00+00:00,339.952659495028,344.8511661846949,339.23628620207694,343.1182861328125,2802400
2025-04-23 00:00:00+00:00,350.36926624156047,353.19605733271857,343.52489956769705,345.0447998046875,3283300
2025-04-24 00:00:00+00:00,345.12224774122075,348.8977727334556,343.2925532005964,348.16204833984375,2749500
2025-04-25 00:00:00+00:00,346.2839806491949,347.5424792021221,343.41842807295615,346.16778564453125,2811300
2025-04-28 00:00:00+00:00,346.56466739207946,348.60734167859226,343.1957512028483,345.5288391113281,2413000
2025-04-29 00:00:00+00:00,344.53169009240975,349.0719803138104,343.4087082559715,347.54241943359375,2836900
2025-04-30 00:00:00+00:00,345.1222447491377,349.73999879072863,341.13373994352975,348.9848937988281,3741500
2025-05-01 00:00:00+00:00,348.8106672278008,351.29865250607577,346.30333088726456,346.86480712890625,3210100
2025-05-02 00:00:00+00:00,350.5241317086575,354.5417072672521,349.6335102362526,352.8862609863281,2283300
2025-05-05 00:00:00+00:00,350.5725918233055,352.63461740057164,348.24919395705325,350.18536376953125,2563500
2025-05-06 00:00:00+00:00,347.2326681406202,350.70808921922946,345.7321484352336,347.91033935546875,2299700
2025-05-07 00:00:00+00:00,348.97521815691107,352.16988616864194,348.27819592152935,351.1727600097656,2657200
2025-05-08 00:00:00+00:00,352.3925446512958,357.5233820867487,350.6983963130761,353.21539306640625,3035800
2025-05-09 00:00:00+00:00,350.57255701244634,353.9027711227162,349.96265885509985,351.134033203125,1970700
2025-05-12 00:00:00+00:00,363.03179366198054,366.6330702368515,361.56031542736775,364.571044921875,3831400
2025-05-13 00:00:00+00:00,368.840366929761,368.840366929761,361.0472948790033,361.6765441894531,2726800
2025-05-14 00:00:00+00:00,360.03075188267104,363.7966161518202,358.9948939967318,360.9117126464844,2587400
2025-05-15 00:00:00+00:00,360.22436679102645,367.2236011192904,359.66286105200527,366.54595947265625,2830500
2025-05-16 00:00:00+00:00,368.0948845272829,369.0048865790074,366.08125165144884,368.6273193359375,3129100
2025-05-19 00:00:00+00:00,362.2476408758701,368.99519287519695,362.21859951464035,367.2720031738281,4428200
2025-05-20 00:00:00+00:00,374.0389460065376,377.3110775898421,362.1121333332452,365.0163879394531,6287400
2025-05-21 00:00:00+00:00,365.9167175582356,366.2555236165179,356.8360770544098,359.00457763671875,3966000
2025-05-22 00:00:00+00:00,356.2552297391057,357.44598475681204,352.9347057480353,354.4449157714844,2957300
2025-05-23 00:00:00+00:00,350.81457821497406,353.0798931254012,349.6238232628403,351.134033203125,3115000
2025-05-27 00:00:00+00:00,354.2125708100295,358.7238200962832,353.5058582520623,358.57861328125,3998500
2025-05-28 00:00:00+00:00,357.0490779485247,359.3047027539561,355.70342576398025,356.3133239746094,2986100
2025-05-29 00:00:00+00:00,358.19136639844777,358.53020197808576,352.44094047710337,356.53594970703125,3034800
2025-05-30 00:00:00+00:00,355.3355044975596,357.8428700607191,353.467107974108,356.53594970703125,4110400
2025-06-02 00:00:00+00:00,353.4962059296873,356.29398555554013,350.29184717805845,356.2165222167969,2506900
2025-06-03 00:00:00+00:00,356.2165058215573,361.6184360213828,355.2871526046649,361.173095703125,3359500
2025-06-04 00:00:00+00:00,361.1730610756808,363.3899835208056,359.7983972159325,360.5147705078125,2428800
2025-06-05 00:00:00+00:00,361.3817690634546,361.9370138426336,357.99191615311423,359.716064453125,2324100
2025-06-06 00:00:00+00:00,361.88829333275584,362.9987530800003,356.4917651513605,357.8165283203125,2349700
2025-06-09 00:00:00+00:00,357.8068192894832,357.83604113307666,354.92345866129864,355.7417297363281,2619700
2025-06-10 00:00:00+00:00,356.4625504511794,359.00493999277415,353.16033353150175,358.38153076171875,3014900
2025-06-11 00:00:00+00:00,359.57967025841026,359.57967025841026,350.00424043900443,351.12445068359375,3793500
2025-06-12 00:00:00+00:00,351.46540366586026,355.61508372469166,349.22498310226143,353.7545471191406,2921900
2025-06-13 00:00:00+00:00,350.6763662759856,353.39411643824155,343.6628270595843,345.47467041015625,3364400
2025-06-16 00:00:00+00:00,346.66308931393684,347.86121458999185,342.7861564008943,344.4031677246094,3688600
2025-06-17 00:00:00+00:00,342.82514178754525,345.11428530647066,338.41246501583214,339.7469787597656,4230100
2025-06-18 00:00:00+00:00,341.01329377307815,341.8120637950033,336.84414233039354,338.04229736328125,4453900
2025-06-20 00:00:00+00:00,338.4903456685447,342.1140025636222,337.8377146483019,340.565185546875,8056500
2025-06-23 00:00:00+00:00,340.90616126958844,347.82228498675744,339.49370279152214,347.7151184082031,3862400
2025-06-24 00:00:00+00:00,347.4326313503985,352.3420791931256,346.56566715490777,351.08551025390625,4089600
2025-06-25 00:00:00+00:00,349.81919263451437,354.18317639353523,349.0593949431035,352.48822021484375,4159600
2025-06-26 00:00:00+00:00,353.8130072721189,355.7709600209544,351.26086711371636,354.08575439453125,3187900
2025-06-27 00:00:00+00:00,354.1928895198744,360.5635190881765,353.59870211320623,359.1900329589844,5503700
2025-06-30 00:00:00+00:00,359.7160511296117,361.3428130380384,355.2741525151179,357.1444396972656,4600700
2025-07-01 00:00:00+00:00,354.90396620237425,369.8564229793569,353.54998122691507,363.49554443359375,5152600
2025-07-02 00:00:00+00:00,363.97288309130033,364.2846025889821,359.80373142323015,362.2195129394531,3011400
2025-07-03 00:00:00+00:00,362.18047088733124,363.51498442896377,358.7905888884676,362.0538330078125,2573600
2025-07-07 00:00:00+00:00,361.3914955870541,363.13514481929917,355.2838926033202,358.1185302734375,3433100
2025-07-08 00:00:00+00:00,356.5404365206505,360.807003647459,355.654001045369,357.98211669921875,2531700
2025-07-09 00:00:00+00:00,357.99187503122323,361.45967228093707,355.3423190702639,361.4304504394531,3384200
2025-07-10 00:00:00+00:00,359.44330466550264,368.1517708477702,358.966004640848,363.6319274902344,3701700
2025-07-11 00:00:00+00:00,360.7680636142201,362.1707715549625,357.6022350875956,360.485595703125,3068900
2025-07-14 00:00:00+00:00,360.8849785029485,361.67399799887846,356.9593523430877,360.5245361328125,2481100
2025-07-15 00:00:00+00:00,360.39792614979416,361.1479732751664,349.2347064353945,349.35162353515625,3868700
2025-07-16 00:00:00+00:00,350.5399875206688,351.60178381885936,343.33164573853793,348.1437072753906,4259800
2025-07-17 00:00:00+00:00,347.30601918989504,350.98812020834174,345.4747043409055,349.74127197265625,3128900
2025-07-18 00:00:00+00:00,350.65691421368456,351.26085212130573,347.724860477492,350.0919189453125,3361600
2025-07-21 00:00:00+00:00,351.3777629824797,356.3067123526801,350.5205492264087,354.6117858886719,3503900
2025-07-22 00:00:00+00:00,355.0403663609986,362.5604277610423,354.3000400399605,361.4012451171875,3095400
2025-07-23 00:00:00+00:00,362.07340199845225,368.0933398487618,361.9272630471514,366.60296630859375,3238000
2025-07-24 00:00:00+00:00,365.7554840130025,368.09332065823696,362.6188773480911,363.4273681640625,3088000
2025-07-25 00:00:00+00:00,364.95669801934054,366.2522393183308,363.38837989192643,365.61907958984375,2221000
2025-07-28 00:00:00+00:00,364.06051121716973,371.2104092450175,363.3202146452538,367.46014404296875,4062800
2025-07-29 00:00:00+00:00,367.2360699757867,369.8953763567147,365.06381408554273,367.5672607421875,2931600
2025-07-30 00:00:00+00:00,367.8984838840359,368.7264757365035,360.05698218484326,362.4435119628906,3110700
2025-07-31 00:00:00+00:00,359.60892427150435,363.15463689726704,357.339252010117,357.9919128417969,3091600
2025-08-01 00:00:00+00:00,358.2938583677486,365.09306472868894,356.277462042711,363.98260498046875,3008200
2025-08-04 00:00:00+00:00,365.1320486240275,372.00919993401266,364.01183831714775,370.9571838378906,2844300
2025-08-05 00:00:00+00:00,371.97023741524316,376.9186877254871,371.0935523573957,375.4283142089844,2931400
2025-08-06 00:00:00+00:00,376.0809336277207,378.8571276640159,374.5613383140613,376.78228759765625,2812800
2025-08-07 00:00:00+00:00,378.55513931763676,381.31186189284557,373.43135836283057,376.1686096191406,2433000
2025-08-08 00:00:00+00:00,377.0550378793088,379.20782269774696,376.19785388859293,377.80511474609375,2326700
2025-08-11 00:00:00+00:00,379.87996785291926,381.3800621835029,373.37294973798544,377.493408203125,2605800
2025-08-12 00:00:00+00:00,381.28261862917464,386.11415116582066,378.92528117786753,385.7439880371094,2911300
2025-08-13 00:00:00+00:00,389.1436508991483,397.2579299590374,388.4228255756766,396.6344909667969,5187500
2025-08-14 00:00:00+00:00,390.80933155290097,393.1568887937235,389.01695956001566,389.9521179199219,3600200
2025-08-15 00:00:00+00:00,391.79316130102393,392.3581565375082,385.1887576019813,389.0364685058594,3841400
2025-08-18 00:00:00+00:00,386.2992558353865,387.82860159981783,382.3444079986563,384.4776916503906,4407100
2025-08-19 00:00:00+00:00,390.6339940736974,403.628498570133,390.6339940736974,396.6539611816406,7629300
2025-08-20 00:00:00+00:00,399.0697226055478,400.52115342664973,391.26719318321403,391.3353576660156,4195300
2025-08-21 00:00:00+00:00,389.55274886236265,393.9556748431572,385.90962050053713,387.3999938964844,2942600
2025-08-22 00:00:00+00:00,390.48788449320784,403.7648866064881,387.994188174852,402.09918212890625,5284700
2025-08-25 00:00:00+00:00,399.7320851888426,400.4237183250915,396.9948636673291,398.3099060058594,3579500
2025-08-26 00:00:00+00:00,397.4332466369748,398.44632009907895,394.22844571179905,396.98516845703125,3180900
2025-08-27 00:00:00+00:00,398.2027961452619,401.0276833838094,396.6539789668225,397.6670227050781,2487800
2025-08-28 00:00:00+00:00,396.4591340842502,398.3586430548972,394.3258503703379,396.8974914550781,4051600
2025-08-29 00:00:00+00:00,397.17023532413907,398.3099169154644,394.9005632103698,396.2350769042969,2210300
2025-09-02 00:00:00+00:00,393.22509683824666,398.0079364650294,392.3191900144555,395.7869873046875,3328600
2025-09-03 00:00:00+00:00,394.4525074521516,398.42682691700657,393.11799368242345,397.1507568359375,3025100
2025-09-04 00:00:00+00:00,400.1876178222021,404.8016547253665,398.9043082586805,403.3028259277344,3873100
2025-09-05 00:00:00+00:00,408.1029807496485,411.83535880476114,405.58533112104004,410.4149169921875,5855600
2025-09-08 00:00:00+00:00,409.97406925166166,412.0116811011731,407.2800938862087,411.3847351074219,3742600
2025-09-09 00:00:00+00:00,409.60181151441947,410.1895939447977,404.3412170594542,406.8784484863281,3516000
2025-09-10 00:00:00+00:00,407.0547877404662,408.92587975967075,403.35179717094326,404.81146240234375,2897800
2025-09-11 00:00:00+00:00,407.23112891017115,416.55717115074543,405.8106571982079,414.7938537597656,5316400
2025-09-12 00:00:00+00:00,411.70799339049336,414.88200647065827,410.3463268610707,414.0787048339844,5004200
2025-09-15 00:00:00+00:00,413.86319610570627,414.67627370773755,409.23935350107473,414.0982971191406,4884700
2025-09-16 00:00:00+00:00,415.1171142348694,415.8812224174498,411.5316743332673,412.8639831542969,3726700
2025-09-17 00:00:00+00:00,415.7930380871354,418.0559748917175,407.3388492069844,408.5046081542969,4771700
2025-09-18 00:00:00+00:00,409.04340471207087,412.8052001978021,407.3878320313999,408.974853515625,3677200
2025-09-19 00:00:00+00:00,408.86708032215574,410.05242109710446,406.6433369020692,407.2213134765625,6718400
2025-09-22 00:00:00+00:00,405.6734752276442,406.42780743475134,402.7542048028028,403.6064758300781,2656300
2025-09-23 00:00:00+00:00,403.60648656163795,405.301252716747,399.15896981946383,402.5386962890625,2597000
2025-09-24 00:00:00+00:00,398.502635023782,402.2839824055749,396.75889946246326,401.4219055175781,3220700
2025-09-25 00:00:00+00:00,398.3654805733964,402.4897036015148,397.3466596954507,399.1492004394531,2554300
2025-09-26 00:00:00+00:00,399.8447388166831,403.02852799125884,397.57199598474955,401.73541259765625,2316600
2025-09-29 00:00:00+00:00,401.6962405159586,402.5779291740839,395.62256801245263,398.512451171875,3008400
2025-09-30 00:00:00+00:00,398.34587696741437,398.70833430617415,395.2600567719797,396.9352111816406,3211600
2025-10-01 00:00:00+00:00,396.1515504076353,396.8764651385023,387.2565166096406,388.9316711425781,3787800
2025-10-02 00:00:00+00:00,387.4426543655873,389.2843587448974,385.7674998060476,386.962646484375,2964700
2025-10-03 00:00:00+00:00,386.10055037639495,389.22556416136473,384.63110928236614,387.0115966796875,2951300
2025-10-06 00:00:00+00:00,386.4630021481372,386.4630021481372,377.8618749311434,381.3983154296875,3653700
2025-10-07 00:00:00+00:00,381.5158875645553,381.80976381440934,377.6561533719151,378.9296569824219,2505700
2025-10-08 00:00:00+00:00,378.5868104355069,378.5868104355069,375.1777260925677,375.9712219238281,2517600
2025-10-09 00:00:00+00:00,375.09933389610165,376.52958156134935,369.7701583288743,369.9954833984375,3321400
2025-10-10 00:00:00+00:00,372.51309954556956,372.51309954556956,367.14473099343314,368.094970703125,2992400
2025-10-13 00:00:00+00:00,371.3473590951262,374.52134224805894,369.5056548325116,371.6412353515625,2925900
2025-10-14 00:00:00+00:00,371.151428011127,380.9673136860338,370.3089627976905,379.8211364746094,4399900
2025-10-15 00:00:00+00:00,381.30041955031436,386.3356893143601,378.8513508198221,380.38934326171875,3690100
2025-10-16 00:00:00+00:00,381.7216378482983,382.05470759562235,376.1475552355551,379.4978942871094,2783700
2025-10-17 00:00:00+00:00,380.58525781357866,385.1013259308019,379.31175410870986,383.9159851074219,2657700
2025-10-20 00:00:00+00:00,383.43596597058104,385.1698957139825,380.1835958127397,380.9673156738281,2761100
2025-10-21 00:00:00+00:00,379.66438844069165,385.61073386616766,377.9990099212622,382.93634033203125,2306900
2025-10-22 00:00:00+00:00,383.27923417174753,385.0425515974537,380.26199482432963,381.0456848144531,2857000
2025-10-23 00:00:00+00:00,379.2431671607422,380.80077116805273,373.5319225714139,377.1859436035156,2767300
2025-10-24 00:00:00+00:00,381.7608316980107,381.7608316980107,377.81293424475376,378.8023376464844,2426800
2025-10-27 00:00:00+00:00,379.8015684126954,381.35917244645236,375.0993387883593,377.4210510253906,3065800
2025-10-28 00:00:00+00:00,376.588374594008,382.0644881191651,375.03074073482713,377.8912658691406,2372800
2025-10-29 00:00:00+00:00,375.1973228099194,377.15657775931845,367.55624046560627,370.33837890625,3852300
2025-10-30 00:00:00+00:00,370.01505509816695,376.86267092031517,368.44764528655713,371.81756591796875,2384300
2025-10-31 00:00:00+00:00,369.28035602314776,373.17928404554624,367.3701004288066,371.8567810058594,2643500
2025-11-03 00:00:00+00:00,369.32936210361805,370.76941568063404,366.0671858861995,370.6420593261719,2897600
2025-11-04 00:00:00+00:00,369.66241920446475,375.86344772437315,369.0746367632948,375.2756652832031,2590000
2025-11-05 00:00:00+00:00,374.9915847510307,375.6087548028426,362.9813431343525,366.2239074707031,4763000
2025-11-06 00:00:00+00:00,364.2450617365343,365.0679451530435,360.0620336661267,361.55108642578125,3622100
2025-11-07 00:00:00+00:00,361.47272461058037,366.03779213278614,360.0816703678661,363.5495300292969,2766400
2025-11-10 00:00:00+00:00,362.2564158414385,363.108686875456,356.0455818633942,362.88336181640625,3257900
2025-11-11 00:00:00+00:00,364.4116218304863,368.33993764706725,363.3536372914225,366.61578369140625,2407300
2025-11-12 00:00:00+00:00,364.48016862287386,365.94960972517407,361.4923170065391,363.5691223144531,3375800
2025-11-13 00:00:00+00:00,364.08833102327503,365.9104236770592,359.15100044860304,360.57147216796875,3034800
2025-11-14 00:00:00+00:00,358.4554785369125,359.84653275374205,352.4699393597344,354.977783203125,3413300
2025-11-17 00:00:00+00:00,353.7728433127617,356.36884991106405,348.84531874833505,350.7359924316406,5127200
2025-11-18 00:00:00+00:00,333.05375717149207,341.69404871420636,329.1646349295854,329.62506103515625,10168500
2025-11-19 00:00:00+00:00,334.0235542137627,334.78766238635967,324.6191252385153,327.68536376953125,7595000
2025-11-20 00:00:00+00:00,329.5074797196365,331.9957418511405,325.36367467676166,325.60858154296875,4025300
2025-11-21 00:00:00+00:00,327.7539439087214,339.85234818619,326.2159217273738,336.32568359375,7441300
2025-11-24 00:00:00+00:00,335.22852329109276,336.7077404023321,329.693604315874,329.7229919433594,6132900
2025-11-25 00:00:00+00:00,332.09367619326446,345.8084592808919,331.9467380679251,343.91778564453125,6316600
2025-11-26 00:00:00+00:00,343.1243291548353,350.0502726861625,341.8899889689605,348.2281799316406,4517300
2025-11-28 00:00:00+00:00,347.699172120889,350.5400858159013,346.29831200828005,349.6486511230469,2119600
2025-12-01 00:00:00+00:00,346.8370856211322,354.90923611287644,345.6909382499242,350.0502624511719,5107100
2025-12-02 00:00:00+00:00,349.56044978411484,350.2168133297072,344.14311118214977,346.8175048828125,3965300
2025-12-03 00:00:00+00:00,347.2779057716174,353.12628241866895,346.54318523754483,350.6184387207031,4166700
2025-12-04 00:00:00+00:00,351.28894249538723,352.49181916435185,345.08722367914385,346.2408142089844,4022800
2025-12-05 00:00:00+00:00,345.7280700562231,350.62830949760183,344.6237958309911,349.6324768066406,5959200
2025-12-08 00:00:00+00:00,347.0098479824472,347.14786721894285,340.8475764249326,344.99847412109375,7273000
2025-12-09 00:00:00+00:00,342.87865339540855,351.6635912020045,340.11793772700884,340.423583984375,5063100
2025-12-10 00:00:00+00:00,339.2700031445164,347.0788162197039,339.17140078923484,346.2013244628906,6316100
2025-12-11 00:00:00+00:00,351.0029762024183,357.62865156351575,348.97189397197974,352.4424743652344,6609800
2025-12-12 00:00:00+00:00,354.2172355097979,355.69618067158007,351.0522711993482,354.60174560546875,3861200
2025-12-15 00:00:00+00:00,354.34543189824024,357.57939093077647,350.6283302965934,351.9790954589844,4387400
2025-12-16 00:00:00+00:00,351.890319837005,353.7044888224689,346.87176990721986,347.72955322265625,3497200
2025-12-17 00:00:00+00:00,347.02952794372493,352.4819041668492,346.05343383765756,351.742431640625,3875200
2025-12-18 00:00:00+00:00,358.4371775707192,361.1584163575677,349.58321454921656,350.0071716308594,4805200
2025-12-19 00:00:00+00:00,349.1394914439731,349.1394914439731,340.0785153162193,340.1573791503906,12825600
2025-12-22 00:00:00+00:00,340.4630356930076,343.0166774116561,338.87564898515177,341.52789306640625,3523700
2025-12-23 00:00:00+00:00,339.1714218809893,342.62229390594126,337.14033961058345,340.1278076171875,3873400
2025-12-24 00:00:00+00:00,339.5066482461403,343.37163818075135,339.07282192421815,342.46453857421875,1368600
2025-12-26 00:00:00+00:00,342.11945379498394,345.1364995969477,341.70536598879437,344.87030029296875,1786900
2025-12-29 00:00:00+00:00,345.0871927008666,345.40270821274765,339.9108848103536,342.572998046875,3790000
2025-12-30 00:00:00+00:00,341.17294881395236,342.1096261749485,338.89537553533864,341.48846435546875,2392600
2025-12-31 00:00:00+00:00,340.65036230421987,341.84336961987077,339.14183947211427,339.27001953125,2317500
2026-01-02 00:00:00+00:00,338.6094143018549,343.59838686169115,336.1346665476792,340.96588134765625,3763000
2026-01-05 00:00:00+00:00,337.88968879449624,342.4744128523122,336.46002974596945,339.2601623535156,4725300
2026-01-06 00:00:00+00:00,336.70651293277245,345.75765004144216,332.9697030904707,344.3871765136719,4680300
2026-01-07 00:00:00+00:00,348.3802918728221,353.4678664483068,344.1307921756574,344.1603698730469,4442700
2026-01-08 00:00:00+00:00,340.4630219276524,358.14133860743897,339.2700146292389,354.51300048828125,5196500
2026-01-09 00:00:00+00:00,358.3977007876376,370.21939248630673,356.2384385050535,369.38134765625,7093500
2026-01-12 00:00:00+00:00,369.3813470355869,371.1363607050033,364.06698980321886,369.6771240234375,5859800
2026-01-13 00:00:00+00:00,370.59408569613566,374.84358585664097,365.61498219432934,374.4097595214844,4785800
2026-01-14 00:00:00+00:00,371.402576962321,374.75484669771674,368.7207551561611,370.6729736328125,4959900
2026-01-15 00:00:00+00:00,370.7419510708123,374.8435624723702,369.20385055638,373.837890625,2990100
2026-01-16 00:00:00+00:00,373.92664061577483,377.39722114810644,372.2110738312156,374.833740234375,3709000
2026-01-20 00:00:00+00:00,367.015016342024,372.0434358362532,366.0882083137489,369.8447265625,5353700
2026-01-21 00:00:00+00:00,370.5250539043045,380.5030293317551,369.42077965031734,379.2409973144531,5169800
2026-01-22 00:00:00+00:00,381.02557559931734,385.11731777345005,375.18865891512337,375.681640625,4828100
2026-01-23 00:00:00+00:00,376.14505253322466,378.97476279305323,373.8871878296043,378.3831787109375,3138300
2026-01-26 00:00:00+00:00,379.5959387532504,381.9819836075265,376.5887621832298,381.1044616699219,3984800
2026-01-27 00:00:00+00:00,379.54665600860153,381.0748873763643,372.9603970536703,375.02105712890625,3466100
2026-01-28 00:00:00+00:00,374.8731581670115,375.65207772428147,368.4052402857728,370.0320739746094,3371500
2026-01-29 00:00:00+00:00,369.6376878739626,371.7969502160774,364.9543615309749,366.591064453125,4744500
2026-01-30 00:00:00+00:00,367.1826382311588,369.8545906553002,363.37680381074097,369.33203125,3755600
2026-02-02 00:00:00+00:00,368.98692674296194,374.3209922545064,363.0711464462832,372.8124694824219,4757200
2026-02-03 00:00:00+00:00,371.994153103603,386.2807536592444,371.70821528225156,375.75067138671875,5684400
2026-02-04 00:00:00+00:00,379.1916650142771,385.04829008875464,378.9648825973972,381.7650451660156,5574700
2026-02-05 00:00:00+00:00,381.25230731947215,381.5678228181492,375.4844156078666,377.0028076171875,3759700
2026-02-06 00:00:00+00:00,375.98728671118465,380.94668150677455,373.77873828046626,379.7438049316406,4685400
2026-02-09 00:00:00+00:00,378.9648917937197,380.3649731120046,372.8913835068612,375.6520690917969,3639300
2026-02-10 00:00:00+00:00,378.42263487380336,386.2413179252811,376.5788880096034,384.2102355957031,3160800
2026-02-11 00:00:00+00:00,379.59593227578426,385.925830931171,376.7169057319956,385.1961975097656,3229900
2026-02-12 00:00:00+00:00,388.02589019857555,392.04863778444223,383.53976869299413,384.7426452636719,3702200
2026-02-13 00:00:00+00:00,384.7229597567835,388.4696089239161,381.66646696821886,385.5610046386719,2875900
2026-02-17 00:00:00+00:00,386.7244587530962,388.4696032452015,375.15909653502325,377.6634521484375,3485300
2026-02-18 00:00:00+00:00,377.37750721462396,379.7142357565836,374.2125729925531,378.1366882324219,2982600
2026-02-19 00:00:00+00:00,378.3535966330926,378.3535966330926,372.09275293003105,373.2660217285156,2930900
2026-02-20 00:00:00+00:00,372.1519090514545,379.4184547233535,370.67296390501485,376.884521484375,3984100
2026-02-23 00:00:00+00:00,375.642218194377,378.7480272407957,364.39237122962066,371.6983642578125,5495700
2026-02-24 00:00:00+00:00,383.64823761864784,388.8147067462792,376.8450955826656,379.083251953125,5675800
2026-02-25 00:00:00+00:00,375.7210774712385,376.08587911245115,366.1572205214336,370.29827880859375,5036900
2026-02-26 00:00:00+00:00,373.08854869017824,376.1253328459018,369.67712371323,369.82501220703125,2889400
2026-02-27 00:00:00+00:00,368.6122821451982,376.8253745597512,367.1136285285552,375.3760070800781,4819500
2026-03-02 00:00:00+00:00,369.73626091727044,369.84470244431685,363.8204807425941,365.6050720214844,4537600
2026-03-03 00:00:00+00:00,358.6244886120164,363.6035918893053,355.06514498941806,361.76971435546875,3964700
2026-03-04 00:00:00+00:00,361.05982791326113,364.38251992997345,356.4356569193793,363.928955078125,4324400
2026-03-05 00:00:00+00:00,360.98092093961554,361.82886512350444,354.15807095297373,356.6032409667969,4752200
2026-03-06 00:00:00+00:00,352.521386197404,354.4045800289114,348.26201680119505,352.89605712890625,4167400
2026-03-09 00:00:00+00:00,350.60860283243505,351.48609464151224,340.788415463621,348.59722900390625,4224500
2026-03-10 00:00:00+00:00,348.08454547591873,356.56383717991116,346.09288004602695,352.1368408203125,3986000
2026-03-11 00:00:00+00:00,350.47055149395015,351.31849568794354,344.2096777118432,345.9154052734375,3197100
2026-03-12 00:00:00+00:00,343.4638217479043,346.07424686049404,336.1784699632124,336.40673828125,3893600
2026-03-13 00:00:00+00:00,339.14618185881324,340.8633132246558,335.513426265367,336.5059814453125,2531900
2026-03-16 00:00:00+00:00,339.8905990411044,342.6697414353192,338.11391678352766,340.029541015625,3194400
2026-03-17 00:00:00+00:00,342.3223854396477,344.1982990603374,338.40178019218934,338.88812255859375,3075900
2026-03-18 00:00:00+00:00,336.07918962592805,337.27023766635267,327.68218129393256,328.4662780761719,3592200
2026-03-19 00:00:00+00:00,326.51095694292064,327.77152145914164,322.213206164758,325.76654052734375,3845400
2026-03-20 00:00:00+00:00,325.30997769719255,327.7715255801863,317.87574869308355,318.3620910644531,9672200
2026-03-23 00:00:00+00:00,329.5184050161633,332.2280917306825,325.7665474139578,328.4365234375,5806300
2026-03-24 00:00:00+00:00,323.47373045416623,330.0444409673587,320.615166659699,328.4464416503906,4566400
2026-03-25 00:00:00+00:00,332.50599870334025,334.6796970583926,324.5556216981383,330.0345458984375,4397800
2026-03-26 00:00:00+00:00,328.9724946138041,331.63253525345,324.15859588397956,325.9848937988281,3448400
2026-03-27 00:00:00+00:00,325.06182501857006,325.1015357075125,318.35214223518864,319.25537109375,3977400
2026-03-30 00:00:00+00:00,323.2950875702295,325.5481770157906,320.1784496390803,321.09161376953125,4066000
2026-03-31 00:00:00+00:00,326.0444514861297,328.97250147399274,321.00228434329074,326.4414978027344,5749100
2026-04-01 00:00:00+00:00,326.917887926607,330.6101943303035,325.36950430154525,327.1064758300781,3386200
2026-04-02 00:00:00+00:00,321.19086962876275,323.870750501632,316.28764450454594,319.23553466796875,3732300
2026-04-06 00:00:00+00:00,317.3198994033779,324.2479150918696,316.5457075837637,324.2181396484375,2448300
2026-04-07 00:00:00+00:00,320.5953395998547,321.9650706650396,312.9625874505471,316.3968200683594,4661600
2026-04-08 00:00:00+00:00,330.77894470607737,336.2578383243535,329.77645429430777,333.6573486328125,4610600
2026-04-09 00:00:00+00:00,328.793843678836,338.034530123591,326.0047660033512,337.0518798828125,3002000
2026-04-10 00:00:00+00:00,338.50104928687557,338.68963720668444,333.3099744502094,334.8285827636719,3208300
2026-04-13 00:00:00+00:00,333.0419921292309,338.89806195934295,329.4588519788492,338.6201477050781,3741200
2026-04-14 00:00:00+00:00,338.4613084989645,340.20821526800967,335.82110814679567,340.1585693359375,2882500
2026-04-15 00:00:00+00:00,339.3050167001936,339.7218729406502,334.1139418621815,336.38690185546875,3365200
2026-04-16 00:00:00+00:00,337.45883730199483,339.43404277406773,334.18341721401424,334.6399841308594,2856700
2026-04-17 00:00:00+00:00,340.2876076588945,349.39925676441203,340.2876076588945,346.79876708984375,4930400
2026-04-20 00:00:00+00:00,345.74668780364254,348.5556360884443,341.0618258709224,348.376953125,3260900
2026-04-21 00:00:00+00:00,350.30249013948253,350.9178695006371,340.41664909200034,341.3595886230469,3081000
2026-04-22 00:00:00+00:00,341.38938659209543,342.66976104141247,335.4042797121569,336.9725036621094,2855800
2026-04-23 00:00:00+00:00,336.97250390104824,338.29258904217085,334.37201401931867,337.6275939941406,2712400
2026-04-24 00:00:00+00:00,335.36454889356634,337.73674002155695,332.18836020303655,333.3893737792969,3255900
2026-04-27 00:00:00+00:00,331.9898736755333,334.8682776929053,329.6672981460519,329.8260803222656,3282900
2026-04-28 00:00:00+00:00,331.9600858337338,333.4290480867068,324.9228430841418,326.6101989746094,4279300
2026-04-29 00:00:00+00:00,323.23552662924203,323.4141792936507,316.67472107601805,320.40673828125,4150000
2026-04-30 00:00:00+00:00,319.84098255164037,327.66232248650493,319.84098255164037,326.3521423339844,4317900
2026-05-01 00:00:00+00:00,327.64247502508795,328.05933124322655,320.9526324317562,321.4687805175781,3865300
2026-05-04 00:00:00+00:00,319.6821730130914,319.6821730130914,309.9353037403536,310.0941162109375,6396100
2026-05-05 00:00:00+00:00,311.07673168078134,315.26531587428565,308.0891308088343,313.07177734375,6391400
2026-05-06 00:00:00+00:00,319.5630769182253,322.81865689716307,316.97252227854057,320.64495849609375,5455900
2026-05-07 00:00:00+00:00,322.5903881812466,325.05190579011315,320.0295786999413,320.238037109375,4411700
2026-05-08 00:00:00+00:00,320.2777143896263,321.58789456309347,314.4414847899831,315.086669921875,4995500
2026-05-11 00:00:00+00:00,314.14373333673075,314.7591127388281,307.4042747784683,309.0816955566406,4335700
2026-05-12 00:00:00+00:00,310.898078954826,312.436527412303,306.808726050678,308.148681640625,4225700
2026-05-13 00:00:00+00:00,305.3199040148408,305.39932539696116,297.0419969161532,300.2975769042969,6307800
2026-05-14 00:00:00+00:00,302.78887315920815,303.70203722956956,299.1759881460277,302.08416748046875,5072600
2026-05-15 00:00:00+00:00,298.07424740300473,300.6747371606021,294.669790362803,295.29510498046875,6121500
2026-05-18 00:00:00+00:00,297.0221439227359,301.51841777200616,295.0866491644805,297.5779724121094,6366100
2026-05-19 00:00:00+00:00,289.6970696990096,300.93280137975603,286.94770281038166,300.1883850097656,8692500
2026-05-20 00:00:00+00:00,298.8186768095753,308.69461352004953,294.4613750762452,308.2677917480469,5810900
2026-05-21 00:00:00+00:00,304.0791968081222,311.6523978374447,302.1139568961854,311.4439697265625,4516600
2026-05-22 00:00:00+00:00,312.1586044517627,312.61517135375607,309.14122821995267,310.7392578125,2963800
2026-05-26 00:00:00+00:00,312.71442680501025,314.43155813919475,306.6598342608927,308.22808837890625,6978200
2026-05-27 00:00:00+00:00,312.4067459496401,318.6102158850976,312.1685423970403,315.4836730957031,5990100
2026-05-28 00:00:00+00:00,315.08664723408407,319.4836593172751,312.8136874394369,318.8186340332031,6818900
2026-05-29 00:00:00+00:00,318.09409181489474,319.7020263439793,314.6399889184457,314.7789611816406,6963300
2026-06-01 00:00:00+00:00,312.7839312414303,313.5382829013507,305.39931798337426,308.3769836425781,4544200
2026-06-02 00:00:00+00:00,307.6722619962661,309.87573568166556,306.272755574017,309.2007751464844,4310000
2026-06-03 00:00:00+00:00,305.6474630032703,311.185907914239,304.83356043684665,310.6400146484375,4328300
2026-06-04 00:00:00+00:00,317.8299865722656,320.75,308.1099853515625,309.95001220703125,4558600
2026-06-05 00:00:00+00:00,310.8299865722656,314.04998779296875,308.6300048828125,310.7799987792969,3946300
2026-06-08 00:00:00+00:00,308.8800048828125,313.7699890136719,307.07000732421875,309.7099914550781,4381800
2026-06-09 00:00:00+00:00,311.3500061035156,322.8900146484375,310.2699890136719,321.3299865722656,4875300
2026-06-10 00:00:00+00:00,323.2699890136719,324.0,318.79998779296875,318.9200134277344,4823800
2026-06-11 00:00:00+00:00,322.2900085449219,327.0299987792969,318.54998779296875,326.010009765625,4656600
2026-06-12 00:00:00+00:00,328.5,331.0199890136719,325.2900085449219,328.3900146484375,3649000
2026-06-15 00:00:00+00:00,333.760009765625,338.0,329.5400085449219,329.82000732421875,4695000
2026-06-16 00:00:00+00:00,331.9100036621094,338.2699890136719,329.75,337.0899963378906,5131500
2026-06-17 00:00:00+00:00,336.010009765625,341.1499938964844,326.1700134277344,327.4800109863281,6085400
2026-06-18 00:00:00+00:00,331.70001220703125,338.0199890136719,330.8999938964844,334.2799987792969,10604400
2026-06-22 00:00:00+00:00,330.0,331.7300109863281,326.3399963378906,326.6199951171875,4713600
2026-06-23 00:00:00+00:00,323.8699951171875,329.0199890136719,321.70001220703125,324.45001220703125,4788000
2026-06-24 00:00:00+00:00,329.1199951171875,342.9599914550781,327.7099914550781,342.8599853515625,6385000
2026-06-25 00:00:00+00:00,342.25,348.6400146484375,341.82000732421875,345.0,6974100
2026-06-26 00:00:00+00:00,347.8999938964844,350.5,345.8500061035156,348.8599853515625,7771700
2026-06-29 00:00:00+00:00,348.8599853515625,351.3500061035156,345.5400085449219,350.80999755859375,5786500
2026-06-30 00:00:00+00:00,350.69000244140625,353.5,347.29998779296875,352.67999267578125,4579000
2026-07-01 00:00:00+00:00,353.9800109863281,357.1199951171875,350.8399963378906,350.8399963378906,4041300
2026-07-02 00:00:00+00:00,352.8399963378906,358.19000244140625,347.6499938964844,357.8999938964844,3110500
2026-07-06 00:00:00+00:00,357.82000732421875,358.8500061035156,345.79998779296875,350.6499938964844,4460800
2026-07-07 00:00:00+00:00,355.05999755859375,355.4200134277344,344.4800109863281,345.2099914550781,3592800
2026-07-08 00:00:00+00:00,337.989990234375,337.989990234375,330.6600036621094,336.2099914550781,4192300
2026-07-09 00:00:00+00:00,337.760009765625,340.7300109863281,335.6099853515625,338.7300109863281,2780800
2026-07-10 00:00:00+00:00,339.54998779296875,344.3999938964844,337.8999938964844,343.29998779296875,2748000
2026-07-13 00:00:00+00:00,344.0,345.1099853515625,335.42999267578125,337.1099853515625,3650400
2026-07-14 00:00:00+00:00,339.5199890136719,341.75,336.57000732421875,337.739990234375,2807300
2026-07-15 00:00:00+00:00,338.989990234375,346.25,337.260009765625,341.44000244140625,3953100
2026-07-16 00:00:00+00:00,341.54998779296875,350.80999755859375,340.6400146484375,348.0199890136719,3810300
2026-07-17 00:00:00+00:00,348.92999267578125,353.9800109863281,338.0899963378906,338.8699951171875,4434000
2026-07-20 00:00:00+00:00,339.9700012207031,340.20001220703125,331.4100036621094,333.0400085449219,4125300
2026-07-21 00:00:00+00:00,331.29998779296875,333.0,327.0,331.6000061035156,3112600
2026-07-22 00:00:00+00:00,333.5299987792969,336.55999755859375,330.7099914550781,331.45001220703125,2905500
2026-07-23 00:00:00+00:00,325.29998779296875,328.2300109863281,323.04998779296875,323.55999755859375,2307981
