date,open,high,low,close,volume
2018-01-02 00:00:00+00:00,16.49150571615127,16.880746481209826,16.37749453175261,16.8593692779541,20373000
2018-01-03 00:00:00+00:00,16.98407624329534,17.26375873354241,16.88966008548624,17.14618492126465,25833000
2018-01-04 00:00:00+00:00,17.368863168690286,17.533644215368955,17.20408212201162,17.224567413330078,22272000
2018-01-05 00:00:00+00:00,17.3599545014568,17.563037148879747,17.319872444699538,17.493560791015625,17130000
2018-01-08 00:00:00+00:00,17.487324499769954,17.768789097044678,17.48019932988331,17.625385284423828,27627000
2018-01-09 00:00:00+00:00,17.655665446570872,17.79194405566536,17.223670274528544,17.597768783569336,29550000
2018-01-10 00:00:00+00:00,17.310073629922513,17.389347515991698,16.949335145796834,17.07136344909668,35108000
2018-01-11 00:00:00+00:00,17.106994999442612,17.17468922607784,16.781885686586843,16.84512710571289,28164000
2018-01-12 00:00:00+00:00,16.845124655168338,17.046425163448312,16.772085711030293,16.790790557861328,27881000
2018-01-16 00:00:00+00:00,17.117680409646717,17.441899424145305,16.780991498394187,16.958242416381836,42511000
2018-01-17 00:00:00+00:00,17.326994936360652,18.31835674748002,17.257520288133534,18.266695022583008,64971000
2018-01-18 00:00:00+00:00,18.08142910684916,18.379818117292192,17.792839328983746,18.299654006958008,41988000
2018-01-19 00:00:00+00:00,18.335280048574585,18.486700944652238,18.090334931097892,18.484920501708984,26150000
2018-01-22 00:00:00+00:00,18.56241349944189,18.690675054777365,18.45552745424895,18.632780075073242,28231000
2018-01-23 00:00:00+00:00,18.796664851306957,19.16274625327905,18.704921096054562,19.156511306762695,43397000
2018-01-24 00:00:00+00:00,19.07813564987069,19.07813564987069,18.398522857902133,18.680877685546875,54649000
2018-01-25 00:00:00+00:00,19.23935951656282,19.460255142334496,17.7251500129055,17.747417449951172,82788000
2018-01-26 00:00:00+00:00,17.98790655357902,18.3860547788123,17.83915799471999,18.04313087463379,47616000
2018-01-29 00:00:00+00:00,17.9246642863122,18.01729828929089,17.21565722547686,17.455259323120117,40060000
2018-01-30 00:00:00+00:00,17.11055669770966,17.39469371093645,16.85670421044301,17.019704818725586,37946000
2018-01-31 00:00:00+00:00,17.18270194753392,17.26464649647157,16.945772214578046,17.05889320373535,28384000
2018-02-01 00:00:00+00:00,16.92350261880964,17.291366218240874,16.7631744274397,16.844228744506836,30535000
2018-02-02 00:00:00+00:00,16.63046130329145,16.640258836899502,15.887608805403058,15.949068069458008,55276000
2018-02-05 00:00:00+00:00,15.631971365551642,16.291098747382264,15.170583557386811,15.173255920410156,58953000
2018-02-06 00:00:00+00:00,15.008472151253384,15.943717489620905,14.903368285866073,15.884930610656738,58903000
2018-02-07 00:00:00+00:00,15.66137210518792,15.982028617620191,15.284601042859292,15.287273406982422,34033000
2018-02-08 00:00:00+00:00,15.379015193232192,15.415532967727666,14.448222227037505,14.450002670288086,49344000
2018-02-09 00:00:00+00:00,14.769766706583761,14.900700619530406,13.969016721821038,14.774219512939453,59371000
2018-02-12 00:00:00+00:00,15.000462063755863,15.541123898067376,14.898920734724387,15.404845237731934,41507000
2018-02-13 00:00:00+00:00,15.281927391382107,15.38525086725566,14.974632725452077,15.370108604431152,28416000
2018-02-14 00:00:00+00:00,15.266784939826602,16.308026584006267,15.231157385718312,16.300901412963867,58370000
2018-02-15 00:00:00+00:00,16.29733625612072,16.54762441373448,15.954412395089962,16.54138946533203,41792000
2018-02-16 00:00:00+00:00,16.456772276840265,17.031281139597567,16.44697474364201,16.737346649169922,43356000
2018-02-20 00:00:00+00:00,16.650057984882064,17.462385134337396,16.603740981691434,17.229909896850586,32965000
2018-02-21 00:00:00+00:00,17.32878109667687,17.36886315653241,16.85225088444781,16.854923248291016,32713000
2018-02-22 00:00:00+00:00,16.93775972741736,16.9626995247524,16.650060137519418,16.77743148803711,17529000
2018-02-23 00:00:00+00:00,16.944893627091503,17.25040800071923,16.799707575432713,17.199636459350586,22273000
2018-02-26 00:00:00+00:00,17.33056330608124,17.72247489408166,17.204082176688715,17.67437744140625,23631000
2018-02-27 00:00:00+00:00,17.649437070422493,17.795513264799183,17.223676686710107,17.23258399963379,28223000
2018-02-28 00:00:00+00:00,17.318980954490936,17.51760908167111,17.04196916269823,17.08917808532715,36083000
2018-03-01 00:00:00+00:00,17.145289582202068,17.42586221032812,16.75604878825431,16.929737091064453,30036000
2018-03-02 00:00:00+00:00,16.482603893403493,17.359064421963975,16.22518884624909,17.326997756958008,27758000
2018-03-05 00:00:00+00:00,17.175576269456418,17.81599717767432,17.033952906551146,17.698423385620117,32924000
2018-03-06 00:00:00+00:00,17.871655300984244,18.707464441512137,17.815399211307074,18.56816291809082,76363000
2018-03-07 00:00:00+00:00,18.379752028922,18.962853409891483,18.228841590024928,18.907489776611328,56256000
2018-03-08 00:00:00+00:00,19.109298320086413,19.193236238303474,18.836945893767925,18.99678611755371,37804000
2018-03-09 00:00:00+00:00,19.134300404050013,20.187990941976064,19.10393948281853,20.087087631225586,66568000
2018-03-12 00:00:00+00:00,20.13619639585001,20.538028060923377,19.91295696040519,20.417478561401367,49288000
2018-03-13 00:00:00+00:00,20.541598383583512,20.97379093985147,19.862057869556423,19.99957275390625,49462000
2018-03-14 00:00:00+00:00,19.912955633727044,20.19245284620633,19.739723328537735,19.880809783935547,32919000
2018-03-15 00:00:00+00:00,20.002258176233315,20.270146588993548,19.872778861891646,19.920106887817383,24462000
2018-03-16 00:00:00+00:00,20.01832516757909,20.091548353377597,19.760260786089404,19.816516876220703,24958000
2018-03-19 00:00:00+00:00,19.49862768300549,19.559347821136,18.93517082577389,19.42897605895996,40981000
2018-03-20 00:00:00+00:00,19.51023805717003,19.751335396603334,19.46201756737415,19.567386627197266,22238000
2018-03-21 00:00:00+00:00,19.812053888631763,20.34336313791962,19.73525912682257,20.02725601196289,35675000
2018-03-22 00:00:00+00:00,19.689718952156202,19.906707726387758,19.167339452878235,19.182519912719727,32495000
2018-03-23 00:00:00+00:00,19.113757595210227,19.24055774858278,18.087749186867633,18.0939998626709,52235000
2018-03-26 00:00:00+00:00,18.810154221823797,19.200376977717397,18.50833340523509,19.195018768310547,34588000
2018-03-27 00:00:00+00:00,19.576315091841405,19.596852059444878,17.918092064005577,18.093111038208008,42923000
2018-03-28 00:00:00+00:00,17.826115973023427,18.015422931218886,17.34659875177748,17.52072525024414,35239000
2018-03-29 00:00:00+00:00,17.689497326926027,18.528878315457025,17.58948646793676,18.141334533691406,35782000
2018-04-02 00:00:00+00:00,17.99221010010715,18.11722366958744,17.086750782455013,17.31177520751953,35505000
2018-04-03 00:00:00+00:00,17.67342312682251,17.82076200229777,17.31802523149726,17.677888870239258,26824000
2018-04-04 00:00:00+00:00,17.01084361771547,18.096681537111436,17.01084361771547,18.008277893066406,36997000
2018-04-05 00:00:00+00:00,18.098465672932967,18.16365154171722,17.163539908925163,17.414461135864258,35339000
2018-04-06 00:00:00+00:00,17.047460384720882,17.526086936806145,16.884942741429942,17.02424430847168,31239000
2018-04-09 00:00:00+00:00,17.218907296499477,17.83415452759911,17.154613880800014,17.244802474975586,26567000
2018-04-10 00:00:00+00:00,17.76182405175843,18.043104529051806,17.51358189537657,17.87433624267578,27077000
2018-04-11 00:00:00+00:00,17.70289517486983,18.168126267450692,17.654674674005303,17.935956954956055,24498000
2018-04-12 00:00:00+00:00,18.200266956757893,18.47887005252197,18.06007294153807,18.396717071533203,30843000
2018-04-13 00:00:00+00:00,18.62263271759548,18.625311822370314,18.106503949155137,18.1931209564209,21614000
2018-04-16 00:00:00+00:00,18.327956056838836,18.386891250143144,18.002026707745433,18.1761531829834,19411000
2018-04-17 00:00:00+00:00,18.503875229723207,19.006610323378453,18.418150664775563,18.960176467895508,60845000
2018-04-18 00:00:00+00:00,17.88058799775677,18.266345077401425,17.546621273965012,18.195802688598633,91149000
2018-04-19 00:00:00+00:00,17.732358938586184,17.960956638916063,16.858153016653812,17.001026153564453,87734000
2018-04-20 00:00:00+00:00,17.029599292571913,17.418037204101548,16.96530757752267,17.136754989624023,49807000
2018-04-23 00:00:00+00:00,17.278736501026284,17.537693418292157,17.005491589055335,17.132291793823242,34889000
2018-04-24 00:00:00+00:00,17.311772820089868,17.45196853588112,16.306302785515722,16.59294319152832,50347000
2018-04-25 00:00:00+00:00,16.60812598355073,16.92869722459255,16.222367148909782,16.668846130371094,31248000
2018-04-26 00:00:00+00:00,17.045675450191037,17.23319580783873,16.860832494925017,17.001920700073242,36113000
2018-04-27 00:00:00+00:00,17.16979654055829,17.20640644141538,16.573299563229927,16.72153091430664,30448000
2018-04-30 00:00:00+00:00,16.729569103511757,16.867084039513777,16.42685570698732,16.525081634521484,29902000
2018-05-01 00:00:00+00:00,16.442927430262852,17.01799325403299,16.40720999762626,17.001026153564453,28337000
2018-05-02 00:00:00+00:00,16.99209539541003,17.14032673483143,16.81350483610185,16.923337936401367,21948000
2018-05-03 00:00:00+00:00,16.76527673791352,17.013518814147567,16.574184909141145,16.915294647216797,21815000
2018-05-04 00:00:00+00:00,16.787602441131234,17.580549237395406,16.754564126741215,17.45464324951172,32827000
2018-05-07 00:00:00+00:00,17.51179729066014,17.58680542664635,17.209083938222047,17.276948928833008,33047000
2018-05-08 00:00:00+00:00,17.198366789231322,17.479648962603402,17.150146306809113,17.400175094604492,21481000
2018-05-09 00:00:00+00:00,17.46625678024008,17.860945387646943,17.426073604926145,17.834156036376953,23909000
2018-05-10 00:00:00+00:00,17.96898770286857,18.251162332303576,17.918982287928408,18.21722984313965,18903000
2018-05-11 00:00:00+00:00,18.075253461334682,18.284204932250486,17.9386310182009,17.99756622314453,19455000
2018-05-14 00:00:00+00:00,18.31456573965848,18.74497173749073,18.144903270973167,18.219018936157227,33437000
2018-05-15 00:00:00+00:00,18.163652907413816,18.243126772486104,17.83861600620383,18.054712295532227,19214000
2018-05-16 00:00:00+00:00,18.163654983848456,18.590489401632386,18.096684168072223,18.4761905670166,22545000
2018-05-17 00:00:00+00:00,18.36457029927615,18.427969540734583,18.013638193476048,18.156511306762695,26077000
2018-05-18 00:00:00+00:00,17.434999299827123,17.669847618322656,17.160861985834845,17.456430435180664,52501000
2018-05-21 00:00:00+00:00,17.800223118549006,17.943096248913672,17.546622716038,17.847549438476562,25346000
2018-05-22 00:00:00+00:00,18.060073514865525,18.334210876279432,18.0377499084386,18.125259399414062,27788000
2018-05-23 00:00:00+00:00,17.857374644279567,18.213665061746628,17.841301712510816,18.15472984313965,19699000
2018-05-24 00:00:00+00:00,18.17615501312934,18.3011702591861,17.929699499578415,18.249378204345703,21240000
2018-05-25 00:00:00+00:00,18.12525450554742,18.206513296655977,17.96452185758061,18.040422439575195,22637000
2018-05-29 00:00:00+00:00,17.884159088134766,18.119007430522775,17.703781908474866,17.884159088134766,20495000
2018-05-30 00:00:00+00:00,18.049357303122328,18.28242073021446,17.92166463782433,18.02256965637207,28121000
2018-05-31 00:00:00+00:00,17.91809091602651,18.04667603327838,17.667169655590573,17.696638107299805,30783000
2018-06-01 00:00:00+00:00,17.859160162423894,18.19669852112649,17.74218220009445,18.098472595214844,34371000
2018-06-04 00:00:00+00:00,18.079715043322334,18.390463953837305,17.911839234266697,18.26902198791504,28059000
2018-06-05 00:00:00+00:00,18.374064624839903,18.446786349368626,18.084080155585017,18.12088966369629,25079000
2018-06-06 00:00:00+00:00,18.17834989260511,18.18194248469885,17.675590773770562,17.920686721801758,39254000
2018-06-07 00:00:00+00:00,17.260811905515112,17.307496760246202,16.591963130661444,16.952871322631836,127752000
2018-06-08 00:00:00+00:00,16.710468424646145,16.904389575537518,16.644930178632464,16.881046295166016,52726000
2018-06-11 00:00:00+00:00,16.846938297690308,16.86309982818528,16.446526875916554,16.49321174621582,54434000
2018-06-12 00:00:00+00:00,16.60004207289951,16.79037236981363,16.460884801320585,16.78229331970215,36615000
2018-06-13 00:00:00+00:00,16.538094391501303,16.92324486149812,16.52193457918866,16.57221031188965,44895000
2018-06-14 00:00:00+00:00,16.62428080268216,16.748175539600588,16.247211129913282,16.265167236328125,43866000
2018-06-15 00:00:00+00:00,16.09368853345951,16.240924822109086,15.980566445785435,16.017375946044922,43553000
2018-06-18 00:00:00+00:00,15.857571735065003,15.863856200758232,15.621453913400678,15.639410018920898,45187000
2018-06-19 00:00:00+00:00,15.343143527474842,15.695972665435695,15.308130314905329,15.56309986114502,37362000
2018-06-20 00:00:00+00:00,15.75432878605895,15.827048796954093,15.548735974038022,15.669937133789062,27759000
2018-06-21 00:00:00+00:00,15.995831265791741,16.092791846049128,15.746247201124124,15.805500984191895,32827000
2018-06-22 00:00:00+00:00,15.934784469713803,15.944659815800136,15.526292414183867,15.684301376342773,29503000
2018-06-25 00:00:00+00:00,15.4607527371097,15.531676449022605,15.04866812780629,15.353017807006836,36180000
2018-06-26 00:00:00+00:00,15.75791765367975,15.778567346369256,15.418554792173895,15.615169525146484,35058000
2018-06-27 00:00:00+00:00,15.711236198961853,15.755227468531395,15.243490334890282,15.24438762664795,26858000
2018-06-28 00:00:00+00:00,15.083682563607391,15.36468895205612,14.936444545153165,15.340448379516602,33546000
2018-06-29 00:00:00+00:00,15.491273394068568,15.696866161269405,15.46344365899379,15.518207550048828,32016000
2018-07-02 00:00:00+00:00,15.261442388694313,15.555914971505512,15.137547663507034,15.536164283752441,21153000
2018-07-03 00:00:00+00:00,15.548736477694273,15.57656793212627,14.98313104720161,15.01545238494873,20484000
2018-07-05 00:00:00+00:00,15.200397653291152,15.468835177165424,15.198603069622786,15.425741195678711,23862000
2018-07-06 00:00:00+00:00,15.379055216470142,15.629538323506656,15.172565091945405,15.608888626098633,23543000
2018-07-09 00:00:00+00:00,15.776773672379722,15.901565716039624,15.468833088327305,15.892587661743164,20559000
2018-07-10 00:00:00+00:00,15.892588418446906,15.974286490329245,15.72021421995829,15.836925506591797,19771000
2018-07-11 00:00:00+00:00,15.66634702614463,15.800117125536115,15.156404495922963,15.195907592773438,34509000
2018-07-12 00:00:00+00:00,15.272216665488479,15.569382867183979,15.237203456203718,15.38084888458252,26871000
2018-07-13 00:00:00+00:00,15.465242993114023,15.639413488039843,15.376363162134103,15.42304801940918,21323000
2018-07-16 00:00:00+00:00,15.362895223812258,15.522702201046577,15.331472888376037,15.42304801940918,18735000
2018-07-17 00:00:00+00:00,15.309932558176895,15.984170550440924,15.309932558176895,15.912347793579102,24194000
2018-07-18 00:00:00+00:00,16.433050964333127,16.508464545987447,16.074834739086786,16.27863121032715,32971000
2018-07-19 00:00:00+00:00,16.170000167779428,16.292098600987774,15.965306390372783,16.001216888427734,20152000
2018-07-20 00:00:00+00:00,15.996732960232942,16.02007453329997,15.792037416157934,15.96351432800293,17208000
2018-07-23 00:00:00+00:00,15.82794828104358,15.845904391432121,15.399705493849412,15.696871757507324,22954000
2018-07-24 00:00:00+00:00,15.81717663309002,16.0874104604825,15.531680282150072,15.566695213317871,23002000
2018-07-25 00:00:00+00:00,15.575671706923252,15.655573484082712,15.301847027168964,15.513724327087402,22323000
2018-07-26 00:00:00+00:00,15.4652434562324,15.948251857044578,15.441901883090306,15.914135932922363,38416000
2018-07-27 00:00:00+00:00,16.60901522817367,17.367642604568324,16.569512143805483,17.059703826904297,80737000
2018-07-30 00:00:00+00:00,17.01212823999304,17.057915811436498,16.688027784779297,16.863994598388672,34120000
2018-07-31 00:00:00+00:00,17.064192968898144,17.659424293104856,17.034566938224934,17.115365982055664,34177000
2018-08-01 00:00:00+00:00,17.04624125441295,17.129735618992093,16.684434053625463,16.724834442138672,25590000
2018-08-02 00:00:00+00:00,16.499486748510396,16.885534427091454,16.485121522664436,16.797550201416016,18192000
2018-08-03 00:00:00+00:00,16.770622074318073,16.88643606522573,16.683536830108885,16.814613342285156,15075000
2018-08-06 00:00:00+00:00,16.717651162498203,16.930425723526586,16.7131612795226,16.906185150146484,17930000
2018-08-07 00:00:00+00:00,16.945688949299264,16.966338644592323,16.487818472864667,16.690717697143555,27277000
2018-08-08 00:00:00+00:00,16.613503397757487,17.102796077028945,16.582980077333414,17.059703826904297,21288000
2018-08-09 00:00:00+00:00,16.759841393831678,16.846029313762504,16.40611508785951,16.5632266998291,32915000
2018-08-10 00:00:00+00:00,16.211299388079333,16.288509277995523,15.930292992838208,15.989546775817871,29623000
2018-08-13 00:00:00+00:00,16.057779585556837,16.07932657270895,15.80550191868999,15.994037628173828,21843000
2018-08-14 00:00:00+00:00,16.032640445661745,16.128703732336117,15.838719289086297,15.862959861755371,19201000
2018-08-15 00:00:00+00:00,15.660961206773615,15.695077131464021,15.342247953989009,15.51641845703125,29154000
2018-08-16 00:00:00+00:00,15.610686708044792,15.86386171935393,15.468835822432943,15.647496223449707,26004000
2018-08-17 00:00:00+00:00,15.339546874740751,15.362888436872145,14.931952273504658,15.254256248474121,42193000
2018-08-20 00:00:00+00:00,15.223739412825264,15.442798465619244,14.990315130180518,15.377260208129883,25374000
2018-08-21 00:00:00+00:00,15.465243644110158,15.756125438273662,15.404195266573803,15.656471252441406,27194000
2018-08-22 00:00:00+00:00,15.570279786247939,15.719312369141578,15.50474154692116,15.538857460021973,17181000
2018-08-23 00:00:00+00:00,15.494870383922798,15.661857403722356,15.468833512033259,15.511030197143555,22220000
2018-08-24 00:00:00+00:00,15.625045387831227,15.634922444915903,15.391621144333,15.483196258544922,20123000
2018-08-27 00:00:00+00:00,15.531677251423439,15.987753147967396,15.5271890806154,15.819867134094238,31687000
2018-08-28 00:00:00+00:00,15.552325608076476,15.650183477243871,15.334163880467601,15.634023666381836,35476000
2018-08-29 00:00:00+00:00,15.556813327124932,15.705845924151319,15.430226718721372,15.497559547424316,23196000
2018-08-30 00:00:00+00:00,15.486787253266419,15.677117528253383,15.455364923366817,15.48409366607666,21550000
2018-08-31 00:00:00+00:00,15.467039617000696,15.681608794275466,15.41676387923664,15.539759635925293,22122000
2018-09-04 00:00:00+00:00,15.41944959963854,15.524490916903098,15.113305411591329,15.438302993774414,26060000
2018-09-05 00:00:00+00:00,15.3171098113431,15.47063061351797,15.187827874067178,15.4454927444458,29233000
2018-09-06 00:00:00+00:00,15.28927809536088,15.33865482849501,14.363660845719023,14.369047164916992,56661000
2018-09-07 00:00:00+00:00,14.238868450456348,14.49204428292544,14.231686691699128,14.326851844787598,31932000
2018-09-10 00:00:00+00:00,14.492941408219387,14.494737704082477,14.207445952232936,14.316078186035156,22927000
2018-09-11 00:00:00+00:00,14.01232495182073,14.120807364119772,13.848697377930293,14.04848575592041,35012000
2018-09-12 00:00:00+00:00,13.58291407078367,13.723037935081267,13.471720227961308,13.593762397766113,50018000
2018-09-13 00:00:00+00:00,13.741118312136388,13.958987520427021,13.652524644988484,13.842369079589844,31504000
2018-09-14 00:00:00+00:00,13.900224386917829,14.079220466517821,13.731172246581805,13.873103141784668,24852000
2018-09-17 00:00:00+00:00,13.81705618258191,13.959891481899191,13.724845834379225,13.750158309936523,19409000
2018-09-18 00:00:00+00:00,13.773666073895528,14.054816529748836,13.773666073895528,13.890284538269043,15270000
2018-09-19 00:00:00+00:00,14.04487312415564,14.04487312415564,13.806211590462397,13.848700523376465,21014000
2018-09-20 00:00:00+00:00,13.999668994824855,14.196745941520522,13.9517554758056,14.037637710571289,24502000
2018-09-21 00:00:00+00:00,13.8776256241419,14.15244790669383,13.8776256241419,14.073798179626465,41910000
2018-09-24 00:00:00+00:00,14.00871168464295,14.038544375018933,13.787226611375306,13.988822937011719,19800000
2018-09-25 00:00:00+00:00,14.013229724320082,14.013229724320082,13.606419589316344,13.676933288574219,34302000
2018-09-26 00:00:00+00:00,13.38403002615412,13.719421188167086,13.337924421155599,13.45273494720459,34514000
2018-09-27 00:00:00+00:00,13.579298128472796,13.71761321859265,13.428326800676176,13.61184310913086,22384000
2018-09-28 00:00:00+00:00,13.603708465806946,13.858642018253974,13.482568946925074,13.713998794555664,21552000
2018-10-01 00:00:00+00:00,13.617268596831806,13.728463315140884,13.486185995119328,13.582012176513672,23595000
2018-10-02 00:00:00+00:00,13.515112245373468,13.998763287599651,13.495224364987303,13.657947540283203,28033000
2018-10-03 00:00:00+00:00,13.72665325644675,13.859544610532506,13.580202140733261,13.756485939025879,16745000
2018-10-04 00:00:00+00:00,13.648002881136076,13.650715178188223,13.346059386193836,13.47081470489502,26982000
2018-10-05 00:00:00+00:00,13.44912265229841,13.600998407037473,13.27103089089439,13.37047290802002,23365000
2018-10-08 00:00:00+00:00,13.30719007103222,13.479858077445822,13.135425589073234,13.205939292907715,24404000
2018-10-09 00:00:00+00:00,13.164352577332954,13.198705468049058,12.778335612141724,13.060389518737793,39021000
2018-10-10 00:00:00+00:00,12.873260507168238,12.988071058053066,12.54419739283779,12.636406898498535,45539000
2018-10-11 00:00:00+00:00,12.726806965894523,12.916651399428506,12.29378084910919,12.441136360168457,39716000
2018-10-12 00:00:00+00:00,12.925693861706382,13.256564877482091,12.725904593661314,12.982646942138672,37654000
2018-10-15 00:00:00+00:00,12.837096947697512,13.035077405894734,12.688837916202973,12.88320255279541,26998000
2018-10-16 00:00:00+00:00,13.037789718754691,13.239386860939225,12.951907489476906,13.132712364196777,45363000
2018-10-17 00:00:00+00:00,13.786320586185058,13.918307572638021,13.216787238839762,13.305381774902344,87861000
2018-10-18 00:00:00+00:00,13.169780899448353,13.247527123878694,12.964567870078877,13.116443634033203,43263000
2018-10-19 00:00:00+00:00,13.164353449844404,13.42923092863806,13.055871038249496,13.126384735107422,41175000
2018-10-22 00:00:00+00:00,13.264701107741184,13.342446455567625,12.98535859081064,13.042311668395996,27412000
2018-10-23 00:00:00+00:00,12.620133769084468,13.348774507551466,12.618325858047678,13.233963966369629,38654000
2018-10-24 00:00:00+00:00,13.04050368009606,13.129097355815109,12.579452742581681,12.593916893005371,39102000
2018-10-25 00:00:00+00:00,12.746694544722413,13.022420322364011,12.60114695781363,12.887721061706543,31346000
2018-10-26 00:00:00+00:00,12.51707273798327,12.860600772785569,12.345309151652863,12.574930191040039,37699000
2018-10-29 00:00:00+00:00,12.726809925980008,12.884109414371805,12.06145029843224,12.274799346923828,37667000
2018-10-30 00:00:00+00:00,12.279317458871054,12.753928140960108,12.191627311157438,12.590300559997559,40181000
2018-10-31 00:00:00+00:00,12.806360708650889,12.933827472395844,12.67618164763817,12.812688827514648,28055000
2018-11-01 00:00:00+00:00,12.894955849662741,13.74473609624146,12.882299610485646,13.728463172912598,57921000
2018-11-02 00:00:00+00:00,13.825195252756625,13.930965386331138,13.56664498362348,13.696824073791504,29116000
2018-11-05 00:00:00+00:00,13.679646566971627,13.695918628681957,13.150794215685954,13.344254493713379,22178000
2018-11-06 00:00:00+00:00,13.269220516433746,13.776376175271269,13.243907176891392,13.74744701385498,32368000
2018-11-07 00:00:00+00:00,13.92101999657514,13.921923521011808,13.66608557634785,13.713094711303711,25775000
2018-11-08 00:00:00+00:00,13.548563991247013,13.859547110460163,13.491610050856284,13.712191581726074,12459000
2018-11-09 00:00:00+00:00,13.521442137098665,13.638061448220165,13.279164822064384,13.365950584411621,18722000
2018-11-12 00:00:00+00:00,13.158025455729417,13.199609992605499,12.843425683187915,12.919363975524902,24391000
2018-11-13 00:00:00+00:00,13.11463282384392,13.300861449323587,12.937444615419162,13.013382911682129,28856000
2018-11-14 00:00:00+00:00,13.16435365057028,13.348773494451128,12.79912892246616,12.903995513916016,24399000
2018-11-15 00:00:00+00:00,12.852465928381987,13.359621567053432,12.800936589090165,13.234867095947266,32110000
2018-11-16 00:00:00+00:00,12.884108908208143,13.619982219253448,12.80274686923173,13.379512786865234,37911000
2018-11-19 00:00:00+00:00,13.279168152361686,13.431947445813735,12.977224526195725,12.994400978088379,25399000
2018-11-20 00:00:00+00:00,12.677987979675034,13.479854513286002,12.644539478723505,12.968178749084473,52282000
2018-11-21 00:00:00+00:00,13.19147606196371,13.341543897490292,13.048640733286522,13.064912796020508,22895000
2018-11-23 00:00:00+00:00,12.917559011576834,13.308096329473964,12.917559011576834,13.012481689453125,8669000
2018-11-26 00:00:00+00:00,13.243905364560149,13.285490758986157,13.033268681749462,13.271026611328125,15651000
2018-11-27 00:00:00+00:00,13.145370461732604,13.360527396461725,13.098361325597391,13.273740768432617,20098000
2018-11-28 00:00:00+00:00,13.342444289805401,13.914689856836096,13.10920742204372,13.90745735168457,31957000
2018-11-29 00:00:00+00:00,13.7700476672147,14.005092463076002,13.724846446500058,13.808919906616211,19321000
2018-11-30 00:00:00+00:00,13.831520985841536,14.209401950564704,13.635348428845665,14.189513206481934,36878000
2018-12-03 00:00:00+00:00,14.55473916234073,14.723791345971037,14.306132857800577,14.556546211242676,36837000
2018-12-04 00:00:00+00:00,14.430022303063819,14.472803484593825,13.517962721835499,13.625370979309082,52282000
2018-12-06 00:00:00+00:00,13.198470894838772,13.417838743229945,12.929950210635955,13.264918327331543,55664000
2018-12-07 00:00:00+00:00,13.254902967281994,13.261274613657038,12.51032747634199,12.564031600952148,30846000
2018-12-10 00:00:00+00:00,12.498495230762249,12.672350915537471,12.302793650965839,12.544917106628418,27340000
2018-12-11 00:00:00+00:00,12.780672463858613,13.17753674640664,12.505780108010065,12.587701797485352,22135000
2018-12-12 00:00:00+00:00,12.84074331032313,12.903549162412904,12.506685032648964,12.60226058959961,30169000
2018-12-13 00:00:00+00:00,12.69874758065819,12.794322282294406,12.536724589411191,12.63047981262207,16696000
2018-12-14 00:00:00+00:00,12.391089249086383,12.513061172635503,12.18992659257573,12.321910858154297,33849000
2018-12-17 00:00:00+00:00,12.29096014679008,12.668709379854365,12.191743886542488,12.350125312805176,24680000
2018-12-18 00:00:00+00:00,12.473007117326338,12.957253969435104,12.404739354787141,12.55492877960205,25001000
2018-12-19 00:00:00+00:00,12.34193516709272,12.78249119309101,11.826739716956999,11.93505859375,36244000
2018-12-20 00:00:00+00:00,12.026082026388817,12.101632058049525,11.528181171419796,11.679281234741211,43698000
2018-12-21 00:00:00+00:00,11.752101310551906,12.014250359169171,11.536374145682133,11.574604034423828,39131000
2018-12-24 00:00:00+00:00,11.520897129140383,11.598267495525775,11.21596696374758,11.221428871154785,13052000
2018-12-26 00:00:00+00:00,11.375261231811127,11.918674249730143,11.163175638022087,11.909571647644043,32388000
2018-12-27 00:00:00+00:00,11.642869912438456,12.132578698080536,11.606460379249203,12.131668090820312,18137000
2018-12-28 00:00:00+00:00,12.160796193589723,12.564942647006706,12.135309605438641,12.326459884643555,22876000
2018-12-31 00:00:00+00:00,12.450253051979312,12.552199405006583,12.225423322009028,12.39472770690918,15972000
2019-01-02 00:00:00+00:00,12.148052757826978,12.711491248688432,12.142591718174785,12.588608741760254,17126000
2019-01-03 00:00:00+00:00,12.30643734368567,12.41111466838141,11.95599495954224,11.981481552124023,21111000
2019-01-04 00:00:00+00:00,12.205397597285902,12.5831468244774,12.13803957117608,12.56676197052002,21270000
2019-01-07 00:00:00+00:00,12.604082964728049,12.8407453772929,12.505777306607815,12.678722381591797,13940000
2019-01-08 00:00:00+00:00,12.764284203791386,12.786130097573066,12.138950485703353,12.463905334472656,27463000
2019-01-09 00:00:00+00:00,12.625927895707163,13.168430188578474,12.586787409679818,13.107443809509277,33367000
2019-01-10 00:00:00+00:00,13.024617044413658,13.250356572794326,12.869876259670587,13.159332275390625,20094000
2019-01-11 00:00:00+00:00,13.102893750080126,13.386887763483868,13.007318182322441,13.117457389831543,22813000
2019-01-14 00:00:00+00:00,12.94815442922707,12.954526076568209,12.618647378002851,12.782490730285645,32391000
2019-01-15 00:00:00+00:00,12.863501587201037,12.958166556465585,12.641402805140713,12.7433500289917,14539000
2019-01-16 00:00:00+00:00,12.756093211660817,12.90264196488073,12.619557666918473,12.629570007324219,19124000
2019-01-17 00:00:00+00:00,12.558569766461083,12.920844740852921,12.43841822379486,12.903550148010254,18445000
2019-01-18 00:00:00+00:00,13.042819474046725,13.642666671025724,13.025524878583829,13.430581092834473,37802000
2019-01-22 00:00:00+00:00,13.321353881132017,13.337737870947707,12.600444440090628,12.733339309692383,37249000
2019-01-23 00:00:00+00:00,12.804336281768249,12.949974427401902,12.523072330889917,12.682363510131836,35068000
2019-01-24 00:00:00+00:00,13.676345349576437,14.762261573728267,13.655410060630203,14.67305850982666,134214000
2019-01-25 00:00:00+00:00,14.839631803015862,15.183702516638212,14.541074099003968,15.06355094909668,71585000
2019-01-28 00:00:00+00:00,14.563829729804544,15.20099797494101,14.472805446764507,15.115435600280762,45139000
2019-01-29 00:00:00+00:00,15.413994317738714,15.4713391510659,14.91973498046201,15.018040657043457,34212000
2019-01-30 00:00:00+00:00,15.240135555200407,15.704357773869432,15.169137700367333,15.558719635009766,38807000
2019-01-31 00:00:00+00:00,15.43856869959882,15.738037850736207,15.279275785267021,15.435837745666504,30481000
2019-02-01 00:00:00+00:00,15.492274337852892,15.792653257478166,15.422186212630962,15.726205825805664,28917000
2019-02-04 00:00:00+00:00,15.697078229343578,15.833613783524859,15.554169291397695,15.761704444885254,17386000
2019-02-05 00:00:00+00:00,15.708905651170046,15.87821087153312,15.628805208668238,15.809942245483398,24743000
2019-02-06 00:00:00+00:00,15.868201603704371,16.43254897516151,15.838162846864204,16.120336532592773,33794000
2019-02-07 00:00:00+00:00,15.931007805102569,16.08392732969234,15.770805158286933,15.99472427368164,21664000
2019-02-08 00:00:00+00:00,15.71801070857129,15.987441090162799,15.62425722065447,15.956494331359863,17042000
2019-02-11 00:00:00+00:00,15.986531681931856,16.111235403520617,15.914622350689378,16.012928009033203,16828000
2019-02-12 00:00:00+00:00,16.202256329533835,16.397048148385966,16.1385398662112,16.316036224365234,19631000
2019-02-13 00:00:00+00:00,16.391591329737583,16.653740386033572,16.318772243885583,16.47624397277832,20281000
2019-02-14 00:00:00+00:00,16.38976789791723,16.861271495300404,16.38976789791723,16.505367279052734,20012000
2019-02-15 00:00:00+00:00,16.568176960219706,16.671034802282204,16.324233124784485,16.483524322509766,23138000
2019-02-19 00:00:00+00:00,16.469875745752343,16.65738454014002,16.404338034028218,16.41253089904785,15516000
2019-02-20 00:00:00+00:00,16.490807129489458,16.67558491530502,16.4352817781228,16.585472106933594,21972000
2019-02-21 00:00:00+00:00,16.583647945175127,16.64281397959991,16.254141797531467,16.276897430419922,19141000
2019-02-22 00:00:00+00:00,16.06026245593925,16.376115625121113,15.938291409438968,16.313310623168945,27103000
2019-02-25 00:00:00+00:00,16.59365966128474,16.60094278300446,16.331510682960747,16.3478946685791,18380000
2019-02-26 00:00:00+00:00,16.283271887203288,16.41343579648639,16.220465149014533,16.25323486328125,15063000
2019-02-27 00:00:00+00:00,16.16949523177438,16.221378163635343,15.867295035969049,16.129444122314453,17586000
2019-02-28 00:00:00+00:00,16.034772067378253,16.114874251035353,15.920082435136113,16.028400421142578,16597000
2019-03-01 00:00:00+00:00,16.1722171400454,16.298740310546602,16.01019504991033,16.08847427368164,15136000
2019-03-04 00:00:00+00:00,16.143097927873416,16.410707171529037,16.071188577523262,16.18132781982422,22781000
2019-03-05 00:00:00+00:00,16.10760008010755,16.135817634280087,15.678878329672997,15.79629898071289,25756000
2019-03-06 00:00:00+00:00,15.792652038595634,15.83179166141092,15.30840511102012,15.400339126586914,30124000
2019-03-07 00:00:00+00:00,15.338440551963942,15.341171505669761,15.008934407186509,15.215558052062988,24467000
2019-03-08 00:00:00+00:00,14.991640056387293,15.42036336094876,14.891514917902784,15.367568969726562,19439000
2019-03-11 00:00:00+00:00,15.44039136867171,15.754425093624373,15.430379026280058,15.657029151916504,20297000
2019-03-12 00:00:00+00:00,15.73439630113801,15.7662545385569,15.55599017159223,15.661577224731445,16354000
2019-03-13 00:00:00+00:00,15.757151877253554,15.757151877253554,15.474976469212521,15.51138687133789,21585000
2019-03-14 00:00:00+00:00,15.565092852503588,16.241400700832717,15.565092852503588,16.06845474243164,36232000
2019-03-15 00:00:00+00:00,16.50627582500278,17.108852943908335,16.4161613108106,16.601850509643555,61230000
2019-03-18 00:00:00+00:00,16.54997113982118,16.691058864085985,16.24868248441984,16.40251350402832,20343000
2019-03-19 00:00:00+00:00,16.510581877876916,16.698326943786913,16.392440082338336,16.4254093170166,20884000
2019-03-20 00:00:00+00:00,16.408925281714843,16.548131827395448,15.990390317790329,16.09479522705078,20673000
2019-03-21 00:00:00+00:00,16.09937213987941,17.088468232656044,16.09937213987941,16.832950592041016,31033000
2019-03-22 00:00:00+00:00,16.696494940781886,16.89156609934332,16.39152343082941,16.434566497802734,22045000
2019-03-25 00:00:00+00:00,16.396098708755993,16.558200604627718,16.203775313725046,16.401594161987305,12734000
2019-03-26 00:00:00+00:00,16.46112429683479,16.73220946168731,16.39335169551673,16.489513397216797,16499000
2019-03-27 00:00:00+00:00,16.500505915632065,16.55820294228692,16.219345143022764,16.268800735473633,13905000
2019-03-28 00:00:00+00:00,16.28070054616977,16.39243150165674,15.9455059329028,16.089292526245117,16656000
2019-03-29 00:00:00+00:00,16.280710175192116,16.465707526321278,16.21751768209023,16.394271850585938,15830000
2019-04-01 00:00:00+00:00,16.668102052361927,16.94376560371532,16.61773113691407,16.915374755859375,17987000
2019-04-02 00:00:00+00:00,16.949263663767415,17.01703453029374,16.761518607103685,16.87508201599121,13618000
2019-04-03 00:00:00+00:00,17.183713102123434,17.682840358316795,17.055495756340953,17.54180145263672,32450000
2019-04-04 00:00:00+00:00,17.36321580106359,17.750612090658763,17.33757267999774,17.49509620666504,21427000
2019-04-05 00:00:00+00:00,17.694744362121398,17.931029633968794,17.583930452775768,17.87241554260254,21467000
2019-04-08 00:00:00+00:00,17.730470096034882,17.82388410311864,17.523492661149845,17.7286376953125,17132000
2019-04-09 00:00:00+00:00,17.56745038352315,17.579356620739784,17.324755991807976,17.44289779663086,17347000
2019-04-10 00:00:00+00:00,17.382450979555333,17.548215966879795,17.272552370419742,17.477697372436523,14505000
2019-04-11 00:00:00+00:00,17.52074432373047,17.71856324173364,17.446560919373947,17.52074432373047,11942000
2019-04-12 00:00:00+00:00,17.77717148673253,17.88615650388292,17.626975805790696,17.774425506591797,11619000
2019-04-15 00:00:00+00:00,17.71031696151464,17.71031696151464,17.396188693824868,17.65811538696289,14193000
2019-04-16 00:00:00+00:00,17.812890081027692,18.03085662037866,17.755191309098684,17.82387924194336,15514000
2019-04-17 00:00:00+00:00,18.07298743904499,18.13068622081218,17.79366077330535,17.976825714111328,16936000
2019-04-18 00:00:00+00:00,18.017113788271406,18.067484689498087,17.81013647812269,17.837610244750977,14098000
2019-04-22 00:00:00+00:00,17.976822154772343,18.018949890667823,17.683756910062932,17.878828048706055,11771000
2019-04-23 00:00:00+00:00,17.85867916062562,17.972242546573465,17.712146548282956,17.838531494140625,20486000
2019-04-24 00:00:00+00:00,17.872417084874503,18.31476267425354,17.82113084225741,17.898977279663086,26018000
2019-04-25 00:00:00+00:00,18.59134469266045,19.18663547455901,18.545553900271372,18.781837463378906,47583000
2019-04-26 00:00:00+00:00,18.59134652393585,18.975079830203498,18.279964213959577,18.901813507080078,28652000
2019-04-29 00:00:00+00:00,18.93295110844672,19.0245344443171,18.717730531172343,18.877084732055664,16077000
2019-04-30 00:00:00+00:00,18.88716041261241,19.12344575667117,18.8010725226522,18.997060775756836,16043000
2019-05-01 00:00:00+00:00,19.052927375457223,19.144508974516537,18.672857101494348,18.67926788330078,11369000
2019-05-02 00:00:00+00:00,18.679264600243357,18.992479273630554,18.627978354805933,18.943023681640625,13401000
2019-05-03 00:00:00+00:00,18.993394904510552,19.12344292044089,18.881663904188823,19.029111862182617,12578000
2019-05-06 00:00:00+00:00,18.346817935703253,18.800152676020844,18.202115971251573,18.73238182067871,12830000
2019-05-07 00:00:00+00:00,18.39810878531693,18.49152278482363,17.844947403343596,18.31110382080078,29342000
2019-05-08 00:00:00+00:00,18.179227173610318,18.472292515469256,18.050094449455383,18.290042877197266,15551000
2019-05-09 00:00:00+00:00,17.95026409697715,18.31384793391763,17.678261840895487,18.19112777709961,19390000
2019-05-10 00:00:00+00:00,18.050091809112786,18.270807857014404,17.759774237487026,18.12427520751953,17561000
2019-05-13 00:00:00+00:00,17.519823469683633,17.58484835033066,17.120522665325712,17.245075225830078,28563000
2019-05-14 00:00:00+00:00,17.442895159968028,17.77259447005109,17.35222889777929,17.624229431152344,16563000
2019-05-15 00:00:00+00:00,17.506999936160526,18.124270708779534,17.460293822986873,17.902639389038086,16087000
2019-05-16 00:00:00+00:00,17.587593608261937,17.994222209780887,17.461208665237077,17.809223175048828,17612000
2019-05-17 00:00:00+00:00,17.683759420063666,18.31659786222923,17.675516238328452,17.781753540039062,24442000
2019-05-20 00:00:00+00:00,17.276212053082126,17.36871070066306,16.7358723809916,16.821044921875,32441000
2019-05-21 00:00:00+00:00,17.090307057379345,17.27347379972493,16.987734520133426,17.117782592773438,20314000
2019-05-22 00:00:00+00:00,16.97765597272081,17.26614290052531,16.956591226746554,17.142505645751953,11325000
2019-05-23 00:00:00+00:00,16.83294756246744,17.023440290164164,16.69282574310676,16.984060287475586,18492000
2019-05-24 00:00:00+00:00,17.105867131522746,17.2157674670478,16.640626162547594,16.65894317626953,21382000
2019-05-28 00:00:00+00:00,16.809143550426192,16.851271296332275,16.36130239637868,16.386030197143555,25526000
2019-05-29 00:00:00+00:00,16.222097616489865,16.33840877737036,15.99955087895894,16.2651424407959,25662000
2019-05-30 00:00:00+00:00,16.29718904720789,16.686415958227794,16.257809042172337,16.358549118041992,12630000
2019-05-31 00:00:00+00:00,16.146995532038922,16.446471566476546,15.983976543472195,15.991304397583008,15766000
2019-06-03 00:00:00+00:00,16.07098491967096,16.251403888271035,15.664356181842624,15.791656494140625,24126000
2019-06-04 00:00:00+00:00,15.98489577831327,16.55820480233473,15.821876767704689,16.52340316772461,23986000
2019-06-05 00:00:00+00:00,16.591171388793665,16.774338041385732,16.38694174151397,16.69740867614746,19468000
2019-06-06 00:00:00+00:00,16.700164024452214,16.965753870430266,16.636056190830185,16.909889221191406,15890000
2019-06-07 00:00:00+00:00,17.00055228759986,17.33299937901585,16.908968936896304,17.09671401977539,16194000
2019-06-10 00:00:00+00:00,17.225841331492667,17.746033342567962,17.225841331492667,17.507917404174805,16890000
2019-06-11 00:00:00+00:00,17.95373729310453,17.988740318195255,17.44343243677134,17.494094848632812,14779000
2019-06-12 00:00:00+00:00,16.890761743889986,16.96905871227144,16.471647638552508,16.56928825378418,26863000
2019-06-13 00:00:00+00:00,16.65771520699793,16.783910977490038,16.465199367110383,16.597841262817383,16484000
2019-06-14 00:00:00+00:00,16.24136322729325,16.346372336606446,15.981604961254885,16.28557777404785,21876000
2019-06-17 00:00:00+00:00,16.2846621307097,16.2846621307097,15.878443713149418,15.890417098999023,19722000
2019-06-18 00:00:00+00:00,16.117932280114587,16.95339858231206,16.06727160502813,16.62087059020996,23698000
2019-06-19 00:00:00+00:00,16.733245042416844,16.89075780963966,16.526911100491706,16.711137771606445,12339000
2019-06-20 00:00:00+00:00,17.04827644908485,17.178156490218225,16.79772963615464,16.945110321044922,11268000
2019-06-21 00:00:00+00:00,16.828124875882963,17.04090675708727,16.804176350788662,16.85944366455078,19916000
2019-06-24 00:00:00+00:00,16.772856332799506,16.85391692775347,16.636530185050194,16.697324752807617,16784000
2019-06-25 00:00:00+00:00,16.693642538579546,16.72956796713089,16.17320521970552,16.1953125,20799000
2019-06-26 00:00:00+00:00,16.522306399912846,16.814304042801204,16.450457329786556,16.6982421875,19941000
2019-06-27 00:00:00+00:00,16.846547385295086,17.205789306075555,16.833651620580287,17.144994735717773,18912000
2019-06-28 00:00:00+00:00,17.4729198218257,17.477526457011187,17.233425742759948,17.30251121520996,23367000
2019-07-01 00:00:00+00:00,17.922427682986456,18.233769029001298,17.42041174595028,17.624902725219727,23652000
2019-07-02 00:00:00+00:00,17.59082512005667,17.59082512005667,17.088809045740124,17.242637634277344,15263000
2019-07-03 00:00:00+00:00,17.26105941296112,17.307115220995005,17.003142319988577,17.028013229370117,10480000
2019-07-05 00:00:00+00:00,16.873258799484027,16.964449763071812,16.681663605256706,16.915630340576172,19537000
2019-07-08 00:00:00+00:00,16.5066492182154,16.803253533918248,16.48085769136437,16.70929718017578,14965000
2019-07-09 00:00:00+00:00,16.588630340003697,16.952475342753925,16.572048566906794,16.86404800415039,17438000
2019-07-10 00:00:00+00:00,17.073151489928367,17.462789950734273,16.92300713927405,16.969064712524414,17782000
2019-07-11 00:00:00+00:00,17.109070287007857,17.109070287007857,16.794044657650847,17.03077507019043,16132000
2019-07-12 00:00:00+00:00,17.176313854400686,17.760311104603566,17.08420224205036,17.615694046020508,19750000
2019-07-15 00:00:00+00:00,17.718858057947283,17.84597445719995,17.60187379428852,17.75478172302246,10092000
2019-07-16 00:00:00+00:00,17.60003444462363,17.73728299427499,17.446205875219583,17.483972549438477,11091000
2019-07-17 00:00:00+00:00,17.54292212436727,17.73175371705143,17.32737837828412,17.6599063873291,15796000
2019-07-18 00:00:00+00:00,17.78517639398715,18.431809266016387,17.70043155882255,18.259557723999023,21088000
2019-07-19 00:00:00+00:00,18.449314567777744,18.496292752088042,18.139816196555852,18.28166961669922,15318000
2019-07-22 00:00:00+00:00,18.68789057620663,19.147535076107886,18.686969951950275,19.086740493774414,23575000
2019-07-23 00:00:00+00:00,19.122657244973684,19.343728213729257,19.008436629529413,19.32162094116211,19498000
2019-07-24 00:00:00+00:00,19.343737751077906,20.125778291818285,19.252544987161734,19.98668670654297,31408000
2019-07-25 00:00:00+00:00,19.68270937208231,19.73705606581259,19.350181326663414,19.412818908691406,20844000
2019-07-26 00:00:00+00:00,19.477297739063545,19.61086203450089,19.302282515970344,19.412818908691406,11249000
2019-07-29 00:00:00+00:00,19.37228566034204,19.451503250006894,19.145687407397322,19.41926383972168,10921000
2019-07-30 00:00:00+00:00,19.217543077105084,19.595206375804967,19.118981807490716,19.4653263092041,9560000
2019-07-31 00:00:00+00:00,19.408210274601963,19.561118203398667,18.990016787520272,19.215694427490234,26525000
2019-08-01 00:00:00+00:00,19.14937471306468,20.05300423987967,18.79566176757367,18.953174591064453,29749000
2019-08-02 00:00:00+00:00,18.820531822457767,18.96699189208493,18.465898235760676,18.799346923828125,24246000
2019-08-05 00:00:00+00:00,18.216270082509148,18.308383454421786,17.650697598213412,17.82663345336914,22825000
2019-08-06 00:00:00+00:00,18.167449983713944,18.39128464355786,17.788866129673295,17.917823791503906,20037000
2019-08-07 00:00:00+00:00,17.727143351992282,18.17849673241651,17.5668652104671,18.093751907348633,21443000
2019-08-08 00:00:00+00:00,18.515633611652206,18.642749998925517,18.272455352650752,18.558927536010742,17327000
2019-08-09 00:00:00+00:00,18.361801143562758,18.44838721683275,17.908604755355977,17.991506576538086,18801000
2019-08-12 00:00:00+00:00,17.905850114451603,18.162846591875304,17.851503415817177,18.08270835876465,13060000
2019-08-13 00:00:00+00:00,18.082706037465357,19.025943444023163,17.970328400685467,18.946725845336914,22814000
2019-08-14 00:00:00+00:00,18.362726666795346,18.564454016984737,18.17021082774125,18.28443145751953,19203000
2019-08-15 00:00:00+00:00,18.39773362177489,18.509190646241414,18.095603722668493,18.32404327392578,10367000
2019-08-16 00:00:00+00:00,18.324040675378015,19.00567673554799,18.272457614890325,18.893299102783203,19249000
2019-08-19 00:00:00+00:00,19.343732180202593,19.45610981392792,19.081210241167426,19.164112091064453,13950000
2019-08-20 00:00:00+00:00,19.178850626332917,19.226749437698203,18.913566793912064,19.0452880859375,8549000
2019-08-21 00:00:00+00:00,19.26175071530305,19.30504464485424,19.06002335156886,19.158584594726562,9280000
2019-08-22 00:00:00+00:00,19.176086190719346,19.483743291357978,18.98080671770274,19.3861026763916,9905000
2019-08-23 00:00:00+00:00,19.127266943557412,19.297677285761704,18.39957504089776,18.458526611328125,20312000
2019-08-26 00:00:00+00:00,18.820521434732054,18.931978396283927,18.42627838412545,18.5460262298584,12502000
2019-08-27 00:00:00+00:00,18.73854951919151,18.73854951919151,18.25127057041143,18.40141487121582,12917000
2019-08-28 00:00:00+00:00,18.391284679607587,18.773554544949594,18.161002136220752,18.724733352661133,11954000
2019-08-29 00:00:00+00:00,19.067392610725815,19.343730921118194,19.001070783741838,19.12818717956543,18173000
2019-08-30 00:00:00+00:00,19.4708490532636,19.624677615642465,19.282938071843343,19.390710830688477,11943000
2019-09-03 00:00:00+00:00,19.435844459719267,19.713103396771817,19.253460751484756,19.614543914794922,18529000
2019-09-04 00:00:00+00:00,19.83008684096556,20.469351295954183,19.82548196393584,20.412240982055664,24032000
2019-09-05 00:00:00+00:00,20.925310049869314,21.39416595262856,20.77516751329437,20.88570213317871,28373000
2019-09-06 00:00:00+00:00,20.919783350374345,21.180462248817342,20.734636027911904,20.994394302368164,16807000
2019-09-09 00:00:00+00:00,21.160209146720142,21.429179073738208,21.017433292207016,21.21731948852539,21948000
2019-09-10 00:00:00+00:00,21.153751913119443,21.370218038866387,20.86267482897617,21.36469078063965,17274000
2019-09-11 00:00:00+00:00,21.386802822230518,21.623533271671032,21.237579115270325,21.555368423461914,18288000
2019-09-12 00:00:00+00:00,21.646559569178116,21.76999173205405,21.34166605108934,21.634584426879883,12308000
2019-09-13 00:00:00+00:00,21.796698513091982,21.913682763863328,21.54891362425387,21.698137283325195,15982000
2019-09-16 00:00:00+00:00,21.44298814246427,21.838153763895257,21.243103771353635,21.64103126525879,11596000
2019-09-17 00:00:00+00:00,21.571939060608425,21.812353639882428,21.407056041617444,21.810510635375977,14291000
2019-09-18 00:00:00+00:00,21.647478503541645,21.986454416742657,21.58392030020192,21.88973617553711,14916000
2019-09-19 00:00:00+00:00,21.99658404389543,22.005795554899958,21.679715444387238,21.817886352539062,12526000
2019-09-20 00:00:00+00:00,21.85012505285017,22.05185239362329,21.490883163007016,21.67510986328125,33206000
2019-09-23 00:00:00+00:00,21.646554134909213,22.115410002993432,21.58944382419568,21.94499969482422,12025000
2019-09-24 00:00:00+00:00,22.03342607544554,22.107116393146065,21.583913907631317,21.72576904296875,18180000
2019-09-25 00:00:00+00:00,21.461406492824477,22.287659467055864,21.441142224262823,22.254499435424805,17063000
2019-09-26 00:00:00+00:00,22.277533358139504,22.565846857265672,22.208449647403864,22.36780548095703,16684000
2019-09-27 00:00:00+00:00,21.997508889680194,21.997508889680194,20.95202599188605,21.193361282348633,29409000
2019-09-30 00:00:00+00:00,21.2674190849151,21.598839968356625,21.04153481556781,21.395174026489258,15435000
2019-10-01 00:00:00+00:00,21.570144083811684,21.80436091759625,21.126706258521228,21.328521728515625,14934000
2019-10-02 00:00:00+00:00,21.031350661470913,21.25353215867678,20.91748151849265,21.107261657714844,14757000
2019-10-03 00:00:00+00:00,21.22946184582057,21.303522345853278,20.845273553695144,21.2044677734375,13616000
2019-10-04 00:00:00+00:00,21.30815618549357,21.60810100298811,21.239650695472815,21.59514045715332,10613000
2019-10-07 00:00:00+00:00,21.585887588266544,21.709014567480676,21.47016789817495,21.490535736083984,11285000
2019-10-08 00:00:00+00:00,21.28037908671847,21.408134025038287,20.82953580814536,21.079490661621094,15028000
2019-10-09 00:00:00+00:00,21.47756850909292,21.73122614628708,21.39147270503493,21.582178115844727,15739000
2019-10-10 00:00:00+00:00,21.53218587558874,21.978399372823052,21.49330247977465,21.72011375427246,12887000
2019-10-11 00:00:00+00:00,22.200587224442394,22.24409687224087,21.904343397483522,21.948780059814453,11995000
2019-10-14 00:00:00+00:00,21.88675319337401,22.060795302944022,21.814543181089185,21.87379264831543,7703000
2019-10-15 00:00:00+00:00,22.010804500579837,22.549595922266906,21.921932944798378,22.407955169677734,17932000
2019-10-16 00:00:00+00:00,22.033024747902964,22.207993894157216,21.64050381992739,21.73307991027832,19413000
2019-10-17 00:00:00+00:00,22.115415711476714,22.245021166260873,21.78121727529024,21.85713005065918,12808000
2019-10-18 00:00:00+00:00,21.820099129761665,21.820099129761665,21.313710836550737,21.63494873046875,15238000
2019-10-21 00:00:00+00:00,21.938598358284093,22.206141831566832,21.778442020704706,22.075611114501953,12152000
2019-10-22 00:00:00+00:00,22.1802143978628,22.222798787284603,21.740479414720728,21.746959686279297,9901000
2019-10-23 00:00:00+00:00,21.53033529864435,21.79973098444953,21.39887759183486,21.586807250976562,19786000
2019-10-24 00:00:00+00:00,23.37074600017069,24.611259273653797,23.324457071398356,24.588115692138672,56831000
2019-10-25 00:00:00+00:00,24.532569612223757,25.053770742548682,24.34834445170762,25.000076293945312,25072000
2019-10-28 00:00:00+00:00,25.230585779648713,26.10635304190865,25.18985188478449,26.03692054748535,25281000
2019-10-29 00:00:00+00:00,25.964712087258093,26.187818844126358,25.511089521486237,25.59626007080078,20796000
2019-10-30 00:00:00+00:00,25.588856352211938,25.76937873000612,25.36574781389074,25.6953182220459,11725000
2019-10-31 00:00:00+00:00,25.624035516704186,25.693466250475034,24.739010405933225,25.091724395751953,26993000
2019-11-01 00:00:00+00:00,25.349082086581404,25.78326205994676,25.208366605179354,25.76011848449707,15453000
2019-11-04 00:00:00+00:00,25.921206130209022,26.080437215741753,25.4037077508407,25.745311737060547,12904000
2019-11-05 00:00:00+00:00,25.879551114009132,25.997123066420208,25.40185954681494,25.731430053710938,14839000
2019-11-06 00:00:00+00:00,25.593487158799253,25.617557753531667,25.01859158626672,25.50554084777832,16907000
2019-11-07 00:00:00+00:00,25.75919757166513,25.763825581237406,25.208370848242804,25.375932693481445,11067000
2019-11-08 00:00:00+00:00,25.115794389440214,25.296318543413182,24.91212842221011,25.243549346923828,13730000
2019-11-11 00:00:00+00:00,24.963971939395496,25.283359350186863,24.86862010630093,25.112092971801758,11794000
2019-11-12 00:00:00+00:00,25.513868618284178,25.603667182087413,24.90286899124248,24.996370315551758,11061000
2019-11-13 00:00:00+00:00,24.890834746942996,25.261139065061396,24.779744864100955,25.223182678222656,8611000
2019-11-14 00:00:00+00:00,25.16208871030233,25.533316599890934,25.07043785765798,25.466663360595703,12029000
2019-11-15 00:00:00+00:00,25.934164617178144,26.464623500980807,25.92120407164606,26.261882781982422,21264000
2019-11-18 00:00:00+00:00,26.176709187191246,26.455362649572127,25.995261570775032,26.17115592956543,13662000
2019-11-19 00:00:00+00:00,26.344278231861423,26.344278231861423,25.604598288868328,25.621261596679688,13654000
2019-11-20 00:00:00+00:00,25.549051253732323,25.667548436083003,25.03247988936902,25.37778663635254,12661000
2019-11-21 00:00:00+00:00,24.599217733045805,24.965817454013848,24.338154616430653,24.430728912353516,24070000
2019-11-22 00:00:00+00:00,24.577006144426754,24.687170787476447,24.08079909481653,24.25299072265625,12736000
2019-11-25 00:00:00+00:00,24.44646789053736,25.000997267192197,24.409438523916773,24.903791427612305,19885000
2019-11-26 00:00:00+00:00,24.995441991403347,25.12597443619581,24.73808162761043,24.954708099365234,17898000
2019-11-27 00:00:00+00:00,25.069511299932028,25.18615622835141,24.938053560363535,25.08247184753418,8744000
2019-11-29 00:00:00+00:00,25.069505616354288,25.069505616354288,24.605701754534195,24.701980590820312,7590000
2019-12-02 00:00:00+00:00,24.669581809327724,24.669581809327724,24.19281558723751,24.34186363220215,13166000
2019-12-03 00:00:00+00:00,23.772522089975702,24.217810411325814,23.65309790297507,23.869726181030273,15947000
2019-12-04 00:00:00+00:00,24.324272413517086,24.48072597450979,24.196517455614664,24.33538246154785,12073000
2019-12-05 00:00:00+00:00,24.50016351011147,24.55570844559729,24.2946453064981,24.515901565551758,11038000
2019-12-06 00:00:00+00:00,24.81028942047076,25.23428633916327,24.70382756651727,24.982481002807617,13589000
2019-12-09 00:00:00+00:00,25.116717867890166,25.200036153150265,24.723270017330456,24.812143325805664,10272000
2019-12-10 00:00:00+00:00,24.963695165985598,25.254705580118117,24.840968650035425,25.009252548217773,11830000
2019-12-11 00:00:00+00:00,24.98693476618566,25.665649219811876,24.96554993197805,25.60521697998047,15579000
2019-12-12 00:00:00+00:00,25.516894968988897,26.54705400992092,25.48342474422374,26.469884872436523,18276000
2019-12-13 00:00:00+00:00,26.39457393295668,26.85758694860228,26.080320218831393,26.214202880859375,22786000
2019-12-16 00:00:00+00:00,26.604693775664327,26.817605792406987,26.428041458129883,26.428041458129883,15263000
2019-12-17 00:00:00+00:00,26.637241381640038,27.078871398605088,26.528462256969195,27.015647888183594,21018000
2019-12-18 00:00:00+00:00,27.000772288816634,27.1718456833448,26.67350036767956,26.778562545776367,14116000
2019-12-19 00:00:00+00:00,27.019367657457973,27.279695579654668,26.80273510312863,27.268539428710938,13324000
2019-12-20 00:00:00+00:00,27.68692463369836,27.835683954581445,27.308518133368903,27.651594161987305,33509000
2019-12-23 00:00:00+00:00,27.74178057273717,27.799425121729712,27.359655343363784,27.37639045715332,11609000
2019-12-24 00:00:00+00:00,27.49167669861156,27.527936403613158,27.159756845094964,27.37917709350586,3866000
2019-12-26 00:00:00+00:00,27.424737674821497,27.457278666867367,27.254593506873768,27.420089721679688,6220000
2019-12-27 00:00:00+00:00,27.513061793476346,27.55490046336577,27.220192877601395,27.306659698486328,6082000
2019-12-30 00:00:00+00:00,27.196011560260963,27.26109352482302,26.74322551536447,27.198801040649414,8506000
2019-12-31 00:00:00+00:00,27.10210987481769,27.20345332059688,26.825045108217836,27.185787200927734,9154000
2020-01-02 00:00:00+00:00,27.50004345859277,27.87380198014326,27.380106419591687,27.69622039794922,15064000
2020-01-03 00:00:00+00:00,27.153242013025437,27.59580111846571,27.122561277320653,27.39869499206543,9622000
2020-01-06 00:00:00+00:00,26.943121018434855,27.151383304139014,26.733927723704856,26.88733673095703,13405000
2020-01-07 00:00:00+00:00,27.12442381159674,27.75665170645728,27.090953590659677,27.542810440063477,15595000
2020-01-08 00:00:00+00:00,27.6580934041172,28.047657702710765,27.4461124158436,27.88960075378418,15537000
2020-01-09 00:00:00+00:00,28.08950413420873,28.253140088828083,27.288063020289993,27.699939727783203,13748000
2020-01-10 00:00:00+00:00,27.809645929845033,28.01140180701081,27.23692282953532,27.36615753173828,14052000
2020-01-13 00:00:00+00:00,27.369872022404067,27.644147258836455,27.196009204505355,27.64042854309082,13994000
2020-01-14 00:00:00+00:00,27.905412024666298,28.298695115160715,27.589298065656884,27.963056564331055,17319000
2020-01-15 00:00:00+00:00,27.82545222442304,27.94353077944985,27.58743841620747,27.738056182861328,10829000
2020-01-16 00:00:00+00:00,28.061609366801544,28.567392066837666,27.980721517030506,28.445594787597656,16068000
2020-01-17 00:00:00+00:00,28.54786704012011,28.68175147633506,28.093220690501838,28.636192321777344,19299000
2020-01-21 00:00:00+00:00,28.653859731001642,28.999725213421527,28.57204264297946,28.699417114257812,15000000
2020-01-22 00:00:00+00:00,28.915116003376642,29.320484463085673,28.89187269594975,28.946727752685547,15040000
2020-01-23 00:00:00+00:00,29.008092844253273,29.071314573525832,28.59435414309898,29.047142028808594,15566000
2020-01-24 00:00:00+00:00,29.36976247026511,29.447860834795684,28.237330864519638,28.50044822692871,16322000
2020-01-27 00:00:00+00:00,27.61625882055945,27.76966784067866,27.212748834813105,27.315021514892578,19109000
2020-01-28 00:00:00+00:00,27.77896772015198,28.194564897035463,27.275045259240127,28.049524307250977,18150000
2020-01-29 00:00:00+00:00,28.099725642222335,28.263361565356625,27.51212593341121,27.726898193359375,18080000
2020-01-30 00:00:00+00:00,29.6031290794359,29.658913373609188,28.427929545194246,28.91046714782715,39431000
2020-01-31 00:00:00+00:00,28.63619121441541,28.726376737539862,27.63857327209953,27.725969314575195,24365000
2020-02-03 00:00:00+00:00,27.89239521099905,28.783092534978625,27.89239521099905,28.677101135253906,19454000
2020-02-04 00:00:00+00:00,29.432049828472515,30.385968693713483,29.39114040846273,30.25394630432129,25310000
2020-02-05 00:00:00+00:00,30.795993056591296,30.916857542925566,30.09589195676287,30.274404525756836,21572000
2020-02-06 00:00:00+00:00,30.309727615430937,30.388758745521557,30.03080443795409,30.079153060913086,12625000
2020-02-07 00:00:00+00:00,29.810463649426314,29.870895898915414,29.260983802217098,29.324207305908203,16026000
2020-02-10 00:00:00+00:00,29.19218309907494,29.74166294607523,29.101066560257554,29.736083984375,10884000
2020-02-11 00:00:00+00:00,30.018730781264722,30.386910392308113,30.018730781264722,30.279062271118164,15207000
2020-02-12 00:00:00+00:00,30.495688518820163,31.163248750392334,30.495688518820163,31.111183166503906,16872000
2020-02-13 00:00:00+00:00,31.151157359029572,32.01303063051472,31.018202162972816,31.758281707763672,21102000
2020-02-14 00:00:00+00:00,31.749919241508696,32.00281330114109,31.310149438551505,31.546306610107422,11099000
2020-02-18 00:00:00+00:00,30.053121432508075,30.867578702568345,30.030805591300528,30.248367309570312,27494000
2020-02-19 00:00:00+00:00,30.791348172963502,31.18463130001262,30.70952930819219,31.039588928222656,15396000
2020-02-20 00:00:00+00:00,30.862933592945897,31.05725026346503,30.125645327860163,30.541240692138672,18878000
2020-02-21 00:00:00+00:00,30.330191018590053,30.4064273637525,29.309328013627933,29.454368591308594,21606000
2020-02-24 00:00:00+00:00,27.818017846489134,28.3860930656984,27.438680360876802,27.935165405273438,31022000
2020-02-25 00:00:00+00:00,28.4335079216072,28.53392035839347,26.90593298699916,27.169052124023438,25498000
2020-02-26 00:00:00+00:00,27.542810373016483,28.322866552909083,27.39219083246497,27.57628059387207,23796000
2020-02-27 00:00:00+00:00,26.55727771295784,27.312232110771845,26.21978070511148,26.562856674194336,28722000
2020-02-28 00:00:00+00:00,25.64427169256354,27.376388663275208,25.44344502019545,27.28155517578125,31956000
2020-03-02 00:00:00+00:00,27.579998891006092,27.943530456144973,26.406659653818693,27.923076629638672,23473000
2020-03-03 00:00:00+00:00,27.920293079334908,28.664089704418164,26.831558397512282,27.09839630126953,25103000
2020-03-04 00:00:00+00:00,27.787334445673892,28.47813616354331,27.31595297125562,28.472558975219727,19170000
2020-03-05 00:00:00+00:00,27.69249658277574,28.789597626460782,27.520493994067657,27.811504364013672,20370000
2020-03-06 00:00:00+00:00,27.034239281029826,27.76873988388314,26.52101915883901,27.37266731262207,20486000
2020-03-09 00:00:00+00:00,25.382082401878776,26.33600335643194,24.845618906106736,24.880020141601562,26495000
2020-03-10 00:00:00+00:00,25.631255004923194,26.7636849733458,24.865142586505318,26.736722946166992,23725000
2020-03-11 00:00:00+00:00,25.89715935841846,26.450357893115235,25.343029814586544,25.71957778930664,31441000
2020-03-12 00:00:00+00:00,23.900988788685815,24.693131968631764,22.076826649406854,22.114015579223633,36844000
2020-03-13 00:00:00+00:00,23.615564464400897,24.446758902629814,22.558443336069274,24.33890724182129,26920000
2020-03-16 00:00:00+00:00,20.809586766885904,22.850380112655394,19.811039548832376,19.85380744934082,30960000
2020-03-17 00:00:00+00:00,20.18200838572343,22.112162359391693,18.941725095476123,21.319087982177734,36694000
2020-03-18 00:00:00+00:00,18.914760962602255,20.021159694366393,16.863740950220468,18.05009651184082,36072000
2020-03-19 00:00:00+00:00,17.713525924639487,18.725089253285454,17.388114376460738,18.1309814453125,33439000
2020-03-20 00:00:00+00:00,18.59586020977951,20.839338731094927,17.396488084101776,17.46900749206543,39045000
2020-03-23 00:00:00+00:00,17.728408304047846,18.59028341551909,17.278409886742836,17.93016242980957,30272000
2020-03-24 00:00:00+00:00,19.59410487204519,21.758445947497027,19.395816254068315,21.572315216064453,29212000
2020-03-25 00:00:00+00:00,21.68268437635944,23.39339274225245,21.354385746507553,21.84449577331543,28374000
2020-03-26 00:00:00+00:00,22.46461156051934,24.410085414076452,21.98011405554887,24.3502254486084,31663000
2020-03-27 00:00:00+00:00,23.69643125636141,24.58779593088929,22.485188461948447,22.5618839263916,32033000
2020-03-30 00:00:00+00:00,23.051998866634225,24.12481506500045,22.563760260784676,23.878826141357422,21298000
2020-03-31 00:00:00+00:00,23.593545082374778,23.84982398088444,22.2691261340445,22.447772979736328,27836000
2020-04-01 00:00:00+00:00,21.4142441289449,22.1858853845244,20.596770411640524,20.888591766357422,24655000
2020-04-02 00:00:00+00:00,20.53784739762151,21.171996686165212,20.19551771025629,20.630443572998047,18914000
2020-04-03 00:00:00+00:00,20.863338077757735,20.99241325364852,19.94952714963742,20.404094696044922,14906000
2020-04-06 00:00:00+00:00,21.66397414479036,23.6075765031702,21.42640213045028,23.453248977661133,33272000
2020-04-07 00:00:00+00:00,24.7093859219841,24.786083166267247,23.517783125226128,23.964868545532227,25778000
2020-04-08 00:00:00+00:00,24.308134929640158,25.46606503275262,24.068691508335224,24.949766159057617,18923000
2020-04-09 00:00:00+00:00,25.412748668061045,25.947754372648816,23.921842603532806,24.157543182373047,26173000
2020-04-13 00:00:00+00:00,23.963940718226535,24.252955899671534,23.405552077182836,24.20431900024414,14107000
2020-04-14 00:00:00+00:00,24.89833138767218,25.67371382032902,24.65421028328375,25.4885196685791,16268000
2020-04-15 00:00:00+00:00,24.87962167105763,24.917033707765615,24.182804424481215,24.581253051757812,15428000
2020-04-16 00:00:00+00:00,25.25468370054217,25.71579847734218,24.626146906601754,25.32015609741211,20778000
2020-04-17 00:00:00+00:00,26.016971925514333,26.209648081076203,25.39123959504971,26.097410202026367,18316000
2020-04-20 00:00:00+00:00,25.537152235190803,25.713929495116556,24.911421640440135,24.947898864746094,17823000
2020-04-21 00:00:00+00:00,24.5447757419318,24.637371915060882,22.688156819892853,22.787302017211914,29990000
2020-04-22 00:00:00+00:00,23.893793143256282,25.568959238227375,23.893793143256282,25.420242309570312,35658000
2020-04-23 00:00:00+00:00,25.14618599226406,25.85890206784738,24.579378805360555,24.688812255859375,26249000
2020-04-24 00:00:00+00:00,25.11626041789934,25.130289709506563,24.14165280862177,24.942289352416992,15289000
2020-04-27 00:00:00+00:00,25.272454753249452,25.66809711680641,24.5877972611921,24.73090171813965,21361000
2020-04-28 00:00:00+00:00,25.275265526374696,25.393115857118406,24.268856527225857,24.49146270751953,17316000
2020-04-29 00:00:00+00:00,25.06668235685486,26.37145975826886,24.80198656535329,26.18813705444336,21558000
2020-04-30 00:00:00+00:00,25.721410279897885,25.78594786495076,23.823638491210627,23.876951217651367,38871000
2020-05-01 00:00:00+00:00,23.077249038175893,23.10250318543069,21.48345652238603,21.981985092163086,57151000
2020-05-04 00:00:00+00:00,21.884710395281303,21.978241362844052,21.641525954842677,21.935216903686523,26313000
2020-05-05 00:00:00+00:00,22.504833062258054,23.573908138570374,22.438424068988468,22.710603713989258,22686000
2020-05-06 00:00:00+00:00,23.32230894635903,23.80306553876727,22.822845441377158,22.87428855895996,23508000
2020-05-07 00:00:00+00:00,23.383103631965138,23.734784996800997,23.11185877351951,23.16143226623535,15417000
2020-05-08 00:00:00+00:00,23.654341050976225,24.914220608612784,23.575772406019844,24.823495864868164,28381000
2020-05-11 00:00:00+00:00,24.549454087130925,24.803861670653053,24.234249930962132,24.527006149291992,17626000
2020-05-12 00:00:00+00:00,24.811335691286242,24.964728385850172,23.91716490904636,23.942419052124023,17645000
2020-05-13 00:00:00+00:00,23.940547385248433,24.06026906813233,22.614257205915006,23.21380043029785,25459000
2020-05-14 00:00:00+00:00,22.78075576185025,25.252817153626236,22.479580915602913,25.160219192504883,35760000
2020-05-15 00:00:00+00:00,23.64031660737326,24.13978005495606,23.271799748767943,23.55520248413086,36819000
2020-05-18 00:00:00+00:00,24.270726090560593,24.5980899036191,23.706726806200383,24.081790924072266,26604000
2020-05-19 00:00:00+00:00,24.117329196378687,25.08538939362336,23.982643382426513,24.47368812561035,19015000
2020-05-20 00:00:00+00:00,25.066686866826714,25.573632392152884,24.984378954135543,25.36318588256836,20597000
2020-05-21 00:00:00+00:00,25.277134158033242,25.374407952805978,24.3184272853139,24.383899688720703,17727000
2020-05-22 00:00:00+00:00,24.539161934773535,24.676653971274078,24.096754056900217,24.425052642822266,17559000
2020-05-26 00:00:00+00:00,25.20698277616874,25.44548961369805,24.864653132481344,24.91329002380371,19099000
2020-05-27 00:00:00+00:00,25.096612915569906,25.857965840311653,24.150998917686007,25.82522964477539,24587000
2020-05-28 00:00:00+00:00,25.53434434423965,26.1713015403317,24.820693463500746,24.956314086914062,22868000
2020-05-29 00:00:00+00:00,25.30145297729322,25.796238801975676,24.88803846603439,25.597015380859375,27947000
2020-06-01 00:00:00+00:00,25.30986909519065,25.84019910426751,25.240655669902846,25.3444766998291,13785000
2020-06-02 00:00:00+00:00,25.479163528955723,25.580180131989035,24.982506294661682,25.390308380126953,16974000
2020-06-03 00:00:00+00:00,26.049708547470516,27.12439597965548,25.77285308610743,26.83350944519043,24278000
2020-06-04 00:00:00+00:00,26.706307378651424,27.461114935916125,26.484636033427748,27.296497344970703,20592000
2020-06-05 00:00:00+00:00,28.04943491503465,28.995047286507003,28.001732829023197,28.5199031829834,24996000
2020-06-08 00:00:00+00:00,28.700415484691064,28.810783741559362,27.70523155251628,27.834306716918945,16894000
2020-06-09 00:00:00+00:00,27.652858804956352,28.599406024777224,27.415286743649126,28.27765464782715,16321000
2020-06-10 00:00:00+00:00,28.191602609761617,28.496516662844307,28.008278113024428,28.181312561035156,16073000
2020-06-11 00:00:00+00:00,27.33858660617456,27.931582778772466,26.364913932474646,26.416357040405273,20625000
2020-06-12 00:00:00+00:00,27.386290519277406,27.535942233809863,25.87667710954179,26.611841201782227,21638000
2020-06-15 00:00:00+00:00,25.800915821756572,27.287146552633125,25.675583441776638,27.231027603149414,21095000
2020-06-16 00:00:00+00:00,28.497779570142797,28.99265047499524,28.140007428528993,28.68558692932129,25483000
2020-06-17 00:00:00+00:00,29.165431176628875,29.526959161204136,28.886537494704324,29.464982986450195,18442000
2020-06-18 00:00:00+00:00,29.48657644162349,29.835898289775095,29.347600665431017,29.560760498046875,12740000
2020-06-19 00:00:00+00:00,30.0772326052414,30.52984873361087,29.44244738678986,29.6030216217041,26102000
2020-06-22 00:00:00+00:00,29.297832275368673,29.564516246677847,28.833948638457898,29.32600212097168,15410000
2020-06-23 00:00:00+00:00,29.58142950480574,29.960798349722285,29.34479233996513,29.67157554626465,17647000
2020-06-24 00:00:00+00:00,29.207692825308772,29.732612471880397,28.543795572252417,28.713760375976562,17909000
2020-06-25 00:00:00+00:00,28.938186910717164,29.427423144202713,28.22827908311601,29.35417938232422,15935000
2020-06-26 00:00:00+00:00,29.335396645286064,29.362627977345934,28.20480024016446,28.40763282775879,42337000
2020-06-29 00:00:00+00:00,28.523134485574865,29.016126575260937,28.228278823809205,28.96541976928711,14762000
2020-06-30 00:00:00+00:00,29.221780625267776,30.593710663899344,29.009559229122914,30.37397575378418,27896000
2020-07-01 00:00:00+00:00,30.250955025489134,30.309175342464755,29.68471739764892,29.81242561340332,15271000
2020-07-02 00:00:00+00:00,30.317623101774842,30.748638966347766,29.92135207928185,30.396501541137695,17112000
2020-07-06 00:00:00+00:00,30.989029431758087,31.644476254331117,30.892308424985135,31.45384979248047,14148000
2020-07-07 00:00:00+00:00,31.188112668008593,31.670775703683393,30.75333909607885,30.789962768554688,12765000
2020-07-08 00:00:00+00:00,31.250082854672595,31.4951719913899,30.93081144767937,31.344926834106445,9896000
2020-07-09 00:00:00+00:00,31.679229263061497,31.82665890371826,31.08669872998189,31.52898406982422,16599000
2020-07-10 00:00:00+00:00,31.466056051478486,31.95435364621863,31.049125166051383,31.92524528503418,14324000
2020-07-13 00:00:00+00:00,32.20883565270791,32.88869472201726,31.631332283567406,31.6585636138916,21604000
2020-07-14 00:00:00+00:00,31.558086819425565,32.63234172985821,31.1195592099446,32.49618148803711,20188000
2020-07-15 00:00:00+00:00,32.591029645769964,32.7534827229684,31.51489756284514,32.22949981689453,16370000
2020-07-16 00:00:00+00:00,31.952483047577104,32.55722137311202,31.822896007667666,32.3853759765625,11828000
2020-07-17 00:00:00+00:00,32.66520630069806,32.70934168953662,32.03511729607787,32.515899658203125,11290000
2020-07-20 00:00:00+00:00,32.515901991679556,33.42394980120344,32.11587507572509,33.218299865722656,12483000
2020-07-21 00:00:00+00:00,33.55823376018362,34.01178846477909,33.085901541202226,33.525367736816406,17436000
2020-07-22 00:00:00+00:00,33.802377309712284,34.08690208572672,33.47653269722342,33.98924255371094,10365000
2020-07-23 00:00:00+00:00,33.69719773315054,34.515097541986705,32.95160673243762,33.31876754760742,17249000
2020-07-24 00:00:00+00:00,32.32246872863521,32.67836030983967,31.57781237755658,32.46426010131836,20028000
2020-07-27 00:00:00+00:00,32.62576652822629,33.812704345292296,32.55439980986382,33.62489700317383,17521000
2020-07-28 00:00:00+00:00,33.29905404148496,33.70471921010963,32.73469705201522,32.76568603515625,13324000
2020-07-29 00:00:00+00:00,33.06335969477846,33.977977158329566,32.77226168140736,33.88313674926758,21673000
2020-07-30 00:00:00+00:00,34.53576546782169,35.82224004392096,34.47003342553303,35.546165466308594,25678000
2020-07-31 00:00:00+00:00,35.64195361131174,35.69829332382037,34.67756588998679,35.41658401489258,20391000
2020-08-03 00:00:00+00:00,35.758380361516224,36.40631187822803,35.60625459980969,35.81565856933594,15178000
2020-08-04 00:00:00+00:00,35.88796245507595,36.223199362909334,35.70391278606051,36.14901351928711,11482000
2020-08-05 00:00:00+00:00,36.11333842328736,36.34903523704362,35.897361220457384,36.00910568237305,8460000
2020-08-06 00:00:00+00:00,35.40155984438747,35.6457069518922,34.818418040538845,35.47761917114258,16996000
2020-08-07 00:00:00+00:00,35.53114175960342,35.84195939094235,34.410874332415425,34.97335433959961,13854000
2020-08-10 00:00:00+00:00,34.97334699351742,35.384643218166325,34.66440646194298,35.28510665893555,9292000
2020-08-11 00:00:00+00:00,35.57622027645044,35.76496618723394,34.499146004670024,34.65127182006836,11101000
2020-08-12 00:00:00+00:00,34.948941272961015,35.99126884840258,34.73766020534573,35.82600021362305,12230000
2020-08-13 00:00:00+00:00,35.6842055221447,35.91332917047871,35.15553000838407,35.40343475341797,10764000
2020-08-14 00:00:00+00:00,35.589369163394274,36.151849282532886,35.025946944504454,35.08604431152344,13446000
2020-08-17 00:00:00+00:00,35.359296784104046,36.074841113188576,35.00809782382237,35.59687423706055,14184000
2020-08-18 00:00:00+00:00,35.86636816997711,35.936796367335624,35.01935993142307,35.173362731933594,10473000
2020-08-19 00:00:00+00:00,35.1226590264701,35.32548982721648,34.58083717972064,34.94987869262695,10746000
2020-08-20 00:00:00+00:00,33.814586151370385,34.124468846911526,33.36103506365663,33.66434097290039,22140000
2020-08-21 00:00:00+00:00,33.42207142725405,33.496257291208565,32.89715360339282,33.18919372558594,25555000
2020-08-24 00:00:00+00:00,33.748855902070524,33.86811568302236,32.61450349063209,32.96194839477539,16823000
2020-08-25 00:00:00+00:00,33.152572566155406,33.457759120022295,32.91311805993641,33.10092544555664,13102000
2020-08-26 00:00:00+00:00,33.10561114798653,33.241771369957014,32.68492259392493,33.03518295288086,11947000
2020-08-27 00:00:00+00:00,33.322536779011635,33.322536779011635,31.794730583977827,32.06329345703125,19022000
2020-08-28 00:00:00+00:00,32.17690836911861,33.053028606767086,32.06328687841421,32.93940353393555,15962000
2020-08-31 00:00:00+00:00,32.730002895557305,32.78634617908461,31.574053931797483,31.58344268798828,25334000
2020-09-01 00:00:00+00:00,31.88486923497046,32.53749692434809,31.69893894122686,31.97970962524414,20873000
2020-09-02 00:00:00+00:00,32.48866689967368,34.2878546690874,32.326213857611116,34.05873107910156,27631000
2020-09-03 00:00:00+00:00,33.55165981401365,33.55165981401365,31.870789325516927,32.070804595947266,25566000
2020-09-04 00:00:00+00:00,31.833227225893335,31.917740358009517,30.01995253705437,31.28107452392578,24709000
2020-09-08 00:00:00+00:00,29.200177175635563,29.71664472200432,28.376644295369015,28.42641258239746,31138000
2020-09-09 00:00:00+00:00,29.20017420926061,29.279991163873458,28.20198227157718,28.256444931030273,30867000
2020-09-10 00:00:00+00:00,28.524073438347,28.707184635219768,27.774724590876215,27.937177658081055,20852000
2020-09-11 00:00:00+00:00,28.221703412367486,28.48463155106687,27.44606182107707,27.60663604736328,17272000
2020-09-14 00:00:00+00:00,28.337207593393316,28.980444894593827,28.136253810519108,28.679954528808594,19547000
2020-09-15 00:00:00+00:00,29.1673106811294,29.374835855458915,28.45270493355083,29.009552001953125,17141000
2020-09-16 00:00:00+00:00,29.266851820478234,29.5213297686441,28.721274039557688,28.790761947631836,14157000
2020-09-17 00:00:00+00:00,27.811348237563696,28.97762628445684,27.811348237563696,28.724088668823242,19136000
2020-09-18 00:00:00+00:00,28.94663576955535,29.187967257839283,28.348470685133552,28.848037719726562,26603000
2020-09-21 00:00:00+00:00,28.64802661985252,29.844355170260286,28.23673030316301,29.57579231262207,18802000
2020-09-22 00:00:00+00:00,29.892245648235857,30.023709730223178,29.12787156466895,29.926050186157227,15072000
2020-09-23 00:00:00+00:00,30.272552959491186,30.761789197098675,29.66030466994552,29.76923179626465,22289000
2020-09-24 00:00:00+00:00,29.487521764238142,31.38061165889945,29.487521764238142,30.722349166870117,22068000
2020-09-25 00:00:00+00:00,30.49228689780585,31.16557282957677,30.23687046323272,31.013450622558594,15512000
2020-09-28 00:00:00+00:00,31.121434122696176,31.72523388161443,30.866017715324585,31.608793258666992,17928000
2020-09-29 00:00:00+00:00,31.478713741844874,32.29224041003289,31.46551636363575,31.83504295349121,17997000
2020-09-30 00:00:00+00:00,31.602198989725295,31.884061887651942,31.127093403314273,31.27320671081543,19892000
2020-10-01 00:00:00+00:00,31.96983689567722,31.98020420619206,31.404230524207296,31.968891143798828,16935000
2020-10-02 00:00:00+00:00,31.047907496704152,31.660643357311336,30.972491860682403,30.986631393432617,11960000
2020-10-05 00:00:00+00:00,31.39103917288009,32.33842741975071,31.354277107070907,32.26112747192383,15403000
2020-10-06 00:00:00+00:00,32.1414071614033,33.09539404422518,31.995293870201905,32.14329147338867,14251000
2020-10-07 00:00:00+00:00,32.748491110170654,33.1349872445813,32.381791040292896,32.59483337402344,11084000
2020-10-08 00:00:00+00:00,32.83993342440073,33.5280849623587,32.71078611776565,33.50545883178711,11930000
2020-10-09 00:00:00+00:00,34.02109154312909,34.37553631114762,33.85800868824598,34.191715240478516,11957000
2020-10-12 00:00:00+00:00,34.8251949263708,35.19849362182879,34.60838040888919,34.88929748535156,14547000
2020-10-13 00:00:00+00:00,35.06746309062171,35.680198850792955,34.63383404262085,35.27390670776367,12292000
2020-10-14 00:00:00+00:00,35.380428222319686,36.00636129982157,34.89872049965697,35.27861785888672,14145000
2020-10-15 00:00:00+00:00,34.19737722442175,35.47281545679378,33.83444580424311,35.39645767211914,16829000
2020-10-16 00:00:00+00:00,35.49167245587239,35.49167245587239,34.37460263127504,34.40382385253906,15911000
2020-10-19 00:00:00+00:00,34.643265118481,34.846882302742785,34.12573735931239,34.27279281616211,13590000
2020-10-20 00:00:00+00:00,34.50186259795856,34.738476820222324,34.171928178093495,34.27279281616211,9326000
2020-10-21 00:00:00+00:00,34.22659992913874,34.97319742498846,34.126677453162785,34.560306549072266,16811000
2020-10-22 00:00:00+00:00,33.97019762310979,34.250172619073155,33.28393038696346,33.7486686706543,22331000
2020-10-23 00:00:00+00:00,33.93625687124103,34.171925321735756,33.023750040563385,33.36310958862305,12317000
2020-10-26 00:00:00+00:00,33.02752480768909,33.32069719137479,32.36199936745625,32.77017593383789,12365000
2020-10-27 00:00:00+00:00,32.85501081260365,32.96247413070219,32.290350122565364,32.41195297241211,10757000
2020-10-28 00:00:00+00:00,31.761508713529686,32.47888136672282,31.42026126227918,31.947214126586914,16392000
2020-10-29 00:00:00+00:00,31.958532028533316,33.76563778261383,31.937793806170905,33.300899505615234,16077000
2020-10-30 00:00:00+00:00,32.80976277794877,33.24999056256149,31.887827172655108,32.246986389160156,17499000
2020-11-02 00:00:00+00:00,32.816359940232886,33.414956209234035,32.53921505673514,33.08313751220703,13428000
2020-11-03 00:00:00+00:00,33.62423830134728,35.177767555294565,33.476240667068176,34.92890167236328,17162000
2020-11-04 00:00:00+00:00,35.24563921787788,36.123268508859674,34.622532346285084,35.85366439819336,15280000
2020-11-05 00:00:00+00:00,36.76428929588578,37.7390146732547,36.61817596351195,37.67962646484375,18129000
2020-11-06 00:00:00+00:00,37.695646040434475,38.8391107548257,37.31574854251119,38.5949592590332,14738000
2020-11-09 00:00:00+00:00,40.06364381128849,41.10058374211551,39.19732763925395,39.24163055419922,19352000
2020-11-10 00:00:00+00:00,38.56385269608579,39.190731796050535,38.1273934358491,38.44884490966797,14856000
2020-11-11 00:00:00+00:00,38.83627816942882,40.40394305003659,38.649626996395654,39.9693717956543,14416000
2020-11-12 00:00:00+00:00,40.04950453983624,40.15791003356212,39.2482295007438,39.44713592529297,9502000
2020-11-13 00:00:00+00:00,40.08532339109897,40.51141170150802,39.977860056373686,40.1871337890625,11360000
2020-11-16 00:00:00+00:00,40.61038041526008,41.444644969037846,40.25876212679778,41.410709381103516,13465000
2020-11-17 00:00:00+00:00,41.05344440463838,41.27214686111963,40.43599419931008,40.71691131591797,9919000
2020-11-18 00:00:00+00:00,41.11095434765446,41.3683032181582,40.53498049746814,40.56608963012695,13047000
2020-11-19 00:00:00+00:00,40.43694363148612,41.37113462560495,40.06364481550953,41.25895690917969,11248000
2020-11-20 00:00:00+00:00,41.33624854531949,41.945215790588364,40.85360213262202,40.878108978271484,14456000
2020-11-23 00:00:00+00:00,41.15524952295305,42.408061525352075,41.01102056109656,42.30154037475586,10885000
2020-11-24 00:00:00+00:00,42.42032299489787,42.52590200517299,41.548350408094706,42.08473205566406,12009000
2020-11-25 00:00:00+00:00,42.274194184919125,42.376000937742845,41.52476688379137,42.11676788330078,8489000
2020-11-27 00:00:00+00:00,42.43823835697829,43.421446569809866,42.403357005248814,43.036834716796875,7279000
2020-11-30 00:00:00+00:00,42.910518435164164,43.06982912370902,42.00555231043341,42.671077728271484,14341000
2020-12-01 00:00:00+00:00,43.36865616280553,44.25759840319827,43.1358141547901,44.084144592285156,14019000
2020-12-02 00:00:00+00:00,43.95311320690851,45.34072931740866,43.88618416481046,45.17481994628906,18113000
2020-12-03 00:00:00+00:00,45.26155049931717,46.35599437875296,45.17482538098147,45.632022857666016,15955000
2020-12-04 00:00:00+00:00,45.902565416619446,47.2845250492747,45.82903768301106,47.131813049316406,17551000
2020-12-07 00:00:00+00:00,47.07996594257085,48.024524207020214,46.69535407826237,47.95193862915039,15650000
2020-12-08 00:00:00+00:00,47.785607450138436,48.82804159743306,47.7600896341826,48.356441497802734,13287000
2020-12-09 00:00:00+00:00,48.10880977951153,48.6418391963172,46.2828985829919,46.671329498291016,19997000
2020-12-10 00:00:00+00:00,46.30464514632644,46.89532590655441,45.81792477673528,46.32354736328125,13031000
2020-12-11 00:00:00+00:00,46.16476599931114,46.7138639613092,45.71679470227734,46.470027923583984,14950000
2020-12-14 00:00:00+00:00,46.847127105888276,47.34707866158674,46.32638419332613,46.48610305786133,10545000
2020-12-15 00:00:00+00:00,47.25445847018266,47.56161317128466,46.56170649386716,46.81310272216797,11857000
2020-12-16 00:00:00+00:00,46.877363041129534,46.92177945712208,46.24131780097918,46.622188568115234,15148000
2020-12-17 00:00:00+00:00,46.27535195175613,46.48705102654225,45.63458009620374,45.95402145385742,14335000
2020-12-18 00:00:00+00:00,45.764999357446456,45.90392686458851,45.146911653295724,45.455955505371094,25877000
2020-12-21 00:00:00+00:00,44.33602420638095,45.80942011408177,44.30011251776995,45.66954803466797,17031000
2020-12-22 00:00:00+00:00,45.31040623049464,45.52872085483633,44.740516913120956,45.07602310180664,9663000
2020-12-23 00:00:00+00:00,45.328361349905684,45.43893370818511,44.50518673558473,44.525978088378906,7206000
2020-12-24 00:00:00+00:00,44.7669821855983,45.39641189575195,44.69326606946482,45.39641189575195,3330000
2020-12-28 00:00:00+00:00,45.891628057928806,46.06647081191479,44.925747754752535,44.99568557739258,6928000
2020-12-29 00:00:00+00:00,44.95411179241922,45.08264180992255,44.32468207948349,44.723506927490234,9017000
2020-12-30 00:00:00+00:00,45.21023123344893,46.152483065378384,44.99758401220483,45.78484344482422,8819000
2020-12-31 00:00:00+00:00,45.58165481735682,45.7404291216694,43.9939045637721,44.633731842041016,16630000
2021-01-04 00:00:00+00:00,45.18944497846206,46.49461383241718,44.732968822538716,45.17715835571289,17686000
2021-01-05 00:00:00+00:00,45.31229712150609,47.14387955836164,45.31229712150609,46.739383697509766,16099000
2021-01-06 00:00:00+00:00,46.35945933036263,47.794102523560255,46.214860806002385,46.9227294921875,13342000
2021-01-07 00:00:00+00:00,47.9472094617954,48.929154867818255,47.88294264970817,48.621055603027344,12981000
2021-01-08 00:00:00+00:00,48.577586796354815,49.35728250978364,47.07205749407698,47.40850830078125,14419000
2021-01-11 00:00:00+00:00,46.83104736233681,49.13612221030414,46.644866160061554,48.811954498291016,11892000
2021-01-12 00:00:00+00:00,49.1663763399678,50.832569129262176,49.043517334702145,50.698368072509766,18790000
2021-01-13 00:00:00+00:00,50.49043895647704,50.49043895647704,49.44611595263402,49.758941650390625,13613000
2021-01-14 00:00:00+00:00,51.26162442237145,53.91921111018274,51.255953398560855,52.71611404418945,20034000
2021-01-15 00:00:00+00:00,52.261539228176694,52.42315082559178,50.777749576811665,51.746463775634766,15264000
2021-01-19 00:00:00+00:00,52.908926267273884,55.04955256532923,52.80118400122961,54.81705856323242,20351000
2021-01-20 00:00:00+00:00,55.15917432016635,55.32740149323321,52.88434723042027,53.20851135253906,18510000
2021-01-21 00:00:00+00:00,53.81335985082601,53.898417994743305,52.14055209060446,53.32096862792969,12402000
2021-01-22 00:00:00+00:00,53.18678124125193,54.39743874096146,52.652807182004985,53.288848876953125,11998000
2021-01-25 00:00:00+00:00,53.99767074964619,54.40028112054186,52.23129949591457,53.65838623046875,16753000
2021-01-26 00:00:00+00:00,53.8955882448778,53.99198844312672,52.01769695261194,52.231285095214844,14310000
2021-01-27 00:00:00+00:00,50.902497885091655,51.50452060328086,48.389505673113895,48.67586898803711,22525000
2021-01-28 00:00:00+00:00,49.746652616998325,49.90070042834846,47.63248890287677,47.949092864990234,24901000
2021-01-29 00:00:00+00:00,47.727947628947284,47.81300579840999,45.46351406538965,45.73759078979492,28250000
2021-02-01 00:00:00+00:00,46.40860492829063,47.72700480045547,46.01828478871944,47.39149856567383,16938000
2021-02-02 00:00:00+00:00,48.43581330180475,48.903631367158184,47.72699652177834,48.77320861816406,14587000
2021-02-03 00:00:00+00:00,49.15409420796352,49.285461566457556,47.39433834624659,47.66368865966797,16049000
2021-02-04 00:00:00+00:00,47.679748472872326,49.191889675040834,47.267688823581985,49.100215911865234,14012000
2021-02-05 00:00:00+00:00,49.57181027871671,49.61717487014382,48.12204330851959,48.17686080932617,12367000
2021-02-08 00:00:00+00:00,48.67209427009242,50.4063321035873,48.59270712262767,50.35246276855469,14658000
2021-02-09 00:00:00+00:00,50.620855135220246,51.12931129403375,49.79579143483249,49.90825653076172,9441000
2021-02-10 00:00:00+00:00,50.37324249803442,50.72009070571774,49.26559736419626,50.32598876953125,8682000
2021-02-11 00:00:00+00:00,51.03480887047603,54.49100095112066,50.95731087591326,54.078941345214844,29727000
2021-02-12 00:00:00+00:00,53.88709444376477,56.491757017456194,53.39753679478359,55.39734649658203,20121000
2021-02-16 00:00:00+00:00,55.760256345796094,57.04557808585783,55.47673033965983,55.92942810058594,14520000
2021-02-17 00:00:00+00:00,55.16390455386446,55.70638693123112,53.96458554796187,55.373714447021484,14530000
2021-02-18 00:00:00+00:00,54.68663292510594,55.03631847982967,53.59505619337996,54.60441207885742,11371000
2021-02-19 00:00:00+00:00,56.17420959524623,56.894368520438924,55.636453628999035,56.55508041381836,16986000
2021-02-22 00:00:00+00:00,55.702618626000245,56.00882880573219,53.463702518306675,53.66217041015625,16155000
2021-02-23 00:00:00+00:00,52.59893299623743,53.757613883197074,50.69552359604812,53.175437927246094,17167000
2021-02-24 00:00:00+00:00,52.56208158480654,56.50404635612949,52.357942694218615,56.41237258911133,15170000
2021-02-25 00:00:00+00:00,55.760257854452355,55.99274824841489,51.47238971687165,51.75780487060547,26750000
2021-02-26 00:00:00+00:00,52.63484515901808,54.31048691816478,51.52341807229709,53.60450744628906,17836000
2021-03-01 00:00:00+00:00,54.490058535061074,56.752602919228146,54.39933294707758,56.5928840637207,17656000
2021-03-02 00:00:00+00:00,56.13923318249333,56.58814901996438,54.09689649609866,54.1876220703125,14636000
2021-03-03 00:00:00+00:00,53.94096706924784,54.96449885079823,51.98085081886641,52.096153259277344,16318000
2021-03-04 00:00:00+00:00,51.843810247072945,52.92310406283188,48.334696602604744,49.97726058959961,25420000
2021-03-05 00:00:00+00:00,51.2871456280615,51.991239562875364,48.79211112424025,51.76252746582031,22160000
2021-03-08 00:00:00+00:00,51.30038863115924,52.407089514110176,47.41229290150639,47.50113296508789,19138000
2021-03-09 00:00:00+00:00,49.702235606848305,51.67747195788225,49.47919452293945,51.366539001464844,17266000
2021-03-10 00:00:00+00:00,51.85326352501754,52.167978392022356,48.74203014702951,49.02177429199219,19725000
2021-03-11 00:00:00+00:00,50.455474770441505,51.26352555047433,49.99993967181583,50.59912872314453,16127000
2021-03-12 00:00:00+00:00,49.617175580092834,49.877076513318116,48.84220284040301,49.600162506103516,14337000
2021-03-15 00:00:00+00:00,49.295851598636666,50.78153046630947,49.16826614534231,50.7276611328125,10670000
2021-03-16 00:00:00+00:00,51.396508594794774,53.0695869803466,51.09713719030277,51.83893585205078,15265000
2021-03-17 00:00:00+00:00,51.052603226574135,52.88105369633564,50.21132620418609,52.39125442504883,13585000
2021-03-18 00:00:00+00:00,51.36050501154489,52.65747258559986,50.52680648488234,51.080078125,25177000
2021-03-19 00:00:00+00:00,51.34251527782831,52.199896416757795,50.4576570321745,51.377567291259766,23792000
2021-03-22 00:00:00+00:00,52.48506600248175,53.77255812131619,52.10990208985762,53.05633544921875,14442000
2021-03-23 00:00:00+00:00,53.46275350488725,53.48833326826053,51.4940911142198,51.576515197753906,14295000
2021-03-24 00:00:00+00:00,54.06433854964493,54.545608845764264,52.26051728486132,52.33820343017578,19697000
2021-03-25 00:00:00+00:00,51.620096690340226,52.258633120201154,49.73953941328381,51.919471740722656,14463000
2021-03-26 00:00:00+00:00,52.07957403571487,55.40015473528597,52.0160980591502,55.348995208740234,18716000
2021-03-29 00:00:00+00:00,55.16993837343854,55.18698913898159,53.02979624916065,54.02833938598633,17598000
2021-03-30 00:00:00+00:00,53.52718178315509,54.64983282601238,53.25433696942285,54.243404388427734,9049000
2021-03-31 00:00:00+00:00,55.327207004166425,57.17365538054605,55.27983493013971,56.39206314086914,23698000
2021-04-01 00:00:00+00:00,57.90692954213463,60.63255115232737,57.801769903406104,60.56623458862305,24634000
2021-04-05 00:00:00+00:00,61.55152237318719,63.09575525801002,60.590875324442536,62.603118896484375,23454000
2021-04-06 00:00:00+00:00,62.52730401326632,63.156367974744185,61.01149202823402,61.81487274169922,23236000
2021-04-07 00:00:00+00:00,61.81489024412957,63.23027733024951,61.625409174874314,62.411739349365234,14689000
2021-04-08 00:00:00+00:00,63.192374111918994,63.379954184464985,61.959825873983405,63.28521728515625,12045000
2021-04-09 00:00:00+00:00,63.01617957694496,63.37050163762952,62.216585974953354,62.71680450439453,12734000
2021-04-12 00:00:00+00:00,62.40036256370513,62.48941829458315,61.106239174424594,61.60551071166992,15811000
2021-04-13 00:00:00+00:00,62.106688585247056,62.264901497265605,60.42413412815325,61.10530471801758,13501000
2021-04-14 00:00:00+00:00,60.720666143929265,61.75994618639321,60.06412848311996,60.67329406738281,8945000
2021-04-15 00:00:00+00:00,61.39236183586827,61.74857759511522,60.42792373185756,61.532569885253906,10900000
2021-04-16 00:00:00+00:00,61.657620027751626,61.79783528669506,60.71118329280071,60.984031677246094,11136000
2021-04-19 00:00:00+00:00,60.98498169049182,61.42267102725621,57.72408590515199,58.90168380737305,24219000
2021-04-20 00:00:00+00:00,58.428942882382394,59.22000741496475,57.61987710517126,58.07746505737305,13724000
2021-04-21 00:00:00+00:00,58.69799268042412,60.750972747802734,58.49525192706118,60.750972747802734,20740000
2021-04-22 00:00:00+00:00,61.0020355125963,61.57425896481042,57.88514229023453,58.220516204833984,24367000
2021-04-23 00:00:00+00:00,58.8107411575508,59.68517668317763,58.128623696125885,59.447383880615234,14888000
2021-04-26 00:00:00+00:00,59.394328709559126,60.94993116920873,59.09116620623656,60.93288040161133,12987000
2021-04-27 00:00:00+00:00,61.32982751978765,61.485199824878734,60.613604994777035,61.09487533569336,9919000
2021-04-28 00:00:00+00:00,61.01151322795834,61.01151322795834,60.01960163118939,60.447818756103516,7380000
2021-04-29 00:00:00+00:00,60.81918989656636,60.91677463853679,59.639698205130586,60.72445297241211,8938000
2021-04-30 00:00:00+00:00,59.72495760546198,60.394758514277875,58.72072967383835,58.78041458129883,13667000
2021-05-03 00:00:00+00:00,59.61600859663847,59.68516936603493,58.14851153952958,58.4763069152832,11582000
2021-05-04 00:00:00+00:00,57.636933366904806,57.74777781420895,55.914588969678896,57.43893051147461,15878000
2021-05-05 00:00:00+00:00,58.48293903890874,58.83157625039376,57.16133841585711,57.88513946533203,9835000
2021-05-06 00:00:00+00:00,57.71081794375336,58.657254651362415,56.97659423081673,58.4952507019043,11911000
2021-05-07 00:00:00+00:00,59.30526683929219,60.139912307558504,58.5672556287017,59.736328125,10335000
2021-05-10 00:00:00+00:00,58.87136644419209,59.1233730110578,55.531841237924844,55.5593147277832,17659000
2021-05-11 00:00:00+00:00,53.86444487875946,56.3835384280614,53.33106813383222,56.125850677490234,19469000
2021-05-12 00:00:00+00:00,54.474562151514775,54.73224990793471,52.65558720221032,52.83274459838867,24293000
2021-05-13 00:00:00+00:00,54.28129354158839,56.31153451066317,54.01792100946285,55.3963623046875,29402000
2021-05-14 00:00:00+00:00,56.46406691997716,57.73640542289836,54.75877698743756,57.12628936767578,15485000
2021-05-17 00:00:00+00:00,55.93258371273246,56.15332210436777,54.56929583108705,56.09174346923828,16791000
2021-05-18 00:00:00+00:00,56.64597308222933,56.9690305883693,55.397320458179976,55.40584945678711,11679000
2021-05-19 00:00:00+00:00,53.91560019515276,57.135755383492054,53.624754183475034,57.05144119262695,15769000
2021-05-20 00:00:00+00:00,57.56303525991298,60.064131404350796,57.25987274797789,59.37443542480469,19741000
2021-05-21 00:00:00+00:00,59.064641943185286,59.25696000889895,57.80935773266099,58.178836822509766,14747000
2021-05-24 00:00:00+00:00,59.2446394091096,60.777506261365765,58.92916046420852,60.124759674072266,14088000
2021-05-25 00:00:00+00:00,60.72729528359792,61.77605120590238,60.46582006448708,60.6676139831543,15017000
2021-05-26 00:00:00+00:00,60.80024788559441,61.25593489461165,59.90875799733717,60.44687271118164,12621000
2021-05-27 00:00:00+00:00,60.14655248631838,61.69647382567642,60.14655248631838,61.172569274902344,22452000
2021-05-28 00:00:00+00:00,61.864155397362595,62.08394331624881,61.38951670788938,61.56572723388672,8414000
2021-06-01 00:00:00+00:00,62.14836517112743,63.83470688931427,61.343090524887636,61.48898696899414,12760000
2021-06-02 00:00:00+00:00,61.36015298813037,62.136060566410045,60.86941030985693,61.4842643737793,9195000
2021-06-03 00:00:00+00:00,60.49517941593872,60.87887223190046,59.79885189087732,60.23275375366211,11786000
2021-06-04 00:00:00+00:00,61.01245169572708,62.17015456197789,60.803079285621024,62.08299255371094,10443000
2021-06-07 00:00:00+00:00,61.733422042592686,61.81678938358678,60.91677771669732,61.54015350341797,8127000
2021-06-08 00:00:00+00:00,62.33785329749542,62.36532679003308,60.096338673632744,60.40045166015625,8856000
2021-06-09 00:00:00+00:00,60.739615361713234,60.95656994825678,59.97981533305637,60.07265853881836,6594000
2021-06-10 00:00:00+00:00,59.85568794724562,61.295707641908244,59.85568794724562,60.70549392700195,8440000
2021-06-11 00:00:00+00:00,60.786979746924175,60.91203074727834,60.14275856834683,60.83245086669922,10244000
2021-06-14 00:00:00+00:00,60.79548948653612,61.687925990703754,60.46106612721945,61.602664947509766,10188000
2021-06-15 00:00:00+00:00,61.41092803269558,62.08301959563008,60.925843616891235,61.084373474121094,6380000
2021-06-16 00:00:00+00:00,61.29321634840644,61.78778836393227,60.04680984298885,60.63441467285156,10738000
2021-06-17 00:00:00+00:00,60.41702429545451,61.41851299273497,59.68132965045073,60.73313522338867,8548000
2021-06-18 00:00:00+00:00,59.81423427171618,59.95473044519961,57.8008094578082,58.158687591552734,21139000
2021-06-21 00:00:00+00:00,58.328602752082766,59.23231844115837,57.77137641141425,58.72445297241211,9930000
2021-06-22 00:00:00+00:00,58.62003788750289,59.439270566454745,57.834982301981846,59.02538299560547,7199000
2021-06-23 00:00:00+00:00,59.33010468447775,60.108515368240326,59.17252357879845,59.25606155395508,6796000
2021-06-24 00:00:00+00:00,60.16641516928515,60.52714317676133,59.97560937254844,60.28127670288086,7681000
2021-06-25 00:00:00+00:00,60.2793778105438,60.40563170498113,59.39844320851399,59.84650421142578,12496000
2021-06-28 00:00:00+00:00,60.44739601344904,61.65868374979398,60.439802311911755,61.41471481323242,9633000
2021-06-29 00:00:00+00:00,61.40901761195456,62.1447049213108,61.134673889977655,61.87321472167969,7976000
2021-06-30 00:00:00+00:00,61.82290822151134,61.87701651534986,61.077725988699235,61.76974868774414,8033000
2021-07-01 00:00:00+00:00,61.48211095702884,61.644443070174674,59.920546135412295,60.096160888671875,11343000
2021-07-02 00:00:00+00:00,60.775852940154785,60.872677163306484,59.519951728366216,59.94143295288086,7426000
2021-07-06 00:00:00+00:00,59.941436891997355,60.53663539824087,58.3286062459541,59.03582000732422,10240000
2021-07-07 00:00:00+00:00,59.71835689459222,59.749684085635494,57.88434558605453,58.246971130371094,8622000
2021-07-08 00:00:00+00:00,57.017640410679675,58.2384156929302,56.4072545801651,57.52930450439453,10218000
2021-07-09 00:00:00+00:00,57.69828022877615,58.317212205151144,57.230284395506544,58.176719665527344,8372000
2021-07-12 00:00:00+00:00,58.619078803838825,59.735432552981614,58.56686803394013,59.36996078491211,17315000
2021-07-13 00:00:00+00:00,59.11555880841138,59.425024802860186,58.43302730090832,59.298770904541016,10834000
2021-07-14 00:00:00+00:00,60.00407278726305,60.801472880992044,58.508953948657826,58.65419387817383,11507000
2021-07-15 00:00:00+00:00,58.35992661670626,58.95037763212531,57.29673238797052,57.976417541503906,12497000
2021-07-16 00:00:00+00:00,58.17196736580781,58.47573714673463,55.627892734629604,55.86331558227539,13538000
2021-07-19 00:00:00+00:00,54.86752645920574,56.18797605104506,54.61501865692582,56.15190505981445,14567000
2021-07-20 00:00:00+00:00,56.571485519135926,58.07514712405763,55.83579088047477,57.62993240356445,15558000
2021-07-21 00:00:00+00:00,57.73624905652173,60.638201836552476,57.73624905652173,60.49296188354492,16374000
2021-07-22 00:00:00+00:00,60.00123616539146,60.58219597696665,59.85599621249766,60.36765670776367,12520000
2021-07-23 00:00:00+00:00,60.91729428316899,61.19543308860858,60.137938544601354,60.7796516418457,10317000
2021-07-26 00:00:00+00:00,60.870781630124675,61.50964480816548,60.30311167107176,60.79104232788086,8782000
2021-07-27 00:00:00+00:00,60.28033047392338,60.49392100705968,57.67834853153044,59.101322174072266,14912000
2021-07-28 00:00:00+00:00,59.341487819641024,60.564160717588685,59.181056837035904,60.27937698364258,12160000
2021-07-29 00:00:00+00:00,57.960288099636436,59.089935564128695,56.67781057926561,58.82033920288086,29139000
2021-07-30 00:00:00+00:00,58.001097094055424,60.51669446951196,57.9697735283121,60.50815200805664,16511000
2021-08-02 00:00:00+00:00,61.34258248144126,62.60417280431531,60.84895197047964,60.924896240234375,13923000
2021-08-03 00:00:00+00:00,61.27422048339924,61.64064465794075,60.41892052481587,61.27802276611328,6844000
2021-08-04 00:00:00+00:00,61.5912867736266,62.144710827574436,60.89641056172793,61.682411193847656,11120000
2021-08-05 00:00:00+00:00,61.87322176534196,62.0459902508959,61.01127685772382,61.29131317138672,5961000
2021-08-06 00:00:00+00:00,61.00083294381771,61.54666692478409,60.943871127344764,61.5096435546875,6065000
2021-08-09 00:00:00+00:00,61.70329768502383,61.73462125145916,60.659089480381276,60.801483154296875,7831000
2021-08-10 00:00:00+00:00,60.82995818040883,60.86982782822836,58.391253858449815,58.5868034362793,16249000
2021-08-11 00:00:00+00:00,58.85449978070175,59.036763089562115,56.59236268802374,57.76567459106445,17557000
2021-08-12 00:00:00+00:00,56.80025255222628,56.80974739425261,54.88270366090586,55.39152145385742,25136000
2021-08-13 00:00:00+00:00,55.36684440092077,55.850027614190125,54.78967962464147,55.09724807739258,17663000
2021-08-16 00:00:00+00:00,55.04598622996834,56.056969730311565,54.82005821649183,55.90034103393555,12692000
2021-08-17 00:00:00+00:00,55.24154695477402,55.767449791870135,54.19543746287966,54.96245574951172,12701000
2021-08-18 00:00:00+00:00,54.868465706640976,55.5870717172591,54.027404477874256,54.06252670288086,8827000
2021-08-19 00:00:00+00:00,53.66857974535653,54.9861829683781,53.319244114443016,54.786834716796875,11057000
2021-08-20 00:00:00+00:00,55.38867762310961,55.58043217113496,53.14362886025807,53.72648620605469,16962000
2021-08-23 00:00:00+00:00,54.359652085544255,55.66586281984129,54.33687098236037,55.466514587402344,13697000
2021-08-24 00:00:00+00:00,55.71523805508069,56.387329615127975,55.222559938834216,55.58803176879883,9510000
2021-08-25 00:00:00+00:00,55.74085488855236,56.463255902074124,55.67250434075711,55.890838623046875,9010000
2021-08-26 00:00:00+00:00,55.81775164582414,56.414851246541346,55.37823674344588,55.566192626953125,8624000
2021-08-27 00:00:00+00:00,55.936413344222096,58.20899427951878,55.92787088234696,57.867252349853516,14981000
2021-08-30 00:00:00+00:00,58.36087808046852,58.646610569475456,57.18946359546888,57.71536636352539,9763000
2021-08-31 00:00:00+00:00,57.798901611229205,57.798901611229205,56.67210425024395,57.4144401550293,10715000
2021-09-01 00:00:00+00:00,57.71061262680833,57.810286739973265,56.87524759612472,56.93600082397461,7046000
2021-09-02 00:00:00+00:00,57.21509808858077,57.70207999674033,56.8762060460829,57.15624237060547,8571000
2021-09-03 00:00:00+00:00,57.14863909558652,58.223225622162005,56.57717055725115,57.97356414794922,10294000
2021-09-07 00:00:00+00:00,56.876208727617836,57.492290843346915,55.81775813549431,56.3104362487793,23316000
2021-09-08 00:00:00+00:00,56.144304263722965,56.15854290638921,54.71468587624451,55.394371032714844,17215000
2021-09-09 00:00:00+00:00,55.15325434334653,56.66451323209211,54.96340093811439,56.35029983520508,15391000
2021-09-10 00:00:00+00:00,57.15908883758996,58.107421588999195,56.6255923674188,56.7774772644043,15575000
2021-09-13 00:00:00+00:00,57.233147173161505,58.37513229497424,56.915138651358255,57.789424896240234,13132000
2021-09-14 00:00:00+00:00,57.01479866289352,58.03907207052025,56.82683915310269,57.28913879394531,11812000
2021-09-15 00:00:00+00:00,57.04422274188055,58.083687138469124,56.680648479450966,58.04856491088867,11420000
2021-09-16 00:00:00+00:00,57.32332337867702,58.58586609356306,56.93791308675749,58.461509704589844,13524000
2021-09-17 00:00:00+00:00,58.37605872812219,58.49756880427794,57.30242097133374,57.8093376159668,20142000
2021-09-20 00:00:00+00:00,56.47276123068429,56.48699987459626,55.160854152261,55.99906921386719,13241000
2021-09-21 00:00:00+00:00,56.232583053897095,56.413897601374615,54.89694629668878,55.64877700805664,16045000
2021-09-22 00:00:00+00:00,56.38732837825849,57.31097896767601,55.90224397517844,57.061317443847656,10350000
2021-09-23 00:00:00+00:00,57.01289673290277,58.65990074139069,56.64647618277993,58.14918899536133,11004000
2021-09-24 00:00:00+00:00,57.39736439763277,58.26690670706382,57.08125344512709,58.1416015625,7273000
2021-09-27 00:00:00+00:00,57.38030702897947,59.18932256996378,57.31369447203584,58.68306350708008,10892000
2021-09-28 00:00:00+00:00,56.721783551129555,57.70194637334107,55.66739946569,55.7616081237793,20885000
2021-09-29 00:00:00+00:00,55.774935254406515,56.04995253739611,53.94213165103623,54.00493621826172,16577000
2021-09-30 00:00:00+00:00,54.55496444047137,54.95844773596386,54.04490106278598,54.1609992980957,10938000
2021-10-01 00:00:00+00:00,54.348468172712735,54.58922808874951,53.34737404480777,54.21619415283203,11157000
2021-10-04 00:00:00+00:00,53.85839192455642,53.90882870340898,52.179748182613395,52.35198974609375,16407000
2021-10-05 00:00:00+00:00,52.974337047214235,53.60240083301446,52.39766112345943,52.90011215209961,12056000
2021-10-06 00:00:00+00:00,52.338659076497976,53.09043341445992,51.84667730746891,52.50328826904297,15908000
2021-10-07 00:00:00+00:00,53.67378225557303,53.68425149979353,52.74405601301595,52.89250946044922,10535000
2021-10-08 00:00:00+00:00,53.15895005633034,53.28551390287942,52.25111355656762,52.353885650634766,8671000
2021-10-11 00:00:00+00:00,52.16071720665731,53.43016748306109,52.149296873315684,52.57086181640625,8923000
2021-10-12 00:00:00+00:00,53.08567481508091,53.11707891107665,51.604015698975104,52.03224182128906,12766000
2021-10-13 00:00:00+00:00,52.620348715725434,53.11613857669606,51.680153234776725,51.80672073364258,12538000
2021-10-14 00:00:00+00:00,53.15705378305997,54.05918021724107,52.74500338139944,54.04490661621094,15499000
2021-10-15 00:00:00+00:00,53.90882487332828,54.100099101463236,53.42254959853665,53.71564483642578,13248000
2021-10-18 00:00:00+00:00,53.290277807496835,54.18859986572182,53.16942411579855,54.11817932128906,12474000
2021-10-19 00:00:00+00:00,54.160048233149816,55.00317436806701,53.84506343287614,54.32086944580078,14995000
2021-10-20 00:00:00+00:00,54.29898768611111,54.505486611365605,53.67663038203436,53.813663482666016,16933000
2021-10-21 00:00:00+00:00,51.8523936526624,52.89726703143975,50.91220182277175,52.85444259643555,30650000
2021-10-22 00:00:00+00:00,53.290274865266994,54.79477473787722,52.74785628651162,52.98004913330078,18770000
2021-10-25 00:00:00+00:00,53.10472016098974,53.481558512515015,52.28157399447131,52.52613830566406,12826000
2021-10-26 00:00:00+00:00,52.993371718724134,53.217952221197926,51.98561635565316,52.23779296875,11734000
2021-10-27 00:00:00+00:00,52.15024713567802,53.341668128985155,51.97610339048545,52.68315124511719,11838000
2021-10-28 00:00:00+00:00,53.646180363852764,55.187790929757384,53.61477626468554,53.85648727416992,22325000
2021-10-29 00:00:00+00:00,53.13230907770449,53.97163091193516,52.92866342253019,53.630001068115234,13381000
2021-11-01 00:00:00+00:00,53.7660837547021,54.519760365124405,53.419698459754194,54.50453567504883,10724000
2021-11-02 00:00:00+00:00,54.69295417817994,55.00317993328167,54.43221411204656,54.6453742980957,8970000
2021-11-03 00:00:00+00:00,54.7234040300128,55.52561157965726,54.18478979944291,55.326725006103516,7908000
2021-11-04 00:00:00+00:00,55.47898444206689,57.01108049665195,55.16685651692641,56.97587203979492,17965000
2021-11-05 00:00:00+00:00,57.1833229498697,58.3338216428798,56.83788874117681,58.121612548828125,21028000
2021-11-08 00:00:00+00:00,58.524139560533506,59.00089666251005,57.46499636368207,57.959835052490234,12598000
2021-11-09 00:00:00+00:00,58.04833748982856,59.29114264703772,57.95603100093525,59.18170928955078,12041000
2021-11-10 00:00:00+00:00,58.48036300044738,59.21691266974432,57.46784860759391,57.646751403808594,10898000
2021-11-11 00:00:00+00:00,58.389966973729905,58.933336660623446,58.02454537782486,58.40043258666992,8198000
2021-11-12 00:00:00+00:00,58.7525351556125,59.751727177181266,58.381403371498635,59.42056655883789,10591000
2021-11-15 00:00:00+00:00,60.14187574660106,61.32092506833454,59.48335900180434,59.976295471191406,13534000
2021-11-16 00:00:00+00:00,59.87257179158439,60.712844632464844,59.42150863468729,60.35694122314453,8523000
2021-11-17 00:00:00+00:00,60.356943119740464,60.788977244787354,59.59755640344923,60.01150894165039,9066000
2021-11-18 00:00:00+00:00,60.616739421757394,60.643384443960876,59.45577151698494,60.50349807739258,10002000
2021-11-19 00:00:00+00:00,60.56059451908629,62.520913155993696,60.24941767641062,61.331398010253906,18332000
2021-11-22 00:00:00+00:00,61.942337187078955,62.90727179285195,61.104913897347934,61.54075241088867,18759000
2021-11-23 00:00:00+00:00,61.664477675474835,63.026234594349035,61.023087582044845,62.93202590942383,17531000
2021-11-24 00:00:00+00:00,62.2354273508357,62.95294072055934,61.40562010397687,62.88157272338867,12152000
2021-11-26 00:00:00+00:00,61.99371679905933,62.243983951029016,60.75185926052434,61.091583251953125,8377000
2021-11-29 00:00:00+00:00,61.99753568252591,64.92754462295784,61.76153481373566,64.76101684570312,19639000
2021-11-30 00:00:00+00:00,64.26519592147585,65.94669957884655,63.58099262417823,64.69532775878906,27254000
2021-12-01 00:00:00+00:00,65.91814739257178,67.73858271583981,65.1254545744831,65.99713134765625,25249000
2021-12-02 00:00:00+00:00,64.98178882970781,65.18067541625958,62.415284992399464,62.951045989990234,23006000
2021-12-03 00:00:00+00:00,63.64381895997179,63.852223708408346,62.030836631251866,62.946292877197266,13856000
2021-12-06 00:00:00+00:00,63.27553201071517,63.831280320749535,61.13440504807973,63.52580642700195,12665000
2021-12-07 00:00:00+00:00,64.5678483499229,67.52260792617369,64.4241539540618,67.19810485839844,16016000
2021-12-08 00:00:00+00:00,67.0886392082688,68.35523587176218,67.0886392082688,67.94794464111328,11634000
2021-12-09 00:00:00+00:00,67.44551575780417,68.50751243445484,66.35306243714801,66.5548095703125,10828000
2021-12-10 00:00:00+00:00,67.72338531745532,67.9546307413941,66.09422714644845,67.18001556396484,8793000
2021-12-13 00:00:00+00:00,67.33130721355457,67.37889071959955,65.09026492717555,65.18257141113281,12440000
2021-12-14 00:00:00+00:00,64.33854270315175,65.17493701329467,63.72054953796967,64.77629089355469,13892000
2021-12-15 00:00:00+00:00,64.85165138512056,66.64460618635066,63.45734280124654,66.50251007080078,13627000
2021-12-16 00:00:00+00:00,66.92784844728419,67.46001209812799,63.577497794915615,64.02001190185547,13775000
2021-12-17 00:00:00+00:00,63.42109362218096,64.65041516475215,63.00528298843105,63.81878662109375,15633000
2021-12-20 00:00:00+00:00,62.83456258170617,64.18500290562737,62.36247819148467,63.047237396240234,9110000
2021-12-21 00:00:00+00:00,64.80873192905767,65.52496062108575,63.43444743465217,65.1444320678711,13405000
2021-12-22 00:00:00+00:00,64.7066753980217,65.9989428625372,64.17641811777287,65.92169189453125,10424000
2021-12-23 00:00:00+00:00,66.23259802747917,67.42091108176113,66.1276903784023,66.63697052001953,8674000
2021-12-27 00:00:00+00:00,67.02512563082445,69.04792675339398,67.02512563082445,68.9906997680664,10143000
2021-12-28 00:00:00+00:00,69.14329523146333,69.46564359754633,68.15525841644872,68.29450225830078,7816000
2021-12-29 00:00:00+00:00,68.5415134509348,69.44561978191895,68.2945024275295,69.31019592285156,6902000
2021-12-30 00:00:00+00:00,69.42941826069972,69.42941826069972,68.39751333953794,68.50718688964844,5216000
2021-12-31 00:00:00+00:00,68.50525481088314,69.22624917162626,68.40225353758937,68.58536529541016,7138000
2022-01-03 00:00:00+00:00,68.7741904588657,69.72121854755743,67.88724886670825,69.18714141845703,10602000
2022-01-04 00:00:00+00:00,69.30825775932209,69.7965532966694,66.99267939581672,67.90345764160156,14566000
2022-01-05 00:00:00+00:00,67.9788299216536,68.1800593674961,65.86351960792638,65.97796630859375,13994000
2022-01-06 00:00:00+00:00,66.13913479637502,67.30169750954404,65.51541524765673,66.94120025634766,11896000
2022-01-07 00:00:00+00:00,66.55686193851992,67.06613481867322,63.744393872006405,63.830230712890625,15698000
2022-01-10 00:00:00+00:00,62.81260986164724,63.69001240769521,61.342957322746706,63.35335922241211,16246000
2022-01-11 00:00:00+00:00,62.25948910991013,64.23651614510933,62.18223812805534,64.20408630371094,9189000
2022-01-12 00:00:00+00:00,64.76388316608265,65.71186449437529,64.30992376083438,65.4543685913086,9286000
2022-01-13 00:00:00+00:00,67.23588572605502,69.68308303086911,65.16921690255,65.4972915649414,29135000
2022-01-14 00:00:00+00:00,65.19212329732223,69.69167830092717,65.0233164045274,69.60298919677734,19416000
2022-01-18 00:00:00+00:00,68.3479071949351,68.4184786523898,64.51116719800417,64.7572250366211,20069000
2022-01-19 00:00:00+00:00,65.88639481617567,66.63313953383609,61.232339232453235,61.29719161987305,18340000
2022-01-20 00:00:00+00:00,62.437831422319235,62.75255439257055,58.89292326373066,59.09796905517578,19444000
2022-01-21 00:00:00+00:00,58.767025933583085,60.7249744702695,57.646428532849484,57.77422332763672,22222000
2022-01-24 00:00:00+00:00,55.79148423515693,59.43843652452347,54.88642112828743,59.303009033203125,24890000
2022-01-25 00:00:00+00:00,57.235380896657624,57.645472396598386,55.40999676981213,56.099525451660156,18846000
2022-01-26 00:00:00+00:00,57.55773949544939,58.578198841956,55.350873464412714,56.90445327758789,23637000
2022-01-27 00:00:00+00:00,56.7356368031635,57.26970668379242,52.52314242931183,52.958980560302734,30943000
2022-01-28 00:00:00+00:00,52.798763745321125,53.51785542577852,50.5461237524429,53.51594543457031,20024000
2022-01-31 00:00:00+00:00,53.746744204360944,56.265469746973196,53.104903450255875,56.26070022583008,19000000
2022-02-01 00:00:00+00:00,56.268332349464515,56.635505459803774,54.55167209014747,56.2177848815918,11355000
2022-02-02 00:00:00+00:00,57.0284279807078,58.49045170684748,56.275003734523935,58.34453201293945,16622000
2022-02-03 00:00:00+00:00,56.934010433804374,57.75228340010559,55.86491014895009,56.15006637573242,20076000
2022-02-04 00:00:00+00:00,55.93453253443687,56.22541146110391,54.70807079393434,55.22593307495117,14462000
2022-02-07 00:00:00+00:00,55.41667951933028,56.23113992256362,54.26365583820343,54.49159240722656,10859000
2022-02-08 00:00:00+00:00,54.029994450903054,55.08287989296114,53.46445147905589,54.96080780029297,12958000
2022-02-09 00:00:00+00:00,56.1796411842858,58.223419362281795,55.60360594980896,57.93158721923828,12072000
2022-02-10 00:00:00+00:00,56.148163047033016,58.7469954212608,56.076634782826666,56.73278045654297,15148000
2022-02-11 00:00:00+00:00,56.74613492365198,57.216309315803194,52.966618515851735,53.40627670288086,15785000
2022-02-14 00:00:00+00:00,53.47112964159459,54.26937507542791,52.23036284818644,53.240333557128906,13459000
2022-02-15 00:00:00+00:00,54.304659843106094,56.91398072880049,54.304659843106094,56.63264083862305,14344000
2022-02-16 00:00:00+00:00,55.741889288409645,56.7833293450394,55.05427057910812,56.40852355957031,8048000
2022-02-17 00:00:00+00:00,55.999385577306626,56.76616160853724,55.2402422353091,55.372806549072266,12909000
2022-02-18 00:00:00+00:00,55.391886294325644,55.5282633276713,53.721000237027155,54.359981536865234,12481000
2022-02-22 00:00:00+00:00,53.50260724237612,55.061909907518576,52.541277500048885,53.38053512573242,12194000
2022-02-23 00:00:00+00:00,54.04907316976555,54.461071062684866,51.61809060050788,51.72776412963867,12435000
2022-02-24 00:00:00+00:00,50.078822673699925,53.7973037205375,49.54952212676386,53.68190383911133,15628000
2022-02-25 00:00:00+00:00,53.80873592348469,54.73096338151899,53.036237228228295,54.66611099243164,10847000
2022-02-28 00:00:00+00:00,54.01854936168551,54.46964929445487,52.47355555755821,53.53597640991211,14065000
2022-03-01 00:00:00+00:00,53.222218368789186,53.636126285474454,51.03824300190891,51.554195404052734,16089000
2022-03-02 00:00:00+00:00,52.19317073845317,53.23842717361492,51.58661567981996,52.836917877197266,12451000
2022-03-03 00:00:00+00:00,53.454910357184886,53.454910357184886,51.37584305160042,51.83457565307617,10339000
2022-03-04 00:00:00+00:00,51.37965474345958,51.692467623745536,49.55522399748004,50.14365768432617,14386000
2022-03-07 00:00:00+00:00,50.31724099589398,50.882787651739356,46.60829949878924,46.650264739990234,21396000
2022-03-08 00:00:00+00:00,46.68936186878557,48.74553841328551,45.68702027885285,46.76660919189453,21558000
2022-03-09 00:00:00+00:00,48.58150282447202,49.80319513168452,48.0541087400275,49.335880279541016,14437000
2022-03-10 00:00:00+00:00,48.140896907793696,48.35357172268595,46.56538319389879,47.40559387207031,11106000
2022-03-11 00:00:00+00:00,48.786548041731365,48.845677734828676,46.023678297156124,46.100929260253906,10389000
2022-03-14 00:00:00+00:00,46.56822725192537,46.786624692327436,44.44815204404038,44.72854232788086,15870000
2022-03-15 00:00:00+00:00,45.46238679375212,46.58945199967139,45.116996196752815,46.376094818115234,12455000
2022-03-16 00:00:00+00:00,47.484025257925204,49.237767452548674,46.88126511311186,49.22437286376953,16659000
2022-03-17 00:00:00+00:00,48.81106147462404,50.382064638436766,48.56039281551902,50.356231689453125,13627000
2022-03-18 00:00:00+00:00,50.24618628049353,52.380721503597,50.03857017061425,52.10900115966797,22237000
2022-03-21 00:00:00+00:00,51.47371227160447,52.07455991650304,50.31316428054073,51.36464309692383,10517000
2022-03-22 00:00:00+00:00,51.473710810248775,52.894500643971,51.473710810248775,52.311832427978516,10664000
2022-03-23 00:00:00+00:00,51.70047313243022,52.43048196263578,50.76476062012314,50.80303192138672,9835000
2022-03-24 00:00:00+00:00,51.40674869003723,53.26286301558921,50.879574833519,53.216941833496094,12124000
2022-03-25 00:00:00+00:00,53.11551516110654,53.284863639403696,52.159710889696775,53.082984924316406,7531000
2022-03-28 00:00:00+00:00,52.58068940834882,53.37384251933995,51.75404617488014,53.32122039794922,7338000
2022-03-29 00:00:00+00:00,54.38226993136651,54.99363986580749,53.402548790230675,54.432979583740234,11139000
2022-03-30 00:00:00+00:00,53.79099052712862,54.630068459135984,52.17502278352917,52.48405456542969,12981000
2022-03-31 00:00:00+00:00,52.620869841409316,53.340352666815264,51.391432778161736,51.4364013671875,14703000
2022-04-01 00:00:00+00:00,51.78179047469991,52.21711458009203,49.471213119902764,50.27297592163086,12084000
2022-04-04 00:00:00+00:00,50.35717340105922,51.355073873257766,50.1677366961517,51.23930740356445,8777000
2022-04-05 00:00:00+00:00,50.57531960148672,50.70830925982873,47.84281242830289,48.18628692626953,19670000
2022-04-06 00:00:00+00:00,47.25536615996471,48.38338783172819,46.69661826702978,47.66294860839844,15845000
2022-04-07 00:00:00+00:00,47.58353027429275,48.67710542162474,47.14150517777863,48.15758514404297,10095000
2022-04-08 00:00:00+00:00,47.647627444735484,47.92222015533469,46.960674850282395,47.03817367553711,10449000
2022-04-11 00:00:00+00:00,46.60763477861684,46.692787140353246,45.466218666803385,45.51884078979492,16953000
2022-04-12 00:00:00+00:00,46.022096139712986,46.68512829621129,44.46736027890451,44.68071746826172,16778000
2022-04-13 00:00:00+00:00,44.935218170826346,45.66713944929961,44.764913440118654,45.217464447021484,11396000
2022-04-14 00:00:00+00:00,45.29495965310382,45.350454133228666,43.61297506441233,43.643592834472656,13648000
2022-04-18 00:00:00+00:00,43.176687273560496,45.254771974733636,43.14989809572822,45.02036666870117,16631000
2022-04-19 00:00:00+00:00,44.89886061206941,46.1904858998054,44.587912702132414,45.847007751464844,12144000
2022-04-20 00:00:00+00:00,47.13576324511101,48.29822743711419,45.893887753788796,46.063236236572266,20233000
2022-04-21 00:00:00+00:00,46.75401764156075,47.60840263908214,44.82422962685535,44.92086410522461,22794000
2022-04-22 00:00:00+00:00,44.6807111434981,45.18874921938383,44.04637707501225,44.31044387817383,20282000
2022-04-25 00:00:00+00:00,44.05691476728881,45.95895394826338,43.926793800488774,45.58198928833008,14124000
2022-04-26 00:00:00+00:00,44.64627629598774,44.997404327482684,43.69621302809991,43.7450065612793,14974000
2022-04-27 00:00:00+00:00,43.476148200594906,44.83187742033833,43.00637779570166,43.70289993286133,12413000
2022-04-28 00:00:00+00:00,44.801271957604364,46.84395422804544,44.26070353375043,46.354095458984375,16784000
2022-04-29 00:00:00+00:00,45.44612694302746,47.01904227907433,44.47597178626076,44.56208038330078,14050000
2022-05-02 00:00:00+00:00,44.70750167252225,45.90153973191306,43.93252441574913,45.859439849853516,12866000
2022-05-03 00:00:00+00:00,45.599210497218515,46.751148898609244,45.27391174403811,46.44020462036133,9578000
2022-05-04 00:00:00+00:00,46.61050430074862,48.56803782099644,45.67670795953213,48.4044303894043,11962000
2022-05-05 00:00:00+00:00,47.30224188056934,47.64572003918007,45.262428348063644,46.05080032348633,14578000
2022-05-06 00:00:00+00:00,45.61068570624037,46.834381697868366,44.48362053605325,45.755157470703125,10680000
2022-05-09 00:00:00+00:00,44.007148252505836,44.23964105067071,42.33951490516276,42.78153991699219,18487000
2022-05-10 00:00:00+00:00,44.1037941724048,44.88164028936998,42.721275376150146,43.92679214477539,14134000
2022-05-11 00:00:00+00:00,43.52304108783591,44.87207338127301,42.67917827194543,42.78633499145508,11793000
2022-05-12 00:00:00+00:00,42.74614795447961,44.20903415058488,42.5758432384173,44.0521240234375,15558000
2022-05-13 00:00:00+00:00,44.54677788240182,47.3883545760088,44.48937092858315,47.064971923828125,19093000
2022-05-16 00:00:00+00:00,46.538740994655846,47.173075111262925,45.82882782322373,46.160823822021484,9689000
2022-05-17 00:00:00+00:00,47.36156755172495,49.404253708694746,46.88605955255256,49.01198196411133,16356000
2022-05-18 00:00:00+00:00,47.88776845507984,48.651263554657504,45.40976259035121,45.68339538574219,17105000
2022-05-19 00:00:00+00:00,45.876667525893176,46.49664720226492,45.072988545521625,45.17153549194336,11193000
2022-05-20 00:00:00+00:00,45.964687161476185,46.32155987441256,43.09823428865851,45.3619270324707,17158000
2022-05-23 00:00:00+00:00,45.56954885344877,46.492822911346416,45.16388259291383,46.240238189697266,10578000
2022-05-24 00:00:00+00:00,45.68435896252735,45.97329886081272,44.55920983747129,45.060550689697266,9431000
2022-05-25 00:00:00+00:00,44.5477217961812,47.03720984726195,44.52475756110442,46.649723052978516,12887000
2022-05-26 00:00:00+00:00,46.105335650323134,49.12391781764296,46.014445875380694,48.719207763671875,12922000
2022-05-27 00:00:00+00:00,49.48556625881513,51.41343806525309,49.29708578509572,50.8058967590332,16526000
2022-05-31 00:00:00+00:00,50.20027110693709,50.32560358588985,48.835928165260746,49.754417419433594,15011000
2022-06-01 00:00:00+00:00,50.0596203893609,50.22992509756217,47.795927667722545,48.39198684692383,10261000
2022-06-02 00:00:00+00:00,48.13079820286388,50.114164695085805,48.03416736834565,50.067283630371094,11600000
2022-06-03 00:00:00+00:00,49.05216286380874,49.873061489111855,48.719210565461765,49.17558288574219,13304000
2022-06-06 00:00:00+00:00,50.38971067569201,50.98481734949026,49.14879132260606,49.39372253417969,7852000
2022-06-07 00:00:00+00:00,48.739294590350546,50.22705745722501,48.63691905637686,50.08067321777344,11502000
2022-06-08 00:00:00+00:00,49.93046480609072,50.14095330226414,48.5986520599373,48.99858093261719,9009000
2022-06-09 00:00:00+00:00,48.132703535265,49.120081752447206,47.18360026185524,47.21134567260742,8652000
2022-06-10 00:00:00+00:00,46.42201050939447,46.724344926774286,45.33226057868594,45.38966751098633,10987000
2022-06-13 00:00:00+00:00,43.53356708428739,44.23104570614623,42.5940295875866,42.77485656738281,14833000
2022-06-14 00:00:00+00:00,43.51594840222785,43.718503023845244,42.72876046998434,43.17707443237305,11689000
2022-06-15 00:00:00+00:00,43.177081504314756,44.42601595728564,42.667329454260084,43.54859161376953,15659000
2022-06-16 00:00:00+00:00,42.38893425293459,42.530054556407705,39.61747079665518,40.15602111816406,19042000
2022-06-17 00:00:00+00:00,40.042742864171586,40.72432872785866,39.49267177639813,40.26737594604492,17917000
2022-06-21 00:00:00+00:00,41.01520575100883,42.461897758558564,40.990248958008806,41.57103729248047,12126000
2022-06-22 00:00:00+00:00,40.63312834407541,41.72846589900134,40.3691320205827,40.859683990478516,11078000
2022-06-23 00:00:00+00:00,41.40879179507366,41.40879179507366,39.88050247251975,40.71088790893555,9030000
2022-06-24 00:00:00+00:00,41.503825777002284,43.238510937660145,41.39438578826217,43.21739196777344,14217000
2022-06-27 00:00:00+00:00,43.786668487134264,43.89322647465133,42.839167371655016,43.17900085449219,7695000
2022-06-28 00:00:00+00:00,43.33164722843743,44.08907040780687,41.92911194244915,42.07215118408203,9379000
2022-06-29 00:00:00+00:00,41.514400892562854,41.66320052224016,40.799215666832815,40.99601364135742,11751000
2022-06-30 00:00:00+00:00,40.22514277922785,41.92622927865405,39.83922982952605,40.909610748291016,10663000
2022-07-01 00:00:00+00:00,39.272838114535226,39.81042900574044,37.10424126079051,37.90294647216797,29500000
2022-07-05 00:00:00+00:00,36.4476108175959,37.53526912485606,36.082820543161745,37.32119369506836,26882000
2022-07-06 00:00:00+00:00,37.53815597768254,38.09206496274328,36.83065010414456,37.60151290893555,12516000
2022-07-07 00:00:00+00:00,38.70836677397536,40.07154219970441,38.59317003696839,39.82770538330078,13753000
2022-07-08 00:00:00+00:00,39.280523063117215,40.048507545357836,38.913810152418925,39.85075378417969,9213000
2022-07-11 00:00:00+00:00,39.26898849252771,39.36210678427401,38.250451330479386,38.6306037902832,11137000
2022-07-12 00:00:00+00:00,38.86964643195286,39.448512138578785,38.570131987400835,38.962764739990234,9538000
2022-07-13 00:00:00+00:00,38.027741069061804,39.77682944215475,38.015260842492744,39.55219268798828,9220000
2022-07-14 00:00:00+00:00,39.19220208691388,40.615852526909066,38.513494512434704,40.25394058227539,11114000
2022-07-15 00:00:00+00:00,40.718565896104934,41.0286379713228,39.552188506681425,41.00368118286133,13375000
2022-07-18 00:00:00+00:00,42.03278058839667,42.03374004235211,40.289456413405176,40.6225700378418,9080000
2022-07-19 00:00:00+00:00,41.3742391960624,42.977410107097995,41.27344158418282,42.90541076660156,14888000
2022-07-20 00:00:00+00:00,42.81228862715425,44.96360792872953,42.661570118826205,44.64873123168945,18505000
2022-07-21 00:00:00+00:00,45.00104190728735,45.80742633791763,44.312736230074364,45.70758819580078,13812000
2022-07-22 00:00:00+00:00,45.60295405664247,45.86214578975926,44.25513726942937,44.542171478271484,13265000
2022-07-25 00:00:00+00:00,43.224116421450404,43.9969016156837,42.947639889676005,43.91434097290039,11483000
2022-07-26 00:00:00+00:00,43.466032706458456,43.865385274424625,42.75468548701396,42.93324279785156,11291000
2022-07-27 00:00:00+00:00,43.605235696493054,45.24776247478725,43.58219415061626,44.89448928833008,16886000
2022-07-28 00:00:00+00:00,44.582490308600896,46.76260760332336,43.52074836844096,46.55332946777344,23813000
2022-07-29 00:00:00+00:00,45.87846707742707,48.57505275729968,45.74407028012992,48.04802322387695,24772000
2022-08-01 00:00:00+00:00,46.936372674710455,48.57505798619595,46.73285488686833,48.26786422729492,20002000
2022-08-02 00:00:00+00:00,47.65539052000475,48.88512854018212,46.99780566677891,48.25345993041992,14588000
2022-08-03 00:00:00+00:00,48.60768678832589,50.765725571335466,48.45985032867869,50.36925506591797,22118000
2022-08-04 00:00:00+00:00,50.19454432400044,51.10460844316228,50.09278726630466,51.056610107421875,16144000
2022-08-05 00:00:00+00:00,50.02174782885061,50.701414815626144,48.84961359181058,49.91615295410156,10452000
2022-08-08 00:00:00+00:00,49.32384476307642,50.163828477955605,47.86563206726803,48.91489028930664,10173000
2022-08-09 00:00:00+00:00,46.85188234144737,46.907559961513954,43.87497899688656,45.06151580810547,28792000
2022-08-10 00:00:00+00:00,46.20102753540853,47.57956172876825,45.1690467141872,47.5142822265625,19799000
2022-08-11 00:00:00+00:00,47.61891424094075,49.70207198062478,47.23108242602408,47.75522994995117,18041000
2022-08-12 00:00:00+00:00,48.188177227334734,49.87294533836907,47.94818191598662,49.783668518066406,12588000
2022-08-15 00:00:00+00:00,49.56191091985152,50.16861904700463,48.880325103995226,49.658870697021484,9659000
2022-08-16 00:00:00+00:00,49.56383717755824,49.906549018839485,48.709454378331394,48.99360656738281,12301000
2022-08-17 00:00:00+00:00,48.21314576629547,48.399382393518415,46.63877684563365,47.764835357666016,14021000
2022-08-18 00:00:00+00:00,47.784028800883476,48.863048279487906,47.24547851552117,48.301456451416016,12763000
2022-08-19 00:00:00+00:00,47.295402139092516,47.42308277109494,45.71047556736029,45.77095413208008,20104000
2022-08-22 00:00:00+00:00,44.68809687177648,45.0010510411237,43.7578767751796,43.925872802734375,14652000
2022-08-23 00:00:00+00:00,44.011308007401745,45.079766311918156,43.99210793991417,44.54025650024414,8103000
2022-08-24 00:00:00+00:00,44.535455154937424,44.650655558794746,43.874988220050014,44.448097229003906,6849000
2022-08-25 00:00:00+00:00,44.50761561516549,45.93126963878972,44.50761561516549,45.90534973144531,9490000
2022-08-26 00:00:00+00:00,45.90535493952269,45.93607578261136,43.362361989512756,43.51692199707031,15863000
2022-08-29 00:00:00+00:00,43.032129181388186,43.71563404815158,42.598217883219846,42.67501449584961,10082000
2022-08-30 00:00:00+00:00,43.10412378773994,43.315317195797995,41.74287092853271,42.496456146240234,14187000
2022-08-31 00:00:00+00:00,42.46382005473721,42.54925907656044,41.54799547749309,42.03854751586914,12324000
2022-09-01 00:00:00+00:00,40.75024952489882,41.575830408551035,40.16370086233412,41.475032806396484,18830000
2022-09-02 00:00:00+00:00,41.89646449129965,42.56748900362903,41.034398782497945,41.299354553222656,13680000
2022-09-06 00:00:00+00:00,41.21966713022621,41.63917912362253,40.49872187031252,40.9681510925293,11633000
2022-09-07 00:00:00+00:00,41.18320533539088,41.944469915947685,40.51505540987457,41.47119903564453,12013000
2022-09-08 00:00:00+00:00,40.83184839527411,42.68845056770951,40.704171428371744,42.15854263305664,14205000
2022-09-09 00:00:00+00:00,42.94956518734321,43.47371269464365,42.758527647950054,43.2740364074707,12933000
2022-09-12 00:00:00+00:00,42.939004840440596,43.533232783500445,42.44077356521444,42.939964294433594,9988000
2022-09-13 00:00:00+00:00,41.342640029284055,41.64716670291847,40.30184456671683,40.521568298339844,18942000
2022-09-14 00:00:00+00:00,40.861750741878744,41.11713006682793,39.956839315405865,40.64491653442383,10615000
2022-09-15 00:00:00+00:00,40.34617789711925,40.70081875836619,39.29092750643194,39.8431282043457,11987000
2022-09-16 00:00:00+00:00,39.343927690452716,39.88456296545515,38.856296090031826,39.43644332885742,18613000
2022-09-19 00:00:00+00:00,38.85822242693575,39.88456296545515,38.85822242693575,39.43644332885742,9364000
2022-09-20 00:00:00+00:00,38.88038409293759,39.05866581103776,38.49394038197811,38.87556457519531,8927000
2022-09-21 00:00:00+00:00,39.0201273145077,40.31919159626426,38.397578595617965,38.417816162109375,10621000
2022-09-22 00:00:00+00:00,38.01305958224437,38.22796378078646,37.1813893773763,37.27872085571289,15202000
2022-09-23 00:00:00+00:00,36.85469984462906,36.995399653715,36.00182879693199,36.67448806762695,14622000
2022-09-26 00:00:00+00:00,36.68605376269328,37.13031709916384,35.76475730141228,35.795597076416016,11251000
2022-09-27 00:00:00+00:00,36.607032068050074,36.779534832491585,35.59321989588612,36.3025016784668,11831000
2022-09-28 00:00:00+00:00,35.9863969768566,36.96840585933811,35.87461063675927,36.77952194213867,10841000
2022-09-29 00:00:00+00:00,36.154090761299756,36.18011101738846,35.100770355068455,35.7098274230957,15439000
2022-09-30 00:00:00+00:00,34.52447579744039,35.996042808477995,34.500381880993125,35.271339416503906,19091000
2022-10-03 00:00:00+00:00,35.87846578677061,38.235669593797596,35.72620063483262,37.55337142944336,25300000
2022-10-04 00:00:00+00:00,38.815814837120925,39.367048554389605,38.30794575064534,38.608619689941406,20566000
2022-10-05 00:00:00+00:00,37.771166274428595,39.00180859645693,37.10332303222497,38.53923416137695,14070000
2022-10-06 00:00:00+00:00,38.41396266826054,39.264907368855496,38.08630522994451,38.316627502441406,13586000
2022-10-07 00:00:00+00:00,37.26330224474065,37.45507936944144,35.82835776568857,36.12324905395508,20796000
2022-10-10 00:00:00+00:00,35.65489348976475,35.68669275374477,32.80620145975448,33.79880905151367,39506000
2022-10-11 00:00:00+00:00,33.2764879154786,33.75255418676672,31.06094660897472,31.517742156982422,53132000
2022-10-12 00:00:00+00:00,31.68252812188961,31.8906864629077,31.142859710440995,31.221879959106445,36663000
2022-10-13 00:00:00+00:00,29.14897470031065,33.22059933364423,28.87142955867244,32.824520111083984,45293000
2022-10-14 00:00:00+00:00,32.82451423873533,32.86113302295021,30.289024620043776,30.351665496826172,30398000
2022-10-17 00:00:00+00:00,31.513883587541223,31.723968277690215,30.13579536843274,30.396957397460938,51439000
2022-10-18 00:00:00+00:00,31.51870077208141,31.979345251494674,30.423938566634234,31.03685188293457,25077000
2022-10-19 00:00:00+00:00,31.070577964111106,32.01307491199903,30.710154502705333,31.80973243713379,26915000
2022-10-20 00:00:00+00:00,32.825468460305835,35.359994219681646,32.19135451728768,34.295108795166016,58751000
2022-10-21 00:00:00+00:00,34.20838345213184,35.932436605074955,34.20838345213184,35.58839797973633,27665000
2022-10-24 00:00:00+00:00,35.6982585621948,36.347790703778365,35.12967668666477,36.03844451904297,20117000
2022-10-25 00:00:00+00:00,36.140590521801684,37.24788119229499,36.140590521801684,36.60702133178711,17499000
2022-10-26 00:00:00+00:00,36.0663914590516,37.955238371036884,36.02109680702111,37.16019058227539,24178000
2022-10-27 00:00:00+00:00,37.483984911797805,38.351314295180316,36.764101155968824,37.49843978881836,22885000
2022-10-28 00:00:00+00:00,37.63336081966513,39.217680943768755,37.537955680359765,39.08661651611328,18155000
2022-10-31 00:00:00+00:00,39.01722855716224,39.559790101020845,38.46984749543284,39.0085563659668,18772000
2022-11-01 00:00:00+00:00,39.80072033321597,40.18330776074925,39.171425756963735,39.77277374267578,15682000
2022-11-02 00:00:00+00:00,39.66193617867075,40.57648645321003,38.04389078309063,38.11616516113281,21731000
2022-11-03 00:00:00+00:00,37.4589300215225,38.4968321611434,37.07537946903562,37.913795471191406,16563000
2022-11-04 00:00:00+00:00,39.49714819945311,40.48493607061923,38.95747619985855,40.43096923828125,24227000
2022-11-07 00:00:00+00:00,40.8126079245942,41.979648441267074,40.402073850315126,41.917972564697266,18842000
2022-11-08 00:00:00+00:00,42.69181843442089,43.265219890854006,41.51514259087958,42.87106704711914,22260000
2022-11-09 00:00:00+00:00,42.00469331185366,42.711081695451654,41.45152956839994,41.70305252075195,17040000
2022-11-10 00:00:00+00:00,44.294442342004864,46.81450998223819,43.85210541316188,46.77885437011719,37191000
2022-11-11 00:00:00+00:00,46.447343525273105,48.623376369342374,46.2729144511968,48.263916015625,26080000
2022-11-14 00:00:00+00:00,47.76568616484721,48.22055170152113,46.24497169731137,46.32495880126953,23472000
2022-11-15 00:00:00+00:00,48.28896718555442,48.4450850109935,46.46468589471533,47.292503356933594,22206000
2022-11-16 00:00:00+00:00,44.230841093897986,44.77725908728363,43.570710397187405,43.88487243652344,30079000
2022-11-17 00:00:00+00:00,43.01176200316972,44.778220321896356,42.88455391758795,44.441890716552734,15369000
2022-11-18 00:00:00+00:00,45.36221497622438,45.41521864541418,43.235333382584784,44.0120735168457,17363000
2022-11-21 00:00:00+00:00,43.46855167713247,43.70369343864076,42.82769543876132,43.380855560302734,9349000
2022-11-22 00:00:00+00:00,43.59865855284554,43.98220917684707,42.80553337313051,43.90800476074219,14115000
2022-11-23 00:00:00+00:00,44.04966567851826,45.172374581694775,43.94558833761285,44.46501922607422,8235000
2022-11-25 00:00:00+00:00,43.977380533138415,44.22794399826004,43.67959976196289,43.67959976196289,3789000
2022-11-28 00:00:00+00:00,43.00019322646933,43.495533818646884,42.544364595556445,42.7139778137207,11824000
2022-11-29 00:00:00+00:00,43.081147586389676,43.39531329341601,42.410414701867644,42.60026550292969,9030000
2022-11-30 00:00:00+00:00,43.16209489122813,45.52411838081751,42.526054496760594,45.523155212402344,22328000
2022-12-01 00:00:00+00:00,46.19195714403259,46.19195714403259,44.01592830788671,44.632694244384766,13779000
2022-12-02 00:00:00+00:00,43.43771305329742,44.35225979392679,43.40494694791973,44.105552673339844,11022000
2022-12-05 00:00:00+00:00,43.91956643546997,44.58933613728579,43.23437500963461,43.61696243286133,10886000
2022-12-06 00:00:00+00:00,43.64297842380843,43.76151430479085,42.30440231936856,42.70048141479492,9253000
2022-12-07 00:00:00+00:00,42.517385793673625,43.636238343454416,42.366087463339774,42.81517028808594,11129000
2022-12-08 00:00:00+00:00,43.16113358296602,44.09110213761412,42.79396420911947,43.84825134277344,12370000
2022-12-09 00:00:00+00:00,43.31724418821464,44.10265639973327,42.828649540050584,43.38566589355469,9542000
2022-12-12 00:00:00+00:00,44.33299071198696,44.757983288261414,43.26521552089136,44.74449157714844,12138000
2022-12-13 00:00:00+00:00,46.96587625392719,47.4601600969392,45.46657504125005,46.03727722167969,15369000
2022-12-14 00:00:00+00:00,45.9318443077266,46.611849477425636,44.90458031607932,45.29246520996094,12108000
2022-12-15 00:00:00+00:00,44.11042762203701,44.469291199841926,42.95064385767071,43.147003173828125,15531000
2022-12-16 00:00:00+00:00,42.840378293172314,43.333695376437525,42.379945817523506,42.940006256103516,17715000
2022-12-19 00:00:00+00:00,42.786208828306656,42.83650618827534,41.7966670329694,42.434112548828125,10645000
2022-12-20 00:00:00+00:00,41.92241831119391,42.66626652963041,41.849870702828966,42.30546569824219,9097000
2022-12-21 00:00:00+00:00,42.68850401885343,43.60646482643399,42.56855935395055,43.322078704833984,9464000
2022-12-22 00:00:00+00:00,41.77732135943956,41.904037056270525,38.40728011553304,39.5728645324707,31757000
2022-12-23 00:00:00+00:00,39.23528031462916,39.89787635809328,38.744863525825494,39.86402130126953,10546000
2022-12-27 00:00:00+00:00,39.465496612585326,39.81468893984853,39.15209655421547,39.21980667114258,11120000
2022-12-28 00:00:00+00:00,39.02343680574032,39.441309626902054,38.622980425772454,38.96249771118164,8731000
2022-12-29 00:00:00+00:00,39.63090142657793,40.87483763956558,39.47516817115283,40.68524932861328,12309000
2022-12-30 00:00:00+00:00,39.908509804434885,40.683308981138346,39.74020129994641,40.65525817871094,7321000
2023-01-03 00:00:00+00:00,41.56644960745324,41.60320494205859,39.39488126746696,40.074886322021484,13249000
2023-01-04 00:00:00+00:00,40.78487804534006,41.42619053395479,40.28478632970283,40.864192962646484,10525000
2023-01-05 00:00:00+00:00,40.20257457214442,41.069267775020634,39.91045061369182,40.34186553955078,9834000
2023-01-06 00:00:00+00:00,41.51035439332362,43.270824863311965,40.66107024699028,43.070594787597656,14810000
2023-01-09 00:00:00+00:00,43.64420183353944,44.82429892516204,43.00772664989015,43.763179779052734,14079000
2023-01-10 00:00:00+00:00,43.34240246032971,44.38030818963297,43.25341254464537,44.3609619140625,10676000
2023-01-11 00:00:00+00:00,43.305642628955056,44.92585521823899,43.09960832092358,44.911346435546875,15429000
2023-01-12 00:00:00+00:00,45.46173813141251,45.9976185007211,43.85700099414421,45.466575622558594,14299000
2023-01-13 00:00:00+00:00,44.7178879358198,45.92893589432037,44.7178879358198,45.81769943237305,12025000
2023-01-17 00:00:00+00:00,45.45399098718551,45.81769201997659,44.823316585032785,45.55845642089844,9474000
2023-01-18 00:00:00+00:00,46.15721518585555,46.76564311489413,45.12608428791702,45.16187286376953,11939000
2023-01-19 00:00:00+00:00,44.71788786605995,44.95681047270272,43.88118274255918,43.904396057128906,10887000
2023-01-20 00:00:00+00:00,44.407391136635354,45.7200043526966,44.1878147887746,45.70452880859375,12599000
2023-01-23 00:00:00+00:00,45.926997411859645,48.25236539854464,45.69387908116339,47.47272872924805,16545000
2023-01-24 00:00:00+00:00,46.933954313641586,47.563662072133205,46.80433833510854,47.15546417236328,9723000
2023-01-25 00:00:00+00:00,45.674541342994395,47.53173934504208,45.17251605515814,47.24251937866211,17697000
2023-01-26 00:00:00+00:00,46.88946007349227,48.234965292846496,45.84962452794527,48.146942138671875,24658000
2023-01-27 00:00:00+00:00,47.2028560471794,48.164343262645005,46.67858424967399,46.70856857299805,17116000
2023-01-30 00:00:00+00:00,46.07790506348616,46.796602765389025,45.79255211733216,46.29747772216797,15608000
2023-01-31 00:00:00+00:00,46.499645091284904,48.383931117359325,46.43000144700679,48.3742561340332,18132000
2023-02-01 00:00:00+00:00,48.23785860638035,51.65626710115162,48.218512333872305,51.29159927368164,24886000
2023-02-02 00:00:00+00:00,52.14088390542786,53.089795957191484,51.25194419640917,52.33434295654297,20193000
2023-02-03 00:00:00+00:00,51.1987423676691,52.228906546705815,50.925964702355344,51.193904876708984,12684000
2023-02-06 00:00:00+00:00,50.48294625177864,51.26645376026113,50.129886891296856,50.391056060791016,10082000
2023-02-07 00:00:00+00:00,50.48197140885418,51.902924225051294,49.99348820579354,51.57984924316406,12541000
2023-02-08 00:00:00+00:00,51.169719846413116,51.58371826036502,49.77101352814239,50.09699249267578,11435000
2023-02-09 00:00:00+00:00,51.07202450787056,51.55663702566951,49.56014813518504,49.86581039428711,10732000
2023-02-10 00:00:00+00:00,49.424727209509435,49.704272180446424,48.21270886226672,48.84822082519531,10364000
2023-02-13 00:00:00+00:00,49.1625868114428,49.42568945591297,48.58801399990573,49.35991287231445,8892000
2023-02-14 00:00:00+00:00,48.64606029377666,50.384284086574546,48.27462142622447,49.93255615234375,9487000
2023-02-15 00:00:00+00:00,49.01363706530521,50.36203892284616,48.746663622665885,50.32721710205078,8541000
2023-02-16 00:00:00+00:00,49.15292101183776,49.795204047068516,48.39746798918555,48.493228912353516,10906000
2023-02-17 00:00:00+00:00,48.29009620432328,48.29009620432328,47.15642965567617,47.94477462768555,13841000
2023-02-21 00:00:00+00:00,47.20383206423324,47.59075020251643,46.14561697060617,46.264591217041016,12458000
2023-02-22 00:00:00+00:00,46.536404852867065,46.935894588262634,45.879612953901834,46.163028717041016,10418000
2023-02-23 00:00:00+00:00,47.46790589159226,47.67974078938417,45.79642526701652,46.950401306152344,12271000
2023-02-24 00:00:00+00:00,46.164957123313386,46.80046541339646,45.81866510338796,46.29553985595703,10353000
2023-02-27 00:00:00+00:00,47.371161656004425,47.48626883159384,46.543161185852576,46.69212341308594,7905000
2023-02-28 00:00:00+00:00,46.67762809725197,47.731976182494236,46.35455302838979,47.01134490966797,10899000
2023-03-01 00:00:00+00:00,47.392443515899906,48.11501182243126,47.12837410154955,47.486270904541016,8566000
2023-03-02 00:00:00+00:00,46.33326572413387,47.792907549462804,45.87670400427897,47.39535140991211,8731000
2023-03-03 00:00:00+00:00,47.29281545606165,47.706817585505696,46.43676408237736,47.556888580322266,16844000
2023-03-06 00:00:00+00:00,47.85771973133154,48.30751046209324,46.698902621763786,46.93492126464844,9731000
2023-03-07 00:00:00+00:00,47.08485291801044,47.3266758257425,46.112727485673375,46.39710998535156,9382000
2023-03-08 00:00:00+00:00,46.63216224132311,47.92736642408493,46.596373660997685,47.72616958618164,10541000
2023-03-09 00:00:00+00:00,47.53753583619144,48.733108054071266,47.22896964641957,47.42436218261719,13287000
2023-03-10 00:00:00+00:00,47.826762757985385,47.983462775918824,45.80415654774943,46.315853118896484,11804000
2023-03-13 00:00:00+00:00,45.37274339649951,46.78498808720848,45.17541362990234,46.13980484008789,9427000
2023-03-14 00:00:00+00:00,47.09750412862792,48.51099356392966,47.04799448379125,47.955692291259766,13106000
2023-03-15 00:00:00+00:00,47.20914728356923,47.471260649351805,46.01505717878806,47.282928466796875,12145000
2023-03-16 00:00:00+00:00,46.883926927067634,50.085633367781625,46.64317058369719,50.014766693115234,17754000
2023-03-17 00:00:00+00:00,50.01476400562208,50.472012534619346,48.909990528903315,49.35170364379883,17026000
2023-03-20 00:00:00+00:00,49.5594614203761,50.05068793486929,49.09736149592769,49.83031463623047,7553000
2023-03-21 00:00:00+00:00,50.18465992731026,50.63414265700216,48.35566928641396,49.25463104248047,10286000
2023-03-22 00:00:00+00:00,49.21870755069636,50.96712123571777,49.10609338664134,49.1517219543457,12139000
2023-03-23 00:00:00+00:00,49.937094560081775,51.701043496167664,49.83419050250861,50.83023452758789,15379000
2023-03-24 00:00:00+00:00,49.99632168855094,50.23028615418797,48.42167865611931,48.74010467529297,13960000
2023-03-27 00:00:00+00:00,49.34199574873658,49.491498644612854,48.02364462392145,48.12946319580078,11071000
2023-03-28 00:00:00+00:00,48.09355586221924,48.205196073826556,46.47910937879323,47.0916862487793,14636000
2023-03-29 00:00:00+00:00,48.01004879291812,50.5943266403335,47.78870898083789,50.069122314453125,20722000
2023-03-30 00:00:00+00:00,50.832187016098814,51.72047214441513,50.672003723454736,51.58456039428711,20558000
2023-03-31 00:00:00+00:00,51.22341992083151,51.75250547341022,51.00499085300529,51.46417999267578,11637000
2023-04-03 00:00:00+00:00,50.87878141862941,51.084589564197636,49.95943294385142,50.62831497192383,11100000
2023-04-04 00:00:00+00:00,50.772958231049984,50.88071734280516,48.66049375503975,48.95658874511719,12698000
2023-04-05 00:00:00+00:00,48.53041510220243,48.53041510220243,47.22565491802268,47.90715789794922,16073000
2023-04-06 00:00:00+00:00,47.18487872273613,48.18965903271474,46.64219832864668,47.937252044677734,9652000
2023-04-10 00:00:00+00:00,47.20235090782231,49.65071367990532,47.186815493554114,49.26433181762695,13389000
2023-04-11 00:00:00+00:00,49.54004112229264,49.681778171897726,49.08861789610941,49.269187927246094,9080000
2023-04-12 00:00:00+00:00,49.835151031638716,49.86718841703764,48.16342981817246,48.25565719604492,9728000
2023-04-13 00:00:00+00:00,48.49060603003846,48.74204273304841,47.617852735614,48.37993240356445,12971000
2023-04-14 00:00:00+00:00,48.257615062762305,49.109007681894305,47.82075325190582,48.621665954589844,9245000
2023-04-17 00:00:00+00:00,47.568342610025944,48.057624837957086,46.90043089175072,47.827545166015625,12478000
2023-04-18 00:00:00+00:00,48.03142116411458,48.58283399351816,47.482915438756635,48.09063720703125,8993000
2023-04-19 00:00:00+00:00,47.179045263473114,47.94889070295381,46.864504074314496,47.668331146240234,17221000
2023-04-20 00:00:00+00:00,49.60411685934935,52.083546857401096,49.32743834145815,51.11468505859375,40480000
2023-04-21 00:00:00+00:00,50.88848581924569,50.90207699253978,49.8827352921658,50.208927154541016,14387000
2023-04-24 00:00:00+00:00,50.03223136326309,50.295318668462016,49.159481881213075,49.93612289428711,10247000
2023-04-25 00:00:00+00:00,49.66139352640872,50.153590293160164,48.48769382902584,48.512935638427734,13711000
2023-04-26 00:00:00+00:00,48.85562288256438,49.28859984686722,48.07024201335465,48.28770446777344,12949000
2023-04-27 00:00:00+00:00,48.88475493425229,50.434156233128306,47.90133161843296,50.373966217041016,19831000
2023-04-28 00:00:00+00:00,50.409878718427855,50.91566662546599,49.75555817869546,50.8778076171875,11458000
2023-05-01 00:00:00+00:00,50.857423292757645,51.59717198127559,50.612778465835476,50.853538513183594,8383000
2023-05-02 00:00:00+00:00,50.84577447243288,51.13118912682752,49.92545201223336,50.66423416137695,9466000
2023-05-03 00:00:00+00:00,50.72539307881906,51.1612846081013,49.803130105251164,49.95263671875,13628000
2023-05-04 00:00:00+00:00,50.00214217277032,50.059417669798506,49.23812200172458,49.72837448120117,7802000
2023-05-05 00:00:00+00:00,50.38463493275547,51.55833442006517,50.14387492408175,51.42921829223633,14018000
2023-05-08 00:00:00+00:00,51.45253023212163,51.600092620389084,50.79335453413304,51.14090347290039,7957000
2023-05-09 00:00:00+00:00,50.44095166031536,50.47395932731122,49.7147903930411,50.071075439453125,10002000
2023-05-10 00:00:00+00:00,50.881694677469646,51.595235041059254,50.48658034837779,51.19041061401367,10968000
2023-05-11 00:00:00+00:00,51.30108342378973,51.53213338624554,50.54579927980931,51.2078857421875,7162000
2023-05-12 00:00:00+00:00,51.452523555086586,51.79230288968961,50.616662688646166,51.170989990234375,9168000
2023-05-15 00:00:00+00:00,51.45251666611754,53.63585135000074,51.44766161818268,53.61449432373047,17454000
2023-05-16 00:00:00+00:00,53.42616065802149,54.77169040157868,53.325197136057774,54.261051177978516,17385000
2023-05-17 00:00:00+00:00,54.80276420519067,56.331778662113194,54.37561250019181,55.73473358154297,16672000
2023-05-18 00:00:00+00:00,55.72405610551792,58.27629333838288,55.72405610551792,58.12582015991211,19223000
2023-05-19 00:00:00+00:00,57.787973128861765,57.829716912731,57.11229562225163,57.16666030883789,12253000
2023-05-22 00:00:00+00:00,56.77251305361362,57.44042471048085,56.475447813020004,56.79872512817383,10423000
2023-05-23 00:00:00+00:00,56.31720738237663,56.44923431747444,55.54153663998394,55.67453384399414,10667000
2023-05-24 00:00:00+00:00,54.708592969680076,55.25224359153597,54.30765336725755,54.934791564941406,13255000
2023-05-25 00:00:00+00:00,56.88901866541953,58.907319148389924,56.29974312468226,58.45201110839844,20554000
2023-05-26 00:00:00+00:00,58.733545296713615,61.45276154965008,58.246203557666504,60.99066162109375,21989000
2023-05-30 00:00:00+00:00,62.13135297195601,62.57792118264581,60.11208222277517,61.15666580200195,13656000
2023-05-31 00:00:00+00:00,60.03344901202407,61.19258728986421,59.596587200696874,59.869380950927734,26891000
2023-06-01 00:00:00+00:00,59.86937591276152,60.72174243350074,58.701501607969696,60.176151275634766,14556000
2023-06-02 00:00:00+00:00,60.18974698251525,60.38293792822281,59.00051555975209,59.57522964477539,11814000
2023-06-05 00:00:00+00:00,59.37135776474034,59.597552656607306,58.54131853859534,58.79275894165039,10441000
2023-06-06 00:00:00+00:00,57.86564093005678,59.77423786717136,57.64429738344625,59.432518005371094,11062000
2023-06-07 00:00:00+00:00,59.50242250691754,60.309160572529684,58.98304335373356,59.29467010498047,12027000
2023-06-08 00:00:00+00:00,59.407272460119735,59.81986267109906,58.68499609783636,59.6596794128418,9108000
2023-06-09 00:00:00+00:00,60.020819717223645,60.297498208503264,58.807316912783804,58.88789367675781,10669000
2023-06-12 00:00:00+00:00,59.4771746964035,61.019780287249645,58.9519702779494,60.92075729370117,15094000
2023-06-13 00:00:00+00:00,60.842393650847086,61.3028484700819,59.95652854783175,60.894962310791016,11759000
2023-06-14 00:00:00+00:00,60.35565321523109,61.39922056231081,59.67908610933589,61.33205032348633,11219000
2023-06-15 00:00:00+00:00,60.131760805597786,60.85505528159806,60.00715346196089,60.453006744384766,18624000
2023-06-16 00:00:00+00:00,60.70804622343797,60.74406369832154,59.41818688293521,59.640140533447266,26787000
2023-06-20 00:00:00+00:00,59.46103102620411,60.22715725263747,59.183589851144305,59.798828125,9811000
2023-06-21 00:00:00+00:00,59.31306299955491,59.946798353722905,58.63357330156834,58.97332000732422,8987000
2023-06-22 00:00:00+00:00,58.51577711802436,60.791770442411924,58.25488343673766,60.342994689941406,11735000
2023-06-23 00:00:00+00:00,59.33350183536674,59.513592940288184,58.54206426207878,59.2614631652832,10806000
2023-06-26 00:00:00+00:00,59.78616585068806,61.66108362740613,59.74138445622424,60.38777542114258,13440000
2023-06-27 00:00:00+00:00,60.71973523558803,63.29848123917663,60.551323165070556,63.19431686401367,13355000
2023-06-28 00:00:00+00:00,62.30163427113345,63.2439634630777,61.910295603651825,62.514827728271484,11806000
2023-06-29 00:00:00+00:00,63.04440113686997,63.071658409772304,61.91321688437355,62.3376579284668,14023000
2023-06-30 00:00:00+00:00,62.72412877836511,63.16609026340438,62.196503694615735,62.581031799316406,10867000
2023-07-03 00:00:00+00:00,62.58102557819786,63.37440529861875,62.19065613720498,63.372459411621094,6219000
2023-07-05 00:00:00+00:00,62.698812817361436,62.89448587154844,61.18310792001726,61.19089889526367,11052000
2023-07-06 00:00:00+00:00,60.10644941670704,60.622391776877976,59.54377976686293,60.453006744384766,12975000
2023-07-07 00:00:00+00:00,60.53770063999011,61.2668364856402,60.05777576612317,60.14830780029297,7288000
2023-07-10 00:00:00+00:00,60.35565834403338,61.35639397967906,60.12202190358924,61.099395751953125,12882000
2023-07-11 00:00:00+00:00,61.18797053171353,61.34275394847289,59.21278395893134,60.29918670654297,12028000
2023-07-12 00:00:00+00:00,61.22789075955366,61.23178624726866,60.14051493946994,60.60875701904297,13032000
2023-07-13 00:00:00+00:00,61.03708781652925,62.50509247228603,61.03708781652925,62.13711929321289,10887000
2023-07-14 00:00:00+00:00,62.50897943466426,63.001563616258075,61.905423998011365,62.16242218017578,9191000
2023-07-17 00:00:00+00:00,61.815879362019125,64.62242078196589,61.815879362019125,64.25639343261719,13834000
2023-07-18 00:00:00+00:00,63.688838650795326,64.34593195262154,63.147577604406145,63.85432815551758,10231000
2023-07-19 00:00:00+00:00,63.51459349471043,63.685920682206195,62.12932985230709,62.31332015991211,9326000
2023-07-20 00:00:00+00:00,61.29992796587116,61.31647543283322,59.636253955801,59.919532775878906,16720000
2023-07-21 00:00:00+00:00,60.30892364828556,61.03221801092056,60.1599815962734,60.709022521972656,25742000
2023-07-24 00:00:00+00:00,61.27948263484553,62.5547404583653,61.23178240933277,62.20817947387695,11475000
2023-07-25 00:00:00+00:00,62.208182443852394,63.70247516949736,62.11278198827222,63.29945373535156,9087000
2023-07-26 00:00:00+00:00,62.49926112943569,63.1144957104505,61.53746180517083,62.533329010009766,13614000
2023-07-27 00:00:00+00:00,65.70978911264365,69.69521123019584,65.5462454616268,68.33331298828125,33900000
2023-07-28 00:00:00+00:00,69.14518327178051,70.48663464377499,68.68862026724265,70.21308898925781,18500000
2023-07-31 00:00:00+00:00,70.23256327530983,70.7261129895522,69.4790891129712,69.94343566894531,11332000
2023-08-01 00:00:00+00:00,69.00501051943891,70.04078690214928,68.96509755313542,69.6913070678711,9528000
2023-08-02 00:00:00+00:00,68.64968786997319,68.84925270809859,66.5469785604878,66.76892852783203,14973000
2023-08-03 00:00:00+00:00,66.314328070482,67.6577256666377,65.95511131156768,67.49710083007812,12155000
2023-08-04 00:00:00+00:00,67.49709232287721,68.39950863958806,66.83220792808699,67.21478271484375,6652000
2023-08-07 00:00:00+00:00,67.9487803110776,68.78207294387681,67.28973367824364,68.6652603149414,6848000
2023-08-08 00:00:00+00:00,67.71612990024391,67.99065598568716,66.84681586396775,67.75409698486328,8094000
2023-08-09 00:00:00+00:00,67.82904397192033,68.13861081891258,66.75042843834406,66.78547668457031,8139000
2023-08-10 00:00:00+00:00,67.32866992941054,68.23886960516312,66.28217648244464,66.81856536865234,9376000
2023-08-11 00:00:00+00:00,65.30189291904594,65.46543654499435,63.412369875396585,63.467857360839844,16035000
2023-08-14 00:00:00+00:00,63.37343253336442,64.9563076317125,62.98403974829997,64.95046997070312,13017000
2023-08-15 00:00:00+00:00,64.36638442963982,64.81515647596133,63.72874993849654,63.843624114990234,6713000
2023-08-16 00:00:00+00:00,64.19699680317491,64.23690976852046,62.85651830236405,62.91492462158203,8088000
2023-08-17 00:00:00+00:00,63.293608583912,64.17265935154808,62.95971070323967,63.13591003417969,8914000
2023-08-18 00:00:00+00:00,62.55863579817597,63.93123632440826,62.25101481676244,63.56229019165039,9336000
2023-08-21 00:00:00+00:00,63.76283401826955,65.44305568537182,63.638230389621825,65.1490707397461,9083000
2023-08-22 00:00:00+00:00,65.94341370435552,66.25006172571078,64.65355801096355,64.9134750366211,6273000
2023-08-23 00:00:00+00:00,64.87649396318194,66.36202300277385,64.72171421963594,66.0105972290039,8713000
2023-08-24 00:00:00+00:00,67.23425670215353,67.33744071203654,63.5545097745964,63.85336685180664,11349000
2023-08-25 00:00:00+00:00,64.12884461131934,64.86869006801075,62.93633539019056,64.27584075927734,7601000
2023-08-28 00:00:00+00:00,65.19968561528196,65.68642480271807,64.41019756466444,64.86481475830078,6092000
2023-08-29 00:00:00+00:00,64.55913909418484,67.33355095382508,64.42869037872735,66.6491928100586,10398000
2023-08-30 00:00:00+00:00,66.56157227449151,67.09796120158005,65.44694299754065,66.83219909667969,9026000
2023-08-31 00:00:00+00:00,66.26076066450902,68.57179815522358,66.26076066450902,68.3770980834961,16816000
2023-09-01 00:00:00+00:00,69.04686252650676,69.30288776617725,67.95851016528387,68.33427429199219,6454000
2023-09-05 00:00:00+00:00,67.97311432372565,68.87066582532691,67.67620316699688,68.21843719482422,5199000
2023-09-06 00:00:00+00:00,67.86702099303119,68.96607592766203,66.95000306642712,67.77745819091797,9013000
2023-09-07 00:00:00+00:00,66.29386294564613,66.35324963060617,64.73629933429106,65.8752670288086,12039000
2023-09-08 00:00:00+00:00,65.56377402688884,66.24131421594342,64.88331500664249,65.11402893066406,9023000
2023-09-11 00:00:00+00:00,65.57544397164227,65.74580564289009,63.377326847909856,64.60780334472656,9529000
2023-09-12 00:00:00+00:00,63.876468639375716,64.88609182038114,63.65189603561866,63.730979919433594,8924000
2023-09-13 00:00:00+00:00,64.20064094439611,65.13702809697284,63.746608866119246,64.31292724609375,8777000
2023-09-14 00:00:00+00:00,65.15068864087071,65.17607653058319,63.56498101408487,64.09517669677734,10359000
2023-09-15 00:00:00+00:00,63.17246460007532,63.265225758581096,60.32034205697564,60.84175109863281,31613000
2023-09-18 00:00:00+00:00,60.61326445194633,62.14819634530948,60.36330025861063,62.06617736816406,12598000
2023-09-19 00:00:00+00:00,62.06618419763156,62.17456696146382,60.7070081699511,61.04094314575195,10945000
2023-09-20 00:00:00+00:00,61.27039900773246,61.782041756737605,60.274449445417716,60.42677307128906,8468000
2023-09-21 00:00:00+00:00,59.585101078039195,60.355498517956995,59.46304847829048,59.59975051879883,11694000
2023-09-22 00:00:00+00:00,60.535157796580606,61.41100656837705,60.09869537486133,60.4511833190918,12743000
2023-09-25 00:00:00+00:00,60.07818989066519,60.831986061567115,59.91610369339296,60.5956916809082,7635000
2023-09-26 00:00:00+00:00,59.751088611702585,60.10064516657742,58.928943305249,59.17109298706055,10590000
2023-09-27 00:00:00+00:00,59.755966004310665,60.31545310500526,58.84203551168623,59.94441223144531,11951000
2023-09-28 00:00:00+00:00,59.65637525478419,61.56625538358066,59.330251100595426,61.2723503112793,11734000
2023-09-29 00:00:00+00:00,62.14918023473732,62.23315098624117,61.03312983357294,61.199119567871094,7707000
2023-10-02 00:00:00+00:00,61.24599369934173,62.58857231050486,60.83296736972956,61.60043716430664,9882000
2023-10-03 00:00:00+00:00,61.52231656674792,62.19800102057135,59.84482721878821,60.35354232788086,10197000
2023-10-04 00:00:00+00:00,60.967706977770135,61.9050736776689,60.735319865023584,61.746891021728516,9588000
2023-10-05 00:00:00+00:00,61.805478913771964,61.8933569273507,60.566400039736564,61.107337951660156,7537000
2023-10-06 00:00:00+00:00,60.60350716270103,61.717602090709775,59.48550497245254,61.32996368408203,10649000
2023-10-09 00:00:00+00:00,60.6591600755956,61.59945443098605,60.02644062440496,61.2889518737793,6921000
2023-10-10 00:00:00+00:00,61.8523432279756,62.778963982551474,61.34655581094403,61.94217300415039,6741000
2023-10-11 00:00:00+00:00,62.583683407522294,62.80825598764947,61.90018820043154,62.65983963012695,6615000
2023-10-12 00:00:00+00:00,63.01331366131635,64.93197676748332,62.99964383106656,63.95165252685547,13285000
2023-10-13 00:00:00+00:00,64.5414098120631,64.87242085501627,62.68620890501155,62.9908561706543,12292000
2023-10-16 00:00:00+00:00,63.25448679420014,64.01707712155546,62.89321588419483,63.53569793701172,9990000
2023-10-17 00:00:00+00:00,62.30931458565424,63.80324090553711,61.16885583461139,63.46247100830078,10340000
2023-10-18 00:00:00+00:00,62.295642134661904,62.99378310902684,61.151276169345955,62.70964431762695,13346000
2023-10-19 00:00:00+00:00,61.21669408922169,61.75860786331451,58.60574540568903,58.77564239501953,25078000
2023-10-20 00:00:00+00:00,58.94650764458509,59.38687352184866,58.43095771264225,58.619407653808594,13013000
2023-10-23 00:00:00+00:00,58.22396250149569,59.297047807275106,57.54925400689842,58.544227600097656,8106000
2023-10-24 00:00:00+00:00,59.09493739415892,59.69250643043067,58.481746757844014,58.97776794433594,9659000
2023-10-25 00:00:00+00:00,58.26204739434314,58.442686570636226,56.736877943087364,56.958526611328125,11332000
2023-10-26 00:00:00+00:00,57.520950667212965,59.032450432497015,56.97610915782854,57.1333122253418,11976000
2023-10-27 00:00:00+00:00,57.05226107729852,57.95544946842378,56.708559833124355,57.02492141723633,9497000
2023-10-30 00:00:00+00:00,56.86772053006366,57.93787829989613,56.35802953752561,56.97414779663086,8657000
2023-10-31 00:00:00+00:00,57.250470123211315,57.68497700475096,56.08755503237742,57.43501281738281,8179000
2023-11-01 00:00:00+00:00,57.88905275946137,59.33122729399537,57.48872042186435,59.235538482666016,10439000
2023-11-02 00:00:00+00:00,60.782192705499156,61.65218247599615,60.362331477987226,60.85835266113281,13560000
2023-11-03 00:00:00+00:00,61.43639532301398,62.433324601253155,61.210843100171566,61.91289138793945,9832000
2023-11-06 00:00:00+00:00,61.9128800907447,62.449910691080234,61.33093274102509,62.39815902709961,6929000
2023-11-07 00:00:00+00:00,62.490927973332454,63.18320992721107,62.16773145370452,62.613956451416016,8192000
2023-11-08 00:00:00+00:00,62.94007878597384,63.38142434886717,62.59638125478624,63.231056213378906,7304000
2023-11-09 00:00:00+00:00,63.46733367061328,65.27371013903127,63.32184498716659,63.49272155761719,12196000
2023-11-10 00:00:00+00:00,64.54922155883104,67.16505345879017,64.08737498308172,66.92680358886719,13734000
2023-11-13 00:00:00+00:00,66.39660252173442,66.39757840599587,65.4738853287873,65.75509643554688,8158000
2023-11-14 00:00:00+00:00,67.4706688268554,67.97645254400463,66.77838690867766,67.85342407226562,9555000
2023-11-15 00:00:00+00:00,68.17370061204859,68.30649539161845,67.52242811098856,68.1444091796875,6295000
2023-11-16 00:00:00+00:00,68.25180843889672,68.96850236522,67.94325765013515,68.39241027832031,10047000
2023-11-17 00:00:00+00:00,67.52534134545385,68.50176194632344,67.177740319627,68.38263702392578,10265000
2023-11-20 00:00:00+00:00,68.08874261109581,70.39992712277481,68.08874261109581,70.21929168701172,10264000
2023-11-21 00:00:00+00:00,69.91463886942013,69.91463886942013,68.68923373773492,69.06906127929688,8709000
2023-11-22 00:00:00+00:00,69.81406629297742,71.10586871745309,69.65783543600367,70.05426788330078,7819000
2023-11-24 00:00:00+00:00,69.95858180029595,70.51025434279529,69.81406899694782,70.05817413330078,3006000
2023-11-27 00:00:00+00:00,69.81409058138107,71.37538656266506,69.3922775500989,70.5415267944336,6819000
2023-11-28 00:00:00+00:00,69.55338614413391,70.05135540015745,68.78786810688058,69.36396026611328,9053000
2023-11-29 00:00:00+00:00,70.30229622339692,70.83639552993081,69.62368407866495,69.71546936035156,8125000
2023-11-30 00:00:00+00:00,70.18511909148383,70.18511909148383,68.97143182421749,69.90391540527344,12922000
2023-12-01 00:00:00+00:00,69.52896564882548,70.55518625186406,69.14229941479948,70.50538635253906,6919000
2023-12-04 00:00:00+00:00,69.87265629577654,69.96541744541791,68.54961054420198,69.33171844482422,9036000
2023-12-05 00:00:00+00:00,67.9920748137608,68.34456271063662,67.09767318485984,68.07018280029297,12201000
2023-12-06 00:00:00+00:00,69.22724193677959,69.32390661676682,67.71183535064192,67.8485336303711,6348000
2023-12-07 00:00:00+00:00,68.65799801246659,69.35711110345696,68.07702651907675,69.13351440429688,9009000
2023-12-08 00:00:00+00:00,68.29671188999356,69.44009804543745,68.25375063672162,68.65896606445312,7944000
2023-12-11 00:00:00+00:00,69.34929411356279,72.05886258845688,69.16962713307616,71.82451629638672,15849000
2023-12-12 00:00:00+00:00,71.76676528111953,72.33462757309738,71.19008114561389,71.59444427490234,12019000
2023-12-13 00:00:00+00:00,71.7618719259873,72.5098911243108,70.63984686340652,71.92831420898438,8889000
2023-12-14 00:00:00+00:00,72.4873760524876,75.51469535981329,72.33267631143659,75.1162109375,17234000
2023-12-15 00:00:00+00:00,75.32377071357571,76.33712492949272,75.15145717198074,75.73204803466797,17817000
2023-12-18 00:00:00+00:00,75.93765818819786,76.27055021840745,74.16649928791811,75.38153839111328,8841000
2023-12-19 00:00:00+00:00,75.6067345338204,76.5486102456964,75.26503558176152,76.46734619140625,8906000
2023-12-20 00:00:00+00:00,75.59009771931052,76.41742397189786,73.86397407410949,73.91390228271484,11409000
2023-12-21 00:00:00+00:00,76.2215867893814,76.29502247385143,74.75296273767923,76.06689453125,9349000
2023-12-22 00:00:00+00:00,76.06689978384827,76.76988348262742,75.74380067740907,76.36747741699219,5251000
2023-12-26 00:00:00+00:00,76.66610464915863,78.31389977803195,76.66610464915863,77.90660095214844,6941000
2023-12-27 00:00:00+00:00,78.22871497065587,78.45292128015971,77.37691026995121,77.8302230834961,7623000
2023-12-28 00:00:00+00:00,78.11122931336435,78.20130774506089,77.2506176314155,77.31523895263672,6007000
2023-12-29 00:00:00+00:00,77.10374284416612,77.3563493534501,76.17263870199685,76.68762969970703,5191000
2024-01-02 00:00:00+00:00,75.26699437951987,75.3286800652956,72.65480204290373,73.36267852783203,11136000
2024-01-03 00:00:00+00:00,71.66885112450905,72.74584807745504,71.4397521055962,72.15154266357422,9224000
2024-01-04 00:00:00+00:00,71.05986848178225,72.93284822634104,70.8121546974277,71.57878112792969,10330000
2024-01-05 00:00:00+00:00,71.92047919817702,72.67241250685275,71.335966701988,71.70801544189453,8219000
2024-01-08 00:00:00+00:00,72.09378908795392,74.1851041360327,72.09378908795392,74.13224029541016,10889000
2024-01-09 00:00:00+00:00,73.07188423399101,74.10089515898518,72.90739158336747,73.62898254394531,5904000
2024-01-10 00:00:00+00:00,73.8012975141617,73.90508303398613,72.11042418373292,73.4008560180664,8376000
2024-01-11 00:00:00+00:00,73.39302378063562,74.54442759481093,72.66459042580507,74.42987060546875,7742000
2024-01-12 00:00:00+00:00,74.48176114525941,74.73828184515524,73.90704153519314,74.37798309326172,4972000
2024-01-16 00:00:00+00:00,73.85123468828111,75.28167317317101,73.23735087052397,74.52190399169922,6847000
2024-01-17 00:00:00+00:00,73.70827638341267,73.85220464050447,72.64890823826215,73.71513366699219,9631000
2024-01-18 00:00:00+00:00,75.9670268336002,77.18990172370721,75.5636497013676,76.92163848876953,14863000
2024-01-19 00:00:00+00:00,78.19737986518636,81.12288566937653,77.80966690836668,80.90357208251953,18628000
2024-01-22 00:00:00+00:00,81.1786809176032,82.8901184482971,81.03573120687015,81.6104507446289,13652000
2024-01-23 00:00:00+00:00,81.22567641239274,81.45771852843122,80.42870765613544,81.30204772949219,8243000
2024-01-24 00:00:00+00:00,83.22202710568666,84.06795298042911,82.09216635973608,83.04187774658203,19276000
2024-01-25 00:00:00+00:00,85.86555870334823,88.12626650930075,84.66129104060016,84.74940490722656,31073000
2024-01-26 00:00:00+00:00,83.51575942815754,84.20111434771559,81.91299999148208,82.14895629882812,16751000
2024-01-29 00:00:00+00:00,81.82194585525504,82.9155781296509,81.65550357901081,82.81082153320312,9904000
2024-01-30 00:00:00+00:00,82.34967746630574,83.22106057242092,81.45675143086076,81.83076477050781,10696000
2024-01-31 00:00:00+00:00,80.48059170118897,82.0285226422905,79.86083667973253,80.79096221923828,9969000
2024-02-01 00:00:00+00:00,81.44500509640712,81.8581826636017,80.68034311783052,81.48025512695312,7633000
2024-02-02 00:00:00+00:00,80.99852954842058,82.86760255771671,80.99852954842058,82.11566925048828,7629000
2024-02-05 00:00:00+00:00,82.12447609678443,83.93969925717857,81.50765668149955,83.35127258300781,8651000
2024-02-06 00:00:00+00:00,83.5059679017267,83.94655214738764,80.65683353903997,81.71620178222656,10546000
2024-02-07 00:00:00+00:00,82.01971795972865,84.00431898451248,81.57912626871031,83.0790786743164,8570000
2024-02-08 00:00:00+00:00,83.41785946636408,85.14006890391892,82.84411832547113,84.62800598144531,8627000
2024-02-09 00:00:00+00:00,86.15928761516005,89.47054939648616,85.65603910862089,89.25122833251953,18363000
2024-02-12 00:00:00+00:00,88.65594038756687,90.48877732319903,88.51005503526503,88.90071105957031,12542000
2024-02-13 00:00:00+00:00,85.69911456299711,88.22710701878933,85.37307981788747,87.39195251464844,12595000
2024-02-14 00:00:00+00:00,88.96239743904738,90.95385593277848,88.86938337997056,89.65460968017578,11849000
2024-02-15 00:00:00+00:00,89.85532035586957,90.22639056467,88.75874499307642,89.46662139892578,8529000
2024-02-16 00:00:00+00:00,92.07390938648531,93.5993187997319,90.41142900348663,90.66598510742188,13280000
2024-02-20 00:00:00+00:00,89.96987468030802,90.60530144714862,87.23725423619213,88.16053009033203,10890000
2024-02-21 00:00:00+00:00,87.62987127754784,88.33481211757781,86.82017383237458,88.3064193725586,7123000
2024-02-22 00:00:00+00:00,91.05471034499752,92.94727628941723,90.5916045483264,92.4606704711914,12639000
2024-02-23 00:00:00+00:00,92.73284570813499,93.01775916282729,90.68167350711691,90.9078369140625,6868000
2024-02-26 00:00:00+00:00,91.70090625416314,92.71425315207503,91.3503929093971,91.91238403320312,6091000
2024-02-27 00:00:00+00:00,92.07098603975683,92.42834915360314,90.88139660873813,91.12616729736328,6303000
2024-02-28 00:00:00+00:00,89.80538727501445,90.47704259864074,89.37557447950023,90.33702850341797,6150000
2024-02-29 00:00:00+00:00,91.68817137110986,92.21197679219067,90.68460999300588,91.86244201660156,13084000
2024-03-01 00:00:00+00:00,92.52333252494537,96.19000061413948,92.39115424407734,96.09992218017578,11111000
2024-03-04 00:00:00+00:00,97.04374417419683,97.30712216140566,95.31174949533008,95.7072982788086,9016000
2024-03-05 00:00:00+00:00,94.97004686602057,95.8522013674679,93.19888804875603,94.29545593261719,13083000
2024-03-06 00:00:00+00:00,95.62506233531668,96.91451575345599,95.19132785926926,96.1322250366211,14329000
2024-03-07 00:00:00+00:00,96.83226292657618,98.63181449101371,96.71869195822407,97.37663269042969,10974000
2024-03-08 00:00:00+00:00,97.19550951125903,97.49804423984463,93.57387726344969,93.66395568847656,13313000
2024-03-11 00:00:00+00:00,92.33827746289043,92.41073461171689,90.13631964967227,91.17219543457031,13267000
2024-03-12 00:00:00+00:00,91.59116360552719,93.29941314387692,91.05543608089047,93.29450988769531,13512000
2024-03-13 00:00:00+00:00,91.93849637918815,92.30055878500751,90.35878709605471,90.92787170410156,10080000
2024-03-14 00:00:00+00:00,91.63825294516916,92.0209239997872,89.90645288809746,90.82681274414062,9964000
2024-03-15 00:00:00+00:00,89.17840823878151,90.29009982041693,88.85657500436065,89.29713439941406,19745000
2024-03-18 00:00:00+00:00,90.50594782321171,91.73636546303162,90.26654170549152,90.78755187988281,7510000
2024-03-19 00:00:00+00:00,89.67980230311834,91.5332704726898,89.20098251867076,91.35371398925781,7029000
2024-03-20 00:00:00+00:00,90.85820203550549,93.20520708491074,90.60210986157253,93.12278747558594,8493000
2024-03-21 00:00:00+00:00,96.46079518396941,98.54092086605601,95.7641511195923,96.40879821777344,14078000
2024-03-22 00:00:00+00:00,96.62271262576857,97.18886283851027,95.76613242183645,95.95059967041016,6901000
2024-03-25 00:00:00+00:00,94.41796336588804,96.40389428091564,94.41796336588804,95.3187026977539,7405000
2024-03-26 00:00:00+00:00,96.20568330155882,97.0828644141128,94.87028364046719,94.90364074707031,8589000
2024-03-27 00:00:00+00:00,95.45214249056224,95.71313794516878,93.68404332466596,94.75059509277344,5896000
2024-03-28 00:00:00+00:00,94.77905349842388,95.55811729477936,94.35419944015251,95.32949829101562,6639000
2024-04-01 00:00:00+00:00,95.37462066553334,97.62055867343246,95.2735537171839,96.33226013183594,6514000
2024-04-02 00:00:00+00:00,94.88109108823275,95.45999720952626,93.89990087021219,94.9134750366211,9071000
2024-04-03 00:00:00+00:00,94.37577746384054,96.95435119128109,94.19720162507907,95.9967041015625,7302000
2024-04-04 00:00:00+00:00,97.39194869179924,98.29954502339196,92.62434495982377,93.37299346923828,9919000
2024-04-05 00:00:00+00:00,94.7731533225386,95.93390744236754,94.24331722728937,95.03611755371094,8048000
2024-04-08 00:00:00+00:00,95.58164791376483,95.87600043398665,94.28745801254085,94.90658569335938,5609000
2024-04-09 00:00:00+00:00,96.18705438808668,96.35091297119271,93.99998509384409,95.50316619873047,5207000
2024-04-10 00:00:00+00:00,94.0941757610654,95.66603980924768,93.68894225206084,94.35517120361328,5976000
2024-04-11 00:00:00+00:00,94.58967054751236,96.66586619606048,94.26097275725571,96.49808502197266,7055000
2024-04-12 00:00:00+00:00,94.4915481133027,95.1018499500783,93.40929110092449,93.90381622314453,9893000
2024-04-15 00:00:00+00:00,95.7523737327527,96.27731401176611,91.9855881201898,92.8372573852539,7691000
2024-04-16 00:00:00+00:00,93.09925650157027,94.81338996597677,92.89713005638052,94.51118469238281,5448000
2024-04-17 00:00:00+00:00,93.21306146418878,93.45737834322085,89.31381288281713,89.51004791259766,16686000
2024-04-18 00:00:00+00:00,89.21275095497894,89.22256495278687,86.77548090593376,87.21995544433594,23074000
2024-04-19 00:00:00+00:00,87.81063706969967,88.27572025612106,84.57368713744832,85.38807678222656,13545000
2024-04-22 00:00:00+00:00,85.99150301157195,86.22110264149477,84.18414796444547,85.1741714477539,18563000
2024-04-23 00:00:00+00:00,86.14850180247146,87.74783911959345,85.1771181231107,87.0727767944336,9823000
2024-04-24 00:00:00+00:00,89.02729826134464,89.86326960060038,86.5674511171222,86.82452392578125,19491000
2024-04-25 00:00:00+00:00,89.22256603649312,89.5306626899535,86.98937621069678,88.45135498046875,13093000
2024-04-26 00:00:00+00:00,88.15011843651962,91.25362482040816,88.09812146767037,90.79639434814453,13971000
2024-04-29 00:00:00+00:00,90.42060367053185,91.2781644693395,89.78871991809983,91.13392639160156,9025000
2024-04-30 00:00:00+00:00,90.64822561683768,91.69515671886401,87.71152002104613,87.75862121582031,9737000
2024-05-01 00:00:00+00:00,86.64694034894549,88.29730143890748,84.76992157455634,85.17711639404297,11878000
2024-05-02 00:00:00+00:00,86.44676879134494,86.85298292944333,84.5874168483438,86.70580291748047,7245000
2024-05-03 00:00:00+00:00,88.15011975284168,89.5453767617226,87.87048445189606,89.1440658569336,8752000
2024-05-06 00:00:00+00:00,89.80635853338778,90.80913783123628,89.3442173829154,90.7149429321289,7545000
2024-05-07 00:00:00+00:00,91.01618872452784,91.25069163305788,89.61602834620116,89.77007293701172,6746000
2024-05-08 00:00:00+00:00,88.61816067410017,89.6807898890835,88.20900452160146,89.61014556884766,5539000
2024-05-09 00:00:00+00:00,89.97709452511829,89.97709452511829,88.40130052993408,89.04692077636719,5767000
2024-05-10 00:00:00+00:00,90.09876880205088,91.36843516362636,89.5080948700423,89.82011413574219,5100000
2024-05-13 00:00:00+00:00,90.33426522243927,90.33426522243927,88.54751857981928,88.67899322509766,7394000
2024-05-14 00:00:00+00:00,88.20899358837089,89.67390672956638,87.96565735980683,89.53752136230469,5751000
2024-05-15 00:00:00+00:00,90.7012237409798,93.06000430371213,89.98691290946924,92.99230194091797,7133000
2024-05-16 00:00:00+00:00,93.21795812103218,93.71052193466197,92.47716232728168,92.51641082763672,8124000
2024-05-17 00:00:00+00:00,93.45148028532287,93.68893258946134,88.87815789067905,89.49140167236328,9106000
2024-05-20 00:00:00+00:00,89.71905464806471,93.21307005535611,89.63466624131246,92.43204498291016,6650000
2024-05-21 00:00:00+00:00,95.33832915614731,95.5414362500775,92.4114370567232,94.58673858642578,14234000
2024-05-22 00:00:00+00:00,95.29612631902029,95.45802358239747,93.14927892572076,94.7603988647461,8938000
2024-05-23 00:00:00+00:00,97.25752896477807,97.3988175876487,93.45345593682048,94.01077270507812,10576000
2024-05-24 00:00:00+00:00,94.59457459237213,96.40585221874116,94.30120269805366,95.23136901855469,7196000
2024-05-28 00:00:00+00:00,95.66603791414617,95.73668222627964,94.05590604464594,95.299072265625,9942000
2024-05-29 00:00:00+00:00,93.95190679029332,94.27668201513804,93.41127600227246,93.53097534179688,8802000
2024-05-30 00:00:00+00:00,93.4092902935519,94.31002204589737,92.3761032735458,93.28173828125,10577000
2024-05-31 00:00:00+00:00,93.08844587229126,93.18558273027986,88.6161828851839,91.4900894165039,15598000
2024-06-03 00:00:00+00:00,92.91576540285266,93.44757030249586,89.41389739939693,91.8031005859375,6806000
2024-06-04 00:00:00+00:00,91.44889533757548,91.93457971102876,89.31382293921341,90.53736877441406,6672000
2024-06-05 00:00:00+00:00,93.09924272777938,95.42661974215466,92.93930676753426,95.34420013427734,11660000
2024-06-06 00:00:00+00:00,94.39244772788149,95.59636533291663,93.63104329795247,94.40912628173828,8045000
2024-06-07 00:00:00+00:00,95.39720147384179,95.39720147384179,93.74880154985313,94.46115112304688,5813000
2024-06-10 00:00:00+00:00,93.72817862733916,98.95301251566595,93.70560868162136,98.42022705078125,10591000
2024-06-11 00:00:00+00:00,98.02482638456323,98.21713882789925,96.1124891147237,98.09449005126953,7123000
2024-06-12 00:00:00+00:00,99.23364808690792,102.13207862568167,98.70380451016737,101.81123352050781,15063000
2024-06-13 00:00:00+00:00,100.78491465253865,102.5147534210142,100.2717496126487,101.89659881591797,9582000
2024-06-14 00:00:00+00:00,100.57198384363505,102.24687603955901,100.38065207624602,101.64933013916016,6205000
2024-06-17 00:00:00+00:00,101.06259057992939,105.31997180264193,101.06259057992939,105.1541519165039,10497000
2024-06-18 00:00:00+00:00,105.28291946902442,108.31063714697778,105.0509255949982,107.1083984375,11927000
2024-06-20 00:00:00+00:00,107.33842680486514,107.4829270456593,103.23921589445553,104.32938385009766,14615000
2024-06-21 00:00:00+00:00,104.19766664558496,104.6498570898048,102.10775675561675,103.25199890136719,16514000
2024-06-24 00:00:00+00:00,103.01311694173069,103.90963792507605,100.4719991708289,100.70301055908203,10415000
2024-06-25 00:00:00+00:00,100.73446348166748,103.66191516635176,99.52632988924579,103.5026626586914,8646000
2024-06-26 00:00:00+00:00,103.5714842786603,105.09714055198366,102.45771409977341,103.7838134765625,8787000
2024-06-27 00:00:00+00:00,105.79803141128588,106.63458337578693,103.02590210775205,103.79069519042969,9148000
2024-06-28 00:00:00+00:00,104.69704824728761,106.82726269949248,103.50955416987458,104.6773910522461,12237000
2024-07-01 00:00:00+00:00,104.42278549841672,105.3723907709103,102.28372867322524,104.26255798339844,6145000
2024-07-02 00:00:00+00:00,103.11141768441738,105.51983252491405,102.87745884274634,105.46084594726562,5504000
2024-07-03 00:00:00+00:00,105.18364437216427,107.26667698056825,104.2900782673055,106.43601989746094,4308000
2024-07-05 00:00:00+00:00,107.18508448701247,107.58910319967816,105.6830228620773,106.93342590332031,5599000
2024-07-08 00:00:00+00:00,106.99142035726919,108.70876609754903,106.68177268220626,108.29098510742188,7275000
2024-07-09 00:00:00+00:00,108.73235409082187,109.96899474595016,108.15630310203497,109.36640167236328,6242000
2024-07-10 00:00:00+00:00,109.71242282746468,111.03261957405307,108.796244729728,110.81636047363281,7749000
2024-07-11 00:00:00+00:00,111.05916454771182,111.08177669283889,104.15046797215885,104.19470977783203,13516000
2024-07-12 00:00:00+00:00,103.904721634974,107.48391330125921,103.4653109895744,105.16594696044922,9459000
2024-07-15 00:00:00+00:00,105.16594717066451,106.35442363336361,104.45522075624324,105.09615325927734,7911000
2024-07-16 00:00:00+00:00,105.7361093883528,106.39670666969984,104.477838852299,105.7724838256836,6284000
2024-07-17 00:00:00+00:00,100.18496714333618,100.18496714333618,95.07717144110221,95.12533569335938,21142000
2024-07-18 00:00:00+00:00,96.74732594503281,96.74732594503281,91.94820305324087,93.64293670654297,16199000
2024-07-19 00:00:00+00:00,94.32515229341067,95.05848336328684,89.99591227145923,90.1541748046875,14103000
2024-07-22 00:00:00+00:00,92.60092768215765,96.45733782436525,91.49797980171257,96.04741668701172,13319000
2024-07-23 00:00:00+00:00,94.73998592013685,96.0690327061405,93.97814029396075,94.33989715576172,6710000
2024-07-24 00:00:00+00:00,93.38734528563504,93.60754185558665,89.33629838964656,89.44246673583984,13159000
2024-07-25 00:00:00+00:00,89.54569283314018,90.20824755089986,86.69884951353224,86.91118621826172,19318000
2024-07-26 00:00:00+00:00,89.26845656871691,89.32350570326365,87.39481352513816,87.94530487060547,11679000
2024-07-29 00:00:00+00:00,89.37562493620035,91.55204614708518,87.56686301737531,87.71923065185547,8251000
2024-07-30 00:00:00+00:00,88.47221655749789,88.97061376404696,83.90213302002081,84.03484344482422,13399000
2024-07-31 00:00:00+00:00,87.83324552605947,90.90421488204807,86.55531806030514,90.5601577758789,19419000
2024-08-01 00:00:00+00:00,84.02402923068135,86.49142316608523,79.87566406833244,81.62348175048828,28880000
2024-08-02 00:00:00+00:00,78.6419718274369,79.17575349122687,74.51327130644961,75.0047836303711,27073000
2024-08-05 00:00:00+00:00,72.8106650165195,78.03740800288155,70.77776941500088,75.73123168945312,23639000
2024-08-06 00:00:00+00:00,76.18835020143398,78.14850484787422,75.28593417560629,75.7096176147461,12832000
2024-08-07 00:00:00+00:00,78.4444006696897,78.96244766675962,73.07413113106547,73.53517150878906,12823000
2024-08-08 00:00:00+00:00,76.69557897016132,78.75796424105087,74.70987250100413,78.55644989013672,14911000
2024-08-09 00:00:00+00:00,79.42840381976164,80.24824611179345,77.81230637008555,79.41857147216797,12528000
2024-08-12 00:00:00+00:00,79.3733490479222,80.85476348026452,78.46699566108948,79.71248626708984,7256000
2024-08-13 00:00:00+00:00,80.11651274513478,82.79427105776011,79.89435120374841,82.6487808227539,15018000
2024-08-14 00:00:00+00:00,83.43519454581649,84.21473232555732,81.32070769312249,83.09801483154297,8602000
2024-08-15 00:00:00+00:00,84.99919996278608,87.99054341925341,84.40937914004878,87.49903106689453,12064000
2024-08-16 00:00:00+00:00,85.67452238312238,86.64476714997518,84.54011269371037,85.63520050048828,11232000
2024-08-19 00:00:00+00:00,85.03163361833617,86.69884261206833,83.3703195326512,86.63199615478516,10306000
2024-08-20 00:00:00+00:00,86.5700663288326,86.70768917686381,84.17246631941268,84.8212661743164,9951000
2024-08-21 00:00:00+00:00,85.47400034907227,86.21028643832693,84.583381651619,85.85050201416016,8452000
2024-08-22 00:00:00+00:00,86.01367533416854,86.21125975104191,81.59104684529753,82.15333557128906,13665000
2024-08-23 00:00:00+00:00,83.65540569398492,84.74361632480498,82.11107463383425,83.29856872558594,10671000
2024-08-26 00:00:00+00:00,82.67237082335116,82.90829463726743,80.12043819485542,80.50086975097656,11154000
2024-08-27 00:00:00+00:00,79.69087064032607,81.47801045869446,78.58300280047722,80.65128326416016,8911000
2024-08-28 00:00:00+00:00,80.60113967867164,80.7603921983955,78.58594356431549,79.14430236816406,11739000
2024-08-29 00:00:00+00:00,80.45073495340503,81.29220682628556,78.02660027036197,78.37852478027344,12437000
2024-08-30 00:00:00+00:00,80.96092945149414,80.97862167548277,78.94081346675087,80.70730590820312,12427000
2024-09-03 00:00:00+00:00,79.18851875014423,79.29566955706505,74.8582971715418,75.27214813232422,16690000
2024-09-04 00:00:00+00:00,73.97556266478979,75.97011929731708,73.01613251279338,75.14634704589844,9434000
2024-09-05 00:00:00+00:00,73.75143103743608,75.59460238542323,73.4987899647298,74.30880737304688,8197000
2024-09-06 00:00:00+00:00,73.97458297897748,74.35501460586677,71.77850438208074,72.13731384277344,15530000
2024-09-09 00:00:00+00:00,73.02793097891217,73.15277404882245,71.07269620709006,72.18449401855469,11506000
2024-09-10 00:00:00+00:00,72.60030338137419,72.76840576695626,70.44551939372361,71.91415405273438,13518000
2024-09-11 00:00:00+00:00,71.9574056661875,75.60443393481957,71.01468533067877,75.38324737548828,22202000
2024-09-12 00:00:00+00:00,75.23480154801283,75.25053630154906,73.08689519207728,73.50861358642578,15067000
2024-09-13 00:00:00+00:00,74.29603110660311,75.94357557398996,74.1200688335563,75.6653823852539,8713000
2024-09-16 00:00:00+00:00,73.87038194601872,74.77378043645616,73.23534429394277,74.55947875976562,12521000
2024-09-17 00:00:00+00:00,76.17554340136024,76.51473418110817,74.64130486983304,75.53266143798828,11458000
2024-09-18 00:00:00+00:00,76.8795682135014,76.90914745119754,74.21436756118916,74.52989196777344,11523000
2024-09-19 00:00:00+00:00,78.46705884331155,78.9452766185799,77.21580131966581,77.803466796875,15943000
2024-09-20 00:00:00+00:00,76.53939881577082,76.90915436560547,75.08502849096043,76.23767852783203,29262000
2024-09-23 00:00:00+00:00,76.614326383346,77.48793699198596,76.23865802397063,77.31143951416016,7389000
2024-09-24 00:00:00+00:00,78.48676654146769,78.68298851683372,77.04718602023166,77.99967956542969,9895000
2024-09-25 00:00:00+00:00,77.79655313211772,80.14523610844773,77.72457599241655,79.25092315673828,11680000
2024-09-26 00:00:00+00:00,85.05165634969535,85.11180029549584,81.34621004087735,83.56474304199219,20680000
2024-09-27 00:00:00+00:00,84.1869242455795,84.1869242455795,80.93012358261817,81.55525207519531,13895000
2024-09-30 00:00:00+00:00,81.00998679383316,81.93684311550768,79.2893957778813,80.4666976928711,10983000
2024-10-01 00:00:00+00:00,80.60768899822651,81.03561752195476,77.58653694106052,78.62284088134766,14368000
2024-10-02 00:00:00+00:00,79.27558567913731,81.87570754138328,78.8782218638989,80.27046966552734,14324000
2024-10-03 00:00:00+00:00,78.81215693065502,80.97153157636549,78.76285318553927,79.97565460205078,6725800
2024-10-04 00:00:00+00:00,81.80963656273994,81.92795350599634,79.36431692527938,80.3996353149414,7574100
2024-10-07 00:00:00+00:00,79.45306389098118,80.28131260264718,78.94033205002087,79.4826431274414,7542700
2024-10-08 00:00:00+00:00,79.57137503697041,80.46865193190217,78.6839679170659,79.87704467773438,6913500
2024-10-09 00:00:00+00:00,79.63055011712311,82.29278682608705,79.59110862598425,81.70117950439453,9078600
2024-10-10 00:00:00+00:00,80.39965199040041,81.78992902087971,79.88692005429593,80.9123764038086,7159500
2024-10-11 00:00:00+00:00,80.35033656918095,82.56886966551124,80.14327438291356,81.73075866699219,6530300
2024-10-14 00:00:00+00:00,82.59844853268655,85.09307205554616,82.58859380197651,84.50145721435547,8155000
2024-10-15 00:00:00+00:00,84.60006499541032,85.34943075750347,74.84838013050303,75.29208374023438,25611300
2024-10-16 00:00:00+00:00,76.07104070752568,76.41614437111417,72.83691347841823,73.10313415527344,20469200
2024-10-17 00:00:00+00:00,75.39069550849851,75.5287369874776,72.00866422811784,72.11712646484375,20940600
2024-10-18 00:00:00+00:00,73.19187939642073,73.19187939642073,71.43676679372639,71.8213119506836,18493400
2024-10-21 00:00:00+00:00,71.60439502120941,72.0776778962203,71.07194614480044,71.8213119506836,12374900
2024-10-22 00:00:00+00:00,71.65368591674623,72.38334220572222,70.43102980408999,71.97907257080078,13307000
2024-10-23 00:00:00+00:00,71.35788882348918,72.44250352354938,70.55921177557865,71.84103393554688,20569100
2024-10-24 00:00:00+00:00,75.11460037545807,76.39642249843631,73.40879162928195,75.4991455078125,23196200
2024-10-25 00:00:00+00:00,76.38655812114368,78.48676667196796,76.00201299948141,76.59362030029297,14591100
2024-10-28 00:00:00+00:00,76.09075239132704,76.93872563288899,74.12858524989653,74.39480590820312,10175800
2024-10-29 00:00:00+00:00,74.78921783232803,77.63879987894411,74.38495569366019,77.21481323242188,12540800
2024-10-30 00:00:00+00:00,75.78509086818478,76.12033225716833,74.78921390925359,75.38082122802734,11076800
2024-10-31 00:00:00+00:00,75.03571394438498,75.03571394438498,72.42277359701225,73.31018829345703,13044900
2024-11-01 00:00:00+00:00,73.32005735308495,74.41453432652389,73.02424991924367,73.75390625,10317500
2024-11-04 00:00:00+00:00,73.38907926313733,73.93139039298983,72.72845117600477,73.1327133178711,7773000
2024-11-05 00:00:00+00:00,73.47781518252755,75.71607285709968,73.47781518252755,75.33152770996094,8004900
2024-11-06 00:00:00+00:00,76.59362972656287,76.99789188150301,74.17789648315855,75.70621490478516,15034800
2024-11-07 00:00:00+00:00,76.96830780752501,78.35859219478122,76.26823824839221,78.10222625732422,11523600
2024-11-08 00:00:00+00:00,77.72754020266903,78.25012678732308,76.38655961581952,77.1063461303711,7527100
2024-11-11 00:00:00+00:00,76.34711693058438,76.80068278040716,73.80319725216114,75.104736328125,10306200
2024-11-12 00:00:00+00:00,75.35124345087357,75.59774713203139,73.6158629518632,74.64131164550781,9672300
2024-11-13 00:00:00+00:00,73.45810320747604,74.02013134721601,72.48195065375842,72.81719207763672,11618100
2024-11-14 00:00:00+00:00,74.3948072430163,74.58215244614225,73.45809627277713,73.7440414428711,9993900
2024-11-15 00:00:00+00:00,70.64794966038201,71.6931227596821,69.01116176562678,69.07032775878906,14577400
2024-11-18 00:00:00+00:00,68.91257088145996,69.80984792274133,68.66606719179306,69.58306121826172,11514900
2024-11-19 00:00:00+00:00,69.07033508508898,69.53375569073184,68.5871824493729,69.18865203857422,7445900
2024-11-20 00:00:00+00:00,69.0308862709124,69.23794844024387,67.90683019585902,69.07032775878906,8816900
2024-11-21 00:00:00+00:00,70.19439800698088,72.42278610174182,69.8394320671135,72.10726165771484,14509000
2024-11-22 00:00:00+00:00,71.59452049716344,72.24528621944762,70.59864364773918,71.62409973144531,8666500
2024-11-25 00:00:00+00:00,72.97495324500385,72.99467022988033,70.63809559562824,72.67914581298828,16714200
2024-11-26 00:00:00+00:00,73.07354752915026,73.42851341087194,70.9930559812184,71.67340850830078,7385200
2024-11-27 00:00:00+00:00,71.7128572781294,71.8508987436249,69.43515805206235,70.56907653808594,7846700
2024-11-29 00:00:00+00:00,72.81717674705952,74.71032297469436,72.62983908838468,72.84675598144531,10736500
2024-12-02 00:00:00+00:00,72.84676485126798,77.75712146994373,72.82704786684151,77.41201782226562,20059300
2024-12-03 00:00:00+00:00,76.61335111989077,77.59936597354546,75.96258522828077,77.24440002441406,9884600
2024-12-04 00:00:00+00:00,78.42760969007769,78.71355485415806,76.52460102910459,77.16551208496094,9380400
2024-12-05 00:00:00+00:00,76.79082243200882,76.79082243200882,73.6059991511026,74.15816497802734,12921600
2024-12-06 00:00:00+00:00,74.08915657268436,75.61748262701812,73.64545289120497,75.51887512207031,8330000
2024-12-09 00:00:00+00:00,75.40054634137704,77.15565132769201,74.61173156153659,76.36683654785156,10742200
2024-12-10 00:00:00+00:00,77.04719114011849,77.15565336327546,73.3792151056708,74.07928466796875,10620100
2024-12-11 00:00:00+00:00,75.48372782412544,77.85743147561031,74.60348055000999,77.372802734375,14116900
2024-12-12 00:00:00+00:00,76.40353795245144,76.51233323798917,74.12873704040314,74.75183868408203,8641500
2024-12-13 00:00:00+00:00,75.54306534449391,76.47276773266672,74.61337050211672,75.42438507080078,10818700
2024-12-16 00:00:00+00:00,75.43427650835051,77.27389636573142,74.4946890476199,76.97718811035156,12749600
2024-12-17 00:00:00+00:00,77.03652267496211,77.87720732303538,76.57167147481218,76.9573974609375,14167900
2024-12-18 00:00:00+00:00,77.18489223633196,78.44097312927926,73.80236805614611,74.37600708007812,15804700
2024-12-19 00:00:00+00:00,71.95283663270813,72.11108704316024,69.39122036632247,70.4297103881836,17426400
2024-12-20 00:00:00+00:00,69.76706139302219,72.66495632525454,69.5296932972115,71.00336456298828,29404500
2024-12-23 00:00:00+00:00,71.55723194224015,73.17926123298273,71.21106853491027,72.99134826660156,10406700
2024-12-24 00:00:00+00:00,73.25838709965409,73.35728985322126,72.42759491473414,73.0210189819336,5611700
2024-12-26 00:00:00+00:00,72.44736328571088,73.74300654893048,72.20010266016239,73.17925262451172,6297400
2024-12-27 00:00:00+00:00,72.49683088452574,72.95178960820414,71.84405909894579,72.59573364257812,5444100
2024-12-30 00:00:00+00:00,71.21106288619514,71.79459436286395,70.48905851178219,71.35942077636719,10381700
2024-12-31 00:00:00+00:00,71.60668064607745,72.00229916704276,70.75610346703051,71.43854522705078,7195200
2025-01-02 00:00:00+00:00,71.91328604377468,73.11002667601284,70.953913521074,71.64624786376953,8075100
2025-01-03 00:00:00+00:00,72.37813486155655,74.45512272894044,72.17043682939776,74.2869873046875,8980100
2025-01-06 00:00:00+00:00,76.33429707430847,79.27175437666361,76.15626913035375,77.12553405761719,15164600
2025-01-07 00:00:00+00:00,77.99589899295789,79.26187229664113,76.04748388977825,76.67057800292969,10896600
2025-01-08 00:00:00+00:00,76.5716647135655,76.8980505332505,75.40459432003935,76.19583129882812,8690800
2025-01-10 00:00:00+00:00,75.18701477628257,75.39472036160097,73.50564538255242,73.83203125,11957600
2025-01-13 00:00:00+00:00,72.36824302648594,73.76279667198642,71.76492645520082,73.63421630859375,8321800
2025-01-14 00:00:00+00:00,74.21775603790506,74.30676624803806,72.78363977079532,74.23753356933594,9033100
2025-01-15 00:00:00+00:00,75.02876666659459,76.42331270519495,74.6232556087334,75.31558990478516,11085800
2025-01-16 00:00:00+00:00,78.02556574837635,81.92239578918182,77.45191926145453,78.3519515991211,19156600
2025-01-17 00:00:00+00:00,80.517958079724,80.91356906535849,78.72778592280572,79.42012023925781,10351000
2025-01-21 00:00:00+00:00,79.93443003795795,81.52678937519089,79.04429010630648,80.60697937011719,10978300
2025-01-22 00:00:00+00:00,81.52677686202239,84.25653638484309,81.51688432380104,82.3377914428711,14716600
2025-01-23 00:00:00+00:00,79.86517635659843,80.49816290919766,78.5794181771216,80.33992004394531,11383300
2025-01-24 00:00:00+00:00,80.80477020779252,80.80477020779252,78.11458091376356,78.8069076538086,9091900
2025-01-27 00:00:00+00:00,75.94857776158561,75.98814036879023,72.60561668365115,74.80128479003906,19881300
2025-01-28 00:00:00+00:00,74.28698941248598,74.84085084729122,72.79353299129771,73.69356536865234,13597700
2025-01-29 00:00:00+00:00,76.60133894799044,76.64090155366218,73.65399651050357,74.32654571533203,14558900
2025-01-30 00:00:00+00:00,78.87614059348995,81.19049645726064,76.73980513850572,79.84540557861328,24878500
2025-01-31 00:00:00+00:00,80.20145844387903,83.29716651978046,79.96409033971084,80.16190338134766,18832500
2025-02-03 00:00:00+00:00,78.10469194618075,80.66630854724077,77.63984073698865,79.31132507324219,14537700
2025-02-04 00:00:00+00:00,78.13436097355309,79.69705000401514,78.10469090456134,79.03439331054688,9538800
2025-02-05 00:00:00+00:00,78.23326015467084,81.21028018921453,77.75852398083919,81.04214477539062,10738000
2025-02-06 00:00:00+00:00,80.26080206225568,82.14986935293875,80.043211500379,81.92239379882812,9903200
2025-02-07 00:00:00+00:00,82.27845657592275,82.59494990711897,80.89379542226567,81.4278793334961,9833600
2025-02-10 00:00:00+00:00,82.63451018159337,83.74223303657917,81.65535259910926,82.81253814697266,13613100
2025-02-11 00:00:00+00:00,82.14987372543621,83.57409744567401,82.07075605437544,82.34768676757812,8903400
2025-02-12 00:00:00+00:00,80.38937001813574,81.2399471382105,79.6080255684952,80.67619323730469,7973000
2025-02-13 00:00:00+00:00,80.68609830331987,82.74330875250716,80.55751793412297,82.38725280761719,7845900
2025-02-14 00:00:00+00:00,81.74436660431498,82.69384652751096,80.82455674968828,81.84326934814453,9149500
2025-02-18 00:00:00+00:00,83.9796101900289,85.8587850800118,82.45648369137835,85.63130950927734,16205500
2025-02-19 00:00:00+00:00,85.35437209544178,88.81602089926486,84.81039569366564,86.69947052001953,15588000
2025-02-20 00:00:00+00:00,88.9940507689523,90.71498266992052,87.58960463208822,88.04456329345703,16888400
2025-02-21 00:00:00+00:00,88.65776721563412,89.23141366445624,84.780722508869,85.07743072509766,12860900
2025-02-24 00:00:00+00:00,85.50271864974923,85.75987180518261,82.30811569219203,82.42679595947266,11728700
2025-02-25 00:00:00+00:00,82.14986148489267,82.78284803383816,79.05416140815005,79.41021728515625,19088100
2025-02-26 00:00:00+00:00,80.79488276360591,82.0212933283778,79.76627767690213,80.4091567993164,12427500
2025-02-27 00:00:00+00:00,80.75531332874102,81.2696120556971,75.20678487072527,75.33535766601562,14830200
2025-02-28 00:00:00+00:00,75.90901668395725,77.3233478503892,74.54414066397653,75.89912414550781,22608300
2025-03-03 00:00:00+00:00,77.08598160487173,78.87614627174499,73.7331278403697,74.94964599609375,14787100
2025-03-04 00:00:00+00:00,75.19689832520767,77.61016438394194,73.26826851321613,75.60240936279297,15417700
2025-03-05 00:00:00+00:00,76.14802562448936,78.77689975791408,74.91790619457605,78.41976928710938,15404800
2025-03-06 00:00:00+00:00,76.51507814569861,77.94360016382059,75.2552065542382,75.86034393310547,13195500
2025-03-07 00:00:00+00:00,76.03889608100737,78.85625005502388,74.73933513681887,78.38008117675781,14160300
2025-03-10 00:00:00+00:00,76.28690311116269,76.76307199066812,72.12038378836674,73.2215347290039,16652700
2025-03-11 00:00:00+00:00,73.4893921700148,74.78894565200325,71.87238265177487,72.77513122558594,12617500
2025-03-12 00:00:00+00:00,74.70958383853286,77.0408543697139,74.57070060287553,75.97937774658203,12702100
2025-03-13 00:00:00+00:00,75.50320251102957,76.65395030590145,73.95564226088294,74.65998077392578,9746200
2025-03-14 00:00:00+00:00,76.14802417376234,78.44952740367447,75.90993215204955,78.06263732910156,11862000
2025-03-17 00:00:00+00:00,76.49523900580476,78.50905356389931,76.49523900580476,77.6856689453125,9555200
2025-03-18 00:00:00+00:00,76.86228636926484,77.21940927058655,75.56272532716575,76.74324035644531,8094700
2025-03-19 00:00:00+00:00,76.75316760370266,78.8463461579374,76.24723147793365,77.30870056152344,8907200
2025-03-20 00:00:00+00:00,76.07858796078189,77.47734273694985,75.83058109698335,76.93173217773438,10689100
2025-03-21 00:00:00+00:00,75.39408721895278,75.76114010509826,74.66990384049515,75.23535919189453,20062000
2025-03-24 00:00:00+00:00,77.12021060973031,78.15192004944923,76.76308012795957,77.36821746826172,7954800
2025-03-25 00:00:00+00:00,77.22933887221744,77.74519740734941,76.85237114928955,77.05077362060547,6437300
2025-03-26 00:00:00+00:00,77.1301391447663,77.2392627766946,74.53102433571753,75.53297424316406,7325600
2025-03-27 00:00:00+00:00,75.28496882186417,75.46353408042356,73.75724551387147,74.21357727050781,8441800
2025-03-28 00:00:00+00:00,74.0349969180653,74.69966098132043,71.65413738076364,72.0311050415039,9541500
2025-03-31 00:00:00+00:00,71.02916317564186,72.26919747538619,69.87841528113485,72.12039184570312,11778100
2025-04-01 00:00:00+00:00,71.46565655740558,72.26919634917591,70.18594027178369,72.24935913085938,9066200
2025-04-02 00:00:00+00:00,71.14821349220763,74.20366000785845,70.9894854593363,73.19178771972656,7641400
2025-04-03 00:00:00+00:00,69.66017262083918,69.98754351398699,64.59091146416557,64.70003509521484,19479400
2025-04-04 00:00:00+00:00,62.01163628870578,62.56717304145171,57.507834392562195,58.61890411376953,26250900
2025-04-07 00:00:00+00:00,57.45822550846507,65.5730099879664,55.87098317342402,61.704105377197266,28191400
2025-04-08 00:00:00+00:00,64.13457966771188,65.58293891578423,58.27169726857856,59.769657135009766,19560800
2025-04-09 00:00:00+00:00,60.20614061563535,71.29701086370673,59.442279075295474,70.5430679321289,29544700
2025-04-10 00:00:00+00:00,67.45785796049735,67.45785796049735,62.76556917706506,65.90037536621094,20011800
2025-04-11 00:00:00+00:00,65.16627910574218,67.4181778622251,64.065128140704,66.94200897216797,14706200
2025-04-14 00:00:00+00:00,68.09276520403417,68.80702619622393,66.37656191255999,67.31898498535156,9945000
2025-04-15 00:00:00+00:00,67.54714772918567,68.98559212162749,67.40826448695942,67.89436340332031,10674200
2025-04-16 00:00:00+00:00,64.71987537478918,66.28728072344241,62.44813515671266,64.62067413330078,17845300
2025-04-17 00:00:00+00:00,64.81907229733365,64.85875430499887,62.97390435231479,63.251670837402344,13847700
2025-04-21 00:00:00+00:00,61.86283377059472,62.17035986502827,60.65255904356478,61.89259338378906,14302900
2025-04-22 00:00:00+00:00,62.46797130886418,63.509595616425145,62.06124019550416,62.97390365600586,10857300
2025-04-23 00:00:00+00:00,66.27735449433291,67.46779202903119,65.81110036088543,66.197998046875,18214700
2025-04-24 00:00:00+00:00,69.11455022779614,70.64227340024355,67.01145688976806,70.33474731445312,18159400
2025-04-25 00:00:00+00:00,69.76928735707622,71.71366011100665,69.72960535370194,70.85059356689453,9751500
2025-04-28 00:00:00+00:00,70.38434515822738,71.36645779158285,69.48160410658303,70.99940490722656,10255000
2025-04-29 00:00:00+00:00,70.3248249208109,71.08869029131898,69.66016834958762,70.33474731445312,8583800
2025-04-30 00:00:00+00:00,68.34078198710344,71.26726043228591,67.98365143919757,71.09861755371094,11233900
2025-05-01 00:00:00+00:00,71.6045361217007,72.94377156220698,70.83075598134455,71.15812683105469,14147600
2025-05-02 00:00:00+00:00,73.65804395911537,74.88815597472137,73.10251096533901,73.92588806152344,13339400
2025-05-05 00:00:00+00:00,73.29098782275281,74.30286009523901,73.19178658802667,73.32075500488281,6960800
2025-05-06 00:00:00+00:00,72.01127350222212,73.2909899016245,72.01127350222212,72.57673645019531,6892700
2025-05-07 00:00:00+00:00,72.85450620025114,74.69967806155988,72.32873280606836,74.46158599853516,9984700
2025-05-08 00:00:00+00:00,75.49328634068767,75.81073481735896,74.22349243400251,74.3028564453125,10469400
2025-05-09 00:00:00+00:00,75.08656431368371,75.69170169752785,74.05485479972927,74.75919342041016,7037000
2025-05-12 00:00:00+00:00,80.02684843369497,81.89186478706534,80.02684843369497,81.59425354003906,17456900
2025-05-13 00:00:00+00:00,81.70338419408066,85.09611637316797,81.59426056534664,84.57034301757812,11920200
2025-05-14 00:00:00+00:00,84.46121486829477,85.35404106989202,83.65767507114158,84.29257202148438,8654500
2025-05-15 00:00:00+00:00,83.55848068695737,84.58026781360341,82.83429727284465,84.114013671875,9058000
2025-05-16 00:00:00+00:00,83.7370368665481,83.78663369564374,81.8720205017635,83.75687408447266,10100400
2025-05-19 00:00:00+00:00,82.04066002539551,83.77670791345403,81.88193958271417,83.1517333984375,9222300
2025-05-20 00:00:00+00:00,82.86405322067166,83.67751544197952,82.38788427426017,83.61799621582031,6913300
2025-05-21 00:00:00+00:00,82.54660117936355,84.10408393487725,81.57441854063374,82.12995147705078,8082700
2025-05-22 00:00:00+00:00,81.98115081951833,83.15174355548356,81.39585823582026,81.90178680419922,6241600
2025-05-23 00:00:00+00:00,79.4812414161259,80.74111293790436,79.14394815002719,80.41374206542969,8276700
2025-05-27 00:00:00+00:00,82.3779487484024,83.44934005988983,81.65376548177635,83.2707748413086,9530200
2025-05-28 00:00:00+00:00,83.31047741529723,84.35210180710834,82.91366487950602,83.33031463623047,9464100
2025-05-29 00:00:00+00:00,85.16555007625715,85.57228493982679,82.94341083772147,83.48902893066406,8238500
2025-05-30 00:00:00+00:00,83.00293318297267,83.14181641757227,78.85625822626059,80.1458969116211,19191600
2025-06-02 00:00:00+00:00,79.93757220959691,81.87202267269592,79.78876658122729,81.82242584228516,8246300
2025-06-03 00:00:00+00:00,81.41569902616966,83.34023485493641,81.29665299796976,82.99302673339844,8920700
2025-06-04 00:00:00+00:00,83.53862904794212,84.3620136320464,82.82436808672244,84.09416198730469,7992200
2025-06-05 00:00:00+00:00,84.81834768221323,85.65164711424823,83.66759219770523,84.2330551147461,10907700
2025-06-06 00:00:00+00:00,85.57228885155381,86.88176476590714,85.17547636296246,85.66156768798828,7877800
2025-06-09 00:00:00+00:00,86.40559364902555,88.61781830196188,86.3262296326491,87.59603118896484,14496200
2025-06-10 00:00:00+00:00,88.08212567280701,90.64155852758572,87.63570874126034,90.27450561523438,11118900
2025-06-11 00:00:00+00:00,90.66137848710396,91.25659338060727,89.15350025232436,90.22488403320312,10646500
2025-06-12 00:00:00+00:00,89.89753547880801,91.16732947778262,89.76856705891359,90.92924499511719,5989700
2025-06-13 00:00:00+00:00,88.06227668702813,90.50267096528385,87.4769841026365,88.8062973022461,10979000
2025-06-16 00:00:00+00:00,90.22488913519756,92.83392604491647,90.13561030197917,92.665283203125,11642100
2025-06-17 00:00:00+00:00,92.59585140102105,94.26245805106416,91.81215626709631,91.92127990722656,10229500
2025-06-18 00:00:00+00:00,92.5378466441143,93.08481483734808,91.2947267675808,91.7322998046875,9373900
2025-06-20 00:00:00+00:00,92.53785050271247,92.91575622947181,87.26701897146924,89.99193572998047,22925200
2025-06-23 00:00:00+00:00,90.86709702398471,92.24944577746759,89.79303958479744,91.10577392578125,12551300
2025-06-24 00:00:00+00:00,92.7168685435744,95.24288179180222,92.7168685435744,95.10365295410156,12838800
2025-06-25 00:00:00+00:00,95.7202382688123,96.83407650013235,94.79535670204352,95.49150085449219,8690500
2025-06-26 00:00:00+00:00,95.75006864492704,96.39649252850934,95.3124879999048,96.3069839477539,9477500
2025-06-27 00:00:00+00:00,96.50589312974579,97.48049496463055,95.85946920972495,96.66500854492188,10781000
2025-06-30 00:00:00+00:00,97.01308055757535,97.13241521268603,96.31692885735539,96.80422973632812,8218300
2025-07-01 00:00:00+00:00,96.0583626864175,96.7843480874038,93.96992265415595,96.27715301513672,9760300
2025-07-02 00:00:00+00:00,95.32243244923502,98.40536828487745,94.67600858351926,98.2860336303711,11023000
2025-07-03 00:00:00+00:00,98.28603033611903,98.95234075945255,98.11696785630033,98.2661361694336,5028900
2025-07-07 00:00:00+00:00,97.81862094751472,98.37553624413633,97.172197071135,97.5998306274414,7239600
2025-07-08 00:00:00+00:00,98.28603688363411,99.7380000649346,97.67939374514118,99.28053283691406,9570200
2025-07-09 00:00:00+00:00,99.25069587970293,100.53358893996092,98.36559511763875,99.26063537597656,7323000
2025-07-10 00:00:00+00:00,100.36453246132285,101.09051786504021,99.628607560737,100.5037612915039,6569800
2025-07-11 00:00:00+00:00,99.77778616553151,101.46842634183083,99.71811124570046,101.17008209228516,6203800
2025-07-14 00:00:00+00:00,100.01646157752411,100.44409515743304,98.23631284196846,99.07169342041016,12938100
2025-07-15 00:00:00+00:00,100.98110902437605,101.62753284118686,100.05622758491471,100.5136947631836,9190600
2025-07-16 00:00:00+00:00,97.18215000929335,99.86728616536122,95.6605723483614,99.81756591796875,15369700
2025-07-17 00:00:00+00:00,98.91257088427851,100.82200137625141,97.71917872364604,100.2352523803711,9745900
2025-07-18 00:00:00+00:00,100.68276653768068,101.17007500974134,99.80761284458298,100.10596466064453,8115500
2025-07-21 00:00:00+00:00,100.32474844220901,102.02533560177413,100.17558012002063,101.18001556396484,7026700
2025-07-22 00:00:00+00:00,100.4440845601489,100.56342679802152,96.50588175916985,97.15230560302734,14170100
2025-07-23 00:00:00+00:00,97.71917066031465,97.83850531408956,95.86940765278652,96.5655517578125,12013900
2025-07-24 00:00:00+00:00,97.03297041876056,98.07719421069963,96.49594169039777,97.24181365966797,9076600
2025-07-25 00:00:00+00:00,96.16775187482936,96.79428915675577,95.78984615887184,96.42632293701172,8914400
2025-07-28 00:00:00+00:00,98.4352133661206,98.98218159116186,97.38104249008464,98.07719421386719,8156100
2025-07-29 00:00:00+00:00,98.8429516601733,99.66838511795173,97.49043656396346,98.39543151855469,7283700
2025-07-30 00:00:00+00:00,98.97223500848753,100.09602030385459,97.41087664835115,98.54460144042969,12529400
2025-07-31 00:00:00+00:00,90.5190189019852,95.10364588261434,90.43946499164481,94.3179931640625,27661800
2025-08-01 00:00:00+00:00,92.19971058963033,96.1279738026845,91.96103370687554,95.83956909179688,16601000
2025-08-04 00:00:00+00:00,96.89373782752544,98.26613946620513,96.10808513992563,97.86834716796875,11876700
2025-08-05 00:00:00+00:00,98.23630519790314,98.80316756554268,95.09370205424932,96.14786529541016,12100100
2025-08-06 00:00:00+00:00,95.76996066852203,95.93902315489457,93.75112756617277,95.41194152832031,10631900
2025-08-07 00:00:00+00:00,98.05729514992478,99.63854759132876,97.43076545846377,98.6042709350586,9572300
2025-08-08 00:00:00+00:00,98.6042763066017,101.6673256954097,98.44515331047565,101.1899642944336,8765100
2025-08-11 00:00:00+00:00,103.32812713082382,103.57675110968172,101.15017864806006,101.43858337402344,8637000
2025-08-12 00:00:00+00:00,102.08500942370142,105.05855015007742,100.83194241893823,104.70053100585938,11885800
2025-08-13 00:00:00+00:00,105.9138194326558,106.89836830572624,104.86959564272514,106.15249633789062,12118600
2025-08-14 00:00:00+00:00,105.61546543850878,107.42544773973694,105.00882231015301,106.78897094726562,11163800
2025-08-15 00:00:00+00:00,104.10383784669462,105.30717705301255,98.7136715411509,98.96229553222656,23155700
2025-08-18 00:00:00+00:00,98.45509663707112,99.25069641253343,97.8584005991753,98.33575439453125,15119300
2025-08-19 00:00:00+00:00,98.2860422436114,100.07613050469566,97.65950490293989,99.77778625488281,11622900
2025-08-20 00:00:00+00:00,100.43413976641236,100.46397342971026,96.78434159986972,98.6042709350586,14287700
2025-08-21 00:00:00+00:00,98.21641922262646,99.30041613390354,96.60533310012285,97.86834716796875,10706500
2025-08-22 00:00:00+00:00,98.50482234912933,101.98555801394093,98.04734755626923,99.5291519165039,9689700
2025-08-25 00:00:00+00:00,99.42970924518121,101.18996375284257,99.35014774754401,100.72254943847656,5438500
2025-08-26 00:00:00+00:00,100.74244621260857,103.41763525009384,100.54354246337031,103.05961608886719,11781100
2025-08-27 00:00:00+00:00,102.60214017260425,103.20878327854068,101.80654800511823,103.0993881225586,7214700
2025-08-28 00:00:00+00:00,103.42758121871537,104.322629112127,102.39330449603997,103.51708221435547,7375200
2025-08-29 00:00:00+00:00,101.34908512457088,102.1247907456022,98.26614163343342,99.59877014160156,12178800
2025-09-02 00:00:00+00:00,95.24287413612308,96.73461806649658,93.59201479862544,96.49594116210938,14695200
2025-09-03 00:00:00+00:00,96.495942768274,97.32137624446307,95.90919378784702,97.20203399658203,11023300
2025-09-04 00:00:00+00:00,97.12247576032168,100.55348366953845,96.6252277973974,99.86727905273438,8822400
2025-09-05 00:00:00+00:00,101.14024179635565,102.44303673680236,100.12585919845145,102.38336181640625,8142000
2025-09-08 00:00:00+00:00,104.43202425893858,105.78453938933686,103.90494260718378,104.49169158935547,7972700
2025-09-09 00:00:00+00:00,104.3325815765763,105.23756901345953,103.88505381309122,104.98894500732422,7264300
2025-09-10 00:00:00+00:00,106.11271775805272,107.18677523466611,104.03422480715292,106.76908874511719,12279400
2025-09-11 00:00:00+00:00,107.75363120104359,115.26207841712892,107.69396387393036,114.94384002685547,20296100
2025-09-12 00:00:00+00:00,115.28197689016842,116.85328242373654,115.24219613885502,116.31625366210938,11060500
2025-09-15 00:00:00+00:00,117.15162815488813,118.67320577310657,116.38586200999775,118.55386352539062,9785700
2025-09-16 00:00:00+00:00,119.31962964188834,120.30417852625386,118.01683476368932,119.80693054199219,9897200
2025-09-17 00:00:00+00:00,120.15499986955786,122.60145898576813,118.85221260851223,121.22905731201172,10996100
2025-09-18 00:00:00+00:00,125.85347038701681,127.9916306924954,124.35177931982112,125.6247329711914,13763900
2025-09-19 00:00:00+00:00,125.66451259683953,127.09658923551873,124.31199745750965,126.22142791748047,24271900
2025-09-22 00:00:00+00:00,129.08558203618887,131.9000074979472,128.4491052120502,131.4723663330078,13403700
2025-09-23 00:00:00+00:00,129.0358482964237,132.83483007352675,128.64799548657112,131.20384216308594,12051100
2025-09-24 00:00:00+00:00,129.53976774107625,129.76894922666742,126.57031433550083,127.86572265625,12435900
2025-09-25 00:00:00+00:00,125.99237220490419,128.60309186328675,124.57739359352314,127.6763916015625,9621700
2025-09-26 00:00:00+00:00,127.48706793568905,128.3041570568186,125.9226263698486,127.87568664550781,8789000
2025-09-29 00:00:00+00:00,132.60886057327465,132.88786807683334,130.56611511847333,130.6259002685547,11015500
2025-09-30 00:00:00+00:00,130.88498899981192,133.73486437880746,130.3468922417029,133.4259490966797,10328800
2025-10-01 00:00:00+00:00,131.94124271758804,142.5834258373258,131.47290540603112,142.28448486328125,15549100
2025-10-02 00:00:00+00:00,146.44968629923665,146.8283458584517,143.2012330849891,146.46961975097656,16417100
2025-10-03 00:00:00+00:00,145.30376705309365,147.38636426725688,144.08808494999658,145.29379272460938,8970300
2025-10-06 00:00:00+00:00,149.36930830276782,153.15585833946386,148.59207092528644,148.62196350097656,11217100
2025-10-07 00:00:00+00:00,148.70168653274908,148.8312311677768,139.00613727277886,139.85313415527344,16549800
2025-10-08 00:00:00+00:00,137.4217566832659,142.3741624575444,137.12281574143321,142.0353546142578,13695700
2025-10-09 00:00:00+00:00,141.24816878298495,142.35423970757157,140.08231270649134,140.50082397460938,8102500
2025-10-10 00:00:00+00:00,140.10224129655026,141.29798990749964,130.55615545095188,130.9049072265625,18749000
2025-10-13 00:00:00+00:00,137.601135835079,138.40826587376347,136.09648694844316,137.32212829589844,10048100
2025-10-14 00:00:00+00:00,133.6252560630423,140.42110352473057,133.56545570715227,137.82034301757812,10509700
2025-10-15 00:00:00+00:00,143.49020341047324,144.70588551686015,140.60047622925327,144.26744079589844,9722700
2025-10-16 00:00:00+00:00,147.05754449387996,147.05754449387996,139.87306238268252,141.86598205566406,11650300
2025-10-17 00:00:00+00:00,141.75634743941197,142.14496610323107,139.32499861217596,141.00900268554688,6389800
2025-10-20 00:00:00+00:00,142.98200880067284,145.961413592916,142.92220844626004,143.54002380371094,8919400
2025-10-21 00:00:00+00:00,143.47027484154165,144.92511281018147,141.9656260477264,144.52651977539062,8855600
2025-10-22 00:00:00+00:00,144.38699529867586,145.2339920719113,136.37546650844305,140.7499237060547,16927800
2025-10-23 00:00:00+00:00,137.51145003904674,147.93442605819197,136.88367551029873,147.01766967773438,13336600
2025-10-24 00:00:00+00:00,149.37928258682373,152.6676027546826,147.47604084301594,151.14300537109375,10966400
2025-10-27 00:00:00+00:00,155.58723944923437,157.68977032847147,155.18866159350347,156.34454345703125,13313100
2025-10-28 00:00:00+00:00,154.96942442725484,155.57726548235695,153.73380886473458,155.06906127929688,7939700
2025-10-29 00:00:00+00:00,157.68975033783113,162.51261172271575,157.53031313384272,160.10118103027344,12783300
2025-10-30 00:00:00+00:00,161.79515773331482,164.6350739797027,159.73249404664543,160.43997192382812,10440600
2025-10-31 00:00:00+00:00,161.97453380123122,163.4791825351306,156.04560138833295,156.90255737304688,9652100
2025-11-03 00:00:00+00:00,159.42359951745195,161.66563393584312,158.437098899643,160.66917419433594,7302400
2025-11-04 00:00:00+00:00,155.07902223985815,160.51968348592746,154.61068498180134,155.22848510742188,11211100
2025-11-05 00:00:00+00:00,157.01216839208493,166.32905783003457,156.44417904249505,164.46568298339844,11130200
2025-11-06 00:00:00+00:00,162.81156290445972,164.62512700300022,159.6228946482689,161.61581420898438,9640100
2025-11-07 00:00:00+00:00,159.26416985433195,159.38374016345102,152.65763658964838,158.78587341308594,11609300
2025-11-10 00:00:00+00:00,163.97740102881878,166.55822792759315,163.12044510355855,165.78099060058594,10030600
2025-11-11 00:00:00+00:00,163.58879468463684,164.03719852940603,157.15167323981743,158.616455078125,9144600
2025-11-12 00:00:00+00:00,160.73891482370632,161.58591166668253,157.91893199463462,160.84852600097656,8950000
2025-11-13 00:00:00+00:00,158.3274947809322,159.74246585240462,151.19283906440677,152.7772216796875,13693700
2025-11-14 00:00:00+00:00,146.98777783973742,152.40852151868856,144.8553545018175,147.73512268066406,15076100
2025-11-17 00:00:00+00:00,146.7884644387686,153.2654519797703,145.42331962257532,146.9379425048828,10487800
2025-11-18 00:00:00+00:00,144.73578892165511,146.91803836122335,141.99552441539313,142.73291015625,12706700
2025-11-19 00:00:00+00:00,146.2504116639189,149.867550462005,144.99486256288372,148.27322387695312,9818300
2025-11-20 00:00:00+00:00,152.91671671844276,153.82348351630336,137.8103835760772,139.09580993652344,13695500
2025-11-21 00:00:00+00:00,139.30507266018463,143.89875260274346,135.02029279975525,142.1449737548828,14654600
2025-11-24 00:00:00+00:00,145.0845492274059,152.01990074221757,143.9186779112181,149.84762573242188,23096000
2025-11-25 00:00:00+00:00,149.02057154913396,152.2590660168811,144.9849061714488,151.3921356201172,9691500
2025-11-26 00:00:00+00:00,152.42845856991508,156.41429781561118,151.96012124216418,154.5907745361328,8398100
2025-11-28 00:00:00+00:00,155.64699702242908,155.64699702242908,153.28539247598158,155.4477081298828,4919200
2025-12-01 00:00:00+00:00,154.3018047540117,156.23492397699303,152.70746300613436,154.24200439453125,7416700
2025-12-02 00:00:00+00:00,155.29826213902675,158.88550820901474,155.10893234886322,157.62997436523438,10711900
2025-12-03 00:00:00+00:00,156.59193558070126,159.7958438381238,152.85903544981085,159.44650268554688,9964300
2025-12-04 00:00:00+00:00,156.75164763243626,158.2188562213528,154.62568922200592,156.79156494140625,8834700
2025-12-05 00:00:00+00:00,158.70792244867275,160.74405557946264,157.58007947142136,158.3985137939453,7834100
2025-12-08 00:00:00+00:00,161.67226601067506,164.30724992751126,160.5444231417833,162.4308319091797,10170500
2025-12-09 00:00:00+00:00,160.4446104384438,166.04395328439892,160.4446104384438,165.4949951171875,8127000
2025-12-10 00:00:00+00:00,164.77636225363224,169.36762937396378,162.23120363757457,167.94033813476562,9259600
2025-12-11 00:00:00+00:00,165.34528711398698,168.82864715606894,160.01543556166496,168.38949584960938,10000000
2025-12-12 00:00:00+00:00,166.5230430720837,167.48122601904947,158.7877660873314,160.21505737304688,11414800
2025-12-15 00:00:00+00:00,163.0895699264274,166.5529789097054,161.851935400166,163.9878692626953,10258800
2025-12-16 00:00:00+00:00,164.18747880139526,165.87427053405602,160.48452045071986,162.9498291015625,8078600
2025-12-17 00:00:00+00:00,163.5486966344733,164.207446410562,153.30819423718555,154.68556213378906,12277800
2025-12-18 00:00:00+00:00,162.87997439746877,167.9702762896735,161.69223272034753,164.38710021972656,14006400
2025-12-19 00:00:00+00:00,165.7644908007607,173.2502426510671,165.7644908007607,171.94273376464844,38469400
2025-12-22 00:00:00+00:00,175.34624801505723,175.6257301019021,171.16422067937197,174.9270477294922,11436100
2025-12-23 00:00:00+00:00,174.9270408753814,176.9531831244569,174.44795702919336,174.82723999023438,6483000
2025-12-24 00:00:00+00:00,174.92704346852994,177.222677078155,174.86715989059383,176.9931182861328,2598900
2025-12-26 00:00:00+00:00,178.09102144240447,179.45842914996234,177.46222863712586,177.73171997070312,5238900
2025-12-29 00:00:00+00:00,176.16469671214602,178.8895061703181,174.41802124899442,175.535888671875,6663300
2025-12-30 00:00:00+00:00,176.20461081676422,177.0230603292023,173.26021813553663,173.44985961914062,5670800
2025-12-31 00:00:00+00:00,174.1585220588123,174.57772234575245,170.43559707634108,170.85479736328125,4935800
2026-01-02 00:00:00+00:00,177.51214058100598,185.42706847732728,177.16279939169328,184.70843505859375,11957400
2026-01-05 00:00:00+00:00,189.7588148344955,197.98316638494003,189.7588148344955,194.38999938964844,16268200
2026-01-06 00:00:00+00:00,197.41422626054026,210.05017808948526,196.77544275984067,206.5668182373047,18787600
2026-01-07 00:00:00+00:00,202.19514848829596,204.98983220683004,199.42043103891027,202.69419860839844,15121000
2026-01-08 00:00:00+00:00,202.48459170363856,202.83393288109167,194.66946496257458,200.57823181152344,13928600
2026-01-09 00:00:00+00:00,204.27119024122587,219.17281889168626,202.33487341973688,217.94515991210938,16758600
2026-01-12 00:00:00+00:00,215.70940983834623,222.15714381615078,214.7711932158056,219.9812774658203,10749100
2026-01-13 00:00:00+00:00,219.00315101056714,220.15097541489496,212.98460783184063,213.9727325439453,12737000
2026-01-14 00:00:00+00:00,210.72890718563866,210.9085579173755,206.21748986559078,208.39334106445312,18187200
2026-01-15 00:00:00+00:00,227.71655719826956,229.133872901051,216.79735367574352,217.05685424804688,15249800
2026-01-16 00:00:00+00:00,221.47842374615655,225.2612319552696,218.58393931743475,222.5364227294922,14392700
2026-01-20 00:00:00+00:00,217.79546964663186,225.72037310760797,217.196603384383,221.98748779296875,11601700
2026-01-21 00:00:00+00:00,222.6262640373292,232.45754237205549,220.2408050465689,227.95611572265625,12454800
2026-01-22 00:00:00+00:00,235.11248585001968,235.65146849857084,219.34249929696475,220.2807159423828,11958600
2026-01-23 00:00:00+00:00,217.45609613132845,222.93567197489915,213.46369513982225,217.52597045898438,10156800
2026-01-26 00:00:00+00:00,218.56398493790732,224.92189378361547,215.5197761787913,222.44659423828125,10625600
2026-01-27 00:00:00+00:00,230.1918618647855,239.04500606774565,228.32540407074765,238.00698852539062,12005900
2026-01-28 00:00:00+00:00,240.81165455096414,243.52648848282115,236.68949559410305,239.12486267089844,15630600
2026-01-29 00:00:00+00:00,245.14339795397703,250.90244054200275,236.37010363859716,247.6985321044922,16801600
2026-01-30 00:00:00+00:00,243.79596543759945,251.3915090694055,231.55926166181973,233.01649475097656,18352900
2026-02-02 00:00:00+00:00,232.88672159911184,242.48844065392683,231.5592465049342,237.04879760742188,13299300
2026-02-03 00:00:00+00:00,244.42476822712274,246.15147738548586,226.44898830929566,229.66287231445312,13500400
2026-02-04 00:00:00+00:00,229.43328342171145,230.67093312720064,204.7203284564022,209.38145446777344,19608000
2026-02-05 00:00:00+00:00,207.73460283008455,215.43993771600597,204.18136849788465,212.90475463867188,10928900
2026-02-06 00:00:00+00:00,220.25078340131327,232.00840329135494,218.3444082421632,230.57113647460938,13848800
2026-02-09 00:00:00+00:00,228.57493005807154,230.88055440125174,222.9656115931541,228.84442138671875,9976700
2026-02-10 00:00:00+00:00,228.84441486814092,228.87435665604875,219.83157119267761,226.1794891357422,7909500
2026-02-11 00:00:00+00:00,235.10251560954066,239.88340907900576,229.60297351593718,234.67332458496094,9555800
2026-02-12 00:00:00+00:00,235.88103500840077,238.45613549296726,229.20374186804133,230.85060119628906,10662100
2026-02-13 00:00:00+00:00,235.7312938168108,242.31876111390892,232.94660100846122,235.08253479003906,9905400
2026-02-17 00:00:00+00:00,231.01028760100078,237.69755587642607,228.44517801363722,235.1324462890625,7368500
2026-02-18 00:00:00+00:00,235.93093728985508,244.80404772720283,233.6552699833673,239.63388061523438,10095400
2026-02-19 00:00:00+00:00,233.6253408545534,237.46801781119692,230.98036596329837,236.93902587890625,6384200
2026-02-20 00:00:00+00:00,237.09870313007278,245.2930971595432,236.51980319241977,244.45469665527344,8601200
2026-02-23 00:00:00+00:00,244.88388858293393,248.9261821830293,236.91903807283418,241.8097381591797,9488000
2026-02-24 00:00:00+00:00,242.98749699777025,247.28930653548753,238.52598776872495,243.78598022460938,9087100
2026-02-25 00:00:00+00:00,249.41526723216327,256.19236112988557,247.91811687895972,249.00604248046875,9835400
2026-02-26 00:00:00+00:00,245.56259854487396,248.02790733312858,230.2617201804091,238.61582946777344,10700300
2026-02-27 00:00:00+00:00,233.01648766122423,239.64387261519136,232.23795546618322,233.44566345214844,12988900
2026-03-02 00:00:00+00:00,228.8444084369021,233.3857673095001,226.7983000185008,230.56114196777344,10294000
2026-03-03 00:00:00+00:00,223.34489019072936,223.694216129375,215.38003948047887,216.85723876953125,12442300
2026-03-04 00:00:00+00:00,221.5539405677425,224.96152861143844,218.84584148226827,222.83303833007812,8614400
2026-03-05 00:00:00+00:00,218.25625489022804,222.2534391076301,207.98349267134853,214.52886962890625,10241000
2026-03-06 00:00:00+00:00,205.30536890834506,211.0913015340687,198.31029660994795,199.18968200683594,13597800
2026-03-09 00:00:00+00:00,194.8627326811836,211.3511177542068,193.94338213112016,211.00135803222656,13421000
2026-03-10 00:00:00+00:00,210.85147305841423,220.66456789138078,210.73156240808817,215.0784912109375,10699700
2026-03-11 00:00:00+00:00,214.29904030091296,221.46399133112968,213.84936011663245,218.71592712402344,7160500
2026-03-12 00:00:00+00:00,213.51959491619135,215.01853905958507,207.8535878839289,209.34254455566406,9932900
2026-03-13 00:00:00+00:00,212.19052950572015,217.8465490723598,211.08131022850318,212.05062866210938,8906500
2026-03-16 00:00:00+00:00,217.796568229454,221.30410707831456,215.79797615531717,219.24554443359375,9533100
2026-03-17 00:00:00+00:00,220.3747564229923,226.55041393358832,218.39615451581292,226.31057739257812,10043700
2026-03-18 00:00:00+00:00,226.5803885798893,232.15646228777752,222.82302572763703,224.55181884765625,12478800
2026-03-19 00:00:00+00:00,218.01641612736165,234.9744712168138,214.84864949710035,233.82528686523438,10101900
2026-03-20 00:00:00+00:00,234.1550605046559,236.673275601632,221.893693557722,228.19924926757812,26176400
2026-03-23 00:00:00+00:00,230.22782447272576,239.35140261050896,226.9101693986534,233.14576721191406,9506200
2026-03-24 00:00:00+00:00,229.9979922388223,241.20009289340607,229.9979922388223,238.671875,7388000
2026-03-25 00:00:00+00:00,235.98375607504957,236.933099520854,227.1999505059275,233.28565979003906,8330600
2026-03-26 00:00:00+00:00,225.58109404334473,226.73027839259368,211.23120226820566,211.4710235595703,13460500
2026-03-27 00:00:00+00:00,209.52240405055184,216.84724603438218,208.85287751698561,211.2611846923828,8503300
2026-03-30 00:00:00+00:00,214.40896760689535,216.13774558101278,198.46021047678923,199.7892608642578,11921000
2026-03-31 00:00:00+00:00,205.85498637307174,213.6894637483213,202.867085693214,213.5095977783203,11725000
2026-04-01 00:00:00+00:00,215.29833423994805,225.34126274678692,214.84865406012943,221.8537139892578,10697600
2026-04-02 00:00:00+00:00,208.69299109223857,221.8537187246487,208.65302595791076,218.28623962402344,6805400
2026-04-06 00:00:00+00:00,219.97505169789187,221.4040377779587,216.377579698765,220.4946746826172,4031200
2026-04-07 00:00:00+00:00,218.08637808721974,224.3319784754942,216.3475974498269,224.19207763671875,6818400
2026-04-08 00:00:00+00:00,242.57912495065452,249.0145941861495,241.32001737120697,246.31649780273438,11023000
2026-04-09 00:00:00+00:00,248.15518482554538,258.81767163011693,247.1758789861279,258.5778503417969,9757800
2026-04-10 00:00:00+00:00,263.00472539654294,268.04118594237434,259.1474268507304,263.4743957519531,9124700
2026-04-13 00:00:00+00:00,262.93478019500407,267.3516822953659,260.6663890676439,267.1318359375,8773600
2026-04-14 00:00:00+00:00,271.6686000950726,273.30746019837267,264.7135083671392,272.2182312011719,8500600
2026-04-15 00:00:00+00:00,266.812059323059,267.8013527056182,255.30016395472288,264.9733581542969,11324200
2026-04-16 00:00:00+00:00,263.29455188467574,266.06259115015934,258.99756028393494,260.77630615234375,7829400
2026-04-17 00:00:00+00:00,267.7813557418337,268.5708081366657,262.23527502838937,267.41162109375,8465400
2026-04-20 00:00:00+00:00,266.91199098608354,267.4615916355962,262.35520326821194,262.9747619628906,5989900
2026-04-21 00:00:00+00:00,263.62428319360447,265.4130316259327,256.5292752824892,258.1881103515625,7830300
2026-04-22 00:00:00+00:00,261.5257742556826,265.95267916356346,257.21881049673567,265.3630676269531,9803300
2026-04-23 00:00:00+00:00,264.86341249091515,272.62796251147745,253.10170866628886,258.37799072265625,12269100
2026-04-24 00:00:00+00:00,267.31169002856535,275.6458153217003,266.69213136469676,267.59149169921875,12313200
2026-04-27 00:00:00+00:00,267.5715265071932,268.6407501292371,256.1295742625579,259.287353515625,8095400
2026-04-28 00:00:00+00:00,251.80261841171685,253.52140886487925,242.86890914303618,251.0531463623047,11499500
2026-04-29 00:00:00+00:00,252.99177680707083,253.78122921817044,241.42992954457077,248.57489013671875,9585300
2026-04-30 00:00:00+00:00,252.21233138953463,258.39796117825296,248.48496136381792,257.678466796875,10381100
2026-05-01 00:00:00+00:00,254.9603865776881,260.2566585466921,249.94391627514796,256.5392761230469,8094500
2026-05-04 00:00:00+00:00,256.50931893659987,262.8948051722649,254.7705382293172,258.38800048828125,6497400
2026-05-05 00:00:00+00:00,266.45231009344053,279.8028905171325,266.45231009344053,275.6058349609375,11884000
2026-05-06 00:00:00+00:00,286.79796135973845,297.6603043548593,285.6487770214532,296.9608154296875,14788600
2026-05-07 00:00:00+00:00,296.82090977015935,297.7902281756757,282.94070324772605,286.31829833984375,9704500
2026-05-08 00:00:00+00:00,295.51182485822835,297.21064031713314,287.31758516812687,293.8429870605469,8996700
2026-05-11 00:00:00+00:00,292.30409719396056,299.78881484586174,292.30409719396056,295.8415832519531,9150000
2026-05-12 00:00:00+00:00,287.0178099302049,290.1456114158869,277.5744501504254,289.036376953125,9341800
2026-05-13 00:00:00+00:00,295.062131401029,298.76954167476975,286.97783007918355,295.2320251464844,8633100
2026-05-14 00:00:00+00:00,296.12140028266674,301.7874225953724,292.80376040335386,298.9394226074219,6404900
2026-05-15 00:00:00+00:00,289.23627118773504,289.23627118773504,276.2854020215059,284.51959228515625,9643200
2026-05-18 00:00:00+00:00,292.53390667670527,294.3526327493121,272.8877432948228,277.7643127441406,8562200
2026-05-19 00:00:00+00:00,267.76139076285955,278.5338010411477,263.52435474239036,273.18756103515625,8308600
2026-05-20 00:00:00+00:00,279.3831952205458,293.42332397451565,277.32464765738655,291.8843994140625,8574200
2026-05-21 00:00:00+00:00,292.4639818707948,302.96656238549514,291.5945687099004,302.0272216796875,9162400
2026-05-22 00:00:00+00:00,305.51480819886183,309.7618166317475,302.9665848414723,305.13507080078125,7854700
2026-05-26 00:00:00+00:00,314.54841472460635,323.7519535376791,309.4320236971279,322.4528503417969,9763600
2026-05-27 00:00:00+00:00,331.43652698608355,333.0953315558053,314.05875442308076,318.7054748535156,8819300
2026-05-28 00:00:00+00:00,317.22655291867636,322.4129020155952,308.5226621012783,317.7761535644531,8402800
2026-05-29 00:00:00+00:00,321.77334257166757,324.0217587852895,316.5869933992253,317.9560241699219,10872200
2026-06-01 00:00:00+00:00,309.0522789282016,320.60413884607385,306.8238682504293,316.8967590332031,8052800
2026-06-02 00:00:00+00:00,324.1916334233794,335.3137726875448,320.63411147874655,334.1745910644531,8632400
2026-06-03 00:00:00+00:00,334.814140358735,345.94631335975305,331.8962128746419,343.4680480957031,8630900
2026-06-04 00:00:00+00:00,329.51787191489296,342.12898316460326,324.4814112927382,336.1731872558594,8277000
2026-06-05 00:00:00+00:00,320.1444632420419,323.1923344215862,302.5268694093298,303.0664978027344,13309000
2026-06-08 00:00:00+00:00,318.32574750534235,330.4472135845508,314.77825869311215,324.22161865234375,11465100
2026-06-09 00:00:00+00:00,335.2638438902207,348.84427432448365,305.79461145426944,326.9297180175781,14466800
2026-06-10 00:00:00+00:00,323.06242765831234,347.91491547434873,318.7254864727257,321.5734558105469,14088500
2026-06-11 00:00:00+00:00,336.4030442999973,364.55319756906727,335.9633515886508,362.2648010253906,14984000
2026-06-12 00:00:00+00:00,359.13702858198286,373.5568635267832,354.6401962751647,366.5517883300781,9253300
2026-06-15 00:00:00+00:00,385.718279577729,392.7933128178844,382.1208381293472,388.646240234375,13459800
2026-06-16 00:00:00+00:00,384.86891373222517,392.7233664225497,368.5104109950532,369.08001708984375,12054900
2026-06-17 00:00:00+00:00,382.0,397.6300048828125,373.239990234375,374.17999267578125,10900800
2026-06-18 00:00:00+00:00,397.2200012207031,401.0,386.8999938964844,389.0400085449219,22686600
2026-06-22 00:00:00+00:00,398.3900146484375,409.75,392.0799865722656,409.5400085449219,14638600
2026-06-23 00:00:00+00:00,369.7099914550781,377.1000061035156,365.260009765625,371.3299865722656,16065200
2026-06-24 00:00:00+00:00,366.8699951171875,376.9800109863281,361.4100036621094,374.79998779296875,12016700
2026-06-25 00:00:00+00:00,407.989990234375,407.989990234375,372.29998779296875,401.82000732421875,16824000
2026-06-26 00:00:00+00:00,385.5,389.8800048828125,374.30999755859375,379.0899963378906,19733700
2026-06-29 00:00:00+00:00,383.010009765625,414.9800109863281,379.1000061035156,410.9100036621094,14049600
2026-06-30 00:00:00+00:00,416.2900085449219,438.5,414.010009765625,433.3299865722656,16885100
2026-07-01 00:00:00+00:00,404.9700012207031,415.489990234375,381.0,391.260009765625,18699300
2026-07-02 00:00:00+00:00,391.05999755859375,392.5,342.4800109863281,351.4100036621094,18954700
2026-07-06 00:00:00+00:00,365.3399963378906,366.0799865722656,348.2699890136719,350.20001220703125,13581700
2026-07-07 00:00:00+00:00,322.4100036621094,330.75,313.1000061035156,326.1300048828125,15530600
2026-07-08 00:00:00+00:00,325.4700012207031,337.5,322.7200012207031,333.1499938964844,8029400
2026-07-09 00:00:00+00:00,365.1300048828125,369.95001220703125,350.05999755859375,353.1700134277344,12119700
2026-07-10 00:00:00+00:00,341.3599853515625,354.7300109863281,338.1300048828125,350.3299865722656,6890900
2026-07-13 00:00:00+00:00,335.0,337.9800109863281,326.8999938964844,329.9200134277344,9770500
2026-07-14 00:00:00+00:00,354.6600036621094,354.6600036621094,338.8800048828125,346.1000061035156,10699100
2026-07-15 00:00:00+00:00,357.25,357.25,319.7900085449219,335.42999267578125,10257300
2026-07-16 00:00:00+00:00,324.989990234375,336.67999267578125,315.1600036621094,320.9599914550781,10641300
2026-07-17 00:00:00+00:00,303.8299865722656,322.07000732421875,298.6499938964844,313.29998779296875,12805700
2026-07-20 00:00:00+00:00,321.1499938964844,324.45001220703125,305.260009765625,306.760009765625,8074400
2026-07-21 00:00:00+00:00,328.1300048828125,328.1400146484375,313.2900085449219,322.0,11936500
2026-07-22 00:00:00+00:00,310.54998779296875,322.25,310.54998779296875,319.2900085449219,6337200
2026-07-23 00:00:00+00:00,314.93499755859375,325.8800048828125,314.3500061035156,317.8269958496094,3149856
