date,open,high,low,close,volume
2018-01-02 00:00:00+00:00,144.6621435766421,145.99447916474497,143.81516492957257,144.56698608398438,3168900
2018-01-03 00:00:00+00:00,144.92858745707727,146.53689842582116,144.8048812818567,146.3846435546875,3732400
2018-01-04 00:00:00+00:00,147.06981253630752,149.79156594572657,146.8604602936203,148.27842712402344,3247200
2018-01-05 00:00:00+00:00,148.6495937270043,151.35231018066406,148.64008233513687,151.35231018066406,2747700
2018-01-08 00:00:00+00:00,151.15211645895852,152.96311466425982,150.67553645292475,151.80979919433594,3143100
2018-01-09 00:00:00+00:00,152.17200567439303,152.61046572418323,151.11399737101334,152.02903747558594,2573900
2018-01-10 00:00:00+00:00,151.7717119925798,152.47705585739786,150.18947693247938,152.37220764160156,2416900
2018-01-11 00:00:00+00:00,152.60101476382107,153.58276899826234,151.9719252900792,153.38259887695312,2804000
2018-01-12 00:00:00+00:00,153.9353463692439,154.9075736818097,152.74389631994632,154.72647094726562,3041000
2018-01-16 00:00:00+00:00,155.97511112782814,156.261062053709,153.7542464499847,154.68833923339844,4673400
2018-01-17 00:00:00+00:00,155.47945684587293,156.7948223194324,155.25070775069221,156.62326049804688,3136000
2018-01-18 00:00:00+00:00,157.1093945703194,158.20552296217255,156.42311807564036,157.72894287109375,4150600
2018-01-19 00:00:00+00:00,158.51054281457598,159.1300911216547,157.4239407776222,159.01571655273438,2947800
2018-01-22 00:00:00+00:00,158.77744231099908,160.44547281279995,158.5010176831633,160.39781188964844,2275900
2018-01-23 00:00:00+00:00,160.60752449309865,161.03644375652075,158.84417196738488,159.35888671875,3035300
2018-01-24 00:00:00+00:00,160.0737176189238,160.22622673321553,158.17692368810324,159.18727111816406,3912400
2018-01-25 00:00:00+00:00,160.14038756550673,161.0172929172801,159.30161675393452,160.69322204589844,2088900
2018-01-26 00:00:00+00:00,161.09354743472906,162.38031910115305,160.8838510958442,162.3612518310547,2191600
2018-01-29 00:00:00+00:00,162.1515898870629,162.80927267633706,160.40730517674803,160.65513610839844,3082800
2018-01-30 00:00:00+00:00,159.5685831664805,160.13094430172447,158.5105745598669,159.35888671875,4227100
2018-01-31 00:00:00+00:00,159.6638317265928,161.72266088631665,159.19679261911,161.08404541015625,5815300
2018-02-01 00:00:00+00:00,164.42966103314745,168.4424718786143,162.99039436555094,164.82998657226562,6848400
2018-02-02 00:00:00+00:00,163.84823522560586,168.8142063477151,162.4375621790161,162.5614776611328,6556500
2018-02-05 00:00:00+00:00,159.53041462932129,163.90543090783052,156.32779584362527,156.88063049316406,7196000
2018-02-06 00:00:00+00:00,152.9822070331408,161.42720670720036,149.4555173187609,161.3509521484375,7259900
2018-02-07 00:00:00+00:00,161.0840938085018,164.52500313966522,159.60669240617742,160.8267364501953,4364800
2018-02-08 00:00:00+00:00,160.86488463160532,161.312871182717,152.94412404198061,153.09661865234375,6557700
2018-02-09 00:00:00+00:00,154.09736741313344,158.69160535453526,151.14258029376956,157.46202087402344,6303000
2018-02-12 00:00:00+00:00,158.987119660912,160.91250728144846,157.82426308708926,160.31201171875,5227400
2018-02-13 00:00:00+00:00,159.4923457499086,162.77122014637962,159.1873274134579,162.1516571044922,3471000
2018-02-14 00:00:00+00:00,161.42717419187693,164.57260502294693,161.08403601859536,164.4391632080078,4203700
2018-02-15 00:00:00+00:00,165.80219414190495,166.5170642067974,163.33351300838623,166.50753784179688,3915000
2018-02-16 00:00:00+00:00,166.18346518112088,168.39478899602747,165.98329516563476,167.4225616455078,4213100
2018-02-20 00:00:00+00:00,166.68865601040727,168.1660426459785,165.88799041014312,167.1366424560547,3750100
2018-02-21 00:00:00+00:00,167.13660873953606,168.08976872198207,164.21040061227455,164.24853515625,5999500
2018-02-22 00:00:00+00:00,165.22074608961972,165.68779971185916,162.79972615963516,164.84901428222656,5605800
2018-02-23 00:00:00+00:00,165.75458690352173,167.5465331005566,164.410641799819,167.5274658203125,3093800
2018-02-26 00:00:00+00:00,168.23279502213626,169.79597735162722,167.81340215791906,169.5386199951172,4088100
2018-02-27 00:00:00+00:00,169.3956641285794,170.77774377265314,167.6894989013672,167.6894989013672,3815900
2018-02-28 00:00:00+00:00,168.03263966623004,170.58711708822057,167.51793945222715,167.5274658203125,4145700
2018-03-01 00:00:00+00:00,168.0898083047518,169.04296851165358,164.08652380050805,165.36376953125,4658500
2018-03-02 00:00:00+00:00,163.5241721329865,167.11759039111772,161.34144153358164,166.82211303710938,4190100
2018-03-05 00:00:00+00:00,165.97379491237476,170.87303789534815,164.81093827239417,170.16769409179688,4826500
2018-03-06 00:00:00+00:00,170.78723177364398,171.65461101635194,168.66168867317856,169.2145233154297,3820900
2018-03-07 00:00:00+00:00,167.52742742976022,171.29242176317982,167.3272719373219,170.8158416748047,2766100
2018-03-08 00:00:00+00:00,170.94931049780814,171.46401067509484,169.24314536747096,170.85398864746094,2235300
2018-03-09 00:00:00+00:00,171.80711984369486,174.74285489893376,171.5402361608613,174.65707397460938,4168900
2018-03-12 00:00:00+00:00,174.26630806829073,174.92399103507802,173.1892322215769,173.98988342285156,3589000
2018-03-13 00:00:00+00:00,174.87625877953778,175.1240751329263,171.71176073562256,172.53147888183594,3286600
2018-03-14 00:00:00+00:00,173.4656471792047,173.47517354628093,171.20664739195732,171.6832275390625,2820700
2018-03-15 00:00:00+00:00,172.11211327845785,173.6371605971835,171.58787235411836,172.47430419921875,2258200
2018-03-16 00:00:00+00:00,172.5315451214387,174.59037491316946,172.5315451214387,173.99942016601562,4605000
2018-03-19 00:00:00+00:00,173.2749893008887,173.7611103193483,170.7205269026667,172.12167358398438,3770000
2018-03-20 00:00:00+00:00,172.8174837942723,174.66661701909752,172.73170286175682,173.96127319335938,2859300
2018-03-21 00:00:00+00:00,174.39018166737108,174.9048817319329,172.2741650409306,172.28369140625,3238400
2018-03-22 00:00:00+00:00,170.80626679114602,171.81661405049013,166.90784593421748,167.29864501953125,4387300
2018-03-23 00:00:00+00:00,167.92776294724783,168.58544583537648,163.61948916380592,163.78152465820312,4324100
2018-03-26 00:00:00+00:00,167.117557364251,169.15731933895083,164.95387992594453,168.87136840820312,5470100
2018-03-27 00:00:00+00:00,170.00561397984947,170.1390557947886,162.96176233571026,164.4391632080078,5069100
2018-03-28 00:00:00+00:00,164.18186364223476,164.83000567284628,160.6551733987922,162.37086486816406,5166600
2018-03-29 00:00:00+00:00,163.67667759444655,168.38529150761923,162.81883919598,166.95555114746094,3719200
2018-04-02 00:00:00+00:00,166.4598557544315,167.5369311692973,161.12215413124653,163.562255859375,4222400
2018-04-03 00:00:00+00:00,164.28669232379153,164.79186606525124,161.85613090985925,164.39154052734375,3612600
2018-04-04 00:00:00+00:00,161.25560604457684,165.8593707105073,160.07369692180782,165.5543670654297,4628300
2018-04-05 00:00:00+00:00,166.92690582237074,169.12870296827563,166.36453040132875,167.56552124023438,3434100
2018-04-06 00:00:00+00:00,165.48469055686704,167.18373050310709,161.27527954667727,161.9816131591797,5005500
2018-04-09 00:00:00+00:00,163.4802075806192,166.1719392133151,162.40159820243866,162.59249877929688,3910700
2018-04-10 00:00:00+00:00,165.26519100201884,167.47012451871618,164.19613585811322,166.77333068847656,3149900
2018-04-11 00:00:00+00:00,165.7996797828459,167.61327169455262,164.29154044923823,164.5206298828125,2783000
2018-04-12 00:00:00+00:00,165.44651331804707,168.45323749528697,165.28424709739664,166.8496551513672,3065600
2018-04-13 00:00:00+00:00,167.9950918307298,168.0905494133647,164.84518094594716,166.34378051757812,3059600
2018-04-16 00:00:00+00:00,167.63239635679074,168.09057534638742,165.1029302393243,165.9619903564453,4668200
2018-04-17 00:00:00+00:00,167.7755805513349,171.04002934425787,166.72560525326716,170.2286834716797,4210200
2018-04-18 00:00:00+00:00,170.38141657096267,171.622292545781,169.01646319401192,171.29776000976562,3150600
2018-04-19 00:00:00+00:00,170.93500254007844,171.40272137725864,170.15229116742358,170.86817932128906,3560400
2018-04-20 00:00:00+00:00,170.4100333850997,171.3263767295158,168.47236373788627,169.02598571777344,4233000
2018-04-23 00:00:00+00:00,170.0568473832468,170.23820804510416,166.7542103065152,167.4510040283203,4355000
2018-04-24 00:00:00+00:00,168.64413880872644,169.47457890773904,163.40384724473768,165.36061096191406,5369000
2018-04-25 00:00:00+00:00,165.48471616545052,165.96197497846944,162.88842705744491,164.6256561279297,3396200
2018-04-26 00:00:00+00:00,166.5824258130404,171.46001162979027,166.29606760257926,170.05686950683594,4784400
2018-04-27 00:00:00+00:00,170.4195573309798,170.85864181341782,167.21237777356683,167.9378204345703,3781000
2018-04-30 00:00:00+00:00,169.41731224985867,171.81314587400283,169.04505101638955,170.16183471679688,4323900
2018-05-01 00:00:00+00:00,170.16184765984784,172.15678584313434,168.8637032096898,172.05178833007812,4828300
2018-05-02 00:00:00+00:00,177.7311454459564,179.68790912226245,174.79122996593006,177.36843872070312,10133100
2018-05-03 00:00:00+00:00,176.20391504789762,179.34427083517113,175.5739300784258,177.99839782714844,5785700
2018-05-04 00:00:00+00:00,177.33978562045192,180.2033378896099,176.6907207638705,179.61154174804688,3593600
2018-05-07 00:00:00+00:00,179.73565065458294,180.90016318590878,179.09612566849114,180.499267578125,4077300
2018-05-08 00:00:00+00:00,180.2988039710037,181.9883039677185,179.46837843446724,181.8642120361328,3396400
2018-05-09 00:00:00+00:00,181.84513426857652,182.96191806082115,180.4038180029853,181.95968627929688,2933900
2018-05-10 00:00:00+00:00,182.3510029344915,184.90911721378447,182.255559930613,184.26959228515625,2821200
2018-05-11 00:00:00+00:00,184.22192797220447,185.2623488367063,183.30558451264554,184.55601501464844,3301700
2018-05-14 00:00:00+00:00,184.69916651682152,185.86367922283378,182.8760342975157,183.38192749023438,2877200
2018-05-15 00:00:00+00:00,182.32240209052907,183.45828036836974,181.5015163694261,183.2673797607422,2747500
2018-05-16 00:00:00+00:00,183.92594870442335,184.13594368455347,182.73280202858354,183.6300506591797,2109300
2018-05-17 00:00:00+00:00,183.31505343016238,183.68731460076944,181.92145174045646,182.5037078857422,2378300
2018-05-18 00:00:00+00:00,182.9046861572441,183.35331066385498,181.73063340568913,181.74017333984375,4208500
2018-05-21 00:00:00+00:00,182.7900659934657,184.05957577137647,181.36782994946523,182.5037078857422,2632600
2018-05-22 00:00:00+00:00,182.48465777580083,183.87825980392864,182.16012530513476,182.90464782714844,2620200
2018-05-23 00:00:00+00:00,182.06464672820243,184.22185072130765,181.64465675888766,184.21231079101562,2529900
2018-05-24 00:00:00+00:00,184.13602103755,184.60372540949695,181.3583709137956,183.18150329589844,2912900
2018-05-25 00:00:00+00:00,183.02876543568564,183.16239732851017,181.09109570733804,182.4751434326172,2459600
2018-05-29 00:00:00+00:00,181.59692160993308,181.8260110119203,178.11293918945157,180.90966796875,4545000
2018-05-30 00:00:00+00:00,181.76877418365146,183.2005505411693,181.2628810358444,183.0382843017578,2764200
2018-05-31 00:00:00+00:00,183.16238539624092,183.68737299984508,181.1865414978546,181.47288513183594,4641400
2018-06-01 00:00:00+00:00,183.29597003407713,186.4840545654297,183.17187811481574,186.4840545654297,4194900
2018-06-04 00:00:00+00:00,187.028145084971,189.09944613283633,186.35043131015277,188.73672485351562,3917200
2018-06-05 00:00:00+00:00,189.09945570697187,190.62668947796016,188.83219198176602,190.2926025390625,2655500
2018-06-06 00:00:00+00:00,190.7698594735256,194.04384735882394,190.68395639797225,193.96749877929688,3233100
2018-06-07 00:00:00+00:00,194.1297592392268,194.72155538407623,189.28080895541834,190.4644012451172,4084100
2018-06-08 00:00:00+00:00,190.13982889710516,191.40933855806807,189.94892836446814,190.94161987304688,2296700
2018-06-11 00:00:00+00:00,191.4857766340959,191.85803791611795,189.2426544444869,189.4622039794922,2616900
2018-06-12 00:00:00+00:00,190.06353109636123,191.04668301389165,189.17583676034687,191.02760314941406,2660500
2018-06-13 00:00:00+00:00,191.50489056530142,192.44985376562352,190.14947718081967,190.3403778076172,2686100
2018-06-14 00:00:00+00:00,191.54303274087184,192.2302865339102,189.99671898892646,190.24488830566406,2846900
2018-06-15 00:00:00+00:00,189.51944148464835,190.58849636156808,188.58401846734358,190.45486450195312,4162100
2018-06-18 00:00:00+00:00,188.6508602488803,192.2875700201539,188.4313252762644,191.9821319580078,2081300
2018-06-19 00:00:00+00:00,189.43352218506197,190.83664930844992,188.29764419323354,190.60757446289062,2666200
2018-06-20 00:00:00+00:00,191.38076702787112,194.2061453585821,191.14213764254959,192.3734588623047,3898600
2018-06-21 00:00:00+00:00,193.20387834034125,194.4161050013349,190.88439338968377,191.64801025390625,2678200
2018-06-22 00:00:00+00:00,192.40212554161997,192.68846917860208,190.5312645795656,192.3162078857422,2993600
2018-06-25 00:00:00+00:00,191.2757908949154,191.32351969027079,184.89961999754524,186.11184692382812,4780600
2018-06-26 00:00:00+00:00,187.25721209119925,189.6244256735896,186.8563165404991,187.5244903564453,4271200
2018-06-27 00:00:00+00:00,188.47905609822615,189.18538981723088,184.3746274095894,184.39370727539062,3233000
2018-06-28 00:00:00+00:00,184.66097832753348,188.75585235701448,184.4223489313805,188.1354217529297,2621100
2018-06-29 00:00:00+00:00,189.18536955188702,189.29036706167875,187.2572400833396,187.581787109375,3006900
2018-07-02 00:00:00+00:00,186.83724696957492,188.96581676008645,185.89226947066507,188.67945861816406,3018300
2018-07-03 00:00:00+00:00,189.30943677766032,189.54806612651058,187.2190413513673,187.36221313476562,1567400
2018-07-05 00:00:00+00:00,188.99449495839224,189.9108383121498,188.1831491288696,189.82492065429688,3101900
2018-07-06 00:00:00+00:00,189.33746100450284,191.39225068842282,188.73535346543537,190.68502807617188,2050300
2018-07-09 00:00:00+00:00,191.90835923218043,192.6633707513143,190.42699201132913,192.0325927734375,2377300
2018-07-10 00:00:00+00:00,192.42447482431132,193.77204221835467,191.25849638759354,192.5965118408203,2265100
2018-07-11 00:00:00+00:00,191.59302798001923,195.11006761389942,191.3827685906984,194.8137969970703,2827900
2018-07-12 00:00:00+00:00,195.9223871214586,199.92685190372714,195.68345738106657,198.57928466796875,3970800
2018-07-13 00:00:00+00:00,197.92942226738634,198.34037446143915,194.43148702360014,196.7921142578125,2590800
2018-07-16 00:00:00+00:00,196.5149681979852,196.8781461438772,194.7373299844294,195.0431671142578,2955000
2018-07-17 00:00:00+00:00,194.0109667049769,197.5471242652426,192.70163627607718,197.2317352294922,2919000
2018-07-18 00:00:00+00:00,197.49930496176214,199.1527091595245,196.2855524579275,199.1335906982422,3595400
2018-07-19 00:00:00+00:00,199.133627373748,199.4681348837876,196.64875194146586,196.9354705810547,2264600
2018-07-20 00:00:00+00:00,197.05973886507968,198.16837660711943,197.05017234014247,197.5567169189453,2801000
2018-07-23 00:00:00+00:00,197.54709297984667,198.75130812256756,196.54358522195028,198.63661193847656,2717900
2018-07-24 00:00:00+00:00,199.4967754015805,201.0832577478084,199.08580867701232,200.29957580566406,3509100
2018-07-25 00:00:00+00:00,200.7009937165083,204.7914699456051,200.36648622706815,204.67678833007812,4967900
2018-07-26 00:00:00+00:00,200.84432108247344,202.42126601797509,195.50185592927346,198.1874237060547,7279900
2018-07-27 00:00:00+00:00,202.3161703223835,202.37351113273536,192.3097905887461,193.95362854003906,4913000
2018-07-30 00:00:00+00:00,193.96314700277657,194.32632484980817,187.51204445556817,189.10809326171875,5939300
2018-07-31 00:00:00+00:00,190.20721363453453,191.73635539859345,187.54074925932719,189.2323760986328,4416600
2018-08-01 00:00:00+00:00,190.4461490692245,192.44359848753143,189.56688924752643,192.29067993164062,4614200
2018-08-02 00:00:00+00:00,190.27409110454727,193.23682582057944,189.1081127646725,193.06478881835938,3615000
2018-08-03 00:00:00+00:00,193.06481006905324,193.46621034092954,189.49998191065566,192.29067993164062,2722800
2018-08-06 00:00:00+00:00,192.09951874319785,193.49487489790295,191.63121118390262,192.6156005859375,3061300
2018-08-07 00:00:00+00:00,193.5331150070819,194.1543265800311,193.01703311696738,193.64779663085938,2422200
2018-08-08 00:00:00+00:00,193.45666325913157,194.5653009425128,193.13172225703875,193.87718200683594,2697900
2018-08-09 00:00:00+00:00,194.1925632961311,195.59747151832133,193.6764668234691,194.58441162109375,2444900
2018-08-10 00:00:00+00:00,193.98225915577171,194.8806372219848,193.20812920857907,193.67642211914062,2567000
2018-08-13 00:00:00+00:00,193.67644241297788,195.29160979703417,192.9501012495403,193.35150146484375,2014000
2018-08-14 00:00:00+00:00,193.82934826184555,195.0144449507386,192.47222917041532,194.8519744873047,2076600
2018-08-15 00:00:00+00:00,193.6764405454554,194.0587368776158,190.66593166815122,191.3731689453125,2955700
2018-08-16 00:00:00+00:00,192.9979144393786,195.1865047283782,191.92751373032547,194.58441162109375,2894000
2018-08-17 00:00:00+00:00,194.83288145627057,195.54011878627625,193.06479542281386,194.211669921875,2308900
2018-08-20 00:00:00+00:00,194.46015248614134,195.90328297363789,193.39930377795983,195.6834716796875,2469300
2018-08-21 00:00:00+00:00,195.9224426144349,196.81125450054515,193.6573927005634,194.09701538085938,1979600
2018-08-22 00:00:00+00:00,193.53306021213385,196.1326165579285,193.29413050816825,195.26290893554688,1905300
2018-08-23 00:00:00+00:00,195.43498910558438,196.83989724209923,195.1387039573607,196.13265991210938,2247600
2018-08-24 00:00:00+00:00,196.87810952488036,200.22312594884676,196.46715736411647,200.12754821777344,2722600
2018-08-27 00:00:00+00:00,200.87301204455696,202.3734978716467,200.87301204455696,202.16323852539062,2550200
2018-08-28 00:00:00+00:00,202.3256819240511,203.59678977151208,201.59934083255024,203.21450805664062,2240200
2018-08-29 00:00:00+00:00,203.0903189148674,206.30153583491656,203.04253004085228,205.06866455078125,3172100
2018-08-30 00:00:00+00:00,204.76280380459127,205.74719324666427,203.40568452118112,204.33273315429688,3083000
2018-08-31 00:00:00+00:00,204.1224662256493,206.24416357703487,204.04600695550485,206.01478576660156,3020000
2018-09-04 00:00:00+00:00,206.1294453361318,207.72550873214763,205.17372643620587,207.21897888183594,3776500
2018-09-05 00:00:00+00:00,206.20594567192848,206.21551219602566,200.99727954644896,201.8096466064453,3869500
2018-09-06 00:00:00+00:00,202.07721966723062,203.8261871177392,201.1501711074018,203.34832763671875,3032800
2018-09-07 00:00:00+00:00,201.67581355666033,203.79751075700727,200.41425756375625,201.74270629882812,3298500
2018-09-10 00:00:00+00:00,203.24319459452954,204.02687654717775,202.01987551006857,202.29702758789062,3326300
2018-09-11 00:00:00+00:00,201.1979650915431,204.10334439350373,200.7965648672461,203.9982147216797,2728500
2018-09-12 00:00:00+00:00,203.61593547581194,204.963502763173,202.4786275346965,204.5525360107422,2291300
2018-09-13 00:00:00+00:00,205.2597640597536,209.0061806135831,204.8774677278645,207.6012725830078,3898000
2018-09-14 00:00:00+00:00,208.34680084543604,209.13049764667824,206.83676264896732,208.30857849121094,2638000
2018-09-17 00:00:00+00:00,210.2295074323603,210.2390593723407,206.54043154701435,206.88449096679688,2500900
2018-09-18 00:00:00+00:00,207.8306756030469,211.1756923516566,207.67775705173412,210.3059844970703,2851000
2018-09-19 00:00:00+00:00,210.86029231634188,211.60575198623712,207.54394614609112,208.52833557128906,2883000
2018-09-20 00:00:00+00:00,210.23908720858972,212.0931846282881,209.2069088125788,211.58665466308594,3108500
2018-09-21 00:00:00+00:00,212.30338289886743,213.47891299081476,211.10873434681582,212.07400512695312,7177800
2018-09-24 00:00:00+00:00,210.6500530973875,212.30344307882874,208.54747396639783,211.54843139648438,2520000
2018-09-25 00:00:00+00:00,212.0931608725046,213.16356149672066,211.42416048236956,212.2843017578125,2181300
2018-09-26 00:00:00+00:00,212.7621960797829,214.42515267863467,211.88293619698962,212.4181365966797,2963600
2018-09-27 00:00:00+00:00,212.8290745068018,213.70833427014074,212.2269668473929,212.4658966064453,2645200
2018-09-28 00:00:00+00:00,212.29386821171772,213.78478753299274,211.26168993165467,212.7526092529297,2955000
2018-10-01 00:00:00+00:00,214.8838942753727,215.37132038434345,213.21138573104426,213.8612823486328,2955500
2018-10-02 00:00:00+00:00,213.6032063219984,213.82301761883377,211.2234606526506,212.5232391357422,3060700
2018-10-03 00:00:00+00:00,213.87079953782774,214.3964479115401,212.69526923524546,213.2495880126953,2662400
2018-10-04 00:00:00+00:00,212.23654413074624,212.31298882437716,205.08775487763234,206.57867431640625,5664900
2018-10-05 00:00:00+00:00,207.10496559184207,207.81302202224325,202.70357515963204,204.0526885986328,4268300
2018-10-08 00:00:00+00:00,202.56003808662203,202.65572651566802,194.47486223238596,199.2685546875,5611000
2018-10-09 00:00:00+00:00,199.0771347292625,201.8806413676974,197.76628831129136,200.7037353515625,5659400
2018-10-10 00:00:00+00:00,200.2923034979052,200.2923034979052,187.54737956803328,188.19802856445312,8455000
2018-10-11 00:00:00+00:00,186.24612237650632,191.10679883356616,184.5812549514517,186.11216735839844,9185200
2018-10-12 00:00:00+00:00,191.91053099893816,195.99616608419177,190.9249871301288,195.40293884277344,6160300
2018-10-15 00:00:00+00:00,194.92452712942108,195.0010749352054,190.91542522647433,191.67132568359375,3969200
2018-10-16 00:00:00+00:00,193.92946256217715,199.13459769106205,193.78594452002213,198.8092803955078,4694900
2018-10-17 00:00:00+00:00,198.66576592280126,199.01978683314724,195.85269544598586,198.4265594482422,4431200
2018-10-18 00:00:00+00:00,198.03421406190947,198.2734204842097,193.52755864177266,194.82884216308594,6264500
2018-10-19 00:00:00+00:00,195.06802564870068,198.48389996549977,194.2355920689764,194.29299926757812,4832500
2018-10-22 00:00:00+00:00,194.92456019571173,197.35489139163155,193.1640041640215,195.67088317871094,4045100
2018-10-23 00:00:00+00:00,190.87713074516583,194.93406165919478,188.1119055400852,193.690185546875,5076800
2018-10-24 00:00:00+00:00,193.89116198459783,194.6853290787414,186.94461256112734,187.24122619628906,4415900
2018-10-25 00:00:00+00:00,188.49467694669684,196.24497153425241,187.26037812571707,195.38381958007812,4940700
2018-10-26 00:00:00+00:00,190.59963386381023,193.6710500974281,187.27944825986748,188.96347045898438,6523600
2018-10-29 00:00:00+00:00,191.70002053648932,193.6040941934674,179.52919737228592,182.79196166992188,6623800
2018-10-30 00:00:00+00:00,184.26547259005807,185.2701423725565,175.81670093723739,179.62486267089844,9239200
2018-10-31 00:00:00+00:00,184.90657417062997,191.32688130710142,184.90657417062997,189.1357421875,7683500
2018-11-01 00:00:00+00:00,190.30305768262878,191.3651347645722,186.59056939619572,191.08766174316406,4439000
2018-11-02 00:00:00+00:00,190.3317357079257,192.31237159458027,186.82018770888033,189.1835479736328,4261500
2018-11-05 00:00:00+00:00,189.64284534522,190.53270081253166,185.90165346222372,189.43234252929688,3110800
2018-11-06 00:00:00+00:00,189.92987281762532,192.00618252161658,189.0017508605418,190.5518035888672,2916000
2018-11-07 00:00:00+00:00,193.46057640982042,199.38332939380973,193.03000779644486,199.24937438964844,4922800
2018-11-08 00:00:00+00:00,198.40738226683425,199.84262084960938,197.10609870111804,199.84262084960938,3922200
2018-11-09 00:00:00+00:00,198.4264998359686,199.00058644243768,194.63746399327184,196.7424774169922,3229700
2018-11-12 00:00:00+00:00,195.78563616840913,196.38844092705457,190.1499343550383,190.542236328125,3507300
2018-11-13 00:00:00+00:00,191.1546102272056,193.51797054099674,189.02089330503773,189.61412048339844,2852000
2018-11-14 00:00:00+00:00,191.90098902808708,193.4988864363281,187.16470401803082,189.04965209960938,3218600
2018-11-15 00:00:00+00:00,188.5138054239104,192.465485677197,185.93994192866947,192.04449462890625,3424600
2018-11-16 00:00:00+00:00,190.40832763160265,192.23586835055985,188.92524477276302,190.44659423828125,2939500
2018-11-19 00:00:00+00:00,190.44660101220768,190.79105888457715,180.40950770344722,181.1079864501953,4488100
2018-11-20 00:00:00+00:00,174.12314903402296,180.6487077745893,169.74088526807128,178.98382568359375,7892900
2018-11-21 00:00:00+00:00,180.3998884280982,181.88297099708907,178.1992012741114,179.55789184570312,3950200
2018-11-23 00:00:00+00:00,176.89794639345607,178.18965237449748,174.39105304209784,174.7163848876953,2601000
2018-11-26 00:00:00+00:00,177.56771536748445,183.9306004399904,175.7497377753388,183.5670166015625,6917200
2018-11-27 00:00:00+00:00,182.5144915208873,184.70561582078128,181.27061526417862,184.64820861816406,3976300
2018-11-28 00:00:00+00:00,186.5810170192678,193.72850637769835,184.92571259730252,193.5467071533203,6203000
2018-11-29 00:00:00+00:00,193.3266475576605,193.3266475576605,187.8344624440988,188.1693572998047,5447700
2018-11-30 00:00:00+00:00,188.10240173017237,192.96307909430783,187.34651568693297,192.3889923095703,7944700
2018-12-03 00:00:00+00:00,197.11566873480214,200.84729794315137,197.0486985238843,200.79945373535156,6599900
2018-12-04 00:00:00+00:00,198.4360756766081,200.47411903145286,191.00153611175296,191.833984375,6628600
2018-12-06 00:00:00+00:00,186.38965394483637,194.58964280705942,185.834693272947,194.22605895996094,6558900
2018-12-07 00:00:00+00:00,194.9819563832134,197.6036642777968,186.48533878033228,188.01626586914062,4968100
2018-12-10 00:00:00+00:00,186.24610173577378,190.14038903061393,184.66734529732528,189.50888061523438,4101000
2018-12-11 00:00:00+00:00,192.39849172610232,192.70466832343854,187.59522316789153,189.20269775390625,3582400
2018-12-12 00:00:00+00:00,191.80529712759738,197.06783877615462,191.61392029673888,191.6426239013672,5160100
2018-12-13 00:00:00+00:00,192.13059661464482,193.4701467067784,186.87761845334765,190.3700408935547,5246200
2018-12-14 00:00:00+00:00,188.11190100064402,188.72426874270113,184.84912250937174,186.896728515625,3801700
2018-12-17 00:00:00+00:00,185.14575324538706,185.18401984531374,180.61997225405534,182.22743225097656,5459900
2018-12-18 00:00:00+00:00,183.76794046850642,185.9590794839445,181.8925702841155,183.33737182617188,4345200
2018-12-19 00:00:00+00:00,182.68673301099574,185.95908991632226,176.78311989934332,179.04122924804688,6100600
2018-12-20 00:00:00+00:00,177.58685036078754,180.20854335507863,172.44868658000325,174.82162475585938,6562600
2018-12-21 00:00:00+00:00,173.37679842535846,177.27108568432772,167.44448253552835,167.62628173828125,8374300
2018-12-24 00:00:00+00:00,165.67433506591036,170.2958041385891,164.4687401512981,167.1095733642578,4351900
2018-12-26 00:00:00+00:00,168.40134111690116,178.4480120358072,168.40134111690116,178.3810272216797,5261400
2018-12-27 00:00:00+00:00,176.03680122670602,180.55302003295722,172.3817343741907,180.54345703125,4695200
2018-12-28 00:00:00+00:00,181.51944601105075,181.8926075241406,176.22818540748807,178.12271118164062,4830300
2018-12-31 00:00:00+00:00,178.84986826236312,180.84006758353672,178.31404817589376,180.5051727294922,3658500
2019-01-02 00:00:00+00:00,177.8069190247414,182.58148445504622,177.3093655798997,181.54811096191406,4294000
2019-01-03 00:00:00+00:00,179.40482698395428,179.41438998539263,173.1663190456316,173.35768127441406,5070900
2019-01-04 00:00:00+00:00,176.8692125116032,182.99289032158043,176.47691052377664,181.5672149658203,4452900
2019-01-07 00:00:00+00:00,182.39967924852138,184.6864919795184,181.51940139809585,182.96420288085938,4219200
2019-01-08 00:00:00+00:00,182.01527680175326,184.49775017111196,180.67341116310413,184.2964630126953,5069700
2019-01-09 00:00:00+00:00,186.23261988954445,188.38919934487188,185.25496644139537,187.64158630371094,5471500
2019-01-10 00:00:00+00:00,185.01532920426862,189.05053504296785,183.3763371615888,188.77256774902344,3693600
2019-01-11 00:00:00+00:00,187.9291440136685,188.53297635088285,186.6256108825721,187.7661895751953,2500100
2019-01-14 00:00:00+00:00,186.30929705731867,188.8205093029974,185.945070075033,187.31568908691406,3336500
2019-01-15 00:00:00+00:00,187.1144316826275,189.15599837987438,185.08245914373776,188.36045837402344,3783000
2019-01-16 00:00:00+00:00,189.30934911231512,190.17198974883257,188.34128973297314,189.55856323242188,3546300
2019-01-17 00:00:00+00:00,189.25184903384292,192.0793617496085,188.91638985160358,191.0346221923828,2764100
2019-01-18 00:00:00+00:00,192.82692420776786,194.12087755342762,191.71509895639005,193.61288452148438,4866600
2019-01-22 00:00:00+00:00,191.49467597194513,192.65444298422,189.44352975105315,191.1783905029297,4457700
2019-01-23 00:00:00+00:00,192.70233300014695,192.71191253138414,188.43710156143345,190.11444091796875,3086100
2019-01-24 00:00:00+00:00,190.18157717798903,191.88767020462709,189.71191676887807,191.49468994140625,2792000
2019-01-25 00:00:00+00:00,193.79501047319684,195.4244230178872,191.49465044665808,194.5138702392578,4677500
2019-01-28 00:00:00+00:00,192.40520888865186,192.635234642924,189.83647583911628,191.8492889404297,3277200
2019-01-29 00:00:00+00:00,191.87805156012382,192.33811771644616,189.45309911344475,190.96749877929688,3661900
2019-01-30 00:00:00+00:00,192.09849382503077,196.3253926823991,191.60008030125593,195.5490264892578,4079500
2019-01-31 00:00:00+00:00,201.0890659300489,204.12744515560075,199.36379935672133,202.3638458251953,11316200
2019-02-01 00:00:00+00:00,203.18813324076282,205.72809880033464,202.43092602661375,204.89422607421875,6470100
2019-02-04 00:00:00+00:00,205.4501768023504,206.02525597948525,204.34791611866677,205.98692321777344,4397500
2019-02-05 00:00:00+00:00,206.0731372857692,207.70254986484133,206.025210375306,206.89743041992188,3091500
2019-02-06 00:00:00+00:00,206.31280611040432,206.93581221836402,204.80798559159615,206.36073303222656,2698000
2019-02-07 00:00:00+00:00,204.59708759001265,205.5459731532329,202.81431472472514,205.08590698242188,2742900
2019-02-08 00:00:00+00:00,203.19773066905964,207.63549710856043,203.19773066905964,207.5875701904297,3248400
2019-02-11 00:00:00+00:00,207.98048890261774,209.57155388697302,207.3574684017532,208.08592224121094,2974400
2019-02-12 00:00:00+00:00,209.48531179193805,210.37670547934056,208.6035122612721,209.82078552246094,3411400
2019-02-13 00:00:00+00:00,210.66427307002303,212.09241326601054,210.32881390837915,211.3831329345703,2996600
2019-02-14 00:00:00+00:00,210.39589429888437,211.80486076597,209.5428478673028,210.68344116210938,2875600
2019-02-15 00:00:00+00:00,212.9646348530137,213.11799513521296,211.3256279156473,212.88795471191406,2758500
2019-02-19 00:00:00+00:00,212.23616501593793,212.7441727410372,211.21059928376187,211.43104553222656,2836700
2019-02-20 00:00:00+00:00,212.03487670954752,212.61954990136982,210.29043666582746,211.929443359375,3103600
2019-02-21 00:00:00+00:00,211.06684899287202,211.85279484534314,209.54285495381197,210.20420837402344,3528800
2019-02-22 00:00:00+00:00,210.86552423900787,214.34481006902794,210.57797741727055,214.0476837158203,3295300
2019-02-25 00:00:00+00:00,215.65792251716715,216.04130852932434,213.74096320590345,214.0476837158203,3359200
2019-02-26 00:00:00+00:00,212.93583340289686,215.83043129132628,212.83040006091844,214.69943237304688,2852300
2019-02-27 00:00:00+00:00,213.7793163646785,215.2841365877873,212.53330439360224,215.2458038330078,2119500
2019-02-28 00:00:00+00:00,214.78569573206767,216.23300932648152,214.3735565132865,215.43746948242188,3240400
2019-03-01 00:00:00+00:00,217.45992704926775,218.677186006967,216.0030334883977,217.81455993652344,3001400
2019-03-04 00:00:00+00:00,217.87204744087714,219.01264077664536,214.38318145071398,216.89439392089844,2977700
2019-03-05 00:00:00+00:00,216.83689581774493,217.49824926479795,215.93592240438238,216.8273162841797,2779100
2019-03-06 00:00:00+00:00,216.47262413443008,217.10520955707364,214.65150411403494,215.14991760253906,2849300
2019-03-07 00:00:00+00:00,214.33522833461564,215.1211887179006,211.57481671157228,213.17547607421875,3879600
2019-03-08 00:00:00+00:00,209.31276791774798,212.96457264765934,206.964481330058,212.65785217285156,2691800
2019-03-11 00:00:00+00:00,213.6834699992702,216.74102263011753,213.58761617767556,216.2713623046875,2670100
2019-03-12 00:00:00+00:00,217.18192125968886,218.7250742295314,216.8272884351768,217.51739501953125,2478700
2019-03-13 00:00:00+00:00,218.88801197317193,221.72511841832096,218.34168613041678,219.0126190185547,2690400
2019-03-14 00:00:00+00:00,219.2043161148243,220.65162989889683,217.96788367121806,219.98068237304688,2838700
2019-03-15 00:00:00+00:00,219.31931323992742,223.09571065014748,219.30971908359362,221.5717315673828,3894200
2019-03-18 00:00:00+00:00,222.64523269222116,222.84651985493718,219.59727440851347,220.82412719726562,2734100
2019-03-19 00:00:00+00:00,221.92645025548637,222.46321133462212,220.76669765873686,221.41845703125,3212000
2019-03-20 00:00:00+00:00,220.1915951420521,222.30984226977245,218.38006861889943,220.34495544433594,3747400
2019-03-21 00:00:00+00:00,218.72510596372197,227.2364119888139,218.7059322710302,226.07664489746094,4441100
2019-03-22 00:00:00+00:00,225.08935540456116,226.20119529828798,221.102076587551,221.1787567138672,3709400
2019-03-25 00:00:00+00:00,220.8241673073643,222.3098139679618,219.06056793135096,220.85292053222656,3506500
2019-03-26 00:00:00+00:00,223.28741333369445,223.9295929086026,221.84009978219223,223.60369873046875,3046900
2019-03-27 00:00:00+00:00,224.2075884988496,224.47596166736952,220.11487574105962,222.86572265625,2640700
2019-03-28 00:00:00+00:00,223.72832270246602,225.55902238129136,222.72191612443058,225.10853576660156,2712100
2019-03-29 00:00:00+00:00,226.6708688231248,226.8146349275882,224.25549589146314,225.67404174804688,3453900
2019-04-01 00:00:00+00:00,228.40574340844387,229.7955362186072,227.1022102717875,229.12460327148438,3475900
2019-04-02 00:00:00+00:00,229.2971592464906,229.91058584259775,228.1853335959014,229.32591247558594,3386400
2019-04-03 00:00:00+00:00,230.30353616135994,230.92654221098604,227.94568393100596,229.00958251953125,2911700
2019-04-04 00:00:00+00:00,228.7891602771588,228.85626089352257,224.05426700197575,226.25877380371094,3096300
2019-04-05 00:00:00+00:00,227.36101957470157,228.07987948724613,226.3066858528726,226.8050994873047,2590000
2019-04-08 00:00:00+00:00,226.2483421899213,226.785838026533,223.75280906775183,226.7762451171875,2714500
2019-04-09 00:00:00+00:00,225.83562782826905,227.71687802761576,225.557286982043,226.43072509765625,2491300
2019-04-10 00:00:00+00:00,227.47692862831042,228.3887530502193,226.62269095895053,227.53451538085938,1984200
2019-04-11 00:00:00+00:00,228.43677722522884,228.43677722522884,225.5957083416958,226.55552673339844,1908200
2019-04-12 00:00:00+00:00,227.50569234040043,229.39653524609022,226.5938680373832,229.23336791992188,3452100
2019-04-15 00:00:00+00:00,229.89567005331276,230.2220047415258,227.65929178585733,229.54052734375,3437500
2019-04-16 00:00:00+00:00,230.356399406198,231.28742435878462,229.3485872296628,230.44277954101562,2564300
2019-04-17 00:00:00+00:00,230.99946609256824,231.5465695477773,229.34857746214544,231.3162078857422,2829200
2019-04-18 00:00:00+00:00,232.78473376825008,232.8999072789439,230.79791748045577,231.21063232421875,3016800
2019-04-22 00:00:00+00:00,230.16444953043498,233.3702393918235,229.46378621663038,233.2838592529297,2217700
2019-04-23 00:00:00+00:00,234.09970643751956,234.6756033469444,232.70797265968739,233.70619201660156,3108400
2019-04-24 00:00:00+00:00,233.84056570730812,236.19211790069951,233.0535075751553,235.43385314941406,3255200
2019-04-25 00:00:00+00:00,234.86752865282037,236.93114672874057,234.21485925660235,235.740966796875,3152400
2019-04-26 00:00:00+00:00,236.16329927427316,237.21909063310306,233.44701168604044,236.76797485351562,3349300
2019-04-29 00:00:00+00:00,236.9599508162288,238.236510935473,235.98093203198414,237.1999053955078,3274900
2019-04-30 00:00:00+00:00,241.00077919356295,247.0860238460812,240.4440828087744,244.0242156982422,7179600
2019-05-01 00:00:00+00:00,244.65768331391317,245.9534439010237,238.67801929566187,238.7548065185547,5146000
2019-05-02 00:00:00+00:00,237.61255902950737,238.29403630319408,234.4643569320424,237.25743103027344,4747300
2019-05-03 00:00:00+00:00,238.62043735274548,239.81061736309175,237.51665212343696,237.98695373535156,3194200
2019-05-06 00:00:00+00:00,231.78652087909856,239.07153808323528,230.4043802175447,238.6492156982422,3022000
2019-05-07 00:00:00+00:00,237.3342786489067,237.77578687185851,232.8519288791502,235.21307373046875,4257500
2019-05-08 00:00:00+00:00,234.71391870443654,237.6029806445087,233.95566882699637,235.47218322753906,3050700
2019-05-09 00:00:00+00:00,232.17045649860324,235.66419465264732,230.3180141417231,235.45303344726562,3891000
2019-05-10 00:00:00+00:00,234.0708578071684,238.72598189684734,231.63292604346842,237.48780822753906,2816200
2019-05-13 00:00:00+00:00,231.80572040376913,234.10929319109763,230.70193517873594,231.6809539794922,4136900
2019-05-14 00:00:00+00:00,232.3911959022473,237.49743615177943,232.18003471023417,236.05770874023438,3862100
2019-05-15 00:00:00+00:00,234.51238621234063,240.95275823297712,234.3972127131609,239.13870239257812,4186900
2019-05-16 00:00:00+00:00,240.3769278219261,244.89766438558308,240.27134720973524,243.2371826171875,4911900
2019-05-17 00:00:00+00:00,241.0199741712952,244.0721893388265,240.76081912921603,242.40211486816406,3129800
2019-05-20 00:00:00+00:00,240.4248516049568,244.16813649960338,239.31145904554205,243.30430603027344,2951500
2019-05-21 00:00:00+00:00,244.7536622199112,245.66548665983282,243.59227565312815,245.0991973876953,2881600
2019-05-22 00:00:00+00:00,244.51377331449774,248.4586134580811,244.27381867925288,246.57737731933594,2936000
2019-05-23 00:00:00+00:00,244.5136645687588,245.425488848028,238.3516340336713,239.69537353515625,5072500
2019-05-24 00:00:00+00:00,242.9684087363544,243.18916284898404,240.27132160271003,241.37510681152344,2710800
2019-05-28 00:00:00+00:00,242.5076546789091,247.40273304938873,242.49804712428858,243.2467041015625,6252100
2019-05-29 00:00:00+00:00,242.11417657119912,244.03381325362687,241.1735586975959,243.3715362548828,4014300
2019-05-30 00:00:00+00:00,244.05301403151523,245.77108242037949,242.63247233983347,243.97622680664062,2817400
2019-05-31 00:00:00+00:00,241.85505203953014,243.46755467200762,240.76085957828977,241.38475036621094,5041400
2019-06-03 00:00:00+00:00,241.6822801406359,242.81485884188967,230.59637450382638,232.52560424804688,5452100
2019-06-04 00:00:00+00:00,235.28027369580204,239.34989407250046,232.00728965083238,239.1675262451172,4862200
2019-06-05 00:00:00+00:00,241.36552039739328,246.64452129508118,240.09855315202867,245.9630584716797,4742400
2019-06-06 00:00:00+00:00,246.05903645200365,248.30503733446918,244.6193234655603,247.469970703125,3443500
2019-06-07 00:00:00+00:00,249.55277049792795,256.1467178625486,249.1880348390487,255.1197052001953,3691800
2019-06-10 00:00:00+00:00,258.1911055769411,259.0069569361003,254.62058056608265,255.4076385498047,4469000
2019-06-11 00:00:00+00:00,256.7225634010173,257.1256999147897,248.765662684841,253.06565856933594,3119600
2019-06-12 00:00:00+00:00,251.9043072057938,253.5935673793696,250.85807955446504,253.248046875,2295300
2019-06-13 00:00:00+00:00,254.35182629937464,254.57259503311604,249.7926897902349,250.70452880859375,4331000
2019-06-14 00:00:00+00:00,249.54313218022892,251.4531903755401,248.9960580506789,249.6487274169922,3158200
2019-06-17 00:00:00+00:00,250.5126347712465,251.1940977217319,247.68115840882987,248.78497314453125,3332200
2019-06-18 00:00:00+00:00,251.184426285116,251.71231456099187,244.82082714458818,248.41053771972656,3921300
2019-06-19 00:00:00+00:00,248.4297744734473,250.14785754801537,247.92107191175566,249.42799377441406,4326500
2019-06-20 00:00:00+00:00,252.9025281531904,256.943384504197,251.95231735809455,256.0699462890625,4667300
2019-06-21 00:00:00+00:00,255.13886950095923,257.375232918387,253.7951299395439,253.84310913085938,4285800
2019-06-24 00:00:00+00:00,255.1676575402978,256.3674302113625,254.47658731011157,254.63973999023438,2538100
2019-06-25 00:00:00+00:00,255.35007618434236,255.60921658802494,248.70812046635388,249.2936248779297,3138000
2019-06-26 00:00:00+00:00,250.39736884600993,252.09623646182766,249.5431166149765,250.80047607421875,3869400
2019-06-27 00:00:00+00:00,251.89467329170606,252.98885073237523,249.93663609785213,250.6085205078125,2186900
2019-06-28 00:00:00+00:00,252.51858566338473,254.19826763937053,250.8292961314537,253.90072631835938,4400300
2019-07-01 00:00:00+00:00,259.1413363471234,259.1413363471234,254.22707128267808,256.05072021484375,2646800
2019-07-02 00:00:00+00:00,256.15626680955796,259.72679141907577,255.72433693522186,259.697998046875,2649100
2019-07-03 00:00:00+00:00,260.11073820290704,262.1071472167969,259.8995770223807,262.1071472167969,1896800
2019-07-05 00:00:00+00:00,260.59071919837476,261.80967813188045,258.2775531299409,261.20501708984375,2561000
2019-07-08 00:00:00+00:00,259.5616061057099,261.4547444593608,258.94656269095356,260.64752197265625,2291700
2019-07-09 00:00:00+00:00,259.29261062421955,262.97316503093987,258.9850888235258,262.6752624511719,2477400
2019-07-10 00:00:00+00:00,263.4728080016449,266.2884820721275,263.453569566167,264.6355895996094,2323000
2019-07-11 00:00:00+00:00,266.7690586384627,267.7780797081802,265.308344767612,267.4609680175781,2583900
2019-07-12 00:00:00+00:00,268.3450491423522,268.82554093888376,265.4813368042348,268.63336181640625,2299700
2019-07-15 00:00:00+00:00,269.51746989407053,269.64240246255457,267.68198757864525,268.4700012207031,3349500
2019-07-16 00:00:00+00:00,268.11438531714145,269.6807930491099,264.56835400389275,265.8272399902344,2976000
2019-07-17 00:00:00+00:00,266.567210572617,267.60505978427517,264.5299010446653,264.5395202636719,2318900
2019-07-18 00:00:00+00:00,264.27040792755787,266.4326203560561,264.02054288455105,265.98095703125,3241000
2019-07-19 00:00:00+00:00,268.5276924499986,268.5757592354671,264.6741674080401,264.8471374511719,3048200
2019-07-22 00:00:00+00:00,266.1059998473911,268.46039231591044,265.29877705873633,267.7396545410156,2092400
2019-07-23 00:00:00+00:00,269.07538313251007,269.47900911104017,266.09632838245085,268.0855712890625,2275400
2019-07-24 00:00:00+00:00,267.31681040497324,269.3636807579012,265.59664161708025,269.3156433105469,2805200
2019-07-25 00:00:00+00:00,269.0754697997245,269.9403493729867,266.7210477082174,268.4508361816406,2312200
2019-07-26 00:00:00+00:00,269.6520499599085,271.27611486671515,269.1523196335698,271.064697265625,2942100
2019-07-29 00:00:00+00:00,272.0736739358289,272.2754722816313,269.488625688612,270.459228515625,3677700
2019-07-30 00:00:00+00:00,268.44111285405296,271.35289152851465,264.70290249118966,267.3071594238281,3957900
2019-07-31 00:00:00+00:00,267.797353120875,268.09525573567095,255.32377355319053,261.64703369140625,5513100
2019-08-01 00:00:00+00:00,263.24225055100624,268.41234740492473,261.04161905482755,263.4632873535156,4988100
2019-08-02 00:00:00+00:00,261.3874770679297,261.8679687537163,255.31405512113417,258.9369812011719,4438000
2019-08-05 00:00:00+00:00,249.85577342943606,252.4023744855491,243.9937667259046,246.81906127929688,6861300
2019-08-06 00:00:00+00:00,251.58537593174373,254.8046753367273,250.02858792727864,254.35301208496094,4918500
2019-08-07 00:00:00+00:00,253.12304380741756,259.4655406668744,250.09595169834841,258.8024597167969,4476000
2019-08-08 00:00:00+00:00,261.387515386933,267.2302822388096,261.0031278473301,267.1918640136719,4135500
2019-08-09 00:00:00+00:00,264.76059107658966,266.09634298043693,262.4253787278588,264.2224426269531,3410500
2019-08-12 00:00:00+00:00,262.20438534129,264.25128513450426,258.39889843563236,259.465576171875,3322600
2019-08-13 00:00:00+00:00,259.30221264389155,264.6260704256492,257.54362541893164,263.81884765625,3899800
2019-08-14 00:00:00+00:00,259.2926153712899,261.83921617732926,255.4775091093351,256.7267761230469,3750300
2019-08-15 00:00:00+00:00,258.77361730974,262.49261849804003,257.63004467988975,261.28179931640625,3364300
2019-08-16 00:00:00+00:00,264.2512604458923,265.1930055318375,263.1076877041961,263.6554260253906,2718100
2019-08-19 00:00:00+00:00,266.1923828864512,267.7011337557038,264.47221451114484,267.22064208984375,2502300
2019-08-20 00:00:00+00:00,267.53778890479714,268.65253323556607,265.0872928170754,266.2308654785156,2583600
2019-08-21 00:00:00+00:00,268.72952265745687,271.09353458291633,268.3931724636436,271.0070495605469,2492200
2019-08-22 00:00:00+00:00,271.10305255993416,271.8526478754118,265.96181407927094,269.8153381347656,2975800
2019-08-23 00:00:00+00:00,269.0753608704261,271.08381272341103,259.66732486274964,261.28179931640625,4415000
2019-08-26 00:00:00+00:00,264.15517102044936,265.6446838378906,262.3293080848109,265.6446838378906,2184400
2019-08-27 00:00:00+00:00,265.94260200168026,268.2009194113162,264.1840148519001,265.8465270996094,2169400
2019-08-28 00:00:00+00:00,264.491523067651,267.7780705103915,262.70407834679366,267.3840637207031,2306900
2019-08-29 00:00:00+00:00,270.0363413829979,270.97811569354303,267.9990612221611,270.4015197753906,2297200
2019-08-30 00:00:00+00:00,271.564399661837,271.91995896393166,267.85501639178244,270.3919982910156,2600300
2019-09-03 00:00:00+00:00,269.06577797352753,271.8045869889135,267.63392185163735,269.18109130859375,2350800
2019-09-04 00:00:00+00:00,271.73734686117723,275.0431330935999,271.1415416670013,274.93743896484375,2631000
2019-09-05 00:00:00+00:00,278.96391214112714,282.0102134536329,278.3008311711466,280.6840515136719,3808300
2019-09-06 00:00:00+00:00,280.54956205850823,281.6354782479508,278.73328892886155,280.01141357421875,2783300
2019-09-09 00:00:00+00:00,282.03899582695,282.23120422894414,269.17144393739306,272.3042297363281,4795900
2019-09-10 00:00:00+00:00,270.3631540265867,270.51691493974084,259.79233319412793,261.7046813964844,8683800
2019-09-11 00:00:00+00:00,264.19360021756336,265.23144950745683,258.696773351797,259.4175109863281,6342300
2019-09-12 00:00:00+00:00,262.72327402672397,267.89334024597423,262.53106560995303,265.6158142089844,5497900
2019-09-13 00:00:00+00:00,267.14385839251156,267.29761930892727,262.38700651314025,265.5390319824219,4631100
2019-09-16 00:00:00+00:00,262.8001971133513,265.0008578597234,262.0698401625971,263.3863830566406,2755100
2019-09-17 00:00:00+00:00,263.8379960817449,267.758825004802,263.26142946972567,265.4716796875,2929500
2019-09-18 00:00:00+00:00,265.9714339365469,266.04832905151585,259.88842034311347,264.3666076660156,2975900
2019-09-19 00:00:00+00:00,265.1929959398837,267.29755213112685,264.1263183418807,265.14495849609375,2623800
2019-09-20 00:00:00+00:00,266.9516732949417,267.7204485329971,260.34010067084154,260.5899658203125,5540800
2019-09-23 00:00:00+00:00,259.7538967370622,263.0596831939402,259.4656133418855,262.4927062988281,3092000
2019-09-24 00:00:00+00:00,264.87597760784024,266.6153559930206,258.56230680979706,260.54193115234375,4120300
2019-09-25 00:00:00+00:00,259.70581737207124,262.3389030461132,256.20782299827374,262.1082763671875,4083600
2019-09-26 00:00:00+00:00,262.56957417383126,264.69333983629616,261.99297811641765,263.2038269042969,2924600
2019-09-27 00:00:00+00:00,264.6452207659385,264.87584738701963,257.24563718615036,258.62945556640625,3175700
2019-09-30 00:00:00+00:00,260.41688687653516,261.4547653903036,258.8120609926574,260.9742736816406,3128700
2019-10-01 00:00:00+00:00,260.8973951491269,262.9731229815616,259.5039867016712,260.3688659667969,3066400
2019-10-02 00:00:00+00:00,257.69737774066726,258.4469438106282,252.27741590641605,254.1609649658203,4308900
2019-10-03 00:00:00+00:00,253.9399743349326,258.0626031326397,250.2497999868146,257.8223571777344,3948100
2019-10-04 00:00:00+00:00,258.9946934342431,263.770782988925,258.65834331663905,263.3671569824219,2671400
2019-10-07 00:00:00+00:00,260.7244591311106,262.82901556902124,259.85957975330035,261.57012939453125,2861900
2019-10-08 00:00:00+00:00,259.60727680537605,260.8195656369588,256.4995222525252,256.96136474609375,2818900
2019-10-09 00:00:00+00:00,259.7420289591913,262.8016885477415,259.29944814118977,261.93572998046875,2169600
2019-10-10 00:00:00+00:00,261.2815360544147,264.31230366096503,260.99290270617075,263.4656066894531,2194700
2019-10-11 00:00:00+00:00,265.7458591323313,269.40201762655295,264.70672062134895,265.4668273925781,3493000
2019-10-14 00:00:00+00:00,267.05439753086483,268.0165476961619,265.1300972002706,265.9190673828125,2042500
2019-10-15 00:00:00+00:00,266.71760159675836,269.36351417927773,265.5149140592495,268.0165100097656,3006600
2019-10-16 00:00:00+00:00,266.6118190501225,268.4687618386811,264.39885603274024,267.7375183105469,2689400
2019-10-17 00:00:00+00:00,268.7766619568103,269.8254021423925,265.4860953812961,266.0441589355469,2396600
2019-10-18 00:00:00+00:00,264.8222482078538,266.20774703610647,259.6843689541243,260.3867492675781,4052300
2019-10-21 00:00:00+00:00,261.637524643777,263.9755428312446,259.29950645630936,263.9178161621094,2921200
2019-10-22 00:00:00+00:00,264.495065695343,264.9280450001998,251.13081561615846,251.37135314941406,5619500
2019-10-23 00:00:00+00:00,252.737558765267,254.1904146831778,248.72540964774137,250.97683715820312,5367000
2019-10-24 00:00:00+00:00,253.5842887620108,259.1358845039682,253.5842887620108,258.5778503417969,3791900
2019-10-25 00:00:00+00:00,256.1820452422614,261.87795628447174,255.50852855813872,259.9632873535156,2760200
2019-10-28 00:00:00+00:00,262.9171293032172,265.4860534667969,261.0986516337828,265.4860534667969,3796600
2019-10-29 00:00:00+00:00,267.0927945942662,267.75668031580807,262.74385863721136,263.9080810546875,4706700
2019-10-30 00:00:00+00:00,264.24493516396495,266.96780720888705,262.6669948008352,266.659912109375,3485500
2019-10-31 00:00:00+00:00,265.91901571060913,268.5264339304044,264.6489706922082,266.3327331542969,5356000
2019-11-01 00:00:00+00:00,268.4398803137826,269.777283058804,265.6688833028676,268.48797607421875,2880000
2019-11-04 00:00:00+00:00,270.01780437738216,271.5572209688239,265.37060318856163,265.87091064453125,3726600
2019-11-05 00:00:00+00:00,266.03457874170465,266.4675581555426,258.26041662962035,258.8184509277344,4717500
2019-11-06 00:00:00+00:00,260.069161383068,261.3873316901259,258.7029246782943,259.64581298828125,3742900
2019-11-07 00:00:00+00:00,259.79979092820713,264.66826867543546,259.6458433700445,262.4649658203125,4277800
2019-11-08 00:00:00+00:00,261.4161820861168,264.54316976962303,261.4161820861168,264.4854431152344,2241300
2019-11-11 00:00:00+00:00,262.74389276201987,266.6406176374949,262.72466033370995,266.5155334472656,2132600
2019-11-12 00:00:00+00:00,267.09287990716547,268.9209592676134,265.33212873980625,266.6502990722656,2217200
2019-11-13 00:00:00+00:00,266.04412271699,269.8445978397874,264.5912667291351,267.5450744628906,3320600
2019-11-14 00:00:00+00:00,266.94857074630175,269.0460510253906,266.2269581341159,269.0460510253906,2365900
2019-11-15 00:00:00+00:00,270.01781059615774,270.2679496486588,267.6028045167928,270.1524963378906,2544200
2019-11-18 00:00:00+00:00,269.4021179543681,271.105113629508,267.86267140784304,270.22955322265625,2715900
2019-11-19 00:00:00+00:00,270.8645504249743,275.7330287474618,270.30651615287996,274.5111083984375,3013800
2019-11-20 00:00:00+00:00,274.21277792297394,276.83945826094333,272.1537626193111,274.5783996582031,2903900
2019-11-21 00:00:00+00:00,273.8278493178103,275.67516056074754,272.85606858703096,273.68353271484375,2777000
2019-11-22 00:00:00+00:00,274.04922584099046,274.55916426745637,270.5662468493747,271.8747863769531,2968100
2019-11-25 00:00:00+00:00,273.25056056595196,278.05167897708435,272.9619273526011,276.7239074707031,3760200
2019-11-26 00:00:00+00:00,277.58027473834693,279.64889136389945,276.9260197859607,278.4269714355469,5712800
2019-11-27 00:00:00+00:00,278.090256387781,280.9478435047779,277.97480306790106,280.6592102050781,2163500
2019-11-29 00:00:00+00:00,279.2448282581804,281.90997340899077,279.2448282581804,281.16912841796875,1754400
2019-12-02 00:00:00+00:00,279.5912208421134,279.7451683963725,273.14483217154185,275.6271667480469,3062300
2019-12-03 00:00:00+00:00,271.51879469856624,276.7143998393534,270.845277822217,276.22369384765625,2528300
2019-12-04 00:00:00+00:00,277.58026573188937,278.6578689979113,275.2903441103494,275.98309326171875,2743300
2019-12-05 00:00:00+00:00,277.051192749452,279.93764367153346,275.5598421555449,278.8792724609375,2580300
2019-12-06 00:00:00+00:00,281.2460657468165,281.42887659685283,278.7156065344604,279.4083557128906,2425200
2019-12-09 00:00:00+00:00,278.2442248517704,279.9472201730041,277.34943219294394,278.119140625,1903000
2019-12-10 00:00:00+00:00,278.0614099013955,279.18713856340025,276.8202279125172,277.6861572265625,2514300
2019-12-11 00:00:00+00:00,278.79268334199315,279.33148516682604,277.2051118398098,279.0716857910156,2298100
2019-12-12 00:00:00+00:00,278.927307449494,281.669441100425,277.35899809225145,281.1498718261719,2746400
2019-12-13 00:00:00+00:00,279.7835223357582,285.306252274047,278.83097415656533,284.8829040527344,3565400
2019-12-16 00:00:00+00:00,286.826590179964,288.1447606559229,285.6239023957821,285.7201232910156,4210700
2019-12-17 00:00:00+00:00,287.2017923819052,287.2017923819052,282.6508120359771,284.7964172363281,3354500
2019-12-18 00:00:00+00:00,284.0268083207027,286.0473006600015,283.5841979980469,283.5841979980469,2902700
2019-12-19 00:00:00+00:00,283.34354937642024,286.8938852914834,282.9779276716187,286.26849365234375,2536900
2019-12-20 00:00:00+00:00,289.1742034625429,289.1742034625429,285.57577145153226,287.2691650390625,5099400
2019-12-23 00:00:00+00:00,287.43267217497737,288.48141211707565,285.8547614952333,286.018310546875,3590500
2019-12-24 00:00:00+00:00,286.6821805990872,287.01893894200714,285.37367080800834,286.2203674316406,641100
2019-12-26 00:00:00+00:00,286.8265661942602,288.0388847753344,286.52830199772484,287.8753356933594,1369200
2019-12-27 00:00:00+00:00,288.6450434353414,290.1171319823619,286.8939231248355,289.3570251464844,2042600
2019-12-30 00:00:00+00:00,289.44356629669426,289.65524046732963,284.10364563916994,286.4512939453125,2717600
2019-12-31 00:00:00+00:00,284.8926467913185,287.61551861954393,284.57512081943764,287.28839111328125,2478600
2020-01-02 00:00:00+00:00,289.0875858982544,292.04139349756355,288.163930103393,291.9067077636719,3272400
2020-01-03 00:00:00+00:00,288.12542915108446,290.9734142759894,287.2979942497522,289.0587158203125,2501300
2020-01-06 00:00:00+00:00,286.1049154566304,289.9246522052353,284.8156379551161,289.8284606933594,3307200
2020-01-07 00:00:00+00:00,290.3191035641815,291.89704350577387,288.5295188310187,288.8470153808594,3182000
2020-01-08 00:00:00+00:00,289.7816233893129,295.7260229992573,289.52150684234624,293.94366455078125,3224400
2020-01-09 00:00:00+00:00,297.00737102553023,299.57010846464317,296.7568688287123,297.7973937988281,3292600
2020-01-10 00:00:00+00:00,300.18663841017826,300.54313355175606,297.45049042086936,299.7916564941406,2948000
2020-01-13 00:00:00+00:00,301.8053423489219,304.0983199587571,301.4584908222354,303.68402099609375,3236400
2020-01-14 00:00:00+00:00,304.6184375079871,304.8496815718847,298.52952992136227,299.2810363769531,4951400
2020-01-15 00:00:00+00:00,300.77445313186877,304.18501761456986,299.6665099478618,302.7591247558594,4664200
2020-01-16 00:00:00+00:00,305.8901965015783,308.61670090689216,303.4719685317266,308.5877990722656,3323300
2020-01-17 00:00:00+00:00,309.67648346175764,312.1814169323811,307.5665613316488,311.824951171875,4821000
2020-01-21 00:00:00+00:00,310.62066188431703,313.7518214006391,309.73428994604177,310.158203125,5998600
2020-01-22 00:00:00+00:00,313.0678752714085,314.8405902194651,312.2682086242481,312.4512634277344,3518500
2020-01-23 00:00:00+00:00,313.1160293343613,313.35688781846466,310.53403344117424,313.0967712402344,4188300
2020-01-24 00:00:00+00:00,314.62860812339835,315.12958315460696,309.8981442613066,311.83465576171875,3634700
2020-01-27 00:00:00+00:00,303.5779960440025,307.6822040359447,301.0730622854542,304.2234802246094,4367500
2020-01-28 00:00:00+00:00,304.25240931617697,309.76325231795477,303.9248453232685,308.5589599609375,3486200
2020-01-29 00:00:00+00:00,311.18911218353685,312.57645918441403,305.1869091255519,308.60711669921875,4389400
2020-01-30 00:00:00+00:00,307.33539313979946,312.82697775594244,306.38160305238193,312.5957336425781,3512100
2020-01-31 00:00:00+00:00,311.3240029806546,312.59571321354565,302.99992108355656,304.38726806640625,5586800
2020-02-03 00:00:00+00:00,307.14278122600416,313.57854339922926,306.78631531105935,312.65362548828125,4240100
2020-02-04 00:00:00+00:00,316.23750070124925,319.60951899696045,314.35882243463845,317.0853271484375,4158200
2020-02-05 00:00:00+00:00,322.7503055754625,322.7503055754625,312.31633102150164,316.3145751953125,3868000
2020-02-06 00:00:00+00:00,317.2780460392021,319.11820824120633,315.69800039496755,317.2587585449219,3422000
2020-02-07 00:00:00+00:00,316.00634168339064,317.78870040553676,313.9542226261183,315.04290771484375,2584200
2020-02-10 00:00:00+00:00,313.7133063818249,318.2029113769531,313.6073427775941,318.2029113769531,3848100
2020-02-11 00:00:00+00:00,322.75031592405725,323.25129090447405,317.60558307304973,318.81951904296875,3449300
2020-02-12 00:00:00+00:00,318.7231746962238,322.220444071709,317.1816747459319,321.9410400390625,2451000
2020-02-13 00:00:00+00:00,320.1587109208413,325.4768553639762,319.98529987851134,323.55963134765625,3001000
2020-02-14 00:00:00+00:00,325.12038390340524,328.56949360560145,324.7061143977881,328.4827880859375,2716300
2020-02-18 00:00:00+00:00,329.12822499891445,330.5541174989772,327.9432203321819,328.7621154785156,3597300
2020-02-19 00:00:00+00:00,331.4114986599038,334.5426577087785,330.10124313994015,331.9606628417969,3040300
2020-02-20 00:00:00+00:00,333.0975445817532,334.5523388185529,325.8043741124549,331.854736328125,4316000
2020-02-21 00:00:00+00:00,330.0242049294038,331.315231971645,323.33797264345355,327.2784423828125,4997100
2020-02-24 00:00:00+00:00,305.89981595132616,317.2972226593351,302.36400165397043,312.7980041503906,7816000
2020-02-25 00:00:00+00:00,309.5898199677849,311.41072399907443,289.76236490318837,291.8144836425781,12715700
2020-02-26 00:00:00+00:00,290.9570356869501,296.6316754295398,286.9973364995084,287.141845703125,9403300
2020-02-27 00:00:00+00:00,274.60756185198755,286.57342376184215,270.6671207505533,275.3686828613281,13814600
2020-02-28 00:00:00+00:00,264.83838660957275,279.7716136229233,263.5473591749469,279.63671875,12846000
2020-03-02 00:00:00+00:00,287.9607199101637,295.73560771841625,278.85625945671785,295.5236511230469,9688100
2020-03-03 00:00:00+00:00,303.0866278067059,303.0866278067059,280.19543189981835,281.3226623535156,8051100
2020-03-04 00:00:00+00:00,288.1727033113275,291.7277767988127,282.0452777436854,291.3038635253906,6463800
2020-03-05 00:00:00+00:00,284.8970026321183,287.78730405105495,277.7001509228994,280.09912109375,6621300
2020-03-06 00:00:00+00:00,272.3531859358658,278.28794347332,268.43200212335,276.5152282714844,7061500
2020-03-09 00:00:00+00:00,255.30993289417654,269.02921950229734,251.62960906926503,252.4292755126953,8498300
2020-03-10 00:00:00+00:00,266.31239388859666,270.5996568178726,253.24820402267,270.3106384277344,8131400
2020-03-11 00:00:00+00:00,262.96919887834525,264.01933791822927,253.68168535608052,259.8958435058594,8366800
2020-03-12 00:00:00+00:00,235.58846902323396,252.89173206537345,232.12010141747848,232.6692657470703,15031500
2020-03-13 00:00:00+00:00,249.31740720903912,260.1560378772996,236.52300702737256,260.13677978515625,9934900
2020-03-16 00:00:00+00:00,225.91564610577163,248.3058577715004,220.87687565313908,227.03321838378906,12111500
2020-03-17 00:00:00+00:00,231.68654429802802,241.34015459818863,223.47809932503625,229.18162536621094,12665200
2020-03-18 00:00:00+00:00,214.20989733954156,220.7227201413743,205.42338456645967,219.59548950195312,11352800
2020-03-19 00:00:00+00:00,215.81878233020578,229.77894222564845,203.81440641117658,218.84396362304688,9126400
2020-03-20 00:00:00+00:00,227.38970765532505,227.38970765532505,202.32114966193143,203.68922424316406,10518600
2020-03-23 00:00:00+00:00,195.8468008182189,207.7933727848419,192.6771104223522,195.86607360839844,11588700
2020-03-24 00:00:00+00:00,208.0245986805272,229.7211292973759,207.13824145792327,228.40122985839844,11654800
2020-03-25 00:00:00+00:00,238.83523808358666,256.56241449020825,231.57095354958165,247.1015167236328,12642700
2020-03-26 00:00:00+00:00,248.4695290924329,256.0902926890098,243.38260066533456,253.55645751953125,9957900
2020-03-27 00:00:00+00:00,241.0896803346136,246.70650117438768,235.75224882955104,238.59437561035156,7819300
2020-03-30 00:00:00+00:00,236.86017493084478,244.95301192228084,235.70404275992712,243.9895782470703,5765800
2020-03-31 00:00:00+00:00,243.2284873180677,244.15337547162605,232.2646067044708,232.72705078125,10373900
2020-04-01 00:00:00+00:00,222.49541295879723,228.43016893064956,218.79583054809723,220.2506103515625,6646200
2020-04-02 00:00:00+00:00,220.03863969662538,230.61713844971902,219.03667503711384,230.1450653076172,6446600
2020-04-03 00:00:00+00:00,228.3144810214638,231.10844716704932,221.88838093786126,228.36265563964844,4163000
2020-04-06 00:00:00+00:00,242.78536505766024,257.34283850843406,240.8681261285944,256.21563720703125,8636700
2020-04-07 00:00:00+00:00,271.31259361662336,272.5265296816646,249.02839326242267,249.60643005371094,8627300
2020-04-08 00:00:00+00:00,253.3020287551954,262.34335550204565,249.828298932985,261.44598388671875,5690100
2020-04-09 00:00:00+00:00,265.4794005337133,266.3188792458828,258.3293140463914,259.95037841796875,6662900
2020-04-13 00:00:00+00:00,258.79247903364177,259.2749407548476,246.77917039676674,254.10293579101562,7114400
2020-04-14 00:00:00+00:00,260.41352794855857,265.97149607122805,259.75738711383366,261.22406005859375,6354400
2020-04-15 00:00:00+00:00,251.3722714123339,253.72668749216035,246.65378059302444,248.1204833984375,10240700
2020-04-16 00:00:00+00:00,249.32661866564723,249.32661866564723,236.12645639820695,238.1045379638672,11455400
2020-04-17 00:00:00+00:00,249.1915416318951,251.55561643881506,242.68795069501613,250.85121154785156,10412100
2020-04-20 00:00:00+00:00,245.58267845403125,247.62832631745405,240.9124521760021,242.9001922607422,6042700
2020-04-21 00:00:00+00:00,237.99839215543398,240.64228803221144,235.5378488359103,236.74400329589844,5964600
2020-04-22 00:00:00+00:00,242.63963856402899,249.52919087849708,242.1957673327808,247.89846801757812,5083200
2020-04-23 00:00:00+00:00,250.29158561813964,253.2153034024156,246.3160897565738,246.88539123535156,4270600
2020-04-24 00:00:00+00:00,249.36516777012395,250.71605475216228,243.96160511840677,249.68360900878906,3824200
2020-04-27 00:00:00+00:00,251.0924216079492,256.39950143411687,250.40733409376801,255.82054138183594,4099900
2020-04-28 00:00:00+00:00,260.9153004518065,263.08637825974944,253.73626747777163,255.31875610351562,4344000
2020-04-29 00:00:00+00:00,268.6829762438225,275.00321376375143,266.569791298078,273.7391662597656,8505000
2020-04-30 00:00:00+00:00,268.66373192920605,271.7514999296928,263.81982495749133,265.3251037597656,5898900
2020-05-01 00:00:00+00:00,259.2750839109042,264.3795105376868,257.83732716382235,259.31365966796875,5067800
2020-05-04 00:00:00+00:00,256.1871858818068,260.59689328614144,253.78453582147642,259.8153076171875,3747100
2020-05-05 00:00:00+00:00,267.12941805032915,268.104000207841,263.71358061712823,264.3697509765625,3926200
2020-05-06 00:00:00+00:00,267.24520212827144,267.24520212827144,262.02496250232673,262.8837585449219,3261900
2020-05-07 00:00:00+00:00,268.06535652084307,272.5426150497878,267.51534313785106,268.70220947265625,4371400
2020-05-08 00:00:00+00:00,273.45924655309494,273.4785638644918,269.6960517208331,272.5329284667969,3215400
2020-05-11 00:00:00+00:00,269.6961500627486,272.89004486872295,267.8917476164459,271.365478515625,4056900
2020-05-12 00:00:00+00:00,270.6128895167565,272.42692151194126,262.5653991699219,262.5653991699219,4031400
2020-05-13 00:00:00+00:00,262.74865549213513,266.3864359086666,254.92314009474154,259.71881103515625,4802100
2020-05-14 00:00:00+00:00,260.7224139549997,267.8242387545579,254.70126961718248,267.5830078125,6294200
2020-05-15 00:00:00+00:00,266.3574592758278,269.3487276569024,263.7039199687193,269.1557312011719,3813300
2020-05-18 00:00:00+00:00,275.44706044714724,281.8445081119221,275.00320387205863,279.7313232421875,6037800
2020-05-19 00:00:00+00:00,279.02694822174783,287.3735308098347,277.4058543225978,280.5322265625,5211800
2020-05-20 00:00:00+00:00,285.3761477030415,290.58672912586024,285.02878935018117,288.31915283203125,4592200
2020-05-21 00:00:00+00:00,288.8691607728368,289.40951560940783,282.4813715320558,283.93841552734375,3944100
2020-05-22 00:00:00+00:00,284.71034543865136,286.3893030228302,282.7322639043517,284.56561279296875,2897000
2020-05-26 00:00:00+00:00,293.9350062029735,294.3016818624084,291.3490181640838,292.69024658203125,5246900
2020-05-27 00:00:00+00:00,293.33676424073104,294.04116904530235,281.87346755820374,289.255126953125,5147900
2020-05-28 00:00:00+00:00,290.42270389495343,299.12630381133573,288.3577533404721,291.6963806152344,4520800
2020-05-29 00:00:00+00:00,291.4068356369511,293.75159218089277,288.38662100639283,290.3357849121094,4930100
2020-06-01 00:00:00+00:00,290.2490123522088,292.42974915074376,287.4507397510099,290.8279724121094,2841800
2020-06-02 00:00:00+00:00,294.2921106223076,295.3728206045286,291.1078737498964,292.94122314453125,4131300
2020-06-03 00:00:00+00:00,294.76481704337726,297.30254090325946,291.6094986127376,296.2990417480469,3429700
2020-06-04 00:00:00+00:00,294.7262572229683,295.86485996689095,288.840217563604,290.79901123046875,4147700
2020-06-05 00:00:00+00:00,296.04819907002707,301.22983394538534,294.9288841917154,300.94036865234375,5058200
2020-06-08 00:00:00+00:00,300.14910601599144,302.5807026711713,296.27975330039186,299.52191162109375,3724300
2020-06-09 00:00:00+00:00,298.914045210716,302.47461581225434,297.38947881018794,300.5640563964844,3314800
2020-06-10 00:00:00+00:00,301.43254101937913,304.973794651801,299.40619527765847,302.1658630371094,4089000
2020-06-11 00:00:00+00:00,294.31138660987045,295.7394548370347,280.8506892411814,281.0340270996094,6505300
2020-06-12 00:00:00+00:00,288.3096199436415,289.4675109538208,280.68672703318447,287.3446960449219,4512200
2020-06-15 00:00:00+00:00,279.82776367275653,288.4348926707354,278.62160951899466,286.74627685546875,5932900
2020-06-16 00:00:00+00:00,295.1798216590002,298.2482720518512,289.5832463589744,293.79998779296875,4013100
2020-06-17 00:00:00+00:00,294.30175118409323,296.69477274551014,292.4490845805549,293.1052551269531,2566400
2020-06-18 00:00:00+00:00,291.242863919328,294.39818279327085,289.9595285467236,294.1569519042969,2776600
2020-06-19 00:00:00+00:00,298.64392429499765,298.64392429499765,286.09991455078125,286.09991455078125,4533500
2020-06-22 00:00:00+00:00,289.0911557316968,294.25350358259294,287.28675306605203,293.7613830566406,3489200
2020-06-23 00:00:00+00:00,296.26054688650373,299.5412818478692,293.7421099562561,296.1158142089844,3801500
2020-06-24 00:00:00+00:00,294.30170581225894,294.80345549661064,282.78051536665765,283.69720458984375,5086000
2020-06-25 00:00:00+00:00,283.8418929793518,287.9235298801386,280.47431947421165,287.5568542480469,3294800
2020-06-26 00:00:00+00:00,286.46651088335034,287.6533480146572,279.0269584892829,279.19097900390625,4922500
2020-06-29 00:00:00+00:00,281.1208651937693,282.86737472238326,275.1479851781415,282.65509033203125,3642200
2020-06-30 00:00:00+00:00,282.80944554719457,286.1963367003721,280.80241747868996,285.3279113769531,4283500
2020-07-01 00:00:00+00:00,285.5788055019286,292.63239528189075,284.7682731403705,290.6060791015625,3801300
2020-07-02 00:00:00+00:00,293.6552036134115,296.12543526699125,290.74114476988876,291.8122253417969,3290100
2020-07-06 00:00:00+00:00,295.89375838089046,296.5402700236232,292.535843753512,294.8516540527344,3013300
2020-07-07 00:00:00+00:00,292.55520722018565,296.9938619515144,288.8981382987255,289.3902587890625,3633100
2020-07-08 00:00:00+00:00,290.7428755256975,291.35159384345013,287.3514617476198,290.008544921875,4115000
2020-07-09 00:00:00+00:00,289.49642812645425,290.5592671995292,280.7425499648134,284.6363830566406,5042800
2020-07-10 00:00:00+00:00,284.0664370417022,286.92641740332783,281.65090611447687,285.6896667480469,3030900
2020-07-13 00:00:00+00:00,287.79596061170827,288.5302913420149,280.22086026853066,280.3754577636719,4853700
2020-07-14 00:00:00+00:00,282.13396496567884,288.9940775453548,278.8971481689525,288.8491516113281,4795900
2020-07-15 00:00:00+00:00,292.7623431135257,296.40495307113235,291.2067553778759,295.39044189453125,5257300
2020-07-16 00:00:00+00:00,292.7333096457489,293.27438611556505,288.81049049635385,289.2356262207031,3312100
2020-07-17 00:00:00+00:00,291.5352071356422,294.92659178371264,289.29358783628464,293.7864685058594,3169800
2020-07-20 00:00:00+00:00,291.7188062129436,304.34717750896124,291.7188062129436,301.4195556640625,5279400
2020-07-21 00:00:00+00:00,302.42448075224837,303.4389919761614,295.9508458872479,297.2069396972656,3562100
2020-07-22 00:00:00+00:00,297.71897874405,302.9751756270396,297.71897874405,302.78192138671875,3303100
2020-07-23 00:00:00+00:00,302.9558374966341,306.52116303808805,298.2890453293054,299.4291687011719,3118500
2020-07-24 00:00:00+00:00,296.1247909371958,300.23119369224935,294.2503364971485,296.5499267578125,2500300
2020-07-27 00:00:00+00:00,296.68514606327125,299.5258125802067,295.680277016471,298.42431640625,2311600
2020-07-28 00:00:00+00:00,298.07649100337613,299.71906368841593,295.68994547131376,295.97979736328125,2116300
2020-07-29 00:00:00+00:00,294.2116494766428,301.12973318005163,293.84448407965937,298.8494567871094,3542400
2020-07-30 00:00:00+00:00,293.72850930420714,302.2505079995853,292.80095384682267,298.5595703125,3941600
2020-07-31 00:00:00+00:00,299.5257712951182,299.6127268516357,295.28408573521466,298.1054382324219,4684400
2020-08-03 00:00:00+00:00,300.4919854623898,302.90751589215176,298.84941297556946,302.02825927734375,3907800
2020-08-04 00:00:00+00:00,301.9412705791496,305.02348942813774,300.58857958424545,303.7674255371094,3409200
2020-08-05 00:00:00+00:00,305.6805793374391,318.5408626370098,305.19747318948686,316.9176330566406,5677200
2020-08-06 00:00:00+00:00,316.33784920901866,320.02878666605517,314.8885309968639,318.98529052734375,4839800
2020-08-07 00:00:00+00:00,316.9175760211206,317.23641304734605,312.9850856077681,316.9368896484375,3662500
2020-08-10 00:00:00+00:00,316.13498395177385,318.5988133597392,310.98505621991353,311.9706115722656,3752100
2020-08-11 00:00:00+00:00,314.0189319702508,323.24624571510304,312.646897816526,317.4393310546875,5273300
2020-08-12 00:00:00+00:00,317.55528643910463,320.202698275112,315.178412823664,316.5600891113281,3125900
2020-08-13 00:00:00+00:00,314.9175680907601,318.68579016620254,314.6180446364595,315.1687927246094,2526700
2020-08-14 00:00:00+00:00,314.66632271887835,316.56976182690636,313.8353649399473,315.75811767578125,1444900
2020-08-17 00:00:00+00:00,315.95145004004723,320.0385390455998,315.6422549999544,319.07232666015625,2904100
2020-08-18 00:00:00+00:00,319.04326521550104,320.20270210904636,315.3233425233266,319.81622314453125,3021700
2020-08-19 00:00:00+00:00,318.88869856090014,323.1593401843059,318.850041814775,321.1689453125,3421000
2020-08-20 00:00:00+00:00,319.0336312998431,326.57974675802757,319.0336312998431,325.9227294921875,2966000
2020-08-21 00:00:00+00:00,326.57972914043,327.3526871189607,324.61831952061294,325.71014404296875,2680900
2020-08-24 00:00:00+00:00,327.8937281411782,332.2126974608332,327.30435290641645,332.0291442871094,2753900
2020-08-25 00:00:00+00:00,333.06296209356907,336.68625743983597,331.72958468831035,335.9132995605469,2862700
2020-08-26 00:00:00+00:00,336.24183985999923,340.38689838344646,333.8263094012349,339.1597900390625,3512000
2020-08-27 00:00:00+00:00,339.84584196538697,345.90398209818295,338.73467429964853,343.9715576171875,3811700
2020-08-28 00:00:00+00:00,345.4015452595609,354.84142776706216,344.1261380884547,353.7496032714844,3544700
2020-08-31 00:00:00+00:00,354.242388368236,354.242388368236,345.60444882514304,346.0875549316406,3948200
2020-09-01 00:00:00+00:00,345.6237244181838,347.2952819778339,341.6139500728234,344.8410949707031,4409600
2020-09-02 00:00:00+00:00,345.31465676280783,349.3824026278251,344.24214568767155,348.5128173828125,4127200
2020-09-03 00:00:00+00:00,346.358101857823,346.81222278877743,329.72959751137347,332.222412109375,6297400
2020-09-04 00:00:00+00:00,331.4108228313491,335.266000518414,315.5166185132209,323.6907958984375,6571200
2020-09-08 00:00:00+00:00,317.6519777583699,324.36713581732334,315.8548074762676,318.734130859375,4425700
2020-09-09 00:00:00+00:00,325.9903596327038,331.1789146090623,321.13995534892376,328.1643371582031,3344900
2020-09-10 00:00:00+00:00,330.92764616771905,333.46878872327744,319.95149080161,321.6326904296875,2845900
2020-09-11 00:00:00+00:00,323.4008900476468,323.4008900476468,316.25092538102166,318.9949645996094,2920400
2020-09-14 00:00:00+00:00,323.65212955877763,328.5121761619505,322.73421609550627,327.15948486328125,3416100
2020-09-15 00:00:00+00:00,331.1595228015288,332.3093175493178,327.0917781525638,327.6811828613281,2396400
2020-09-16 00:00:00+00:00,329.7488431260834,334.34802186230564,328.30919662522865,330.2995910644531,3049000
2020-09-17 00:00:00+00:00,325.74888152273695,332.10654650826314,324.6473851695518,327.96148681640625,3713000
2020-09-18 00:00:00+00:00,326.7826510995052,329.6136755254533,322.10618714347845,323.9323425292969,4006000
2020-09-21 00:00:00+00:00,318.33796426961885,320.4636431015605,309.97056230237075,316.772705078125,4466000
2020-09-22 00:00:00+00:00,318.37651221456446,324.6762035754631,314.1251560035511,323.98052978515625,3375300
2020-09-23 00:00:00+00:00,323.52652694690164,323.8453935222152,312.5406976794957,313.56488037109375,2893900
2020-09-24 00:00:00+00:00,312.27981060041697,319.6036864721312,310.32804298654753,317.1205139160156,3706300
2020-09-25 00:00:00+00:00,314.6469996998669,322.2124578024123,311.2169581553741,320.56988525390625,3077500
2020-09-28 00:00:00+00:00,325.23671775212557,329.06293980334567,324.4637596838877,326.95660400390625,3122500
2020-09-29 00:00:00+00:00,326.956559235747,329.2078206789221,324.4733868146866,324.8695373535156,2679500
2020-09-30 00:00:00+00:00,325.32353340401306,332.03868789861946,325.05299527236116,326.7438659667969,3285200
2020-10-01 00:00:00+00:00,330.67651635438347,334.9858448106284,328.7827483408742,331.7683410644531,2503600
2020-10-02 00:00:00+00:00,326.8405459148132,331.03390275524856,324.65692668999947,327.3816223144531,2184600
2020-10-05 00:00:00+00:00,330.13538349134944,331.65234375,327.5169566373971,331.65234375,2081600
2020-10-06 00:00:00+00:00,330.50259006069854,334.6572913205619,324.859913543731,326.0290222167969,2553400
2020-10-07 00:00:00+00:00,330.2320605318953,333.0050852982665,328.84071236905675,332.2804260253906,3068200
2020-10-08 00:00:00+00:00,333.7411444874941,336.33360209021976,332.99627566524845,333.8765563964844,1991800
2020-10-09 00:00:00+00:00,336.6237574246573,341.818354925816,335.6661027740607,340.88006591796875,3116500
2020-10-12 00:00:00+00:00,343.40475311007697,343.40475311007697,339.3612901443626,340.54144287109375,2942900
2020-10-13 00:00:00+00:00,339.95135755215676,340.01907825159265,333.75072160114746,334.5439453125,2523800
2020-10-14 00:00:00+00:00,334.46651919224064,335.84980430107424,330.04578111020913,331.5064697265625,2234300
2020-10-15 00:00:00+00:00,327.25018310325163,328.51739255162136,321.9491938141295,327.5113830566406,3727300
2020-10-16 00:00:00+00:00,328.89467829715505,333.7120286244041,328.14983921202577,328.31427001953125,3324600
2020-10-19 00:00:00+00:00,329.0107435954097,330.1521944753033,319.6372432000861,320.8367614746094,2937600
2020-10-20 00:00:00+00:00,322.162054801909,325.79922333867336,320.84646059183245,320.8851623535156,2677800
2020-10-21 00:00:00+00:00,321.629986396102,325.3349049821772,320.4788525867172,322.5296325683594,2725300
2020-10-22 00:00:00+00:00,322.4812371408252,324.4255945976384,318.49581211198375,322.7037353515625,2256000
2020-10-23 00:00:00+00:00,324.7253896537357,324.7253896537357,317.5864372161037,318.8439636230469,2945400
2020-10-26 00:00:00+00:00,315.74859873601986,316.55147577478203,303.9664364957535,307.67132568359375,5173300
2020-10-27 00:00:00+00:00,308.48389207160096,309.12233830040554,302.1574971868964,306.7523498535156,4314900
2020-10-28 00:00:00+00:00,291.8360397896325,292.1359120396651,279.1735960188856,281.86279296875,11518200
2020-10-29 00:00:00+00:00,283.6233085104237,285.6546932262407,278.15782914219795,283.60394287109375,9582300
2020-10-30 00:00:00+00:00,280.38271961177736,282.3173941931651,272.0152579514336,279.2122497558594,6892800
2020-11-02 00:00:00+00:00,284.6293296310328,285.20973793950964,278.7092298303132,280.4988098144531,5094900
2020-11-03 00:00:00+00:00,284.8325217315156,290.5301239166081,282.24971777108016,285.7418212890625,4097700
2020-11-04 00:00:00+00:00,295.1250095963541,302.5057998264158,292.3680916746069,297.1661071777344,4790100
2020-11-05 00:00:00+00:00,304.84670064050147,308.9191825379114,303.33762724511536,306.1912841796875,3794400
2020-11-06 00:00:00+00:00,305.6592567020592,306.1525786606379,299.96162572285294,303.39569091796875,2978500
2020-11-09 00:00:00+00:00,335.5886871165735,345.3394346347589,329.76529736471895,333.3057556152344,10933700
2020-11-10 00:00:00+00:00,328.8850344514207,334.5633002880562,322.54898626523175,323.84521484375,5330400
2020-11-11 00:00:00+00:00,326.3893178302925,326.66985394396625,320.2564022163176,321.5332946777344,2969900
2020-11-12 00:00:00+00:00,318.3120082799346,322.2103764022259,315.64214789615494,317.5671691894531,3207700
2020-11-13 00:00:00+00:00,319.51154985676453,325.13177811355115,316.64823925329097,324.0870666503906,2393700
2020-11-16 00:00:00+00:00,330.63588503181063,331.45812766011807,322.2877887358581,324.4933166503906,3312800
2020-11-17 00:00:00+00:00,322.2877522378905,326.73747980097005,319.9177642577725,325.50897216796875,3412700
2020-11-18 00:00:00+00:00,325.5380717459505,329.81371627563624,323.9226052109417,324.96734619140625,3203400
2020-11-19 00:00:00+00:00,324.5319470583959,328.0820875636343,320.5949070989656,322.97454833984375,2718700
2020-11-20 00:00:00+00:00,323.84518350437054,324.2127764055465,312.449951171875,312.449951171875,4142400
2020-11-23 00:00:00+00:00,315.55510886298157,322.31681701759163,313.77521168043154,321.1947021484375,3219000
2020-11-24 00:00:00+00:00,325.905645483855,332.8704570194795,323.20676588439323,331.2066650390625,3529700
2020-11-25 00:00:00+00:00,332.4835213201876,332.4835213201876,328.25626170936414,330.1716003417969,2535200
2020-11-27 00:00:00+00:00,331.63222422370177,331.68060879981317,326.58272247917654,327.99505615234375,1402300
2020-11-30 00:00:00+00:00,326.631200588591,327.00844688217506,319.39550508902846,325.5187683105469,4276200
2020-12-01 00:00:00+00:00,328.5755146425456,331.4388251416832,326.5924552178493,327.8113098144531,4210400
2020-12-02 00:00:00+00:00,325.77987059187967,329.12684954719185,323.09067394763827,329.1075134277344,2972100
2020-12-03 00:00:00+00:00,327.50182059231787,331.1390194715917,323.20683921979696,324.19354248046875,3080300
2020-12-04 00:00:00+00:00,325.91529115285755,333.10260009765625,324.83184859585555,333.10260009765625,4323600
2020-12-07 00:00:00+00:00,332.14496820248235,336.6237452591755,328.94308364763606,329.8233642578125,2389800
2020-12-08 00:00:00+00:00,327.2308485320771,331.63222127559294,325.7024686438855,329.65887451171875,2224600
2020-12-09 00:00:00+00:00,329.29134469059966,330.548871566493,323.758173299236,325.8476257324219,2962600
2020-12-10 00:00:00+00:00,323.7194516622575,324.58039610934657,320.37247255864975,320.6916809082031,3506800
2020-12-11 00:00:00+00:00,316.4064395631759,320.7401224677539,314.8973953283531,316.7256774902344,4179400
2020-12-14 00:00:00+00:00,318.2540619067722,327.6856032550732,316.8901123846758,320.3338317871094,3552400
2020-12-15 00:00:00+00:00,322.2780589054891,324.27077113755814,316.91900265458327,322.7520446777344,3104600
2020-12-16 00:00:00+00:00,323.05204129780975,323.09074306579714,318.4958896838734,321.2528076171875,3393300
2020-12-17 00:00:00+00:00,323.6130634722039,327.27925097920985,322.5102846614163,325.8959655761719,2725500
2020-12-18 00:00:00+00:00,325.5186915719855,330.4424349969444,323.42923941461805,329.2138977050781,8443700
2020-12-21 00:00:00+00:00,322.32652386046055,325.17049850522295,316.55151773741824,323.4486389160156,3642500
2020-12-22 00:00:00+00:00,323.2454537851735,324.2708290188453,320.7690725203668,321.3881530761719,2403100
2020-12-23 00:00:00+00:00,323.21644880037456,324.2611601987484,318.2830221773549,318.47650146484375,2760600
2020-12-24 00:00:00+00:00,319.85012924511517,325.38330076634884,319.5599398118045,325.025390625,1308900
2020-12-28 00:00:00+00:00,326.8246038384813,334.302132660502,325.8669492472846,333.2187194824219,3449100
2020-12-29 00:00:00+00:00,336.4205406597923,337.35885895369944,333.49919285275274,335.3371276855469,2822700
2020-12-30 00:00:00+00:00,337.29122486045526,346.1327035824092,335.8692375864726,343.93682861328125,4200600
2020-12-31 00:00:00+00:00,343.4337543177444,347.6706963395634,341.7118951352618,345.2813720703125,2881700
2021-01-04 00:00:00+00:00,346.3068061607151,346.43256475220136,336.01432155064913,340.0094299316406,4638400
2021-01-05 00:00:00+00:00,337.4072579314172,341.47008663453636,334.1570185855565,336.0723571777344,2990700
2021-01-06 00:00:00+00:00,338.9743726362956,342.46644635606464,333.305760323174,336.1980895996094,3966800
2021-01-07 00:00:00+00:00,337.9802360331998,341.29270656126596,337.42814775911825,338.8616027832031,3100200
2021-01-08 00:00:00+00:00,340.314544011796,343.8207696053951,338.5033345339347,342.7262878417969,3371500
2021-01-11 00:00:00+00:00,341.0408101626335,342.30965528211334,336.85663916120757,337.2537536621094,2403000
2021-01-12 00:00:00+00:00,336.1689990843915,337.06009049015097,325.4663844711354,332.1398010253906,4858100
2021-01-13 00:00:00+00:00,338.6195144580734,338.7648226482718,333.4086669889412,335.442626953125,4125700
2021-01-14 00:00:00+00:00,337.7284175620435,338.59042372816805,316.42002003317117,316.6524658203125,8712200
2021-01-15 00:00:00+00:00,317.24325893732697,319.32566430040345,311.7611866392232,313.0978088378906,7911500
2021-01-19 00:00:00+00:00,316.71064464408994,318.78338521443163,314.45390415859254,315.69366455078125,4625200
2021-01-20 00:00:00+00:00,319.61633677787387,327.3067351821624,318.7833861554813,324.3816833496094,5081000
2021-01-21 00:00:00+00:00,323.89733587778795,326.2702988079431,321.32095332299775,323.9263916015625,3484900
2021-01-22 00:00:00+00:00,320.0036563667049,324.61399776950265,318.57017198131314,318.64764404296875,3846600
2021-01-25 00:00:00+00:00,317.21425102835474,319.5775484051645,307.25741912669565,318.8414306640625,6257700
2021-01-26 00:00:00+00:00,319.6259692380589,320.14900182765734,315.5773807216814,317.3982849121094,3503100
2021-01-27 00:00:00+00:00,310.2890129214254,312.8460349492009,303.2766220920287,305.5721130371094,7449400
2021-01-28 00:00:00+00:00,316.8074461064919,318.6574060227892,311.8581005838677,314.0857849121094,6906400
2021-01-29 00:00:00+00:00,313.62081480949456,315.4417187175283,302.55983741475893,306.346923828125,7627200
2021-02-01 00:00:00+00:00,310.82173354708624,313.34967023415606,307.5964003608498,311.4512939453125,4930700
2021-02-02 00:00:00+00:00,313.28194343076257,325.5923798931567,313.28194343076257,323.858642578125,5686000
2021-02-03 00:00:00+00:00,323.3452545100234,325.4373553413463,320.66234409652947,322.3573303222656,4036800
2021-02-04 00:00:00+00:00,324.8271602096823,332.45944588159523,324.5269078672068,330.1155090332031,4537500
2021-02-05 00:00:00+00:00,331.75239578561644,333.50549354834476,326.7836893142479,328.1009216308594,2964800
2021-02-08 00:00:00+00:00,329.3115711359832,330.75472120968703,324.9820913566611,326.4349365234375,2652800
2021-02-09 00:00:00+00:00,325.38889787037,325.6503993569116,319.62593360779385,322.9577941894531,2993300
2021-02-10 00:00:00+00:00,324.4687867561688,324.92401280349856,321.8052370141406,323.70361328125,4246300
2021-02-11 00:00:00+00:00,334.6386964177826,338.6001176706487,329.5537379338655,332.09136962890625,5110800
2021-02-12 00:00:00+00:00,330.59979486162024,332.3335319519196,326.1153703001205,330.2801818847656,3025100
2021-02-16 00:00:00+00:00,332.4110432290867,333.18588229485823,327.44230717368896,330.48358154296875,2916900
2021-02-17 00:00:00+00:00,328.38175916010374,329.6796306313591,325.2823443081852,326.7254943847656,2267000
2021-02-18 00:00:00+00:00,323.9748088898248,329.2631870977529,322.37668496118846,327.82000732421875,2393700
2021-02-19 00:00:00+00:00,327.8006696679273,328.3430629234386,320.59455406388844,322.69635009765625,4095800
2021-02-22 00:00:00+00:00,319.6260347027483,333.3021500037447,318.4346906597154,329.950927734375,4940300
2021-02-23 00:00:00+00:00,329.94125691878816,343.14278641657216,327.7716834367464,339.4041442871094,6326600
2021-02-24 00:00:00+00:00,341.7770404734555,357.19658633714323,339.549355966744,355.7727966308594,7467400
2021-02-25 00:00:00+00:00,353.0995243611392,355.7727692097258,341.1377586429801,343.423583984375,5207500
2021-02-26 00:00:00+00:00,345.85472982784097,348.0921392773271,336.20784318249684,342.7262878417969,4868500
2021-03-01 00:00:00+00:00,349.3415173301403,354.9301483022036,347.88867190861384,351.4917297363281,4382900
2021-03-02 00:00:00+00:00,350.62001637495723,355.08508029609857,348.04363370212235,351.41424560546875,3559200
2021-03-03 00:00:00+00:00,348.68290791984737,353.94220135366646,344.27595521248026,348.925048828125,3692300
2021-03-04 00:00:00+00:00,348.77981267905443,350.26171403589296,333.8445466316341,338.5130310058594,4572000
2021-03-05 00:00:00+00:00,343.7625568124761,350.41658306465996,335.5297673884979,349.5351867675781,4643200
2021-03-08 00:00:00+00:00,351.0074419293325,370.4368253364467,350.4166323226208,359.6567077636719,7213300
2021-03-09 00:00:00+00:00,363.2113267779274,375.1440366609761,361.0030030934461,364.68353271484375,5832800
2021-03-10 00:00:00+00:00,364.7611244875822,371.92849052883753,361.27428897723024,369.7008056640625,4509500
2021-03-11 00:00:00+00:00,373.38126476535336,377.25551913386545,370.5724362598251,372.2964782714844,3729700
2021-03-12 00:00:00+00:00,369.15839352437627,371.8606650439189,367.318098794369,370.67901611328125,2467500
2021-03-15 00:00:00+00:00,371.2601118572245,375.66706442231737,366.7369363892251,369.75885009765625,4216200
2021-03-16 00:00:00+00:00,370.6693224634648,373.1682036868842,366.7853727496299,370.359375,3445100
2021-03-17 00:00:00+00:00,369.84587110530583,372.9937015672134,364.05385241444253,366.7755126953125,3240900
2021-03-18 00:00:00+00:00,363.2403626761777,363.6762280678072,353.5644229175523,355.4627990722656,7205200
2021-03-19 00:00:00+00:00,353.3320455772523,354.76553057389356,339.13292695720327,345.30267333984375,12224300
2021-03-22 00:00:00+00:00,344.7504599810278,350.280948735098,342.87144461480966,347.13311767578125,4140400
2021-03-23 00:00:00+00:00,348.00484156872636,348.00484156872636,342.3968803815604,344.1015319824219,3756300
2021-03-24 00:00:00+00:00,345.8546566726748,353.5159978391162,344.80862105262355,348.3438720703125,3550000
2021-03-25 00:00:00+00:00,346.75547827680975,348.16957291516104,343.016807255471,347.0944519042969,2961800
2021-03-26 00:00:00+00:00,348.6150817082265,355.08507931849937,346.02903350628594,354.6298828125,2741200
2021-03-29 00:00:00+00:00,352.7896109624411,353.864731973685,347.33659293702874,351.5014343261719,4054900
2021-03-30 00:00:00+00:00,349.43836465509264,353.1092288727526,345.87405780072527,346.9394836425781,2885800
2021-03-31 00:00:00+00:00,348.28577906156823,350.1357390722553,344.5955541347585,344.8570556640625,4372600
2021-04-01 00:00:00+00:00,345.81587226987256,351.9759210860754,344.07244047717137,351.8790588378906,3701800
2021-04-05 00:00:00+00:00,355.2691278895838,358.8721857778336,352.88646963454937,356.7413635253906,2180300
2021-04-06 00:00:00+00:00,353.428851865397,359.0949548392371,351.10430513613875,357.9520568847656,2661900
2021-04-07 00:00:00+00:00,357.5355646791657,362.2040185473923,357.39995159359944,359.41455078125,2958300
2021-04-08 00:00:00+00:00,361.7031281205101,367.82201781320754,361.4606997504562,366.299560546875,3528400
2021-04-09 00:00:00+00:00,364.689750468512,368.8304450360173,363.09943610771177,368.568603515625,2429300
2021-04-12 00:00:00+00:00,366.6292020551642,369.4025975619579,364.7867526504941,368.3359069824219,2896600
2021-04-13 00:00:00+00:00,367.5795913314179,368.588101642149,365.3880293850138,366.6777648925781,2652800
2021-04-14 00:00:00+00:00,365.5819402442084,369.4123198904545,364.22434744578186,366.8619689941406,2317400
2021-04-15 00:00:00+00:00,369.62557238918686,375.637776130395,369.4316179229267,374.784423828125,2942200
2021-04-16 00:00:00+00:00,377.2184576299435,377.31543487447243,372.04989898218423,374.47418212890625,2725500
2021-04-19 00:00:00+00:00,373.242667990048,375.99665039338714,369.7711071670039,370.5856628417969,3360900
2021-04-20 00:00:00+00:00,368.6753216972135,369.7613959166219,362.24611743795185,365.22314453125,3135900
2021-04-21 00:00:00+00:00,367.1237455216662,372.466875141002,365.26191260444074,371.4971618652344,2466300
2021-04-22 00:00:00+00:00,371.4778405302272,377.7034143213548,370.4208563494337,371.7493591308594,3713700
2021-04-23 00:00:00+00:00,372.7093045394637,378.07181778625863,371.8462455167464,375.33721923828125,2294800
2021-04-26 00:00:00+00:00,376.08394591068316,381.03919691826485,375.3760740476753,375.73486328125,2255000
2021-04-27 00:00:00+00:00,376.4621451449353,378.6052035172877,374.445154252128,377.2864074707031,2270000
2021-04-28 00:00:00+00:00,378.86705051531595,389.3399437655861,378.86705051531595,383.6671142578125,4065300
2021-04-29 00:00:00+00:00,379.6428320295919,380.5058912420584,372.1857329103839,377.1700744628906,4637100
2021-04-30 00:00:00+00:00,371.26443681668206,373.33963757839666,364.23401507007594,370.4886779785156,4043200
2021-05-03 00:00:00+00:00,373.7954078859683,375.15300066340114,365.43648350637875,367.90924072265625,3344100
2021-05-04 00:00:00+00:00,365.64983446062905,366.7552923348695,360.32608783495004,364.52496337890625,3321200
2021-05-05 00:00:00+00:00,366.4837502855992,368.1419813806567,356.8835942744284,357.9599914550781,2993900
2021-05-06 00:00:00+00:00,359.89947922713964,364.350460599294,354.6242354690365,364.1080322265625,3787300
2021-05-07 00:00:00+00:00,365.8341084448527,367.17231775112634,362.24615681479446,364.0304260253906,2935900
2021-05-10 00:00:00+00:00,364.40852178665716,364.6121532669862,354.34289430994414,355.2447204589844,3193700
2021-05-11 00:00:00+00:00,350.0761139022208,357.75622460374825,348.38879308984656,356.4761962890625,3073100
2021-05-12 00:00:00+00:00,353.70289549453673,354.31381955547295,344.8688223025958,345.8191223144531,3293200
2021-05-13 00:00:00+00:00,348.4470758585776,351.85077909730273,347.0798061131893,349.1161804199219,2626000
2021-05-14 00:00:00+00:00,352.03504471339335,353.66415607808904,350.5416778324371,352.8883972167969,2959700
2021-05-17 00:00:00+00:00,351.3271007091262,353.03380550904507,347.2155259747401,352.29681396484375,2511600
2021-05-18 00:00:00+00:00,355.8848191127267,358.63880162768857,351.88960462491855,352.0738525390625,3421200
2021-05-19 00:00:00+00:00,346.5077023242951,350.2120148939577,344.6070722031311,350.04718017578125,3577900
2021-05-20 00:00:00+00:00,351.94775377229354,358.2218001193839,351.51137094215807,356.5635986328125,4087500
2021-05-21 00:00:00+00:00,357.96007246878804,361.24738600022994,356.3309312210777,356.4667053222656,2708700
2021-05-24 00:00:00+00:00,358.87153950887705,362.4206942767284,358.44489281796217,361.1018981933594,2351500
2021-05-25 00:00:00+00:00,361.8291851016934,362.43040270704097,355.7102955866657,356.0981750488281,3916300
2021-05-26 00:00:00+00:00,357.82418895737425,358.7066315653486,351.08467003806584,351.66650390625,3101900
2021-05-27 00:00:00+00:00,353.5090122442507,355.30298797377685,349.62048158847125,351.0362548828125,5416300
2021-05-28 00:00:00+00:00,352.4908476038013,354.34300388931246,349.5041431265902,349.6592712402344,3624300
2021-06-01 00:00:00+00:00,353.44111572255656,354.33323539005596,348.65072963296586,348.8931579589844,3119700
2021-06-02 00:00:00+00:00,352.5199241731928,359.9285490283437,351.88961635851143,355.7393798828125,3531000
2021-06-03 00:00:00+00:00,352.35509289519194,355.5842555117063,350.77448470487826,350.86175537109375,2605900
2021-06-04 00:00:00+00:00,353.2763075501317,355.5260498752993,352.6847965454824,354.93450927734375,2295200
2021-06-07 00:00:00+00:00,356.6605266645105,360.10302650771604,352.27743336478625,353.0531921386719,2133400
2021-06-08 00:00:00+00:00,353.9454053191454,356.5442302338899,352.22902318529736,354.1975402832031,3224200
2021-06-09 00:00:00+00:00,355.8266698516739,358.134592689324,352.32598876953125,352.32598876953125,2520900
2021-06-10 00:00:00+00:00,353.644681815604,354.5659211213908,350.99735433157673,353.2664794921875,2460200
2021-06-11 00:00:00+00:00,354.46906415825885,355.7393864151651,352.7817426253411,354.4302673339844,2708300
2021-06-14 00:00:00+00:00,354.91507125611577,355.5259953759931,351.1331952679487,355.4193115234375,2515300
2021-06-15 00:00:00+00:00,356.214541427496,357.58184096720464,351.75385356049804,356.9709167480469,3562500
2021-06-16 00:00:00+00:00,358.1927517681845,358.1927517681845,350.3574506758493,352.8011474609375,3081000
2021-06-17 00:00:00+00:00,352.49082403773747,357.9696988778474,350.28958525373247,356.1660461425781,3824900
2021-06-18 00:00:00+00:00,351.1525853495253,359.1624269029388,351.0362244851768,356.2920837402344,5009400
2021-06-21 00:00:00+00:00,357.4557546034265,365.04862722152205,355.1090647094008,361.7903747558594,3094600
2021-06-22 00:00:00+00:00,362.66312735107164,367.28867949391025,360.75279065158435,366.5904846191406,3582700
2021-06-23 00:00:00+00:00,366.5516250931049,367.2498198484429,362.953997058871,363.77825927734375,2241800
2021-06-24 00:00:00+00:00,367.52136727219187,368.54926107704557,361.6061097958521,363.40008544921875,2788200
2021-06-25 00:00:00+00:00,364.0788726917582,368.1516508222831,362.0230556240057,368.11285400390625,3983900
2021-06-28 00:00:00+00:00,369.3832140434849,369.3832140434849,354.06172570009824,356.544189453125,4800300
2021-06-29 00:00:00+00:00,357.83397328695685,360.141896056315,356.767282562467,356.85455322265625,3394300
2021-06-30 00:00:00+00:00,356.806049459647,358.95881434366873,353.2374817358236,354.03265380859375,2884900
2021-07-01 00:00:00+00:00,354.9635843198883,359.96730910089286,354.52723103838804,359.4824523925781,3108500
2021-07-02 00:00:00+00:00,361.4023836483231,364.11756853639696,360.8787302794461,363.6715087890625,2786500
2021-07-06 00:00:00+00:00,365.2425235465597,366.78436420577015,360.2485057648462,364.72857666015625,2740500
2021-07-07 00:00:00+00:00,365.3783488194212,366.6971449416736,361.1697958858002,362.59527587890625,3176600
2021-07-08 00:00:00+00:00,356.7894578952393,359.7893983531829,354.99336898428356,359.40106201171875,2809000
2021-07-09 00:00:00+00:00,361.01275456320985,362.5952543427898,359.10988538880105,362.07098388671875,2404800
2021-07-12 00:00:00+00:00,364.07082522437605,365.10964775644123,361.23591402890537,364.614501953125,2648300
2021-07-13 00:00:00+00:00,364.604852374498,375.37166834014374,364.604852374498,372.52703857421875,5161000
2021-07-14 00:00:00+00:00,371.8183910541767,380.21628838812944,371.8183910541767,379.41046142578125,4140500
2021-07-15 00:00:00+00:00,378.7697127111736,381.8375911014681,376.15810812392834,378.8570861816406,3773000
2021-07-16 00:00:00+00:00,381.6919980344299,381.9929609985972,374.09989764891947,375.8377380371094,2706500
2021-07-19 00:00:00+00:00,366.9834835148299,367.56600290635987,352.7798587642122,354.79925537109375,6814400
2021-07-20 00:00:00+00:00,356.3040305959923,365.62425094593436,354.6244396221392,363.4786682128906,3542200
2021-07-21 00:00:00+00:00,365.07088152093127,369.7989442186039,364.119432232735,368.9834289550781,2393100
2021-07-22 00:00:00+00:00,369.2164705315309,371.7018591549664,366.06118899657406,371.02227783203125,4180300
2021-07-23 00:00:00+00:00,373.8668321654421,383.00258820500216,373.8668321654421,381.7987365722656,3720300
2021-07-26 00:00:00+00:00,380.25503931973424,381.4394843786976,376.95410646060964,381.3520812988281,2285800
2021-07-27 00:00:00+00:00,378.6337536293727,383.7598709549206,374.6435506011064,378.8958740234375,2783800
2021-07-28 00:00:00+00:00,380.2064846794991,380.3132942075785,371.18722740064055,372.264892578125,3372600
2021-07-29 00:00:00+00:00,376.2066054023201,383.23559159385604,376.2066054023201,377.4784240722656,3774000
2021-07-30 00:00:00+00:00,377.6628631583076,377.6628631583076,371.9153844409457,374.6920471191406,2533300
2021-08-02 00:00:00+00:00,377.954095310761,378.61429967473634,362.90583263156395,364.32330322265625,3430300
2021-08-03 00:00:00+00:00,365.68261036420427,365.69232840484386,349.09068552165905,356.88665771484375,6328500
2021-08-04 00:00:00+00:00,356.57590208076243,358.49820715026345,352.838101481927,357.2846374511719,3203200
2021-08-05 00:00:00+00:00,357.4691367662437,361.1195346247385,356.3040978918962,361.1001281738281,2562400
2021-08-06 00:00:00+00:00,360.59524642257287,364.55632474425346,360.1874739816725,363.6145935058594,2038500
2021-08-09 00:00:00+00:00,363.2845136839368,363.5854765947098,358.1389900853982,359.8768005371094,2400800
2021-08-10 00:00:00+00:00,361.43985683050016,361.88644213187985,353.4982351269426,357.1195373535156,3225000
2021-08-11 00:00:00+00:00,357.8088979010195,359.1778081522367,353.1488018515651,353.62451171875,3267700
2021-08-12 00:00:00+00:00,352.0032213321305,352.63427172457,347.4207804219165,351.430419921875,3802900
2021-08-13 00:00:00+00:00,351.7021771755036,352.9060287002364,350.1196777258328,352.1778869628906,2304600
2021-08-16 00:00:00+00:00,349.9935388958103,353.20706943469713,346.2266134038031,352.96435546875,2937300
2021-08-17 00:00:00+00:00,351.4498489832361,353.83814629093575,349.304265659641,352.6440124511719,2812800
2021-08-18 00:00:00+00:00,350.65366726132385,355.0225180688834,350.0808659330459,350.4303894042969,2774500
2021-08-19 00:00:00+00:00,346.4984604232077,349.6440536467722,344.3820016986072,346.8965148925781,2727900
2021-08-20 00:00:00+00:00,346.94499687515645,347.8770397281794,343.032449384663,344.6440734863281,4135900
2021-08-23 00:00:00+00:00,347.05193064734954,351.68290357013586,346.3529130714406,350.48876953125,3537900
2021-08-24 00:00:00+00:00,352.4497451675555,355.4302792906907,350.9352126390119,351.2361755371094,3032000
2021-08-25 00:00:00+00:00,351.4109718622483,351.83815080248075,348.0518189487557,348.63433837890625,2340400
2021-08-26 00:00:00+00:00,347.5662611839845,347.7604441308812,341.54694536808256,342.5760498046875,3946300
2021-08-27 00:00:00+00:00,342.1878615964415,346.1101277212035,341.4014706891238,345.3625793457031,3698300
2021-08-30 00:00:00+00:00,344.4595870575871,347.6051796412233,341.98391689865673,342.7605895996094,4032100
2021-08-31 00:00:00+00:00,342.6538382251232,344.86738819812285,334.6345600747574,336.139404296875,6780400
2021-09-01 00:00:00+00:00,337.2559640899807,341.7898450460242,337.17827901772665,339.38214111328125,4499600
2021-09-02 00:00:00+00:00,340.29468924987526,340.3238137398877,329.4404984638986,331.33367919921875,7412000
2021-09-03 00:00:00+00:00,330.0229650203233,334.1102887756646,329.0521093378855,330.3142395019531,5171000
2021-09-07 00:00:00+00:00,334.83847285139274,337.8578201838137,333.0229476081463,334.6636962890625,4764300
2021-09-08 00:00:00+00:00,334.9452571830061,341.7412479084584,334.9452571830061,340.8092346191406,5054500
2021-09-09 00:00:00+00:00,340.4888460865214,343.3334762379879,339.7218912990401,341.16845703125,3716200
2021-09-10 00:00:00+00:00,344.58579435272105,344.6537613600865,336.9063224808392,337.26556396484375,3437700
2021-09-13 00:00:00+00:00,339.79959492395,341.7315888540735,336.26566491521766,337.6831359863281,3234200
2021-09-14 00:00:00+00:00,339.4888182130771,339.68300120671546,335.1879345202889,335.7218933105469,3281900
2021-09-15 00:00:00+00:00,336.8869400522344,337.4014924066688,332.77052121675905,334.7025146484375,3833500
2021-09-16 00:00:00+00:00,335.34324635760714,337.5470779692286,334.6442291196229,336.2170104980469,3771100
2021-09-17 00:00:00+00:00,333.97443281066586,335.9161446293325,330.8385575573776,333.04241943359375,5527500
2021-09-20 00:00:00+00:00,328.45994084155546,331.1686071869436,325.83861833447986,329.7900085449219,3956600
2021-09-21 00:00:00+00:00,332.2268648049901,333.17828452179,327.45024125856617,327.5473327636719,2967300
2021-09-22 00:00:00+00:00,329.41134822176014,333.84816616521607,328.6735179897342,333.4015808105469,3238800
2021-09-23 00:00:00+00:00,335.6637298311098,344.4499940382057,335.1394889454599,343.7509765625,4783200
2021-09-24 00:00:00+00:00,343.71204092190527,349.4400836035415,342.4790648539374,347.7216796875,3306200
2021-09-27 00:00:00+00:00,346.6439697223691,352.0225178807886,344.80906810009753,346.37213134765625,4158000
2021-09-28 00:00:00+00:00,345.1392644132079,345.6246923519044,338.8772321527551,340.9451599121094,3266900
2021-09-29 00:00:00+00:00,342.5276154838993,346.77025037952166,342.13927910874276,342.89654541015625,2808800
2021-09-30 00:00:00+00:00,344.40142062145884,345.6247085653736,337.2753417024859,337.54718017578125,4393300
2021-10-01 00:00:00+00:00,339.6344971140173,352.59542894797244,337.0423285241282,349.682861328125,5227300
2021-10-04 00:00:00+00:00,349.4400900019868,350.13910730113884,329.4501744076668,334.1685485839844,7901500
2021-10-05 00:00:00+00:00,337.43062594722517,338.4111997469191,332.9355590329646,333.2073974609375,4724100
2021-10-06 00:00:00+00:00,330.1007482761395,338.7122360008909,329.2269541994485,338.52777099609375,3712000
2021-10-07 00:00:00+00:00,339.25676535060205,347.90829297513324,339.25676535060205,344.0296936035156,3209200
2021-10-08 00:00:00+00:00,346.06141980851885,350.30941619843514,344.3213835767069,345.0504455566406,2336700
2021-10-11 00:00:00+00:00,344.0686138798303,344.97264348807704,337.21541443278954,337.45843505859375,2769800
2021-10-12 00:00:00+00:00,338.9165345740738,340.2288517926802,334.9990435529136,335.6989440917969,3042900
2021-10-13 00:00:00+00:00,336.58353490445154,339.7428027410998,327.57234163153566,332.79241943359375,3755700
2021-10-14 00:00:00+00:00,334.2408430040481,336.15584671431964,331.3148651881216,334.9601745605469,4083800
2021-10-15 00:00:00+00:00,339.25679333290356,346.6543269365754,338.03195988690334,346.0613708496094,4053600
2021-10-18 00:00:00+00:00,344.07828758608684,349.89135117969613,340.4524391190294,348.4332275390625,3280900
2021-10-19 00:00:00+00:00,348.3942810347625,352.175695319743,347.62632773200977,351.9909973144531,2835400
2021-10-20 00:00:00+00:00,351.6021721159907,352.37009575702996,346.0612912604692,346.8097839355469,2796200
2021-10-21 00:00:00+00:00,344.70043394685433,346.4307394772761,337.5750531566199,346.2654724121094,2516300
2021-10-22 00:00:00+00:00,346.72236556124244,351.5439159338712,344.9920599648337,348.6568298339844,2774400
2021-10-25 00:00:00+00:00,352.3409823216921,354.1296103977401,348.7734564866965,350.78564453125,2447900
2021-10-26 00:00:00+00:00,353.23533029436857,357.09449886066426,346.84874139012976,347.3445129394531,3320100
2021-10-27 00:00:00+00:00,338.2846426824489,341.3175347324166,324.4810620630754,326.34747314453125,9652700
2021-10-28 00:00:00+00:00,334.56168038313183,340.705219848856,319.68879885318984,323.732666015625,9505100
2021-10-29 00:00:00+00:00,321.9925345581682,328.70962687360543,321.8661591114955,326.1530456542969,5843700
2021-11-01 00:00:00+00:00,325.89063186599856,331.3828916153329,323.58680127312886,324.72412109375,5126200
2021-11-02 00:00:00+00:00,325.7739732513679,326.3960905494021,317.57932589524864,319.30963134765625,5375300
2021-11-03 00:00:00+00:00,319.32909419401744,320.37893021795435,314.3131450449788,320.2331237792969,3952500
2021-11-04 00:00:00+00:00,321.8273776231493,329.17631934331234,320.13593380999066,326.0656433105469,4819500
2021-11-05 00:00:00+00:00,332.87994335224147,340.38442165706977,331.4801421382918,339.05267333984375,7201500
2021-11-08 00:00:00+00:00,338.2943902659844,343.2908781506202,337.9541555082028,339.9080505371094,3862200
2021-11-09 00:00:00+00:00,340.2288760844632,340.4233044513244,330.1678162442733,335.0282287597656,4247800
2021-11-10 00:00:00+00:00,340.32608152129205,349.58029603333273,339.7428261013022,347.94720458984375,6337100
2021-11-11 00:00:00+00:00,348.37488342245643,349.5997166978349,342.72708724358836,344.4476623535156,4472200
2021-11-12 00:00:00+00:00,346.11972344541175,353.6825247832754,345.9933479626444,353.3520202636719,4724200
2021-11-15 00:00:00+00:00,354.946228955017,360.7689938119879,350.59128854454116,351.271728515625,4693200
2021-11-16 00:00:00+00:00,354.58654460207174,360.71068252719823,351.8938865914732,359.2428283691406,4969000
2021-11-17 00:00:00+00:00,349.54134991376776,357.72629615584907,341.4147559036275,349.142822265625,11727300
2021-11-18 00:00:00+00:00,350.65935872417333,352.36050323413366,334.96020137119797,338.49859619140625,6533700
2021-11-19 00:00:00+00:00,336.34057839847395,336.97242615309545,329.6623757068279,330.23590087890625,6954800
2021-11-22 00:00:00+00:00,330.31357110652783,331.9466920025722,310.8330621456466,312.3300476074219,11378200
2021-11-23 00:00:00+00:00,315.88784284057454,320.48580260907715,312.7091445306197,319.8150634765625,7116200
2021-11-24 00:00:00+00:00,317.8223916269839,330.85799210816623,315.94624981842935,330.508056640625,6414400
2021-11-26 00:00:00+00:00,312.602214804619,317.74453850798267,310.09425550885237,315.11993408203125,6613900
2021-11-29 00:00:00+00:00,320.79694794916503,322.5564148605011,309.36524851876237,313.99237060546875,6362200
2021-11-30 00:00:00+00:00,309.12220510327296,311.8051620367842,301.4524606805619,306.1282043457031,10237600
2021-12-01 00:00:00+00:00,311.8245636783252,313.02993625538977,297.45718825573425,297.7293701171875,8008800
2021-12-02 00:00:00+00:00,300.94699330468984,313.20496806560703,300.36373791868436,311.26080322265625,6717600
2021-12-03 00:00:00+00:00,311.2996727323245,313.68128658910996,305.23388776776665,313.1174621582031,4732900
2021-12-06 00:00:00+00:00,315.683746832358,327.3584654845696,313.0105203387815,324.0242004394531,6055000
2021-12-07 00:00:00+00:00,327.88338428321106,332.86047113022914,327.88338428321106,330.0317077636719,4939500
2021-12-08 00:00:00+00:00,329.7596130311325,334.4255979555245,324.7728242146435,332.78277587890625,4226900
2021-12-09 00:00:00+00:00,330.5566454649797,336.8557508056949,329.5457010144087,334.90185546875,3389600
2021-12-10 00:00:00+00:00,337.3125988177928,340.47186667415536,335.20316691929537,340.1510925292969,3405900
2021-12-13 00:00:00+00:00,339.44142286395765,339.77192728818295,330.82875820520076,335.66973876953125,4358300
2021-12-14 00:00:00+00:00,335.6795158059857,338.48881863570284,328.42775943343327,331.04266357421875,4518500
2021-12-15 00:00:00+00:00,330.50799629260115,336.9140153667535,326.16278703707155,336.68072509765625,4918700
2021-12-16 00:00:00+00:00,341.8814105158822,343.89359864731983,335.4850913637232,343.0673522949219,5369900
2021-12-17 00:00:00+00:00,339.4414603256322,342.94096294717014,334.5129953696997,339.55810546875,5898200
2021-12-20 00:00:00+00:00,331.7133950480256,333.93947209310835,326.84328230318476,327.6112060546875,5013900
2021-12-21 00:00:00+00:00,330.8288291332975,342.17304513128283,329.89563822567226,340.9482116699219,3105100
2021-12-22 00:00:00+00:00,336.9042789317482,348.6081584236853,336.9042789317482,347.5,3456400
2021-12-23 00:00:00+00:00,347.55834911929287,352.3507082248878,345.0892515203565,350.5134582519531,2627000
2021-12-27 00:00:00+00:00,349.949724892048,350.9995610138576,345.672567520933,350.2510681152344,2677100
2021-12-28 00:00:00+00:00,348.77345126658844,353.97409801979046,348.40405520950713,350.7078857421875,1920100
2021-12-29 00:00:00+00:00,351.6799852207258,353.01173342181664,350.1343776954422,351.20367431640625,1535200
2021-12-30 00:00:00+00:00,351.89386114708697,354.46987381076127,349.0845285133568,350.91204833984375,1558000
2021-12-31 00:00:00+00:00,347.9569479904685,353.2353489253528,346.81959839544504,349.2886962890625,1984000
2022-01-03 00:00:00+00:00,349.74560971448113,361.9258036017712,349.22067679997764,360.59405517578125,4708200
2022-01-04 00:00:00+00:00,361.60493021652195,371.7243117768136,361.27442575332566,364.9100341796875,6854500
2022-01-05 00:00:00+00:00,363.5588841127804,371.82158602443445,362.1104905647902,363.461669921875,5976600
2022-01-06 00:00:00+00:00,358.86738987454794,364.25005882351434,356.7357333209064,360.1424865722656,4781100
2022-01-07 00:00:00+00:00,356.62872186163156,361.8848501521683,354.40943666977984,359.8018493652344,4551200
2022-01-10 00:00:00+00:00,361.0282900492179,361.0282900492179,339.4781254506065,354.21478271484375,6009300
2022-01-11 00:00:00+00:00,353.8448940181953,358.25420533595536,346.6031068638626,356.5313720703125,4131200
2022-01-12 00:00:00+00:00,359.1106871096967,362.20595828454026,357.29051248243695,357.52410888671875,5783100
2022-01-13 00:00:00+00:00,358.7895639299464,367.6179302304256,358.07903143091386,359.6753234863281,3892900
2022-01-14 00:00:00+00:00,354.6138568573707,364.7951750337272,354.44837289789996,362.22552490234375,4029900
2022-01-18 00:00:00+00:00,360.91144403898227,362.22548336327065,355.4703760382616,356.5410461425781,4933900
2022-01-19 00:00:00+00:00,352.7547107889434,359.4611326174306,350.12663205051564,351.1194763183594,4464800
2022-01-20 00:00:00+00:00,352.19016789924353,363.1307337526232,352.03445673454553,354.3023681640625,5043200
2022-01-21 00:00:00+00:00,352.8423255825546,358.32233666087933,344.67583653365426,345.6199951171875,4867100
2022-01-24 00:00:00+00:00,333.443330144042,340.7727162994768,321.78248805910494,340.11083984375,7472800
2022-01-25 00:00:00+00:00,334.1732819148442,337.7941749304838,324.50784392386083,329.7347717285156,6994400
2022-01-26 00:00:00+00:00,334.21218636590214,345.31820463548024,332.1584152579389,335.4775695800781,7438600
2022-01-27 00:00:00+00:00,339.779811586918,350.0487567332593,325.4227804946485,341.1911926269531,8416100
2022-01-28 00:00:00+00:00,349.48415431360775,372.5722056957878,345.91194733043716,372.31915283203125,8813400
2022-01-31 00:00:00+00:00,368.59122118169626,376.251544322723,366.2649108763283,376.0860900878906,6345200
2022-02-01 00:00:00+00:00,375.48260239896206,384.96310008654143,372.2315901498797,381.61474609375,5841100
2022-02-02 00:00:00+00:00,378.9185368300315,389.26533692322374,372.5527673155238,386.1797790527344,6115000
2022-02-03 00:00:00+00:00,378.188589125909,382.47135910397583,376.19318706821235,379.6778259277344,4209200
2022-02-04 00:00:00+00:00,377.2443839948155,377.80891858997205,366.3817046663543,372.0174560546875,6045400
2022-02-07 00:00:00+00:00,372.0173587308384,372.2120124658691,363.36419373094117,366.10906982421875,4767500
2022-02-08 00:00:00+00:00,367.481553739117,369.6521228679955,360.6680483676254,364.39599609375,5825300
2022-02-09 00:00:00+00:00,375.32687955874485,378.100956012646,370.4600891850696,371.2095642089844,5492800
2022-02-10 00:00:00+00:00,361.81661803205117,369.87602066251645,360.6875192465381,364.4154968261719,3995000
2022-02-11 00:00:00+00:00,367.79307298898937,370.7520898947073,357.8453818428561,359.9186096191406,4345600
2022-02-14 00:00:00+00:00,358.9939219847515,367.23826583012993,356.98880678451104,364.191650390625,3678400
2022-02-15 00:00:00+00:00,364.60043725183965,372.86426711302767,363.4518819072769,371.3750305175781,5800400
2022-02-16 00:00:00+00:00,369.83715246485673,374.74288583303115,366.74188069277835,372.72802734375,3424800
2022-02-17 00:00:00+00:00,368.513313825775,371.1316490024813,362.2546295399123,363.7438659667969,3972500
2022-02-18 00:00:00+00:00,364.53235211947066,364.8243476681249,359.1691394744427,360.0938415527344,4083800
2022-02-22 00:00:00+00:00,355.27570144066266,364.34740593256384,354.1076598554835,358.4780578613281,3897900
2022-02-23 00:00:00+00:00,362.05999611923727,363.6076318587783,350.53544033764086,351.60614013671875,3802500
2022-02-24 00:00:00+00:00,336.7234863835919,360.66810036802525,332.21683385682104,359.53900146484375,7425000
2022-02-25 00:00:00+00:00,357.43653909297484,362.66346699247146,352.0636134290149,359.2567138671875,3817900
2022-02-28 00:00:00+00:00,352.5405575548863,355.6260859655352,346.184530621596,351.2070617675781,4952400
2022-03-01 00:00:00+00:00,348.31619132615117,351.94679791672394,332.1292418676651,335.3023986816406,5894200
2022-03-02 00:00:00+00:00,333.82289110367833,339.0401060511323,329.666662642518,334.92279052734375,4997900
2022-03-03 00:00:00+00:00,338.3684147303857,340.1885892678788,331.6230515486668,331.9053039550781,3975900
2022-03-04 00:00:00+00:00,327.9242470907392,329.80282057415303,315.3679370206371,321.9478454589844,4670900
2022-03-07 00:00:00+00:00,320.7992765156957,321.0134164371398,303.79471319066795,304.5831604003906,6874300
2022-03-08 00:00:00+00:00,303.09395182689326,316.07854355175135,297.4679142571177,305.9555969238281,5048200
2022-03-09 00:00:00+00:00,314.54060631166084,320.6727790382639,312.55494783503946,319.387939453125,4015900
2022-03-10 00:00:00+00:00,313.3628680558623,317.4314972519924,311.23121171963766,315.9422607421875,3771300
2022-03-11 00:00:00+00:00,321.2372874426661,322.1522461906094,315.39714039001916,316.13690185546875,2987700
2022-03-14 00:00:00+00:00,320.3321154319478,327.90483928734096,318.54114032294655,319.835693359375,4122700
2022-03-15 00:00:00+00:00,323.56367015626506,329.3648753527274,322.385885622761,326.0749206542969,3738900
2022-03-16 00:00:00+00:00,332.8787043089344,341.5902705889414,327.7101755283788,335.4970397949219,4340800
2022-03-17 00:00:00+00:00,332.4990949413467,337.638423934437,330.69837672101824,337.21014404296875,3244200
2022-03-18 00:00:00+00:00,337.4632708844289,343.34233252103576,333.36541182655407,340.762939453125,6790800
2022-03-21 00:00:00+00:00,336.8013573307311,340.6753332423758,333.36540444363925,336.3730773925781,6053800
2022-03-22 00:00:00+00:00,337.54106958565643,344.50057300524736,336.3049156795897,340.2178039550781,4669900
2022-03-23 00:00:00+00:00,334.25118833650765,337.4924876645346,332.64515330316357,333.0636901855469,2527800
2022-03-24 00:00:00+00:00,333.131785116245,340.1399748003563,331.62309205450634,340.0426330566406,2482700
2022-03-25 00:00:00+00:00,341.0744175727265,342.17431698550484,336.4412234815653,339.721435546875,2173800
2022-03-28 00:00:00+00:00,339.2249919310012,341.2203638659311,334.3776585996299,341.1522216796875,3134600
2022-03-29 00:00:00+00:00,349.1630126633888,360.88225229801236,347.5861773219183,357.75775146484375,5512400
2022-03-30 00:00:00+00:00,354.3120656028995,358.4682936926432,350.0390095978837,352.5892028808594,2614200
2022-03-31 00:00:00+00:00,350.00010419954907,354.41915843818134,347.83924795730917,347.8587341308594,4095700
2022-04-01 00:00:00+00:00,349.6497116841337,358.0887398145366,348.62769752056874,354.2731628417969,3806800
2022-04-04 00:00:00+00:00,354.5455996415842,359.90881094257117,353.47490005728673,357.1347351074219,3027200
2022-04-05 00:00:00+00:00,353.6307293256484,357.83564345138547,352.2874903934381,353.6404724121094,2215900
2022-04-06 00:00:00+00:00,346.9729559683019,347.5764332251813,340.26650453887817,344.1307373046875,3864500
2022-04-07 00:00:00+00:00,342.29825286922227,343.9747533107584,337.06407101129804,340.70947265625,2848500
2022-04-08 00:00:00+00:00,338.5163829210474,346.8891583961833,336.9081192144197,343.3606872558594,2235100
2022-04-11 00:00:00+00:00,341.7719731837341,342.61020863386466,337.0738687314799,338.58465576171875,1809200
2022-04-12 00:00:00+00:00,341.1481414017647,345.5148483201799,335.7677585658438,337.0543518066406,4038500
2022-04-13 00:00:00+00:00,335.6995046104602,347.97108641336234,334.19844453633607,346.15814208984375,3048500
2022-04-14 00:00:00+00:00,348.1465272336769,353.7706167769527,347.84436984611773,348.7703552246094,3358900
2022-04-18 00:00:00+00:00,345.03716314482716,351.6359608451547,344.28664806739766,347.7760925292969,1871400
2022-04-19 00:00:00+00:00,347.78588532568136,355.4471128597391,347.06461024775365,354.6673278808594,2999300
2022-04-20 00:00:00+00:00,357.3868298157941,362.4845689409703,354.66738319202904,356.0514831542969,3377300
2022-04-21 00:00:00+00:00,360.13553420752834,365.7303550041509,354.2677663030105,355.2229919433594,3605300
2022-04-22 00:00:00+00:00,351.38254195146004,352.9420820673856,341.7426571051212,342.2982482910156,2968800
2022-04-25 00:00:00+00:00,340.44637663964005,346.0801937728008,338.37024159866263,345.6318359375,3380400
2022-04-26 00:00:00+00:00,339.1402566730161,341.20663502314443,334.8905099046554,335.4071044921875,3116400
2022-04-27 00:00:00+00:00,347.9711098803284,364.2877288754022,346.996400889067,352.425537109375,5702300
2022-04-28 00:00:00+00:00,359.79430384545293,372.30956265037224,359.4629063863377,369.24896240234375,6843300
2022-04-29 00:00:00+00:00,362.6404998501822,367.58228200479385,352.60100826505834,354.1897888183594,4741800
2022-05-02 00:00:00+00:00,353.81937306879894,355.70055433208347,341.72323060183186,349.95953369140625,3903800
2022-05-03 00:00:00+00:00,352.44503229392933,354.2482499368429,344.50115970029265,348.74114990234375,2686900
2022-05-04 00:00:00+00:00,350.28115645642333,359.9015291943874,344.7155765877177,359.1997375488281,3346600
2022-05-05 00:00:00+00:00,352.9420490197245,358.4686310481304,340.20259834875753,344.4328308105469,3424800
2022-05-06 00:00:00+00:00,337.49298085582853,342.3762823140743,332.1613216002036,338.3409729003906,3635200
2022-05-09 00:00:00+00:00,332.3757989708563,333.73065888099006,316.67324984289627,319.69482421875,5777400
2022-05-10 00:00:00+00:00,323.9055923304126,325.24093909452597,314.87977616431516,317.10211181640625,5003500
2022-05-11 00:00:00+00:00,317.2482664444131,322.6286489142084,310.49351109753195,317.6283874511719,4263900
2022-05-12 00:00:00+00:00,313.6320730444418,317.34571158562113,304.85969291647393,313.115478515625,3891500
2022-05-13 00:00:00+00:00,319.38285584006866,326.75165222503335,317.84279922899367,324.3830871582031,3536000
2022-05-16 00:00:00+00:00,320.23087161260196,325.11414299397387,316.8096338413089,321.3907775878906,2062300
2022-05-17 00:00:00+00:00,331.50830338800785,332.5512492818129,324.12002137188824,330.2899169921875,2802300
2022-05-18 00:00:00+00:00,325.18238894724385,332.9605769285965,325.12390879101804,327.40472412109375,4521400
2022-05-19 00:00:00+00:00,321.65401561704124,327.7069510366576,316.2248785780979,323.81787109375,4380700
2022-05-20 00:00:00+00:00,327.20989299249413,331.0209798191356,319.402462718519,327.677734375,3428700
2022-05-23 00:00:00+00:00,330.4555109060549,342.4151767259641,330.3872741536283,339.6177673339844,3420800
2022-05-24 00:00:00+00:00,335.1926274583229,335.29983114962477,327.4826771900142,332.07354736328125,2561500
2022-05-25 00:00:00+00:00,331.9663737585394,338.94529367609005,330.6310272054526,336.0406799316406,3033400
2022-05-26 00:00:00+00:00,339.1986795515751,344.31590101032725,337.25901846013676,341.0408935546875,2817400
2022-05-27 00:00:00+00:00,344.4523970987957,348.7411103675389,343.20474113402855,348.7313537597656,2658700
2022-05-31 00:00:00+00:00,344.1599841440009,351.8406955310439,342.25931951378277,348.819091796875,3873800
2022-06-01 00:00:00+00:00,349.14078461713035,355.2229594138574,345.8755034345669,348.02960205078125,2190000
2022-06-02 00:00:00+00:00,351.3728460679326,355.8175168317011,348.71190947329677,353.8973388671875,2484200
2022-06-03 00:00:00+00:00,350.3883756121151,351.82119892392257,346.7721840778,348.7703552246094,2076600
2022-06-06 00:00:00+00:00,352.8445601703168,358.9949698753935,349.46231968824645,351.0316162109375,2196100
2022-06-07 00:00:00+00:00,347.90288470637233,355.26195568310345,347.3180533429735,354.8135681152344,2158800
2022-06-08 00:00:00+00:00,355.76874559551055,357.8351236873199,351.85042655797145,353.166259765625,1709600
2022-06-09 00:00:00+00:00,350.6613094590412,353.04932859416965,340.114951237796,340.1734313964844,2250600
2022-06-10 00:00:00+00:00,332.69732289641115,335.60196566545,326.13755207878273,326.28375244140625,3300500
2022-06-13 00:00:00+00:00,313.8562327483192,322.5311350956286,309.8794339432415,311.65338134765625,4825100
2022-06-14 00:00:00+00:00,312.0043829961147,315.8057424655292,311.57550862051306,313.9927978515625,2788400
2022-06-15 00:00:00+00:00,319.1294236014157,322.2679872435313,311.35123638075873,317.1605224609375,2357800
2022-06-16 00:00:00+00:00,308.09573121893766,308.4466418891214,297.3641767604986,300.9706115722656,4528500
2022-06-17 00:00:00+00:00,299.23565789745095,306.19509431674294,295.97037685397873,302.83233642578125,6235300
2022-06-21 00:00:00+00:00,308.0567261888577,312.131031868576,306.91633346960293,309.3725891113281,3193700
2022-06-22 00:00:00+00:00,305.5419624136337,310.9710974564536,303.4853114203311,308.1541748046875,2671500
2022-06-23 00:00:00+00:00,310.8346407306033,311.88734292730976,305.6102156664403,308.748779296875,2387600
2022-06-24 00:00:00+00:00,311.14658101605824,322.4434537706888,311.14658101605824,322.14129638671875,4318900
2022-06-27 00:00:00+00:00,323.5741195567949,323.5741195567949,318.84677537202083,320.5135192871094,2810800
2022-06-28 00:00:00+00:00,324.28567149418626,328.623108366305,310.074398699178,310.2401123046875,3394200
2022-06-29 00:00:00+00:00,311.0393680113969,317.8623308644116,310.35708957354984,314.4313659667969,3779500
2022-06-30 00:00:00+00:00,307.32571996781127,310.2401199547724,301.85761703750006,307.5011901855469,3411500
2022-07-01 00:00:00+00:00,306.15606590951944,310.87365333082226,303.4366197988253,310.19134521484375,2287700
2022-07-05 00:00:00+00:00,305.161883624311,312.2090404718889,301.63344176903206,311.18560791015625,2112100
2022-07-06 00:00:00+00:00,310.9321786720865,314.2071867149317,307.73513426303145,312.0726013183594,2219200
2022-07-07 00:00:00+00:00,314.6790230167359,317.12927213295285,311.91635201909145,316.35809326171875,2202100
2022-07-08 00:00:00+00:00,315.0987347235099,317.2463927736786,311.75036631054456,315.3720703125,1662100
2022-07-11 00:00:00+00:00,311.7796561080652,318.4568797081789,311.55511873840493,316.4751892089844,2073800
2022-07-12 00:00:00+00:00,312.589978210685,319.56982423657684,312.589978210685,315.1769104003906,2761500
2022-07-13 00:00:00+00:00,308.43133443554393,317.19761787333914,306.3422458195363,315.67474365234375,2442600
2022-07-14 00:00:00+00:00,308.6363417885604,319.7845632835392,307.8846762089666,317.2952575683594,2743900
2022-07-15 00:00:00+00:00,325.69056488441703,327.58440081575264,321.9126645835749,324.6557922363281,3387400
2022-07-18 00:00:00+00:00,327.51607610024064,329.47825348134546,321.9419658292031,323.1329345703125,2468500
2022-07-19 00:00:00+00:00,323.88464659472316,333.8712145167126,323.88464659472316,332.2799987792969,2689800
2022-07-20 00:00:00+00:00,332.2799376130972,335.1402048718941,328.28727145028904,333.14874267578125,2563600
2022-07-21 00:00:00+00:00,333.734494434862,338.9669576863892,331.967569496221,338.6643371582031,2230800
2022-07-22 00:00:00+00:00,340.57770069482507,342.73510094073066,332.299488693078,335.6966857910156,2253000
2022-07-25 00:00:00+00:00,336.2531383259539,337.31719603067313,332.0163910510165,336.0188293457031,2180100
2022-07-26 00:00:00+00:00,334.49593208214,336.4288246319784,331.2256462685209,333.1585388183594,2254200
2022-07-27 00:00:00+00:00,334.84737327028955,340.616736104999,323.3574458303527,335.1011657714844,4580300
2022-07-28 00:00:00+00:00,339.71862906506334,344.85346615255463,332.514246475171,344.062744140625,3635500
2022-07-29 00:00:00+00:00,345.70272449011054,348.30916945002997,341.6319454449823,345.3708190917969,3176800
2022-08-01 00:00:00+00:00,339.533136446248,346.39584180694095,337.4343061189494,342.19818115234375,2289400
2022-08-02 00:00:00+00:00,338.8204652223254,342.7936178914522,335.7942602815617,340.7045593261719,2878800
2022-08-03 00:00:00+00:00,341.6710056383364,347.996810981897,340.24575778496524,345.7027282714844,2921200
2022-08-04 00:00:00+00:00,346.22984918131027,350.0760606830434,341.3292922145847,347.5965270996094,2339500
2022-08-05 00:00:00+00:00,342.06150100620135,349.3146816323792,342.06150100620135,349.0023193359375,1848700
2022-08-08 00:00:00+00:00,350.4567949142685,350.4567949142685,341.563601967125,343.7795715332031,2477600
2022-08-09 00:00:00+00:00,342.0614635616245,342.76433078653844,337.1316512171028,338.2933349609375,2467400
2022-08-10 00:00:00+00:00,345.90772748484744,346.1127217495876,342.69601164429514,344.9705810546875,2443700
2022-08-11 00:00:00+00:00,347.3818836407351,347.3818836407351,342.0127665204497,342.2372741699219,2609400
2022-08-12 00:00:00+00:00,346.29823309284916,346.99135865341964,341.92486284047476,345.83941650390625,2514200
2022-08-15 00:00:00+00:00,343.9455556811131,353.33665263203176,342.47150955580577,351.3842468261719,2526300
2022-08-16 00:00:00+00:00,345.83945616424114,351.4331105656315,344.69731523806104,350.7009582519531,2448700
2022-08-17 00:00:00+00:00,345.0877377612981,348.4653915771576,343.3793826238659,346.8741760253906,2439900
2022-08-18 00:00:00+00:00,345.88819975704473,350.96443668455396,345.1560476220951,348.8558349609375,1934900
2022-08-19 00:00:00+00:00,348.14323431422616,348.2798872245332,345.1462843532348,345.8491516113281,1740700
2022-08-22 00:00:00+00:00,341.67101378665626,342.6472166831896,336.08713202683185,337.2878723144531,2312400
2022-08-23 00:00:00+00:00,334.5349853935877,336.9950060591304,331.29398450706776,332.77783203125,2240700
2022-08-24 00:00:00+00:00,332.0847321327872,334.14453597130193,330.29829373622744,331.62591552734375,2218400
2022-08-25 00:00:00+00:00,331.90901446563424,336.9169405387466,329.2927976191823,336.4678955078125,2228500
2022-08-26 00:00:00+00:00,336.8388266991001,337.41481267431567,323.80654073499534,324.0603332519531,1925000
2022-08-29 00:00:00+00:00,322.137205575429,324.89010507544367,319.9700338102993,321.512451171875,2308200
2022-08-30 00:00:00+00:00,323.1231841058725,325.04630515459166,317.8224091117033,320.00909423828125,2618900
2022-08-31 00:00:00+00:00,320.47769942525605,323.2989106760595,316.56311576169486,316.6509704589844,3129000
2022-09-01 00:00:00+00:00,316.10427513308565,317.8614285280849,311.6137356008822,317.510009765625,2493200
2022-09-02 00:00:00+00:00,321.57099845880174,321.82482074413474,312.9023120050227,314.8840026855469,1936800
2022-09-06 00:00:00+00:00,314.82544086781115,319.2085824337934,312.9316048247093,316.3678283691406,2043400
2022-09-07 00:00:00+00:00,316.3678049118702,321.36598850319825,314.386114328096,320.7997741699219,1998300
2022-09-08 00:00:00+00:00,316.80715905840384,322.4300978833515,315.7821578228088,322.21533203125,2114000
2022-09-09 00:00:00+00:00,322.6740923967174,328.9998676809466,322.2933589924315,327.85772705078125,1815700
2022-09-12 00:00:00+00:00,330.044474504766,331.4014109985006,327.9456439760908,330.36663818359375,2097800
2022-09-13 00:00:00+00:00,322.14694780147596,324.88030392688887,316.8559151263619,317.6954650878906,2316900
2022-09-14 00:00:00+00:00,319.257448152365,320.6631829027461,315.6552565784324,318.09576416015625,2657900
2022-09-15 00:00:00+00:00,315.8895280789864,318.18361110820075,307.6699154271013,309.41729736328125,2486800
2022-09-16 00:00:00+00:00,305.4050874065885,308.11893031410773,301.7540682524614,307.6308288574219,3650900
2022-09-19 00:00:00+00:00,304.5265784679042,307.94328942456315,302.86702122955626,306.55706787109375,2369700
2022-09-20 00:00:00+00:00,303.75528971318886,306.88889259575257,302.0762195790046,305.8150634765625,2769600
2022-09-21 00:00:00+00:00,306.9962998835985,307.48440133545347,296.98044855830267,297.2537841796875,2366300
2022-09-22 00:00:00+00:00,295.7407162828581,295.86759765048964,289.53204959554796,291.2599182128906,3176500
2022-09-23 00:00:00+00:00,286.15435450922035,287.5600890374105,283.33311389082496,286.5936279296875,3245900
2022-09-26 00:00:00+00:00,283.14757646252554,288.3116970003613,282.2397151166967,283.2061462402344,3635600
2022-09-27 00:00:00+00:00,288.43865157077465,290.81081729938836,278.02255425929536,279.66259765625,4073300
2022-09-28 00:00:00+00:00,278.3251505442996,286.0078911781735,274.9865538369467,283.2745056152344,5611400
2022-09-29 00:00:00+00:00,281.4881265725718,285.119602737991,278.0714162477927,279.9457092285156,3439700
2022-09-30 00:00:00+00:00,280.0335681090443,283.8407835038434,277.57354736328125,277.57354736328125,3804200
2022-10-03 00:00:00+00:00,281.0000253206682,285.78341382088615,278.13975782500654,283.56744384765625,5285200
2022-10-04 00:00:00+00:00,289.1415791829788,296.73643760002665,288.93658488730455,294.1006774902344,3949200
2022-10-05 00:00:00+00:00,290.88898409433807,299.3038492869294,290.17634517104995,296.9609680175781,2845200
2022-10-06 00:00:00+00:00,295.8559758984883,298.27108811360847,292.21864150647343,292.5804443359375,2494400
2022-10-07 00:00:00+00:00,290.0676389365915,290.58586010780476,286.4791803755884,288.4151916503906,2210800
2022-10-10 00:00:00+00:00,290.4391104910244,290.64443546297804,283.105777384305,285.2959899902344,1783500
2022-10-11 00:00:00+00:00,283.3893277624235,283.93691078484085,278.0995761022404,279.6933288574219,3554900
2022-10-12 00:00:00+00:00,280.1724843430931,281.10135543291443,276.9164672664404,277.08270263671875,2646800
2022-10-13 00:00:00+00:00,271.11822486677084,288.8648858167888,270.7173323914775,287.42755126953125,3322800
2022-10-14 00:00:00+00:00,289.28543299231524,291.9841102709039,281.4436628669743,282.2747802734375,3106300
2022-10-17 00:00:00+00:00,288.85517245242403,292.0916150499009,284.8658217431704,288.4836120605469,3417600
2022-10-18 00:00:00+00:00,296.4329341881974,296.95115527308246,289.9600195317404,293.7049255371094,3096000
2022-10-19 00:00:00+00:00,288.89422059648706,292.9813544807524,288.2391261801861,291.14312744140625,1914300
2022-10-20 00:00:00+00:00,291.13337967758775,296.0027245282384,289.04092057713723,289.696044921875,2463800
2022-10-21 00:00:00+00:00,287.965405633215,295.9831672545177,286.9778403138455,295.6507263183594,3599600
2022-10-24 00:00:00+00:00,297.75294302078424,300.1778431801952,293.8222862398979,298.8089599609375,3184100
2022-10-25 00:00:00+00:00,299.11205887457066,305.1645068250231,299.063152072995,304.4898376464844,3012400
2022-10-26 00:00:00+00:00,305.3502928845704,317.24007666921057,305.3502928845704,312.40985107421875,5278000
2022-10-27 00:00:00+00:00,309.15383507019817,315.90049717555945,307.0809505234499,312.27294921875,4725800
2022-10-28 00:00:00+00:00,312.21427110099387,324.42670800212267,310.75739152149487,322.14849853515625,3644400
2022-10-31 00:00:00+00:00,321.57157188331513,322.1191250713905,316.5848990696049,320.8871154785156,3157900
2022-11-01 00:00:00+00:00,324.83735143176176,326.22580907780315,319.8213463964184,325.7857971191406,3660400
2022-11-02 00:00:00+00:00,324.0552134917151,325.6000896767534,312.52720196163625,312.7129821777344,3074900
2022-11-03 00:00:00+00:00,308.1174446839482,309.73077265743905,301.74234191234234,302.2996826171875,2860900
2022-11-04 00:00:00+00:00,306.8658330267146,315.9493986787276,306.27916027969417,311.295166015625,3414000
2022-11-07 00:00:00+00:00,315.28446983177577,318.56000165555366,310.6497826765722,317.9049072265625,2742100
2022-11-08 00:00:00+00:00,318.9804830325086,322.08002214857356,315.0987037222887,318.5111389160156,2387500
2022-11-09 00:00:00+00:00,315.1182535730787,316.4969239628593,308.1466925232164,308.6258239746094,3001200
2022-11-10 00:00:00+00:00,323.8204525992126,329.90223185822595,321.84535213686974,329.7751159667969,3255000
2022-11-11 00:00:00+00:00,331.4667107099346,335.0160492891879,328.88536271069086,331.7502746582031,3734700
2022-11-14 00:00:00+00:00,329.2568699194983,336.8542221326765,328.5528687460649,331.82843017578125,2348900
2022-11-15 00:00:00+00:00,338.88803815846046,343.41515460146,331.94580911331576,335.8764953613281,2983600
2022-11-16 00:00:00+00:00,335.5342936989325,337.4605175045061,332.54229548064893,335.1431884765625,2579600
2022-11-17 00:00:00+00:00,331.4667037178293,334.32182827742497,329.51114794368283,333.6862487792969,2004500
2022-11-18 00:00:00+00:00,337.97868320645233,340.88268451137634,333.7448885562695,336.0524597167969,2737700
2022-11-21 00:00:00+00:00,335.3778128500612,336.60003520009786,330.11736308119737,330.7333679199219,1965100
2022-11-22 00:00:00+00:00,332.2781850418884,337.64620494413845,330.05864038917565,337.294189453125,2510700
2022-11-23 00:00:00+00:00,336.97161798152655,343.0044911924958,336.5022738257067,340.89251708984375,1937300
2022-11-25 00:00:00+00:00,341.20543343921446,343.5912143625268,340.34498394694845,343.4836730957031,944400
2022-11-28 00:00:00+00:00,338.97604742107035,342.4471769947548,335.6027314482055,336.9324951171875,2226200
2022-11-29 00:00:00+00:00,336.0134081897895,337.05963782512913,333.1778579200554,335.5049743652344,1724200
2022-11-30 00:00:00+00:00,335.2311627459492,348.48004150390625,333.8916117822185,348.48004150390625,4252300
2022-12-01 00:00:00+00:00,350.0346732673355,353.5448920707768,346.18222625800087,352.7822265625,3374700
2022-12-02 00:00:00+00:00,349.50676006598655,354.23920203274645,348.14763431517173,352.0587463378906,2015500
2022-12-05 00:00:00+00:00,348.0889139747781,350.9244637668026,346.57337024576503,348.1769104003906,2202500
2022-12-06 00:00:00+00:00,345.95739089710844,347.11116168152006,336.6978327989573,339.8071594238281,2353300
2022-12-07 00:00:00+00:00,339.17160705074775,340.12005281941697,333.88182496357337,339.6996154785156,2454300
2022-12-08 00:00:00+00:00,342.2222587213033,344.3440498547171,339.50403740275067,343.36627197265625,1998600
2022-12-09 00:00:00+00:00,340.65777926055273,344.93066346858996,339.64088199438817,341.0782165527344,2301100
2022-12-12 00:00:00+00:00,342.5253442119014,350.4746826274116,341.3422414100045,350.210693359375,2427100
2022-12-13 00:00:00+00:00,361.0346157516632,361.0541904021982,347.83461726408416,349.2132873535156,3072200
2022-12-14 00:00:00+00:00,349.0667228743459,354.0533963118623,345.90848940138875,349.5653991699219,2587200
2022-12-15 00:00:00+00:00,343.6107589498673,345.93784553193984,334.94763032663275,338.5556335449219,2774900
2022-12-16 00:00:00+00:00,337.10843370225695,340.5013237847222,335.7493381076389,338.1546630859375,5947100
2022-12-19 00:00:00+00:00,337.68537940623105,338.1645108938346,331.9947343997307,333.676513671875,2457300
2022-12-20 00:00:00+00:00,333.78401277683815,336.71734626441304,333.05067940494445,335.32891845703125,1895900
2022-12-21 00:00:00+00:00,336.00359347360927,339.87558539047694,334.7617965114067,338.0080261230469,2087000
2022-12-22 00:00:00+00:00,336.5414054344611,337.9200759674462,328.95383875854304,333.93072509765625,2276100
2022-12-23 00:00:00+00:00,331.48623824518495,336.88359111153824,330.1858068250802,335.9644775390625,1914500
2022-12-27 00:00:00+00:00,336.4533399753479,339.20089314925576,334.2142205047157,338.4675598144531,1637700
2022-12-28 00:00:00+00:00,338.8488583962612,341.74310194435685,334.1848693938694,334.3511047363281,1854100
2022-12-29 00:00:00+00:00,336.7271695421511,341.9485001267628,335.90583965866983,340.4720458984375,1459800
2022-12-30 00:00:00+00:00,337.6559949525121,340.1688910630059,335.98400326752744,340.002685546875,1617600
2023-01-03 00:00:00+00:00,342.1831965117249,346.778765262196,336.2969834189116,339.0934143066406,2933600
2023-01-04 00:00:00+00:00,343.58132752659134,349.0471014034125,341.9190934659918,347.25775146484375,2661000
2023-01-05 00:00:00+00:00,348.2063128790156,349.6143156520524,343.46408338923317,343.9529724121094,2608500
2023-01-06 00:00:00+00:00,349.9368043292974,361.11135932687864,347.9878781083077,360.0830383300781,4432800
2023-01-09 00:00:00+00:00,363.9613257258396,367.2617801413218,361.93403352637785,363.31494140625,3913500
2023-01-10 00:00:00+00:00,361.1995115683728,364.01028362280186,359.63252198858396,363.3541259765625,3485900
2023-01-11 00:00:00+00:00,364.93094268596946,370.1215945663456,363.59902077386505,370.06280517578125,3370200
2023-01-12 00:00:00+00:00,370.06273054533096,373.26527223691824,369.1421552257608,371.9725036621094,3291200
2023-01-13 00:00:00+00:00,367.32061865210756,370.07263179227806,366.5860949338162,367.7711181640625,4261000
2023-01-17 00:00:00+00:00,367.2618408203125,370.52311281614504,366.2628993729055,367.2618408203125,2814500
2023-01-18 00:00:00+00:00,366.78192723547585,368.0550895426357,360.8959351202864,361.3072814941406,2747100
2023-01-19 00:00:00+00:00,357.07642866451886,363.1484727742131,356.09706381897047,360.3475036621094,3111200
2023-01-20 00:00:00+00:00,362.5902358531209,368.84836130041634,361.7773463427141,368.515380859375,3863400
2023-01-23 00:00:00+00:00,368.96589383018795,373.51016095479247,368.5937304154161,370.7581481933594,2743900
2023-01-24 00:00:00+00:00,381.952333922896,381.952333922896,367.4773210276909,372.1684875488281,2756200
2023-01-25 00:00:00+00:00,367.3597806284193,374.6658344269657,367.3597806284193,374.4993591308594,3501900
2023-01-26 00:00:00+00:00,375.4982913702875,376.18382885201623,365.3030994062161,369.4555969238281,3718400
2023-01-27 00:00:00+00:00,368.4272602467358,372.6678968382769,365.6752474471028,366.31182861328125,3405600
2023-01-30 00:00:00+00:00,361.8361646652181,366.02784543956494,361.77740515947204,363.4619140625,2688600
2023-01-31 00:00:00+00:00,362.3551781226985,364.793816834334,359.44646342836097,362.9526062011719,3137400
2023-02-01 00:00:00+00:00,360.96449897274726,369.0050757784066,359.42688903187207,366.36077880859375,2951900
2023-02-02 00:00:00+00:00,371.6884492137113,372.6188575563212,365.10711778258235,367.2029724121094,2761600
2023-02-03 00:00:00+00:00,363.14843500776874,370.41533455665126,362.8448343282498,366.19427490234375,2739600
2023-02-06 00:00:00+00:00,362.36493678630274,366.6055727607475,361.4345283718511,365.2736511230469,2068300
2023-02-07 00:00:00+00:00,363.843853811523,369.2891201185537,361.22893644795516,367.3205871582031,2309100
2023-02-08 00:00:00+00:00,365.46961036147604,368.0355415997129,362.50213593046897,362.7077941894531,2193600
2023-02-09 00:00:00+00:00,365.59688229934113,366.8406947726,361.630466658093,362.7763366699219,2287600
2023-02-10 00:00:00+00:00,362.01248006058177,362.6098783431508,355.4311462993259,359.26043701171875,2270700
2023-02-13 00:00:00+00:00,360.9546483200005,363.48142596134255,359.49540449372614,363.17779541015625,2286400
2023-02-14 00:00:00+00:00,361.9536422450404,365.7046262969288,360.14184121218454,362.3258056640625,1841400
2023-02-15 00:00:00+00:00,358.72173936974673,362.16909272170415,357.47795682774847,362.0124206542969,2203300
2023-02-16 00:00:00+00:00,357.370143836305,365.38133925428343,357.370143836305,359.9654541015625,2792700
2023-02-17 00:00:00+00:00,356.54757144084044,359.13310903843694,352.3754675391933,353.67803955078125,2718900
2023-02-21 00:00:00+00:00,349.39822541571016,354.3048231585096,347.86061537547033,348.6147155761719,2730900
2023-02-22 00:00:00+00:00,348.02701724873435,350.3579099618889,345.9213891708961,347.64508056640625,2109300
2023-02-23 00:00:00+00:00,350.3579915873052,350.3579915873052,344.403466114933,348.193603515625,1975500
2023-02-24 00:00:00+00:00,343.58075545698654,346.6951282495362,342.37612603141207,345.8332824707031,2016100
2023-02-27 00:00:00+00:00,348.30123316915655,350.64189897093905,347.4981470414173,348.14453125,2200800
2023-02-28 00:00:00+00:00,347.4884207497982,350.41671192465077,345.9508108475623,347.9585266113281,2732900
2023-03-01 00:00:00+00:00,346.69512671830796,347.9780921690914,342.1802694990156,346.2054443359375,1968100
2023-03-02 00:00:00+00:00,346.33281777025104,349.26110928589827,344.43284745456464,348.2327880859375,2526000
2023-03-03 00:00:00+00:00,350.7301169539574,354.2264564586533,349.7213724067365,354.0403747558594,2174900
2023-03-06 00:00:00+00:00,354.35376727013124,360.9252964899809,353.805325391482,359.3583068847656,2789400
2023-03-07 00:00:00+00:00,359.59332933985286,361.53245220595755,352.130545649867,352.51251220703125,1660800
2023-03-08 00:00:00+00:00,351.20999152989157,354.23625501966137,349.90744951527824,351.621337890625,1634400
2023-03-09 00:00:00+00:00,351.83681049379686,356.508369911085,346.6070059577579,347.1260681152344,2414700
2023-03-10 00:00:00+00:00,345.1379164517344,345.76469431613,338.10608510044887,339.947265625,3176400
2023-03-13 00:00:00+00:00,336.5390705967438,342.64049307730977,333.18963043132334,337.5967712402344,3308200
2023-03-14 00:00:00+00:00,343.7570386688032,348.761578361379,341.36738620839736,345.53948974609375,3413300
2023-03-15 00:00:00+00:00,338.9091685337077,341.21068173320566,336.54892572656075,340.89727783203125,3082600
2023-03-16 00:00:00+00:00,339.467411047308,341.49470328982255,333.25824200573123,340.8189392089844,3768100
2023-03-17 00:00:00+00:00,343.02252379827326,344.67765271383763,339.70246275496095,342.4447021484375,8426800
2023-03-20 00:00:00+00:00,340.8189865249851,346.53847397667914,340.17260210193086,342.11175537109375,3864200
2023-03-21 00:00:00+00:00,347.0575330346259,348.8497875295426,343.59057293797383,347.25341796875,3766800
2023-03-22 00:00:00+00:00,347.2925201298846,352.5713104858218,343.7864074707031,343.7864074707031,2596400
2023-03-23 00:00:00+00:00,345.1380091990134,352.43426021954997,344.579763998635,347.05755615234375,2598100
2023-03-24 00:00:00+00:00,343.21838023372675,345.147729939752,339.1637959213108,344.3740234375,2971500
2023-03-27 00:00:00+00:00,348.232746153725,350.504879643524,346.9693572038513,347.3023376464844,2420300
2023-03-28 00:00:00+00:00,348.2229706135799,348.5559510826736,345.5199140096096,347.0183410644531,1695900
2023-03-29 00:00:00+00:00,350.0054249562174,352.60073590590116,348.47761813723963,352.1110534667969,2327000
2023-03-30 00:00:00+00:00,353.5017476073057,355.10789038802545,350.8476473967793,351.84661865234375,2480500
2023-03-31 00:00:00+00:00,353.67799925797067,356.14598768445643,352.9434756906765,355.91094970703125,3376600
2023-04-03 00:00:00+00:00,355.12738247203976,359.0938270259422,354.2851432640693,358.9077453613281,2978000
2023-04-04 00:00:00+00:00,359.23099051671187,361.5031239867804,355.88157969541413,356.3908386230469,2198700
2023-04-05 00:00:00+00:00,356.5379945426852,358.15647560651,354.70368407330477,356.8420715332031,2239600
2023-04-06 00:00:00+00:00,354.3113928197786,355.1255577601837,349.17147896849093,354.5664367675781,2357600
2023-04-10 00:00:00+00:00,352.8399390289684,354.03663961153177,350.750614821034,353.2617492675781,1559100
2023-04-11 00:00:00+00:00,356.4791970555081,358.21538174286104,354.26235033045066,357.1756286621094,3033800
2023-04-12 00:00:00+00:00,359.0883780408212,361.56026877317385,354.1348378522889,354.8705139160156,2268800
2023-04-13 00:00:00+00:00,356.8715677582835,362.6883060915201,356.4497873249884,362.5902099609375,2611700
2023-04-14 00:00:00+00:00,362.93340361753314,366.25867268421075,362.06038727800103,365.3169860839844,2254600
2023-04-17 00:00:00+00:00,366.2292944191727,366.95518173564056,361.3542437032382,365.6407775878906,2432700
2023-04-18 00:00:00+00:00,366.80804133771665,366.80804133771665,362.8942249206965,365.20916748046875,2087800
2023-04-19 00:00:00+00:00,365.86636631756477,367.0042154177627,364.07133010979936,365.67999267578125,1795300
2023-04-20 00:00:00+00:00,364.35582481569054,368.02438634985685,362.6294288303256,367.8380126953125,2124800
2023-04-21 00:00:00+00:00,368.5441770633551,370.2215096289614,366.1311686436567,368.0733337402344,3537800
2023-04-24 00:00:00+00:00,367.9851124125068,370.4275769766133,366.48433463841485,367.5731506347656,1886300
2023-04-25 00:00:00+00:00,366.3666581069827,367.4260184049248,361.28559624448036,361.4915771484375,2245000
2023-04-26 00:00:00+00:00,362.5803716330131,365.1110838208425,359.09815405014047,359.75537109375,2594200
2023-04-27 00:00:00+00:00,359.5788298460942,367.81842573273923,354.1054130865662,366.533447265625,3859900
2023-04-28 00:00:00+00:00,365.415181948633,374.6356487332016,364.41467333929194,372.7719421386719,3107300
2023-05-01 00:00:00+00:00,373.2231361995682,375.15551301046645,371.72235836717647,372.60516357421875,1745100
2023-05-02 00:00:00+00:00,370.5550557209453,371.60462724642014,363.85551333149516,368.8482971191406,2478700
2023-05-03 00:00:00+00:00,369.4760518520058,372.30102203802767,367.1807168028511,367.7398376464844,1970900
2023-05-04 00:00:00+00:00,367.34752918935146,369.65265318322696,365.03261653829793,368.93658447265625,2814900
2023-05-05 00:00:00+00:00,373.3015940618879,377.79410859352373,371.01607739717315,377.3134765625,2683100
2023-05-08 00:00:00+00:00,376.675895451718,380.0599867751706,376.44045879806384,378.1472473144531,1719600
2023-05-09 00:00:00+00:00,376.5483617892741,378.7946339449104,375.3909055442571,375.6263122558594,2036400
2023-05-10 00:00:00+00:00,378.6181312602942,379.3734445153835,370.4374169722048,375.2340393066406,1940800
2023-05-11 00:00:00+00:00,374.9102323607974,378.3532050884578,372.0165918349637,376.0677185058594,1901200
2023-05-12 00:00:00+00:00,377.14665602720595,377.6665324151152,371.5653263487535,374.6257629394531,2044000
2023-05-15 00:00:00+00:00,374.57674504422863,376.3325666142172,373.2623409982543,376.08734130859375,1957400
2023-05-16 00:00:00+00:00,375.2927865216998,376.2736876731236,370.1136296395711,372.97784423828125,2762700
2023-05-17 00:00:00+00:00,374.9005111373807,380.11888361343443,371.88913678289305,379.60882568359375,3260300
2023-05-18 00:00:00+00:00,379.7166390754255,384.5328674316406,378.4414795231942,384.5328674316406,3729500
2023-05-19 00:00:00+00:00,384.5132727757121,384.7094649908159,377.78430487080715,378.2060852050781,3369100
2023-05-22 00:00:00+00:00,377.63714978140547,379.971699466357,376.84262219077635,377.1859436035156,1808800
2023-05-23 00:00:00+00:00,374.2334389582899,374.73370818136675,363.3650661391608,366.6118469238281,3979000
2023-05-24 00:00:00+00:00,362.31547643414103,362.5508831462632,358.59785245332154,361.46209716796875,2655700
2023-05-25 00:00:00+00:00,360.88333208967464,363.90449434654954,357.94062875056306,362.97265625,3752200
2023-05-26 00:00:00+00:00,363.9143385094555,368.5049488567224,362.9824704126963,367.219970703125,2691300
2023-05-30 00:00:00+00:00,369.09357524686015,369.4368967216234,359.2061023690364,360.48126220703125,3430100
2023-05-31 00:00:00+00:00,358.02897673475616,358.71561962293487,351.01553838292585,358.048583984375,10695300
2023-06-01 00:00:00+00:00,360.14773773114075,364.0026727931447,359.0589216832889,363.79669189453125,3389700
2023-06-02 00:00:00+00:00,367.4357848025302,368.64230408092953,365.0423834283795,366.59222412109375,2501500
2023-06-05 00:00:00+00:00,365.63093247627353,365.67996556374663,361.4915280996761,363.4435119628906,2316200
2023-06-06 00:00:00+00:00,365.82714935897894,373.1152387848355,364.70890751579634,372.7032470703125,2758700
2023-06-07 00:00:00+00:00,372.0460188932334,373.23290094552806,361.2266800185354,364.2969055175781,3714500
2023-06-08 00:00:00+00:00,362.3056729692366,362.7078460757224,358.8627299217885,360.5694885253906,2594700
2023-06-09 00:00:00+00:00,363.38473470551185,365.003216075078,360.7363188102407,362.1684265136719,2201800
2023-06-12 00:00:00+00:00,363.59066278401144,368.78942719598183,362.8745941279468,368.14202880859375,2407500
2023-06-13 00:00:00+00:00,368.14201324529546,369.97629363131904,362.7470568465307,364.2870788574219,2444100
2023-06-14 00:00:00+00:00,365.8074731237008,370.85910825864494,364.9148494498014,367.6025390625,2775400
2023-06-15 00:00:00+00:00,366.14096244147373,372.3206576634704,363.44348427191966,371.80078125,2558100
2023-06-16 00:00:00+00:00,374.32171027772046,375.58708126732694,368.9758164455689,369.3387451171875,5886900
2023-06-20 00:00:00+00:00,367.84780635445986,372.2618622076079,366.61186113646414,367.4652404785156,3961700
2023-06-21 00:00:00+00:00,366.81781981893766,371.1632350683404,366.52356142043647,368.9562072753906,2301300
2023-06-22 00:00:00+00:00,367.9458156529387,371.25147767042137,366.80799666259634,370.5844421386719,1933300
2023-06-23 00:00:00+00:00,367.8183515702956,373.8410695166205,366.09195583779507,372.55609130859375,3739700
2023-06-26 00:00:00+00:00,370.83952270605397,372.73265492669304,368.1812887108456,370.2117614746094,3327800
2023-06-27 00:00:00+00:00,373.07597225051484,375.5282253388219,371.77138677881675,374.498291015625,2197300
2023-06-28 00:00:00+00:00,373.90982717895554,374.1158081023125,371.437966294462,372.9681701660156,2012400
2023-06-29 00:00:00+00:00,373.57623766957073,380.59949403539616,373.23291625374486,380.2659912109375,2524600
2023-06-30 00:00:00+00:00,380.6877835762576,387.6227626429852,380.6877835762576,385.7884521484375,4407100
2023-07-03 00:00:00+00:00,383.86589553885284,386.77917347876553,381.2566945947954,386.43585205078125,1304600
2023-07-05 00:00:00+00:00,381.38424358417706,387.7012505418642,379.73633653471074,387.1911926269531,2781800
2023-07-06 00:00:00+00:00,386.86701261741473,387.24029895620583,382.8493280357315,386.1892395019531,2156600
2023-07-07 00:00:00+00:00,383.75304838772723,385.51140918564494,381.53299609464744,381.80804443359375,2654400
2023-07-10 00:00:00+00:00,381.61157212307205,386.47403670573266,381.1498806597792,385.22650146484375,2148600
2023-07-11 00:00:00+00:00,386.66072550345257,391.4151498687232,385.4033573240258,390.7668151855469,2106200
2023-07-12 00:00:00+00:00,391.94559007327604,396.04187672376935,391.66070894479054,393.605712890625,2273400
2023-07-13 00:00:00+00:00,395.8748901188902,396.1106372843066,393.3797893654858,393.47802734375,2354900
2023-07-14 00:00:00+00:00,395.01040508571975,396.3561783195227,393.22257598214804,395.3935241699219,1978500
2023-07-17 00:00:00+00:00,394.8434093365876,396.8571526994246,394.02806721043106,395.0889892578125,2344500
2023-07-18 00:00:00+00:00,393.34050520885904,394.8336205040502,388.222597496577,391.1204528808594,2676200
2023-07-19 00:00:00+00:00,390.9632695608624,392.78056713608356,389.30314674664623,391.2284851074219,1809700
2023-07-20 00:00:00+00:00,390.11846892242795,392.6528406157555,388.55655418323926,391.0221862792969,2570700
2023-07-21 00:00:00+00:00,391.62147100683495,394.41125580638914,390.3935711842483,390.4623107910156,1868100
2023-07-24 00:00:00+00:00,390.4525143816489,397.75114385208985,389.59787090957144,397.6332702636719,3029800
2023-07-25 00:00:00+00:00,396.2383169184757,397.70196376836645,393.91022388303173,394.1852722167969,2490500
2023-07-26 00:00:00+00:00,392.1224148230084,396.1794004375019,388.7530650671829,395.2953186035156,2572300
2023-07-27 00:00:00+00:00,398.02617849309956,398.02617849309956,386.9849130809921,387.5251770019531,3563300
2023-07-28 00:00:00+00:00,390.9239892629729,390.96329044982906,382.00453844002504,386.01239013671875,4501000
2023-07-31 00:00:00+00:00,387.0045042787816,389.07718451455287,385.5310246873927,387.30902099609375,3578300
2023-08-01 00:00:00+00:00,386.8178424754394,390.27559695770543,385.4229353392082,390.0496826171875,2344200
2023-08-02 00:00:00+00:00,386.9161291625426,387.24028150750513,382.69213601889504,383.1243591308594,2410600
2023-08-03 00:00:00+00:00,380.7078383136867,386.4838832159241,379.58800939195754,386.0614929199219,2190500
2023-08-04 00:00:00+00:00,384.68619938472074,389.0870023877014,383.1734486463987,384.4308166503906,2215800
2023-08-07 00:00:00+00:00,386.0516682666089,390.717687157872,386.0516682666089,389.8532409667969,1559800
2023-08-08 00:00:00+00:00,389.17543827933025,389.37191422403123,383.2324156773786,386.2383117675781,1747000
2023-08-09 00:00:00+00:00,386.89645204458753,389.77467176753606,384.94164528604915,386.7098388671875,1806100
2023-08-10 00:00:00+00:00,389.4504995085728,393.5467862648435,388.7137596585834,390.1184997558594,2154500
2023-08-11 00:00:00+00:00,388.75304901486976,389.65679639368557,385.86502649255056,387.9966735839844,1464600
2023-08-14 00:00:00+00:00,389.4406736334253,392.17152131654785,387.63317892783016,391.5329895019531,1638500
2023-08-15 00:00:00+00:00,390.4623049584975,390.4623049584975,386.63126356485776,387.47607421875,1753200
2023-08-16 00:00:00+00:00,386.4839107035856,392.1420824352237,386.16956116782313,387.3974609375,2002000
2023-08-17 00:00:00+00:00,389.13615994824096,389.2048995474095,384.07718925600597,385.6783752441406,2118600
2023-08-18 00:00:00+00:00,382.9279011799756,386.87681587611536,381.95538421946276,385.2363586425781,2001800
2023-08-21 00:00:00+00:00,386.2579717585523,388.0064998559174,384.10668893373503,386.2481689453125,1869400
2023-08-22 00:00:00+00:00,388.0163067762233,391.71964149438,386.7196374930311,390.80609130859375,2422500
2023-08-23 00:00:00+00:00,392.2107860259462,394.81395728105355,391.3168714783387,393.9691467285156,1943200
2023-08-24 00:00:00+00:00,394.48974484577496,396.85713880083506,390.47206107260376,390.6390686035156,1970000
2023-08-25 00:00:00+00:00,393.56642892664166,397.46623980164253,391.9456072232027,395.766845703125,2154600
2023-08-28 00:00:00+00:00,396.8571460671767,400.58994881620566,396.02216835336264,400.236328125,1901300
2023-08-29 00:00:00+00:00,400.2167243820918,404.90237878166124,399.40138220465764,404.3719177246094,2188800
2023-08-30 00:00:00+00:00,407.44659338468927,410.3935526974609,406.20886088035866,406.59197998046875,2516600
2023-08-31 00:00:00+00:00,406.8866099215236,408.9298515615726,404.49958038969254,405.3443908691406,2535100
2023-09-01 00:00:00+00:00,406.52320177270906,409.1460086957317,405.19706411450704,408.2226257324219,1841700
2023-09-05 00:00:00+00:00,406.04190705309225,408.05565071004565,402.45644567513955,404.224609375,2045600
2023-09-06 00:00:00+00:00,403.51734680275985,406.07138440848394,401.66077787474484,405.8749084472656,2292100
2023-09-07 00:00:00+00:00,404.63718325056954,408.7727411947349,404.4505400912299,407.2894287109375,2502700
2023-09-08 00:00:00+00:00,407.66266791049856,408.96913989684776,406.54280908389836,407.5054931640625,1868900
2023-09-11 00:00:00+00:00,409.47998969720027,410.2068967119807,407.3090714652078,409.32281494140625,1544700
2023-09-12 00:00:00+00:00,408.5959282535289,410.2658539081298,407.9082924099738,408.9102478027344,1997600
2023-09-13 00:00:00+00:00,408.81208189659486,411.0124688576845,407.63328603714024,408.93975830078125,2142200
2023-09-14 00:00:00+00:00,410.90437192604065,411.19908586115696,400.5703781309676,406.0320739746094,3557700
2023-09-15 00:00:00+00:00,404.5781680796094,410.90430920241914,403.87092669054203,406.98486328125,4755500
2023-09-18 00:00:00+00:00,406.5624962651985,410.5016079911248,405.73735128608035,409.7550354003906,1808000
2023-09-19 00:00:00+00:00,409.5880077746488,409.72554692010175,403.83162880562804,406.2186584472656,1730900
2023-09-20 00:00:00+00:00,406.4544411132505,408.49768302592224,402.8296787577121,403.26190185546875,1580000
2023-09-21 00:00:00+00:00,401.1204792122883,401.5428695480722,394.99081301367926,396.228515625,2450700
2023-09-22 00:00:00+00:00,397.24025889805563,399.6567568507852,394.4602774921527,395.1086120605469,1885000
2023-09-25 00:00:00+00:00,393.517302090652,396.1008078575046,392.77072947963205,395.3738708496094,1846500
2023-09-26 00:00:00+00:00,392.92786897494346,393.76284669211867,386.6508318786204,388.3895568847656,2940400
2023-09-27 00:00:00+00:00,389.20486714023014,390.0103764624572,384.5585142980039,388.48779296875,1987500
2023-09-28 00:00:00+00:00,388.83161769244543,394.25404195751054,388.37975899636336,392.3778076171875,2216200
2023-09-29 00:00:00+00:00,394.9220093813237,395.06935134877483,387.2795628966501,388.91021728515625,3032300
2023-10-02 00:00:00+00:00,386.6410683542285,389.3522505405918,385.5114066117421,388.8512878417969,2856800
2023-10-03 00:00:00+00:00,387.5251479719381,390.8257279986753,382.09292086108474,384.1459655761719,2527900
2023-10-04 00:00:00+00:00,385.0693254945776,387.4956563721973,381.7097789032509,386.7982177734375,1813400
2023-10-05 00:00:00+00:00,384.04377791426083,388.30337559641066,383.66010340054993,387.7918395996094,2116600
2023-10-06 00:00:00+00:00,386.83755266923373,394.48123054309815,384.1519215139148,391.50048828125,2484000
2023-10-09 00:00:00+00:00,388.0475814938223,390.0544273064066,383.24690681584525,388.3230285644531,2475100
2023-10-10 00:00:00+00:00,389.1100116058735,396.17328453161605,387.44748226526735,393.8614807128906,2713800
2023-10-11 00:00:00+00:00,396.69468899793253,398.5441321530519,390.9004235815526,393.31060791015625,2055600
2023-10-12 00:00:00+00:00,397.2357650331379,398.75073900786043,390.86112393180275,393.399169921875,1779000
2023-10-13 00:00:00+00:00,392.32685875077635,395.6027423856966,388.65748360388824,391.5595397949219,2235600
2023-10-16 00:00:00+00:00,393.7335839094279,397.85547257147306,392.2973264586209,394.6386413574219,2202100
2023-10-17 00:00:00+00:00,393.1433899202431,397.0488240181865,391.97273238676416,395.2387390136719,2176000
2023-10-18 00:00:00+00:00,392.62198418337147,394.8452548381306,386.1784741284001,386.8179016113281,1951400
2023-10-19 00:00:00+00:00,387.44755788661905,388.41160773684044,379.23328995971906,381.56475830078125,3472800
2023-10-20 00:00:00+00:00,381.5646947765291,383.65022678467784,377.9248608069322,378.16094970703125,2652500
2023-10-23 00:00:00+00:00,376.0951066767259,381.55487300347806,374.80640464253423,377.4330139160156,1771800
2023-10-24 00:00:00+00:00,379.2332484005898,383.0993544670672,377.6297411460689,380.6203308105469,2003300
2023-10-25 00:00:00+00:00,377.75764440413104,382.3123833054615,376.02624559373845,380.03009033203125,3504500
2023-10-26 00:00:00+00:00,364.9885813198401,369.4449391355783,357.138325709645,358.6631164550781,6920100
2023-10-27 00:00:00+00:00,360.5322949246696,362.3030519704292,353.9215346677598,358.1614685058594,3624900
2023-10-30 00:00:00+00:00,360.56176286971464,367.1627053118067,358.79103605745183,366.3658752441406,3386400
2023-10-31 00:00:00+00:00,367.25125203932413,371.5403607070089,367.04464422056134,370.23199462890625,2978800
2023-11-01 00:00:00+00:00,372.51425825844086,374.2161157287076,368.94326364982373,371.6780700683594,2354700
2023-11-02 00:00:00+00:00,374.1177405869862,376.8132189088004,372.33716677992714,376.4689025878906,2816000
2023-11-03 00:00:00+00:00,378.7413425489755,382.12542343996245,377.49199879816894,379.7742614746094,2269100
2023-11-06 00:00:00+00:00,380.8071983009934,381.9384975696024,377.9641645526911,379.8824768066406,2020500
2023-11-07 00:00:00+00:00,379.7251218992329,383.25675867908603,378.0527453641419,382.5484619140625,2324200
2023-11-08 00:00:00+00:00,380.81703693001316,385.00779500298023,380.7088395254701,383.3649597167969,2838400
2023-11-09 00:00:00+00:00,384.60449085547054,385.08654576117107,380.9744736126562,381.65325927734375,2657100
2023-11-10 00:00:00+00:00,383.69945790104043,388.66735231217444,380.4530851980347,387.9689025878906,2807000
2023-11-13 00:00:00+00:00,387.9393615722656,389.1985523965796,386.6309655465819,387.9393615722656,1614600
2023-11-14 00:00:00+00:00,390.7233386956551,395.1501856077697,390.3003360847631,391.1856994628906,2733900
2023-11-15 00:00:00+00:00,391.00866931228455,392.78924327930264,388.34273188444485,390.3790588378906,2434600
2023-11-16 00:00:00+00:00,391.53989433250683,393.44835977879126,389.11986287702496,390.6446838378906,3060600
2023-11-17 00:00:00+00:00,393.468041302925,394.599340761832,391.4415313096882,393.79266357421875,2365500
2023-11-20 00:00:00+00:00,394.20581877199646,398.61300182648125,391.7858174175168,397.82598876953125,2768300
2023-11-21 00:00:00+00:00,399.12452924068816,403.67926776399156,399.0950181280276,402.3020324707031,2567500
2023-11-22 00:00:00+00:00,405.55819408721106,406.13859927724883,403.48247923465834,403.6595458984375,1967900
2023-11-24 00:00:00+00:00,405.78449499554705,406.2567028558367,403.8563654369545,405.7943420410156,1053500
2023-11-27 00:00:00+00:00,404.3186844183054,406.0107248824235,401.61338908460624,402.3216857910156,2665900
2023-11-28 00:00:00+00:00,402.429831669544,403.9644993548396,400.836171789534,402.3609924316406,2645000
2023-11-29 00:00:00+00:00,404.32855549218306,405.3811385591644,402.7644064270453,403.15789794921875,2151400
2023-11-30 00:00:00+00:00,403.43331617456266,407.42731338096763,402.1347672248953,407.1026611328125,3203500
2023-12-01 00:00:00+00:00,406.177949025091,409.8276297309984,404.8794001413022,407.6240234375,2171400
2023-12-04 00:00:00+00:00,407.1026294962762,408.10606725280263,401.39692822237504,401.59368896484375,3097900
2023-12-05 00:00:00+00:00,400.47226853037637,402.4003980137248,397.7473089536526,402.0462646484375,2755600
2023-12-06 00:00:00+00:00,404.7416591001027,407.09282092909564,400.5410843522751,403.708740234375,2224200
2023-12-07 00:00:00+00:00,405.37128580194985,406.8469013961334,403.3250820326555,406.4337158203125,2363000
2023-12-08 00:00:00+00:00,405.5188610921091,406.94530157782964,402.57747680476325,405.4598388671875,1959300
2023-12-11 00:00:00+00:00,405.75495063850144,409.40466167367913,405.6762643456397,408.9521179199219,2236000
2023-12-12 00:00:00+00:00,410.2211476698279,414.15612270742815,407.95854903179855,413.9101867675781,2736500
2023-12-13 00:00:00+00:00,415.0020505104743,419.43874364456445,412.33611382585127,417.7762145996094,3694200
2023-12-14 00:00:00+00:00,418.100957793922,418.92729897494297,409.1390362558717,411.75579833984375,3989700
2023-12-15 00:00:00+00:00,405.91233773068996,412.4444105832133,404.90892992229817,411.765625,5566600
2023-12-18 00:00:00+00:00,412.70999631131446,418.17960892203337,412.70999631131446,417.53033447265625,2686900
2023-12-19 00:00:00+00:00,417.1565070057036,419.74375775892764,415.65138033463273,418.5534362792969,2256200
2023-12-20 00:00:00+00:00,418.16980001526474,420.65867062079155,412.42473984341774,412.63134765625,3058300
2023-12-21 00:00:00+00:00,414.93328633002255,417.00897124027523,413.77244588419177,416.55645751953125,2213600
2023-12-22 00:00:00+00:00,417.84517697424656,420.2258501678704,416.0842671749804,417.20574951171875,1759000
2023-12-26 00:00:00+00:00,418.09117262135305,418.7994694558297,416.07450956200773,416.7828063964844,1258200
2023-12-27 00:00:00+00:00,416.12360971557297,418.1009442764132,416.0842515592317,417.46148681640625,1324100
2023-12-28 00:00:00+00:00,416.881174832941,421.3965560902886,416.79264147748125,419.3897399902344,1505000
2023-12-29 00:00:00+00:00,419.7437577041038,421.38662290426845,417.37293176762006,419.5765380859375,1706100
2024-01-02 00:00:00+00:00,417.195895546556,417.38280926624526,412.7395374294741,415.03167724609375,2463700
2024-01-03 00:00:00+00:00,414.3528920272177,414.4906005452103,410.71302803365774,411.9623718261719,3093700
2024-01-04 00:00:00+00:00,411.6968230442072,416.5663673683764,411.48039818487786,412.9461669921875,2042600
2024-01-05 00:00:00+00:00,413.65438961079735,415.88750708187064,410.21128657086336,412.601806640625,2415900
2024-01-08 00:00:00+00:00,413.2718193035109,415.87298046682906,410.404609450803,415.77447509765625,2125400
2024-01-09 00:00:00+00:00,412.9368156718138,417.46917512013954,412.38505331137,416.3853454589844,2439300
2024-01-10 00:00:00+00:00,419.7353168845148,423.1542888609502,417.9125166542392,421.971923828125,2709300
2024-01-11 00:00:00+00:00,423.67655787008016,425.44024312326746,419.50875206905664,420.4447937011719,2320600
2024-01-12 00:00:00+00:00,423.62730110009915,424.7702160404754,421.41038890004495,422.789794921875,1892400
2024-01-16 00:00:00+00:00,421.1541903625771,423.41052268793584,420.2477063927402,422.0508117675781,2398000
2024-01-17 00:00:00+00:00,419.2230176736211,424.05095359264243,419.2230176736211,421.1344909667969,2690400
2024-01-18 00:00:00+00:00,422.3365569271834,424.87860295324725,421.1640543220529,424.3859558105469,2075700
2024-01-19 00:00:00+00:00,426.18903633800124,430.64258580654126,423.0262500624234,430.3568420410156,2400200
2024-01-22 00:00:00+00:00,432.5244154214368,434.45558344075937,430.82970836441785,433.2830810546875,2715500
2024-01-23 00:00:00+00:00,433.79548259026495,434.12064652676787,431.4209198725309,432.3077087402344,2328600
2024-01-24 00:00:00+00:00,432.0810524341686,434.4457524353433,429.3517984000317,432.2485656738281,2725700
2024-01-25 00:00:00+00:00,429.5883024890132,432.17963123475914,428.0709408912344,430.37652587890625,2977800
2024-01-26 00:00:00+00:00,426.18901477955785,433.4211010176113,424.3366868518235,432.0810852050781,2725400
2024-01-29 00:00:00+00:00,429.37155150670674,434.4753687957604,428.2778892599649,434.1009521484375,2314200
2024-01-30 00:00:00+00:00,434.4162371263153,439.6580098531577,433.5787309840259,438.6431579589844,2663600
2024-01-31 00:00:00+00:00,443.38241453050534,455.2059455846521,440.0521151392469,442.6237487792969,4740500
2024-02-01 00:00:00+00:00,448.30892055160723,454.35864217624913,447.37287890975006,454.1418762207031,3292700
2024-02-02 00:00:00+00:00,455.4128582089517,457.01889268743474,451.7574248697265,453.80682373046875,2050300
2024-02-05 00:00:00+00:00,452.75261978555244,454.58525285727205,448.83113741837957,450.0430603027344,2438800
2024-02-06 00:00:00+00:00,448.6635398303485,453.7870815534238,448.6635398303485,453.72796630859375,2201900
2024-02-07 00:00:00+00:00,454.42756103744586,455.44241293098514,452.8609467591936,455.1172790527344,2544300
2024-02-08 00:00:00+00:00,453.23539863177683,453.9743693904156,450.7229100799239,451.52099609375,2081300
2024-02-09 00:00:00+00:00,451.32386063276977,452.24017702588617,449.65871102267596,451.1465148925781,2155400
2024-02-12 00:00:00+00:00,452.42732281303165,452.6440887106882,449.37290518924823,451.9642333984375,1794500
2024-02-13 00:00:00+00:00,450.04302781492134,455.0877297495741,449.33361472606106,453.6885986328125,2407700
2024-02-14 00:00:00+00:00,455.20596882075625,458.60524619985824,452.68361780595444,458.34906005859375,2202700
2024-02-15 00:00:00+00:00,458.9796516131851,465.1672988985446,458.3884990610785,464.3495178222656,2354100
2024-02-16 00:00:00+00:00,467.1969740894367,467.1969740894367,460.20137910526637,461.24578857421875,2237200
2024-02-20 00:00:00+00:00,446.14120582752565,449.14637120638514,443.50062456379857,445.1066589355469,5044200
2024-02-21 00:00:00+00:00,446.6437068601269,452.8412157344434,445.3529738767397,452.2992858886719,2895800
2024-02-22 00:00:00+00:00,455.01868725034757,465.551484078711,454.79205877195716,464.62530517578125,2572800
2024-02-23 00:00:00+00:00,466.76350769356003,468.18233397657013,464.92098198373066,466.45806884765625,1764100
2024-02-26 00:00:00+00:00,466.04423932891297,468.09363839843917,465.0589449540104,467.53204345703125,2066900
2024-02-27 00:00:00+00:00,467.5713617449657,468.01475617306806,463.0390323717981,467.7684326171875,2011100
2024-02-28 00:00:00+00:00,467.19699654365206,472.09391026104527,466.7043494093823,471.80816650390625,1931900
2024-02-29 00:00:00+00:00,470.9706641462046,471.3549433470443,465.10815117377047,467.7783203125,3072500
2024-03-01 00:00:00+00:00,467.9261117216554,470.47802030731816,466.9309548734411,469.6208190917969,1748300
2024-03-04 00:00:00+00:00,468.6749609499691,469.62083507492986,458.92052315762464,461.60052490234375,3212400
2024-03-05 00:00:00+00:00,460.49698726096284,462.339482771274,457.7874279649064,460.644775390625,2015100
2024-03-06 00:00:00+00:00,460.28999516156387,466.6549866254999,460.28999516156387,464.6647033691406,1917100
2024-03-07 00:00:00+00:00,466.2412589023447,466.31020664871085,459.03876022024264,460.66448974609375,2178100
2024-03-08 00:00:00+00:00,460.23098307179356,464.68450257522704,460.23098307179356,462.3592224121094,1596900
2024-03-11 00:00:00+00:00,462.10299994763693,462.4675540065246,457.8563841659884,462.2606506347656,1774500
2024-03-12 00:00:00+00:00,463.6105221420631,467.394048616149,461.8172793136091,465.9161071777344,1853900
2024-03-13 00:00:00+00:00,467.2560724555041,469.1576830171761,465.8273838588866,468.6157531738281,2103900
2024-03-14 00:00:00+00:00,473.94625614191625,474.91185538634795,470.16272961597343,472.4289245605469,2757700
2024-03-15 00:00:00+00:00,466.37914662888255,471.4238480527475,466.12296051837944,468.83251953125,4179300
2024-03-18 00:00:00+00:00,471.60124114161385,473.7491753303866,469.6404851918465,471.8475646972656,2072300
2024-03-19 00:00:00+00:00,474.5374410190304,477.4834613854543,472.45848445686676,476.8824462890625,2049500
2024-03-20 00:00:00+00:00,477.1977108369555,481.2669808361695,476.5277179740517,480.8630065917969,1691100
2024-03-21 00:00:00+00:00,481.34582562348754,482.7942094546032,476.291261027782,481.4542236328125,2580300
2024-03-22 00:00:00+00:00,481.1290077655229,481.70049523929737,474.37973649061564,474.586669921875,2277800
2024-03-25 00:00:00+00:00,474.5177543211858,475.2271674400119,467.4334856982186,469.0395202636719,2600300
2024-03-26 00:00:00+00:00,470.6947529497999,472.94122255418057,465.3643076456737,469.78826904296875,2515100
2024-03-27 00:00:00+00:00,473.4338749641956,475.06946698543845,467.7684331722203,470.92138671875,2309400
2024-03-28 00:00:00+00:00,470.8819786165031,475.33549780164964,470.2612384280082,474.4881591796875,2214500
2024-04-01 00:00:00+00:00,473.59158196351,476.17304832815836,470.31053496661184,471.36480712890625,1648200
2024-04-02 00:00:00+00:00,469.95582311498816,473.34523790990437,469.295662704222,472.379638671875,3265100
2024-04-03 00:00:00+00:00,473.374778290008,476.19270545017133,470.19226699461717,470.3992004394531,2265000
2024-04-04 00:00:00+00:00,472.91167708341845,474.87240299696396,462.1029980791147,462.8616638183594,2552600
2024-04-05 00:00:00+00:00,467.02947730100396,472.26138739437874,465.58109354206556,470.1331481933594,2462700
2024-04-08 00:00:00+00:00,470.04434331874506,473.2805836463129,467.95263104866916,472.461669921875,1961800
2024-04-09 00:00:00+00:00,471.59344884724584,472.501188463253,461.5887111708113,465.8609619140625,2217200
2024-04-10 00:00:00+00:00,463.8974560783037,468.0611580903896,462.59505902570237,462.9107971191406,2710500
2024-04-11 00:00:00+00:00,462.0327183261936,464.07510987282615,457.99728625378856,462.06231689453125,2299900
2024-04-12 00:00:00+00:00,459.78307994480105,463.25610867887383,455.94496209911654,459.1713562011719,2486300
2024-04-15 00:00:00+00:00,463.966513189389,464.71638365610784,452.31407294221884,453.65594482421875,2070500
2024-04-16 00:00:00+00:00,453.8631077382919,457.198019738909,452.876448808426,453.6855163574219,1787200
2024-04-17 00:00:00+00:00,456.59613086656117,457.2276070191037,452.0377715407409,454.0209655761719,1735000
2024-04-18 00:00:00+00:00,454.3565219492323,455.74771491307956,447.7458938419486,448.6339111328125,1998900
2024-04-19 00:00:00+00:00,452.7679425749671,453.72497285584683,446.55197308860505,449.31463623046875,2548800
2024-04-22 00:00:00+00:00,451.3964883838772,454.59325387938526,449.05811139287096,450.656494140625,2157400
2024-04-23 00:00:00+00:00,452.36347199542473,456.8034379158585,451.20906760751575,456.64556884765625,2029100
2024-04-24 00:00:00+00:00,459.08259060403986,461.9044209897619,454.20849256466164,456.3298034667969,4043100
2024-04-25 00:00:00+00:00,454.79057219622723,457.8097461304071,450.6268702834684,455.9449462890625,2006500
2024-04-26 00:00:00+00:00,456.7343077525022,458.6188299998439,454.7905883757523,456.2508544921875,1963300
2024-04-29 00:00:00+00:00,454.80047419420225,455.4319202913571,449.6007620381069,451.0018310546875,2120700
2024-04-30 00:00:00+00:00,450.17300314183353,451.61351671704597,444.8647733974438,445.1805114746094,2698800
2024-05-01 00:00:00+00:00,439.85258218118184,442.99018077089903,432.5315890628775,436.17236328125,4979100
2024-05-02 00:00:00+00:00,437.0899169881759,438.727774466441,432.2059431176076,435.21527099609375,3866500
2024-05-03 00:00:00+00:00,438.974443695346,439.31978035515607,431.07129575100373,437.66217041015625,3711500
2024-05-06 00:00:00+00:00,441.2635044148843,444.48986842473414,439.6157706773456,443.37493896484375,2536200
2024-05-07 00:00:00+00:00,445.7330719186568,447.2525050733782,441.5594935796536,447.0157165527344,2345300
2024-05-08 00:00:00+00:00,447.9431643059279,449.03834128987535,443.91760902948215,448.702880859375,2332400
2024-05-09 00:00:00+00:00,447.4991482986356,449.946073299237,447.4991482986356,449.41326904296875,1970100
2024-05-10 00:00:00+00:00,451.2287599405195,452.4620837252841,448.91013531351723,450.8834533691406,1729900
2024-05-13 00:00:00+00:00,450.83410180036566,452.6002298889139,449.4330628444344,451.6530456542969,2069300
2024-05-14 00:00:00+00:00,451.81090616119343,452.8567623007668,443.3058802200401,448.1405334472656,2991000
2024-05-15 00:00:00+00:00,446.74931630491193,452.4818024200013,446.74931630491193,451.8898010253906,2437800
2024-05-16 00:00:00+00:00,453.8631289233513,458.7273504481324,452.69887855827153,452.7481994628906,2412200
2024-05-17 00:00:00+00:00,454.3071686309112,455.53061620952826,451.9983599718937,454.1295471191406,1985900
2024-05-20 00:00:00+00:00,453.3500880499088,456.0535240739119,452.6594147058989,453.5276794433594,1397200
2024-05-21 00:00:00+00:00,451.80103205761657,454.24795724854135,449.5514507133825,452.97515869140625,2166000
2024-05-22 00:00:00+00:00,452.7778187173517,456.32979721506035,449.097599839685,450.4295654296875,1713700
2024-05-23 00:00:00+00:00,450.4295869302874,451.9391741000661,444.4307130448215,445.1904296875,2084600
2024-05-24 00:00:00+00:00,446.4730398337967,448.38716055733215,444.31225437898536,445.1607666015625,2162100
2024-05-28 00:00:00+00:00,443.99652614670447,444.61812610098053,436.49791212747186,439.14215087890625,2670800
2024-05-29 00:00:00+00:00,436.21177320514624,438.62909967279774,435.90591133999084,436.5669860839844,1876900
2024-05-30 00:00:00+00:00,436.3104833728522,438.2640791016275,434.79105013869344,436.20196533203125,2189900
2024-05-31 00:00:00+00:00,436.78411078251713,441.372069485038,433.3998773626988,441.1056823730469,3917100
2024-06-03 00:00:00+00:00,437.5635443261891,439.063255167,432.04812412734447,437.27740478515625,2123800
2024-06-04 00:00:00+00:00,437.4451109358334,438.9448518561716,435.43234829607815,438.8363037109375,2096600
2024-06-05 00:00:00+00:00,440.83922744187635,441.5989741396061,436.409138184442,440.70111083984375,2157000
2024-06-06 00:00:00+00:00,442.5067462225315,443.7795449387622,438.6982564109887,442.6942138671875,1887100
2024-06-07 00:00:00+00:00,443.45390722326323,446.95653468934444,441.2931215672541,443.78936767578125,1664700
2024-06-10 00:00:00+00:00,442.43764754767653,444.1643008192152,438.44166048156364,443.2565612792969,1954500
2024-06-11 00:00:00+00:00,441.8653136940481,443.25650634223143,439.1717240845307,443.04931640625,1777300
2024-06-12 00:00:00+00:00,445.46662944242456,446.46316459431876,435.70858830905206,437.08990478515625,2738900
2024-06-13 00:00:00+00:00,437.0899752841907,439.2112862979052,433.459077072671,439.06329345703125,2916600
2024-06-14 00:00:00+00:00,437.42538265446154,439.0237653627386,435.3139481232937,438.69818115234375,2161500
2024-06-17 00:00:00+00:00,436.52752856291636,443.3453457790104,435.7875343223765,442.1317443847656,2351900
2024-06-18 00:00:00+00:00,441.0958043994504,445.18058742980577,440.7406215848693,444.1051025390625,2636500
2024-06-20 00:00:00+00:00,445.042385450819,448.4167723226121,442.3783942304328,446.4730529785156,3006800
2024-06-21 00:00:00+00:00,446.1572830722579,449.22577774785043,444.25303865303835,448.78179931640625,5007800
2024-06-24 00:00:00+00:00,448.86079184038846,456.8922109147821,448.86079184038846,450.86370849609375,2597100
2024-06-25 00:00:00+00:00,452.3634288219505,454.16900154200715,447.74584182146197,449.5711669921875,2299400
2024-06-26 00:00:00+00:00,446.7098160546556,448.61406050122673,445.3679744064314,446.3447570800781,2451400
2024-06-27 00:00:00+00:00,442.58562418682163,442.7138946714002,436.10326748658946,436.84326171875,3313800
2024-06-28 00:00:00+00:00,438.7080899135284,442.31923550203703,432.86705514926575,435.2745056152344,4105000
2024-07-01 00:00:00+00:00,434.9192338708436,436.5669674930264,429.7392746125545,431.77178955078125,3149700
2024-07-02 00:00:00+00:00,429.19664267515316,438.82644364959674,429.19664267515316,438.7178955078125,2061300
2024-07-03 00:00:00+00:00,439.37894516737725,443.2959821744205,438.3528114884111,442.2007751464844,3192400
2024-07-05 00:00:00+00:00,441.14512427096867,443.94726253925967,438.35289233920884,443.4933776855469,2220700
2024-07-08 00:00:00+00:00,443.2861337808843,444.5983769415013,439.0632346609228,440.28668212890625,1802700
2024-07-09 00:00:00+00:00,441.34405337635803,442.26299828344054,437.5299223916685,439.417236328125,1608400
2024-07-10 00:00:00+00:00,429.44700377236586,432.2137590575658,423.9530566174511,428.4885559082031,4760900
2024-07-11 00:00:00+00:00,426.868059273831,432.56950374674176,425.00049704008654,431.2355651855469,4032600
2024-07-12 00:00:00+00:00,432.2039156627037,436.97655473009763,432.12487928818143,434.8817138671875,2645600
2024-07-15 00:00:00+00:00,435.099078944492,439.12073654689624,433.52797099536804,438.7254943847656,1727700
2024-07-16 00:00:00+00:00,441.6305723561979,441.84796006928565,434.47658968829046,438.2610778808594,2846600
2024-07-17 00:00:00+00:00,437.14444053214896,446.15609337609476,436.8084832288924,445.8003845214844,2925000
2024-07-18 00:00:00+00:00,443.4190467038234,450.01968399470576,442.1641446029505,443.389404296875,3339900
2024-07-19 00:00:00+00:00,445.85967358157916,445.87942513312134,438.3005587986348,438.41912841796875,2121700
2024-07-22 00:00:00+00:00,440.1187696399251,443.51790668135226,437.9844256728631,442.61871337890625,2111700
2024-07-23 00:00:00+00:00,442.7273538534297,443.40915937370426,435.86979554446737,436.4725646972656,2385500
2024-07-24 00:00:00+00:00,428.84428830497563,430.68217792329017,423.76533456353246,427.3127136230469,3764800
2024-07-25 00:00:00+00:00,428.78499064971004,432.50033319274746,424.4570182522447,424.4965515136719,2384300
2024-07-26 00:00:00+00:00,427.14467467354496,435.54369786448103,426.97668094150833,432.9745788574219,2039600
2024-07-29 00:00:00+00:00,433.5872549501323,437.6583366616137,430.2474330549794,436.05755615234375,2248600
2024-07-30 00:00:00+00:00,438.49821519482566,443.39931449442224,437.74726413435775,442.134521484375,2266900
2024-07-31 00:00:00+00:00,456.51161653531403,468.36906112064685,452.1046080745101,458.2012939453125,4313600
2024-08-01 00:00:00+00:00,459.930503140643,461.9462771571036,453.7349992204683,456.916748046875,2590100
2024-08-02 00:00:00+00:00,454.7527674290109,461.205192374291,453.1618779193105,456.5313720703125,3808100
2024-08-05 00:00:00+00:00,449.5948028564453,455.8199496032097,434.36786316747134,436.7492370605469,4496700
2024-08-06 00:00:00+00:00,437.9547268481975,450.0394502499301,436.85789751868225,442.974365234375,2758900
2024-08-07 00:00:00+00:00,445.17792982830434,451.4920343284966,443.70563992574364,444.4961242675781,2059800
2024-08-08 00:00:00+00:00,446.86761927757783,450.84974381119684,445.6720018785133,450.1679382324219,1585400
2024-08-09 00:00:00+00:00,450.167911583898,453.34966071148307,448.0731010070489,451.3536682128906,1760200
2024-08-12 00:00:00+00:00,452.3318886007226,453.0136941252239,448.49800657597405,450.276611328125,1760000
2024-08-13 00:00:00+00:00,452.697537084243,454.1797178235688,449.4861454823704,453.90301513671875,1816100
2024-08-14 00:00:00+00:00,453.80420958484615,455.0690025604088,450.6521029225769,454.6935119628906,1654100
2024-08-15 00:00:00+00:00,459.57480654946403,463.42847009923827,458.4878680725939,463.14190673828125,2130500
2024-08-16 00:00:00+00:00,462.4403856742856,464.6735476136943,460.5036779725663,463.3099365234375,1921900
2024-08-19 00:00:00+00:00,463.4284875553204,464.56482003324277,459.9898175594356,461.4324951171875,1690800
2024-08-20 00:00:00+00:00,462.5688894213668,464.09060354969375,459.9800183406716,463.547119140625,1763300
2024-08-21 00:00:00+00:00,462.9739621365085,463.5174163197024,459.0016986450109,462.44036865234375,2105900
2024-08-22 00:00:00+00:00,463.9126952510989,465.31583966366486,461.15586070024887,463.25067138671875,1538200
2024-08-23 00:00:00+00:00,464.7130256447654,464.7525589053329,456.41282007310116,460.8988952636719,1986300
2024-08-26 00:00:00+00:00,462.5391604523972,464.94028576217295,461.45222199271234,463.07275390625,1434400
2024-08-27 00:00:00+00:00,465.48373573142686,469.851241082897,462.6577259166833,469.3472900390625,1635900
2024-08-28 00:00:00+00:00,469.35721848115605,470.7504719483053,463.30003523679227,466.1952209472656,1445300
2024-08-29 00:00:00+00:00,468.83352845945336,476.1950381462665,468.83352845945336,475.08831787109375,1893400
2024-08-30 00:00:00+00:00,476.1159334028215,479.9695969600241,473.9519472985766,477.5981140136719,2982100
2024-09-03 00:00:00+00:00,476.73851789756765,480.908387780449,474.3373922237997,476.3926696777344,2063700
2024-09-04 00:00:00+00:00,476.3629986157963,480.3945470612849,475.4638053603321,477.4005432128906,2156300
2024-09-05 00:00:00+00:00,477.400543797406,478.40841583249016,467.48966642138004,471.6891784667969,2293500
2024-09-06 00:00:00+00:00,471.4420967071976,474.7325544362471,469.0706138429072,470.4638671875,2116200
2024-09-09 00:00:00+00:00,474.791848581837,483.3983687568392,473.8729038540498,481.3035583496094,2343600
2024-09-10 00:00:00+00:00,481.31348024680625,482.52884910870654,476.60012637149697,482.2225341796875,2234100
2024-09-11 00:00:00+00:00,480.74036214653563,483.29959055554707,472.1634836695711,482.3806457519531,2480000
2024-09-12 00:00:00+00:00,481.16524128338455,487.0247880235495,477.2621536377877,486.263916015625,2299100
2024-09-13 00:00:00+00:00,487.24219366438683,490.9476453042675,485.61180097384783,487.49908447265625,2204700
2024-09-16 00:00:00+00:00,489.4160503959161,492.4001934759291,487.52876685907603,491.79742431640625,1589200
2024-09-17 00:00:00+00:00,492.67689033722877,495.7795730455376,491.9357999577068,495.0384826660156,2202800
2024-09-18 00:00:00+00:00,495.32501119673,495.83882296788863,488.1710288861672,488.8824768066406,2193800
2024-09-19 00:00:00+00:00,494.06021138286263,495.1767922853947,480.47355556983393,487.15325927734375,3517200
2024-09-20 00:00:00+00:00,483.8331859514038,487.66709823029385,481.9458722200927,486.886474609375,3470200
2024-09-23 00:00:00+00:00,487.30146183259313,491.7776460544663,485.46354220137124,491.23419189453125,2191300
2024-09-24 00:00:00+00:00,486.82713444703677,487.3903702925927,478.6652807332716,481.6197509765625,4143700
2024-09-25 00:00:00+00:00,479.00124160327795,484.0801646392213,477.7957335421719,483.6355285644531,3483200
2024-09-26 00:00:00+00:00,485.16717827472905,487.7659400829631,483.1909372226935,485.4339599609375,3073700
2024-09-27 00:00:00+00:00,485.19680768665137,490.10776777560466,484.5644262475641,487.77581787109375,2177200
2024-09-30 00:00:00+00:00,485.9378759457727,489.10973416155343,484.2877015184098,487.9338684082031,2862400
2024-10-01 00:00:00+00:00,491.3527966917858,492.11363860116825,487.25207259947456,490.4832458496094,3748100
2024-10-02 00:00:00+00:00,487.08406934995145,490.0187881258462,483.86278721643265,489.6828308105469,1736500
2024-10-03 00:00:00+00:00,489.6630929494142,491.18480693559235,487.14339778152737,489.0899963378906,1382200
2024-10-04 00:00:00+00:00,489.6729748706725,493.1215056414273,486.6196862546245,491.7875671386719,1935600
2024-10-07 00:00:00+00:00,491.42189618992074,492.60765271004294,484.9200773461919,485.4635314941406,1990500
2024-10-08 00:00:00+00:00,486.649294263351,491.6195386411994,485.6908162745393,491.1551208496094,1750100
2024-10-09 00:00:00+00:00,493.1142749822542,495.45922945970796,490.35374480980687,494.6676940917969,1707500
2024-10-10 00:00:00+00:00,494.71708613681903,495.4294799486614,490.60103635674454,492.75799560546875,1491000
2024-10-11 00:00:00+00:00,491.2640304040191,497.6063078445864,491.2244445776665,496.9532775878906,1919900
2024-10-14 00:00:00+00:00,499.0310761733429,503.4142931331777,496.74548532334853,501.3067932128906,2127000
2024-10-15 00:00:00+00:00,500.2777227520945,504.492722168711,498.67484415567304,501.8707275390625,2885900
2024-10-16 00:00:00+00:00,501.00002484277525,509.95442267778714,500.6537168257065,508.6384582519531,2956700
2024-10-17 00:00:00+00:00,510.83499387409853,511.57706957130546,506.1154033101122,508.3317565917969,2227400
2024-10-18 00:00:00+00:00,509.10340023885027,512.5268639664574,507.16414805198997,510.8844299316406,2604600
2024-10-21 00:00:00+00:00,511.5275723346214,513.3382538119829,508.50981013253266,509.5685119628906,2217500
2024-10-22 00:00:00+00:00,505.7492810374912,509.1133512501714,505.1061548519271,507.59954833984375,1855800
2024-10-23 00:00:00+00:00,507.2433610417515,509.2815932816309,506.49141150737154,508.30206298828125,1759700
2024-10-24 00:00:00+00:00,506.49138918961114,507.9162071278241,504.07716719135146,505.22491455078125,1911900
2024-10-25 00:00:00+00:00,507.0850349698638,509.2914539434798,500.27772274236366,501.99932861328125,1582200
2024-10-28 00:00:00+00:00,502.03892323658476,505.4623572243857,500.79225663705984,502.8403625488281,2186400
2024-10-29 00:00:00+00:00,502.1774523946824,505.98678018011225,500.35689705358425,500.9307556152344,2066300
2024-10-30 00:00:00+00:00,507.10486052761615,510.9933298786267,501.643164149269,508.2624816894531,3121000
2024-10-31 00:00:00+00:00,515.7426122739197,522.3223743132365,493.75738162779,494.31146240234375,5523300
2024-11-01 00:00:00+00:00,495.1524691313103,505.1556347161671,493.2626461260959,502.71173095703125,3753700
2024-11-04 00:00:00+00:00,503.760542187381,504.6114411042054,497.71508353464253,500.2381286621094,2165100
2024-11-05 00:00:00+00:00,500.23819212286577,502.7810455817733,498.2890052972446,500.2184143066406,2132900
2024-11-06 00:00:00+00:00,515.3567347814144,517.474138676165,510.48873493679764,515.6239013671875,3673700
2024-11-07 00:00:00+00:00,518.4536317679202,518.4932477868377,511.13185471063804,512.408203125,2382300
2024-11-08 00:00:00+00:00,514.8422327583278,523.2524236961495,514.0407934492757,519.2155151367188,2215600
2024-11-11 00:00:00+00:00,523.2622590886056,528.387581452443,522.9357892794986,524.5188598632812,2213400
2024-11-12 00:00:00+00:00,523.5095897838581,525.2906195836782,521.7286203743066,523.578857421875,2577600
2024-11-13 00:00:00+00:00,524.4100723232392,524.8948854579193,510.9636338884205,516.365966796875,2681500
2024-11-14 00:00:00+00:00,515.1193189382166,516.8409250864565,512.1807278348998,514.9016723632812,2480400
2024-11-15 00:00:00+00:00,513.0513092683735,517.8599446544963,512.5268801912744,516.3757934570312,2408100
2024-11-18 00:00:00+00:00,513.1107329369607,517.9589245151138,511.5375059118556,516.1185913085938,2493400
2024-11-19 00:00:00+00:00,513.298749547353,517.127855415401,511.3000729582462,513.9715576171875,2716000
2024-11-20 00:00:00+00:00,516.0196678106414,516.9793900354333,505.6008962834573,507.1246032714844,2409400
2024-11-21 00:00:00+00:00,507.80723380383404,514.6244491120578,506.17467361005566,509.657470703125,3077300
2024-11-22 00:00:00+00:00,511.468280819285,516.197805902717,510.7262050719893,515.3567504882812,3130400
2024-11-25 00:00:00+00:00,516.1284558995642,522.6686012818542,515.5150115442362,521.0360107421875,4503900
2024-11-26 00:00:00+00:00,522.3222898623113,525.0432336597959,519.5122704233743,522.8961181640625,2326800
2024-11-27 00:00:00+00:00,523.4601719583367,527.981893676479,521.0162983758354,526.7550048828125,2086300
2024-11-29 00:00:00+00:00,527.3784107174984,530.1092591764235,524.4299156896666,527.3091430664062,1760600
2024-12-02 00:00:00+00:00,527.2991464371131,529.1691915172763,520.6699254016306,525.7457275390625,2355100
2024-12-03 00:00:00+00:00,529.0208941870017,529.1693335088526,520.4029588796733,520.62060546875,2319400
2024-12-04 00:00:00+00:00,518.1073134052349,520.7194340579523,512.6950771954697,515.6337280273438,2630000
2024-12-05 00:00:00+00:00,519.0571555375633,521.8968268514443,516.6528376859292,519.2254028320312,2538600
2024-12-06 00:00:00+00:00,517.4048666315128,525.3896086080389,516.9794171331456,522.9852905273438,2122700
2024-12-09 00:00:00+00:00,523.430524920166,525.9733781829905,516.365949899582,517.2960205078125,2942000
2024-12-10 00:00:00+00:00,516.9893312781725,524.0637503645786,514.7234880571904,523.420654296875,2003200
2024-12-11 00:00:00+00:00,523.5987276596575,530.2279493961247,521.6990307563748,528.8031616210938,2181100
2024-12-12 00:00:00+00:00,530.623677730039,531.0788392302882,526.3493144785953,526.78466796875,1860400
2024-12-13 00:00:00+00:00,528.5260636056712,529.0306847233868,523.3216299143443,523.4107055664062,1608200
2024-12-16 00:00:00+00:00,526.3789331283443,529.3472353828275,523.4106308738612,524.706787109375,2923000
2024-12-17 00:00:00+00:00,523.8065004962939,526.1613587723393,519.3243344900341,525.3994750976562,4055800
2024-12-18 00:00:00+00:00,524.7168340104598,531.4548795475192,514.2189500051792,514.46630859375,3190300
2024-12-19 00:00:00+00:00,518.6218062091313,523.6283408697396,516.6825538175235,517.7511596679688,3050500
2024-12-20 00:00:00+00:00,517.3454742917805,526.458185348405,513.9319140985647,522.4509887695312,7317100
2024-12-23 00:00:00+00:00,520.2742207977983,523.8065082642496,515.6238678143635,523.3711547851562,2270300
2024-12-24 00:00:00+00:00,523.6779064735997,530.0795173484397,522.2531186790816,530.0498657226562,955000
2024-12-26 00:00:00+00:00,527.9918357059596,532.0188405947175,527.2893156053204,530.4852294921875,1109600
2024-12-27 00:00:00+00:00,527.9719799762423,531.8802572257817,525.1916722318854,526.576904296875,1541800
2024-12-30 00:00:00+00:00,521.4318230146501,522.9852419543347,515.821748014072,519.9971313476562,2101600
2024-12-31 00:00:00+00:00,522.0947622278899,523.598721637089,520.0070704203081,521.0064086914062,1942600
2025-01-02 00:00:00+00:00,523.5986683710574,524.9541883463496,512.1904634573763,516.8804321289062,2818800
2025-01-03 00:00:00+00:00,517.0091220153744,518.9187229241384,512.2103295352786,515.8514404296875,1627500
2025-01-06 00:00:00+00:00,515.4655208101585,515.8514146527712,505.61079454835846,506.52105712890625,2920800
2025-01-07 00:00:00+00:00,508.2526131384197,510.8746382367926,505.68007787302207,505.9967041015625,2211800
2025-01-08 00:00:00+00:00,506.62989888543524,511.9827720731523,506.12530794340165,510.9438781738281,2456700
2025-01-10 00:00:00+00:00,507.45586143798414,509.0809396503733,498.7756334753888,500.07373046875,2815500
2025-01-13 00:00:00+00:00,496.4371605107583,501.5402510229707,495.36700987737447,500.3115539550781,2885500
2025-01-14 00:00:00+00:00,502.4519023894439,504.75078040781153,499.61793391653663,504.3841247558594,2704800
2025-01-15 00:00:00+00:00,510.87437170664407,518.999701001875,509.05110318761285,517.5925903320312,3024800
2025-01-16 00:00:00+00:00,518.8511583927195,522.3192823591621,515.9775457716684,518.3755493164062,3275600
2025-01-17 00:00:00+00:00,519.802423417628,523.3200798242236,516.2649298069445,519.9213256835938,2374800
2025-01-21 00:00:00+00:00,522.8542292210443,525.1531067236577,522.1110599607745,523.2506103515625,2706900
2025-01-22 00:00:00+00:00,523.1912011565629,525.4702416415037,520.8824048687775,522.378662109375,2037600
2025-01-23 00:00:00+00:00,524.2317164643752,529.4834351337942,523.8650910417458,529.3546142578125,2196500
2025-01-24 00:00:00+00:00,528.1357793402135,531.1778265464724,527.3034635157928,528.6312255859375,2472900
2025-01-27 00:00:00+00:00,528.7204581005403,542.9991929822294,526.8179008798342,542.6524047851562,3074600
2025-01-28 00:00:00+00:00,541.5622779179386,546.5266582197346,537.7176107990704,542.3748168945312,2727800
2025-01-29 00:00:00+00:00,542.0181635201716,545.5952707058912,541.5227173012318,543.8017578125,2549000
2025-01-30 00:00:00+00:00,549.9453060265868,571.6854886515655,549.479615608292,560.8550415039062,6005200
2025-01-31 00:00:00+00:00,558.6850632449605,560.3893694571774,549.5886765931333,550.3714599609375,4505100
2025-02-03 00:00:00+00:00,547.6067911001672,559.8542066636601,546.0510827728103,558.8137817382812,3195500
2025-02-04 00:00:00+00:00,565.6807072137038,566.7905019596182,552.5018492465123,554.0178833007812,2638900
2025-02-05 00:00:00+00:00,556.2375563245442,561.7073030217297,554.701684836541,561.132568359375,2404700
2025-02-06 00:00:00+00:00,560.9739800377241,564.561006076074,559.3984343401174,561.9945678710938,1738400
2025-02-07 00:00:00+00:00,562.8863926292101,564.8582590327745,556.6636191618702,557.624755859375,2008300
2025-02-10 00:00:00+00:00,560.101978194683,562.1036003714987,555.8906851255501,560.3397827148438,2357700
2025-02-11 00:00:00+00:00,559.8444049548904,561.2712927296778,554.1269352529746,559.5570678710938,1847800
2025-02-12 00:00:00+00:00,556.8915687704163,559.6066048614515,554.3449674898937,559.4579467773438,1722200
2025-02-13 00:00:00+00:00,560.4487882842874,562.2225246118401,556.3563973152415,561.15234375,1709500
2025-02-14 00:00:00+00:00,560.8550706967095,564.0556341017628,558.9921879680161,559.616455078125,1927400
2025-02-18 00:00:00+00:00,559.7551632058002,563.4511726513746,556.4059419223039,563.4313354492188,2064100
2025-02-19 00:00:00+00:00,562.3215765910602,565.5023632967614,561.4892607573207,563.3223876953125,2459100
2025-02-20 00:00:00+00:00,562.9756050756422,563.3223932632483,553.9485283240052,558.1499633789062,2181900
2025-02-21 00:00:00+00:00,556.3168383018992,559.6561416044381,551.5110332700896,552.4325561523438,2256100
2025-02-24 00:00:00+00:00,553.3441195357625,556.3465529928427,551.7190412384507,553.908935546875,1752500
2025-02-25 00:00:00+00:00,557.3175817509107,560.8847705696435,547.6563798476242,558.8931274414062,3609500
2025-02-26 00:00:00+00:00,557.4663719017202,561.5190893304232,554.5035518134538,556.1583862304688,2028000
2025-02-27 00:00:00+00:00,560.4191338038302,569.4659880602252,558.8634251677462,559.6759643554688,2436500
2025-02-28 00:00:00+00:00,562.1333278036996,571.1801815637466,558.8633945061687,571.061279296875,3205400
2025-03-03 00:00:00+00:00,572.071983718171,576.9273206785583,564.8087247620332,569.6838989257812,3092600
2025-03-04 00:00:00+00:00,565.2646223522266,567.9796584378878,546.9826415281588,550.0147705078125,3318100
2025-03-05 00:00:00+00:00,547.547394922644,555.8807742419125,546.2988606951877,553.2152709960938,2795400
2025-03-06 00:00:00+00:00,543.5045146943619,550.6191153046801,539.729216838263,544.8125,3133200
2025-03-07 00:00:00+00:00,542.0875999103446,545.3674518638876,531.395890963373,541.7903442382812,3161300
2025-03-10 00:00:00+00:00,533.2488588227102,543.5640238284916,527.1746825520754,532.2282104492188,3893400
2025-03-11 00:00:00+00:00,532.3074907831756,533.1497252602719,517.4936350417954,521.0112915039062,4582600
2025-03-12 00:00:00+00:00,525.6783501030969,527.8583255341163,514.5308103210059,519.86181640625,2810800
2025-03-13 00:00:00+00:00,519.723092922949,523.7164185487679,512.9949549224725,515.0956420898438,2375800
2025-03-14 00:00:00+00:00,517.8403967801175,523.597479791192,516.2054604411951,522.8345336914062,2369500
2025-03-17 00:00:00+00:00,518.48450658802,528.621317626233,516.7306074894796,527.1448974609375,2544800
2025-03-18 00:00:00+00:00,527.4917100352873,527.7394331461865,520.7238977113229,525.3612670898438,2363300
2025-03-19 00:00:00+00:00,526.7287271667411,532.7236146240033,524.7568607920695,531.2075805664062,2804300
2025-03-20 00:00:00+00:00,528.7402238496625,535.5674878193468,527.6997988007594,531.4949340820312,2598600
2025-03-21 00:00:00+00:00,530.5634341242051,533.1496487977911,525.9260649055869,530.8111572265625,5973400
2025-03-24 00:00:00+00:00,534.4379035733385,540.4923033683998,533.3380272942272,538.7185668945312,2758700
2025-03-25 00:00:00+00:00,540.9777900963064,542.196568557646,537.0637524979285,540.1949462890625,2138200
2025-03-26 00:00:00+00:00,542.1569207272908,546.0115069518718,540.1552985838707,544.0693359375,2681600
2025-03-27 00:00:00+00:00,544.0693570350286,556.7131551233203,542.8109041955511,552.491943359375,2901200
2025-03-28 00:00:00+00:00,549.182290346572,553.5026272916257,535.1711173960067,535.6863403320312,2656400
2025-03-31 00:00:00+00:00,527.313383952878,546.4079038729279,526.1838123433924,543.1280517578125,4741800
2025-04-01 00:00:00+00:00,541.8200173518177,546.1304360975007,539.0455303941742,543.5144653320312,2714900
2025-04-02 00:00:00+00:00,537.915921657306,544.5252185904994,536.7169803641046,542.394775390625,2994600
2025-04-03 00:00:00+00:00,523.607350869266,535.0719833216732,522.2003005798887,525.7179565429688,3443500
2025-04-04 00:00:00+00:00,514.8875978166375,516.1361321446935,483.8429465764878,485.3094482421875,6125100
2025-04-07 00:00:00+00:00,474.1420896508562,497.62625540340076,461.34966308084,481.09814453125,6009400
2025-04-08 00:00:00+00:00,496.4371653754202,500.965551566598,467.3643817145267,475.5491638183594,3555400
2025-04-09 00:00:00+00:00,466.56729498064357,514.6025828313767,466.458138465009,511.5457763671875,4698400
2025-04-10 00:00:00+00:00,503.0106038541045,504.7970575394125,480.48168528258884,495.5770568847656,4105300
2025-04-11 00:00:00+00:00,494.50519647577516,512.0221523570665,492.1728996685622,505.9085998535156,3736200
2025-04-14 00:00:00+00:00,511.9825124217294,519.4756051690977,504.66805596496965,508.5982360839844,3005500
2025-04-15 00:00:00+00:00,509.53115194713166,517.3616485622669,509.5112832787753,513.4811401367188,2210700
2025-04-16 00:00:00+00:00,512.161103230743,517.7883578984248,506.0276821636819,509.56085205078125,2501000
2025-04-17 00:00:00+00:00,507.0995318671381,520.0313072813717,505.29323997936706,513.4314575195312,3329800
2025-04-21 00:00:00+00:00,513.1039593519191,513.749085271708,499.74540053481354,505.4818420410156,3345600
2025-04-22 00:00:00+00:00,511.7343630674999,524.8150333693611,508.8859957869273,523.3561401367188,2384000
2025-04-23 00:00:00+00:00,533.6877205431982,539.8410110594351,523.6439870956522,526.0159912109375,3051800
2025-04-24 00:00:00+00:00,524.7058039040786,532.0003902035843,521.3115939248373,531.4248046875,2209100
2025-04-25 00:00:00+00:00,531.4248981235842,532.8738570759576,525.8869309704556,529.4597778320312,2006100
2025-04-28 00:00:00+00:00,531.9905917748232,533.7075353843751,526.5022359040977,530.462158203125,1735400
2025-04-29 00:00:00+00:00,530.3133125505732,536.4069963023367,529.3902675988413,535.613037109375,2041500
2025-04-30 00:00:00+00:00,534.4717192596999,544.9322690355201,525.5593504770662,543.9298706054688,3783500
2025-05-01 00:00:00+00:00,545.8552190680066,548.6639092471754,535.6625940478917,542.5106201171875,2839900
2025-05-02 00:00:00+00:00,551.4428854818585,558.1420187977196,550.8076938590456,555.174560546875,2632600
2025-05-05 00:00:00+00:00,553.606425575804,560.2956242606595,551.6611740330181,556.8914794921875,2130900
2025-05-06 00:00:00+00:00,552.2864321409236,561.4766598841377,551.909290916997,554.7775268554688,2341700
2025-05-07 00:00:00+00:00,555.0554611735913,562.9554372759952,554.2813100373141,562.062255859375,2493700
2025-05-08 00:00:00+00:00,565.1587108248776,569.5453853174997,562.7271615918476,562.8462524414062,2004300
2025-05-09 00:00:00+00:00,563.1737626675488,565.2877160353322,560.3452036524578,564.3547973632812,1528000
2025-05-12 00:00:00+00:00,575.6291749451362,576.4131997729029,562.1614299105854,573.9122314453125,3000300
2025-05-13 00:00:00+00:00,573.6442818882186,578.4676431459769,571.4608486310425,572.2449340820312,2370200
2025-05-14 00:00:00+00:00,573.912286518263,574.2794934225356,567.9674357123733,568.9598999023438,2237500
2025-05-15 00:00:00+00:00,569.803489551846,578.6463191311909,569.3271261085762,577.8126831054688,2034200
2025-05-16 00:00:00+00:00,576.0559622971118,579.8868593978913,576.0559622971118,578.884521484375,2225900
2025-05-19 00:00:00+00:00,576.6415697526702,584.0155715009575,576.1056003157153,581.9909057617188,1875500
2025-05-20 00:00:00+00:00,576.8598601480853,579.5891365950957,572.502927936445,576.7308349609375,1964300
2025-05-21 00:00:00+00:00,572.1159428529523,574.6367801505099,562.8264317688013,565.248046875,2505300
2025-05-22 00:00:00+00:00,564.3745568992596,568.8406449412979,562.6576135471608,565.8434448242188,1869900
2025-05-23 00:00:00+00:00,560.2361847425877,563.2731231953608,558.2711247364452,559.3330688476562,1948800
2025-05-27 00:00:00+00:00,562.5485472407056,570.2302102126239,562.2210171040532,570.2202758789062,2655200
2025-05-28 00:00:00+00:00,570.2501488630045,574.4780564315785,568.6224928889145,571.5800170898438,1702900
2025-05-29 00:00:00+00:00,571.5403190791297,574.2199846782822,568.6224717512013,573.426025390625,1347800
2025-05-30 00:00:00+00:00,572.4334706585914,581.1869506835938,572.1654859684705,581.1869506835938,4581100
2025-06-02 00:00:00+00:00,576.1255426502629,577.4356028328087,570.4486757677797,576.840087890625,2089100
2025-06-03 00:00:00+00:00,575.5002000350343,578.1401886797319,569.118662617517,577.5843505859375,2116900
2025-06-04 00:00:00+00:00,579.7677040984713,582.4275004695515,577.8323870960427,579.72802734375,1530200
2025-06-05 00:00:00+00:00,581.891698308519,582.2688395606656,578.2394372234447,581.0282592773438,1480000
2025-06-06 00:00:00+00:00,583.4796059258559,586.7051146021525,581.6237027027419,585.6729736328125,1528600
2025-06-09 00:00:00+00:00,584.3033763076618,585.5538909192855,575.6292487003146,579.9266357421875,1936000
2025-06-10 00:00:00+00:00,580.2442469377016,585.4248812371823,578.7654243247133,585.0973510742188,2133700
2025-06-11 00:00:00+00:00,585.8714510562172,590.2283832630321,583.1719170379663,586.2882690429688,2238100
2025-06-12 00:00:00+00:00,584.9881277086923,586.2187735438171,580.1548322182115,584.8392944335938,1984000
2025-06-13 00:00:00+00:00,568.5430212970122,570.9050909150279,548.346399262312,557.794677734375,5905400
2025-06-16 00:00:00+00:00,559.650569620386,570.6668976758727,558.4000550743156,564.3845825195312,3108200
2025-06-17 00:00:00+00:00,560.464355570673,566.9848526525774,559.7498104207036,565.1587524414062,2246600
2025-06-18 00:00:00+00:00,566.5779757864246,566.7764807444247,530.1346583201572,534.6702270507812,6966800
2025-06-20 00:00:00+00:00,532.883731814458,534.2831400909696,523.356100865648,528.9535522460938,8202800
2025-06-23 00:00:00+00:00,527.415253114036,539.0370294892077,523.5942905732213,538.2628784179688,3681100
2025-06-24 00:00:00+00:00,552.981153457499,559.8688569025145,548.3264942919527,553.3285522460938,4503200
2025-06-25 00:00:00+00:00,551.8100681912687,554.2713599027326,544.4856779077495,545.5575561523438,2889200
2025-06-26 00:00:00+00:00,541.4189799246863,544.773452917785,537.9850322658066,541.6968383789062,3764100
2025-06-27 00:00:00+00:00,542.6496767589316,552.5048391183288,541.4388389207826,546.1729125976562,3837500
2025-06-30 00:00:00+00:00,548.3363979982241,558.3900638609315,547.7409437870389,557.7052612304688,5054600
2025-07-01 00:00:00+00:00,555.1051105437424,562.0424259462704,552.8422629818616,560.355224609375,3827000
2025-07-02 00:00:00+00:00,558.6977341874623,561.7247375303424,553.1895706331723,557.2884521484375,2502300
2025-07-03 00:00:00+00:00,556.5540488036924,565.3670743098952,556.5143114714399,564.9502563476562,1528700
2025-07-07 00:00:00+00:00,566.3695536036049,566.4489677042457,556.1273153285213,560.8613891601562,2478300
2025-07-08 00:00:00+00:00,560.3254259017027,562.3500309574987,556.1967411219719,558.2015380859375,3083800
2025-07-09 00:00:00+00:00,558.5195651427264,561.9183682882353,555.7865957403376,561.6102905273438,2454300
2025-07-10 00:00:00+00:00,562.1469651725366,562.554399361617,557.5356860416338,560.0301513671875,2577200
2025-07-11 00:00:00+00:00,556.353018714548,557.3468256729199,542.4695039643696,546.772705078125,3221400
2025-07-14 00:00:00+00:00,547.0907408163625,555.6076738877676,544.3975020722224,549.5951538085938,2500900
2025-07-15 00:00:00+00:00,549.6845683369102,551.423730565157,545.2522279929351,546.9515991210938,2449100
2025-07-16 00:00:00+00:00,548.9988736642716,552.0797119140625,546.0969740618175,552.0797119140625,2424200
2025-07-17 00:00:00+00:00,549.555410986381,553.9281863320101,547.1007366530904,552.1691284179688,2722000
2025-07-18 00:00:00+00:00,551.8213003912495,552.9045160843816,547.4684207535212,549.2373657226562,2579600
2025-07-21 00:00:00+00:00,549.9728291156594,554.6238386902708,548.62120546905,551.215087890625,2194400
2025-07-22 00:00:00+00:00,552.3679394472201,556.7407150895959,551.8014621032869,555.2996826171875,2010400
2025-07-23 00:00:00+00:00,553.5604521956205,559.0064951986553,551.0659868960482,558.6090087890625,2180400
2025-07-24 00:00:00+00:00,558.5196042538959,564.3234645530925,558.4202478042645,560.0103149414062,1874700
2025-07-25 00:00:00+00:00,560.8649082777351,566.4302639148558,560.3580569986888,564.7009887695312,1513300
2025-07-28 00:00:00+00:00,563.8562827981941,568.1098059495282,562.7133804649353,564.7606811523438,2492400
2025-07-29 00:00:00+00:00,566.4998883527628,569.4514663140268,559.513395348686,559.8314208984375,2393800
2025-07-30 00:00:00+00:00,556.8598759462978,562.107145201105,551.7715891173851,555.6473999023438,2833200
2025-07-31 00:00:00+00:00,565.0488229745937,575.8514996328507,559.0263553037661,562.9617919921875,4568300
2025-08-01 00:00:00+00:00,560.3681149729839,561.3718699532468,552.6561613719068,556.4227294921875,3316700
2025-08-04 00:00:00+00:00,560.7952942311857,566.3904321349584,559.0164016518407,566.2811279296875,2984700
2025-08-05 00:00:00+00:00,566.0724353093209,568.2886661363298,558.6487262347946,562.5344848632812,2883200
2025-08-06 00:00:00+00:00,565.4662601709854,566.8277709684766,560.4773294006005,565.6054077148438,2245200
2025-08-07 00:00:00+00:00,569.421555735635,570.3458496045612,550.4299189215478,557.7443237304688,2979600
2025-08-08 00:00:00+00:00,560.2587572514583,572.5918767751461,559.2053241430463,570.7633056640625,2907700
2025-08-11 00:00:00+00:00,571.4390831202404,573.0192631001111,565.9135180645299,570.037841796875,2116600
2025-08-12 00:00:00+00:00,571.6179525940688,574.7385214026348,566.9272122623809,570.6241455078125,2593800
2025-08-13 00:00:00+00:00,573.7546286720011,576.6764237616912,570.4849647280816,574.3211059570312,2352900
2025-08-14 00:00:00+00:00,573.8937510105762,580.7808875209512,571.9359801591833,580.1448364257812,2642300
2025-08-15 00:00:00+00:00,581.3770850923654,585.9088425088501,577.5111613705275,578.0975341796875,2263800
2025-08-18 00:00:00+00:00,578.4156556715348,581.8641373595453,577.0938751807264,580.5225219726562,1812000
2025-08-19 00:00:00+00:00,580.7907480250229,586.9126333854488,580.6019222603338,581.8839721679688,2334500
2025-08-20 00:00:00+00:00,582.2814287297359,590.2021020077158,582.2814287297359,589.009521484375,2884600
2025-08-21 00:00:00+00:00,585.3921032050637,588.5425153360256,580.3137635610957,588.2542724609375,2349200
2025-08-22 00:00:00+00:00,591.6133037447481,598.0432666718583,589.4070812874597,595.2506713867188,2388900
2025-08-25 00:00:00+00:00,594.1177519691641,595.330167483414,589.1884470479356,589.5363159179688,1984300
2025-08-26 00:00:00+00:00,589.4070336924583,592.3089329571694,582.659045786675,587.9461059570312,4774600
2025-08-27 00:00:00+00:00,587.5487176262346,590.9375731492249,586.1673111990464,587.0020751953125,1480900
2025-08-28 00:00:00+00:00,587.1611022463748,589.8543412512339,586.0678780715909,586.8231811523438,2159800
2025-08-29 00:00:00+00:00,588.3337901050431,593.1338952752119,586.6045754946789,591.6033935546875,2111200
2025-09-02 00:00:00+00:00,591.9313663827048,591.9313663827048,582.3709471540129,588.20458984375,2284500
2025-09-03 00:00:00+00:00,588.1648027066689,590.3213468720102,585.3125815230086,589.6058349609375,1959400
2025-09-04 00:00:00+00:00,589.3573503562327,592.1996236064642,585.6404615015134,591.951171875,1653700
2025-09-05 00:00:00+00:00,591.7822580826584,594.873044123978,575.4441283249992,580.6019287109375,2432100
2025-09-08 00:00:00+00:00,579.011830628436,586.1374098484714,577.1037381686823,582.9671630859375,1948200
2025-09-09 00:00:00+00:00,579.9261277146024,587.5188279195293,579.6876237344966,580.38330078125,2266000
2025-09-10 00:00:00+00:00,578.5249005287882,578.5249005287882,567.4638232544596,575.7919311523438,2535200
2025-09-11 00:00:00+00:00,577.2826837935211,586.3163565318348,576.4180764530798,585.0840454101562,2407000
2025-09-12 00:00:00+00:00,582.8081760121677,585.5610407959563,576.4080565442517,576.8154907226562,2242800
2025-09-15 00:00:00+00:00,579.1211756070526,582.8678476784686,577.8988123188909,579.3497924804688,2222600
2025-09-16 00:00:00+00:00,574.4303790759924,584.4678052562775,573.2576941248602,582.7882690429688,2537000
2025-09-17 00:00:00+00:00,584.0703733023404,595.1811290348074,583.8020259839013,594.9227294921875,2930800
2025-09-18 00:00:00+00:00,592.388506810387,597.8941758771053,582.2516630519419,582.4205932617188,3294600
2025-09-19 00:00:00+00:00,584.9746371243326,585.2230888597379,577.9086843271268,580.542236328125,6745300
2025-09-22 00:00:00+00:00,577.3720192344217,583.712512698235,576.547203103924,580.8702392578125,3241700
2025-09-23 00:00:00+00:00,581.8242975166619,583.2255386426833,564.7308056540379,566.4401245117188,3223000
2025-09-24 00:00:00+00:00,567.7421496313607,568.1197405250474,561.4513336996112,565.2874145507812,2867200
2025-09-25 00:00:00+00:00,561.500938228612,568.8451862969674,561.0736085102357,563.7866821289062,2700600
2025-09-26 00:00:00+00:00,563.1108896046577,566.132040898484,560.566746236919,561.630126953125,2106500
2025-09-29 00:00:00+00:00,562.4947594679476,565.7942059719551,559.0263827587069,564.6215209960938,2615600
2025-09-30 00:00:00+00:00,562.3059932485342,567.0961507530052,560.1593966000717,565.2874145507812,2379200
2025-10-01 00:00:00+00:00,562.1767493021757,571.9060982174842,561.510915580997,570.2166748046875,3685100
2025-10-02 00:00:00+00:00,569.1831504162445,576.2491653622161,567.2353272200745,573.7546997070312,2483500
2025-10-03 00:00:00+00:00,572.8601014792782,579.6080284629701,572.8601014792782,576.855224609375,2331600
2025-10-06 00:00:00+00:00,575.6428458497551,577.5410513086227,565.7346185443572,575.2254638671875,2573500
2025-10-07 00:00:00+00:00,575.4043121182365,582.4504305218023,575.3247905732775,576.2490844726562,2120700
2025-10-08 00:00:00+00:00,577.7199002651006,579.4590625384197,572.5123612204228,572.8701171875,1934700
2025-10-09 00:00:00+00:00,574.4224964544785,576.5719875620148,559.764412647517,561.79443359375,2579800
2025-10-10 00:00:00+00:00,564.8096493021154,566.6406342177349,553.9727890017548,554.7589111328125,3553900
2025-10-13 00:00:00+00:00,555.2764380544013,562.2422715066966,550.3108036399389,556.5103759765625,2996500
2025-10-14 00:00:00+00:00,553.2862078404471,567.0287998898718,553.2862078404471,565.1480102539062,2627300
2025-10-15 00:00:00+00:00,561.5456448521279,565.9142318802948,556.6695981484564,560.0629272460938,2262400
2025-10-16 00:00:00+00:00,560.0529654974874,561.8939721044451,544.7182083101683,547.196044921875,3210600
2025-10-17 00:00:00+00:00,549.7933430432181,560.053018557162,549.3157053100937,558.23193359375,2756700
2025-10-20 00:00:00+00:00,558.9584137819801,564.6504659123256,551.0869876435563,563.5956420898438,2046400
2025-10-21 00:00:00+00:00,559.4160952285487,573.1686477094717,558.0329259172561,569.2379760742188,2722400
2025-10-22 00:00:00+00:00,568.2626825372498,573.6164275195174,565.8047678055275,568.5711669921875,1820500
2025-10-23 00:00:00+00:00,571.5565686543443,574.1737366408021,568.8796959537838,570.969482421875,2187500
2025-10-24 00:00:00+00:00,574.4225164143168,577.9850596551607,570.2828478495533,570.8699340820312,1839600
2025-10-27 00:00:00+00:00,572.9098693718147,572.9098693718147,563.7149797248437,569.5662841796875,2981000
2025-10-28 00:00:00+00:00,570.2828502119792,571.1883818358436,562.6900868945671,563.167724609375,2916000
2025-10-29 00:00:00+00:00,558.8887464714337,564.043456134609,548.5394835091379,551.8731689453125,3763400
2025-10-30 00:00:00+00:00,548.8678306162944,560.1723678259252,542.9767431705668,550.9774780273438,4284700
2025-10-31 00:00:00+00:00,546.2109314853558,551.7238693744919,540.8771077438181,549.2957763671875,3567100
2025-11-03 00:00:00+00:00,547.3154773877577,548.3105964375536,537.7225151707859,541.4144287109375,3175500
2025-11-04 00:00:00+00:00,542.1707370026397,551.325844544919,539.8321707583509,550.0520629882812,2653900
2025-11-05 00:00:00+00:00,550.3008294917252,553.6145929035926,546.6885425151054,550.6093139648438,2198500
2025-11-06 00:00:00+00:00,547.4945624406189,552.2910432942743,545.1858790792799,550.5794677734375,2593600
2025-11-07 00:00:00+00:00,551.0969026892798,555.9431274714249,547.9821752888791,549.2758178710938,2510400
2025-11-10 00:00:00+00:00,549.5843737031495,551.9925447785074,545.9024211000758,550.2610473632812,1978300
2025-11-11 00:00:00+00:00,550.3008926754093,555.8039307560448,545.335257810277,555.624755859375,1832400
2025-11-12 00:00:00+00:00,557.2666845890766,563.1478116252612,555.6844185280861,558.4906616210938,1761500
2025-11-13 00:00:00+00:00,557.1472983848284,560.849112361469,552.1517809609468,552.8583374023438,2031300
2025-11-14 00:00:00+00:00,553.3260210503371,554.2813572837772,541.3945523592623,543.0663452148438,2567800
2025-11-17 00:00:00+00:00,543.3349774607054,546.6387798502179,533.5927842540615,534.2296142578125,2557900
2025-11-18 00:00:00+00:00,530.9557365397751,533.3838295365583,522.1389960240023,525.0049438476562,3594700
2025-11-19 00:00:00+00:00,525.5721271388395,528.4081920100978,522.417556160054,527.7713012695312,2723100
2025-11-20 00:00:00+00:00,530.6870343156545,535.8318437095389,524.6068712907897,525.303466796875,3240300
2025-11-21 00:00:00+00:00,529.940707789294,541.7527667396079,529.0749590245094,537.7623901367188,3807500
2025-11-24 00:00:00+00:00,540.7874733962273,541.3845205031037,532.4981150951704,535.2247314453125,5941000
2025-11-25 00:00:00+00:00,538.8569608585108,547.7135446208898,536.3691632552859,543.8026733398438,3132600
2025-11-26 00:00:00+00:00,545.802863025622,545.9919380697335,541.5139024602729,542.2702026367188,2185300
2025-11-28 00:00:00+00:00,545.4546463676735,548.7087053156318,542.7578516956506,547.8429565429688,1254800
2025-12-01 00:00:00+00:00,544.967011014713,547.0965803582449,540.7377550530218,541.3148803710938,2227000
2025-12-02 00:00:00+00:00,544.6087913613859,552.0423016273471,538.3991973729142,543.2454223632812,3076000
2025-12-03 00:00:00+00:00,544.6485356459596,552.3607078574091,543.8325307815693,551.0272216796875,2687900
2025-12-04 00:00:00+00:00,554.3112093177178,556.2715647480131,536.9264474371255,539.6630249023438,2878800
2025-12-05 00:00:00+00:00,539.0659597080545,547.7533295345941,538.6081830819664,542.8573608398438,2126700
2025-12-08 00:00:00+00:00,544.0515016117612,544.6585704413859,534.7670838594769,537.8021850585938,2453800
2025-12-09 00:00:00+00:00,536.0806417205541,539.2550741352643,533.3042205105431,534.92626953125,1965300
2025-12-10 00:00:00+00:00,535.4635970523245,542.29009865753,534.8764501315145,536.2297973632812,3023400
2025-12-11 00:00:00+00:00,540.1207514081906,562.3715973557839,540.001341988863,560.6201782226562,3659900
2025-12-12 00:00:00+00:00,563.2373790899761,570.9097687871581,563.1279305720391,569.138427734375,3515400
2025-12-15 00:00:00+00:00,570.083808267288,570.5017412633576,564.3916956975079,566.3521118164062,2714000
2025-12-16 00:00:00+00:00,567.9144742504873,568.2129978286919,559.73456378419,563.25732421875,2748700
2025-12-17 00:00:00+00:00,562.7597654816461,568.9692988661855,560.8093102058361,562.7099609375,3287100
2025-12-18 00:00:00+00:00,562.2422342438679,566.3520805673203,560.2917791410832,563.4463500976562,2259000
2025-12-19 00:00:00+00:00,563.4562755156959,570.1435070697106,562.4412953929074,569.4369506835938,7262100
2025-12-22 00:00:00+00:00,569.4369808372912,576.6217722933915,568.2130037851974,572.8900756835938,2500200
2025-12-23 00:00:00+00:00,573.0791493232122,578.880649907402,572.9398180731846,573.536865234375,1794700
2025-12-24 00:00:00+00:00,574.4324910053595,579.44786932127,574.1837112344606,576.6217651367188,1058900
2025-12-26 00:00:00+00:00,576.9202882510689,578.363223068573,575.8555035440072,576.77099609375,972300
2025-12-29 00:00:00+00:00,576.7709383495611,579.1492872962721,574.5916253469325,575.0792846679688,1274900
2025-12-30 00:00:00+00:00,573.268198024053,574.9599125526473,571.447113160274,574.6016235351562,1512800
2025-12-31 00:00:00+00:00,573.7458974402671,575.1589496335987,567.8348872314888,568.0936279296875,1736500
2026-01-02 00:00:00+00:00,567.9244282745939,568.093581510651,556.7591606871052,560.3814086914062,3901900
2026-01-05 00:00:00+00:00,556.8885329541652,573.4473289706722,555.7242606406251,565.7948608398438,2865000
2026-01-06 00:00:00+00:00,566.2227689497513,578.5323873805928,565.1679451312857,577.5074462890625,4056100
2026-01-07 00:00:00+00:00,576.4426255704404,582.4233007170747,574.8006548600157,577.0894165039062,3653900
2026-01-08 00:00:00+00:00,574.6912061846187,586.7918269798138,570.7007691185073,577.2387084960938,3390200
2026-01-09 00:00:00+00:00,576.1523691287855,579.3415453427215,573.3917903628915,573.591064453125,2221100
2026-01-12 00:00:00+00:00,562.120106759135,565.9570455300814,554.0076558867856,564.3624877929688,3486400
2026-01-13 00:00:00+00:00,557.0572814407279,557.0572814407279,531.8927836337781,543.14453125,8721600
2026-01-14 00:00:00+00:00,542.6562323956907,546.73240973965,536.3277588837174,544.9683837890625,3943700
2026-01-15 00:00:00+00:00,546.6626181083366,548.0179982702301,537.174835318124,540.8125,4005600
2026-01-16 00:00:00+00:00,538.4106684117223,542.1878739163757,536.8559532047293,537.6632080078125,3496200
2026-01-20 00:00:00+00:00,528.8032378022939,534.5935613265553,526.7203491035959,529.9393920898438,4098700
2026-01-21 00:00:00+00:00,531.7134338323525,535.5803003865619,522.9930627577661,525.7835693359375,4937700
2026-01-22 00:00:00+00:00,528.1256167859415,531.3845636789412,522.036320502706,531.0556640625,5114900
2026-01-23 00:00:00+00:00,529.6105320222558,530.338101486175,518.3986263630635,522.963134765625,5002900
2026-01-26 00:00:00+00:00,524.9264563020073,528.5939876454976,520.8802068628081,525.57421875,4839700
2026-01-27 00:00:00+00:00,525.8633011938227,527.3183184262399,517.7906928354904,518.6477661132812,3850800
2026-01-28 00:00:00+00:00,520.1925821531595,522.0562451688579,516.5150746480979,519.6045532226562,5483000
2026-01-29 00:00:00+00:00,529.9892229172449,542.3970767083056,518.3487812058779,541.8887939453125,5488300
2026-01-30 00:00:00+00:00,539.1780293529827,541.9187172403714,533.417572522911,536.9655151367188,4306900
2026-02-02 00:00:00+00:00,539.1580691255213,555.2334539655158,539.1182264733111,553.4893798828125,4603300
2026-02-03 00:00:00+00:00,552.4529858895477,558.2133824513234,547.1709445222494,548.8551635742188,5706700
2026-02-04 00:00:00+00:00,547.8684856797382,554.715217630343,539.1780425275945,551.6456909179688,4448000
2026-02-05 00:00:00+00:00,552.9711783428334,560.0172456637108,548.0878069042582,550.021240234375,4621600
2026-02-06 00:00:00+00:00,551.197190637133,554.9045647012864,537.9721063106256,546.8818359375,3779700
2026-02-09 00:00:00+00:00,541.8689013086442,544.7092262559487,532.3910945092823,533.5172729492188,4110300
2026-02-10 00:00:00+00:00,534.4540758400947,545.1477219257376,533.1883569109134,538.5601196289062,2222700
2026-02-11 00:00:00+00:00,536.3277416398079,538.8690946680849,531.3047691497292,535.6400756835938,3691000
2026-02-12 00:00:00+00:00,538.101695399235,541.1613071423488,525.3650023426062,525.6739501953125,3466200
2026-02-13 00:00:00+00:00,527.268516598842,532.1818155384664,514.2726940027525,516.604736328125,4017700
2026-02-17 00:00:00+00:00,513.2560717953911,524.0792823221843,513.2560717953911,520.16259765625,3178000
2026-02-18 00:00:00+00:00,520.7207386007042,528.9627542546749,517.6412359991667,526.192138671875,3575900
2026-02-19 00:00:00+00:00,523.0328715148239,524.7470788343395,514.3025251351302,518.498291015625,3009400
2026-02-20 00:00:00+00:00,518.4883271895454,525.7137772080447,516.8339750532887,524.62744140625,2838500
2026-02-23 00:00:00+00:00,518.7075550778931,520.9499361269833,488.34076180188265,494.350341796875,6312300
2026-02-24 00:00:00+00:00,492.0681055128485,497.55945748018934,489.59652266539183,496.3136901855469,5292900
2026-02-25 00:00:00+00:00,501.1173704894406,508.8112304304583,500.7187310425245,507.6651306152344,4139100
2026-02-26 00:00:00+00:00,509.2198444052808,518.139550275927,507.2864111578843,513.0269165039062,4843600
2026-02-27 00:00:00+00:00,507.7448671996763,517.0034185248245,505.03407626933733,515.4586791992188,5121100
2026-03-02 00:00:00+00:00,507.7548587103437,524.3783407828515,505.62209037395337,519.23583984375,3827000
2026-03-03 00:00:00+00:00,511.8707999525178,525.0161384264902,511.2628801324818,522.5445556640625,4199700
2026-03-04 00:00:00+00:00,522.3850834207832,524.3783111000616,518.5182776851857,521.1492919921875,3154700
2026-03-05 00:00:00+00:00,519.3354191739762,523.5411609786337,511.01371839834417,522.8833618164062,3879300
2026-03-06 00:00:00+00:00,517.8804195850827,520.7805390342954,510.46561033742245,520.5712890625,2872900
2026-03-09 00:00:00+00:00,514.5218774535628,519.1262288038114,507.3860878678932,515.9669189453125,3546600
2026-03-10 00:00:00+00:00,515.1995410262484,517.5714868513976,509.2696764633758,512.97705078125,2759800
2026-03-11 00:00:00+00:00,511.3426359996665,513.5650653540313,501.01770100498106,502.2933654785156,2873200
2026-03-12 00:00:00+00:00,498.30693132130415,503.907896363077,494.60950240688766,495.62603759765625,2702500
2026-03-13 00:00:00+00:00,494.8785300315983,500.1605708344527,493.7224544114146,496.3036804199219,2809300
2026-03-16 00:00:00+00:00,496.9315876099652,506.85785293189724,496.9315876099652,506.77813720703125,3450300
2026-03-17 00:00:00+00:00,508.8211514150458,515.209479786216,504.78487778600623,504.8645935058594,2834300
2026-03-18 00:00:00+00:00,502.04420627088837,502.04420627088837,486.26782305708804,486.8159484863281,3458700
2026-03-19 00:00:00+00:00,488.8590025913474,495.39678685156525,485.6598807284206,489.4769287109375,3284500
2026-03-20 00:00:00+00:00,490.8024045256165,497.52954774720575,489.3473568781192,494.6393737792969,5762900
2026-03-23 00:00:00+00:00,504.3363910086009,505.32305933210245,498.68560791015625,498.68560791015625,2985900
2026-03-24 00:00:00+00:00,493.9617018913069,501.02769041919385,491.56980432631326,497.24053955078125,2278900
2026-03-25 00:00:00+00:00,499.5925631005439,504.5357592579778,492.8853409715531,501.0575866699219,2422000
2026-03-26 00:00:00+00:00,498.815204734244,503.09065622624695,497.36012662392193,499.05438232421875,3995400
2026-03-27 00:00:00+00:00,497.7587678351186,498.3567117756297,478.8729244151722,482.6002502441406,3963300
2026-03-30 00:00:00+00:00,486.3774239634718,493.8620032165539,485.35091298215303,492.32720947265625,3629500
2026-03-31 00:00:00+00:00,498.30692367166904,499.7121528461321,488.9188078474288,497.96807861328125,4417600
2026-04-01 00:00:00+00:00,500.52935948805333,501.2967411645667,484.0054856598396,489.98516845703125,4607100
2026-04-02 00:00:00+00:00,486.47711747628966,498.1873300695899,486.0983993516747,491.7691345214844,2926000
2026-04-06 00:00:00+00:00,492.0780619262817,500.2104341538506,489.5167571703568,499.80181884765625,2466000
2026-04-07 00:00:00+00:00,496.6026882726865,500.89809122547007,493.99156503893755,496.59271240234375,3593200
2026-04-08 00:00:00+00:00,506.27982655193006,510.0868986888052,504.14705835305307,505.4028015136719,3874900
2026-04-09 00:00:00+00:00,503.61575911399495,505.82208253363325,496.9269900902095,502.7272644042969,3301800
2026-04-10 00:00:00+00:00,501.16990038575426,503.54592235112034,494.84051397652684,497.82550048828125,2842200
2026-04-13 00:00:00+00:00,495.3995738401377,508.0184050537669,494.1716212678326,507.7288818359375,3318100
2026-04-14 00:00:00+00:00,507.14987048048,513.1198435517446,505.8420651809317,512.3012084960938,2744600
2026-04-15 00:00:00+00:00,515.136449065474,521.5656738515961,512.3411471873799,519.08984375,2910800
2026-04-16 00:00:00+00:00,517.1630848653601,521.3560072472516,516.1447723784948,517.6721801757812,2967400
2026-04-17 00:00:00+00:00,520.6272897989797,526.5872699856476,517.8718988035894,520.4276123046875,3617200
2026-04-20 00:00:00+00:00,519.8885076004997,523.6022528591566,513.6788852082232,515.785400390625,2503500
2026-04-21 00:00:00+00:00,516.064911169074,522.2345616371073,509.3162447353658,510.4942626953125,3444900
2026-04-22 00:00:00+00:00,511.21305114125954,512.9301434498145,504.8736718600815,509.3062438964844,2288500
2026-04-23 00:00:00+00:00,506.5209156502675,508.7970988705705,497.5359770754125,501.5392761230469,2724000
2026-04-24 00:00:00+00:00,498.16490223776395,504.7638254971912,494.80054695099955,503.3262634277344,2406900
2026-04-27 00:00:00+00:00,499.92196456641676,508.19806892942654,499.92196456641676,505.58245849609375,2531300
2026-04-28 00:00:00+00:00,511.3927337208119,516.1347844483354,506.391108362079,506.7704772949219,3892500
2026-04-29 00:00:00+00:00,529.1030571189795,533.3160266750201,520.0183102540465,524.3510131835938,5876700
2026-04-30 00:00:00+00:00,503.6557115813454,513.2895865328657,498.1249743249343,502.078369140625,5975100
2026-05-01 00:00:00+00:00,505.15319847888844,508.14817791651035,491.32637064856624,494.6308288574219,4531800
2026-05-04 00:00:00+00:00,494.17160409255035,506.44104497528815,493.05348331752737,503.8952941894531,4419900
2026-05-05 00:00:00+00:00,500.1915096501422,503.0367461806949,492.4345239523147,496.24810791015625,4216700
2026-05-06 00:00:00+00:00,498.30470057373964,499.9019985900837,488.9104446142212,491.06683349609375,4363300
2026-05-07 00:00:00+00:00,491.87548387368145,502.67735356194936,491.87548387368145,500.1016845703125,4964100
2026-05-08 00:00:00+00:00,499.293029934125,499.57256013132996,490.9070935514707,494.65081787109375,4143400
2026-05-11 00:00:00+00:00,494.1716032465931,500.82046120080076,491.1866168469714,496.9768981933594,3959400
2026-05-12 00:00:00+00:00,499.77219023432,505.4626631941628,498.9136441099993,498.9735412597656,3296000
2026-05-13 00:00:00+00:00,494.780561947057,497.76557877805425,489.49943691241896,489.81890869140625,3322800
2026-05-14 00:00:00+00:00,490.4578405207208,493.67245306164295,487.19332384152165,489.1200866699219,2584900
2026-05-15 00:00:00+00:00,492.6741146043095,501.43941982177057,491.50605922521294,493.3729553222656,3416500
2026-05-18 00:00:00+00:00,490.6674856541354,505.38283909887537,490.12841127571545,504.9435729980469,4076600
2026-05-19 00:00:00+00:00,506.71060128060833,512.0416916577155,497.6657655319323,498.86376953125,3378300
2026-05-20 00:00:00+00:00,492.67413208821813,498.8637686293235,489.97863832788033,497.20654296875,3615700
2026-05-21 00:00:00+00:00,495.1699375037718,500.5409388779497,489.2498687484,498.78387451171875,2474600
2026-05-22 00:00:00+00:00,498.27471141173817,503.4161171218902,496.48772896060603,497.7056884765625,1959300
2026-05-26 00:00:00+00:00,495.1699228818507,496.01850646396144,491.23651420228333,492.1849365234375,1947300
2026-05-27 00:00:00+00:00,492.1849463213105,498.5143325313906,491.68578308266217,494.2115478515625,2834900
2026-05-28 00:00:00+00:00,492.5143885364638,493.75230363884305,485.5360960977515,492.9237060546875,3924100
2026-05-29 00:00:00+00:00,493.6724391086357,499.2730359779371,492.0152135134834,493.1533203125,5693100
2026-06-01 00:00:00+00:00,493.42287710421857,496.2980623249602,487.83224256016626,494.42120361328125,4653400
2026-06-02 00:00:00+00:00,492.2348508236484,493.1632871362614,476.8805847167969,476.8805847167969,5028300
2026-06-03 00:00:00+00:00,476.55114553381765,481.1534159268022,463.74259988972767,470.7608337402344,5227200
2026-06-04 00:00:00+00:00,478.7574354671122,487.73238060723077,476.6609438045407,480.9537658691406,4020600
2026-06-05 00:00:00+00:00,483.1900102096055,493.17327488335764,483.1900102096055,490.2581481933594,4230700
2026-06-08 00:00:00+00:00,485.9454109853297,488.70077137462897,482.89053436976525,484.85723876953125,3091900
2026-06-09 00:00:00+00:00,483.08021272690826,494.5909157677438,481.19336106478517,494.41119384765625,3309600
2026-06-10 00:00:00+00:00,496.6374789814424,497.96523980462445,485.68583619433036,488.2615051269531,3239900
2026-06-11 00:00:00+00:00,487.8422271630025,490.64752216777816,483.5793840107489,485.6958312988281,3801000
2026-06-12 00:00:00+00:00,488.0618689257409,491.5460186952328,483.72913552972176,489.1600341796875,3984200
2026-06-15 00:00:00+00:00,489.67912836315963,492.72401187789814,485.8455584148294,489.81890869140625,3888500
2026-06-16 00:00:00+00:00,491.03684439628216,500.66072622012945,488.69080155788726,500.4909973144531,4006000
2026-06-17 00:00:00+00:00,502.08831487366655,503.7954750413868,491.5759385594402,492.1649475097656,2927100
2026-06-18 00:00:00+00:00,493.94198330363315,495.1599428322381,488.0918047338876,488.9703369140625,6674700
2026-06-22 00:00:00+00:00,487.34307291781533,494.8305217449699,482.33148480411586,483.2798767089844,3955600
2026-06-23 00:00:00+00:00,488.0119117407287,490.7373539539883,483.60931884727944,487.2532043457031,3936400
2026-06-24 00:00:00+00:00,487.26318724492586,497.60586568121545,485.4063145692071,493.5826110839844,3609700
2026-06-25 00:00:00+00:00,495.1699448677483,503.95520589654103,487.83223898658815,488.101806640625,3722000
2026-06-26 00:00:00+00:00,487.7623444657277,503.51593530405756,487.7623444657277,498.18487548828125,9200900
2026-06-29 00:00:00+00:00,501.6590438592268,514.5873836437933,501.6590438592268,508.787109375,4812000
2026-06-30 00:00:00+00:00,511.04334170419196,513.1398334985577,506.2913281656718,512.740478515625,4696300
2026-07-01 00:00:00+00:00,516.3843571068327,529.5223063997895,512.5607497358377,521.565673828125,4412800
2026-07-02 00:00:00+00:00,528.843437305195,538.7268932800773,525.1895894023713,538.4873046875,3900200
2026-07-06 00:00:00+00:00,539.8350536753044,540.9831535061015,521.8052797960069,532.2078247070312,3578000
2026-07-07 00:00:00+00:00,532.9466632684534,542.7402441213551,529.1130625706223,530.7303466796875,3516600
2026-07-08 00:00:00+00:00,530.2211631552688,530.730319410298,516.344461617261,518.989990234375,2723800
2026-07-09 00:00:00+00:00,518.030029296875,523.22998046875,515.1099853515625,523.2000122070312,2843700
2026-07-10 00:00:00+00:00,527.260009765625,528.9400024414062,519.6500244140625,526.739990234375,1616900
2026-07-13 00:00:00+00:00,530.7100219726562,539.9299926757812,530.7100219726562,537.7000122070312,2871500
2026-07-14 00:00:00+00:00,534.989990234375,543.4600219726562,532.0599975585938,538.02001953125,3323800
2026-07-15 00:00:00+00:00,538.5399780273438,541.239990234375,529.0800170898438,535.2100219726562,3128500
2026-07-16 00:00:00+00:00,541.5,551.6799926757812,539.6900024414062,551.5399780273438,2925400
2026-07-17 00:00:00+00:00,550.5,551.719970703125,540.22998046875,543.5999755859375,3221600
2026-07-20 00:00:00+00:00,540.0,547.9099731445312,538.010009765625,547.4400024414062,2572500
2026-07-21 00:00:00+00:00,543.760009765625,544.3400268554688,536.8499755859375,538.2999877929688,2935700
2026-07-22 00:00:00+00:00,538.9400024414062,540.0,530.72998046875,531.97998046875,2312600
2026-07-23 00:00:00+00:00,527.97998046875,529.1849975585938,523.75,527.6199951171875,1017130
