date,open,high,low,close,volume
2018-01-02 00:00:00+00:00,15.922710392974029,15.922710392974029,15.637357717279437,15.710733413696289,42626974
2018-01-03 00:00:00+00:00,15.682194024851453,15.69034722096078,15.299005131596589,15.347923278808594,51851150
2018-01-04 00:00:00+00:00,15.38869250925998,15.56805772632399,15.188945325698707,15.490604400634766,36894187
2018-01-05 00:00:00+00:00,15.547673225402832,15.55582642299022,15.409072984193774,15.547673225402832,29386048
2018-01-08 00:00:00+00:00,15.551753837445004,15.686277514575226,15.429458930407453,15.59251880645752,35276524
2018-01-09 00:00:00+00:00,15.609938168005023,15.759276240082489,15.547714320497677,15.551862716674805,37152896
2018-01-10 00:00:00+00:00,15.510383765213549,15.510383765213549,15.157780475819202,15.190966606140137,54388066
2018-01-11 00:00:00+00:00,15.211701440872295,15.253183298590368,15.087253772568936,15.13288402557373,54813997
2018-01-12 00:00:00+00:00,15.132885314774402,15.344447206973145,15.066513079681618,15.307112693786621,41285233
2018-01-16 00:00:00+00:00,15.307115711626478,15.356895421547602,15.157777629437977,15.232446670532227,32739342
2018-01-17 00:00:00+00:00,15.253186921924803,15.32785595967398,15.137036016603696,15.28637409210205,29194465
2018-01-18 00:00:00+00:00,15.282224873778318,15.506230927401447,15.269779685631294,15.410820960998535,36623296
2018-01-19 00:00:00+00:00,15.502083146766736,15.502083146766736,15.323707359505864,15.435710906982422,36965815
2018-01-22 00:00:00+00:00,15.431562446238265,15.721940732181407,15.340299831237076,15.709495544433594,41918634
2018-01-23 00:00:00+00:00,15.742683498374358,15.854687058430105,15.361043600539697,15.42741584777832,43739664
2018-01-24 00:00:00+00:00,15.468897087343095,15.510378951689397,15.340299955630401,15.356893539428711,37823767
2018-01-25 00:00:00+00:00,15.38593081790886,15.53526782989502,15.282224064897086,15.53526782989502,30981997
2018-01-26 00:00:00+00:00,15.53941602410285,15.688754081726072,15.497934161496124,15.688754081726074,28609654
2018-01-29 00:00:00+00:00,15.40252331793273,15.630678802574355,15.340299475784905,15.456451416015625,40884590
2018-01-30 00:00:00+00:00,15.49793322998313,15.680456347691191,15.473042856825517,15.531119346618652,39565357
2018-01-31 00:00:00+00:00,15.522823689981417,15.730237196004968,15.485489175091201,15.53526782989502,54843258
2018-02-01 00:00:00+00:00,15.974989576993202,16.298554064253004,15.929358257989902,16.244626998901367,79392071
2018-02-02 00:00:00+00:00,16.190695810717358,16.194844206891077,15.684607191145709,15.792462348937988,61034679
2018-02-05 00:00:00+00:00,15.68460736251915,15.892020888022516,15.195111274719238,15.195111274719238,60368442
2018-02-06 00:00:00+00:00,14.966955902600587,15.377634532333843,14.726356269598028,15.278076171875,83286617
2018-02-07 00:00:00+00:00,15.269783195531641,15.53527222309519,15.240745464088752,15.319562911987305,47180078
2018-02-08 00:00:00+00:00,15.302966476869893,15.327855806679581,14.75539493560791,14.75539493560791,60563732
2018-02-09 00:00:00+00:00,14.863248079231278,15.078958368528246,14.531386901524147,14.954510688781738,66489162
2018-02-12 00:00:00+00:00,15.070661894882791,15.182665437560493,14.921323837979191,15.087255477905273,36741927
2018-02-13 00:00:00+00:00,15.054067852290457,15.228294171135666,14.921322344124528,15.182663917541504,30289413
2018-02-14 00:00:00+00:00,15.099705781933151,15.253191249676918,14.97940644620764,15.103854179382324,32880481
2018-02-15 00:00:00+00:00,15.128735055457938,15.348593711853027,15.02917671508314,15.348593711853027,36419533
2018-02-16 00:00:00+00:00,15.340300236463333,15.510379235635943,15.290520531731831,15.406672477722168,26349718
2018-02-20 00:00:00+00:00,15.298815622173125,15.385929833870295,15.211702458050592,15.25318431854248,29222666
2018-02-21 00:00:00+00:00,15.253182559392707,15.36518608398257,15.049918533215907,15.062362670898438,27529402
2018-02-22 00:00:00+00:00,15.128738403320312,15.344448712321176,15.103849074612446,15.128738403320312,24543650
2018-02-23 00:00:00+00:00,15.161926025895974,15.244891859906224,15.05407190828746,15.232446670532227,23098901
2018-02-26 00:00:00+00:00,15.319558665997,15.560158292435288,15.269778963338347,15.539416313171387,26309734
2018-02-27 00:00:00+00:00,15.522822714794891,15.614084274585057,15.294667243957518,15.29466724395752,28360874
2018-02-28 00:00:00+00:00,15.423268338041375,15.423268338041375,15.058219909667967,15.058219909667969,38768971
2018-03-01 00:00:00+00:00,15.062365305929065,15.244889483757516,14.879842175675314,14.933769226074219,37798744
2018-03-02 00:00:00+00:00,14.933768851889967,15.099699442315188,14.913027920927318,15.078958511352539,28285936
2018-03-05 00:00:00+00:00,15.016737216469206,15.273929413332858,14.975254299937209,15.224149703979492,25551876
2018-03-06 00:00:00+00:00,15.27807470925687,15.307112430663985,15.1411818457843,15.29466724395752,23119820
2018-03-07 00:00:00+00:00,15.178519542336298,15.361043747779481,15.166074353019198,15.311264038085938,24475464
2018-03-08 00:00:00+00:00,15.311262158123222,15.394227981567383,15.166072490883305,15.394227981567383,26170581
2018-03-09 00:00:00+00:00,15.41911869731952,15.439859631259917,15.273929017012268,15.369338989257812,24918077
2018-03-12 00:00:00+00:00,15.369336267856744,15.585046551970946,15.365187872288244,15.497933387756348,29531820
2018-03-13 00:00:00+00:00,15.576749161630353,15.684604299538503,15.456449885070041,15.510376930236816,25399351
2018-03-14 00:00:00+00:00,15.593344864178896,15.593344864178896,15.332003250892955,15.361042022705078,24633285
2018-03-15 00:00:00+00:00,15.38592962249412,15.468895437487367,15.352743506011747,15.365187644958496,28967928
2018-03-16 00:00:00+00:00,15.385928220440391,15.489634955944288,15.307110808136564,15.348593711853027,49124372
2018-03-19 00:00:00+00:00,15.340299453010154,15.39007915519933,15.128737551961882,15.174368858337402,26000580
2018-03-20 00:00:00+00:00,15.215850243437309,15.273926735429777,15.008437792291637,15.074810028076172,26701240
2018-03-21 00:00:00+00:00,15.07481049336329,15.141182731196416,14.933769226074217,14.933769226074219,23086853
2018-03-22 00:00:00+00:00,14.913028715609084,14.950363231391066,14.66828068884931,14.672429084777832,37332696
2018-03-23 00:00:00+00:00,14.6724301304717,14.929622315772223,14.332271068262445,14.394495964050293,46377072
2018-03-26 00:00:00+00:00,14.54383684137918,14.639246830202637,14.286643558925723,14.390350341796875,41696070
2018-03-27 00:00:00+00:00,14.456719927494653,14.601909606198896,14.390347682528395,14.477460861206055,44831567
2018-03-28 00:00:00+00:00,14.639244891494766,14.871547761040754,14.618502909122439,14.75124740600586,40707969
2018-03-29 00:00:00+00:00,14.801027037501818,14.888140220278245,14.527241252240389,14.788581848144531,36494868
2018-04-02 00:00:00+00:00,14.759542480503823,14.792728600860825,14.448422209316407,14.560425758361816,38704360
2018-04-03 00:00:00+00:00,14.5853148654283,14.69317001684572,14.456718781942993,14.672429084777832,28969385
2018-04-04 00:00:00+00:00,14.585311464054998,14.908876842850068,14.510643497478737,14.883986473083496,27224220
2018-04-05 00:00:00+00:00,14.904729021186972,15.020880941841872,14.80102228589405,14.991843223571777,22644769
2018-04-06 00:00:00+00:00,14.937915899250845,15.016733315429002,14.69316790762492,14.780281066894531,33255438
2018-04-09 00:00:00+00:00,14.895254802015765,15.089687284577188,14.819173222365961,14.865667343139648,28968590
2018-04-10 00:00:00+00:00,14.929069501221239,15.381337393160436,14.814946595688474,15.13618278503418,52696259
2018-04-11 00:00:00+00:00,15.072775838334673,15.10236328781925,14.869889555520304,14.899477005004883,27864639
2018-04-12 00:00:00+00:00,14.97133769866069,14.992471293236763,14.81917346941719,14.861440658569336,29062065
2018-04-13 00:00:00+00:00,14.88257103932202,14.950199803399466,14.802261481702477,14.852982521057129,19032235
2018-04-16 00:00:00+00:00,14.950198654463376,15.14040413853616,14.886795759032333,15.064321517944336,32964025
2018-04-17 00:00:00+00:00,15.085460748251574,15.119275137948899,14.92484159663395,14.945976257324219,27255599
2018-04-18 00:00:00+00:00,14.996695055025185,15.022055576636173,14.86143751655732,14.882572174072266,28599724
2018-04-19 00:00:00+00:00,14.895252500694557,14.907933295713914,14.713499775785378,14.717726707458496,31172124
2018-04-20 00:00:00+00:00,14.73463409669117,14.819170593403479,14.434530494028744,14.654324531555176,42967507
2018-04-23 00:00:00+00:00,14.671231703173746,14.747315406799315,14.620510657299366,14.747315406799316,28084556
2018-04-24 00:00:00+00:00,14.857210775616906,14.933293408832673,14.692365781920719,14.793808937072754,28561593
2018-04-25 00:00:00+00:00,14.738862906683348,14.895254057903564,14.679686924480178,14.878347396850586,33485549
2018-04-26 00:00:00+00:00,14.13442930553836,14.24432633477285,13.724429712453857,13.990717887878418,175073050
2018-04-27 00:00:00+00:00,14.00762114045255,14.185146903347437,13.9569001038579,13.965353965759277,71773908
2018-04-30 00:00:00+00:00,14.06257726519942,14.121752193529105,13.808968752146379,13.821649551391602,61108955
2018-05-01 00:00:00+00:00,13.842779243671043,13.910408019082837,13.677934237030671,13.754016876220703,47421840
2018-05-02 00:00:00+00:00,13.792055024203703,13.792055024203703,13.483498673916925,13.551127433776855,53196466
2018-05-03 00:00:00+00:00,13.542677379931062,13.589171498278933,13.360924636423933,13.500409126281738,53352169
2018-05-04 00:00:00+00:00,13.500407388676786,13.63989186058188,13.449686344751457,13.584942817687988,33814298
2018-05-07 00:00:00+00:00,13.618754662659487,13.63143545497913,13.462363561084365,13.542673110961914,34776581
2018-05-08 00:00:00+00:00,13.51308883736273,13.52576856525425,13.348243835516868,13.398964881896973,44372404
2018-05-09 00:00:00+00:00,13.369377828820717,13.403192216559576,13.174944298766993,13.272160530090332,49642586
2018-05-10 00:00:00+00:00,13.34824721078732,13.538452783919082,13.314431748107241,13.475050926208496,39600046
2018-05-11 00:00:00+00:00,13.525766241973704,13.656796834590423,13.521539310933575,13.648344039916992,36426285
2018-05-14 00:00:00+00:00,13.690613581077,13.728654899604424,13.568036829360762,13.606078147888184,35608980
2018-05-15 00:00:00+00:00,13.584945850979214,13.627214108626088,13.445462415336761,13.563812255859375,35095003
2018-05-16 00:00:00+00:00,13.563811211949698,13.699068772084134,13.546904550636452,13.652573585510254,25230541
2018-05-17 00:00:00+00:00,13.68638808580365,13.699067814050057,13.4835017597907,13.49618148803711,33656874
2018-05-18 00:00:00+00:00,13.500408426883244,13.568037202255766,13.43277965151072,13.546903610229492,28969650
2018-05-21 00:00:00+00:00,13.593398508199023,13.800512845525617,13.483502542451623,13.775151252746582,37984104
2018-05-22 00:00:00+00:00,13.792055061331563,13.868137683230495,13.694837784790261,13.707518577575684,38908785
2018-05-23 00:00:00+00:00,13.703293046708696,13.749788224265508,13.54690192341072,13.665251731872559,34379249
2018-05-24 00:00:00+00:00,13.69061597602155,13.868142871809559,13.614534393064515,13.855462074279785,46677223
2018-05-25 00:00:00+00:00,13.821643520181338,13.830097382655893,13.690611854046363,13.741333961486816,28884781
2018-05-29 00:00:00+00:00,13.720200772150049,13.732880498824155,13.584942170839948,13.665251731872559,35691200
2018-05-30 00:00:00+00:00,13.67793266533214,13.796283542406886,13.644118281511771,13.766695022583008,31955799
2018-05-31 00:00:00+00:00,13.745560581646574,13.758241375071426,13.593395330175758,13.66102409362793,38948770
2018-06-01 00:00:00+00:00,13.728654040979066,13.783603083151805,13.677932997719402,13.724428176879883,31463933
2018-06-04 00:00:00+00:00,13.770922819343209,13.81319106862651,13.682160456514563,13.699067115783691,24333399
2018-06-05 00:00:00+00:00,13.69906651238901,13.825871254653622,13.652571333484625,13.813190460205078,30999209
2018-06-06 00:00:00+00:00,13.85123079295066,14.185147682324022,13.779375097656617,14.109065055847168,45205729
2018-06-07 00:00:00+00:00,13.97803479235406,14.358447933815825,13.906180162752271,14.29081916809082,56352882
2018-06-08 00:00:00+00:00,14.22741683733844,14.383809031484484,14.193602453118611,14.299272537231445,43935086
2018-06-11 00:00:00+00:00,14.358446061379727,14.574012056887645,14.290817304473958,14.447208404541016,49197060
2018-06-12 00:00:00+00:00,14.586693663942997,14.595146458473355,14.404940969327944,14.519064903259277,78647321
2018-06-13 00:00:00+00:00,13.948446350637447,14.007621249594543,13.614529476999362,13.618755340576172,258289495
2018-06-14 00:00:00+00:00,13.779375027941667,13.939994142448365,13.568034874311593,13.745560646057129,117442904
2018-06-15 00:00:00+00:00,13.787827636692825,14.062569597951361,13.589167227202116,14.011847496032715,150914551
2018-06-18 00:00:00+00:00,13.956902810768955,13.965356674309941,13.568036829360762,13.606078147888184,104138823
2018-06-19 00:00:00+00:00,13.525771569209518,13.779380059655303,13.508864905796997,13.690616607666016,115643059
2018-06-20 00:00:00+00:00,13.73711039659042,13.770924787368132,13.504636593419537,13.52577018737793,73886085
2018-06-21 00:00:00+00:00,13.568036304756365,13.652571734676643,13.31865481178865,13.356696128845215,68087230
2018-06-22 00:00:00+00:00,13.411644014947182,13.479272780010042,13.31865366243059,13.394736289978027,82958662
2018-06-25 00:00:00+00:00,13.377829140005268,13.504632802979028,13.34824168980518,13.403189659118652,64377382
2018-06-26 00:00:00+00:00,13.41164659052171,13.445460979546862,13.272161034959998,13.365151405334473,59108126
2018-06-27 00:00:00+00:00,13.517316903076685,13.546904360514963,13.37360548059896,13.377832412719727,61469348
2018-06-28 00:00:00+00:00,13.42009955442858,13.661026126090565,13.382058235901159,13.606078147888184,55928276
2018-06-29 00:00:00+00:00,13.631436711770018,13.73287985745973,13.546901290732022,13.572261810302734,55645999
2018-07-02 00:00:00+00:00,13.593397811137704,13.656799655019872,13.52576903534245,13.614532470703125,50002449
2018-07-03 00:00:00+00:00,13.631437953419502,13.859685852566958,13.601850499990821,13.825871467590332,44857650
2018-07-05 00:00:00+00:00,13.842774992999326,13.863909645955141,13.720198275482462,13.779373168945312,46895286
2018-07-06 00:00:00+00:00,13.804736597239383,13.838552049102164,13.7159742383204,13.813190460205078,54541518
2018-07-09 00:00:00+00:00,13.908964111045156,13.965049267564094,13.852880044002637,13.870136260986328,57539848
2018-07-10 00:00:00+00:00,13.908967036718877,14.021136283874512,13.86151161292443,14.021136283874512,51435414
2018-07-11 00:00:00+00:00,13.92622587248869,13.956425078978153,13.745029544075136,13.749343872070312,51941182
2018-07-12 00:00:00+00:00,13.831317039887407,13.939170906148815,13.762289955372978,13.904657363891602,58851800
2018-07-13 00:00:00+00:00,13.753654925166602,13.77091114356164,13.589714858292947,13.663057327270508,70635135
2018-07-16 00:00:00+00:00,13.680314241264893,13.801111044601807,13.65442936761792,13.762284278869629,43981029
2018-07-17 00:00:00+00:00,13.749340777503477,13.8528813576535,13.68031372407013,13.701884269714355,48245236
2018-07-18 00:00:00+00:00,13.727771529976874,13.783855607641163,13.676000690268078,13.680315017700195,59012004
2018-07-19 00:00:00+00:00,13.688944540467746,13.710515089519324,13.481862257979804,13.490490913391113,68428822
2018-07-20 00:00:00+00:00,13.51637293054635,13.537944564510802,13.391261811458378,13.417146682739258,48517053
2018-07-23 00:00:00+00:00,13.434409465396186,13.460295438803167,13.2877277301416,13.374011039733887,49376329
2018-07-24 00:00:00+00:00,13.48185924009576,13.667369842529297,13.378318666767461,13.667369842529297,67484015
2018-07-25 00:00:00+00:00,13.417146718194829,13.451660243152693,12.99867009189616,13.050439834594727,127781491
2018-07-26 00:00:00+00:00,13.09789838814789,13.184182758773494,13.072013512750862,13.093584060668945,58705498
2018-07-27 00:00:00+00:00,13.136727706640825,13.464606826207365,13.093585516531087,13.40852165222168,60943985
2018-07-30 00:00:00+00:00,13.615600840237871,13.86150985143555,13.56814433299744,13.805424690246582,84792932
2018-07-31 00:00:00+00:00,13.865822663983973,13.952107021871925,13.779539395572497,13.792482376098633,62956068
2018-08-01 00:00:00+00:00,13.891709736581056,13.921908937415285,13.72345642366089,13.762284278869629,41515609
2018-08-02 00:00:00+00:00,13.740710258483888,13.848565151019349,13.706196736451595,13.740710258483887,41306020
2018-08-03 00:00:00+00:00,13.762286554681896,13.926225567524721,13.701887053548862,13.921911239624023,35197746
2018-08-06 00:00:00+00:00,13.896020742641726,13.94347615140665,13.805422072315414,13.85287857055664,39835585
2018-08-07 00:00:00+00:00,13.844252282030292,13.995249365371384,13.792482538269995,13.977992057800293,36200146
2018-08-08 00:00:00+00:00,14.0125050628819,14.034076696544348,13.934849360649984,13.960735321044922,29064448
2018-08-09 00:00:00+00:00,13.977993052271879,14.02113523479249,13.908965996029526,14.016820907592773,22388046
2018-08-10 00:00:00+00:00,13.973675155286386,13.982303807481502,13.87444892347141,13.917591094970703,28441506
2018-08-13 00:00:00+00:00,13.917593341123622,13.95210686599792,13.883079816249325,13.89602279663086,30159926
2018-08-14 00:00:00+00:00,13.908965110778809,13.969364598254103,13.896023219479922,13.908965110778809,23881650
2018-08-15 00:00:00+00:00,13.926220135840518,14.042703675296732,13.861507421523617,14.008190155029297,39232106
2018-08-16 00:00:00+00:00,14.03407540315593,14.297240593772752,14.03407540315593,14.275670051574707,49497475
2018-08-17 00:00:00+00:00,14.262728402501649,14.34901166222483,14.219586227901875,14.249785423278809,34647226
2018-08-20 00:00:00+00:00,14.297239831953924,14.344696329632555,14.241155771541596,14.284297943115234,31105394
2018-08-21 00:00:00+00:00,14.379216990473292,14.48707192823569,14.37058833397786,14.409416198730469,37627153
2018-08-22 00:00:00+00:00,14.323127665080731,14.323127665080731,14.090160561747451,14.09878921508789,45223736
2018-08-23 00:00:00+00:00,14.103105272633998,14.14624745515461,13.982307379471596,14.016820907592773,28404566
2018-08-24 00:00:00+00:00,14.003880573746885,14.12467848035103,14.003880573746885,14.081536293029785,21492889
2018-08-27 00:00:00+00:00,14.124671990352471,14.24978307767373,14.116043338957574,14.16349983215332,23296972
2018-08-28 00:00:00+00:00,14.154878107020497,14.163506762637567,14.077222385420317,14.094478607177734,21825743
2018-08-29 00:00:00+00:00,14.090168062078005,14.107425377945118,13.896029795435057,13.904657363891602,33315018
2018-08-30 00:00:00+00:00,13.891709489387548,13.943479235760286,13.749341052647702,13.788168907165527,33840646
2018-08-31 00:00:00+00:00,13.78385438900137,13.801110607727585,13.68462813526518,13.779540061950684,41386784
2018-09-04 00:00:00+00:00,13.710514963936165,13.779542027640986,13.581089491858796,13.745028495788574,33314753
2018-09-05 00:00:00+00:00,13.697573900347765,13.826999380266997,13.606975192822901,13.814056396484375,35382046
2018-09-06 00:00:00+00:00,13.861511841340132,13.939166469595213,13.805426672099797,13.883082389831543,33955436
2018-09-07 00:00:00+00:00,13.874453982742011,13.973680250739495,13.844254778523357,13.857197761535645,34103327
2018-09-10 00:00:00+00:00,13.926223169085983,14.103105135167471,13.891709641301219,13.973678588867188,34780156
2018-09-11 00:00:00+00:00,14.01250855776902,14.150563779211964,14.008195319437206,14.094478607177734,34892431
2018-09-12 00:00:00+00:00,14.167820691517006,14.517270366273475,14.167820691517006,14.418044090270996,65719388
2018-09-13 00:00:00+00:00,14.42667275195624,14.534527684038574,14.275675629145617,14.530213356018066,45818079
2018-09-14 00:00:00+00:00,14.500005624922627,14.5172618373831,14.366264803342334,14.495691299438477,43936675
2018-09-17 00:00:00+00:00,14.495695305997355,14.586293987253422,14.422353931447752,14.504323959350586,33820653
2018-09-18 00:00:00+00:00,14.478438140055635,14.633749544018068,14.400782438074419,14.547466278076172,44568356
2018-09-19 00:00:00+00:00,14.638063922776288,14.651006902977985,14.344698420682727,14.396468162536621,41038704
2018-09-20 00:00:00+00:00,14.448240621085299,14.465497929964483,14.301557853518522,14.42667007446289,32803159
2018-09-21 00:00:00+00:00,14.68983637999921,14.771805328586394,14.573352813720705,14.573352813720703,172328000
2018-09-24 00:00:00+00:00,14.776118292998923,14.78906127343944,14.560408489182452,14.629435539245605,48180625
2018-09-25 00:00:00+00:00,14.573353577054965,14.750235554605005,14.53452571959504,14.564724922180176,40622306
2018-09-26 00:00:00+00:00,14.59492431485127,14.629437845323306,14.383528804525458,14.387843132019043,43533782
2018-09-27 00:00:00+00:00,14.422358418289814,14.569041213022508,14.353331348942284,14.418044090270996,32880878
2018-09-28 00:00:00+00:00,14.413729640545414,14.530213227639596,14.370587450198299,14.48707103729248,29197113
2018-10-01 00:00:00+00:00,14.52158357923474,14.560411438945877,14.405100000101328,14.4482421875,29813567
2018-10-02 00:00:00+00:00,14.465495719697916,14.638063334739297,14.443924086894992,14.633749008178711,39724502
2018-10-03 00:00:00+00:00,14.702776054195263,14.720033360437604,14.569036288722744,14.633749008178711,35349608
2018-10-04 00:00:00+00:00,14.59492333251537,14.728663117908352,14.465497874325587,14.720035552978516,36434097
2018-10-05 00:00:00+00:00,14.750236247627907,14.797691672715631,14.607867793411376,14.663951873779297,37956167
2018-10-08 00:00:00+00:00,14.672578948095342,14.745920331121154,14.573352691494703,14.715721130371094,37166931
2018-10-09 00:00:00+00:00,14.822190247488487,14.826589963261862,14.738597869873045,14.738597869873047,36894716
2018-10-10 00:00:00+00:00,14.795792130299793,14.954176332950832,14.448224605488125,14.452624320983887,60268612
2018-10-11 00:00:00+00:00,14.443828622318126,14.545018763966945,13.929077370446112,13.968673706054688,84334960
2018-10-12 00:00:00+00:00,14.16225294749922,14.23704589392338,14.0126670546509,14.188650131225586,57132718
2018-10-15 00:00:00+00:00,14.19745276274944,14.373435878988609,14.171055573073463,14.237049102783203,44013202
2018-10-16 00:00:00+00:00,14.241445819945893,14.285441867498857,14.1446542931215,14.250244140625,37136479
2018-10-17 00:00:00+00:00,14.259042123991883,14.395429968656515,14.201848045710024,14.329435348510742,39605606
2018-10-18 00:00:00+00:00,14.32943715188258,14.452625865813614,14.18425096916072,14.298640251159668,40679900
2018-10-19 00:00:00+00:00,14.276643259695112,14.496622399115722,14.215048345150533,14.46142578125,46516092
2018-10-22 00:00:00+00:00,14.479022001842731,14.501020580079567,14.338235545284194,14.373432159423828,30573676
2018-10-23 00:00:00+00:00,14.3866297875525,14.641805490885476,14.100657188978523,14.527416229248047,70738937
2018-10-24 00:00:00+00:00,13.95987237049833,13.99066926932031,13.31313305107947,13.357129096984863,157361240
2018-10-25 00:00:00+00:00,13.484718253901194,13.511115438467307,13.093154646146877,13.189946174621582,101822750
2018-10-26 00:00:00+00:00,13.1503549392723,13.167952698790728,12.692797637235818,12.79838752746582,102825150
2018-10-29 00:00:00+00:00,13.018364885950875,13.339534201051203,12.886376719977902,13.040362358093262,65233480
2018-10-30 00:00:00+00:00,13.132751538906469,13.458321643618296,13.119553501579924,13.405526161193848,65072879
2018-10-31 00:00:00+00:00,13.502315937530396,13.62990436585281,13.251539907836683,13.497916221618652,59387755
2018-11-01 00:00:00+00:00,13.634304714227099,13.660703013073265,13.365930897607187,13.414326667785645,46842988
2018-11-02 00:00:00+00:00,13.475918422102852,13.599106020448408,13.35272971271795,13.427522659301758,44376640
2018-11-05 00:00:00+00:00,13.47591495513916,13.57710505947239,13.44951777814768,13.47591495513916,36206766
2018-11-06 00:00:00+00:00,13.48031683875109,13.625503002122821,13.423121649854787,13.621103286743164,32187234
2018-11-07 00:00:00+00:00,13.634303437843352,13.695898351678647,13.502316400126626,13.682699203491211,40827261
2018-11-08 00:00:00+00:00,13.673899250953841,13.709095867074721,13.585908266171327,13.656301498413086,39121022
2018-11-09 00:00:00+00:00,13.62990587100085,13.673900812897882,13.392327851767295,13.502317428588867,52952983
2018-11-12 00:00:00+00:00,13.506720219077028,13.739897463943954,13.48472274312195,13.541916847229004,34338337
2018-11-13 00:00:00+00:00,13.57270588929777,13.594704463539072,13.321929920220652,13.343927383422852,33948684
2018-11-14 00:00:00+00:00,13.44072413328986,13.51551709282026,13.247142159615967,13.423125267028809,41432594
2018-11-15 00:00:00+00:00,13.352727436111909,13.36152686621898,13.154746924937719,13.251537322998047,51526638
2018-11-16 00:00:00+00:00,13.229540569854436,13.38352617378024,13.176746204018867,13.326332092285156,38302658
2018-11-19 00:00:00+00:00,13.348328174811552,13.506713477966262,13.291134099249682,13.352727890014648,37015995
2018-11-20 00:00:00+00:00,13.185545769815684,13.277936466489864,12.934769751940834,12.94356918334961,54806053
2018-11-21 00:00:00+00:00,12.978766322188832,13.211943486664719,12.939169990289274,13.097554206848145,40125806
2018-11-23 00:00:00+00:00,13.093156492611204,13.093156492611204,12.912773669065398,12.917173385620117,17742924
2018-11-26 00:00:00+00:00,13.04475839701166,13.264736389535624,13.040358681615688,13.176745414733887,47387946
2018-11-27 00:00:00+00:00,13.12835024302734,13.414323979268973,13.075555877995152,13.392325401306152,42574147
2018-11-28 00:00:00+00:00,13.392328621325754,13.58151088209609,13.35273228251152,13.524316787719727,45639472
2018-11-29 00:00:00+00:00,13.361532761638982,13.51111869530339,13.286739794806778,13.449524879455566,40881545
2018-11-30 00:00:00+00:00,13.511116035350005,13.82788559725546,13.497916886964159,13.744293212890625,106538705
2018-12-03 00:00:00+00:00,13.964274703451313,14.03466794567769,13.775091337288572,13.951075553894043,57899712
2018-12-04 00:00:00+00:00,13.959874849528038,14.083062466691928,13.49351934660864,13.519916534423828,59356641
2018-12-06 00:00:00+00:00,13.409923539513402,13.445120151313935,13.13274924942487,13.431921005249023,68847073
2018-12-07 00:00:00+00:00,13.295536354247531,13.585908724807078,13.203144539411637,13.260339736938477,49616370
2018-12-10 00:00:00+00:00,13.233943083542677,13.238342800132415,12.833581095311358,13.159150123596191,54352980
2018-12-11 00:00:00+00:00,13.392324220592654,13.493515448221679,13.018360649626821,13.066755294799805,65621809
2018-12-12 00:00:00+00:00,13.247138962355423,13.326331619337559,13.167946305373288,13.269136428833008,54156499
2018-12-13 00:00:00+00:00,13.238342800132415,13.282338854990266,13.000765881563284,13.159150123596191,65005487
2018-12-14 00:00:00+00:00,13.123950622391138,13.374727746746009,13.066756541352568,13.29553508758545,56589614
2018-12-17 00:00:00+00:00,13.255939762204996,13.304334415660895,13.022761482683364,13.137150764465332,58284731
2018-12-18 00:00:00+00:00,13.03596297866514,13.207546376724936,13.022763828414547,13.08875846862793,58914160
2018-12-19 00:00:00+00:00,13.163548505336005,13.330733274634557,13.027161749042556,13.119553565979004,68079550
2018-12-20 00:00:00+00:00,13.12835167883772,13.137151110985217,12.402420747457462,12.604802131652832,101572381
2018-12-21 00:00:00+00:00,12.468412692131402,12.864374832054617,12.38042061168661,12.45521354675293,105470767
2018-12-24 00:00:00+00:00,12.411218893246097,12.446415507148727,12.03725528717041,12.03725528717041,54429772
2018-12-26 00:00:00+00:00,12.098849156986255,12.362823207334408,11.790877950194337,12.354024887084961,75985949
2018-12-27 00:00:00+00:00,12.235238829217092,12.389224469506113,11.953665848830017,12.384824752807617,77548269
2018-12-28 00:00:00+00:00,12.402420716223062,12.670795618769956,12.393622395137134,12.521209716796875,66978909
2018-12-31 00:00:00+00:00,12.569605168976999,12.600402069608231,12.35842435843255,12.556406021118164,69988626
2019-01-02 00:00:00+00:00,12.538810407210466,13.018365084371725,12.450818295220675,12.996366500854492,52025256
2019-01-03 00:00:00+00:00,12.987565561803795,13.115152876339675,12.85117770459455,13.013962745666504,49787166
2019-01-04 00:00:00+00:00,13.181146846126017,13.36592936161671,13.150349945384134,13.3483304977417,55703858
2019-01-07 00:00:00+00:00,13.51991400734185,13.757490875350769,13.383526155204104,13.590307235717773,54377872
2019-01-08 00:00:00+00:00,13.775086537947773,13.805884542851148,13.651898962490824,13.76188850402832,57683105
2019-01-09 00:00:00+00:00,13.885656078727791,13.885656078727791,13.476460912025907,13.534916877746582,58660217
2019-01-10 00:00:00+00:00,13.51243395377511,13.705790134532153,13.409011250061651,13.669816970825195,42388654
2019-01-11 00:00:00+00:00,13.669819456494281,13.917134860006488,13.629349498020998,13.8811616897583,38308086
2019-01-14 00:00:00+00:00,13.804713811864204,13.840686969736709,13.665317967052271,13.7687406539917,32395897
2019-01-15 00:00:00+00:00,13.723779102110807,13.75975227355957,13.593376781441274,13.75975227355957,35397670
2019-01-16 00:00:00+00:00,13.728276563839263,13.827203641840065,13.647336640221399,13.741766929626465,32430586
2019-01-17 00:00:00+00:00,13.737269564730155,13.827203061766633,13.674316798136198,13.777739524841309,34777508
2019-01-18 00:00:00+00:00,13.858681896343422,13.95311106293669,13.723781626927972,13.921634674072266,57261808
2019-01-22 00:00:00+00:00,13.903645208158816,13.93512159179567,13.678812598692536,13.750760078430176,49859854
2019-01-23 00:00:00+00:00,13.813711712194054,13.894651626648661,13.755255738172698,13.890154838562012,36879490
2019-01-24 00:00:00+00:00,13.840692193207442,13.840692193207442,13.611362799389346,13.75975227355957,32297391
2019-01-25 00:00:00+00:00,13.795726068923747,13.95760591554055,13.777740050162253,13.786733627319336,40353402
2019-01-28 00:00:00+00:00,13.768743402819055,13.795722992721661,13.683306709982983,13.791227340698242,41081866
2019-01-29 00:00:00+00:00,13.768746751124464,13.804719924926758,13.692303614850506,13.804719924926758,41497735
2019-01-30 00:00:00+00:00,13.471964699942026,13.669817678346952,13.04478236520348,13.20666217803955,123070434
2019-01-31 00:00:00+00:00,13.265121423404452,13.530422852586238,13.107738372799746,13.516932487487793,69082348
2019-02-01 00:00:00+00:00,13.58437948529785,13.651829021352569,13.444983626044454,13.489949226379395,54384889
2019-02-04 00:00:00+00:00,13.503441276941528,13.503441276941528,13.292099068052897,13.314581871032715,51681413
2019-02-05 00:00:00+00:00,13.341561215124507,13.359547228534574,13.247130954176576,13.32357406616211,38762616
2019-02-06 00:00:00+00:00,13.355052713672977,13.395522670172056,13.274113936227344,13.292099952697754,30356937
2019-02-07 00:00:00+00:00,13.283107594486724,13.292101171322727,13.004314661439057,13.242637634277344,50163315
2019-02-08 00:00:00+00:00,13.22015003289728,13.292096350385686,13.085249835942355,13.287599563598633,32148838
2019-02-11 00:00:00+00:00,13.30109259983832,13.418004537612848,13.247132283090313,13.359548568725586,38471865
2019-02-12 00:00:00+00:00,13.42249937166634,13.503439267231366,13.368540198324512,13.404513359069824,39705568
2019-02-13 00:00:00+00:00,13.404514808931367,13.435991186044033,13.265118937909952,13.418004035949707,39773092
2019-02-14 00:00:00+00:00,13.35505121199191,13.494447082285479,13.287601670595176,13.39552116394043,34220369
2019-02-15 00:00:00+00:00,13.503442848315578,13.72377865825724,13.45847610157078,13.701295852661133,49237839
2019-02-19 00:00:00+00:00,13.696798869055169,13.79572480204054,13.629349317676391,13.773241996765137,32719218
2019-02-20 00:00:00+00:00,13.77774223352199,13.91264137004502,13.69680229738703,13.872171401977539,32767808
2019-02-21 00:00:00+00:00,13.876664803056116,13.966598295814649,13.773242081270602,13.863174438476562,35192450
2019-02-22 00:00:00+00:00,13.917135319545178,14.025054833853199,13.8586793417939,14.007067680358887,30924933
2019-02-25 00:00:00+00:00,14.052033718205214,14.070020870790268,13.948610997498838,13.998074531555176,32325063
2019-02-26 00:00:00+00:00,14.002567676972417,14.132971103207487,13.921628911489542,14.038540840148926,39276195
2019-02-27 00:00:00+00:00,14.043039545650972,14.061026697472299,13.840690900976123,13.966597557067871,34886738
2019-02-28 00:00:00+00:00,13.96660026708747,14.061029425814526,13.926130303189378,13.993579864501953,37371224
2019-03-01 00:00:00+00:00,14.029553022586148,14.047539042323116,13.77774079739947,13.858680725097656,40505000
2019-03-04 00:00:00+00:00,13.917130780937526,13.917130780937526,13.341560225664539,13.480956077575684,65515095
2019-03-05 00:00:00+00:00,13.498945596367365,13.512435960593155,13.400019665369202,13.467469215393066,34463455
2019-03-06 00:00:00+00:00,13.489948906119768,13.552902789088277,13.386526210921028,13.404513359069824,32544317
2019-03-07 00:00:00+00:00,13.427001801526789,13.521430962335868,13.400022203517446,13.453981399536133,32869756
2019-03-08 00:00:00+00:00,13.422503207476906,13.516932355586698,13.373040807037178,13.471966743469238,29797812
2019-03-11 00:00:00+00:00,13.480959128057998,13.629348587361033,13.467468764284083,13.588878631591797,34448494
2019-03-12 00:00:00+00:00,13.602368588682825,13.894651870578478,13.58887935973861,13.773241996765137,43009610
2019-03-13 00:00:00+00:00,13.782234687225575,13.813711066808983,13.584381698419522,13.61585807800293,36677713
2019-03-14 00:00:00+00:00,13.61585807800293,13.710288352305646,13.584381698419522,13.61585807800293,29249014
2019-03-15 00:00:00+00:00,13.719279875037262,13.795722992721661,13.624850742601934,13.791227340698242,70650758
2019-03-18 00:00:00+00:00,13.795723444472085,13.867669776936577,13.755254626069206,13.84968376159668,30882432
2019-03-19 00:00:00+00:00,13.881159654068037,13.962099559144658,13.741763781742977,13.795722961425781,38039182
2019-03-20 00:00:00+00:00,13.755252632141245,13.831694605695526,13.669815948892182,13.719278335571289,32656328
2019-03-21 00:00:00+00:00,13.692301440660229,14.00706637756083,13.692301440660229,13.966597557067871,34878529
2019-03-22 00:00:00+00:00,13.939616797731963,14.092503045656565,13.939616797731963,13.97109317779541,43918934
2019-03-25 00:00:00+00:00,13.984580606199975,14.007063405653899,13.782232004457837,13.836191177368164,33938489
2019-03-26 00:00:00+00:00,13.926127011313714,14.128475647420009,13.912636648018974,14.114986419677734,32179688
2019-03-27 00:00:00+00:00,14.079011135222917,14.227401714453988,14.052031546068351,14.119481086730957,35408526
2019-03-28 00:00:00+00:00,14.128477327582155,14.164450498426932,13.881161919968383,13.944114685058594,35743234
2019-03-29 00:00:00+00:00,14.011563208196614,14.114987060379256,13.926127643442607,14.101496696472168,41847006
2019-04-01 00:00:00+00:00,14.209418203022349,14.384787280759488,14.182438606959561,14.366801261901855,50012511
2019-04-02 00:00:00+00:00,14.348813553822755,14.366800707539007,14.186934848139662,14.222908020019531,42296239
2019-04-03 00:00:00+00:00,14.29934847443338,14.37129480472005,14.22740214414671,14.330824851989746,38104720
2019-04-04 00:00:00+00:00,14.366799667122862,14.447739581879212,14.35330930281262,14.380290031433105,37352688
2019-04-05 00:00:00+00:00,14.420761370457909,14.551164841561686,14.353311808238221,14.54666805267334,52865599
2019-04-08 00:00:00+00:00,14.59163317324314,14.623109556386696,14.474720081886632,14.564652442932129,49321648
2019-04-09 00:00:00+00:00,14.626761182805069,14.645131302338841,14.48439739533741,14.580838203430176,35455396
2019-04-10 00:00:00+00:00,14.580833849740701,14.714012537675664,14.57624132122854,14.640534400939941,26990932
2019-04-11 00:00:00+00:00,14.65890825100067,14.810457103598141,14.640539290546636,14.787495613098145,33008512
2019-04-12 00:00:00+00:00,14.833418594098136,14.842603654190057,14.677278371184514,14.787495613098145,34451936
2019-04-15 00:00:00+00:00,14.792087826572608,14.810456786633521,14.668092997174757,14.704832077026367,25769939
2019-04-16 00:00:00+00:00,14.75075095898794,14.81045150756836,14.668087768853995,14.81045150756836,28733316
2019-04-17 00:00:00+00:00,14.73238523586529,14.78749443228643,14.67268466949463,14.672684669494629,29610995
2019-04-18 00:00:00+00:00,14.67268779435426,14.741573434754052,14.626763647511076,14.709426879882812,30872370
2019-04-22 00:00:00+00:00,14.704830664392404,14.778308817036873,14.658906529057193,14.73238468170166,29444568
2019-04-23 00:00:00+00:00,14.723201513508881,14.824233688479428,14.640538297746739,14.741570472717285,41937700
2019-04-24 00:00:00+00:00,14.268550265250411,14.507354793459877,14.0159693110058,14.13996410369873,95658073
2019-04-25 00:00:00+00:00,14.071081004413525,14.07567353382096,13.800129887482349,13.933308601379395,58284201
2019-04-26 00:00:00+00:00,13.993008350393186,14.218035301242184,13.90575262341762,14.089447975158691,46593943
2019-04-29 00:00:00+00:00,14.19507086603422,14.378766194593052,14.153740431871654,14.181294441223145,42053815
2019-04-30 00:00:00+00:00,14.208852546277773,14.300699657167458,14.126189334666286,14.218037605285645,46341721
2019-05-01 00:00:00+00:00,14.259366367803462,14.332844505755693,14.135371575110534,14.13996410369873,35810228
2019-05-02 00:00:00+00:00,14.218034796504051,14.240996279757999,14.048117037074174,14.061893463134766,39338026
2019-05-03 00:00:00+00:00,14.080261952613933,14.139962498022228,14.038930359743071,14.098630905151367,37370694
2019-05-06 00:00:00+00:00,13.98841877191881,14.071081987569091,13.951679693821989,14.048120498657227,33340968
2019-05-07 00:00:00+00:00,14.015971549962847,14.048119255215589,13.905754325428044,14.020564079284668,34121069
2019-05-08 00:00:00+00:00,13.956264790462873,14.006781430839558,13.855231509709505,13.914933204650879,33120125
2019-05-09 00:00:00+00:00,13.901164464577374,13.983827688778938,13.836871361189424,13.951681137084961,35851802
2019-05-10 00:00:00+00:00,13.891974543975444,14.107817589372104,13.850642946334782,14.061893463134766,29145609
2019-05-13 00:00:00+00:00,13.937900377081245,14.075672772665198,13.933307847922155,13.993009567260742,36692409
2019-05-14 00:00:00+00:00,14.09863288898806,14.410915563629908,14.061893819014282,14.277735710144043,49683365
2019-05-15 00:00:00+00:00,14.254770992274254,14.374173232532156,14.185885396667945,14.351210594177246,31685041
2019-05-16 00:00:00+00:00,14.397134839123316,14.640531849473474,14.397134839123316,14.521129608154297,31292608
2019-05-17 00:00:00+00:00,14.424695791855633,14.695646939223503,14.410919361815429,14.603799819946289,40897698
2019-05-20 00:00:00+00:00,14.824231458230274,15.191622184423117,14.677275167753136,14.782899856567383,70774685
2019-05-21 00:00:00+00:00,14.805862387526881,14.989558923324033,14.736976766467768,14.883933067321777,30867074
2019-05-22 00:00:00+00:00,14.805861984468946,14.90230277911002,14.75075395301371,14.82423210144043,26465171
2019-05-23 00:00:00+00:00,14.778305492922245,14.842598572092163,14.663495760273443,14.75993537902832,32657122
2019-05-24 00:00:00+00:00,14.842602602153747,14.856380191315079,14.741570427493146,14.81964111328125,21391471
2019-05-28 00:00:00+00:00,14.847190395348715,14.888521989917455,14.65431000727105,14.663495063781738,32468584
2019-05-29 00:00:00+00:00,14.654314041137695,14.79208644753431,14.553281870897255,14.654314041137695,35680344
2019-05-30 00:00:00+00:00,14.677276559683325,14.727792064494544,14.53032025526948,14.631352424621582,32077342
2019-05-31 00:00:00+00:00,14.263957222770474,14.309880183805294,13.95167459324958,14.043522834777832,65422282
2019-06-03 00:00:00+00:00,14.107817946413872,14.39713797749119,14.089447831562246,14.277735710144043,48092446
2019-06-04 00:00:00+00:00,14.415510815989531,14.466026321916885,14.227222901832876,14.456842422485352,41391153
2019-06-05 00:00:00+00:00,14.521132968283698,14.562464567524652,14.429284712252807,14.548686981201172,27050379
2019-06-06 00:00:00+00:00,14.603799219600202,14.77371702112929,14.557875081984596,14.741570472717285,32321091
2019-06-07 00:00:00+00:00,14.773716113132833,15.017113215725479,14.759938524776006,14.920672416687012,42087842
2019-06-10 00:00:00+00:00,15.012516773623673,15.15488051062191,14.631348525723688,14.663495063781738,40947745
2019-06-11 00:00:00+00:00,14.72319806995527,14.897708360403335,14.709420483974057,14.746159553527832,25967082
2019-06-12 00:00:00+00:00,14.746160418281043,14.838007517686902,14.709421346572794,14.77830696105957,25530560
2019-06-13 00:00:00+00:00,14.796673485026805,14.847190135221165,14.750750522736665,14.828821182250977,22340382
2019-06-14 00:00:00+00:00,14.851788886221671,14.897713027483135,14.778310724095256,14.8563814163208,26279414
2019-06-17 00:00:00+00:00,14.810450689853754,14.87474376319513,14.773711625125923,14.833412170410156,22262001
2019-06-18 00:00:00+00:00,14.89770793914795,15.0171102017538,14.879337825025774,14.89770793914795,27187148
2019-06-19 00:00:00+00:00,14.943634789374745,14.96659627648457,14.842601462740383,14.883933067321777,28081510
2019-06-20 00:00:00+00:00,14.96200299001556,14.971188048286566,14.838008182545707,14.943634033203125,35835384
2019-06-21 00:00:00+00:00,15.012521885825398,15.017114415644633,14.888527059895324,14.902304649353027,51925426
2019-06-24 00:00:00+00:00,14.920672103412718,15.012520371070465,14.906895675074802,14.962003707885742,28790910
2019-06-25 00:00:00+00:00,14.971187460082424,14.971187460082424,14.902301845215485,14.948225975036621,25460123
2019-06-26 00:00:00+00:00,14.966598973836211,15.058447258288123,14.934452422196998,14.939044952392578,37020232
2019-06-27 00:00:00+00:00,15.044663337681191,15.168658121601691,14.952816251603656,15.145696640014648,37316013
2019-06-28 00:00:00+00:00,15.173256218210804,15.407467127484315,15.11814701855659,15.389098167419434,53981201
2019-07-01 00:00:00+00:00,15.526865491546857,15.568197087792104,15.338576464357732,15.352354049682617,42843978
2019-07-02 00:00:00+00:00,15.370728532175766,15.554425096994198,15.324804390971158,15.540647506713867,35260636
2019-07-03 00:00:00+00:00,15.595755355038708,15.632494432868999,15.554423747513418,15.604940414428711,26660726
2019-07-05 00:00:00+00:00,15.604937915459969,15.784040746234956,15.586567799621747,15.751893043518066,32447268
2019-07-08 00:00:00+00:00,15.673821498740871,15.779446171930886,15.646266328555262,15.72892951965332,42167017
2019-07-09 00:00:00+00:00,15.736067847928988,15.768860900413948,15.647057289003216,15.712644577026367,41013548
2019-07-10 00:00:00+00:00,15.806342191530762,15.853189926311753,15.750125856236355,15.815711975097656,33566180
2019-07-11 00:00:00+00:00,15.923463098341472,15.937517775599538,15.58147659921132,15.6751708984375,38215804
2019-07-12 00:00:00+00:00,15.707960044045251,15.768861259611265,15.642372754528093,15.764176368713379,30785251
2019-07-15 00:00:00+00:00,15.768866225694545,15.806344181627301,15.72670337738849,15.792290687561035,26817752
2019-07-16 00:00:00+00:00,15.778236788705458,15.796976359122983,15.69859598053835,15.731389045715332,23658953
2019-07-17 00:00:00+00:00,15.72201536158844,15.731385144473581,15.576788459082332,15.581473350524902,24888817
2019-07-18 00:00:00+00:00,15.548682607729845,15.55336749986971,15.384716115048855,15.501834869384766,42533500
2019-07-19 00:00:00+00:00,15.567422927847748,15.586162498736032,15.351924960954783,15.361294746398926,42575603
2019-07-22 00:00:00+00:00,15.342550156199104,15.342550156199104,15.023987019745864,15.052096366882324,47022787
2019-07-23 00:00:00+00:00,15.061464830394614,15.066149721541779,14.766326152549766,15.033356666564941,60340506
2019-07-24 00:00:00+00:00,15.075523159080168,15.642377379528062,15.075523159080168,15.57210636138916,63928943
2019-07-25 00:00:00+00:00,15.731386928042877,15.923461583698044,15.670485698491483,15.839137077331543,51661421
2019-07-26 00:00:00+00:00,15.806344136494758,16.03589676380914,15.736073117203192,15.998418807983398,45213673
2019-07-29 00:00:00+00:00,15.960938612474452,16.138958581903072,15.900037386448558,16.087427139282227,40963368
2019-07-30 00:00:00+00:00,16.134275794772094,16.2279700850136,15.965624416062445,16.01247215270996,44919083
2019-07-31 00:00:00+00:00,15.95157241821289,16.153015693485806,15.876616505773285,15.95157241821289,53799151
2019-08-01 00:00:00+00:00,16.153013747048153,16.209231266130466,15.937515820515191,15.984363555908203,54361984
2019-08-02 00:00:00+00:00,15.834452612036785,16.087428504060096,15.712648966598316,16.007787704467773,48294621
2019-08-05 00:00:00+00:00,15.787605569161904,15.900039435350495,15.548683159866044,15.689225196838379,49077502
2019-08-06 00:00:00+00:00,15.698597162557002,15.914096323316016,15.595533066661513,15.909411430358887,41916119
2019-08-07 00:00:00+00:00,15.740753973722319,16.00309959723858,15.628320135072492,15.956253051757812,50243814
2019-08-08 00:00:00+00:00,16.04526280430283,16.181119918823242,15.960937127609235,16.181119918823242,37732014
2019-08-09 00:00:00+00:00,16.12958848099643,16.204544375156658,15.99841507468935,16.181119918823242,30275643
2019-08-12 00:00:00+00:00,16.148328337675608,16.199860963261735,16.054634052945833,16.153013229370117,31324781
2019-08-13 00:00:00+00:00,16.10148112144121,16.377881438620665,16.10148112144121,16.33103370666504,41333294
2019-08-14 00:00:00+00:00,16.209233584788958,16.223287079279704,15.937518100305997,15.970311164855957,45830657
2019-08-15 00:00:00+00:00,16.040579405310442,16.143643473605596,15.909407169853605,16.087427139282227,32262702
2019-08-16 00:00:00+00:00,16.15301644328643,16.396623761549876,16.120223377953597,16.382570266723633,41180372
2019-08-19 00:00:00+00:00,16.401312748257173,16.602757266218894,16.391942960665002,16.574647903442383,34603667
2019-08-20 00:00:00+00:00,16.532477801735034,16.53716151009068,16.34977176899629,16.387250900268555,28856448
2019-08-21 00:00:00+00:00,16.485629457029116,16.513737621383616,16.382565399027055,16.471574783325195,29013606
2019-08-22 00:00:00+00:00,16.50905371568218,16.63085734589406,16.434097817560016,16.57932472229004,28412643
2019-08-23 00:00:00+00:00,16.53715976457729,16.602747054327562,16.227966428643857,16.312292098999023,44827992
2019-08-26 00:00:00+00:00,16.38256631769839,16.46220592399313,16.26076150487408,16.363826751708984,30713225
2019-08-27 00:00:00+00:00,16.40130593103196,16.41536060657837,16.223284772991413,16.26544761657715,42475509
2019-08-28 00:00:00+00:00,16.242025586256773,16.38725369554914,16.17643827839604,16.377883911132812,32261114
2019-08-29 00:00:00+00:00,16.448155763050046,16.551219847700416,16.42004759142788,16.466894149780273,30840594
2019-08-30 00:00:00+00:00,16.48095084139563,16.560591656603386,16.429418201245376,16.518428802490234,28610448
2019-09-03 00:00:00+00:00,16.43410582177578,16.579332797238468,16.359149887146394,16.574647903442383,27196284
2019-09-04 00:00:00+00:00,16.644912377473112,16.780770694798374,16.602750716050075,16.733922958374023,27455656
2019-09-05 00:00:00+00:00,16.81825110051689,16.855729058512377,16.747980077157063,16.813566207885742,28784687
2019-09-06 00:00:00+00:00,16.841673848937294,17.038433404143948,16.82293428032067,16.982215881347656,38748316
2019-09-09 00:00:00+00:00,17.71771906763281,17.867630864011797,17.197711488771464,17.23518943786621,156054584
2019-09-10 00:00:00+00:00,17.43195245800632,17.67087367571814,17.31951741277849,17.605287551879883,63577950
2019-09-11 00:00:00+00:00,17.76925414442661,18.153404680074868,17.666190059088976,18.148719787597656,72914534
2019-09-12 00:00:00+00:00,17.975384497411447,18.02691594802653,17.675559663311347,17.98006820678711,56491108
2019-09-13 00:00:00+00:00,17.806731617949815,17.966013215055266,17.68024308206251,17.759883880615234,51934430
2019-09-16 00:00:00+00:00,17.661506633815748,17.722409058025193,17.385107419128186,17.478801727294922,65127428
2019-09-17 00:00:00+00:00,17.35231175485488,17.450692130923798,17.23519299190129,17.40852928161621,46375748
2019-09-18 00:00:00+00:00,17.221132278442383,17.324196320738015,17.09464378354331,17.221132278442383,49625374
2019-09-19 00:00:00+00:00,17.347624685856026,17.436634076664426,17.239874545685005,17.403841018676758,35751178
2019-09-20 00:00:00+00:00,17.474113747622475,17.806731617949815,17.417897409263816,17.759883880615234,102573987
2019-09-23 00:00:00+00:00,17.624025049116415,17.73177401372108,17.55843892858375,17.614656448364258,28592972
2019-09-24 00:00:00+00:00,17.703665607813043,17.73177377579939,17.492852573335202,17.5115909576416,36647790
2019-09-25 00:00:00+00:00,17.488167681495227,17.595916644654135,17.44600483798896,17.5115909576416,29563331
2019-09-26 00:00:00+00:00,17.52096074132155,17.549068909307895,17.417896670002612,17.5115909576416,25490045
2019-09-27 00:00:00+00:00,17.61934152518729,17.67555904933255,17.417898256046318,17.535017013549805,32070987
2019-09-30 00:00:00+00:00,17.60997136414486,17.764568063036027,17.581862013034833,17.727088928222656,37524676
2019-10-01 00:00:00+00:00,17.778622096023255,17.783306988017355,17.506907824793945,17.525646209716797,30502974
2019-10-02 00:00:00+00:00,17.497536497153853,17.497536497153853,17.29609207444703,17.371047973632812,34764268
2019-10-03 00:00:00+00:00,17.33357204205182,17.42726751846899,17.17429044197477,17.422582626342773,26973322
2019-10-04 00:00:00+00:00,17.436638076438765,17.577181306836533,17.394475225624802,17.57249641418457,29014268
2019-10-07 00:00:00+00:00,17.605285188789818,17.74114231036971,17.577177022782497,17.642763137817383,27852194
2019-10-08 00:00:00+00:00,17.652138563504245,17.666192059473527,17.511595322434893,17.558443069458008,37298007
2019-10-09 00:00:00+00:00,17.751770229247462,17.75653986866133,17.599106830003354,17.675437927246094,32517572
2019-10-10 00:00:00+00:00,17.651580312521197,17.913968240340516,17.637267783732423,17.85194969177246,30928905
2019-10-11 00:00:00+00:00,17.933050719401095,18.033234801660683,17.875801811854007,17.928279876708984,36655734
2019-10-14 00:00:00+00:00,17.928286800943294,17.98076368130755,17.799477612782557,17.875808715820312,27506894
2019-10-15 00:00:00+00:00,17.866267793839917,18.16205173437977,17.85195646438008,18.080949783325195,30063141
2019-10-16 00:00:00+00:00,18.04277780011403,18.128650565304955,17.985528888400633,18.028465270996094,29173148
2019-10-17 00:00:00+00:00,18.061860747674576,18.061860747674576,17.94259328081519,18.038007736206055,24521672
2019-10-18 00:00:00+00:00,18.038010597140296,18.381500522461824,18.028468909136162,18.352876663208008,49864620
2019-10-21 00:00:00+00:00,18.32902022703605,18.42443347499374,18.219294449743447,18.23837661743164,35278112
2019-10-22 00:00:00+00:00,18.04277645426287,18.300394730619317,17.937821529501864,18.20975112915039,26683631
2019-10-23 00:00:00+00:00,18.13341919370037,18.19543773612038,17.952131999380597,18.004610061645508,32027692
2019-10-24 00:00:00+00:00,17.980756304956305,18.018921840818315,17.432126275155618,17.565706253051758,53057976
2019-10-25 00:00:00+00:00,17.62295892361211,17.732684712058806,17.51800277400355,17.608646392822266,44063779
2019-10-28 00:00:00+00:00,18.27177360012604,18.53893241448898,18.11434057678164,18.362417221069336,82403244
2019-10-29 00:00:00+00:00,18.362418328960434,18.362418328960434,18.11911251370139,18.157278060913086,35364040
2019-10-30 00:00:00+00:00,18.31470818791183,18.543701434849538,18.181129396244028,18.22406578063965,45040891
2019-10-31 00:00:00+00:00,18.228837211508612,18.362417221069336,18.07140418816421,18.362417221069336,52278140
2019-11-01 00:00:00+00:00,18.58186912536621,18.615263827145917,18.481685020027086,18.58186912536621,46648095
2019-11-04 00:00:00+00:00,18.653425815972838,18.844254712199476,18.53892920109184,18.553241729736328,47480891
2019-11-05 00:00:00+00:00,18.515077355734746,18.75361228625964,18.50553566937174,18.68682289123535,39343322
2019-11-06 00:00:00+00:00,18.724987030029297,18.73929835374397,18.600948730871828,18.724987030029297,29127073
2019-11-07 00:00:00+00:00,18.744073449911184,18.882424308935732,18.72499127904213,18.806093215942383,33818138
2019-11-08 00:00:00+00:00,18.76792230540999,18.810858683541976,18.648654856100737,18.787004470825195,24672872
2019-11-11 00:00:00+00:00,18.729761135898478,18.78700885024728,18.701136073965582,18.782238006591797,17987334
2019-11-12 00:00:00+00:00,18.772695658985654,18.834714210828437,18.639115664178696,18.68682289123535,21912332
2019-11-13 00:00:00+00:00,18.69636393752306,18.7536128526718,18.629574540481546,18.682052612304688,21974296
2019-11-14 00:00:00+00:00,18.591410812948563,18.64388888989298,18.4578308010712,18.58186912536621,36368956
2019-11-15 00:00:00+00:00,18.667742851883496,18.84903010611836,18.634348148408282,18.84425926208496,41675283
2019-11-18 00:00:00+00:00,18.748839895224737,18.93966758293876,18.7059035148943,18.906272888183594,34383883
2019-11-19 00:00:00+00:00,18.567555723746715,18.591409941584576,17.82809906594263,18.128652572631836,85473203
2019-11-20 00:00:00+00:00,17.69451898088509,17.94259441197573,17.365340414268324,17.737455368041992,92496494
2019-11-21 00:00:00+00:00,17.66589272995453,17.98552836139752,17.66589272995453,17.937822341918945,41518654
2019-11-22 00:00:00+00:00,18.00938606262207,18.095257637163748,17.98076099968297,18.00938606262207,26317280
2019-11-25 00:00:00+00:00,18.08094577170235,18.08094577170235,17.73745586949485,17.77562141418457,42985116
2019-11-26 00:00:00+00:00,17.785161424653467,17.86149250683595,17.541854443654003,17.842409133911133,71535058
2019-11-27 00:00:00+00:00,17.86149289113074,18.042778914024964,17.842409517795343,17.966447830200195,22600018
2019-11-29 00:00:00+00:00,18.004614124208974,18.109569067662648,17.823328093741992,17.832868576049805,24060390
2019-12-02 00:00:00+00:00,17.880572252259867,17.880572252259867,17.761304801915173,17.804241180419922,32951182
2019-12-03 00:00:00+00:00,17.746995553720133,17.913969039916992,17.608644716861743,17.913969039916992,32927880
2019-12-04 00:00:00+00:00,17.933053391632203,18.30039749083902,17.894887849166455,18.176359176635742,50625656
2019-12-05 00:00:00+00:00,18.18590530955667,18.300403177290057,18.133428425334248,18.219301223754883,28815933
2019-12-06 00:00:00+00:00,18.26700216503527,18.4053517999424,18.19544072120364,18.22406578063965,29930476
2019-12-09 00:00:00+00:00,18.18589922992042,18.333791757652,18.14296284506395,18.147733688354492,27278637
2019-12-10 00:00:00+00:00,18.162048904909373,18.25746337531791,18.042781419277993,18.157278060913086,28833410
2019-12-11 00:00:00+00:00,18.138189693656987,18.247916665859687,18.12864921304835,18.20975112915039,24529351
2019-12-12 00:00:00+00:00,18.224071148540094,18.40058637659608,18.224071148540094,18.295631408691406,31237662
2019-12-13 00:00:00+00:00,18.228837050589288,18.262232956253545,18.104798729540416,18.2526912689209,32957538
2019-12-16 00:00:00+00:00,18.30516698487021,18.43874577127429,18.30516698487021,18.41012191772461,31833064
2019-12-17 00:00:00+00:00,18.414892818556094,18.46259883970247,18.343331377319828,18.367185592651367,45994833
2019-12-18 00:00:00+00:00,18.41489433217771,18.572326142514296,18.410123488719258,18.4816837310791,37645954
2019-12-19 00:00:00+00:00,18.505535358903856,18.572324752807617,18.443516808101556,18.572324752807617,33199697
2019-12-20 00:00:00+00:00,18.705902368890673,18.729756581367436,18.55324022807219,18.677278518676758,64039497
2019-12-23 00:00:00+00:00,18.72498522558017,18.81085797862616,18.624799945440454,18.63911247253418,38581095
2019-12-24 00:00:00+00:00,18.653428805826515,18.66297049311889,18.558015547178243,18.586639404296875,11515093
2019-12-26 00:00:00+00:00,18.60095068528638,18.70113478084866,18.59140899863519,18.682052612304688,26239032
2019-12-27 00:00:00+00:00,18.72022247314453,18.777471401501327,18.701139095439366,18.72022247314453,20430247
2019-12-30 00:00:00+00:00,18.734530529155037,18.739300167682764,18.596179688132434,18.62480354309082,23389652
2019-12-31 00:00:00+00:00,18.610492567718346,18.65819979980612,18.53893232196594,18.643888473510742,26766646
2020-01-02 00:00:00+00:00,18.68205257817552,18.71067643331839,18.467370652707952,18.538930892944336,43165445
2020-01-03 00:00:00+00:00,18.405354633458046,18.701137321765586,18.400583789484237,18.634347915649414,36296666
2020-01-06 00:00:00+00:00,18.60095406212925,18.67728515967921,18.519852120387586,18.653430938720703,51229797
2020-01-07 00:00:00+00:00,18.643885111532427,18.74884003939261,18.59617788804751,18.724987030029297,37337462
2020-01-08 00:00:00+00:00,18.763155836728362,18.868110782873497,18.74407246210643,18.782238006591797,53645832
2020-01-09 00:00:00+00:00,18.898032191057318,18.93687825422681,18.718375279905853,18.839765548706055,52228887
2020-01-10 00:00:00+00:00,18.84462289966169,18.912601063551968,18.72808837890625,18.72808837890625,39350339
2020-01-13 00:00:00+00:00,18.71352011194865,18.718375869997914,18.46102805059613,18.499874114990234,43780576
2020-01-14 00:00:00+00:00,18.48044882565387,18.54357244638306,18.427036719837076,18.49501609802246,35129295
2020-01-15 00:00:00+00:00,18.43674756975375,18.465880887238743,18.349346391097423,18.38819122314453,34526213
2020-01-16 00:00:00+00:00,18.44646144959166,18.51443960784018,18.339637228113705,18.465883255004883,36172077
2020-01-17 00:00:00+00:00,18.475594819102856,18.664964473035333,18.441605739889756,18.63582992553711,44477926
2020-01-21 00:00:00+00:00,18.621266203025943,18.7620782953764,18.538720760544074,18.703811645507812,57931090
2020-01-22 00:00:00+00:00,18.781501465746494,19.004859002199513,18.762078431514933,18.956302642822266,47842475
2020-01-23 00:00:00+00:00,18.917456337132013,18.93202361167878,18.718376382667344,18.757221221923828,38406592
2020-01-24 00:00:00+00:00,18.742653871167754,18.83005383377032,18.562995735714836,18.6940975189209,45632057
2020-01-27 00:00:00+00:00,18.461028146572204,18.728087483460918,18.45617361469923,18.572708129882812,46633398
2020-01-28 00:00:00+00:00,18.606694659799956,18.83976365822056,18.582417098956657,18.732940673828125,40842487
2020-01-29 00:00:00+00:00,18.694102133980614,18.723235462040353,17.980327626205426,17.99003791809082,76732420
2020-01-30 00:00:00+00:00,17.70840793502774,18.184257484829416,17.635574020458332,18.17454719543457,67100717
2020-01-31 00:00:00+00:00,18.12113779786426,18.33478381574857,18.087148714391834,18.26680564880371,54495840
2020-02-03 00:00:00+00:00,18.431894002911946,18.436749760770056,17.86864325819173,17.946332931518555,53993382
2020-02-04 00:00:00+00:00,18.00459985889331,18.325070051172606,17.936621704834497,18.271657943725586,42313451
2020-02-05 00:00:00+00:00,18.320215450388936,18.427038445826845,18.218248212862044,18.359060287475586,32620050
2020-02-06 00:00:00+00:00,18.38333619233224,18.68438457224508,18.38333619233224,18.664962768554688,34705482
2020-02-07 00:00:00+00:00,18.66982078552246,18.800922583164787,18.626121412509963,18.66982078552246,33363079
2020-02-10 00:00:00+00:00,18.655250318695998,18.71351695304851,18.4998709921542,18.616405487060547,24552653
2020-02-11 00:00:00+00:00,18.68924049598935,18.849475589216517,18.40275938594662,18.53386116027832,42338872
2020-02-12 00:00:00+00:00,18.543574508364625,18.61155266790757,18.46102784863174,18.470739364624023,41453646
2020-02-13 00:00:00+00:00,18.393053283963404,18.660112668738144,18.378486007127844,18.601844787597656,32606942
2020-02-14 00:00:00+00:00,18.587275404106336,18.679531128917375,18.504729969242774,18.572708129882812,36262904
2020-02-18 00:00:00+00:00,18.53871940037236,18.606697562298756,18.47074001224441,18.577564239501953,32138644
2020-02-19 00:00:00+00:00,18.567850071498576,18.76692999688236,18.529005237916408,18.664962768554688,29923989
2020-02-20 00:00:00+00:00,18.64554176328578,18.77664355068678,18.601841167485446,18.747509002685547,35981156
2020-02-21 00:00:00+00:00,18.703810111496296,18.78149978908371,18.630976192033284,18.71837615966797,37691897
2020-02-24 00:00:00+00:00,18.446464056254396,18.69895614571631,18.44160829766455,18.475597381591797,46190256
2020-02-25 00:00:00+00:00,18.50473257774422,18.587278024243723,18.09200534524673,18.135705947875977,64725329
2020-02-26 00:00:00+00:00,18.058015251678025,18.344495192846473,17.92691345111172,18.014314651489258,53306756
2020-02-27 00:00:00+00:00,17.761821577312865,17.922056693673188,17.16943746784171,17.34909439086914,87815227
2020-02-28 00:00:00+00:00,16.509073503091024,17.344238142614838,16.02836816759172,17.101457595825195,160070673
2020-03-02 00:00:00+00:00,17.17429257865319,18.169692320610938,17.135447740581707,18.053157806396484,90605027
2020-03-03 00:00:00+00:00,18.0920052874345,18.431897363662667,17.417075667519942,17.625865936279297,84481792
2020-03-04 00:00:00+00:00,17.975468403545367,18.558140983476356,17.82979933891146,18.538719177246094,55701210
2020-03-05 00:00:00+00:00,18.159980804542688,18.412472865108096,17.951189340082884,18.053157806396484,59974684
2020-03-06 00:00:00+00:00,17.824941322986923,18.087144870394713,17.56759475927341,17.980321884155273,64721224
2020-03-09 00:00:00+00:00,16.999491762863848,17.553031063010888,16.693587561897175,16.844112396240234,89990559
2020-03-10 00:00:00+00:00,17.242271112321664,17.426783790608727,16.62560822164908,17.40736198425293,75018634
2020-03-11 00:00:00+00:00,16.921797428476168,17.028620407118442,16.586759994905385,16.76156234741211,59972036
2020-03-12 00:00:00+00:00,15.469969448205067,16.23229998625789,15.081521156904662,15.212621688842773,111500925
2020-03-13 00:00:00+00:00,15.984668283262451,16.805266911309236,15.469973844472884,16.737287521362305,85647971
2020-03-16 00:00:00+00:00,15.05239050112677,16.455662921376856,15.013545661969074,15.445695877075195,77820218
2020-03-17 00:00:00+00:00,15.596219460075112,16.538208341467374,15.542807346460645,16.382827758789062,78966008
2020-03-18 00:00:00+00:00,15.537952570934031,15.979813103684164,14.68822058853737,15.950679779052734,100669546
2020-03-19 00:00:00+00:00,15.227192580554158,15.775876075765757,14.809610874657366,15.125224113464355,80521973
2020-03-20 00:00:00+00:00,14.790188905317535,14.80961193899779,13.683110319188398,13.814210891723633,154553565
2020-03-23 00:00:00+00:00,13.299513919609968,13.454893254801721,12.663429306343206,12.998465538024902,128274548
2020-03-24 00:00:00+00:00,13.595709414454209,13.741378504743757,13.03245854155217,13.639410018920898,101022392
2020-03-25 00:00:00+00:00,13.63455101259456,14.532837923406404,13.289802048938082,13.78993034362793,90068675
2020-03-26 00:00:00+00:00,13.925887516556173,15.032967158743487,13.925887516556173,14.85816478729248,84786312
2020-03-27 00:00:00+00:00,14.41630089315847,14.964985438979673,14.18808769406006,14.489134788513184,61415064
2020-03-30 00:00:00+00:00,14.518270820781394,14.765907071417063,14.314335157093272,14.678505897521973,55117988
2020-03-31 00:00:00+00:00,14.586253245826692,14.629953845594825,14.10554787457887,14.154104232788086,92432942
2020-04-01 00:00:00+00:00,13.780225514964316,13.877338257079327,13.450043663215627,13.619990348815918,72351304
2020-04-02 00:00:00+00:00,13.595707484454946,14.018146192264426,13.595707484454946,13.964734077453613,44775562
2020-04-03 00:00:00+00:00,13.85305485418977,13.955023322140054,13.231537435070107,13.333504676818848,70758797
2020-04-06 00:00:00+00:00,13.789934141686283,14.41145163699968,13.74623353952185,14.294917106628418,70836648
2020-04-07 00:00:00+00:00,14.780472313577901,15.037820064270777,14.60081421852793,14.605669975280762,71847522
2020-04-08 00:00:00+00:00,14.883202632888612,14.908048885335615,14.460807556817254,14.853386878967285,54010329
2020-04-09 00:00:00+00:00,14.9080503383696,15.3751697183137,14.903080836410917,15.270813941955566,66599583
2020-04-13 00:00:00+00:00,15.156516012039946,15.265841267638136,14.858354740952318,15.00246524810791,45209039
2020-04-14 00:00:00+00:00,15.250936460617401,15.484495531190065,15.081978407888315,15.469588279724121,42290546
2020-04-15 00:00:00+00:00,15.221119614143799,15.385108153014157,14.88817303462826,14.952774047851562,49706800
2020-04-16 00:00:00+00:00,15.047189212561703,15.047189212561703,14.763936449691409,14.987556457519531,43074884
2020-04-17 00:00:00+00:00,15.330442805469033,15.529216574831068,15.255902798823834,15.519277572631836,45884809
2020-04-20 00:00:00+00:00,15.330445869198494,15.613698704011927,15.255905847656765,15.395048141479492,40492157
2020-04-21 00:00:00+00:00,15.161484762005982,15.16645426309715,14.729151971244075,14.843446731567383,57214144
2020-04-22 00:00:00+00:00,15.355292688372375,15.355292688372375,14.565165734766788,14.644675254821777,67184129
2020-04-23 00:00:00+00:00,14.629765130147199,14.932895926137487,14.57510312548675,14.659582138061523,45031226
2020-04-24 00:00:00+00:00,14.704309293423558,14.883205101549384,14.485657466908858,14.763940811157227,47061315
2020-04-27 00:00:00+00:00,14.90308034705516,15.245965931547445,14.778847821866316,15.176395416259766,44116607
2020-04-28 00:00:00+00:00,15.404984402547903,15.46461716697535,15.216149615889513,15.231058120727539,40944435
2020-04-29 00:00:00+00:00,15.469591343502646,15.837323279647416,15.439774324815888,15.618671417236328,43903972
2020-04-30 00:00:00+00:00,15.404983985768174,15.429831493159302,15.04719117365748,15.141609191894531,53955516
2020-05-01 00:00:00+00:00,15.290689302700983,15.300628305713436,14.783816463085918,14.858356475830078,48791121
2020-05-04 00:00:00+00:00,14.783819389111507,14.783819389111507,14.520443286701596,14.709278106689453,46557268
2020-05-05 00:00:00+00:00,14.77884578704834,14.997496306397602,14.768906784825777,14.77884578704834,32604956
2020-05-06 00:00:00+00:00,14.81860052819145,14.843446778801837,14.306756973266602,14.306756973266602,59704721
2020-05-07 00:00:00+00:00,14.495591085883406,14.510499588530871,14.32663307557665,14.356450080871582,42122133
2020-05-08 00:00:00+00:00,14.555229966917734,14.833513348977592,14.515475198052041,14.80369758605957,31824326
2020-05-11 00:00:00+00:00,14.734122611795154,14.734122611795154,14.485655067568691,14.599949836730957,38691782
2020-05-12 00:00:00+00:00,14.664550351114627,14.744059855385515,14.356450080871582,14.356450080871582,46632472
2020-05-13 00:00:00+00:00,14.311731797817854,14.371363323433352,13.914182855706255,13.958907127380371,65226860
2020-05-14 00:00:00+00:00,13.904240814024998,14.212339862787408,13.720374281112257,14.202402114868164,52730948
2020-05-15 00:00:00+00:00,14.053321170673204,14.142769688542524,13.948965403108753,14.068229675292969,42699397
2020-05-18 00:00:00+00:00,14.406144313933948,14.753999378184206,14.37632855997452,14.634735107421875,46244540
2020-05-19 00:00:00+00:00,14.63970577689482,14.66952278815774,14.361422456247245,14.39123821258545,46628367
2020-05-20 00:00:00+00:00,14.545287266159095,14.818602330742296,14.41608398643471,14.704307556152344,50178408
2020-05-21 00:00:00+00:00,14.803695489525438,14.937867031117346,14.67449219527876,14.793756484985352,51200272
2020-05-22 00:00:00+00:00,14.798721621639874,14.863322622243542,14.624795368120594,14.84841537475586,35269109
2020-05-26 00:00:00+00:00,15.22608893168267,15.464617484439776,15.19130367460451,15.315537452697754,54791357
2020-05-27 00:00:00+00:00,15.772719120466496,15.891983406782192,15.668362085612275,15.827381134033203,57514957
2020-05-28 00:00:00+00:00,15.916829656234974,15.936706409817374,15.390078744816828,15.434803009033203,52532745
2020-05-29 00:00:00+00:00,15.18135968160258,15.385102910318377,15.07203318966046,15.335409164428711,57900771
2020-06-01 00:00:00+00:00,15.280752887027898,15.52424969759252,15.206211612859443,15.370200157165527,33027445
2020-06-02 00:00:00+00:00,15.429834753512027,15.4546810112286,15.26087668724967,15.400017738342285,37650588
2020-06-03 00:00:00+00:00,15.554062904962935,15.732959911332404,15.544123903514759,15.658418655395508,36888361
2020-06-04 00:00:00+00:00,15.598787035215679,15.802530288696287,15.544123782600348,15.802530288696289,40729947
2020-06-05 00:00:00+00:00,16.170268269587545,16.398857859562845,16.016217453812992,16.284563064575195,61816766
2020-06-08 00:00:00+00:00,16.398856384118965,16.518120670974486,16.244806837129513,16.513151168823242,45385793
2020-06-09 00:00:00+00:00,16.304436169068307,16.329282419659144,16.075845392949606,16.210018157958984,42645378
2020-06-10 00:00:00+00:00,16.18517316597941,16.210020675353555,15.951614107410753,15.971490859985352,36133549
2020-06-11 00:00:00+00:00,15.504369584114277,15.564001084613956,14.967679804994868,14.992526054382324,66021525
2020-06-12 00:00:00+00:00,15.414927159491494,15.444742921503385,14.913022433487372,15.156521797180176,48034323
2020-06-15 00:00:00+00:00,14.903083427841757,15.231061829672383,14.669525579644478,15.156521797180176,53309006
2020-06-16 00:00:00+00:00,15.613699074683407,15.638546585737048,15.086948154368638,15.295660972595215,55119444
2020-06-17 00:00:00+00:00,15.29565800779453,15.315536012784433,15.012405221160323,15.037251472473145,41680314
2020-06-18 00:00:00+00:00,14.937864163497954,15.111792944785943,14.883202158870564,15.081975936889648,37554730
2020-06-19 00:00:00+00:00,15.2509361668233,15.280753179030354,14.898112816695972,15.062101364135742,99288878
2020-06-22 00:00:00+00:00,14.997498499518331,15.057131266649435,14.90804997628403,14.962713241577148,39136646
2020-06-23 00:00:00+00:00,15.057129381689682,15.245964153269853,15.00743562445557,15.032281875610352,51520812
2020-06-24 00:00:00+00:00,14.922954862356974,14.927924362989646,14.490622111482907,14.61982536315918,86849104
2020-06-25 00:00:00+00:00,14.65461183401886,14.813630847819844,14.515469569480745,14.768906593322754,48420401
2020-06-26 00:00:00+00:00,14.689399372997615,14.689399372997615,14.371360040964628,14.4508695602417,101387551
2020-06-29 00:00:00+00:00,14.575100322638745,14.87326030504809,14.555222321185145,14.863321304321289,49695678
2020-06-30 00:00:00+00:00,14.913016175509796,15.077004680147821,14.763936173084112,15.022342681884766,57979814
2020-07-01 00:00:00+00:00,14.972651245699433,15.146578778718888,14.833508968298943,14.858356475830078,41007987
2020-07-02 00:00:00+00:00,14.96270818309098,15.156513669553153,14.917983936593885,14.947799682617188,49947900
2020-07-06 00:00:00+00:00,15.176392727923066,15.206208478489858,15.027311465240162,15.151546478271484,44639852
2020-07-07 00:00:00+00:00,15.05712909773129,15.131669104714454,15.022343844800782,15.067068099975586,36422181
2020-07-08 00:00:00+00:00,15.136640548706055,15.181364809621458,14.9825897589198,15.136640548706055,51547292
2020-07-09 00:00:00+00:00,15.186711294836341,15.191795718940512,14.94266664150908,15.018930435180664,52120187
2020-07-10 00:00:00+00:00,14.998594511914101,15.369745928114897,14.973172390564068,15.318902969360352,48846464
2020-07-13 00:00:00+00:00,15.334152647810967,15.3392370713149,15.069771613223857,15.130782127380371,54274864
2020-07-14 00:00:00+00:00,15.110448180242708,15.303649885156421,15.013846685813082,15.232470512390137,40519034
2020-07-15 00:00:00+00:00,15.28839500646623,15.318901549258236,15.176541534731756,15.257889747619629,40985612
2020-07-16 00:00:00+00:00,15.237547697196321,15.507014355127952,15.212125587611302,15.45108699798584,43674920
2020-07-17 00:00:00+00:00,15.49685059730978,15.522271431292905,15.344321741574978,15.379911422729492,30634712
2020-07-20 00:00:00+00:00,15.34432121150642,15.34432121150642,15.151119541650896,15.17654037475586,42896938
2020-07-21 00:00:00+00:00,15.19687859337122,15.46634405579561,15.181625322614135,15.379911422729492,45341572
2020-07-22 00:00:00+00:00,15.334150314331055,15.3900776804182,15.227381288832106,15.334150314331055,40393519
2020-07-23 00:00:00+00:00,15.329065035360227,15.329065035360227,15.018925537702222,15.201959609985352,68190502
2020-07-24 00:00:00+00:00,15.151118519883537,15.359573445911355,14.978253271380682,15.034180641174316,51274813
2020-07-27 00:00:00+00:00,14.998590265468424,15.003674688298915,14.851145855219697,14.891819953918457,44346850
2020-07-28 00:00:00+00:00,14.876565352151799,15.196874974149592,14.846060101847975,15.095189094543457,49871240
2020-07-29 00:00:00+00:00,15.085025889067344,15.085025889067344,14.901991766508953,15.029098510742188,40350092
2020-07-30 00:00:00+00:00,14.983337694447851,15.115528842358577,14.927410324654215,15.034180641174316,35281820
2020-07-31 00:00:00+00:00,15.003675953759371,15.059602041721435,14.881652363426053,15.039265632629395,51205965
2020-08-03 00:00:00+00:00,15.227384541253738,15.242637812702311,14.95283464279729,15.059603691101074,51608461
2020-08-04 00:00:00+00:00,15.04943479160128,15.334153536708834,15.029098380352012,15.257889747619629,45074786
2020-08-05 00:00:00+00:00,15.329067941276257,15.359574481736582,15.146035118240842,15.17654037475586,30387521
2020-08-06 00:00:00+00:00,15.105360449335398,15.298562111957123,15.090107179676345,15.171455383300781,29007119
2020-08-07 00:00:00+00:00,15.120614113640395,15.283309241190333,15.039265907892778,15.262972831726074,40278860
2020-08-10 00:00:00+00:00,15.278229342602009,15.354493141174316,15.247722796016633,15.354493141174316,47021066
2020-08-11 00:00:00+00:00,15.461263486332,15.644296346116427,15.303650180810923,15.354493141174316,41026656
2020-08-12 00:00:00+00:00,15.435838304640933,15.512102088097002,15.308731570899049,15.344321250915527,28046160
2020-08-13 00:00:00+00:00,15.252801211998904,15.318897419618084,15.171453021040726,15.207042694091797,32958464
2020-08-14 00:00:00+00:00,15.166372687134421,15.329069112910167,15.130783004489151,15.257889747619629,29853155
2020-08-17 00:00:00+00:00,15.293478261351185,15.293478261351185,15.151119541650896,15.17654037475586,33125686
2020-08-18 00:00:00+00:00,15.181622962670533,15.217212638292725,15.13586444145767,15.14603328704834,29013606
2020-08-19 00:00:00+00:00,15.156204117783066,15.196878221528047,15.090107896731649,15.115530014038086,32808588
2020-08-20 00:00:00+00:00,15.024010186328347,15.191790993798728,14.998589357659686,15.08502197265625,30355348
2020-08-21 00:00:00+00:00,15.115526784042702,15.146032034346524,15.013840904436567,15.095189094543457,32945886
2020-08-24 00:00:00+00:00,15.105362349144183,15.278227624573779,15.079941513793827,15.268058776855469,34932813
2020-08-25 00:00:00+00:00,15.29855978462806,15.323981896859083,15.166368652861916,15.201959609985352,27839880
2020-08-26 00:00:00+00:00,15.166370609292253,15.313815027417034,15.100275676855603,15.247718811035156,36860557
2020-08-27 00:00:00+00:00,15.257885689003482,15.339233880252635,15.161285514360774,15.201959609985352,39206950
2020-08-28 00:00:00+00:00,15.222300811774938,15.29348018055751,15.156205867040473,15.273143768310547,35535366
2020-08-31 00:00:00+00:00,15.329066273694377,15.334150696551319,15.151117893427239,15.15620231628418,54923492
2020-09-01 00:00:00+00:00,15.120612970645423,15.12569739361347,14.907073625713442,14.98333740234375,61591818
2020-09-02 00:00:00+00:00,14.932497049398574,15.171457266717224,14.907076214089614,15.1002779006958,46510531
2020-09-03 00:00:00+00:00,15.140950817824288,15.344321336151946,14.957917993302054,15.044350624084473,58690669
2020-09-04 00:00:00+00:00,15.064688169479057,15.186710489673356,14.876569623380295,14.957919120788574,59361805
2020-09-08 00:00:00+00:00,14.998591991074287,15.04943365733826,14.754546086858797,15.003676414489746,61477424
2020-09-09 00:00:00+00:00,15.064684344135362,15.100274017994979,14.932493209838869,14.932493209838867,39217145
2020-09-10 00:00:00+00:00,14.937581341688745,14.937581341688745,14.693536702668608,14.698619842529297,62779578
2020-09-11 00:00:00+00:00,14.724041679016052,14.810474314170278,14.642693467570354,14.744378089904785,39282550
2020-09-14 00:00:00+00:00,14.795221691481567,14.896907602218015,14.744378736113342,14.815559387207031,38028987
2020-09-15 00:00:00+00:00,14.840976217242167,14.917241271682785,14.774881291864732,14.805386543273926,34307091
2020-09-16 00:00:00+00:00,14.810469545152051,15.01892443035169,14.805385123080722,14.8663969039917,40870556
2020-09-17 00:00:00+00:00,14.820645234152543,14.866403769982938,14.718959313652654,14.7799711227417,41904600
2020-09-18 00:00:00+00:00,14.764718164978332,14.856235238594675,14.698621930057378,14.70879077911377,60721023
2020-09-21 00:00:00+00:00,14.642690821131998,14.652859666711196,14.36814097810972,14.556258201599121,60207576
2020-09-22 00:00:00+00:00,14.5054182656468,14.708788799678082,14.44949217125408,14.495250701904297,37268482
2020-09-23 00:00:00+00:00,14.515584655406787,14.586764009278562,14.154600895174498,14.169854164123535,57973723
2020-09-24 00:00:00+00:00,14.169853999278452,14.368141357528362,14.108843492082466,14.25628662109375,43760980
2020-09-25 00:00:00+00:00,14.19019040702872,14.291876297615605,14.108843492082466,14.25628662109375,47569731
2020-09-28 00:00:00+00:00,14.398646282133198,14.566427099006326,14.357972183616837,14.42915153503418,40415232
2020-09-29 00:00:00+00:00,14.41898386205008,14.444404691947124,14.302044706266301,14.388477325439453,33695138
2020-09-30 00:00:00+00:00,14.429154475878244,14.57659891551681,14.383395945228028,14.495250701904297,51752777
2020-10-01 00:00:00+00:00,14.500332705385276,14.561344502785762,14.408816935202516,14.48508071899414,37920022
2020-10-02 00:00:00+00:00,14.373228529129106,14.688452539129262,14.342721985751984,14.581682205200195,37996284
2020-10-05 00:00:00+00:00,14.48507826775539,14.61726940313196,14.418983342039656,14.576595306396484,44305806
2020-10-06 00:00:00+00:00,14.61727201251332,14.825726955987804,14.571513485024257,14.59693431854248,51851282
2020-10-07 00:00:00+00:00,14.703702121124799,14.734208659510589,14.586764242481589,14.642691612243652,54847362
2020-10-08 00:00:00+00:00,14.75128858926782,14.912760690713318,14.709618327107991,14.902342796325684,42511786
2020-10-09 00:00:00+00:00,14.912757621187865,14.94400998252732,14.704406353274118,14.751285552978516,43291755
2020-10-12 00:00:00+00:00,14.740870331144896,14.740870331144896,14.589814812423665,14.652320861816406,67800584
2020-10-13 00:00:00+00:00,14.589809253281983,14.65231527885811,14.417919327185349,14.454381942749023,71511756
2020-10-14 00:00:00+00:00,14.433550206504734,14.558560977293075,14.313748382256389,14.318957328796387,64131912
2020-10-15 00:00:00+00:00,14.225196934392352,14.29811954498291,14.121020648928393,14.29811954498291,42483188
2020-10-16 00:00:00+00:00,14.31374920946851,14.360628415647172,14.230408690793245,14.235617637634277,38827756
2020-10-19 00:00:00+00:00,14.292911867968439,14.308537389963845,13.9699664363952,14.001218795776367,69017472
2020-10-20 00:00:00+00:00,14.058516198923146,14.126229864996935,13.886626245392344,13.938713073730469,55064895
2020-10-21 00:00:00+00:00,13.943924430635025,14.022057317432644,13.824122600118237,13.91788101196289,63219941
2020-10-22 00:00:00+00:00,14.496052740956154,14.845042898600186,14.428339076962306,14.730448722839355,118508460
2020-10-23 00:00:00+00:00,14.766912895439912,14.798165257846223,14.454385325205354,14.490846633911133,56442782
2020-10-26 00:00:00+00:00,14.391879333950465,14.402297226584828,14.110605440556059,14.261659622192383,54978438
2020-10-27 00:00:00+00:00,14.188741467300979,14.204368311167615,14.011642498376018,14.02206039428711,46561108
2020-10-28 00:00:00+00:00,13.907461530615379,14.00121993175626,13.777241821339812,13.8032865524292,64808211
2020-10-29 00:00:00+00:00,13.80328574158289,14.089768559004096,13.725154183685323,13.938713073730469,58489289
2020-10-30 00:00:00+00:00,13.92830099963595,14.084564165943325,13.902256261657515,14.074146270751953,64109669
2020-11-02 00:00:00+00:00,14.272076105153303,14.376251075035967,14.068933795800307,14.240823745727539,63620980
2020-11-03 00:00:00+00:00,14.329372287791875,14.480426444959797,14.272075202974593,14.303327560424805,44069208
2020-11-04 00:00:00+00:00,14.173109848919815,14.298120611567674,13.9908019934536,14.08456039428711,60219095
2020-11-05 00:00:00+00:00,14.162691411042616,14.506469976611593,14.157482465526229,14.32937240600586,46498086
2020-11-06 00:00:00+00:00,14.318954942510276,14.433547801121462,14.26165785550952,14.292911529541016,34735537
2020-11-09 00:00:00+00:00,14.709616205156557,14.996099051754651,14.662737002565523,14.74086856842041,93572376
2020-11-10 00:00:00+00:00,14.87108919181265,15.089858378805685,14.839836826639532,15.027352333068848,58510208
2020-11-11 00:00:00+00:00,15.089854493898864,15.105480014767311,14.808580648973985,14.96484375,52587691
2020-11-12 00:00:00+00:00,14.845046502755952,14.886716763497624,14.683573091415148,14.813794136047363,40346649
2020-11-13 00:00:00+00:00,14.881504747976528,15.100272585218287,14.829416603942134,15.058602333068848,36370545
2020-11-16 00:00:00+00:00,15.162781635700972,15.22528768404736,15.053397695333105,15.089859008789062,66132476
2020-11-17 00:00:00+00:00,14.990890246349926,15.173198111986867,14.938802096826437,15.121109962463379,37833830
2020-11-18 00:00:00+00:00,15.13152411013522,15.194028821779998,14.902337098193897,14.907546043395996,39135984
2020-11-19 00:00:00+00:00,14.850251844352071,14.850251844352071,14.641899275837963,14.730448722839355,54788444
2020-11-20 00:00:00+00:00,14.69919740715247,14.803373698804561,14.667945045813017,14.751285552978516,37358778
2020-11-23 00:00:00+00:00,14.787744249918337,14.949216289622582,14.766909784500145,14.907546043395996,36832091
2020-11-24 00:00:00+00:00,15.069021089026785,15.334669454983395,15.058603196544455,15.225285530090332,58266592
2020-11-25 00:00:00+00:00,15.251329587172288,15.25653853363247,15.053396198637927,15.100274085998535,32423701
2020-11-27 00:00:00+00:00,15.141945748428986,15.204450475544748,15.042978395873412,15.121109962463379,20720335
2020-11-30 00:00:00+00:00,15.037764487374892,15.115896028183814,14.949215057020751,14.975259780883789,57382822
2020-12-01 00:00:00+00:00,15.011723996743296,15.178405000304284,14.975262691638124,15.03776741027832,55682012
2020-12-02 00:00:00+00:00,15.011726525163388,15.209659921382329,14.996099685176139,15.152362823486328,39041053
2020-12-03 00:00:00+00:00,15.121109236047966,15.230494476331495,15.053395565693755,15.225285530090332,46284260
2020-12-04 00:00:00+00:00,15.298213134827204,15.501355527516994,15.26696076258052,15.386762619018555,49948562
2020-12-07 00:00:00+00:00,15.511771125051176,15.511771125051176,15.37634376025122,15.438848495483398,45853562
2020-12-08 00:00:00+00:00,15.360715095603933,16.110779721710056,15.345088255955268,16.048274993896484,97456992
2020-12-09 00:00:00+00:00,16.147241570050067,16.61082467449752,16.131616045271443,16.3868465423584,93587470
2020-12-10 00:00:00+00:00,16.183699771309783,16.20453555419755,15.876382496837845,15.985766410827637,62270236
2020-12-11 00:00:00+00:00,15.850337115133911,16.194116995494404,15.829502648494936,16.152446746826172,41708913
2020-12-14 00:00:00+00:00,16.26703822283406,16.287874003097034,15.834710251669181,15.912841796875,56451785
2020-12-15 00:00:00+00:00,15.959719148278555,15.990971499682113,15.772202409077183,15.928466796875,44250331
2020-12-16 00:00:00+00:00,15.902426988884445,15.933680665336363,15.751371498871448,15.777416229248047,45926250
2020-12-17 00:00:00+00:00,15.64719589193436,15.688866143464464,15.386756491023604,15.428426742553711,81662996
2020-12-18 00:00:00+00:00,15.376345014461576,15.459684229772021,15.240915007833532,15.313838958740234,98528240
2020-12-21 00:00:00+00:00,15.095069358258522,15.214871203713416,14.975267512803626,15.110694885253906,63319903
2020-12-22 00:00:00+00:00,15.105481634115247,15.110690580093229,14.75128514612612,14.79295539855957,84593405
2020-12-23 00:00:00+00:00,14.845040107738885,15.069016840620442,14.845040107738885,14.975259780883789,52034656
2020-12-24 00:00:00+00:00,14.964844610085255,14.980470131851758,14.845042804720505,14.944008827209473,25358704
2020-12-28 00:00:00+00:00,15.069020446046093,15.084647284102806,14.845043659575675,14.871087074279785,55104218
2020-12-29 00:00:00+00:00,14.944013499291339,15.042980868111702,14.850256393209186,14.86588191986084,48481570
2020-12-30 00:00:00+00:00,14.86588144847487,14.938804078245582,14.80858566025104,14.839838027954102,45476487
2020-12-31 00:00:00+00:00,14.818999539353221,15.001307395956056,14.787747177344023,14.98047161102295,51135925
2021-01-04 00:00:00+00:00,15.308626649979011,15.3607147990785,15.11590089292806,15.334670066833496,86700816
2021-01-05 00:00:00+00:00,15.365921643308031,15.496141340546071,15.204448271651819,15.240909576416016,83054520
2021-01-06 00:00:00+00:00,15.319047197568167,15.626364568191162,15.298211408161459,15.53781509399414,73455520
2021-01-07 00:00:00+00:00,15.63677917197118,15.673240480368511,15.459680260849447,15.579482078552246,71265359
2021-01-08 00:00:00+00:00,15.536019854160044,15.573340215555803,15.328091357022558,15.472041130065918,72471656
2021-01-11 00:00:00+00:00,15.322758862706001,15.472040300282904,15.290768829183623,15.392067909240723,40833484
2021-01-12 00:00:00+00:00,15.392064211940449,15.392064211940449,15.200130788819576,15.328086853027344,57515222
2021-01-13 00:00:00+00:00,15.349419732933066,15.354751406525962,15.178811563489296,15.25345230102539,51383116
2021-01-14 00:00:00+00:00,15.274772536772998,15.871900877342734,15.210793827092559,15.615988731384277,84548919
2021-01-15 00:00:00+00:00,15.43471685552963,15.61598829039323,15.3654078228496,15.552009582519531,53824704
2021-01-19 00:00:00+00:00,15.610659839335787,15.663975215831371,15.40806302431083,15.434720039367676,53971536
2021-01-20 00:00:00+00:00,15.461378330674407,15.466710003402255,15.322760225278387,15.44005298614502,43086270
2021-01-21 00:00:00+00:00,15.413394833877247,15.50403057872958,15.338754107427803,15.370742797851562,37102320
2021-01-22 00:00:00+00:00,15.360082480008147,15.488038602091793,15.2321263579245,15.424059867858887,45975370
2021-01-25 00:00:00+00:00,15.333423037132277,15.55734657166139,15.189473251378049,15.520026206970215,68733209
2021-01-26 00:00:00+00:00,15.514692074566655,15.909223697361057,15.498698404452659,15.861241340637207,66887024
2021-01-27 00:00:00+00:00,15.482705848859757,16.10116106898739,15.440053811139991,15.53602123260498,97381127
2021-01-28 00:00:00+00:00,15.477372196682802,15.845246816462721,15.34408442755491,15.354747772216797,69698670
2021-01-29 00:00:00+00:00,15.34408774303757,15.48270721444869,15.232126639041391,15.264115333557129,66272688
2021-02-01 00:00:00+00:00,15.429388618401452,15.450715307899822,15.104167374606606,15.274775505065918,56774709
2021-02-02 00:00:00+00:00,15.344088293033085,15.365414987729475,15.130828077980386,15.216132164001465,56673026
2021-02-03 00:00:00+00:00,15.200139045715332,15.301436810084153,15.168149002499849,15.200139045715332,53468813
2021-02-04 00:00:00+00:00,15.205464457907539,15.40273094177246,15.178807443560698,15.402730941772461,42001782
2021-02-05 00:00:00+00:00,15.450718234781833,15.498701948860973,15.386739500548927,15.424059867858887,36503739
2021-02-08 00:00:00+00:00,15.44538350037703,15.456045498651008,15.258780354426731,15.338752746582031,42459356
2021-02-09 00:00:00+00:00,15.280104303895923,15.344081667595757,15.226788936558286,15.258777618408203,43411312
2021-02-10 00:00:00+00:00,15.269444048073478,15.280107392973076,15.184139981640572,15.221460342407227,55965612
2021-02-11 00:00:00+00:00,15.200133606620913,15.301431334742166,15.173475246813892,15.296099662780762,44673216
2021-02-12 00:00:00+00:00,15.24811701836172,15.37607311515867,15.242786692412679,15.354747772216797,38015880
2021-02-16 00:00:00+00:00,15.354751129914675,15.557347990883875,15.317430761818944,15.44538688659668,51239727
2021-02-17 00:00:00+00:00,15.365411679500747,15.855910741706854,15.354748334448407,15.765275001525879,67769867
2021-02-18 00:00:00+00:00,15.754611583000289,15.775938273005508,15.573340103483718,15.584003448486328,35751575
2021-02-19 00:00:00+00:00,15.615994491586537,15.63732118480725,15.450718004654606,15.461380004882812,39326772
2021-02-22 00:00:00+00:00,15.45604358480299,15.765272463241773,15.450713259516979,15.63198471069336,46173044
2021-02-23 00:00:00+00:00,15.807924363768015,15.893228417006187,15.520022174302891,15.557342529296875,62175305
2021-02-24 00:00:00+00:00,15.621322731278656,15.775937183997664,15.5680073563279,15.66397476196289,45852636
2021-02-25 00:00:00+00:00,15.546685949862358,15.599999991927856,15.242789986007368,15.264115333557129,77501929
2021-02-26 00:00:00+00:00,15.290771857525177,15.34941891754939,14.869583129882812,14.869583129882812,102619798
2021-03-01 00:00:00+00:00,15.013534214555492,15.168147354435314,14.93889213487841,14.976212501525879,58790102
2021-03-02 00:00:00+00:00,14.97087816183378,15.173474960637048,14.97087816183378,15.04551887512207,47299370
2021-03-03 00:00:00+00:00,15.024194762732188,15.424056721178404,15.024194762732188,15.312095642089844,75820581
2021-03-04 00:00:00+00:00,15.338758314593301,15.631992320783345,15.274780916197852,15.418730735778809,80437237
2021-03-05 00:00:00+00:00,15.466708570743965,15.855909872769661,15.450714900423895,15.79193115234375,77737336
2021-03-08 00:00:00+00:00,15.749280537204102,16.2024592540287,15.685303157406512,15.989197731018066,74116593
2021-03-09 00:00:00+00:00,15.94121746923668,16.06917359206903,15.786602979325393,15.802597999572754,63488580
2021-03-10 00:00:00+00:00,15.962540713832738,16.079833474382987,15.7652755553445,15.989197731018066,57977033
2021-03-11 00:00:00+00:00,15.946550921065205,15.994534644827725,15.727960346477246,15.749285697937012,48327854
2021-03-12 00:00:00+00:00,15.941217012239697,16.45837316215925,15.845249586271047,15.893233299255371,92827229
2021-03-15 00:00:00+00:00,16.005196166404243,16.031853189281073,15.823924640971388,15.957212448120117,56121050
2021-03-16 00:00:00+00:00,15.861242971422884,16.015856094585395,15.82925293514209,15.989197731018066,50311735
2021-03-17 00:00:00+00:00,16.058503555697737,16.11715059245844,15.893227134186755,16.07449722290039,52881354
2021-03-18 00:00:00+00:00,16.031849452823025,16.261105989490687,15.989197418331408,15.999860763549805,41438817
2021-03-19 00:00:00+00:00,15.9998572659904,16.026514276827214,15.791928811594545,15.866569519042969,97559734
2021-03-22 00:00:00+00:00,15.877236643181284,15.999861076444999,15.770607228057965,15.989197731018066,41525936
2021-03-23 00:00:00+00:00,15.967872706401792,16.138480851122186,15.893231979682126,15.994529724121094,48880756
2021-03-24 00:00:00+00:00,15.983867404686599,16.149143873276042,15.978535731973134,15.989197731018066,44403518
2021-03-25 00:00:00+00:00,15.994531720093992,16.095830823556195,15.893233963013982,16.03718376159668,49001902
2021-03-26 00:00:00+00:00,16.14381028161243,16.314418402635834,16.037179532781884,16.159805297851562,83378238
2021-03-29 00:00:00+00:00,16.207790566255607,16.341078341981724,16.111823152311686,16.293094635009766,49355145
2021-03-30 00:00:00+00:00,16.3197531115609,16.389063515112866,16.20779201619831,16.383731842041016,46516092
2021-03-31 00:00:00+00:00,16.34107739411394,16.34107739411394,16.101158873170665,16.138479232788086,59981040
2021-04-01 00:00:00+00:00,16.122483791528044,16.250441230250736,16.010522715623004,16.24510955810547,42999548
2021-04-05 00:00:00+00:00,16.32508224468733,16.442374994872726,16.314418900202693,16.373065948486328,50996905
2021-04-06 00:00:00+00:00,16.373068141175587,16.517019271850586,16.362404795262908,16.517019271850586,44574314
2021-04-07 00:00:00+00:00,16.533014207886776,16.60765494221589,16.421053106393096,16.4903621673584,53821262
2021-04-08 00:00:00+00:00,16.522249135658733,16.544059973978108,16.320491651777072,16.358661651611328,66037678
2021-04-09 00:00:00+00:00,16.385927144488903,16.46226714519954,16.30958576674445,16.380474090576172,44111311
2021-04-12 00:00:00+00:00,16.36411692319636,16.445909987788166,16.304136076913824,16.33685302734375,32913051
2021-04-13 00:00:00+00:00,16.282318395327387,16.282318395327387,16.091468434327883,16.156902313232422,54794270
2021-04-14 00:00:00+00:00,16.140543194436955,16.249601495589086,15.976957119742282,16.2114315032959,41425180
2021-04-15 00:00:00+00:00,16.23869741341449,16.27141435702326,16.18416825604407,16.222339630126953,35073819
2021-04-16 00:00:00+00:00,16.309585794565766,16.37502106459637,16.271415794145334,16.331398010253906,39935944
2021-04-19 00:00:00+00:00,16.358661595689767,16.402284649213193,16.255057704217755,16.353208541870117,39439974
2021-04-20 00:00:00+00:00,16.342304314020723,16.36956820692394,16.276869043205632,16.298681259155273,35799239
2021-04-21 00:00:00+00:00,16.336850897487672,16.489530897611566,16.309585628155688,16.418643951416016,45489198
2021-04-22 00:00:00+00:00,17.06753901822928,17.389259574738166,16.985744582785355,17.100255966186523,143684584
2021-04-23 00:00:00+00:00,17.165692842547735,17.29110896896027,17.122068405151367,17.122068405151367,53428961
2021-04-26 00:00:00+00:00,17.111164163811146,17.111164163811146,16.84397273929585,16.854877471923828,60190761
2021-04-27 00:00:00+00:00,16.816707757691198,16.8385199773947,16.702197735350026,16.77853775024414,44211273
2021-04-28 00:00:00+00:00,16.887594167584858,16.985745013948026,16.849424164493527,16.88214111328125,37193014
2021-04-29 00:00:00+00:00,16.974835951945348,17.19295118327692,16.963929846120376,17.089345932006836,50944740
2021-04-30 00:00:00+00:00,17.100251905528758,17.13842189858727,16.93121277468382,17.12751579284668,41484362
2021-05-03 00:00:00+00:00,17.32927514657521,17.367445143831194,17.160235997141417,17.176593780517578,49589228
2021-05-04 00:00:00+00:00,17.23112456808453,17.492862897198123,17.203860675189556,17.460145950317383,68700639
2021-05-05 00:00:00+00:00,17.454692952052252,17.54739211603847,17.345636003090366,17.465599060058594,41937965
2021-05-06 00:00:00+00:00,17.471049701050223,17.678258839382835,17.291104451934075,17.672805786132812,38556072
2021-05-07 00:00:00+00:00,17.558299797312813,17.64554591511333,17.48195978849585,17.536487579345703,38330065
2021-05-10 00:00:00+00:00,17.629184807479913,17.940000617030496,17.591014807280843,17.79277229309082,54262286
2021-05-11 00:00:00+00:00,17.71643097082913,17.814583187094566,17.49286264579511,17.591014862060547,44221335
2021-05-12 00:00:00+00:00,17.53102931484357,17.612822353844404,17.41106628277791,17.432878494262695,41682300
2021-05-13 00:00:00+00:00,17.356536907701646,17.64008739115292,17.263839141185095,17.56374740600586,35838562
2021-05-14 00:00:00+00:00,17.629186663072243,17.74915110722075,17.569204440997993,17.580110549926758,28044703
2021-05-17 00:00:00+00:00,18.272620755795597,18.47437818493743,17.034815050250884,17.105703353881836,227010260
2021-05-18 00:00:00+00:00,16.293230361966533,16.35866426440953,15.753394470158733,16.113285064697266,327097378
2021-05-19 00:00:00+00:00,15.84063914492541,15.911526095604504,15.633429970065535,15.791563034057617,162369932
2021-05-20 00:00:00+00:00,15.818826471511517,16.195076184960506,15.764297308006267,16.1623592376709,108488825
2021-05-21 00:00:00+00:00,16.364112854003906,16.489528946993605,16.282319809751215,16.364112854003906,98754380
2021-05-24 00:00:00+00:00,16.38592572520451,16.44590655898164,16.21143352324613,16.222339630126953,63020282
2021-05-25 00:00:00+00:00,16.200529633921843,16.22234185066918,15.938791295157076,16.096925735473633,77290883
2021-05-26 00:00:00+00:00,16.08602116818502,16.16236118004652,16.020585888708005,16.113285064697266,43765747
2021-05-27 00:00:00+00:00,16.16781215150488,16.304134370568786,16.124189096485782,16.200529098510742,62823932
2021-05-28 00:00:00+00:00,16.20053159003096,16.20053159003096,16.015133233428465,16.0478515625,54191320
2021-06-01 00:00:00+00:00,16.064204484969704,16.102374480292692,15.933335339419337,15.98786449432373,52162290
2021-06-02 00:00:00+00:00,15.976960742660497,16.16235907043973,15.895167686765857,16.145999908447266,53003692
2021-06-03 00:00:00+00:00,16.064207390061547,16.124189609007082,15.916979058304626,15.938791275024414,60788150
2021-06-04 00:00:00+00:00,15.944242116056584,15.998771273253228,15.916976848941417,15.960599899291992,45228105
2021-06-07 00:00:00+00:00,15.97695905007437,15.993318210333756,15.818824632001371,15.85699462890625,43812219
2021-06-08 00:00:00+00:00,15.829733147754249,15.835186202003872,15.666147028401184,15.802469253540039,81796720
2021-06-09 00:00:00+00:00,15.786112582809412,15.911528719247391,15.747942574070384,15.818829536437988,38698004
2021-06-10 00:00:00+00:00,15.818821820354037,15.971503157869563,15.813368767903471,15.911520957946777,46019327
2021-06-11 00:00:00+00:00,15.933335339419337,16.004222276871506,15.884259237708743,15.98786449432373,41163954
2021-06-14 00:00:00+00:00,15.938791026290117,15.9660549197305,15.791562696830782,15.862449645996094,36006312
2021-06-15 00:00:00+00:00,15.846088071386871,15.976957207266233,15.835181965805209,15.96605110168457,34705350
2021-06-16 00:00:00+00:00,15.966056246751245,15.998774574039727,15.807921795958848,15.84609317779541,40251454
2021-06-17 00:00:00+00:00,15.835185500225874,15.895167717279548,15.655240226098691,15.671599388122559,47283350
2021-06-18 00:00:00+00:00,15.611616246755778,15.687956244279636,15.491653196784894,15.622522354125977,86995009
2021-06-21 00:00:00+00:00,15.660693698707648,15.78610981314141,15.63342980497296,15.775203704833984,44495668
2021-06-22 00:00:00+00:00,15.780653151160973,15.813370091569514,15.687954005808804,15.69340705871582,41524215
2021-06-23 00:00:00+00:00,15.704315405334931,15.769749295488593,15.617069300440876,15.622522354125977,31479689
2021-06-24 00:00:00+00:00,15.655239024125136,15.726125966718344,15.600709865266042,15.698862075805664,47503266
2021-06-25 00:00:00+00:00,15.649783159328143,15.786105343471133,15.627972325922679,15.753388404846191,37039297
2021-06-28 00:00:00+00:00,15.76429399243992,15.76429399243992,15.677049277028333,15.69340705871582,35873515
2021-06-29 00:00:00+00:00,15.70431546166487,15.835184619475367,15.62252241016253,15.627975463867188,42715947
2021-06-30 00:00:00+00:00,15.62797317789874,15.737030104938396,15.622520124991722,15.69340705871582,43623814
2021-07-01 00:00:00+00:00,15.753390912718503,15.933336169352424,15.737031752284981,15.873353958129883,34947642
2021-07-02 00:00:00+00:00,15.873356001898934,16.004225171116012,15.867902947718987,15.938791275024414,37964376
2021-07-06 00:00:00+00:00,15.966052175126267,15.993317440913545,15.786106929064736,15.8242769241333,53233538
2021-07-07 00:00:00+00:00,15.829732869337235,15.851545085952086,15.737033702791873,15.775203704833984,44484282
2021-07-08 00:00:00+00:00,15.791115326928217,15.846972414963034,15.69056890089575,15.740842819213867,52985421
2021-07-09 00:00:00+00:00,15.77993940945097,15.94192746343775,15.774353419919919,15.891654968261719,45214865
2021-07-12 00:00:00+00:00,15.830209054179964,15.964268546975655,15.768764591005752,15.90841007232666,35588988
2021-07-13 00:00:00+00:00,15.908416380865303,15.9866174300229,15.763184853427104,15.791114807128906,38431218
2021-07-14 00:00:00+00:00,15.785524368286133,15.841382849346006,15.72966588722626,15.785524368286133,42322852
2021-07-15 00:00:00+00:00,15.774351705298004,15.91958318550885,15.757593738526392,15.88048267364502,36102832
2021-07-16 00:00:00+00:00,15.91958273107989,15.992197763810866,15.807865776997994,15.830209732055664,34673177
2021-07-19 00:00:00+00:00,15.701739135033353,15.75201163715203,15.361005011411184,15.522993087768555,76367393
2021-07-20 00:00:00+00:00,15.478302725948833,15.740837151845533,15.444788203073838,15.590018272399902,46026477
2021-07-21 00:00:00+00:00,15.684980453591944,15.807867991817059,15.556505515216347,15.58443546295166,40798133
2021-07-22 00:00:00+00:00,15.785523787271844,15.835796277315028,15.495060824934166,15.64587688446045,48904588
2021-07-23 00:00:00+00:00,15.6235341531909,15.757593654842053,15.606776186508284,15.724079132080078,40029948
2021-07-26 00:00:00+00:00,15.684984320575282,15.77435735415551,15.645882384105635,15.740842819213867,48400144
2021-07-27 00:00:00+00:00,15.64587841237326,15.8637263607023,15.573263369999188,15.752009391784668,45261337
2021-07-28 00:00:00+00:00,15.724079319307222,15.802280343550724,15.56208987125623,15.64587688446045,42069835
2021-07-29 00:00:00+00:00,15.746428598852589,15.891660142132883,15.701742078658949,15.802287101745605,42129018
2021-07-30 00:00:00+00:00,15.846967485249557,15.863725452809154,15.645877516947719,15.668221473693848,49652913
2021-08-02 00:00:00+00:00,15.774354817276842,15.94751486566495,15.65705184794045,15.701738357543945,43086667
2021-08-03 00:00:00+00:00,15.68498255661306,15.779941570438256,15.590022132184252,15.74642562866211,37982515
2021-08-04 00:00:00+00:00,15.662635221125514,15.707321723262996,15.534161703805667,15.556504249572754,38980149
2021-08-05 00:00:00+00:00,15.567673823133845,15.645874837144476,15.562087834904071,15.60677433013916,27837762
2021-08-06 00:00:00+00:00,15.590022394851061,15.690567400666303,15.590022394851061,15.617952346801758,30562686
2021-08-09 00:00:00+00:00,15.623534708080632,15.64029126475512,15.534161703805667,15.556504249572754,33359504
2021-08-10 00:00:00+00:00,15.539749977666224,15.70173804275503,15.511820028096766,15.690566062927246,29472770
2021-08-11 00:00:00+00:00,15.684982106765565,15.763183147459872,15.65146616595066,15.729668617248535,27142927
2021-08-12 00:00:00+00:00,15.752008492772754,15.763180471147582,15.612362994897387,15.651463508605957,25167519
2021-08-13 00:00:00+00:00,15.66263859542896,15.78552756073428,15.640294634244862,15.74642562866211,29052135
2021-08-16 00:00:00+00:00,15.718494865350744,15.802281886737262,15.629121854458004,15.752009391784668,27148223
2021-08-17 00:00:00+00:00,15.68498255661306,15.791113551030305,15.645880624540887,15.74642562866211,26361502
2021-08-18 00:00:00+00:00,15.67380591870806,15.72407840583071,15.528574445976316,15.545331001281738,36599729
2021-08-19 00:00:00+00:00,15.528577423760627,15.556505961694079,15.361003374952993,15.37775993347168,49881700
2021-08-20 00:00:00+00:00,15.37217457302485,15.550920608564224,15.32190348480748,15.400104522705078,36754240
2021-08-23 00:00:00+00:00,15.428027007792547,15.483885474630506,15.36099797606937,15.37216854095459,37017584
2021-08-24 00:00:00+00:00,15.377761080089725,15.394519050461405,15.28838805931457,15.333074569702148,38782343
2021-08-25 00:00:00+00:00,15.333069025993657,15.372169532120457,15.271625978052851,15.321898460388184,29708309
2021-08-26 00:00:00+00:00,15.305143144984452,15.316315123126552,15.087296624230005,15.092881202697754,49257302
2021-08-27 00:00:00+00:00,15.10405299481252,15.193425997641965,15.014679991983073,15.154325485229492,42686157
2021-08-30 00:00:00+00:00,15.148739628332732,15.249284610043489,15.109639115579283,15.210184097290039,40268666
2021-08-31 00:00:00+00:00,15.187842129688386,15.361002154444975,15.14874020484355,15.316315650939941,52696392
2021-09-01 00:00:00+00:00,15.327491720831059,15.338662291736565,15.159916230003779,15.187846183776855,37546257
2021-09-02 00:00:00+00:00,15.182258094110127,15.567678707461539,15.171086114145398,15.439205169677734,80611740
2021-09-03 00:00:00+00:00,15.439207274931256,15.500651762512165,15.26046121353631,15.39452075958252,35800298
2021-09-07 00:00:00+00:00,15.34424418665433,15.388930690159366,15.2883857046222,15.316315650939941,34935329
2021-09-08 00:00:00+00:00,15.338660493927256,15.49506398491361,15.338660493927256,15.416861534118652,37976292
2021-09-09 00:00:00+00:00,15.400102668686463,15.455961150718593,15.310729661676394,15.316315650939941,39806590
2021-09-10 00:00:00+00:00,15.349833632863856,15.355419623385428,15.171087578588203,15.182259559631348,38245594
2021-09-13 00:00:00+00:00,15.271624993369825,15.500643437862783,15.266039005625732,15.37216854095459,51168760
2021-09-14 00:00:00+00:00,15.388932160427983,15.42244668860792,15.221358108924806,15.266044616699219,38046729
2021-09-15 00:00:00+00:00,15.277216975922638,15.44479103158992,15.254873016178456,15.400104522705078,44541081
2021-09-16 00:00:00+00:00,15.394518984322637,15.49506398491361,15.327489924331028,15.416861534118652,38041698
2021-09-17 00:00:00+00:00,15.316316867897395,15.606778458457061,15.316316867897395,15.37775993347168,89996517
2021-09-20 00:00:00+00:00,15.26045914294018,15.288387682267295,15.048197165881389,15.199014663696289,64631457
2021-09-21 00:00:00+00:00,15.254875025668685,15.321905503127484,15.04819901322412,15.059370994567871,47120101
2021-09-22 00:00:00+00:00,15.092882972372067,15.19901395595951,15.076126413797473,15.087298393249512,41950675
2021-09-23 00:00:00+00:00,15.115229714570582,15.243703270115557,15.09288575155212,15.187846183776855,45047776
2021-09-24 00:00:00+00:00,15.165497463233995,15.293970978475913,15.137568928826024,15.154325485229492,32406489
2021-09-27 00:00:00+00:00,15.17667267473211,15.444791740345044,15.171086684539725,15.305146217346191,42571764
2021-09-28 00:00:00+00:00,15.32749152861668,15.495065606738772,15.1878459933137,15.215774536132812,43597466
2021-09-29 00:00:00+00:00,15.238117156244751,15.400105229409554,15.17667267473211,15.305146217346191,41619543
2021-09-30 00:00:00+00:00,15.349831446751645,15.366589415929706,15.087298393249512,15.087298393249512,58751838
2021-10-01 00:00:00+00:00,15.159914331230388,15.305145840849017,15.087299281722848,15.171086311340332,41759490
2021-10-04 00:00:00+00:00,15.215773262712618,15.338660815677349,15.131986230663776,15.221359252929688,57892430
2021-10-05 00:00:00+00:00,15.249287913684606,15.349832917177665,15.176672861497174,15.277217864990234,42649350
2021-10-06 00:00:00+00:00,15.226942832348225,15.27162933640621,15.064953373510923,15.254871368408203,73923686
2021-10-07 00:00:00+00:00,15.471754234251149,15.603550336563368,15.45456287204698,15.523326873779297,64402935
2021-10-08 00:00:00+00:00,15.50613606994828,15.540517348510322,15.328496328694834,15.339957237243652,51635868
2021-10-11 00:00:00+00:00,15.29411238155886,15.339954560671005,14.915915489196777,14.915915489196777,85460890
2021-10-12 00:00:00+00:00,14.910183401187215,14.915913853833473,14.531985103206189,14.572096824645996,101515979
2021-10-13 00:00:00+00:00,14.486143957420904,14.589287771123223,14.331426066241269,14.497603416442871,80546996
2021-10-14 00:00:00+00:00,14.537714170120855,14.789846852200263,14.52625471186398,14.680971145629883,75032669
2021-10-15 00:00:00+00:00,14.721081910372934,14.864340323654213,14.698161548264991,14.726812362670898,63061723
2021-10-18 00:00:00+00:00,14.646590424770395,14.698163053650225,14.486143532330086,14.51479434967041,59807596
2021-10-19 00:00:00+00:00,14.589291472941017,14.669514941870824,14.480417178560415,14.663785934448242,46242686
2021-10-20 00:00:00+00:00,14.675240611036418,14.950295102262128,14.646589794928156,14.847149848937988,63927222
2021-10-21 00:00:00+00:00,14.967489546685876,15.064902920375584,14.669513183459408,14.761198997497559,73916007
2021-10-22 00:00:00+00:00,14.761195613852689,14.784115976795066,14.595016832413584,14.606477737426758,49159193
2021-10-25 00:00:00+00:00,14.572097235849354,14.70389330918038,14.509063702045802,14.692432403564453,65704956
2021-10-26 00:00:00+00:00,14.6867014309989,14.72681315215106,14.526254546390263,14.537714004516602,48187774
2021-10-27 00:00:00+00:00,14.549172202041625,14.60074481880615,14.348613633605943,14.36007308959961,52952056
2021-10-28 00:00:00+00:00,14.400190209268281,14.692433188499015,14.377268396811845,14.640860557556152,70281362
2021-10-29 00:00:00+00:00,14.537716811932109,14.623670723440371,14.41165117152561,14.474684715270996,71775496
2021-11-01 00:00:00+00:00,14.589286630879089,14.65805061505707,14.526254546390263,14.537714004516602,53318010
2021-11-02 00:00:00+00:00,14.554905723557976,14.600747898453017,14.400189287714728,14.457490921020508,45810003
2021-11-03 00:00:00+00:00,14.394460317938984,14.514795496779342,14.388729864601228,14.428841590881348,48160500
2021-11-04 00:00:00+00:00,14.400188773197018,14.468951309540687,14.06210075568541,14.211088180541992,83532616
2021-11-05 00:00:00+00:00,14.239742427885961,14.503334599080858,14.228281521203355,14.382999420166016,58867158
2021-11-08 00:00:00+00:00,14.360077523986226,14.400190697144017,14.170978353150456,14.256932258605957,61161253
2021-11-09 00:00:00+00:00,14.222549868890075,14.23974122746474,14.085023341544916,14.159516334533691,60057567
2021-11-10 00:00:00+00:00,14.148059644189127,14.400193856737298,14.130869727576831,14.297048568725586,62271427
2021-11-11 00:00:00+00:00,14.319961720756597,14.382995242116444,14.256928199396752,14.279850006103516,40223517
2021-11-12 00:00:00+00:00,14.297046486140532,14.371539490473221,14.274124671217074,14.291316032409668,36217358
2021-11-15 00:00:00+00:00,14.308502979598835,14.354346599939914,14.176706912370157,14.211088180541992,53290206
2021-11-16 00:00:00+00:00,14.205356170415591,14.262659242474818,14.113671833954353,14.130863189697266,48162354
2021-11-17 00:00:00+00:00,14.113671833954353,14.165244454099277,14.073560117638038,14.130863189697266,42762155
2021-11-18 00:00:00+00:00,14.11367321615838,14.148054483927474,13.976146697998047,13.976146697998047,49734868
2021-11-19 00:00:00+00:00,13.936034130757495,13.947495035011947,13.729745089596685,13.827159881591797,66821750
2021-11-22 00:00:00+00:00,13.809969184515266,14.24547054322104,13.792777827312849,14.15378475189209,71414574
2021-11-23 00:00:00+00:00,14.148055355895,14.31996459950343,14.148055355895,14.1881685256958,58975991
2021-11-24 00:00:00+00:00,14.136597908446246,14.1652487295816,13.999071362244896,14.021991729736328,44597748
2021-11-26 00:00:00+00:00,13.787048330673555,13.93603576217096,13.758397513767301,13.878732681274414,38851588
2021-11-29 00:00:00+00:00,13.895926783597417,13.901657237527028,13.666715861834636,13.68963623046875,69449493
2021-11-30 00:00:00+00:00,13.546376082028537,13.56929789243133,12.921775560644344,13.082223892211914,184492383
2021-12-01 00:00:00+00:00,13.179640944249119,13.29424712167775,12.732678588778544,12.738409042358398,106323952
2021-12-02 00:00:00+00:00,12.767059223983267,13.328626218032165,12.767059223983267,13.208291053771973,105952835
2021-12-03 00:00:00+00:00,13.19110220816312,13.48334521904981,13.128068664164202,13.443233489990234,93399859
2021-12-06 00:00:00+00:00,13.517726144453109,13.718286210173407,13.311435625759765,13.340087890625,78265347
2021-12-07 00:00:00+00:00,13.35154665088374,13.391658372512188,13.162448948087928,13.225481033325195,82646331
2021-12-08 00:00:00+00:00,13.191103725961044,13.506268588050652,13.168181908384264,13.277057647705078,64794044
2021-12-09 00:00:00+00:00,13.196834407878828,13.21975477876633,12.996274288961976,13.145261764526367,68283976
2021-12-10 00:00:00+00:00,13.168178924021962,13.2082920956903,13.03638284407834,13.087955474853516,52988731
2021-12-13 00:00:00+00:00,13.013462514021366,13.065035144936205,12.772789271696046,12.858744621276855,87574921
2021-12-14 00:00:00+00:00,12.830093042231152,13.024922670093403,12.749869588552881,12.77278995513916,102318985
2021-12-15 00:00:00+00:00,12.767059756853707,12.835822297276964,12.618072323157902,12.704026222229004,93643342
2021-12-16 00:00:00+00:00,12.97908043005394,13.689634944302847,12.97908043005394,13.5864896774292,150436190
2021-12-17 00:00:00+00:00,13.638062586455701,13.660984400483787,13.340089133680125,13.626603126525879,142867941
2021-12-20 00:00:00+00:00,13.769859298938146,13.918845292868262,13.609410951595693,13.861543655395508,102088344
2021-12-21 00:00:00+00:00,13.936037819246016,14.222551818936559,13.867275269687468,14.021991729736328,96523307
2021-12-22 00:00:00+00:00,14.004802538776165,14.234013460942952,13.890196354150607,14.199630737304688,67746697
2021-12-23 00:00:00+00:00,14.239741677234546,14.337156484733105,14.216819865077662,14.251202583312988,57348266
2021-12-27 00:00:00+00:00,14.251204822762084,14.377270468182735,14.113676822377684,14.199630737304688,67853676
2021-12-28 00:00:00+00:00,14.176710115883443,14.394461573372999,14.148057846695712,14.222552299499512,55695649
2021-12-29 00:00:00+00:00,14.216818638203243,14.279852169110947,14.096482028932535,14.119403839111328,44728560
2021-12-30 00:00:00+00:00,14.136598638136526,14.297047007195442,14.130868184196816,14.199630737304688,53706074
2021-12-31 00:00:00+00:00,14.165247219905025,14.228280756186038,14.079293318575344,14.09648323059082,59608069
2022-01-03 00:00:00+00:00,14.199627532227227,14.658050720171865,14.199627532227227,14.572096824645996,76970210
2022-01-04 00:00:00+00:00,14.698162856372416,14.829958929703443,14.577827688657317,14.692432403564453,72918108
2022-01-05 00:00:00+00:00,14.898724461284191,15.368607169422686,14.898724461284191,15.019061088562012,125367971
2022-01-06 00:00:00+00:00,15.30557230392877,15.351414480093172,14.86434190100293,14.961756706237793,93758133
2022-01-07 00:00:00+00:00,15.24924937435007,15.608262026521448,15.16685178532688,15.472896575927734,98164670
2022-01-10 00:00:00+00:00,15.531752309827919,15.67888906388235,15.419929446864465,15.57295036315918,77030717
2022-01-11 00:00:00+00:00,15.68477710571655,15.731860814747412,15.38461790329164,15.502327919006348,60054124
2022-01-12 00:00:00+00:00,15.467014617194634,15.602380087070733,15.39050266550813,15.567066192626953,48477730
2022-01-13 00:00:00+00:00,15.596494410811008,15.931966003517037,15.490555700214365,15.77305793762207,65005487
2022-01-14 00:00:00+00:00,15.667119526370813,16.026133722191197,15.578837761278518,15.99670696258545,72617163
2022-01-18 00:00:00+00:00,16.01436428698255,16.16738672454049,15.837800736256197,16.073219299316406,80247772
2022-01-19 00:00:00+00:00,16.155612637220027,16.1732695837561,15.761286054780744,16.055561065673828,67442309
2022-01-20 00:00:00+00:00,15.96727704007659,16.13207074087991,15.86722398713795,15.902536392211914,55659239
2022-01-21 00:00:00+00:00,15.79659937441827,15.890768275110785,15.567066487560073,15.661233901977539,79715392
2022-01-24 00:00:00+00:00,15.414046150357867,15.643579046098933,15.178626118928452,15.502327919006348,102910548
2022-01-25 00:00:00+00:00,15.396386759008237,15.661232022927834,15.125654360334465,15.584721565246582,115467364
2022-01-26 00:00:00+00:00,15.878994555087926,15.878994555087926,14.16043727464794,14.272261619567871,188252808
2022-01-27 00:00:00+00:00,14.160437300394108,14.437053852778119,13.866163803114375,14.195751190185547,116707158
2022-01-28 00:00:00+00:00,14.166321963136351,14.854921958315757,14.089811513127403,14.837265014648438,102063320
2022-01-31 00:00:00+00:00,14.696017426929956,15.03148903264566,14.490025646811958,15.00794792175293,129691758
2022-02-01 00:00:00+00:00,14.236950892735663,14.47825358330661,14.195752836143672,14.372316360473633,172591344
2022-02-02 00:00:00+00:00,14.248720246937992,14.537108120097635,14.166324136399508,14.442940711975098,93834925
2022-02-03 00:00:00+00:00,14.419398556474059,14.660702708057777,14.384086152559936,14.454710960388184,63825671
2022-02-04 00:00:00+00:00,14.4252832641464,14.442938721814706,14.113352838801008,14.172207832336426,69719192
2022-02-07 00:00:00+00:00,14.148668759031247,14.172209868062062,13.91324875107336,14.083928108215332,73169536
2022-02-08 00:00:00+00:00,14.054497021916264,14.195748091424143,14.01918313983342,14.08980941772461,42150732
2022-02-09 00:00:00+00:00,14.131009525945434,14.448824107221549,14.11335258232326,14.419397354125977,53029907
2022-02-10 00:00:00+00:00,14.395855774788728,14.50768011970866,14.248719026416381,14.272261619567871,58431827
2022-02-11 00:00:00+00:00,14.284036251811413,14.395859136569873,14.131013819416758,14.201640129089355,60084576
2022-02-14 00:00:00+00:00,14.148669671533716,14.284035144447275,14.030959659963196,14.154555320739746,57458290
2022-02-15 00:00:00+00:00,14.225177552685793,14.395855403533185,14.189865150144053,14.325230598449707,43586610
2022-02-16 00:00:00+00:00,14.225174840218681,14.325227866904408,13.995642038052688,14.08980941772461,60662502
2022-02-17 00:00:00+00:00,14.025072374344159,14.095698670300967,13.889706917224728,13.983874320983887,61712434
2022-02-18 00:00:00+00:00,13.954447509609393,14.101585765133386,13.86028009619206,14.048616409301758,62595410
2022-02-22 00:00:00+00:00,13.989759539780064,14.183979989851824,13.87204954555937,13.977988243103027,62168288
2022-02-23 00:00:00+00:00,14.007415495525061,14.08392744036572,13.777882633552853,13.836737632751465,50233222
2022-02-24 00:00:00+00:00,13.513037101983308,13.707256068868569,13.33058645941255,13.671943664550781,92965719
2022-02-25 00:00:00+00:00,13.801424489647768,14.189866910906256,13.795538840781356,14.07215690612793,59026965
2022-02-28 00:00:00+00:00,13.883821544103816,13.977988949730872,13.77788284120465,13.942676544189453,62788449
2022-03-01 00:00:00+00:00,13.895593071031174,13.983874829481225,13.636631958139413,13.84850788116455,57663378
2022-03-02 00:00:00+00:00,13.866162681660697,14.154551993592614,13.848505738193017,14.019185066223145,45624775
2022-03-03 00:00:00+00:00,14.09569950159358,14.183981262039842,13.936791441025333,14.07215690612793,49218641
2022-03-04 00:00:00+00:00,13.948563346761462,14.060386221272651,13.795539442114508,14.048616409301758,48190952
2022-03-07 00:00:00+00:00,13.930906243308844,14.048616251899185,13.81908188377552,13.872051239013672,50113532
2022-03-08 00:00:00+00:00,13.836737330106018,13.907362138579694,13.536578178405762,13.536578178405762,67277074
2022-03-09 00:00:00+00:00,13.707257358876403,13.84262431300472,13.654289490552275,13.68960189819336,58010928
2022-03-10 00:00:00+00:00,13.666059582443959,13.666059582443959,13.50126735255684,13.648404121398926,53623059
2022-03-11 00:00:00+00:00,13.889708303397946,13.948563308189787,13.624861524972179,13.648404121398926,72142244
2022-03-14 00:00:00+00:00,13.6660579165815,13.67782921335998,13.424755250271772,13.47183895111084,65683375
2022-03-15 00:00:00+00:00,13.524806512723275,13.654287801851922,13.483608461191366,13.589547157287598,47089252
2022-03-16 00:00:00+00:00,13.624861524972179,13.707257639915738,13.518924299876899,13.648404121398926,49791138
2022-03-17 00:00:00+00:00,13.607206063927146,13.695487827977393,13.50126735255684,13.648404121398926,41109008
2022-03-18 00:00:00+00:00,13.654283965038543,13.742565691553562,13.548345298710762,13.666053771972656,89500414
2022-03-21 00:00:00+00:00,13.666058292789039,13.836737641950998,13.589547834172395,13.630745887756348,50990418
2022-03-22 00:00:00+00:00,13.689602616285748,13.824968091239707,13.642518908202845,13.660174369812012,39631954
2022-03-23 00:00:00+00:00,13.660174369812012,13.801425494060718,13.636633258908098,13.660174369812012,38180320
2022-03-24 00:00:00+00:00,13.67783317145415,13.742573836195602,13.630749456989989,13.730802536010742,37218434
2022-03-25 00:00:00+00:00,13.771998005436906,14.030959129333496,13.730799948827787,14.030959129333496,42137094
2022-03-28 00:00:00+00:00,14.125126875350203,14.166324932935908,13.954447509609393,14.048616409301758,50968704
2022-03-29 00:00:00+00:00,14.089814002433462,14.160438817030883,14.036844648347905,14.119240760803223,43979838
2022-03-30 00:00:00+00:00,14.154551674590108,14.213405178939913,14.078039740895889,14.20751953125,42385080
2022-03-31 00:00:00+00:00,14.125126965439925,14.207523081136854,13.901478242441062,13.907363891601562,69574611
2022-04-01 00:00:00+00:00,13.960329444242863,14.125123117013295,13.766109019962363,14.113351821899414,53381429
2022-04-04 00:00:00+00:00,14.03684150930275,14.2428332306503,13.872047834969779,14.231061935424805,47195569
2022-04-05 00:00:00+00:00,14.107471852160092,14.213409080836668,14.036845546767298,14.060386657714844,43936808
2022-04-06 00:00:00+00:00,13.995642627561544,14.207518497610515,13.88970394939978,14.142779350280762,49327209
2022-04-07 00:00:00+00:00,14.07215381746023,14.113351864207681,13.889704687746676,13.966215133666992,62815724
2022-04-08 00:00:00+00:00,13.930903007472036,14.266374521874475,13.854391073777819,14.20751953125,73121078
2022-04-11 00:00:00+00:00,14.71976935316692,15.405497948811826,14.688600682242095,15.296403884887695,157485300
2022-04-12 00:00:00+00:00,15.389912802180929,15.678230809904258,15.202896318633996,15.241857528686523,104795900
2022-04-13 00:00:00+00:00,15.113802919659193,15.406276282187296,15.042660424405662,15.350943565368652,64100500
2022-04-14 00:00:00+00:00,15.2718971762136,15.485324675883904,15.18494489685824,15.445801734924316,52731100
2022-04-18 00:00:00+00:00,15.35884852359936,15.46951395773391,15.24818308946481,15.382561683654785,54812700
2022-04-19 00:00:00+00:00,15.406277656555176,15.524847989987363,15.32723026503252,15.406277656555176,57496000
2022-04-20 00:00:00+00:00,15.429987235206685,15.48531993870447,15.256082729695827,15.358844757080078,48751400
2022-04-21 00:00:00+00:00,15.556463856267069,16.08607929371306,15.516939416037825,15.975412368774414,81259800
2022-04-22 00:00:00+00:00,15.848936399403176,15.848936399403176,15.414178132092097,15.429987907409668,68483600
2022-04-25 00:00:00+00:00,15.627608354587796,15.72246400795363,15.10589773796544,15.422085762023926,71861400
2022-04-26 00:00:00+00:00,15.374659140720128,15.53275241129223,15.256087303161623,15.256087303161621,50825900
2022-04-27 00:00:00+00:00,15.200751161529704,15.303513196589167,15.011038374923624,15.074275970458984,66767000
2022-04-28 00:00:00+00:00,15.216563464079037,15.485323666658267,15.097993141224308,15.350943565368652,67479400
2022-04-29 00:00:00+00:00,15.30351089379691,15.311415780512244,14.868751170671374,14.908275604248047,70195400
2022-05-02 00:00:00+00:00,15.018946694695646,15.327229854911105,14.908281254147235,15.11380386352539,67551600
2022-05-03 00:00:00+00:00,15.161227258446097,15.556462582148225,15.050561850274496,15.279797554016113,62675300
2022-05-04 00:00:00+00:00,15.240277208701158,15.793605851078599,15.184942987530388,15.769892692565918,60771800
2022-05-05 00:00:00+00:00,15.603893044460332,15.801510739817282,15.556465219731606,15.769892692565918,55503900
2022-05-06 00:00:00+00:00,15.65131857651318,15.89636556840663,15.540653165789134,15.833127975463867,51506800
2022-05-09 00:00:00+00:00,15.793602674494307,15.841031997386885,15.390462476125748,15.453700065612793,51563300
2022-05-10 00:00:00+00:00,15.540654138366998,15.690843996394037,15.208656377714362,15.303513526916504,42465900
2022-05-11 00:00:00+00:00,15.414177460577863,15.540652642202254,15.248179350084508,15.358844757080078,50074200
2022-05-12 00:00:00+00:00,15.335134734781612,15.603894953972617,15.327229845075577,15.588085174560547,52687000
2022-05-13 00:00:00+00:00,15.603895000847627,15.698752169901459,15.445801729362646,15.682942390441895,34107300
2022-05-16 00:00:00+00:00,15.754079536897942,16.10979040764237,15.55646188391669,16.030744552612305,40027000
2022-05-17 00:00:00+00:00,16.125604866715832,16.33903235579159,15.999129652679116,16.259984970092773,42938400
2022-05-18 00:00:00+00:00,16.21255859453832,16.307414259713994,15.912178803506926,15.991226196289062,43342800
2022-05-19 00:00:00+00:00,15.746176646257735,16.078174405667212,15.738271758211887,15.975412368774414,41588100
2022-05-20 00:00:00+00:00,15.975416639252474,16.141416317183133,15.880560972752356,16.125606536865234,47415800
2022-05-23 00:00:00+00:00,16.228365267196722,16.5287434930075,16.1414130010158,16.394363403320312,46775100
2022-05-24 00:00:00+00:00,16.441794129066782,16.781696857550497,16.283700853572125,16.726364135742188,49841200
2022-05-25 00:00:00+00:00,16.694745016876237,16.892362729393835,16.647315680325494,16.83702850341797,40179400
2022-05-26 00:00:00+00:00,16.900266345741034,17.018838181060516,16.813315576264536,16.85283851623535,28495500
2022-05-27 00:00:00+00:00,16.844932721200035,16.923980104595987,16.718457510847887,16.829124450683594,34169600
2022-05-31 00:00:00+00:00,16.75007706728764,16.939789882815866,16.576172522275858,16.829124450683594,61515300
2022-06-01 00:00:00+00:00,16.947696833006752,16.97140999551699,16.69474638154008,16.773792266845703,35928900
2022-06-02 00:00:00+00:00,16.80540709380734,16.80540709380734,16.552456713585357,16.75007438659668,27085200
2022-06-03 00:00:00+00:00,16.647316822583843,16.71845932458791,16.441794206539154,16.520841598510742,27796900
2022-06-06 00:00:00+00:00,16.536646127185012,16.639406648723654,16.465503647772447,16.55245590209961,22002900
2022-06-07 00:00:00+00:00,16.520841290353793,16.750078572025163,16.418080738100002,16.710554122924805,24977700
2022-06-08 00:00:00+00:00,16.671029575154414,16.757981847093156,16.591982192274052,16.6394100189209,20732900
2022-06-09 00:00:00+00:00,16.615698535973536,16.726363978550136,16.497128203540957,16.50503158569336,24934500
2022-06-10 00:00:00+00:00,16.346934436968887,16.481314517261307,16.307409997057455,16.354839324951172,33572700
2022-06-13 00:00:00+00:00,16.12560117205992,16.196743652118528,15.556462839294207,15.61970043182373,56215900
2022-06-14 00:00:00+00:00,15.714556858222466,15.77779445393692,15.256083912366867,15.374655723571777,42638300
2022-06-15 00:00:00+00:00,15.493229753710759,15.580180526418182,15.161231919427545,15.366754531860352,38941900
2022-06-16 00:00:00+00:00,15.240277591211433,15.248182480148516,14.758089919973143,14.987325668334961,67896400
2022-06-17 00:00:00+00:00,15.129608843702524,15.350941184350653,15.01894342723007,15.319321632385254,97645400
2022-06-21 00:00:00+00:00,15.53275027591967,15.848938281299313,15.390465296572994,15.777795791625977,49307700
2022-06-22 00:00:00+00:00,15.690843887498804,16.24417247961091,15.66712922343704,16.06236457824707,46607400
2022-06-23 00:00:00+00:00,16.149318108230094,16.425983179885748,15.87265303657444,16.291603088378906,51713600
2022-06-24 00:00:00+00:00,16.362746140144488,16.647314602507276,16.212556266198067,16.591981887817383,47641700
2022-06-27 00:00:00+00:00,16.56036159954699,16.631504082439232,16.33902926302633,16.425981521606445,32339900
2022-06-28 00:00:00+00:00,16.544553494108644,16.647314031047593,16.283698199736936,16.291603088378906,26754000
2022-06-29 00:00:00+00:00,16.33902952215178,16.615694570264523,16.236268993957275,16.560361862182617,26585700
2022-06-30 00:00:00+00:00,16.43388733709437,16.718455777023184,16.40226778393379,16.568265914916992,37655700
2022-07-01 00:00:00+00:00,16.57617048294453,16.908168246199796,16.497124616976862,16.84493064880371,32762500
2022-07-05 00:00:00+00:00,16.702644822848008,16.75007414924494,16.425981290715082,16.734264373779297,36960500
2022-07-06 00:00:00+00:00,16.73426573651612,16.781693559072117,16.51293338508265,16.67102813720703,27645000
2022-07-07 00:00:00+00:00,16.73426604535542,16.852836357785332,16.623600621447945,16.718456268310547,27015400
2022-07-08 00:00:00+00:00,16.764914525627283,16.86904375576955,16.62073441636505,16.660783767700195,22366300
2022-07-11 00:00:00+00:00,16.58869628442293,16.708847412622198,16.524616395683015,16.548646926879883,23326400
2022-07-12 00:00:00+00:00,16.524616466894262,16.70884748462737,16.380437862446925,16.500587463378906,26448000
2022-07-13 00:00:00+00:00,16.38043785095215,16.500587451799817,16.204217010442843,16.38043785095215,25213100
2022-07-14 00:00:00+00:00,16.12411275544349,16.300333552107315,16.060032882416106,16.284313201904297,26621000
2022-07-15 00:00:00+00:00,16.452525870096515,16.492575222801356,16.188194642219006,16.47655487060547,23838000
2022-07-18 00:00:00+00:00,16.52461584805172,16.57267690885269,16.428496782019796,16.444517135620117,22507400
2022-07-19 00:00:00+00:00,16.5005848345748,16.708844822644153,16.444515131591668,16.660783767700195,21813100
2022-07-20 00:00:00+00:00,16.676804596345757,16.68481477239886,16.340384841039725,16.404464721679688,34207200
2022-07-21 00:00:00+00:00,15.251028777107859,15.3151086657602,14.610228362799386,15.154908180236816,123409000
2022-07-22 00:00:00+00:00,14.946644211878787,14.97067473669493,14.618234678314762,14.738384246826172,72016300
2022-07-25 00:00:00+00:00,14.722367679293258,14.938637874846874,14.682318322095202,14.84251880645752,39493100
2022-07-26 00:00:00+00:00,14.73838728646216,14.778438169415802,14.562167984821041,14.658287048339844,38885000
2022-07-27 00:00:00+00:00,14.698338970097629,14.810478394723335,14.60221837200054,14.730378150939941,36607400
2022-07-28 00:00:00+00:00,14.658285165967952,15.034755778462145,14.650276518190637,14.88256549835205,41940100
2022-07-29 00:00:00+00:00,14.82649640535199,15.098836274494607,14.802465877680053,15.042766571044922,40819800
2022-08-01 00:00:00+00:00,15.098834730176133,15.114855080318852,14.90659511181753,15.002714157104492,37087800
2022-08-02 00:00:00+00:00,14.994705198887345,15.010725550330154,14.674305808955205,14.70634651184082,43625200
2022-08-03 00:00:00+00:00,14.754407685064914,14.82649774681843,14.666297270080625,14.71435832977295,35524300
2022-08-04 00:00:00+00:00,14.666296493569611,14.722366199123725,14.594206435632923,14.634257316589355,28287800
2022-08-05 00:00:00+00:00,14.634256722114984,14.70634677712322,14.490076612098507,14.698336601257324,32726400
2022-08-08 00:00:00+00:00,14.706348068847243,14.746397423909608,14.417987823486328,14.417987823486328,44042500
2022-08-09 00:00:00+00:00,14.450030252981138,14.594208865070438,14.450030252981138,14.498089790344238,33257500
2022-08-10 00:00:00+00:00,14.594205890777992,14.618236418454705,14.409976428611033,14.425996780395508,50229500
2022-08-11 00:00:00+00:00,14.466045335263297,14.55415573743984,14.425995985792914,14.450026512145996,40798900
2022-08-12 00:00:00+00:00,14.498087376907268,14.634257316589355,14.49007720071598,14.634257316589355,25822300
2022-08-15 00:00:00+00:00,14.570179191158228,14.786447863252794,14.570179191158228,14.730378150939941,28845400
2022-08-16 00:00:00+00:00,14.714357600430574,14.978687304496518,14.714357600430574,14.874556541442871,34241000
2022-08-17 00:00:00+00:00,14.754404067993164,14.906594330805834,14.67430384926099,14.754404067993164,23772300
2022-08-18 00:00:00+00:00,14.626245012380668,14.842515154724923,14.562165139958445,14.762414932250977,33817400
2022-08-19 00:00:00+00:00,14.722364057121668,14.8264948046732,14.674304534751167,14.762414932250977,27161400
2022-08-22 00:00:00+00:00,14.666296779758593,14.682317132453777,14.474057130771145,14.522116661071777,32057100
2022-08-23 00:00:00+00:00,14.506098169646005,14.57017805411497,14.4340081086453,14.466047286987305,27298200
2022-08-24 00:00:00+00:00,14.4740563079641,14.4740563079641,14.305847197581615,14.425996780395508,30647700
2022-08-25 00:00:00+00:00,14.458035362809504,14.49808624062697,14.369926487180624,14.490076065063477,25198600
2022-08-26 00:00:00+00:00,14.434008624240866,14.49007833418095,14.297838673907084,14.329877853393555,30590700
2022-08-29 00:00:00+00:00,14.26579688414606,14.353907294671805,14.185696649830373,14.241767883300781,25465400
2022-08-30 00:00:00+00:00,14.265796396024468,14.337886451663447,14.217736868193429,14.27380657196045,32481900
2022-08-31 00:00:00+00:00,14.273809849538587,14.305850560639756,14.025500449645316,14.049530982971191,46669900
2022-09-01 00:00:00+00:00,14.009478302863135,14.153658428813339,13.945398416639156,14.017488479614258,30623200
2022-09-02 00:00:00+00:00,14.073557452183023,14.105598157509831,13.745147861507823,13.76917839050293,36489600
2022-09-06 00:00:00+00:00,13.777185769102283,13.801214765432904,13.440766070412112,13.448776245117188,57232600
2022-09-07 00:00:00+00:00,13.42474798199732,13.729127033130691,13.360668101348988,13.512858390808105,55566600
2022-09-08 00:00:00+00:00,13.504848388931086,13.560918094248422,13.376688625981492,13.432758331298828,49770900
2022-09-09 00:00:00+00:00,13.552906559032403,13.673056133776175,13.50484703469184,13.641016960144043,55081300
2022-09-12 00:00:00+00:00,13.673057344755623,13.93738704371666,13.641018168285884,13.921366691589355,43425000
2022-09-13 00:00:00+00:00,13.761168821313051,13.873308239334628,13.440769392833554,13.480818748474121,42274600
2022-09-14 00:00:00+00:00,13.52887738961858,13.55290791809096,13.376688625981492,13.432758331298828,41000300
2022-09-15 00:00:00+00:00,13.480816211827012,13.552906260643041,13.320615763839236,13.4247465133667,38637300
2022-09-16 00:00:00+00:00,13.352657941212998,13.46479735053505,13.256537356233475,13.408727645874023,69825900
2022-09-19 00:00:00+00:00,13.320615763839236,13.504846737360587,13.28056641573464,13.4247465133667,33805300
2022-09-20 00:00:00+00:00,13.336636444952052,13.336636444952052,13.18444616836772,13.264546394348145,36187500
2022-09-21 00:00:00+00:00,13.28056693905763,13.34464681522088,13.016237258911133,13.016237258911133,38815600
2022-09-22 00:00:00+00:00,13.02424769964089,13.12036675195083,12.92812711954616,13.008227348327637,37800400
2022-09-23 00:00:00+00:00,12.896087548468456,12.920116546915247,12.695837746559892,12.823997497558594,46225600
2022-09-26 00:00:00+00:00,12.74389924024562,12.799968948997558,12.479569521997208,12.55165958404541,46841200
2022-09-27 00:00:00+00:00,12.663797779440863,12.84001781860158,12.551657615630884,12.599717140197754,41183400
2022-09-28 00:00:00+00:00,12.639768037828091,12.751908208598723,12.583698334388984,12.679818153381348,42670800
2022-09-29 00:00:00+00:00,12.551659105650076,12.615738988607799,12.34339910409125,12.439518928527832,51308300
2022-09-30 00:00:00+00:00,12.439518242754248,12.5596685895956,12.287328720092773,12.287328720092773,63932700
2022-10-03 00:00:00+00:00,12.599718539919401,12.960168833675736,12.543648833731728,12.735888481140137,59540500
2022-10-04 00:00:00+00:00,12.807979402819752,12.936139176393363,12.727879926282498,12.888079643249512,46876200
2022-10-05 00:00:00+00:00,12.791958152123868,12.928127320945846,12.62374828017624,12.759918212890625,38250100
2022-10-06 00:00:00+00:00,12.750135440190085,12.88872392804238,12.481110911408607,12.489262580871582,52923900
2022-10-07 00:00:00+00:00,12.415892259301831,12.424044706320684,12.146867727360803,12.179476737976074,53446900
2022-10-10 00:00:00+00:00,12.228390667509313,12.334370146589611,12.032736603419597,12.146867752075195,43852600
2022-10-11 00:00:00+00:00,12.106105825868008,12.15501894812627,11.967517350369501,12.07349681854248,49661500
2022-10-12 00:00:00+00:00,12.032737297695196,12.179477465499158,11.918605364994173,11.9267578125,46719600
2022-10-13 00:00:00+00:00,11.812626065982249,12.350675170484267,11.788169500539484,12.326218605041504,60354500
2022-10-14 00:00:00+00:00,12.383281812425036,12.448500603551388,12.203932663572727,12.220236778259277,47185600
2022-10-17 00:00:00+00:00,12.342523031807197,12.554481220032555,12.293609125318165,12.481111526489258,44240700
2022-10-18 00:00:00+00:00,12.684918376833641,12.79904953252809,12.595243008833501,12.717527389526367,49420200
2022-10-19 00:00:00+00:00,12.603393511169525,12.847961457348559,12.55447961094969,12.668611526489258,47349100
2022-10-20 00:00:00+00:00,13.21481359592029,13.989278969595253,13.141444681548423,13.646883964538574,117495700
2022-10-21 00:00:00+00:00,13.720255322856152,14.184933955202588,13.671342191798738,13.940366744995117,81050700
2022-10-24 00:00:00+00:00,14.209393436884008,14.551788515661476,14.176783641323945,14.274611473083496,69196500
2022-10-25 00:00:00+00:00,14.29091347944326,14.584393805502,14.266456137721564,14.42134952545166,58235100
2022-10-26 00:00:00+00:00,14.551784688788816,14.869722337284028,14.4784142229945,14.788199424743652,65157700
2022-10-27 00:00:00+00:00,14.959399442764942,14.959399442764942,14.66591754532986,14.698527336120605,53975500
2022-10-28 00:00:00+00:00,14.90233484285702,15.155054518406876,14.861572601690584,15.06537914276123,55833900
2022-10-31 00:00:00+00:00,14.959400087291748,14.992008324567013,14.780049340056122,14.861572265625,47573900
2022-11-01 00:00:00+00:00,15.138748405284668,15.146900852862768,14.869723854888928,14.959399223327637,48025700
2022-11-02 00:00:00+00:00,14.894179253398523,15.326248034194618,14.894179253398523,15.024615287780762,49201100
2022-11-03 00:00:00+00:00,14.812660217285156,14.943096285781666,14.731137285744692,14.812660217285156,41249400
2022-11-04 00:00:00+00:00,14.951247141037959,15.008312720558493,14.747440611367233,14.934942245483398,39458700
2022-11-07 00:00:00+00:00,14.95124538407144,15.000158510066765,14.796352004345966,14.967550277709961,39985200
2022-11-08 00:00:00+00:00,14.983856665053754,15.269186142100246,14.918638632150602,15.138750076293945,43210400
2022-11-09 00:00:00+00:00,15.065376251918135,15.261030307212113,14.983853340148926,14.983853340148926,41838400
2022-11-10 00:00:00+00:00,15.350706615021691,15.46483776560495,15.146900100454264,15.358859062194824,46482700
2022-11-11 00:00:00+00:00,15.342556261299237,15.595275938468081,15.309948023077702,15.530057907104492,52519500
2022-11-14 00:00:00+00:00,15.554512901920116,15.78277675466588,15.52190466862517,15.5382080078125,37316500
2022-11-15 00:00:00+00:00,15.587121933572481,15.807231773660531,15.334400751931796,15.505599021911621,49339300
2022-11-16 00:00:00+00:00,15.489292701132076,15.530053375745975,15.309943555942823,15.43222713470459,32155400
2022-11-17 00:00:00+00:00,15.252880277965883,15.481144156113075,15.09798843146787,15.448535919189453,36007800
2022-11-18 00:00:00+00:00,15.521906116327632,15.587124143920585,15.424078297477983,15.464838981628418,34211300
2022-11-21 00:00:00+00:00,15.472990212778084,15.554513129589116,15.29364103973006,15.358859062194824,31911400
2022-11-22 00:00:00+00:00,15.407773038175563,15.52190574995965,15.399620590553814,15.489295959472656,33771000
2022-11-23 00:00:00+00:00,15.432230837043958,15.578971788730657,15.399621045593385,15.562666893005371,21486000
2022-11-25 00:00:00+00:00,15.627883598117762,15.725711409268119,15.546360681312517,15.587122917175293,13782700
2022-11-28 00:00:00+00:00,15.570818915234568,15.611579598513138,15.301794362802973,15.342555046081543,27780200
2022-11-29 00:00:00+00:00,15.31809973233663,15.513753816988006,15.285489940767846,15.497448921203613,24088000
2022-11-30 00:00:00+00:00,15.440386562661873,15.717563629150392,15.326253823276693,15.71756362915039,59293400
2022-12-01 00:00:00+00:00,15.725712758393911,15.815386575144617,15.562666910795542,15.644189834594727,31615500
2022-12-02 00:00:00+00:00,15.530054806965733,15.53820725362384,15.37516298522233,15.505599021911621,33479600
2022-12-05 00:00:00+00:00,15.424074691916855,15.472987812447439,15.236573100782893,15.285486221313477,28698000
2022-12-06 00:00:00+00:00,15.399620990234997,15.636037312640466,15.334402962488735,15.627884864807129,45858100
2022-12-07 00:00:00+00:00,15.530054472244085,15.831688772412033,15.48929379475228,15.733860969543457,45381000
2022-12-08 00:00:00+00:00,15.839842559843277,15.913213029475967,15.505600000370048,15.587122917175293,45761100
2022-12-09 00:00:00+00:00,15.546361997280085,15.774625872672777,15.513753760749951,15.562666893005371,29815600
2022-12-12 00:00:00+00:00,15.603424935665473,15.742013416025852,15.546359365208877,15.733860969543457,31333500
2022-12-13 00:00:00+00:00,15.823537665498167,15.896908135130857,15.546360681312517,15.587122917175293,54142100
2022-12-14 00:00:00+00:00,15.530057583450835,15.570819824028899,15.293642807780012,15.407773971557617,44027700
2022-12-15 00:00:00+00:00,15.19581372397679,15.334402220597624,14.967551415368613,15.057225227355957,47277400
2022-12-16 00:00:00+00:00,14.967556224597907,15.089839865631898,14.853423478701437,15.073534965515137,76412500
2022-12-19 00:00:00+00:00,14.894178075806163,14.934938750232844,14.380584870477643,14.559935569763184,62216900
2022-12-20 00:00:00+00:00,14.551787128302106,14.747441218247015,14.535482232076575,14.731136322021484,40922700
2022-12-21 00:00:00+00:00,14.820809727564024,14.894180195911986,14.73113436515645,14.79635238647461,42316200
2022-12-22 00:00:00+00:00,14.682222278489363,14.902333699133482,14.608851804941322,14.894181251525879,32615000
2022-12-23 00:00:00+00:00,14.81266002140602,14.934943639639373,14.755594436558493,14.926791191101074,25164100
2022-12-27 00:00:00+00:00,14.877877425670228,15.097988862135036,14.853420081089526,15.049074172973633,30382500
2022-12-28 00:00:00+00:00,15.040922492694104,15.12244386052322,14.828963515513477,14.853419303894043,26632300
2022-12-29 00:00:00+00:00,14.894180273779579,15.12244257212636,14.8697229325623,15.040921211242676,23765900
2022-12-30 00:00:00+00:00,15.016467535427122,15.065380674880704,14.853421664020958,15.008315086364746,26204200
2023-01-03 00:00:00+00:00,15.089833558718727,15.367010525171967,15.008310647128914,15.277335166931152,42149200
2023-01-04 00:00:00+00:00,15.383314249101195,15.790927221145083,15.334399572913464,15.603424072265625,43926800
2023-01-05 00:00:00+00:00,15.60342826806401,15.750169226246012,15.456687309882009,15.660493850708008,31081800
2023-01-06 00:00:00+00:00,15.77462479624167,16.13332470311876,15.766472348935334,15.921365737915039,36050300
2023-01-09 00:00:00+00:00,15.91144090069275,15.91144090069275,15.696421237219049,15.746042251586914,51981100
2023-01-10 00:00:00+00:00,16.00240757174617,16.109916590534834,15.878358218567522,16.101646423339844,32869500
2023-01-11 00:00:00+00:00,16.101650000173834,16.118190338238097,15.919711013587278,16.052030563354492,30010200
2023-01-12 00:00:00+00:00,16.109920169205964,16.184350113121702,16.018951464599418,16.052030563354492,31740400
2023-01-13 00:00:00+00:00,16.0354871013765,16.200887295050215,15.952788581912792,16.16780662536621,25480000
2023-01-17 00:00:00+00:00,16.167810307581576,16.184350646190634,15.93625187654877,15.985871315002441,38801000
2023-01-18 00:00:00+00:00,15.952789619667461,15.985868714130165,15.688148977099589,15.729499816894531,38023700
2023-01-19 00:00:00+00:00,15.655070400310018,15.72950033702887,15.539291199802163,15.66334056854248,40180800
2023-01-20 00:00:00+00:00,15.679877934294714,15.903167724609375,15.522749483960542,15.903167724609375,37836600
2023-01-23 00:00:00+00:00,15.90316905060691,16.043758755041416,15.696419578048713,15.795660018920898,32890800
2023-01-24 00:00:00+00:00,15.68814965038571,17.805265417549148,15.4648614154032,15.845279693603516,32858500
2023-01-25 00:00:00+00:00,16.333209881859272,16.936918020441915,16.324939712887442,16.887298583984375,73582100
2023-01-26 00:00:00+00:00,16.763250711401998,16.804599982605577,16.382830791359993,16.539960861206055,47400900
2023-01-27 00:00:00+00:00,16.498607635498047,16.622656996749335,16.38282686460673,16.498607635498047,37094000
2023-01-30 00:00:00+00:00,16.47379626024287,16.75497563879368,16.448985758356695,16.67227554321289,37246000
2023-01-31 00:00:00+00:00,16.672280668476876,16.8542196727864,16.5978507173108,16.845951080322266,36575900
2023-02-01 00:00:00+00:00,16.928650419675687,16.953460930355124,16.597851497484957,16.68882179260254,40172500
2023-02-02 00:00:00+00:00,16.62265882643925,16.945187516668632,16.573039391951664,16.77151870727539,34968800
2023-02-03 00:00:00+00:00,16.721898907081222,16.754979584052222,16.349750755398443,16.399370193481445,31599900
2023-02-06 00:00:00+00:00,16.33321095811733,16.341481127634115,16.118191282801593,16.1926212310791,30929800
2023-02-07 00:00:00+00:00,16.118191404430295,16.15954225232625,15.787392508130454,15.91971206665039,36534400
2023-02-08 00:00:00+00:00,15.787390092779408,15.894899126113703,15.729500491955301,15.845279693603516,29805200
2023-02-09 00:00:00+00:00,15.886627791376545,15.919708462203378,15.621988734254694,15.688148498535156,28320900
2023-02-10 00:00:00+00:00,15.73777203647891,15.80393181140236,15.572371810483553,15.770851135253906,24931200
2023-02-13 00:00:00+00:00,15.721228115264989,15.977596987490783,15.704687780960588,15.927977561950684,21668700
2023-02-14 00:00:00+00:00,15.961060721435508,16.002411567736253,15.737772460905486,15.837011337280273,23195200
2023-02-15 00:00:00+00:00,15.721232728870485,15.936252405808773,15.704692389712102,15.91971206665039,31145400
2023-02-16 00:00:00+00:00,15.746038616721586,16.06029708163968,15.65506835542049,15.927977561950684,35161100
2023-02-17 00:00:00+00:00,15.927981463909752,16.13473096124393,15.820470841966829,16.076841354370117,29997500
2023-02-21 00:00:00+00:00,15.894903089687702,16.010683897580492,15.820473133675806,15.886632919311523,28220300
2023-02-22 00:00:00+00:00,15.894902116517374,16.068572529036675,15.894902116517374,16.0272216796875,25308800
2023-02-23 00:00:00+00:00,16.060296665165723,16.19261618142342,15.92797714890802,16.00240707397461,24845800
2023-02-24 00:00:00+00:00,15.927980232707716,15.936250401246634,15.696420245738123,15.911439895629883,29138100
2023-02-27 00:00:00+00:00,15.961057340118971,15.994138010151497,15.721228791875827,15.73776912689209,22981100
2023-02-28 00:00:00+00:00,15.729498130601304,15.737768297673682,15.580638278044654,15.638527870178223,34154800
2023-03-01 00:00:00+00:00,15.572374371830016,15.597184883022193,15.349084503221569,15.431784629821777,23339900
2023-03-02 00:00:00+00:00,15.32427556940311,15.506214586024592,15.29946505821093,15.431784629821777,24184800
2023-03-03 00:00:00+00:00,15.464863201964171,15.588912586256967,15.44005269415621,15.555831909179688,23501500
2023-03-06 00:00:00+00:00,15.588910622940878,15.679879318699513,15.522750854492186,15.522750854492188,24072100
2023-03-07 00:00:00+00:00,15.547558248120957,15.655068847103065,15.382159632001546,15.473128318786621,27944000
2023-03-08 00:00:00+00:00,15.357351682641264,15.41524128677479,15.034822986826809,15.390432357788086,31510300
2023-03-09 00:00:00+00:00,15.46486244811959,15.46486244811959,15.142332171832058,15.150602340698242,24711100
2023-03-10 00:00:00+00:00,15.11752205786725,15.291190858326683,15.084441384994996,15.241571426391602,32018500
2023-03-13 00:00:00+00:00,15.109253836551167,15.431782551748558,15.067902990132588,15.134062767028809,39835000
2023-03-14 00:00:00+00:00,15.191952089547982,15.307731290578971,15.059630974604024,15.249841690063477,32076200
2023-03-15 00:00:00+00:00,15.051365270704823,15.167144493943384,14.935584470092646,15.142333984375,34436400
2023-03-16 00:00:00+00:00,15.076171783660616,15.241571999494548,14.943852241942814,15.208491325378418,31731800
2023-03-17 00:00:00+00:00,15.15060215104797,15.175412657335956,14.910773566424387,14.9934720993042,58728600
2023-03-20 00:00:00+00:00,15.109256841144575,15.365625830426715,15.067905986503057,15.2911958694458,27382100
2023-03-21 00:00:00+00:00,15.448321625176876,15.481400722229223,15.241572142136228,15.332542419433594,24313200
2023-03-22 00:00:00+00:00,15.390431878270414,15.481400577343054,15.200221156849384,15.208491325378418,21071100
2023-03-23 00:00:00+00:00,15.225033899733523,15.357353460895496,15.167144288896859,15.266383171081543,28957800
2023-03-24 00:00:00+00:00,15.25811281194762,15.431781624348202,15.175412701453977,15.390432357788086,32058000
2023-03-27 00:00:00+00:00,15.497939075764396,15.671609439523543,15.464859982946047,15.605449676513672,26650500
2023-03-28 00:00:00+00:00,15.580641894008684,15.704691274137648,15.481401443481444,15.481401443481445,21547200
2023-03-29 00:00:00+00:00,15.597182934223765,15.754311420020569,15.572372426131551,15.71296215057373,23149400
2023-03-30 00:00:00+00:00,15.721230842516725,15.82873987939933,15.696420336756105,15.779120445251465,19736300
2023-03-31 00:00:00+00:00,15.812203016868027,15.91971206665039,15.737773068028867,15.91971206665039,27130900
2023-04-03 00:00:00+00:00,15.936247372454215,16.10991614664445,15.878357781057467,16.035486221313477,31102500
2023-04-04 00:00:00+00:00,16.143002024871848,16.250511075398137,16.035491396971988,16.24224090576172,34207600
2023-04-05 00:00:00+00:00,16.225705276622488,16.482074275355313,16.20089476292297,16.440723419189453,38673200
2023-04-06 00:00:00+00:00,16.480979919433594,16.598402749423244,16.363558689188224,16.480979919433594,29722600
2023-04-10 00:00:00+00:00,16.330008311732573,16.43904367884734,16.288072616531036,16.413881301879883,23617500
2023-04-11 00:00:00+00:00,16.430651493816416,16.69904370529324,16.422264037239795,16.514524459838867,24664800
2023-04-12 00:00:00+00:00,16.59840180967352,16.673885739311675,16.480978986331984,16.581626892089844,28179500
2023-04-13 00:00:00+00:00,16.64872321810976,16.757756971489943,16.489364717251934,16.740982055664062,25253900
2023-04-14 00:00:00+00:00,16.73259713661601,16.76614537040665,16.58162608519784,16.715822219848633,24948400
2023-04-17 00:00:00+00:00,16.690658953774506,16.70743386964646,16.480977304607126,16.598400115966797,23443900
2023-04-18 00:00:00+00:00,16.631949317555797,16.66549915125556,16.480978265395116,16.62356185913086,28517400
2023-04-19 00:00:00+00:00,16.59001486649916,16.63195056201752,16.447431262094806,16.522916793823242,31537200
2023-04-20 00:00:00+00:00,15.692574767182755,15.70096222560585,14.72803944494457,14.8035249710083,129904800
2023-04-21 00:00:00+00:00,14.988045060631933,15.432569135233052,14.954495228721791,15.281598091125488,76810200
2023-04-24 00:00:00+00:00,15.172564450399117,15.197726824519942,14.6861030822715,14.70287799835205,60001400
2023-04-25 00:00:00+00:00,14.686105728149414,14.90417487725219,14.635782570585492,14.686105728149414,46691800
2023-04-26 00:00:00+00:00,14.58545573306262,14.811912309418963,14.417711365192227,14.426098823547363,42482900
2023-04-27 00:00:00+00:00,14.577070155682257,14.78675184238493,14.560296836551723,14.769978523254395,36926900
2023-04-28 00:00:00+00:00,14.610615617311375,14.887395296869045,14.577065789610403,14.820297241210938,40675800
2023-05-01 00:00:00+00:00,14.879011424328825,14.895786342220422,14.669329749916505,14.677717208862305,35510200
2023-05-02 00:00:00+00:00,14.560295792286105,14.619006404393033,14.283516049679017,14.31706428527832,39398100
2023-05-03 00:00:00+00:00,14.384160656479763,14.46803363518325,14.317062593465774,14.333837509155273,32213100
2023-05-04 00:00:00+00:00,14.27512749050985,14.325450639901973,14.132543900778776,14.182867050170898,27422700
2023-05-05 00:00:00+00:00,14.241576249670015,14.367384910583496,14.157703275813052,14.367384910583496,23712300
2023-05-08 00:00:00+00:00,14.266740714914802,14.400936852877143,14.21641756311496,14.359001159667969,32091000
2023-05-09 00:00:00+00:00,14.342223559971444,14.35061101699335,14.182865076042912,14.275125503540039,29058400
2023-05-10 00:00:00+00:00,14.30867681370119,14.342226649014817,14.14093243636565,14.291903495788574,32892400
2023-05-11 00:00:00+00:00,14.216417112305638,14.258352804185012,14.157704904032771,14.22480297088623,21332600
2023-05-12 00:00:00+00:00,14.258353553878678,14.417712070938634,14.216417859794356,14.283515930175781,27280600
2023-05-15 00:00:00+00:00,14.258351092117396,14.342224065549221,14.208027947955864,14.216415405273438,28697300
2023-05-16 00:00:00+00:00,14.199641314423253,14.208028772227422,13.847376085368227,13.864151000976562,31200300
2023-05-17 00:00:00+00:00,13.973182678222656,14.048668187508172,13.880922255819524,13.973182678222656,34154700
2023-05-18 00:00:00+00:00,13.922863426707588,13.964799121468815,13.729956671215204,13.880926132202148,39142000
2023-05-19 00:00:00+00:00,13.914474301414002,13.964797449049634,13.662856963491818,13.679630279541016,46679400
2023-05-22 00:00:00+00:00,13.71318055671856,13.780278622327671,13.553822050992897,13.738341331481934,42251600
2023-05-23 00:00:00+00:00,13.637694200418712,13.67124243130326,13.478335704421188,13.503498077392578,45314800
2023-05-24 00:00:00+00:00,13.511885328747121,13.52027278627619,13.37768840789795,13.37768840789795,34236900
2023-05-25 00:00:00+00:00,13.142846180105375,13.142846180105375,12.580899281540152,12.706707954406738,102758200
2023-05-26 00:00:00+00:00,12.773806632249503,13.10091031720367,12.731870939198416,13.000263214111328,50164900
2023-05-30 00:00:00+00:00,12.991875838421203,13.15962101131174,12.933165227877536,13.117685317993164,35346700
2023-05-31 00:00:00+00:00,13.134459934709545,13.310592572909073,13.100910898855926,13.193170547485352,70109400
2023-06-01 00:00:00+00:00,13.20994521228663,13.310592317919403,13.10929810665386,13.260269165039062,31363800
2023-06-02 00:00:00+00:00,12.647996888265267,12.933164056282367,12.455090156884289,12.757031440734863,105292900
2023-06-05 00:00:00+00:00,12.85767985465977,12.991875994585254,12.790581784697029,12.908003807067871,39528300
2023-06-06 00:00:00+00:00,12.96671254562597,13.209943214080834,12.882839570349685,13.142845153808594,39037200
2023-06-07 00:00:00+00:00,13.109296366099317,13.520272992706838,13.058972420028523,13.503498077392578,43584200
2023-06-08 00:00:00+00:00,13.45317651171944,13.486724746545349,13.318979573055397,13.478337287902832,32833700
2023-06-09 00:00:00+00:00,13.428012353200385,13.52865864406131,13.34413937765365,13.37768840789795,24666300
2023-06-12 00:00:00+00:00,13.377688345454546,13.419624833032165,13.268653797701521,13.36091423034668,27517900
2023-06-13 00:00:00+00:00,13.2518807068988,13.394464295760535,13.15123360885617,13.268654823303223,41578200
2023-06-14 00:00:00+00:00,13.335753104428301,13.436401003971378,13.268655037980947,13.285429954528809,26782400
2023-06-15 00:00:00+00:00,13.3189766196533,13.503496669512087,13.243491108353256,13.444786071777344,30535200
2023-06-16 00:00:00+00:00,13.50349860054403,13.528659374746221,13.386076588411013,13.469948768615723,64149000
2023-06-20 00:00:00+00:00,13.436401474463382,13.486724626125001,13.226719809505129,13.235106468200684,35360500
2023-06-21 00:00:00+00:00,13.168007187900034,13.184782103491937,12.991874573545049,13.092521667480469,40676400
2023-06-22 00:00:00+00:00,13.058976278878097,13.117687699954896,12.975104077139022,13.067363739013672,30272800
2023-06-23 00:00:00+00:00,13.109297389851951,13.193169573357176,12.933164764657317,12.95832633972168,37408500
2023-06-26 00:00:00+00:00,12.966711326714224,13.126069004912678,12.941549756445394,13.109294891357422,28616600
2023-06-27 00:00:00+00:00,13.04219926368914,13.327366446026417,13.025424347141279,13.285429954528809,31457000
2023-06-28 00:00:00+00:00,13.260268843903567,13.285430419734377,13.092522872039305,13.235106468200684,26156400
2023-06-29 00:00:00+00:00,13.201557845738908,13.428014434898685,13.201557845738908,13.402852058410645,27298300
2023-06-30 00:00:00+00:00,13.419624895671317,13.453174725787592,13.277041317165052,13.37768840789795,40465300
2023-07-03 00:00:00+00:00,13.377689769402815,13.52027416229248,13.377689769402815,13.52027416229248,18424200
2023-07-05 00:00:00+00:00,13.486724746545349,13.612533426694792,13.419626677149369,13.478337287902832,32988100
2023-07-06 00:00:00+00:00,13.428012753308357,13.444787668866327,13.285429170553599,13.310590744018555,33325300
2023-07-07 00:00:00+00:00,13.26619990144113,13.445472906087637,13.257662897854756,13.325957298278809,28998300
2023-07-10 00:00:00+00:00,13.249124786634159,13.274734979545087,12.993020415124818,13.035704612731934,45305500
2023-07-11 00:00:00+00:00,13.052780467918948,13.104001678330572,12.899117650817598,13.001559257507324,39688000
2023-07-12 00:00:00+00:00,13.010096369809855,13.035707382295445,12.890581568077867,12.907654762268066,46478300
2023-07-13 00:00:00+00:00,12.924728770591795,12.95033896894386,12.813750158888144,12.907654762268066,40508200
2023-07-14 00:00:00+00:00,12.634475634060186,12.643012637203043,12.199098243375657,12.378371238708496,101745400
2023-07-17 00:00:00+00:00,12.05397337831583,12.130804784274147,11.507617346938282,11.550301551818848,160933400
2023-07-18 00:00:00+00:00,11.550301428096326,11.942994643350852,11.464933833383114,11.482007026672363,132538700
2023-07-19 00:00:00+00:00,12.22470978457646,12.497888216290029,12.182026392429718,12.455204010009766,142144700
2023-07-20 00:00:00+00:00,12.455202894043378,12.514960289001465,12.335687289993754,12.514960289001465,76867900
2023-07-21 00:00:00+00:00,12.472276784574758,12.617402592566675,12.46374059491261,12.600329399108887,49225400
2023-07-24 00:00:00+00:00,12.61740355411724,12.882044993015512,12.61740355411724,12.762529373168945,49475700
2023-07-25 00:00:00+00:00,12.873508041906367,12.899118241217613,12.566183207770752,12.634477615356445,59669800
2023-07-26 00:00:00+00:00,12.72838262835777,12.779603842748053,12.403983774908871,12.711309432983398,63191500
2023-07-27 00:00:00+00:00,12.711307330994066,12.736917526887417,12.3783715278467,12.386908531188965,65496000
2023-07-28 00:00:00+00:00,12.455202281829829,12.52349667674888,12.327149680756552,12.335686683654785,51420600
2023-07-31 00:00:00+00:00,12.344225566287973,12.455204178464214,12.301541359430415,12.39544677734375,47585600
2023-08-01 00:00:00+00:00,12.429592116925496,12.43812830571069,12.173487728301284,12.207634925842285,46296400
2023-08-02 00:00:00+00:00,12.199099225721957,12.429593444339314,12.130804823346478,12.250320434570312,41739100
2023-08-03 00:00:00+00:00,12.1564150288507,12.17348903652276,11.977142018961557,12.028363227844238,40781600
2023-08-04 00:00:00+00:00,11.994216570875063,12.045436967948392,11.951532363891602,11.951532363891602,38965000
2023-08-07 00:00:00+00:00,11.960068702697754,12.028363104418213,11.857627100117064,11.960068702697754,38109900
2023-08-08 00:00:00+00:00,11.900311954644499,12.122269194609332,11.900311954644499,12.105195999145508,39075100
2023-08-09 00:00:00+00:00,12.09665750024808,12.25032031111103,12.079583492759536,12.182025909423828,33951700
2023-08-10 00:00:00+00:00,12.19909839591131,12.250319601275482,12.096656799316406,12.096656799316406,33556400
2023-08-11 00:00:00+00:00,12.079582167407947,12.293002352797723,12.053971973118525,12.2673921585083,31237100
2023-08-14 00:00:00+00:00,12.216173777537039,12.267394174533448,12.105195165200108,12.173489570617676,26901400
2023-08-15 00:00:00+00:00,12.122267221411311,12.13080422482041,12.036899629720695,12.071046829223633,26393600
2023-08-16 00:00:00+00:00,12.07958391226141,12.113731114290882,11.960069112225018,12.036900520324707,29440300
2023-08-17 00:00:00+00:00,12.062510305278444,12.088120502390245,11.942994695200895,11.960068702697754,36036700
2023-08-18 00:00:00+00:00,11.925921563199145,12.0710473711352,11.908847555614436,11.994215965270996,32213600
2023-08-21 00:00:00+00:00,11.968606116265764,12.071047722354178,11.883237704125328,12.036900520324707,47841400
2023-08-22 00:00:00+00:00,12.028363755571961,12.224709967614086,11.97714254444202,12.173489570617676,43191500
2023-08-23 00:00:00+00:00,12.173488869431809,12.250320274634511,12.071047267206033,12.088120460510254,29371100
2023-08-24 00:00:00+00:00,11.985678571767645,12.190561771321477,11.985678571767645,12.079583168029785,29780100
2023-08-25 00:00:00+00:00,12.096658069874993,12.130805272326572,11.994216462520253,12.04543685913086,22107700
2023-08-28 00:00:00+00:00,12.105194817800731,12.182026225223941,12.045436604175174,12.130805015563965,30173700
2023-08-29 00:00:00+00:00,12.335687329796377,12.64301293716319,12.335687329796377,12.608865737915039,45429000
2023-08-30 00:00:00+00:00,12.702771090768188,12.796675690774075,12.549108277909918,12.574718475341797,26065300
2023-08-31 00:00:00+00:00,12.634475418524564,12.7027698142355,12.549107016819185,12.625938415527344,45406200
2023-09-01 00:00:00+00:00,12.643011639958297,12.685695024038978,12.497885854510564,12.50642204284668,20292900
2023-09-05 00:00:00+00:00,12.506425338460883,12.59179375738472,12.352763324184988,12.361299514770508,28402900
2023-09-06 00:00:00+00:00,12.318614691162491,12.59179229743151,12.224709278407401,12.47227668762207,43010100
2023-09-07 00:00:00+00:00,12.463740498026278,12.600329301160787,12.421056293513372,12.47227668762207,30699100
2023-09-08 00:00:00+00:00,12.472277048788426,12.472277048788426,12.25885683417726,12.293004035949707,28281300
2023-09-11 00:00:00+00:00,12.352762570486192,12.455204178464214,12.327151557891538,12.39544677734375,28625000
2023-09-12 00:00:00+00:00,12.40398328613987,12.438130489676654,12.275931476410317,12.344225883483887,27383300
2023-09-13 00:00:00+00:00,12.42105658088204,12.532035189529756,12.352762177734752,12.480813980102539,30916600
2023-09-14 00:00:00+00:00,12.719843305958586,12.941800504318335,12.694233110496596,12.856432914733887,55155000
2023-09-15 00:00:00+00:00,12.805213048218727,13.061317472009806,12.771065845988819,13.001559257507324,80594200
2023-09-18 00:00:00+00:00,12.950339198413273,12.993023405845396,12.822287390250448,12.882044792175293,29972500
2023-09-19 00:00:00+00:00,12.85643382570393,13.018632827300744,12.847896821900546,12.984485626220703,33190500
2023-09-20 00:00:00+00:00,13.04424313819523,13.428399357225118,13.035706948450986,13.274737358093262,45303600
2023-09-21 00:00:00+00:00,13.155223296439225,13.26620191752728,13.052781680234927,13.069855690002441,33709200
2023-09-22 00:00:00+00:00,13.086927778999575,13.112537977351641,12.847897361402072,12.907654762268066,33964400
2023-09-25 00:00:00+00:00,12.847895911535412,12.899116302459394,12.677159918233079,12.856432914733887,30428700
2023-09-26 00:00:00+00:00,12.634477532808905,12.87350795779712,12.523498917673846,12.822287559509277,35412000
2023-09-27 00:00:00+00:00,12.813748541453304,12.813748541453304,12.634475547350801,12.694232940673828,27561600
2023-09-28 00:00:00+00:00,12.711307712572461,12.82228631695303,12.702770708973924,12.813749313354492,27817600
2023-09-29 00:00:00+00:00,12.839360754227375,12.890581966648767,12.728382139092314,12.822287559509277,29640900
2023-10-02 00:00:00+00:00,12.839360362062099,12.882044568753921,12.51496153099118,12.52349853515625,36600200
2023-10-03 00:00:00+00:00,12.523497481208787,12.651549276374197,12.446666078456158,12.617402076721191,36830800
2023-10-04 00:00:00+00:00,12.514959045316163,12.574716434335807,12.335686064123864,12.50642204284668,37089000
2023-10-05 00:00:00+00:00,12.48934968795045,12.702769879171475,12.48934968795045,12.660085678100586,32171500
2023-10-06 00:00:00+00:00,12.54524683406243,12.623546010438616,12.284249856037313,12.571346282958984,53313500
2023-10-09 00:00:00+00:00,12.588746702810738,12.832343499644297,12.580046609787905,12.814943313598633,30659800
2023-10-10 00:00:00+00:00,12.780144753441812,13.032441662689074,12.780144753441812,13.015042304992676,35746800
2023-10-11 00:00:00+00:00,13.006342336271562,13.093341614649274,12.77144561215031,12.84974479675293,31793500
2023-10-12 00:00:00+00:00,12.736644728572385,12.76274417746894,12.423448023067637,12.571346282958984,38543700
2023-10-13 00:00:00+00:00,12.597446344583997,12.727945254787164,12.458248170783198,12.493047714233398,34104500
2023-10-16 00:00:00+00:00,12.527848520340898,12.614847802578165,12.379950238349533,12.536548614501953,31727900
2023-10-17 00:00:00+00:00,12.458248874787087,12.693146428614693,12.432149423146223,12.684446334838867,34771800
2023-10-18 00:00:00+00:00,12.588747048291983,12.640945948488435,12.449548874852699,12.458248138427734,36230900
2023-10-19 00:00:00+00:00,13.371737663752647,13.624034569495656,13.189039847201737,13.276039123535156,97636500
2023-10-20 00:00:00+00:00,13.215139390699305,13.841532027497937,13.215139390699305,13.380437850952148,68058400
2023-10-23 00:00:00+00:00,13.37173756459638,13.380437658102524,12.928042752021959,13.006341934204102,53938600
2023-10-24 00:00:00+00:00,13.206439976916505,13.54573532783096,13.206439976916505,13.51093578338623,66404200
2023-10-25 00:00:00+00:00,13.484835510638618,13.563134688288946,13.110739808392177,13.21513843536377,42605800
2023-10-26 00:00:00+00:00,13.197740247392659,13.302138883606279,13.032441784456138,13.154240608215332,41165100
2023-10-27 00:00:00+00:00,13.136842412413694,13.206441509379363,12.823645646381499,12.893244743347168,35849200
2023-10-30 00:00:00+00:00,13.00634203065083,13.380437757323307,12.971542486054778,13.276039123535156,41832200
2023-10-31 00:00:00+00:00,13.293438054740024,13.432636228660877,13.267338604551504,13.397836685180664,33688400
2023-11-01 00:00:00+00:00,13.476137493940692,13.658835326711356,13.423938587255737,13.554436683654785,41502800
2023-11-02 00:00:00+00:00,13.58923512151666,13.728433300890535,13.537036219094755,13.68493366241455,35788800
2023-11-03 00:00:00+00:00,13.83283190606446,13.954631557288005,13.771932910139281,13.81543254852295,42807500
2023-11-06 00:00:00+00:00,13.771934455012559,13.832833457769112,13.606636806236189,13.702335357666016,32805500
2023-11-07 00:00:00+00:00,13.667535190896537,13.885032567690125,13.667535190896537,13.780633926391602,26425500
2023-11-08 00:00:00+00:00,13.78063200507034,13.78063200507034,13.554434565617079,13.615333557128906,28224500
2023-11-09 00:00:00+00:00,13.641433403076567,13.702332392655354,13.528334686939887,13.597933769226074,26080800
2023-11-10 00:00:00+00:00,13.641436550209082,13.69363545912296,13.450038614922569,13.606637001037598,23755800
2023-11-13 00:00:00+00:00,13.580536136997264,13.693634874396881,13.493537682626785,13.554436683654785,23876000
2023-11-14 00:00:00+00:00,13.658832758804861,13.702332392655354,13.502235238504195,13.597933769226074,31504200
2023-11-15 00:00:00+00:00,13.615335398392363,13.745834321734065,13.606636133918899,13.711034774780273,25233500
2023-11-16 00:00:00+00:00,13.81543254852295,13.858932186906618,13.70233382060005,13.81543254852295,26214200
2023-11-17 00:00:00+00:00,13.841532430310506,13.885032070047517,13.780633432490664,13.832832336425781,27162600
2023-11-20 00:00:00+00:00,13.832830723124914,14.067728252497078,13.789331918147719,14.006829261779785,30868000
2023-11-21 00:00:00+00:00,13.980731219759317,14.137329597726167,13.93723240782333,14.08513069152832,25680000
2023-11-22 00:00:00+00:00,14.137329041936544,14.163429323696025,14.006830951885625,14.067729949951172,21301600
2023-11-24 00:00:00+00:00,14.10252857208252,14.198227945188307,14.093830137594024,14.10252857208252,12431000
2023-11-27 00:00:00+00:00,14.085130043732294,14.154729135252895,13.998130764488236,14.10252857208252,29976200
2023-11-28 00:00:00+00:00,14.067730226648797,14.093830508921643,13.945932228122064,14.076430320739746,24258400
2023-11-29 00:00:00+00:00,14.085128483998435,14.20692646582873,14.05032811240518,14.180826187133789,26623500
2023-11-30 00:00:00+00:00,14.17212877314866,14.441825034906087,14.17212877314866,14.415724754333496,50630000
2023-12-01 00:00:00+00:00,14.441825983141454,14.58972426401731,14.372226889751245,14.581024169921875,35407200
2023-12-04 00:00:00+00:00,14.441824423496962,14.589722688400549,14.398323957717615,14.494023323059082,40542500
2023-12-05 00:00:00+00:00,14.772420120303398,15.085616846042443,14.755019933457195,14.981217384338379,72091000
2023-12-06 00:00:00+00:00,14.937719443268698,15.03341881710205,14.668023168997628,14.737622261047363,45867500
2023-12-07 00:00:00+00:00,14.807222145773787,14.90291986535689,14.702822672423732,14.868121147155762,31309100
2023-12-08 00:00:00+00:00,14.868119791934161,14.885519979135374,14.624522149236725,14.720221519470215,42137200
2023-12-11 00:00:00+00:00,14.711521736860261,14.737622018213822,14.380926469914588,14.45922565460205,43835000
2023-12-12 00:00:00+00:00,14.407023571687933,14.424423757420932,14.21562650674407,14.276525497436523,41348800
2023-12-13 00:00:00+00:00,14.206929410890977,14.354827702075172,14.00683221086924,14.311328887939453,53889700
2023-12-14 00:00:00+00:00,14.363526860479904,14.624523047027775,14.363526860479904,14.48532485961914,54485000
2023-12-15 00:00:00+00:00,14.372227668762207,14.494025673953514,14.311328666166553,14.372227668762207,65906500
2023-12-18 00:00:00+00:00,14.44182605628478,14.572324149630697,14.276527586380867,14.320026397705078,34621800
2023-12-19 00:00:00+00:00,14.293927860779883,14.459226331679709,14.27652767239605,14.450526237487793,28077400
2023-12-20 00:00:00+00:00,14.415725310871396,14.450525686311698,14.267827033996582,14.267827033996582,33476300
2023-12-21 00:00:00+00:00,14.328727320785173,14.36352769935643,14.224329503818169,14.3461275100708,36327900
2023-12-22 00:00:00+00:00,14.35482520618382,14.554922371414413,14.35482520618382,14.398324012756348,26740400
2023-12-26 00:00:00+00:00,14.354825759037288,14.450525128430284,14.302626857265276,14.415724754333496,22750400
2023-12-27 00:00:00+00:00,14.34612594127241,14.459225499887784,14.311327225879896,14.42442512512207,27728700
2023-12-28 00:00:00+00:00,14.389626531167348,14.676722987914578,14.380926437402497,14.563623428344727,32112900
2023-12-29 00:00:00+00:00,14.46792326419561,14.641921811219902,14.45052473699168,14.59842300415039,33285400
2024-01-02 00:00:00+00:00,14.650622012438058,15.120415437867567,14.641921919085439,15.007317543029785,47624300
2024-01-03 00:00:00+00:00,15.068217896666315,15.120416802118582,14.981218614663678,14.98991870880127,33612400
2024-01-04 00:00:00+00:00,15.016020852541326,15.050819574031921,14.920321464538574,14.920321464538574,35703700
2024-01-05 00:00:00+00:00,14.929021753284996,15.242218547627909,14.876822840685682,15.198718070983887,33311400
2024-01-08 00:00:00+00:00,15.18131779812755,15.21611651607721,14.998619135928527,15.068218231201172,41215100
2024-01-09 00:00:00+00:00,15.004555016115784,15.013397030877279,14.880770182338594,14.986872673034668,30338400
2024-01-10 00:00:00+00:00,14.94266300755424,14.94266300755424,14.818878170394472,14.916138648986816,26893800
2024-01-11 00:00:00+00:00,14.854245732309657,14.854245732309657,14.279528202664961,14.350262641906738,59137500
2024-01-12 00:00:00+00:00,14.447523287559045,14.695094670855687,14.438681271751086,14.571308135986328,32658900
2024-01-16 00:00:00+00:00,14.518256140605189,14.677409034867472,14.447521708315495,14.535940170288086,39033400
2024-01-17 00:00:00+00:00,14.48288767539622,14.703932980912562,14.456363318057042,14.509413719177246,39261000
2024-01-18 00:00:00+00:00,14.403314360867242,14.51825718922433,14.314895892508396,14.50057315826416,35127800
2024-01-19 00:00:00+00:00,14.730460619641823,14.83656311981238,14.500573274640637,14.739302635192871,52563000
2024-01-22 00:00:00+00:00,14.783509800079436,14.942662693911078,14.712775367981138,14.854244232177734,44093400
2024-01-23 00:00:00+00:00,15.066449798014869,15.252127057043259,15.013397707056512,15.199076652526855,59713000
2024-01-24 00:00:00+00:00,14.642041653213795,15.066449953037738,14.553623187148725,14.748144149780273,79217000
2024-01-25 00:00:00+00:00,14.827720005739389,15.19907619916112,14.756985573013434,15.190234184265137,54457900
2024-01-26 00:00:00+00:00,15.163710975196802,15.367072296507322,15.137186611990693,15.287497520446777,38567300
2024-01-29 00:00:00+00:00,15.22560064887828,15.278652738572895,15.075289767627366,15.252126693725586,38264800
2024-01-30 00:00:00+00:00,15.25212727030785,15.552749044174202,15.190234849766302,15.499698638916016,54946400
2024-01-31 00:00:00+00:00,15.482015681115927,15.756111428124607,15.473173665219893,15.641168594360352,52968100
2024-02-01 00:00:00+00:00,15.99483857488187,16.05673099110964,15.756109238196025,15.950630187988281,71660400
2024-02-02 00:00:00+00:00,15.853373045771844,15.897581441958877,15.703062137716834,15.764954566955566,33248500
2024-02-05 00:00:00+00:00,15.658848716080476,15.800319263885445,15.543905898638638,15.676532745361328,31496900
2024-02-06 00:00:00+00:00,15.614642964533632,15.711903455550686,15.517382473516577,15.5704345703125,25734200
2024-02-07 00:00:00+00:00,15.56158908716715,15.57927311549258,15.296333721610976,15.322859764099121,33871800
2024-02-08 00:00:00+00:00,15.296334806281495,15.296334806281495,14.801193783151083,14.871928215026855,66974900
2024-02-09 00:00:00+00:00,14.84540571219364,14.924980482360967,14.650884735396353,14.88961410522461,44427100
2024-02-12 00:00:00+00:00,14.889611345104484,15.084130599401217,14.818876917501875,15.0487642288208,31151200
2024-02-13 00:00:00+00:00,15.048767608551517,15.207920528011226,14.810038229361952,14.942665100097656,29734600
2024-02-14 00:00:00+00:00,15.004555109794737,15.11065760115325,14.889612290061413,14.951504707336426,26468100
2024-02-15 00:00:00+00:00,14.978032732399624,15.225602434236935,14.978032732399624,15.1106595993042,25926700
2024-02-16 00:00:00+00:00,14.98687335831982,15.09297416742555,14.818878443053466,15.004555702209473,28848800
2024-02-20 00:00:00+00:00,14.924978662886325,15.146023973978162,14.916138334511514,14.951504707336426,29103900
2024-02-21 00:00:00+00:00,14.960347716527075,15.039924168724719,14.889613279733835,15.031082153320312,22644500
2024-02-22 00:00:00+00:00,14.827722486692442,14.827722486692442,14.518258659321644,14.668569564819336,59974500
2024-02-23 00:00:00+00:00,14.703933353163613,14.907296321082873,14.62435859268968,14.854244232177734,32270900
2024-02-26 00:00:00+00:00,14.854244411214282,14.880770455986568,14.606674739107252,14.677409172058105,26815900
2024-02-27 00:00:00+00:00,14.686250470104923,14.89845375859924,14.624358055099309,14.880769729614258,28350800
2024-02-28 00:00:00+00:00,14.871926506646501,15.066447436791119,14.8630844928725,14.995711326599121,33531100
2024-02-29 00:00:00+00:00,15.048766095589317,15.137184562671154,14.951505613155097,14.969189643859863,46155200
2024-03-01 00:00:00+00:00,14.916140321092335,15.075291549663557,14.863088225126482,15.013399124145508,27552700
2024-03-04 00:00:00+00:00,14.916138335900396,15.0222391408269,14.774667785261911,14.854244232177734,32690500
2024-03-05 00:00:00+00:00,15.05760972173506,15.349389513808978,15.031083672840278,15.181394577026367,43337900
2024-03-06 00:00:00+00:00,15.119499751539184,15.225600557407162,15.04876531881323,15.190234184265137,35356700
2024-03-07 00:00:00+00:00,15.199076248763145,15.296335040052545,15.03992335299988,15.075289726257324,27325100
2024-03-08 00:00:00+00:00,15.084131645394509,15.31401897265473,15.013397212886893,15.207918167114258,30812900
2024-03-11 00:00:00+00:00,15.225599294751015,15.420120233447228,15.225599294751015,15.322859764099121,29541600
2024-03-12 00:00:00+00:00,15.296334942917353,15.331703002392109,15.181392122508191,15.207918167114258,38700600
2024-03-13 00:00:00+00:00,15.26981108736271,15.411279957034422,15.146024561568499,15.199076652526855,32339800
2024-03-14 00:00:00+00:00,15.163707545039998,15.181391574138608,14.88076982522958,15.039922714233398,37237700
2024-03-15 00:00:00+00:00,14.933820860343735,15.154866174138956,14.933820860343735,15.075289726257324,93104700
2024-03-18 00:00:00+00:00,15.11949997908168,15.314019250395015,14.969189096471673,15.296335220336914,35177000
2024-03-19 00:00:00+00:00,15.296337416019416,15.314021448615936,15.172552560728107,15.181394577026367,26144600
2024-03-20 00:00:00+00:00,15.137183017190013,15.305176232407486,15.101814959391502,15.216757774353027,28961700
2024-03-21 00:00:00+00:00,15.199074335502797,15.269808759555538,15.084129842391032,15.172548294067383,34446700
2024-03-22 00:00:00+00:00,15.19907808714177,15.207920103136077,15.013399124145508,15.013399124145508,26169900
2024-03-25 00:00:00+00:00,15.066449708650103,15.146024471731744,15.004555602899137,15.137184143066406,30944600
2024-03-26 00:00:00+00:00,15.146024109785227,15.278652646783055,15.075289677059274,15.190234184265137,33048600
2024-03-27 00:00:00+00:00,15.28749412725073,15.552747819089701,15.28749412725073,15.517379760742188,37488400
2024-03-28 00:00:00+00:00,15.517382022671999,15.65001057436626,15.49085766148682,15.561592102050781,33461500
2024-04-01 00:00:00+00:00,15.19907834052917,15.508542159720673,15.163710275962304,15.473174095153809,31980100
2024-04-02 00:00:00+00:00,15.455487159058148,15.650008104744582,15.455487159058148,15.49085521697998,40169500
2024-04-03 00:00:00+00:00,15.552750538047192,15.658851358754763,15.46433206316279,15.5704345703125,38155900
2024-04-04 00:00:00+00:00,15.579277641947094,15.809163331202386,15.526225541556869,15.535067558288574,31850300
2024-04-05 00:00:00+00:00,15.49085567103743,15.508539700516689,15.278652376611943,15.402437210083008,37769000
2024-04-08 00:00:00+00:00,15.384753545078297,15.437803948330998,15.22560064887828,15.252126693725586,27372200
2024-04-09 00:00:00+00:00,15.27729238199296,15.34918545405146,15.106545693079251,15.18742561340332,32785000
2024-04-10 00:00:00+00:00,15.070597235372295,15.08857092858945,14.836944365746477,15.034649848937988,39046800
2024-04-11 00:00:00+00:00,14.980732373693346,15.007692916921089,14.75606632232666,14.75606632232666,40831200
2024-04-12 00:00:00+00:00,14.747079017962527,14.792011541218217,14.603292886665248,14.657212257385254,41785200
2024-04-15 00:00:00+00:00,14.792009560319025,14.863904330405635,14.495450489974406,14.594304084777832,40249900
2024-04-16 00:00:00+00:00,14.576332579313517,14.585319426922744,14.324706845485851,14.45950698852539,56368800
2024-04-17 00:00:00+00:00,14.47748051394637,14.603292950868145,14.432546276427235,14.486467361450195,27177500
2024-04-18 00:00:00+00:00,14.477478770796022,14.693157942721474,14.459505077952478,14.67518424987793,29566500
2024-04-19 00:00:00+00:00,14.675184766918443,14.845931426816524,14.612278553815402,14.836944580078125,45820400
2024-04-22 00:00:00+00:00,14.99870560476571,15.034651280557084,14.531399821016608,14.657212257385254,54178100
2024-04-23 00:00:00+00:00,14.720116710743628,14.854917692480905,14.639238521393219,14.827957153320312,47805000
2024-04-24 00:00:00+00:00,15.18742536731677,15.304252678810123,14.720119549475388,15.106545448303223,74197800
2024-04-25 00:00:00+00:00,15.007691292509438,15.277289839342114,14.827957785243816,14.899850845336914,46680400
2024-04-26 00:00:00+00:00,14.800999057946818,15.169451250314822,14.729105989047353,15.05262565612793,37852700
2024-04-29 00:00:00+00:00,15.268302750523109,15.528916160520168,15.268302750523109,15.295263290405273,42383300
2024-04-30 00:00:00+00:00,15.196410927687998,15.259317145130948,15.097557320811433,15.178437232971191,31822800
2024-05-01 00:00:00+00:00,15.124517694635976,15.367157428416037,15.079585172409677,15.205397605895996,39350700
2024-05-02 00:00:00+00:00,15.268302980877118,15.268302980877118,15.034650107237084,15.115530014038086,32205000
2024-05-03 00:00:00+00:00,15.115532702900978,15.20539947245112,15.034652781712458,15.14249324798584,24023200
2024-05-06 00:00:00+00:00,15.232356293214472,15.313236194627803,15.196408908557151,15.268301963806152,24182300
2024-05-07 00:00:00+00:00,15.331210341383969,15.46600962478406,15.27729097083711,15.349184036254883,28086800
2024-05-08 00:00:00+00:00,15.304251344553878,15.457024321141958,15.2772908025445,15.376144409179688,25292100
2024-05-09 00:00:00+00:00,15.367156660355832,15.448036567573421,15.313237293566026,15.43904972076416,22547700
2024-05-10 00:00:00+00:00,15.457024744102098,15.474996725200928,15.385131677509033,15.43006420135498,19229600
2024-05-13 00:00:00+00:00,15.439050349444935,15.582836476116588,15.41208980791931,15.510943412780762,28014800
2024-05-14 00:00:00+00:00,15.52891732457851,15.582836694318939,15.474996240772219,15.546889305114746,23545300
2024-05-15 00:00:00+00:00,15.591821462896737,15.672701363757293,15.439048507278539,15.573847770690918,30877900
2024-05-16 00:00:00+00:00,15.555876152415795,15.609797236222084,15.412090023730741,15.546889305114746,24686200
2024-05-17 00:00:00+00:00,15.636756896972656,15.645743744752401,15.510944456188128,15.636756896972656,25891200
2024-05-20 00:00:00+00:00,15.618780441357238,15.780540244675537,15.600808463039597,15.74459457397461,28266600
2024-05-21 00:00:00+00:00,15.735609070673018,15.744595917631607,15.403102589468391,15.519929885864258,31173300
2024-05-22 00:00:00+00:00,15.448038112471945,15.735610382864252,15.439051264763943,15.72662353515625,30647500
2024-05-23 00:00:00+00:00,15.636757891512493,15.735611509311093,15.56486481876789,15.699664115905762,32477700
2024-05-24 00:00:00+00:00,15.717636687448248,15.825477145878333,15.654730467558174,15.72662353515625,24996000
2024-05-28 00:00:00+00:00,15.690674835880072,15.744595917631607,15.457023671219927,15.519929885864258,25458300
2024-05-29 00:00:00+00:00,15.501955505747615,15.555874871046596,15.376143082028085,15.385129928588867,23503800
2024-05-30 00:00:00+00:00,15.430063565299736,15.85243509986483,15.421076718087818,15.834463119506836,33262600
2024-05-31 00:00:00+00:00,15.753583979874433,16.41859527951909,15.699662893963245,16.373661041259766,67619500
2024-06-03 00:00:00+00:00,16.29277906820209,16.472512570401907,16.140006105551954,16.184940338134766,38332700
2024-06-04 00:00:00+00:00,16.148990968254928,16.499471083083478,16.086084764432382,16.4904842376709,30089100
2024-06-05 00:00:00+00:00,16.454539672878774,16.463526519829813,16.319740396744766,16.445552825927734,28101800
2024-06-06 00:00:00+00:00,16.436568634575206,16.580354765896725,16.37366070231439,16.427581787109375,22319200
2024-06-07 00:00:00+00:00,16.37365827503239,16.37365827503239,16.148992263889472,16.265819549560547,36626700
2024-06-10 00:00:00+00:00,16.175954720869257,16.211902109667236,15.951288683079406,16.050142288208008,32414600
2024-06-11 00:00:00+00:00,16.03216859380902,16.13102219893762,15.933314988680415,16.050142288208008,29957000
2024-06-12 00:00:00+00:00,16.166969252473454,16.211903492303154,15.789530208233895,15.825477600097656,35652200
2024-06-13 00:00:00+00:00,15.771554086312781,15.888381377833579,15.654728508857705,15.87939453125,30692000
2024-06-14 00:00:00+00:00,15.807500688028972,15.951286798097842,15.717633940719518,15.852433204650879,22652300
2024-06-17 00:00:00+00:00,15.78054093289636,15.906355071000736,15.717634720877033,15.87939453125,27451600
2024-06-18 00:00:00+00:00,16.06811515512813,16.35568913918185,16.05014317380334,16.220888137817383,33711100
2024-06-20 00:00:00+00:00,16.122035904172375,16.319741407138274,16.086088514142627,16.274808883666992,32100600
2024-06-21 00:00:00+00:00,16.32872712790056,16.580353698547874,16.23886037309325,16.535419464111328,72558200
2024-06-24 00:00:00+00:00,16.553395600212305,16.805022207985193,16.535421903785807,16.760087966918945,42162200
2024-06-25 00:00:00+00:00,16.75109771995508,16.831977623397986,16.65224583779817,16.796031951904297,32354000
2024-06-26 00:00:00+00:00,16.751099669349443,16.903872647624233,16.724140841108287,16.85894012451172,32029700
2024-06-27 00:00:00+00:00,16.876915149534472,16.88590199767845,16.7241421592189,16.84995460510254,28916300
2024-06-28 00:00:00+00:00,16.894884346468263,17.19144343006474,16.876912367209187,17.173471450805664,52825200
2024-07-01 00:00:00+00:00,17.290297314577938,17.362190374997702,16.92184516566843,17.056644439697266,36095700
2024-07-02 00:00:00+00:00,17.056645089328562,17.074618783634502,16.78704653100277,16.912858963012695,31606900
2024-07-03 00:00:00+00:00,16.96678016007216,17.002727552557452,16.769074643601105,16.78704833984375,19463000
2024-07-05 00:00:00+00:00,16.805019430889686,16.894884470039564,16.760085197248994,16.8679256439209,30727800
2024-07-08 00:00:00+00:00,16.930832076789365,16.984751443792554,16.796032802248504,16.903871536254883,23277400
2024-07-09 00:00:00+00:00,16.912857802569782,17.056643919020043,16.805019072264944,16.89488410949707,27803600
2024-07-10 00:00:00+00:00,16.938668772926725,17.10285647343854,16.83833145821561,17.093734741210938,33408200
2024-07-11 00:00:00+00:00,17.057251320710268,17.212317305072823,16.984279195115697,17.203195571899414,23623400
2024-07-12 00:00:00+00:00,17.075495090150664,17.194075895799116,16.956916024295133,17.157588958740234,37919400
2024-07-15 00:00:00+00:00,17.194073626486567,17.212317092608192,16.902185127711274,16.947792053222656,33910900
2024-07-16 00:00:00+00:00,16.96603274617158,17.203192547609866,16.938667551462103,17.19407081604004,23923600
2024-07-17 00:00:00+00:00,17.239679243351226,17.504204262656934,17.19407232130182,17.476839065551758,40611500
2024-07-18 00:00:00+00:00,17.42211120027446,17.631905834872537,17.321773879469887,17.46771812438965,34793900
2024-07-19 00:00:00+00:00,17.440353393554688,17.549810699363224,17.31265088372139,17.440353393554688,29910300
2024-07-22 00:00:00+00:00,17.057249659522334,17.121100045725175,16.701509059575383,16.920425415039062,44083600
2024-07-23 00:00:00+00:00,16.938667817187927,16.975154744039624,16.546442052494346,16.610292434692383,70161800
2024-07-24 00:00:00+00:00,17.25792270808801,17.540689452337947,17.111978469778848,17.476839065551758,64465000
2024-07-25 00:00:00+00:00,17.467716867885073,18.005886884736764,17.42210994705053,17.50420379638672,54049700
2024-07-26 00:00:00+00:00,17.4768398306562,17.60454060981909,17.230558265305515,17.340017318725586,30844200
2024-07-29 00:00:00+00:00,17.330896838372787,17.349140305226598,17.166709116273992,17.239681243896484,30788300
2024-07-30 00:00:00+00:00,17.285287224307247,17.35825934058738,17.184949911999883,17.312650680541992,27855000
2024-07-31 00:00:00+00:00,17.23967770546393,17.622781731798344,17.221434242354576,17.558931350708008,39522000
2024-08-01 00:00:00+00:00,17.613663064384426,17.905551565742527,17.44947534742232,17.759607315063477,44379300
2024-08-02 00:00:00+00:00,17.914671999179408,18.233925676800325,17.504204476346153,17.668392181396484,45240100
2024-08-05 00:00:00+00:00,17.148464861764037,17.440355098639778,17.002520613222504,17.248802185058594,50898400
2024-08-06 00:00:00+00:00,17.230557052001913,17.60453937018122,17.20319359541819,17.50420379638672,33776000
2024-08-07 00:00:00+00:00,17.513324432727025,17.805212883307075,17.42210885697266,17.558931350708008,30036700
2024-08-08 00:00:00+00:00,17.568056127912193,17.768729037527116,17.522447462231955,17.695756912231445,25588100
2024-08-09 00:00:00+00:00,17.686631716329877,17.878184595098404,17.57717441971274,17.777847290039062,22819600
2024-08-12 00:00:00+00:00,17.82345896511745,17.841700691114557,17.6045408552256,17.723121643066406,22979900
2024-08-13 00:00:00+00:00,17.71399834711522,17.841699116790128,17.659269694367758,17.805213928222656,21508000
2024-08-14 00:00:00+00:00,17.76872939022922,17.93291711035172,17.7140007301193,17.90555191040039,19158600
2024-08-15 00:00:00+00:00,17.832577912523792,17.85994310960375,17.303529614192442,17.412988662719727,42608100
2024-08-16 00:00:00+00:00,17.44035643572885,17.659272825324678,17.40386950089981,17.641029357910156,24724400
2024-08-19 00:00:00+00:00,17.650146530721617,17.79609075273937,17.641024799371465,17.777847290039062,20506700
2024-08-20 00:00:00+00:00,17.7504820959886,17.859941132398095,17.686631716329877,17.777847290039062,20260900
2024-08-21 00:00:00+00:00,17.805218064175033,17.86906846384422,17.714002461879232,17.823461532592773,20055500
2024-08-22 00:00:00+00:00,17.841699909744964,17.859943374735764,17.695755669403734,17.796092987060547,17596700
2024-08-23 00:00:00+00:00,17.8234593348475,18.02413224331969,17.79609413559519,17.996767044067383,21519300
2024-08-26 00:00:00+00:00,18.02412986755371,18.188317561840552,17.969401216055587,18.02412986755371,22599700
2024-08-27 00:00:00+00:00,18.005887645529466,18.060616300801843,17.87818686996306,17.92379379272461,20321900
2024-08-28 00:00:00+00:00,17.951154768989174,18.160949348026612,17.94203303862335,18.078855514526367,20435500
2024-08-29 00:00:00+00:00,18.06061505528831,18.106223714697133,17.89642910079393,18.02412986755371,20775600
2024-08-30 00:00:00+00:00,18.024129906184292,18.16095240511909,17.96940125456887,18.151830673217773,29362700
2024-09-03 00:00:00+00:00,18.17919680006502,18.653516444473393,18.17007506769649,18.635272979736328,50352600
2024-09-04 00:00:00+00:00,18.690005465981198,19.03662440787906,18.471089063631823,18.762977600097656,57532400
2024-09-05 00:00:00+00:00,18.890673781654144,19.00013282596586,18.71736609286662,18.83594512939453,44199100
2024-09-06 00:00:00+00:00,18.835947722131106,19.155201427209814,18.835947722131106,19.127836227416992,53079500
2024-09-09 00:00:00+00:00,19.118709775932583,19.702488382228992,19.09134632268539,19.61127281188965,58958400
2024-09-10 00:00:00+00:00,19.565667856801632,19.939650166847265,19.456208813469814,19.802825927734375,60944500
2024-09-11 00:00:00+00:00,19.720734071229195,19.720734071229195,19.374115212756045,19.5656681060791,37328500
2024-09-12 00:00:00+00:00,19.456209097555117,19.738975832251732,19.310264864176705,19.693368911743164,34564800
2024-09-13 00:00:00+00:00,19.675127042446405,19.76634263064978,19.55654799563687,19.738977432250977,31451300
2024-09-16 00:00:00+00:00,19.921407181761897,20.377483350319096,19.875800260823183,20.31363296508789,53733400
2024-09-17 00:00:00+00:00,20.13120343985947,20.158568638524958,19.80282801504419,19.866680145263672,29304400
2024-09-18 00:00:00+00:00,19.92140511345744,20.067349333059944,19.738973969058144,19.821067810058594,27825600
2024-09-19 00:00:00+00:00,19.748101045477448,19.793709713818338,19.31939000182988,19.483577728271484,40942200
2024-09-20 00:00:00+00:00,19.42884609139603,19.72073633084725,19.36499569956981,19.647764205932617,94156500
2024-09-23 00:00:00+00:00,19.647762439417612,19.7024910932348,19.483574738173502,19.602153778076172,25550300
2024-09-24 00:00:00+00:00,19.501816018063685,19.75721929637216,19.437965633434693,19.693368911743164,25905500
2024-09-25 00:00:00+00:00,19.72073266190776,19.830189959019403,19.62951708778648,19.66600227355957,28334800
2024-09-26 00:00:00+00:00,19.602154134055176,19.848435690393863,19.547425479244104,19.748098373413086,25497500
2024-09-27 00:00:00+00:00,19.81194755963372,20.012622181430128,19.775462371902304,19.97613525390625,23577700
2024-09-30 00:00:00+00:00,20.067350387573242,20.13120076953055,19.76634020135134,20.067350387573242,26260200
2024-10-01 00:00:00+00:00,20.00349894024918,20.204171807112,19.92140509930704,20.185928344726562,32705500
2024-10-02 00:00:00+00:00,20.11295910595939,20.286268543775076,20.067352183278064,20.24066162109375,29820100
2024-10-03 00:00:00+00:00,20.185931027528802,20.277146611786623,20.039986788633307,20.112958908081055,28894700
2024-10-04 00:00:00+00:00,19.79370694159154,20.04910848935881,19.593032308582902,19.985258102416992,24539300
2024-10-07 00:00:00+00:00,19.985259193228824,19.985259193228824,19.76634282328286,19.866680145263672,23116300
2024-10-08 00:00:00+00:00,19.994380144657125,20.049108800056437,19.811948973602632,19.939651489257812,22716400
2024-10-09 00:00:00+00:00,19.94877133451955,20.06735036663189,19.875799220959856,20.00349998474121,25365400
2024-10-10 00:00:00+00:00,19.955462304280235,20.02937135213521,19.595154154122884,19.604393005371094,28738500
2024-10-11 00:00:00+00:00,19.678301371140904,19.81688237292987,19.60439232584775,19.74297332763672,25249800
2024-10-14 00:00:00+00:00,19.733732716692497,19.779925205081902,19.641345977783203,19.641345977783203,33512200
2024-10-15 00:00:00+00:00,19.761448103301856,19.96469928748337,19.613630021422868,19.872312545776367,35942600
2024-10-16 00:00:00+00:00,19.881552159591443,20.103279290924025,19.84459675663738,20.057085037231445,23926900
2024-10-17 00:00:00+00:00,19.91850648707824,20.112518835014182,19.890791696037862,20.075563430786133,25471200
2024-10-18 00:00:00+00:00,20.075563618478363,20.380438657687503,19.983176869175146,20.18642807006836,27277400
2024-10-21 00:00:00+00:00,20.21414230117186,20.297290197027404,20.00165401715464,20.010892868041992,29366200
2024-10-22 00:00:00+00:00,19.632107379824618,19.973937789540162,19.44733389963289,19.863073348999023,47781900
2024-10-23 00:00:00+00:00,19.622870464453896,20.8608483222661,19.447335817176757,20.777700424194336,71932600
2024-10-24 00:00:00+00:00,20.694550696383633,20.76845973678702,20.380436834136614,20.50977897644043,38783100
2024-10-25 00:00:00+00:00,20.602165092585928,20.70379068954926,20.149471974860226,20.167949676513672,26050400
2024-10-28 00:00:00+00:00,20.251097288499565,20.463585568149504,20.1587105436555,20.426631927490234,27923800
2024-10-29 00:00:00+00:00,20.315765957064528,20.657596358702634,20.251095769164728,20.491300582885742,32711100
2024-10-30 00:00:00+00:00,20.44510679929647,20.565210089962232,20.232618530740744,20.343482971191406,36264900
2024-10-31 00:00:00+00:00,20.380440327518066,20.87932775735237,20.35272553394782,20.823896408081055,59566700
2024-11-01 00:00:00+00:00,20.8146551986254,20.999426929312033,20.389676869997952,20.435871124267578,37170000
2024-11-04 00:00:00+00:00,20.454348075257123,20.55597367754479,20.130997090034022,20.2510986328125,24318500
2024-11-05 00:00:00+00:00,20.232619419124546,20.48206309949336,20.167949226909798,20.371198654174805,26461800
2024-11-06 00:00:00+00:00,20.42663113762113,20.685311898624985,20.29728899498868,20.620641708374023,32259200
2024-11-07 00:00:00+00:00,20.685314260266516,20.685314260266516,20.288052460934633,20.361963272094727,31471800
2024-11-08 00:00:00+00:00,20.371198719459752,20.722267995651453,20.371198719459752,20.63912010192871,29901600
2024-11-11 00:00:00+00:00,20.583689627956346,20.768461362361876,20.55597307483672,20.611404418945312,23465000
2024-11-12 00:00:00+00:00,20.519020065176854,20.592930882120992,20.130998849005287,20.46358871459961,39579500
2024-11-13 00:00:00+00:00,20.482063684926406,20.68531311800083,20.380438087323874,20.60216522216797,29345600
2024-11-14 00:00:00+00:00,20.602165545998115,20.74998363821762,20.528256499888364,20.555973052978516,20825100
2024-11-15 00:00:00+00:00,20.54673123554243,21.01790199726647,20.509777598888014,20.953231811523438,40207300
2024-11-18 00:00:00+00:00,21.05485992312225,21.433643995477507,21.04562107231717,21.23963165283203,35656400
2024-11-19 00:00:00+00:00,21.13800895960893,21.17496436790542,20.953237204519027,20.99942970275879,24727700
2024-11-20 00:00:00+00:00,21.064095583253525,21.156482322908158,21.008664244312943,21.091812133789062,20423100
2024-11-21 00:00:00+00:00,21.064096668534425,21.387449392920423,20.999426476083343,21.230392456054688,23080900
2024-11-22 00:00:00+00:00,21.295063553376735,21.516792454245856,21.193439716119936,21.4151668548584,35732900
2024-11-25 00:00:00+00:00,21.38745149837493,21.544508450701898,21.20267975348664,21.341259002685547,64729800
2024-11-26 00:00:00+00:00,21.193438663993984,21.35049559973647,21.128768472005415,21.33201789855957,30080300
2024-11-27 00:00:00+00:00,21.433641809550448,21.59993582069044,21.258107186417174,21.49831199645996,33206300
2024-11-29 00:00:00+00:00,21.49831405740701,21.53526769827056,21.258109224336863,21.39668846130371,19673900
2024-12-02 00:00:00+00:00,21.387449827545236,21.396688678387505,20.91627900737313,20.971712112426758,44160600
2024-12-03 00:00:00+00:00,21.62765254273098,22.200448903881917,21.59993599292143,21.932527542114258,63128700
2024-12-04 00:00:00+00:00,21.86786005942698,22.01567815243332,21.590701575572762,21.7385196685791,41534200
2024-12-05 00:00:00+00:00,21.81242896607193,22.071109750744263,21.784712412515315,22.01567840576172,40155600
2024-12-06 00:00:00+00:00,22.01567617847874,22.080346368104262,21.76623250809699,22.06186866760254,34218800
2024-12-09 00:00:00+00:00,22.080348840084746,22.163496739520724,21.562985503029203,21.590702056884766,38385900
2024-12-10 00:00:00+00:00,21.62765263006798,21.858618593022257,21.35049417937503,21.72003936767578,32851500
2024-12-11 00:00:00+00:00,21.646133098394667,21.74775869897345,21.378211701279938,21.692325592041016,38518100
2024-12-12 00:00:00+00:00,21.784712298735652,21.932530392670852,21.581462860107422,21.581462860107422,22015000
2024-12-13 00:00:00+00:00,21.590700934552252,21.867859410177733,21.489075337828623,21.830904006958008,33693900
2024-12-16 00:00:00+00:00,21.904813905865367,21.99720065538846,20.888564947503404,21.10105323791504,48018100
2024-12-17 00:00:00+00:00,21.064095583253525,21.230391362205765,20.943994055193848,21.091812133789062,39844700
2024-12-18 00:00:00+00:00,21.064097410249445,21.23963205460521,20.749983525457303,20.768461227416992,38897400
2024-12-19 00:00:00+00:00,20.796178837150556,20.95323578752775,20.70379208478796,20.85161018371582,43160800
2024-12-20 00:00:00+00:00,20.870086194671995,21.01790428161621,20.805416001900227,21.01790428161621,93984000
2024-12-23 00:00:00+00:00,20.94399629236499,21.128769791411173,20.870087245172652,21.10105323791504,24655600
2024-12-24 00:00:00+00:00,21.101053080489635,21.239632322675057,21.0271440338487,21.202678680419922,9605900
2024-12-26 00:00:00+00:00,21.184201178428033,21.38745061807874,21.13800692250922,21.211915969848633,16440500
2024-12-27 00:00:00+00:00,21.138005663257267,21.313540301030272,21.082574321587586,21.119529724121094,18547500
2024-12-30 00:00:00+00:00,21.045622009898594,21.045622009898594,20.73150811705453,20.888565063476562,25420000
2024-12-31 00:00:00+00:00,20.897803434367386,21.110291721074812,20.879325732358744,21.0363826751709,22342800
2025-01-02 00:00:00+00:00,21.091812133789062,21.405925991336517,21.064095583253525,21.091812133789062,27108200
2025-01-03 00:00:00+00:00,21.156482794546,21.211914134722303,20.92551682132578,20.943994522094727,26874900
2025-01-06 00:00:00+00:00,21.027142038606158,21.036380888825946,20.814653769942584,20.879323959350586,34416000
2025-01-07 00:00:00+00:00,20.823892838687446,20.92551666791053,20.472823575173475,20.50977897644043,37143500
2025-01-08 00:00:00+00:00,20.44510633286413,20.555970770785542,20.010890955443713,20.491300582885742,35517800
2025-01-10 00:00:00+00:00,20.470718206095018,20.620414319432214,20.10583850260958,20.292957305908203,41572400
2025-01-13 00:00:00+00:00,20.23681863039235,20.28359921892589,20.021633276629032,20.171327590942383,37865600
2025-01-14 00:00:00+00:00,20.13390415336627,20.41458053610682,20.00292029485668,20.3958683013916,25627300
2025-01-15 00:00:00+00:00,20.564277973238895,20.667193495331997,20.470718569926724,20.49878692626953,50559900
2025-01-16 00:00:00+00:00,20.582987593918727,20.704613553613218,20.433293281449984,20.601699829101562,25639600
2025-01-17 00:00:00+00:00,20.667192194532856,20.929158150419276,20.564276678917285,20.854310989379883,33638000
2025-01-21 00:00:00+00:00,20.77946354484384,21.088210113992805,20.77946354484384,21.04142951965332,36777600
2025-01-22 00:00:00+00:00,20.938512549341866,21.032071947056835,20.601701215863898,20.88237762451172,31676400
2025-01-23 00:00:00+00:00,20.901092812217296,21.200481499581624,20.788821162207004,21.078855514526367,32125200
2025-01-24 00:00:00+00:00,21.097564234907967,21.322107516471245,21.088209900631924,21.256614685058594,44409200
2025-01-27 00:00:00+00:00,21.986374387736333,22.800338820461025,21.846036184714027,22.58515167236328,92445200
2025-01-28 00:00:00+00:00,22.51030638257849,22.996813859019237,22.379324286804913,22.828407287597656,55731400
2025-01-29 00:00:00+00:00,23.118436419536597,23.371046239339368,22.641286917016195,22.669353485107422,34420400
2025-01-30 00:00:00+00:00,22.61321951699734,22.6693544400414,22.2483398404654,22.472881317138672,45653000
2025-01-31 00:00:00+00:00,22.46352308311353,22.585149035667797,22.136066124625618,22.201557159423828,40341800
2025-02-03 00:00:00+00:00,22.16413823807385,22.856474956244316,22.145426000813178,22.688068389892578,59555800
2025-02-04 00:00:00+00:00,22.65064391537123,22.856474956244316,22.51966182354084,22.688068389892578,30540200
2025-02-05 00:00:00+00:00,22.884541891474818,22.996813532326684,22.71613710694281,22.893898010253906,29511700
2025-02-06 00:00:00+00:00,22.921965728261572,22.978100654875664,22.73484692688507,22.875186920166016,24522500
2025-02-07 00:00:00+00:00,22.875187356483,23.137151542010187,22.688068551537427,22.95939064025879,26290100
2025-02-10 00:00:00+00:00,23.02488190955895,23.33362669156027,23.01552579077137,23.258779525756836,31913400
2025-02-11 00:00:00+00:00,23.296200363828117,23.55816631555644,23.20264096788964,23.53009796142578,35150300
2025-02-12 00:00:00+00:00,23.530099025288106,23.745284396527804,23.44589574358611,23.726573944091797,38970300
2025-02-13 00:00:00+00:00,23.829486967665694,24.082096805239175,23.726573236596447,23.97918128967285,35115100
2025-02-14 00:00:00+00:00,24.01660511773612,24.259858830592265,23.951114076678124,24.203723907470703,31687800
2025-02-18 00:00:00+00:00,24.054029308961482,24.49375795698265,24.054029308961482,24.39084243774414,52442500
2025-02-19 00:00:00+00:00,24.531180188843415,24.65280794285532,24.390841982634928,24.54989242553711,30551500
2025-02-20 00:00:00+00:00,24.512469296338267,24.58731645727148,24.26921557718105,24.465688705444336,32753900
2025-02-21 00:00:00+00:00,24.40020056850618,24.9989779272802,24.29728504078041,24.905420303344727,58421500
2025-02-24 00:00:00+00:00,24.90541889504761,25.382568460529043,24.8867066575197,25.017688751220703,54549600
2025-02-25 00:00:00+00:00,25.13931607134367,25.4106363727683,24.568605328195886,24.93348503112793,52497200
2025-02-26 00:00:00+00:00,24.84928073785906,25.101890576308914,24.727654769992697,24.8586368560791,39296500
2025-02-27 00:00:00+00:00,24.924129458520547,25.23287424111043,24.858638411379843,25.167383193969727,32943300
2025-02-28 00:00:00+00:00,25.26094310840351,25.71938223215709,25.26094310840351,25.644535064697266,62510800
2025-03-03 00:00:00+00:00,25.513551868172755,26.065550373585154,25.438704703938726,25.934566497802734,45078600
2025-03-04 00:00:00+00:00,26.00941419789968,26.168464648235997,24.437623716602012,24.53118133544922,89479700
2025-03-05 00:00:00+00:00,24.390843631000063,24.69023230034381,24.166302128992253,24.493759155273438,42010100
2025-03-06 00:00:00+00:00,24.531178103337727,25.06446609678814,24.38148379150858,25.008329391479492,32211600
2025-03-07 00:00:00+00:00,24.952196414207787,25.457414309858613,24.88670537074352,25.373212814331055,35341900
2025-03-10 00:00:00+00:00,25.36385871003043,25.691313953352854,24.961554514523186,25.52290916442871,57820800
2025-03-11 00:00:00+00:00,24.76507605961473,25.101889158524266,23.941757332221073,24.334705352783203,74574300
2025-03-12 00:00:00+00:00,23.979181729031648,24.19436888229465,23.28684503093893,24.063385009765625,62383200
2025-03-13 00:00:00+00:00,24.12887900878306,24.75572290877123,24.10081065234442,24.409555435180664,37698500
2025-03-14 00:00:00+00:00,24.138231257253686,24.93348344265676,24.09145245172876,24.867992401123047,37591300
2025-03-17 00:00:00+00:00,24.858636843854654,25.195449961622163,24.559248198948904,25.101890563964844,45570000
2025-03-18 00:00:00+00:00,25.073821833541555,25.242228389901427,24.849280353227407,24.896060943603516,30365600
2025-03-19 00:00:00+00:00,24.93348532981358,25.204807418985613,24.74636830905438,25.111248016357422,30145700
2025-03-20 00:00:00+00:00,25.16738211725134,25.195450472466753,24.961552865829667,25.064468383789062,27272300
2025-03-21 00:00:00+00:00,25.083178633269455,25.45741444396315,24.924128190662493,25.279653549194336,91268600
2025-03-24 00:00:00+00:00,25.129958851323675,25.466770183692258,25.111246614942896,25.2235164642334,26863300
2025-03-25 00:00:00+00:00,25.23287300638235,25.784871497410297,25.23287300638235,25.550973892211914,42339700
2025-03-26 00:00:00+00:00,25.6445323888479,26.046836541152953,25.597753583253052,25.86907386779785,42589400
2025-03-27 00:00:00+00:00,25.981349427618007,26.589482914779403,25.859721659487334,26.38365364074707,43000100
2025-03-28 00:00:00+00:00,26.5239891812444,26.673683508040014,26.252667098616634,26.364938735961914,35085300
2025-03-31 00:00:00+00:00,26.439785764220538,26.720462179403437,26.393005172025305,26.458498001098633,50156500
2025-04-01 00:00:00+00:00,26.57076556011942,26.767240461387914,26.40235901174556,26.645612716674805,43986400
2025-04-02 00:00:00+00:00,26.580120646500315,26.74852718834037,26.20588487824292,26.327510833740234,41574800
2025-04-03 00:00:00+00:00,26.70175005662256,27.160189124474208,26.61754678043583,26.757884979248047,48912300
2025-04-04 00:00:00+00:00,26.196531088351485,26.59883524415641,24.821213848631974,24.92412757873535,61361000
2025-04-07 00:00:00+00:00,23.558166748358904,25.47612637009703,23.483319587132467,25.101890563964844,74875400
2025-04-08 00:00:00+00:00,25.279652351239456,25.438702786309314,24.353418094478634,24.690229415893555,55717100
2025-04-09 00:00:00+00:00,24.409552139196105,25.129957130037887,23.576877306753783,24.76507568359375,77738700
2025-04-10 00:00:00+00:00,24.81046373982904,25.30213495227472,24.48898654734053,24.95229148864746,51467900
2025-04-11 00:00:00+00:00,25.131941262690376,25.43450761173045,24.92392734858475,25.330501556396484,32057600
2025-04-14 00:00:00+00:00,25.17921424839937,25.85999027417943,25.131938937025765,25.718162536621094,27042800
2025-04-15 00:00:00+00:00,26.001819610595703,26.124736509787777,25.774894855861202,26.001819610595703,25721300
2025-04-16 00:00:00+00:00,26.228744074777357,26.26656576853295,25.472328234041665,25.547969818115234,27835900
2025-04-17 00:00:00+00:00,25.699253264031494,25.992364180054945,25.53851467070812,25.670886993408203,24870300
2025-04-21 00:00:00+00:00,25.68034336682422,25.793806650076576,24.734822618992883,24.89556121826172,46226000
2025-04-22 00:00:00+00:00,24.583536779144584,25.86944543392292,24.564625933412547,25.491235733032227,50906800
2025-04-23 00:00:00+00:00,25.094117866018465,25.83162278794086,24.696999137507387,25.70870590209961,43351000
2025-04-24 00:00:00+00:00,25.689797668019185,26.313841190040897,25.661431397586334,26.03018569946289,43640800
2025-04-25 00:00:00+00:00,25.96399718901083,26.020729728683257,25.179215091251443,25.349409103393555,37050300
2025-04-28 00:00:00+00:00,25.43450668240365,25.784350137847202,25.339954250923963,25.77489471435547,24156000
2025-04-29 00:00:00+00:00,25.62361057071804,25.945087743458373,25.57633345505766,25.812713623046875,25015800
2025-04-30 00:00:00+00:00,26.096373162089588,26.370573242867433,25.831626701823293,26.19092559814453,38877100
2025-05-01 00:00:00+00:00,26.001821090142236,26.266567554115817,25.784351746577013,26.134193420410156,37367600
2025-05-02 00:00:00+00:00,26.096371908048077,26.266565924080883,25.86944715448354,26.10582733154297,22928400
2025-05-05 00:00:00+00:00,26.058551561598705,26.181470269951006,25.6803436194334,26.011276245117188,21335300
2025-05-06 00:00:00+00:00,26.039642177087753,26.701505616376128,26.001820481646174,26.625864028930664,32491700
2025-05-07 00:00:00+00:00,26.512403017818112,26.852789265616703,26.42730600500903,26.569133758544922,28352900
2025-05-08 00:00:00+00:00,26.47458209657128,26.512403793787946,25.9545463839066,25.97345542907715,30141500
2025-05-09 00:00:00+00:00,26.05854915646255,26.493489602387072,25.926176839781743,26.32329559326172,29206900
2025-05-12 00:00:00+00:00,25.6141566770782,25.812715164395584,25.217037899005756,25.538515090942383,57106100
2025-05-13 00:00:00+00:00,25.576334653386127,25.65197623854921,24.87664953976821,25.009023666381836,58767100
2025-05-14 00:00:00+00:00,24.990113515370496,25.14139668991089,24.86719480890787,24.999568939208984,31519500
2025-05-15 00:00:00+00:00,25.150851915434895,25.907267782172525,25.150851915434895,25.841081619262695,35278700
2025-05-16 00:00:00+00:00,25.878904226279218,26.257112172975912,25.64252403416407,26.209835052490234,31106000
2025-05-19 00:00:00+00:00,26.24765462281663,26.512401065778704,26.200377506160404,26.49349021911621,30996600
2025-05-20 00:00:00+00:00,26.521854537644344,26.720414819617062,26.238199053040564,26.266565322875977,24966600
2025-05-21 00:00:00+00:00,26.17201573258908,26.257112747888797,25.916724686689932,25.97345542907715,29684200
2025-05-22 00:00:00+00:00,26.077461236282666,26.200378135666934,25.727617778371428,25.74652862548828,25901600
2025-05-23 00:00:00+00:00,25.982906804714403,26.0301839188685,25.680340487878208,25.926176071166992,31766300
2025-05-27 00:00:00+00:00,25.869447422307736,26.124736645562304,25.8316257279366,25.897811889648438,33329200
2025-05-28 00:00:00+00:00,25.888356331509634,26.115282889681772,25.822170170141774,26.001819610595703,32270200
2025-05-29 00:00:00+00:00,25.982907683194448,26.01127395264597,25.784349207346516,25.888355255126953,27189100
2025-05-30 00:00:00+00:00,25.897813313146138,26.285476684570312,25.859993420133844,26.285476684570312,47964900
2025-06-02 00:00:00+00:00,26.14364929863936,26.436760236511912,26.096373980847513,26.408395767211914,26935200
2025-06-03 00:00:00+00:00,26.370571880593793,26.59749663334035,26.143647127847235,26.436758041381836,26085900
2025-06-04 00:00:00+00:00,26.436758702463734,26.44621412616099,25.737073579806005,25.869447708129883,33913500
2025-06-05 00:00:00+00:00,25.935632212866196,26.332750965580175,25.841079785374763,26.24765396118164,29186800
2025-06-06 00:00:00+00:00,26.25711147142189,26.569133244539586,26.25711147142189,26.550222396850586,22403100
2025-06-09 00:00:00+00:00,26.31384259036229,26.55022277956908,26.31384259036229,26.342208862304688,23353600
2025-06-10 00:00:00+00:00,26.389484478985036,27.051349737668698,26.332753737892585,26.871700286865234,39959100
2025-06-11 00:00:00+00:00,26.928429068164387,27.051347768929638,26.710959740272152,26.796056747436523,32164500
2025-06-12 00:00:00+00:00,26.918974815795877,26.918974815795877,26.58804399958004,26.72987174987793,23311700
2025-06-13 00:00:00+00:00,26.69205000954248,26.796057867856156,26.57858853087091,26.65423011779785,22428200
2025-06-16 00:00:00+00:00,26.6164086991164,26.8433334622546,26.266567032234143,26.44621467590332,32761400
2025-06-17 00:00:00+00:00,26.332751096154947,26.44621256695724,26.08691550483323,26.143646240234375,35258600
2025-06-18 00:00:00+00:00,26.247655307095705,26.313841468702304,26.08691671314926,26.15310287475586,27985500
2025-06-20 00:00:00+00:00,26.172013587378455,26.57858778194351,26.11528284964122,26.257110595703125,51495200
2025-06-23 00:00:00+00:00,26.28547699707346,26.758237387693036,26.28547699707346,26.663686752319336,32957200
2025-06-24 00:00:00+00:00,26.625863197705915,26.805512638569603,26.50294629823348,26.73932647705078,26007000
2025-06-25 00:00:00+00:00,26.606951123873078,26.805511402712646,26.361115532824712,26.398937225341797,26189400
2025-06-26 00:00:00+00:00,26.455668011127273,26.56913128545732,26.285474001350977,26.474578857421875,25118500
2025-06-27 00:00:00+00:00,26.474580809532288,26.644774831857884,26.38002837452499,26.550222396850586,37337200
2025-06-30 00:00:00+00:00,26.588042318877335,27.439010570310316,26.56913147244964,27.36336898803711,42590800
2025-07-01 00:00:00+00:00,27.41064657820809,27.599751451322543,27.136446495973633,27.306638717651367,25976400
2025-07-02 00:00:00+00:00,27.240451011157322,27.448466720496118,26.74878161507841,26.767690658569336,47012300
2025-07-03 00:00:00+00:00,26.74878194749604,26.862243423602116,26.59749697362519,26.81496810913086,21085200
2025-07-07 00:00:00+00:00,26.87169907600605,26.91897439087987,26.682594209635425,26.86224365234375,22448700
2025-07-08 00:00:00+00:00,26.701504087628425,26.909517990334553,26.550220921398953,26.748781204223633,24955400
2025-07-09 00:00:00+00:00,26.78660310086247,26.833878417561856,26.43675962559872,26.569133758544922,34453800
2025-07-10 00:00:00+00:00,26.509923327290686,26.567220921984365,26.242531516290683,26.37622833251953,25053100
2025-07-11 00:00:00+00:00,26.309380523827144,26.309380523827144,25.42126137999538,25.7554988861084,42713300
2025-07-14 00:00:00+00:00,25.80324805356099,26.271182377252575,25.80324805356099,25.93694305419922,30747000
2025-07-15 00:00:00+00:00,25.71729824625009,25.898742744799442,25.58360325861246,25.803245544433594,32266200
2025-07-16 00:00:00+00:00,25.803248104699648,25.88919541141107,25.66955128233867,25.736400604248047,21934400
2025-07-17 00:00:00+00:00,25.593152660056067,25.831894762562026,25.564504773488274,25.77459716796875,24546400
2025-07-18 00:00:00+00:00,25.75549648788975,25.822345804345492,25.59315179084107,25.726848602294922,27427900
2025-07-21 00:00:00+00:00,26.22343108967387,26.47172308940804,26.02288860226799,26.14703369140625,36229500
2025-07-22 00:00:00+00:00,26.21388186862659,26.509921546356665,25.994237764384046,26.185232162475586,35255800
2025-07-23 00:00:00+00:00,25.115668893064928,26.50037384033203,24.685934193934177,26.50037384033203,65616300
2025-07-24 00:00:00+00:00,26.519472923406788,26.901459919378226,26.4430755242125,26.662717819213867,47332700
2025-07-25 00:00:00+00:00,26.653169362263725,27.07335599135149,26.50037455558777,26.739116668701172,33987800
2025-07-28 00:00:00+00:00,26.67226764172312,26.67226764172312,26.29983054945126,26.357128143310547,29164400
2025-07-29 00:00:00+00:00,26.43352780923436,26.6722699291567,26.089738573679693,26.17568588256836,34202400
2025-07-30 00:00:00+00:00,26.1088362136099,26.46217350175456,26.013339009274866,26.26163101196289,30096100
2025-07-31 00:00:00+00:00,26.118388283795188,26.471725601263866,26.08018867030786,26.17568588256836,34120000
2025-08-01 00:00:00+00:00,26.39532673053091,26.672268448567422,26.10883693111041,26.50037384033203,38817000
2025-08-04 00:00:00+00:00,26.538572190257202,26.662717278383113,26.32847798064124,26.43352508544922,29972400
2025-08-05 00:00:00+00:00,26.471726418556262,26.71046854584956,26.42397872168075,26.51947593688965,25317400
2025-08-06 00:00:00+00:00,26.681819361565044,26.796414557088653,26.21388503335176,26.25208282470703,39247200
2025-08-07 00:00:00+00:00,26.21388392257778,26.844162935623874,26.061089120715557,26.79641342163086,35331400
2025-08-08 00:00:00+00:00,26.805963707904624,26.977858317823106,26.76776591762148,26.815513610839844,23598200
2025-08-11 00:00:00+00:00,26.91100997431177,27.00650717920969,26.815512769413854,26.87281036376953,20602400
2025-08-12 00:00:00+00:00,26.87281081959602,27.40759444751249,26.87281081959602,27.197500228881836,30755100
2025-08-13 00:00:00+00:00,27.21659858081171,27.30254587994141,27.08290359170223,27.12110137939453,26382700
2025-08-14 00:00:00+00:00,27.292998535274755,27.474443052824757,27.13065382408955,27.45534324645996,24530200
2025-08-15 00:00:00+00:00,27.445791746975203,27.770481150461027,27.35984444479027,27.56993865966797,37020400
2025-08-18 00:00:00+00:00,27.674986732764864,27.837331450857324,27.569941436204708,27.61768913269043,20420600
2025-08-19 00:00:00+00:00,27.56994059227545,27.846880502039518,27.50309126920072,27.674985885620117,18890600
2025-08-20 00:00:00+00:00,27.78958266472202,28.056972668890083,27.713185260465746,27.961477279663086,34843000
2025-08-21 00:00:00+00:00,27.93282665174996,28.228866355828714,27.894627040148706,28.11427116394043,32991000
2025-08-22 00:00:00+00:00,28.142918320875637,28.314812925705137,27.38849422590556,27.474441528320312,34012000
2025-08-25 00:00:00+00:00,27.474442861202846,27.674985362261165,27.42669334562388,27.44579315185547,19405000
2025-08-26 00:00:00+00:00,27.531741003224262,27.655886103270536,26.93965974853374,27.27389907836914,49407900
2025-08-27 00:00:00+00:00,27.216601002283504,27.770482634033065,27.216601002283504,27.75138282775879,28026200
2025-08-28 00:00:00+00:00,27.713182904964974,27.713182904964974,27.455341004468824,27.63678550720215,24658100
2025-08-29 00:00:00+00:00,27.71318545009171,28.009225165928186,27.646337948592297,27.971027374267578,26562400
2025-09-02 00:00:00+00:00,27.98057734628682,28.076074564076258,27.694087514376445,27.770484924316406,31571100
2025-09-03 00:00:00+00:00,27.703634836793892,27.77048233658007,27.168853017046718,27.732284545898438,27245400
2025-09-04 00:00:00+00:00,27.865979749456066,28.362563782156716,27.72273484580028,28.247966766357422,31845400
2025-09-05 00:00:00+00:00,28.24796695779244,28.448511281435838,28.095172149996415,28.257516860961914,25105900
2025-09-08 00:00:00+00:00,27.21660003156035,27.82777923887629,27.006507634409925,27.598587036132812,40649300
2025-09-09 00:00:00+00:00,27.598586959438357,28.247965776135825,27.531739461506156,28.095170974731445,35105500
2025-09-10 00:00:00+00:00,27.932826122314605,28.114270631066002,27.598586812969728,27.88507843017578,25689400
2025-09-11 00:00:00+00:00,27.971025235649954,28.17156772481506,27.80868053522492,28.162017822265625,23581000
2025-09-12 00:00:00+00:00,28.095171769068564,28.267066380872908,27.97102667246418,28.23841667175293,22794000
2025-09-15 00:00:00+00:00,28.27661533470734,28.44850994074143,28.171568226251466,28.286165237426758,31486400
2025-09-16 00:00:00+00:00,28.286165656582074,28.31481354370714,27.894626925114846,28.00922393798828,28118200
2025-09-17 00:00:00+00:00,28.009225871627898,28.247967995259728,27.932828464924025,28.20977020263672,25967200
2025-09-18 00:00:00+00:00,28.028323328049957,28.14291851776622,27.82777901385995,27.88507843017578,30142900
2025-09-19 00:00:00+00:00,27.942376368630203,27.990124061356163,27.62723686084879,27.70363426208496,62155700
2025-09-22 00:00:00+00:00,27.636788939867863,27.760934043605456,27.445794511009254,27.61768913269043,25835300
2025-09-23 00:00:00+00:00,27.617688726790952,27.703636036368366,27.273899488481298,27.49354362487793,28805800
2025-09-24 00:00:00+00:00,27.398045474270983,27.455343071542547,26.901461440696696,27.044706344604492,28858700
2025-09-25 00:00:00+00:00,27.216600572204605,27.4553426824871,27.01605807386703,27.025606155395508,25658500
2025-09-26 00:00:00+00:00,27.102003749919657,27.283448265028554,26.97785865313426,27.03515625,25455100
2025-09-29 00:00:00+00:00,26.977858124924747,27.063805429269443,26.624519004679023,26.80596351623535,28739600
2025-09-30 00:00:00+00:00,26.872810290479716,27.073354602364173,26.78686298845176,26.968307495117188,34049500
2025-10-01 00:00:00+00:00,26.78686379372056,26.89191090412548,26.280731690404636,26.30937957763672,38415100
2025-10-02 00:00:00+00:00,26.166136394652117,26.194786105222505,25.669552340179216,25.793699264526367,39597200
2025-10-03 00:00:00+00:00,25.80324813174965,25.99424073017476,25.774598422329884,25.841445922851562,34891700
2025-10-06 00:00:00+00:00,25.344861224607403,25.51675399989784,24.676382642022272,24.705032348632812,63474300
2025-10-07 00:00:00+00:00,24.75278144651972,25.115668643611944,24.68593394874939,24.98197364807129,43249600
2025-10-08 00:00:00+00:00,25.04882278541918,25.163419804424798,24.84828027898163,25.067922592163086,36913200
2025-10-09 00:00:00+00:00,25.067919879958346,25.28756216937577,24.91512508545426,24.92467498779297,33129200
2025-10-10 00:00:00+00:00,24.942050149604153,25.32814962662778,24.81656666890427,24.97100830078125,37980100
2025-10-13 00:00:00+00:00,24.787611523405698,24.951704038983834,24.469079209761972,24.70073890686035,36313700
2025-10-14 00:00:00+00:00,24.691084962502394,25.241276945906677,24.691084962502394,25.22197151184082,43644900
2025-10-15 00:00:00+00:00,25.1447513440975,25.27988754002622,25.038575140021187,25.1640567779541,34674000
2025-10-16 00:00:00+00:00,25.193015912522025,25.472937350103646,25.144752325995828,25.289541244506836,49513100
2025-10-17 00:00:00+00:00,25.47293673208066,25.55980934465254,25.2895406309334,25.42467498779297,61491800
2025-10-20 00:00:00+00:00,25.424675745653918,25.521201078174073,24.932398206761953,25.193016052246094,66161100
2025-10-21 00:00:00+00:00,25.24127974977409,25.31849965354779,24.999967320347825,25.14475440979004,100445700
2025-10-22 00:00:00+00:00,24.054021963585626,24.932399020146445,23.474871790638318,24.662128448486328,95468000
2025-10-23 00:00:00+00:00,24.787610331810583,24.855177510082722,23.63896277798164,23.764446258544922,107294100
2025-10-24 00:00:00+00:00,23.783751652789668,24.314640084259093,23.716184469400464,24.266376495361328,80553700
2025-10-27 00:00:00+00:00,24.208461095003894,24.68143320153339,24.10228304459627,24.642824172973633,86220400
2025-10-28 00:00:00+00:00,24.52699390327135,24.884137090307107,24.430468568310257,24.806917190551758,77662500
2025-10-29 00:00:00+00:00,25.212322586013205,25.29919336389385,24.121589410803363,24.266376495361328,102715000
2025-10-30 00:00:00+00:00,24.121589791396996,24.304987749966852,23.764448433256838,23.822362899780273,82167800
2025-10-31 00:00:00+00:00,23.77409804977504,24.121588512629387,23.65826912286866,23.889928817749023,89936800
2025-11-03 00:00:00+00:00,23.783750365407418,23.783750365407418,23.24321108648477,23.677574157714844,89327700
2025-11-04 00:00:00+00:00,23.619658368218584,23.706530984355247,23.44591497701286,23.590702056884766,75032700
2025-11-05 00:00:00+00:00,23.61000428927193,23.870622122653305,23.58104797960789,23.70652961730957,61112200
2025-11-06 00:00:00+00:00,23.44591449562095,24.121588134839445,23.44591449562095,23.88027572631836,71665300
2025-11-07 00:00:00+00:00,23.947842393024175,24.227765664623398,23.783749885103,23.967147827148438,62440000
2025-11-10 00:00:00+00:00,23.880275214656784,24.073325873764354,23.754793574984134,23.967147827148438,52677600
2025-11-11 00:00:00+00:00,24.06367453654746,24.420815882987664,24.0154109484693,24.30498695373535,40962700
2025-11-12 00:00:00+00:00,24.555952093976817,24.83587354062159,24.52699394112351,24.75865364074707,44097000
2025-11-13 00:00:00+00:00,24.758651598511086,25.057878455709446,24.671778988184546,24.85517692565918,49785600
2025-11-14 00:00:00+00:00,24.971009474008937,25.02892393801663,24.555951826307318,24.70073890686035,37390200
2025-11-17 00:00:00+00:00,24.73934924532719,24.81656914844733,24.546300408060702,24.584909439086914,34519900
2025-11-18 00:00:00+00:00,24.652477533406962,24.874484516352204,24.459426862369924,24.710391998291016,41527600
2025-11-19 00:00:00+00:00,24.710393297120543,24.777960483214684,24.218115717061846,24.391860961914062,34296900
2025-11-20 00:00:00+00:00,24.37255323871828,24.739347289270846,24.247071596469855,24.63317108154297,44631800
2025-11-21 00:00:00+00:00,24.63317271346504,25.27023736630744,24.61386727766553,25.0289249420166,59017100
2025-11-24 00:00:00+00:00,25.08683760508463,25.11579575670236,24.546298329026516,24.72969627380371,66605900
2025-11-25 00:00:00+00:00,24.864831781248423,25.299193029175544,24.85517906359658,24.96135711669922,44336200
2025-11-26 00:00:00+00:00,24.932399376136697,25.164059080409782,24.903441222702185,24.922746658325195,27713000
2025-11-28 00:00:00+00:00,24.922746370977723,25.11579704284668,24.8648319058441,25.11579704284668,16345800
2025-12-01 00:00:00+00:00,25.048229087688018,25.067532681425593,24.662127755854968,24.893789291381836,34681900
2025-12-02 00:00:00+00:00,24.932397952341184,24.97100882138228,24.56560390178862,24.63317108154297,30839700
2025-12-03 00:00:00+00:00,24.671780390705624,24.922745519130338,24.430467979651198,24.440120697021484,29138400
2025-12-04 00:00:00+00:00,24.488384928158005,24.671781039815826,24.353248722486157,24.507688522338867,33035200
2025-12-05 00:00:00+00:00,24.478730132016988,24.748998838276588,24.372552088233583,24.40151023864746,28075600
2025-12-08 00:00:00+00:00,24.45942767855741,24.45942767855741,23.832015738352375,23.976802825927734,41475000
2025-12-09 00:00:00+00:00,23.97680220301968,24.12158928683353,23.5134827983883,23.65826988220215,41499600
2025-12-10 00:00:00+00:00,23.70653102214786,23.74514189207798,23.436262296907472,23.542438507080078,48955400
2025-12-11 00:00:00+00:00,23.61000620722913,23.851318626392473,23.426610094233695,23.45556640625,38931800
2025-12-12 00:00:00+00:00,23.54243974782119,23.947844698115166,23.4266108140616,23.72583770751953,34207700
2025-12-15 00:00:00+00:00,23.638964736816376,23.77409910455852,23.378346878112808,23.465219497680664,37162500
2025-12-16 00:00:00+00:00,23.51348193547779,23.542438246537312,23.175644191598526,23.233558654785156,35702000
2025-12-17 00:00:00+00:00,23.272168737109265,23.600353752512003,23.24321058596166,23.51348114013672,39455100
2025-12-18 00:00:00+00:00,23.465217692337145,23.696877379672333,23.38799779655875,23.416955947875977,31038800
2025-12-19 00:00:00+00:00,23.368694037251018,23.436263061834083,23.18529792229999,23.310779571533203,89822300
2025-12-22 00:00:00+00:00,23.310779322965526,23.600355330602127,23.252864857865266,23.45556640625,29049300
2025-12-23 00:00:00+00:00,23.43626293617558,23.67757535661824,23.416957500683928,23.61000633239746,20869100
2025-12-24 00:00:00+00:00,23.523133385032132,23.851316552780087,23.523133385032132,23.803054809570312,13904100
2025-12-26 00:00:00+00:00,23.754792692393142,23.909232477514095,23.735487258986158,23.79340171813965,16070100
2025-12-29 00:00:00+00:00,23.82236238217888,24.073327519751167,23.82236238217888,23.90923500061035,30322100
2025-12-30 00:00:00+00:00,23.909234522586818,23.996107139281424,23.870623652470275,23.947843551635742,21047900
2025-12-31 00:00:00+00:00,23.92854107709185,24.102284477541662,23.918888359111133,23.976802825927734,22911000
2026-01-02 00:00:00+00:00,23.92853842411639,23.947842016869917,23.648615156913987,23.70652961730957,28718400
2026-01-05 00:00:00+00:00,23.56174608023974,23.889931140157632,23.52313704787352,23.851320266723633,48958100
2026-01-06 00:00:00+00:00,23.667922097942622,23.677574815467835,23.04051018734472,23.494176864624023,59966200
2026-01-07 00:00:00+00:00,23.590701976598048,23.696878186240035,23.069466281551986,23.137033462524414,46998400
2026-01-08 00:00:00+00:00,23.156338617464222,23.474870924674768,23.14668590014662,23.3300838470459,43770400
2026-01-09 00:00:00+00:00,23.310779447187876,23.4748719667361,23.146686927639653,23.156339645385742,30811000
2026-01-12 00:00:00+00:00,23.203215168133266,23.339933852061197,23.066496484205338,23.183683395385742,40700100
2026-01-13 00:00:00+00:00,23.1348561106883,23.193449566999103,22.646572961909374,22.75399398803711,40890600
2026-01-14 00:00:00+00:00,22.78329104376083,23.16415129366682,22.78329104376083,23.056730270385742,51414800
2026-01-15 00:00:00+00:00,23.056728960180145,23.242275200145713,22.949306080351064,23.17391586303711,35919500
2026-01-16 00:00:00+00:00,23.105557199131727,23.105557199131727,22.841883866042814,22.93954086303711,46504800
2026-01-20 00:00:00+00:00,22.822355041607146,23.04696484151406,22.73446392639968,22.900480270385742,51781100
2026-01-21 00:00:00+00:00,22.920008830476288,23.232511589834914,22.920008830476288,22.94930648803711,40672100
2026-01-22 00:00:00+00:00,23.017665602278573,23.271573044043716,22.949306264621086,23.02743148803711,30388300
2026-01-23 00:00:00+00:00,22.949307904929142,23.09579247647268,22.75399390110283,23.037199020385742,36056800
2026-01-26 00:00:00+00:00,23.1446218431504,23.242276982134356,22.812589155178276,22.900480270385742,44376000
2026-01-27 00:00:00+00:00,22.949308395385742,22.949308395385742,22.412197667363216,22.46102523803711,72164400
2026-01-28 00:00:00+00:00,22.871181339033082,23.75985646545726,22.812587886371126,23.505949020385742,84121900
2026-01-29 00:00:00+00:00,23.877045598570394,24.541109085083008,23.857513826500295,24.541109085083008,73255300
2026-01-30 00:00:00+00:00,24.90243925956738,25.67392748756433,24.56064070112129,25.595800399780273,78227500
2026-02-02 00:00:00+00:00,25.67392700164436,26.015723690969107,25.57627000641489,25.683691024780273,66564000
2026-02-03 00:00:00+00:00,25.498145920232968,26.35752341875411,25.498145920232968,26.20127296447754,61110400
2026-02-04 00:00:00+00:00,26.455179548048793,26.855571556792427,26.25986555530212,26.58213233947754,52448300
2026-02-05 00:00:00+00:00,26.75791598698275,26.875104761408977,26.32822629762308,26.670024871826172,44672400
2026-02-06 00:00:00+00:00,26.62119637088483,26.738383278558302,26.298929580804316,26.49424171447754,37410400
2026-02-09 00:00:00+00:00,26.464946485535563,26.5626034857893,26.20127314364618,26.474712371826172,33057800
2026-02-10 00:00:00+00:00,26.445414329518087,26.943463347203732,26.445414329518087,26.767681121826172,34925900
2026-02-11 00:00:00+00:00,26.640726832431287,27.92979392933644,26.504006296668585,27.802839279174805,64213300
2026-02-12 00:00:00+00:00,27.81260591447464,28.61338992882525,27.793074142746022,28.125106811523438,70553100
2026-02-13 00:00:00+00:00,28.007920957641232,28.164171412029976,27.7442476173656,28.01768684387207,42687500
2026-02-17 00:00:00+00:00,28.08604644679512,28.379015585843458,27.95909178726244,28.00792121887207,29868900
2026-02-18 00:00:00+00:00,27.959090164591412,28.04698127373542,27.168072044947582,27.226665496826172,33179300
2026-02-19 00:00:00+00:00,27.363386034745883,27.734480380179946,27.080180935803575,27.226665496826172,31221900
2026-02-20 00:00:00+00:00,27.295027858315315,27.402448880887327,26.89463583858209,27.324323654174805,25383600
2026-02-23 00:00:00+00:00,27.382919843661764,28.15440624919718,27.37315395718,27.85167121887207,41169300
2026-02-24 00:00:00+00:00,27.85167002428804,28.125107383439875,27.52940323482173,27.685653686523438,34541700
2026-02-25 00:00:00+00:00,27.373154146004715,27.62706160832489,27.050887340493027,27.216903686523438,45550700
2026-02-26 00:00:00+00:00,27.32432416120679,27.392683503017185,26.76768167771942,26.816509246826172,33856800
2026-02-27 00:00:00+00:00,26.962994406801204,27.353620529174805,26.865337410544736,27.353620529174805,54509300
2026-03-02 00:00:00+00:00,27.255963532918337,27.587996202598966,27.216901852007116,27.353620529174805,39270900
2026-03-03 00:00:00+00:00,27.13877622989317,28.07627890985346,27.10947857264982,27.998153686523438,45891200
2026-03-04 00:00:00+00:00,27.802840949214612,28.388781081908817,27.55869938247972,28.30088996887207,42409300
2026-03-05 00:00:00+00:00,28.261828547690914,28.37901545772024,28.04698277488323,28.29112434387207,46498100
2026-03-06 00:00:00+00:00,28.25206191817322,28.271593690215056,27.66612179548412,27.968856811523438,37909900
2026-03-09 00:00:00+00:00,27.47080881076275,27.69542047220066,26.748149982505563,26.884870529174805,52145000
2026-03-10 00:00:00+00:00,27.002056418415588,27.28526152476263,26.80674428616287,27.060649871826172,37596500
2026-03-11 00:00:00+00:00,27.021587589013105,27.080181041119566,26.240335352086095,26.52353858947754,46925600
2026-03-12 00:00:00+00:00,26.416115303213484,26.74814796447754,26.103614413236073,26.74814796447754,32636100
2026-03-13 00:00:00+00:00,26.855571594624003,27.197370151086037,26.79697814177837,27.070415496826172,28076800
2026-03-16 00:00:00+00:00,27.080183029174805,27.168074145113035,26.826275567870187,27.080183029174805,31792800
2026-03-17 00:00:00+00:00,27.23643221073082,27.363386866755565,27.01182241948988,27.197370529174805,33904300
2026-03-18 00:00:00+00:00,27.06065025568722,27.13877734487932,26.74814934952815,26.767681121826172,34898700
2026-03-19 00:00:00+00:00,26.933698196826832,27.295028543601752,26.582133736467707,27.089948654174805,58624200
2026-03-20 00:00:00+00:00,27.18760382446161,27.959090172822275,27.18760382446161,27.646589279174805,128734200
2026-03-23 00:00:00+00:00,27.617294855137775,28.23253078720749,27.216902832449858,28.08604621887207,46656300
2026-03-24 00:00:00+00:00,28.125106892624782,28.750110551176903,27.98838821543476,28.19346809387207,41047200
2026-03-25 00:00:00+00:00,28.300888769372854,28.45713921644851,28.03721544143809,28.134872436523438,36571100
2026-03-26 00:00:00+00:00,28.388780784849732,28.525499464741905,28.14463922066953,28.24229621887207,29904500
2026-03-27 00:00:00+00:00,28.32042047401742,28.681750796183945,28.144638255809504,28.41807746887207,38162800
2026-03-30 00:00:00+00:00,28.525499393586603,28.6817517079123,28.04698215250532,28.10557746887207,35293900
2026-03-31 00:00:00+00:00,28.252062139938918,28.31065559387207,27.86143600929739,28.31065559387207,48632300
2026-04-01 00:00:00+00:00,28.271592929122,28.291122837985778,27.402447723181186,27.646589279174805,43112500
2026-04-02 00:00:00+00:00,27.724715891354297,27.95909157333009,27.33408975472798,27.666122436523438,34996200
2026-04-06 00:00:00+00:00,27.60752924247854,27.851670813007743,27.490340469057486,27.656356811523438,29396200
2026-04-07 00:00:00+00:00,27.62705895651166,27.82237108078981,27.265728639486134,27.382917404174805,27653000
2026-04-08 00:00:00+00:00,26.591898601988024,26.855571937134627,26.279397699289373,26.709087371826172,47841600
2026-04-09 00:00:00+00:00,26.59189883514942,26.76768106012177,26.132913363117865,26.21103858947754,41439800
2026-04-10 00:00:00+00:00,26.169594476221043,26.34721645626393,25.94263389378715,26.11038589477539,31990400
2026-04-13 00:00:00+00:00,26.021576301056903,26.04131061235663,25.064391622507667,25.271617889404297,46751800
2026-04-14 00:00:00+00:00,24.86703585097597,25.370295619291326,24.610470977280606,25.28148651123047,42173900
2026-04-15 00:00:00+00:00,25.340692460457028,25.439371544671914,25.08412759435712,25.123598098754883,33847600
2026-04-16 00:00:00+00:00,25.182806194828782,26.08078226785551,25.123597616149013,26.051177978515625,34901900
2026-04-17 00:00:00+00:00,25.8044812452846,26.258404271648754,25.69593594853311,26.159725189208984,35023800
2026-04-20 00:00:00+00:00,26.169593214573116,26.32747899318904,25.824217368045677,25.83408546447754,30509400
2026-04-21 00:00:00+00:00,25.853823155553638,26.09065183720159,25.538049697875977,25.538049697875977,44489400
2026-04-22 00:00:00+00:00,24.817695072848117,25.70580308227755,24.630204997721197,25.636728286743164,59711900
2026-04-23 00:00:00+00:00,25.77488022579814,26.40642337598039,25.6762011380454,26.258405685424805,47337900
2026-04-24 00:00:00+00:00,26.080783288846366,26.228800977046376,25.686068826264,25.853822708129883,30600900
2026-04-27 00:00:00+00:00,25.98210300001478,26.090650178005678,25.123597436757652,25.18280601501465,32633700
2026-04-28 00:00:00+00:00,25.597258140202424,25.962368316611972,25.538049558503275,25.71567153930664,30377600
2026-04-29 00:00:00+00:00,25.626859629546516,25.814349700573572,25.301219970471617,25.409767150878906,22790600
2026-04-30 00:00:00+00:00,25.478842695153094,26.12025393559405,25.43937218975445,25.784746170043945,44640600
2026-05-01 00:00:00+00:00,25.962367646332137,26.110385332464503,25.725538972090956,25.774879455566406,31493700
2026-05-04 00:00:00+00:00,25.587390234157592,25.794614625209572,25.478843049046333,25.755144119262695,23439500
2026-05-05 00:00:00+00:00,25.705802719973892,25.78474561120727,25.50844643296395,25.557785034179688,24482400
2026-05-06 00:00:00+00:00,25.449239671407145,25.666332151219066,25.143334321764506,25.232145309448242,34338900
2026-05-07 00:00:00+00:00,25.05452432557386,25.15320341381052,24.78809323412605,24.92624282836914,42986600
2026-05-08 00:00:00+00:00,24.89663712535761,25.06439100120244,24.788091828385276,24.82756233215332,36012900
2026-05-11 00:00:00+00:00,24.896637251680602,25.005184431350646,24.334168924566658,24.54139518737793,37447600
2026-05-12 00:00:00+00:00,24.689412584630023,25.103863223298166,24.531526806294252,24.896636962890625,33454600
2026-05-13 00:00:00+00:00,24.896638093765613,25.212409664780388,24.39337644665568,24.41311264038086,34609700
2026-05-14 00:00:00+00:00,24.511790835266595,24.64994042202374,24.32430076599121,24.32430076599121,32683600
2026-05-15 00:00:00+00:00,24.531527086770552,24.60060188031384,23.712493896484375,23.712493896484375,44236200
2026-05-18 00:00:00+00:00,23.771700499937435,24.255225934984292,23.534871830658176,24.107208251953125,38981000
2026-05-19 00:00:00+00:00,24.26509413674264,24.659808587253806,24.097340260007023,24.649940490722656,39383400
2026-05-20 00:00:00+00:00,24.61047120065559,24.94597897067573,24.462453509681303,24.600603103637695,40363800
2026-05-21 00:00:00+00:00,24.53152683796516,25.054522773572508,24.48218635582969,25.005184173583984,35792600
2026-05-22 00:00:00+00:00,25.005185722529056,25.093996713727346,24.857168031247593,24.92624282836914,25271100
2026-05-26 00:00:00+00:00,24.807826465688215,25.0051846335667,24.531527289234717,24.68941307067871,32461200
2026-05-27 00:00:00+00:00,24.600602911444835,25.015053572223156,24.55126242674084,24.56113052368164,35903300
2026-05-28 00:00:00+00:00,24.63020479354708,24.80782677038996,24.40324421520207,24.55126190185547,25343800
2026-05-29 00:00:00+00:00,24.531527228797856,24.541395325382165,24.23548997770946,24.472318649291992,88295100
2026-06-01 00:00:00+00:00,24.42298034692769,24.570998033206944,24.16641547904172,24.225622177124023,29675700
2026-06-02 00:00:00+00:00,24.31443214416504,24.383506936051223,23.929585799572333,24.31443214416504,42080300
2026-06-03 00:00:00+00:00,23.87037937585668,23.88024747225952,23.140157181369,23.238834381103516,51911800
2026-06-04 00:00:00+00:00,23.564475324469324,23.692758702585564,22.03495605904708,22.46914291381836,82536300
2026-06-05 00:00:00+00:00,22.597423353100357,22.735574821699768,22.29151989074979,22.449405670166016,60825900
2026-06-08 00:00:00+00:00,22.36059497950094,22.528348857616137,22.113898210634297,22.202709197998047,41973500
2026-06-09 00:00:00+00:00,22.2125768087219,22.656629853680244,22.025086741483342,22.40993309020996,52561000
2026-06-10 00:00:00+00:00,22.577688270564416,22.95266842673064,22.449406774284633,22.90332794189453,50622400
2026-06-11 00:00:00+00:00,22.8539879197089,23.06121417885531,22.686234045979685,22.696102142333984,38147600
2026-06-12 00:00:00+00:00,22.79478101151824,23.29804262802069,22.76517672273095,23.2684383392334,38879400
2026-06-15 00:00:00+00:00,23.0414778901903,23.199363666907704,22.863855920846497,22.982271194458008,48293300
2026-06-16 00:00:00+00:00,23.011874429863497,23.110553514401843,22.538217082655816,22.853988647460938,47609300
2026-06-17 00:00:00+00:00,22.528349558199746,22.57768816064861,21.95601311191657,22.143503189086914,56538300
2026-06-18 00:00:00+00:00,22.16323600668553,22.222444584209175,21.699446775631767,21.71918296813965,94242900
2026-06-22 00:00:00+00:00,21.738920048078832,22.17310500809517,21.719183854765276,21.807994842529297,68522300
2026-06-23 00:00:00+00:00,22.015220028481306,22.676367471412785,21.896806628576982,22.50861358642578,73551900
2026-06-24 00:00:00+00:00,22.53821782414709,22.63689691193191,22.015219976390487,22.07442855834961,57297300
2026-06-25 00:00:00+00:00,21.95601207006282,22.330990324463055,21.93627587716098,22.12376594543457,43228800
2026-06-26 00:00:00+00:00,22.17310494278427,22.419801712036133,22.025087257662552,22.419801712036133,85148700
2026-06-29 00:00:00+00:00,22.084294666141822,22.133635150868578,20.998830352211773,21.531694412231445,84994800
2026-06-30 00:00:00+00:00,21.442882148124298,21.462618340842635,20.298209320517778,20.42649269104004,131117200
2026-07-01 00:00:00+00:00,20.35741595026521,20.75213227475948,20.021910085880158,20.20939826965332,137694400
2026-07-02 00:00:00+00:00,20.42649404789813,20.712661332735355,19.62719512903332,20.30807876586914,129300400
2026-07-06 00:00:00+00:00,20.47583265082443,20.633718438765044,19.982439092973237,20.30807876586914,113634400
2026-07-07 00:00:00+00:00,20.643586447790977,20.988962313244134,20.584379748102364,20.81134033203125,66469400
2026-07-08 00:00:00+00:00,20.69292472008261,21.146847762839187,20.53503893533606,20.840944290161133,63946700
2026-07-09 00:00:00+00:00,20.64358576001857,20.79160344538219,20.456095688079593,20.762001037597656,50847700
2026-07-10 00:00:00+00:00,20.6200008392334,21.260000228881836,20.6200008392334,21.1299991607666,49781900
2026-07-13 00:00:00+00:00,21.3799991607666,21.6299991607666,21.239999771118164,21.549999237060547,65496400
2026-07-14 00:00:00+00:00,21.420000076293945,21.559999465942383,21.25,21.280000686645508,53556100
2026-07-15 00:00:00+00:00,21.31999969482422,21.709999084472656,21.25,21.43000030517578,75068600
2026-07-16 00:00:00+00:00,21.510000228881836,22.18000030517578,21.5,21.979999542236328,85226600
2026-07-17 00:00:00+00:00,22.3799991607666,22.770000457763672,21.670000076293945,21.809999465942383,79330400
2026-07-20 00:00:00+00:00,21.600000381469727,22.040000915527344,21.540000915527344,21.950000762939453,87678100
2026-07-21 00:00:00+00:00,21.93000030517578,22.389999389648438,21.700000762939453,22.260000228881836,139856700
2026-07-22 00:00:00+00:00,23.3799991607666,23.649999618530273,22.729999542236328,23.040000915527344,187259600
2026-07-23 00:00:00+00:00,23.25,23.46500015258789,22.649999618530273,22.902999877929688,71139554
