date,open,high,low,close,volume
2018-01-02 00:00:00+00:00,186.43622629479478,189.0647058329399,186.02583388171058,188.5663604736328,1140900
2018-01-03 00:00:00+00:00,187.813982046246,192.17196927797957,186.80752540351546,192.02540588378906,1458300
2018-01-04 00:00:00+00:00,192.64099019622742,195.03496834569245,192.1719724173497,194.42913818359375,1566400
2018-01-05 00:00:00+00:00,195.42577103100908,198.0151565332487,194.65384579574993,197.7611083984375,1469500
2018-01-08 00:00:00+00:00,197.7611485284629,198.59171418780574,195.6212335158697,198.08360290527344,1974600
2018-01-09 00:00:00+00:00,200.067191716573,202.18756016439227,198.7480614116616,201.38632202148438,1845200
2018-01-10 00:00:00+00:00,200.11601729943806,201.8943842829499,197.3409745854981,201.57192993164062,1421200
2018-01-11 00:00:00+00:00,202.21682880177593,203.94635118022833,201.24948070468895,203.88772583007812,1520600
2018-01-12 00:00:00+00:00,204.11248099951288,206.7018669463051,203.03763311038838,205.3632049560547,1486500
2018-01-16 00:00:00+00:00,206.96564049171081,206.96564049171081,202.76398383725015,203.25254821777344,2264300
2018-01-17 00:00:00+00:00,204.76719374550356,206.8289369637539,203.53601631514783,206.64328002929688,1461700
2018-01-18 00:00:00+00:00,206.565076803926,208.18711461782644,205.7052133719428,207.55198669433594,1458500
2018-01-19 00:00:00+00:00,209.0567243782544,209.66255443261772,207.50309301151384,208.6267852783203,1439900
2018-01-22 00:00:00+00:00,209.11537995514806,210.40519744139993,207.9037494908815,210.3954315185547,1230300
2018-01-23 00:00:00+00:00,210.64947759448407,212.25196860362436,209.3498941983816,209.64303588867188,1267000
2018-01-24 00:00:00+00:00,210.1022898253333,211.71454677334225,208.1284849947687,210.3954315185547,1227400
2018-01-25 00:00:00+00:00,211.42140670323587,213.73721267863857,210.0925106055951,212.89688110351562,1668400
2018-01-26 00:00:00+00:00,213.18020933309091,214.75338745117188,211.7731413380615,214.75338745117188,1162000
2018-01-29 00:00:00+00:00,214.38204438331948,215.06604644444735,213.59057247179905,213.8055419921875,1042800
2018-01-30 00:00:00+00:00,211.05013339148985,211.3334942885889,207.6790258495751,209.71145629882812,1921700
2018-01-31 00:00:00+00:00,218.34921670163763,220.83111738986537,214.6752027284528,218.98434448242188,3414200
2018-02-01 00:00:00+00:00,219.03326469983622,221.26111787606033,214.58732427094967,217.27442932128906,1912800
2018-02-02 00:00:00+00:00,215.07590880940444,215.73058358423052,212.58422636743103,212.7112579345703,1992400
2018-02-05 00:00:00+00:00,211.75365452141963,214.2453218068122,203.05719655678314,203.54576110839844,2387600
2018-02-06 00:00:00+00:00,200.3113716659549,206.27186234773984,197.00867208393637,204.68890380859375,2415300
2018-02-07 00:00:00+00:00,203.57507178594767,206.36966159008642,201.41562483854443,202.8031463623047,1653000
2018-02-08 00:00:00+00:00,202.5784422957969,205.1873755916158,194.1458121375736,194.1848907470703,2196600
2018-02-09 00:00:00+00:00,195.95342104954312,197.76111546004998,190.0613350353491,195.60165405273438,2074300
2018-02-12 00:00:00+00:00,197.38006830977514,201.41561606170205,196.91105054002236,199.83265686035156,1528200
2018-02-13 00:00:00+00:00,198.8554995641712,199.79354988024352,196.26611391063415,198.84573364257812,1222700
2018-02-14 00:00:00+00:00,197.2432813745224,204.03432566001374,197.10648389646238,203.54576110839844,1412300
2018-02-15 00:00:00+00:00,205.5293057239323,205.9299321834015,201.89438473175406,205.90061950683594,1080800
2018-02-16 00:00:00+00:00,205.45112025379655,207.82555126980637,204.56194427279917,205.79312133789062,895800
2018-02-20 00:00:00+00:00,204.1222258293047,206.12534310124215,202.55882850008348,203.0864715576172,1127700
2018-02-21 00:00:00+00:00,203.53598483550084,208.75385040308066,203.53598483550084,204.9918975830078,1021300
2018-02-22 00:00:00+00:00,205.97880382343087,208.74408078519465,203.92682688338382,204.3470001220703,1230600
2018-02-23 00:00:00+00:00,205.16777118040278,206.99499758456096,203.63367153962463,206.86798095703125,827300
2018-02-26 00:00:00+00:00,207.32722311549824,209.31080869345118,206.37942170685199,209.17401123046875,990600
2018-02-27 00:00:00+00:00,209.02739876723209,209.9556681792907,205.64654134482012,205.8614959716797,1067000
2018-02-28 00:00:00+00:00,206.57483172896778,208.5974808713417,203.73138294973356,203.80955505371094,1099300
2018-03-01 00:00:00+00:00,203.8682391717389,204.02458342476177,198.18135488376132,200.51669311523438,1419500
2018-03-02 00:00:00+00:00,199.0118393983482,202.25591447248206,197.20415989626594,201.71849060058594,1228600
2018-03-05 00:00:00+00:00,199.83264868989772,203.174428118639,197.44846642708174,202.03118896484375,1228500
2018-03-06 00:00:00+00:00,203.31124373664065,205.51954996939247,201.9334882306778,205.31434631347656,1007100
2018-03-07 00:00:00+00:00,202.59786486752833,207.60077404372996,202.59786486752833,207.30763244628906,1225500
2018-03-08 00:00:00+00:00,207.83532904374385,207.86464172007453,205.2068497275256,206.8582000732422,868700
2018-03-09 00:00:00+00:00,208.37275362843556,213.0922883602867,207.50310943828939,212.90663146972656,1594600
2018-03-12 00:00:00+00:00,213.69807990688886,214.90972506766073,211.96855764017658,212.51576232910156,2268400
2018-03-13 00:00:00+00:00,214.118231817128,214.64587479181654,209.9849663912272,210.19993591308594,1483000
2018-03-14 00:00:00+00:00,210.65959904904918,211.86241405693073,208.15617288692954,208.742919921875,1252500
2018-03-15 00:00:00+00:00,207.82364826134574,210.43464369314486,207.4716030951709,207.75518798828125,1401100
2018-03-16 00:00:00+00:00,207.91168729631036,208.67444945155765,205.61361226345244,205.78964233398438,2564100
2018-03-19 00:00:00+00:00,206.1221061320911,207.85299620997014,204.4890121866823,207.0413360595703,1819300
2018-03-20 00:00:00+00:00,208.18547486947372,210.78669675466531,207.2271354618327,209.97503662109375,1523200
2018-03-21 00:00:00+00:00,210.03374074544962,210.61069920795813,208.13660892619413,208.25396728515625,1029200
2018-03-22 00:00:00+00:00,206.33726486521255,207.7063213174807,201.9562692963583,202.7483673095703,1665000
2018-03-23 00:00:00+00:00,203.19817401118138,203.72624924975872,199.75597100223948,200.1275634765625,1703900
2018-03-26 00:00:00+00:00,202.9831345410965,205.50610868492075,200.430809608064,205.04649353027344,1058600
2018-03-27 00:00:00+00:00,205.7114043995828,206.25902696995936,200.69476385024754,202.05404663085938,1359200
2018-03-28 00:00:00+00:00,202.9048195953488,203.82403461612805,200.782774796393,201.3695068359375,1402000
2018-03-29 00:00:00+00:00,202.43543228222393,203.83383951899236,200.0004665180102,201.89759826660156,1787700
2018-04-02 00:00:00+00:00,201.1739125282496,202.21048580681926,195.43363507715512,198.6509246826172,1619700
2018-04-03 00:00:00+00:00,200.17652082007115,202.92442283852805,198.533652750434,202.11276245117188,1316300
2018-04-04 00:00:00+00:00,199.08125051963344,205.1833631321454,197.91754498851168,204.6944122314453,1318500
2018-04-05 00:00:00+00:00,205.47668372360286,207.91166413041068,204.860615849375,207.17823791503906,1159700
2018-04-06 00:00:00+00:00,204.86067941001028,206.45464939928314,199.25729064250027,201.01751708984375,1649700
2018-04-09 00:00:00+00:00,202.67008927501928,207.71606468085346,202.67008927501928,204.9192657470703,1399100
2018-04-10 00:00:00+00:00,207.65743977276614,211.54948450708287,207.15870033718934,210.43467712402344,2050200
2018-04-11 00:00:00+00:00,208.65487702665777,209.20249958089477,207.01200936394682,208.0876922607422,1067200
2018-04-12 00:00:00+00:00,209.3589836552365,210.09240997326776,208.5277761144257,208.61578369140625,748700
2018-04-13 00:00:00+00:00,209.92614097699908,210.56178598901835,208.15614141537267,209.61322021484375,676400
2018-04-16 00:00:00+00:00,210.94321655784378,212.71321653507277,207.94105068852525,211.1387939453125,817200
2018-04-17 00:00:00+00:00,212.43937281898667,214.2484820292465,211.32456546662468,213.40748596191406,1611600
2018-04-18 00:00:00+00:00,214.23867348286484,216.14557852209887,213.58348123459433,214.67872619628906,1564400
2018-04-19 00:00:00+00:00,215.3730501417869,216.9768081420119,210.7182290540751,212.1948699951172,1610100
2018-04-20 00:00:00+00:00,213.04563844555898,213.62259679557414,210.8355862503721,211.11917114257812,1377900
2018-04-23 00:00:00+00:00,212.03844996720346,213.2314913618973,211.03121230273862,211.56906127929688,1244700
2018-04-24 00:00:00+00:00,209.70129020292222,211.5201883717726,205.83858060157195,208.4593505859375,2051100
2018-04-25 00:00:00+00:00,213.03588803151092,213.18256731561283,203.39377682119783,209.73057556152344,2246500
2018-04-26 00:00:00+00:00,209.95548271598906,211.12896171974816,207.35426072789977,209.11448669433594,1475200
2018-04-27 00:00:00+00:00,208.94824157247334,209.73056586858362,207.51072496832919,208.13658142089844,1668300
2018-04-30 00:00:00+00:00,208.38108621840178,209.1145125516398,205.6918563298624,205.70164489746094,1375400
2018-05-01 00:00:00+00:00,205.78961952596006,207.59872857198752,203.78491821844244,206.0634307861328,1100600
2018-05-02 00:00:00+00:00,205.35936041678326,206.6795337023867,203.42311919661475,204.22499084472656,1514700
2018-05-03 00:00:00+00:00,203.5599933500593,204.0000460699873,200.3329152012647,203.71646118164062,2291700
2018-05-04 00:00:00+00:00,203.5306941624296,205.98522216096512,200.68499651447243,205.42782592773438,996700
2018-05-07 00:00:00+00:00,205.6820813186892,207.30540183999815,203.56003626586346,204.36190795898438,1204600
2018-05-08 00:00:00+00:00,203.66757746452572,204.40100368992958,202.02469496039183,203.4720001220703,1105900
2018-05-09 00:00:00+00:00,204.04901801799124,204.8997879126857,202.74840667501292,204.07835388183594,1237100
2018-05-10 00:00:00+00:00,205.35934868051658,209.3980873128105,204.46945458838482,209.09494018554688,1272700
2018-05-11 00:00:00+00:00,209.53500321869146,211.90152356222214,208.64510908294184,211.76461791992188,1209800
2018-05-14 00:00:00+00:00,211.81350811228006,214.56140942299484,211.03118379040367,212.60560607910156,1447300
2018-05-15 00:00:00+00:00,208.54733929170277,209.90662224113086,204.30324892259318,204.459716796875,1731400
2018-05-16 00:00:00+00:00,204.8703832964098,207.46181654369335,204.479228628682,206.0145263671875,1813500
2018-05-17 00:00:00+00:00,206.4546156893667,207.823687112247,205.37893270167154,206.3470458984375,1364300
2018-05-18 00:00:00+00:00,206.82620144327385,210.70847223383265,206.55239017173378,210.190185546875,1072800
2018-05-21 00:00:00+00:00,210.97249974415817,212.33178239183695,210.1901754680162,211.94061279296875,894400
2018-05-22 00:00:00+00:00,213.06521650794284,214.20935964909205,212.6936091056295,213.045654296875,1587200
2018-05-23 00:00:00+00:00,212.20472506590096,213.93561571107625,210.93344953510325,211.73533630371094,1446900
2018-05-24 00:00:00+00:00,212.34154599871724,214.0333115342675,211.05072368745613,211.19740295410156,955000
2018-05-25 00:00:00+00:00,211.06052917906524,211.5983781072461,207.89212224708749,208.92869567871094,929200
2018-05-29 00:00:00+00:00,206.8066705041629,207.95081383073682,202.52347072504963,204.35214233398438,1854100
2018-05-30 00:00:00+00:00,205.69183996194045,207.31516036484817,205.07577203773002,206.28836059570312,1189500
2018-05-31 00:00:00+00:00,206.28837207812947,206.50351165779577,203.43290074626384,203.6676025390625,1659400
2018-06-01 00:00:00+00:00,205.35934869325683,207.29558980288948,204.97796764254747,207.14891052246094,833800
2018-06-04 00:00:00+00:00,207.3151500319361,210.0532776393184,207.3151500319361,209.43719482421875,1554200
2018-06-05 00:00:00+00:00,209.1047414878187,211.2072243670919,209.0167339079266,210.0239715576172,1096500
2018-06-06 00:00:00+00:00,210.46403640128392,213.46618730800967,209.5937043555741,213.44664001464844,1204200
2018-06-07 00:00:00+00:00,213.44657411360834,214.1213285661915,210.81601657369697,211.67657470703125,1053400
2018-06-08 00:00:00+00:00,211.96023599163107,213.065269909198,211.26591907985747,212.22427368164062,1087400
2018-06-11 00:00:00+00:00,212.82070916735447,213.47590138468016,211.67656619785205,212.537109375,1154800
2018-06-12 00:00:00+00:00,212.65455039491408,213.63245227953385,211.9895693541414,213.1337127685547,1247300
2018-06-13 00:00:00+00:00,213.70088004980389,213.85734791963853,211.44192926985656,211.56906127929688,1214000
2018-06-14 00:00:00+00:00,212.15624243326548,212.3715511913517,210.59036327142562,211.93115234375,1001600
2018-06-15 00:00:00+00:00,211.6375270997292,211.96049020475945,209.29850485420292,211.19712829589844,2190000
2018-06-18 00:00:00+00:00,209.16151364303306,209.16151364303306,207.06715883778577,208.2807159423828,1363000
2018-06-19 00:00:00+00:00,206.36253370613738,207.13567709827112,203.76906195615453,205.45236206054688,1381400
2018-06-20 00:00:00+00:00,205.52088338448706,206.0102188211168,203.88650481814366,204.3464813232422,928000
2018-06-21 00:00:00+00:00,204.54219553251542,204.76728563334765,201.41045198471252,202.13465881347656,1212700
2018-06-22 00:00:00+00:00,203.72988505101355,205.59914973829453,202.69249646156177,204.29751586914062,2327800
2018-06-25 00:00:00+00:00,203.27975531105176,203.71035799715938,199.11060738948885,200.5590362548828,1534600
2018-06-26 00:00:00+00:00,200.62746674207307,202.05633234416865,200.11855386461505,200.7840576171875,951900
2018-06-27 00:00:00+00:00,201.49855766320977,203.02528192833486,199.0225213990432,199.04209899902344,1177700
2018-06-28 00:00:00+00:00,198.8169055345243,201.87036764047616,198.50373874074754,201.2244415283203,1116300
2018-06-29 00:00:00+00:00,201.84106507289917,204.08221456655625,200.88195696586334,202.72186279296875,1591000
2018-07-02 00:00:00+00:00,201.351751285142,201.90958591879917,199.55098552503446,201.1853790283203,942500
2018-07-03 00:00:00+00:00,202.2325387236195,202.888246384509,201.08749565012613,201.48875427246094,490100
2018-07-05 00:00:00+00:00,202.9469155650864,203.6222006618365,201.40061424015977,202.92735290527344,1184000
2018-07-06 00:00:00+00:00,203.2796949621802,203.534143964795,201.77253374157462,202.7805633544922,818800
2018-07-09 00:00:00+00:00,204.53242229670914,207.47821612129985,203.12313391108043,207.3118438720703,1237700
2018-07-10 00:00:00+00:00,206.69526056160078,210.14018580207113,205.8829620425885,209.59213256835938,1452300
2018-07-11 00:00:00+00:00,207.76201923209445,208.10455998818156,205.03153424880244,205.19790649414062,1236500
2018-07-12 00:00:00+00:00,206.16680816616926,207.65437713013364,205.4230087508548,207.54673767089844,883500
2018-07-13 00:00:00+00:00,207.47820633798955,208.0751961139368,206.24508652537617,206.6952667236328,863800
2018-07-16 00:00:00+00:00,206.37232226555642,206.37232226555642,204.1311725364585,204.3464813232422,1135900
2018-07-17 00:00:00+00:00,204.00392721810906,207.0378127003637,203.5341694109636,206.53868103027344,914300
2018-07-18 00:00:00+00:00,206.48973130885386,207.20415672101413,205.8242274838309,206.9203338623047,827600
2018-07-19 00:00:00+00:00,207.66417751896194,212.0681965023416,207.66417751896194,211.47120666503906,2246800
2018-07-20 00:00:00+00:00,210.3652482939537,212.70427049522803,209.16148760403584,212.2247314453125,2455100
2018-07-23 00:00:00+00:00,212.1562546931638,214.86717698875657,211.39289266432024,213.8199920654297,2510000
2018-07-24 00:00:00+00:00,214.69097313882014,218.32184777746983,213.8591120562872,216.67767333984375,2333000
2018-07-25 00:00:00+00:00,221.1795942445189,224.94748268617602,218.24358193153856,224.38963317871094,2296700
2018-07-26 00:00:00+00:00,225.2704274531764,229.4297781662705,225.11385148154415,229.0089569091797,2445600
2018-07-27 00:00:00+00:00,228.51961061367268,228.77405962208314,223.96879778891653,226.17080688476562,2735000
2018-07-30 00:00:00+00:00,225.99466611572208,227.05163240339286,224.74196864885266,225.79893493652344,1598600
2018-07-31 00:00:00+00:00,226.83628929369428,230.51608567900482,226.83628929369428,229.5276336669922,2428900
2018-08-01 00:00:00+00:00,229.16555087098007,229.96805313629088,228.0890070516635,228.92088317871094,1736800
2018-08-02 00:00:00+00:00,227.9813312709944,228.5978985763064,226.62097962699616,228.19664001464844,1562400
2018-08-03 00:00:00+00:00,227.9813874648842,229.62556237320348,226.90485841459554,228.343505859375,1215900
2018-08-06 00:00:00+00:00,228.54897489961576,230.18335323041597,227.17884184784617,230.07569885253906,1412400
2018-08-07 00:00:00+00:00,230.1539808549669,230.98585690207474,229.36125999752477,230.47694396972656,902900
2018-08-08 00:00:00+00:00,230.13440312261852,231.25008709415366,228.74469255690488,229.57656860351562,792600
2018-08-09 00:00:00+00:00,229.8995455691216,229.8995455691216,228.12815393098407,228.26516723632812,856800
2018-08-10 00:00:00+00:00,226.31760603958463,228.01070221911047,225.69125737047315,226.48397827148438,1151300
2018-08-13 00:00:00+00:00,226.5231266815443,227.64859201266032,225.5444559820244,225.77932739257812,1158400
2018-08-14 00:00:00+00:00,225.87721620118197,227.03204053921925,225.57383065248845,226.66993713378906,686100
2018-08-15 00:00:00+00:00,224.85936966664605,225.7206046422018,222.91182457419075,224.11558532714844,975600
2018-08-16 00:00:00+00:00,225.37805055416004,226.85585274798555,224.41895752770043,225.8673858642578,817200
2018-08-17 00:00:00+00:00,226.61124214629197,227.83458072953331,224.98664492374772,225.09429931640625,1051000
2018-08-20 00:00:00+00:00,225.2508398013124,226.01420171165782,224.9963758756446,225.23126220703125,820000
2018-08-21 00:00:00+00:00,225.5835569548512,227.0907029989832,225.12358061151352,226.49371337890625,1121000
2018-08-22 00:00:00+00:00,226.32739064502192,229.4787116320765,225.59338758778864,229.09703063964844,1136500
2018-08-23 00:00:00+00:00,229.2732417550536,229.88979428306703,228.5294422948048,229.1949462890625,1054600
2018-08-24 00:00:00+00:00,229.6646411977895,230.398644190257,228.93063820532203,229.70379638671875,934400
2018-08-27 00:00:00+00:00,230.57481348920888,233.07041172576066,230.53565830014117,232.84532165527344,1059400
2018-08-28 00:00:00+00:00,234.10781402714412,234.73416264920877,232.6104341858585,232.8844757080078,886100
2018-08-29 00:00:00+00:00,232.92361840742234,235.60518140710295,232.63001422108326,234.61671447753906,781700
2018-08-30 00:00:00+00:00,234.87118110526777,235.74219741030157,233.39337882594356,234.08824157714844,660500
2018-08-31 00:00:00+00:00,233.28575791570796,234.235069803052,232.816000104788,234.0001983642578,816200
2018-09-04 00:00:00+00:00,233.79468043903358,233.8436169685516,229.78212395186964,231.0152587890625,1368300
2018-09-05 00:00:00+00:00,231.00542128225158,231.63176992159805,229.80166052434012,231.32838439941406,1312500
2018-09-06 00:00:00+00:00,230.86838331461422,231.56324599547114,229.29272308712598,230.70201110839844,1078100
2018-09-07 00:00:00+00:00,229.98759366588257,233.08019638172902,229.31230855472256,230.9271240234375,1149100
2018-09-10 00:00:00+00:00,231.9449553294918,233.0704206583916,231.49476023793403,232.1309051513672,956600
2018-09-11 00:00:00+00:00,231.7002820033152,232.3266306371631,230.4867249919033,231.38710021972656,1122000
2018-09-12 00:00:00+00:00,231.42624562788927,234.39161644926165,230.81947461449374,233.9512176513672,1081700
2018-09-13 00:00:00+00:00,234.51886805391214,238.9816041219308,233.9610185787448,238.795654296875,1659400
2018-09-14 00:00:00+00:00,238.4431283884618,239.32454030423094,236.58236325795178,236.98388671875,786800
2018-09-17 00:00:00+00:00,232.03815114317376,234.06541948071103,230.7943833137972,233.5365753173828,1613800
2018-09-18 00:00:00+00:00,234.45713932841815,235.48546312991203,233.16440093457058,234.16334533691406,1122000
2018-09-19 00:00:00+00:00,234.48645942730934,236.3080564326794,234.04575360776195,236.0828094482422,816000
2018-09-20 00:00:00+00:00,236.84674167667046,237.91423293112862,236.02408868848664,237.4931182861328,1016800
2018-09-21 00:00:00+00:00,237.7673449828568,239.08947764846965,237.52250670727977,238.4626922607422,2225700
2018-09-24 00:00:00+00:00,239.2265989542799,239.94152257198098,234.7117803195635,237.15036010742188,1014000
2018-09-25 00:00:00+00:00,238.26686682419208,238.2864580751843,236.56280158151833,238.0709991455078,1207700
2018-09-26 00:00:00+00:00,238.45284338029694,239.90229645289736,237.3461847489236,237.8358612060547,1234900
2018-09-27 00:00:00+00:00,238.13947490744468,239.9121014154876,237.55185714021096,239.27552795410156,906300
2018-09-28 00:00:00+00:00,238.89358490083578,239.57914399825398,237.78692610409442,239.04049682617188,1538900
2018-10-01 00:00:00+00:00,240.84250743180695,244.68156970883368,240.14717511410458,243.3790283203125,1850800
2018-10-02 00:00:00+00:00,242.87955811285948,244.0058081508055,242.35071403737624,242.6347198486328,1417900
2018-10-03 00:00:00+00:00,243.6336758300441,244.78930531959563,241.82186661041698,242.2429962158203,1401200
2018-10-04 00:00:00+00:00,241.26364514845918,241.39095089128995,237.0132412846105,238.35496520996094,1593500
2018-10-05 00:00:00+00:00,238.20805510941892,238.59980532352648,233.45820144533815,235.7205047607422,1858200
2018-10-08 00:00:00+00:00,234.3493906752173,235.52462631987848,231.01959619865593,234.71176147460938,1274800
2018-10-09 00:00:00+00:00,234.77048159586863,236.2884816003873,233.49731981970007,235.01531982421875,1397600
2018-10-10 00:00:00+00:00,234.37880002326241,237.85549170615226,225.62338058362,225.89759826660156,1759800
2018-10-11 00:00:00+00:00,226.18160822642437,228.62999111465965,219.4632449833571,221.4219512939453,2316700
2018-10-12 00:00:00+00:00,225.6918794325286,228.88457954411746,223.9682236577449,226.63206481933594,1664900
2018-10-15 00:00:00+00:00,225.2218119748802,226.43621508201065,223.38062354168844,223.3904266357422,1246100
2018-10-16 00:00:00+00:00,225.93677275084676,230.7943710368368,225.2218491228283,230.29489135742188,2034400
2018-10-17 00:00:00+00:00,229.5407459891559,231.1468842069185,227.79749895806262,229.80516052246094,1713100
2018-10-18 00:00:00+00:00,226.906308440277,228.62017626187586,222.92033439076263,224.96719360351562,2235200
2018-10-19 00:00:00+00:00,224.75170387211196,227.07276547831052,221.16726864814856,222.4600067138672,1792700
2018-10-22 00:00:00+00:00,223.077045353978,223.4883718579929,217.9256534870387,221.10855102539062,1872800
2018-10-23 00:00:00+00:00,217.27926767164988,220.09000613540258,213.3814467276449,218.7189178466797,2668200
2018-10-24 00:00:00+00:00,230.0402343333658,234.05558776378743,215.66333891881524,216.006103515625,4875800
2018-10-25 00:00:00+00:00,218.64058845470674,227.885684485179,217.9648323972633,225.4373016357422,3652600
2018-10-26 00:00:00+00:00,221.8234997624936,226.54398935869256,220.83435841040867,225.25123596191406,2096600
2018-10-29 00:00:00+00:00,228.9825126877051,230.14794509856435,220.04101540038957,223.63525390625,2161500
2018-10-30 00:00:00+00:00,223.54712304755364,228.35575013610216,223.5079555005837,227.86607360839844,1848800
2018-10-31 00:00:00+00:00,229.81497701014695,231.16647397925058,227.3470032826131,228.82582092285156,1982900
2018-11-01 00:00:00+00:00,229.67789184179063,231.33300096202888,227.3176472982113,228.8356475830078,1794100
2018-11-02 00:00:00+00:00,231.04896817239157,233.0762361449334,228.34595915274392,229.37428283691406,1781300
2018-11-05 00:00:00+00:00,230.4613607808458,232.74324017627524,228.8747987202206,231.63658142089844,1118500
2018-11-06 00:00:00+00:00,231.27425335505222,233.91851896322498,230.52016214678986,233.31130981445312,1271900
2018-11-07 00:00:00+00:00,235.04477954023398,240.81316957370078,235.04477954023398,240.46060180664062,1830600
2018-11-08 00:00:00+00:00,239.1678198274829,241.51826121825675,238.96214910751277,240.49974060058594,1061900
2018-11-09 00:00:00+00:00,239.69665436081405,239.94149261858811,236.024080494203,238.42349243164062,1358400
2018-11-12 00:00:00+00:00,237.48331120865063,238.2765847371598,231.2252462191732,231.4602813720703,1689200
2018-11-13 00:00:00+00:00,231.85201445425218,233.8596759748149,229.16858208766746,230.1675262451172,1300100
2018-11-14 00:00:00+00:00,232.74327879552544,234.1535497750923,229.55059278726534,230.22634887695312,1318900
2018-11-15 00:00:00+00:00,229.01190977023535,233.07623382556005,224.1249476969988,232.7824249267578,1398500
2018-11-16 00:00:00+00:00,233.0762037935056,238.21780655695045,232.78239493256086,236.0828094482422,1620200
2018-11-19 00:00:00+00:00,235.88698010977245,236.57252426732657,226.79858485143316,228.07174682617188,1729200
2018-11-20 00:00:00+00:00,226.7496233853252,230.50054757370475,226.39705566949536,228.5810089111328,1463500
2018-11-21 00:00:00+00:00,230.05006672471774,232.73349994271206,227.91508386582555,228.20889282226562,1904800
2018-11-23 00:00:00+00:00,225.54498610253185,230.8530772683656,225.54498610253185,230.15773010253906,772200
2018-11-26 00:00:00+00:00,232.26336598600614,236.37664568438024,230.94123343050606,235.23080444335938,2123500
2018-11-27 00:00:00+00:00,233.87930184253804,237.2972494013188,232.2633752712079,236.99365234375,1124400
2018-11-28 00:00:00+00:00,237.58124551749538,242.68368132655905,235.99469840721147,242.29193115234375,1901700
2018-11-29 00:00:00+00:00,241.80230267470264,245.57281852790288,240.7739937545063,243.43783569335938,1378300
2018-11-30 00:00:00+00:00,243.3692592055194,245.27899487049615,242.6151530913387,244.3975830078125,2201700
2018-12-03 00:00:00+00:00,248.41290740728562,248.66754877683974,246.23874233355158,246.7773895263672,2266900
2018-12-04 00:00:00+00:00,247.2670392500281,247.77630699014458,238.27658595595042,238.85440063476562,2185600
2018-12-06 00:00:00+00:00,234.63340243614306,237.26786449710323,229.37428140858884,237.0426025390625,2023500
2018-12-07 00:00:00+00:00,236.46483051312384,237.97304283106303,229.21762270758626,230.99024963378906,1564800
2018-12-10 00:00:00+00:00,232.05767689398562,233.29167116636597,226.7789651280807,232.18499755859375,1130700
2018-12-11 00:00:00+00:00,236.35711805464013,237.0426623649248,231.79332816314542,232.59640502929688,1597700
2018-12-12 00:00:00+00:00,236.9838301728632,240.09818042338188,235.15244488027633,236.2884979248047,2087300
2018-12-13 00:00:00+00:00,236.60194844611635,240.3039025413295,234.78035080055557,236.5334014892578,1197000
2018-12-14 00:00:00+00:00,233.48545841690805,233.77945936446426,227.21317401027298,229.5162811279297,1752500
2018-12-17 00:00:00+00:00,227.36995300556882,230.36888188959733,222.63634399977693,224.3024139404297,2030200
2018-12-18 00:00:00+00:00,225.51767739158032,228.74201202525373,222.9009645842134,225.70388793945312,1592400
2018-12-19 00:00:00+00:00,226.42908939968294,231.27050338403384,220.96046355508375,223.80258178710938,1674300
2018-12-20 00:00:00+00:00,222.3619359321866,223.45957920937977,213.46314448764295,215.27622985839844,3775900
2018-12-21 00:00:00+00:00,214.10020273017207,216.8149111031525,210.6406371439435,211.4834747314453,4062800
2018-12-24 00:00:00+00:00,209.9643443398887,210.69937633306114,204.3094940185547,204.3094940185547,1715000
2018-12-26 00:00:00+00:00,206.15202732497053,213.65914447643448,204.182131550769,213.6199493408203,2067200
2018-12-27 00:00:00+00:00,210.28781943869205,216.6776885986328,208.83734512990398,216.6776885986328,2067600
2018-12-28 00:00:00+00:00,218.1183644085815,220.93108299093475,215.62906180587902,218.01055908203125,1728600
2018-12-31 00:00:00+00:00,219.95100305213887,221.47007241494242,216.60906839909103,219.3237762451172,1640000
2019-01-02 00:00:00+00:00,215.47226748108363,216.8737218769562,211.76770591558858,215.04104614257812,2725100
2019-01-03 00:00:00+00:00,214.3941785589127,214.62939423750393,205.87761835372183,207.93569946289062,3125000
2019-01-04 00:00:00+00:00,211.6991028098531,220.03927908919133,211.33649165136734,217.3343505859375,2865400
2019-01-07 00:00:00+00:00,217.56953038097888,223.9006142863575,217.56953038097888,220.2646484375,2931400
2019-01-08 00:00:00+00:00,222.1463342674847,226.44872223115348,221.13689122266567,225.39027404785156,2876600
2019-01-09 00:00:00+00:00,226.546742598149,233.34824338468624,226.546742598149,231.67236328125,2989000
2019-01-10 00:00:00+00:00,229.73187514855442,234.72029025428697,229.73187514855442,234.0930633544922,1885700
2019-01-11 00:00:00+00:00,232.99540505445523,235.22990167610698,231.79975151690692,235.21029663085938,1369200
2019-01-14 00:00:00+00:00,233.201171177673,233.906803159479,230.11404247297097,230.3492431640625,1613800
2019-01-15 00:00:00+00:00,230.31005435413013,232.06432435848237,229.21241122087136,230.7706756591797,2375800
2019-01-16 00:00:00+00:00,232.27016081201236,234.2302465572614,229.7906535406137,229.9474639892578,1671800
2019-01-17 00:00:00+00:00,229.4574424581417,234.0146358322559,229.04582624632158,233.41680908203125,1799000
2019-01-18 00:00:00+00:00,235.53373123880098,237.15079617451136,233.47563499856128,235.85714721679688,3125300
2019-01-22 00:00:00+00:00,233.81863042303092,235.98451679786166,232.80918746023337,235.8963165283203,2007300
2019-01-23 00:00:00+00:00,237.59183284821862,239.640134217403,233.92648135927158,236.64120483398438,1945700
2019-01-24 00:00:00+00:00,235.97475316842494,236.62158513971036,233.55404575362266,235.77874755859375,1672500
2019-01-25 00:00:00+00:00,237.66037484935984,239.44405989225638,235.77869450073456,236.09230041503906,2003300
2019-01-28 00:00:00+00:00,233.3384147741466,235.21030033668376,231.87816039695466,233.1326141357422,1799200
2019-01-29 00:00:00+00:00,233.30901830864426,235.1416938085488,231.72135354206463,232.1721649169922,1736800
2019-01-30 00:00:00+00:00,234.0048779749792,241.00238459649586,231.19214431580917,240.16934204101562,2539400
2019-01-31 00:00:00+00:00,238.7286748682817,241.041576986052,236.32757246802598,240.7671661376953,2218000
2019-02-01 00:00:00+00:00,240.47309325600878,240.76710908222253,237.69957038126256,238.57180786132812,1622500
2019-02-04 00:00:00+00:00,238.66985277117553,239.18927432604656,235.78852417365334,238.72865295410156,1200500
2019-02-05 00:00:00+00:00,238.7286096214123,241.73734803865693,238.07198277414497,241.10031127929688,1626100
2019-02-06 00:00:00+00:00,240.29669650027827,242.92320402596368,240.29669650027827,242.31558227539062,1033100
2019-02-07 00:00:00+00:00,240.21833213620465,240.95336436113845,236.1119497135581,238.06224060058594,1147600
2019-02-08 00:00:00+00:00,236.67054704016897,238.71883295407412,236.0923104085491,238.6502227783203,794600
2019-02-11 00:00:00+00:00,238.6502441245162,241.22776176851687,238.5228487148548,239.68910217285156,1233000
2019-02-12 00:00:00+00:00,241.5021987191115,244.33452244317257,240.36534522912174,243.37408447265625,1189200
2019-02-13 00:00:00+00:00,244.24630018040673,244.68731650799793,241.53157707745098,242.45281982421875,1014500
2019-02-14 00:00:00+00:00,241.9334000554032,242.45282161573488,240.83575675119567,241.22776794433594,996300
2019-02-15 00:00:00+00:00,243.84446893642843,247.47062463661507,242.7370156859613,247.45103454589844,1718200
2019-02-19 00:00:00+00:00,246.64739014612442,247.1766216764246,245.6869523096303,245.82415771484375,1099900
2019-02-20 00:00:00+00:00,245.94177316194956,247.56864803375404,244.83433480703198,247.18643188476562,1091100
2019-02-21 00:00:00+00:00,245.86338173921442,246.54942380015933,244.71673322785614,246.4318084716797,840300
2019-02-22 00:00:00+00:00,246.43178029125198,247.33341795038686,246.15736947996172,247.06881713867188,1118000
2019-02-25 00:00:00+00:00,247.48044473724732,250.6263741664594,247.47063473722088,248.7740936279297,1194700
2019-02-26 00:00:00+00:00,248.66632181139767,250.09719126109079,247.78428903774093,248.921142578125,1198300
2019-02-27 00:00:00+00:00,248.0096304766573,254.39949881457278,248.0096304766573,253.9683074951172,1759100
2019-02-28 00:00:00+00:00,252.7041256547706,254.91900277851337,251.46926174706562,254.38980102539062,2061300
2019-03-01 00:00:00+00:00,255.7911715139682,259.17233114681886,254.5073178350673,258.79010009765625,1433700
2019-03-04 00:00:00+00:00,260.6914564194419,260.86785699385644,253.1647328256823,254.27218627929688,1342800
2019-03-05 00:00:00+00:00,254.5269550984822,255.10517687024077,248.35269626031462,249.38174438476562,2900200
2019-03-06 00:00:00+00:00,248.9308802500294,249.39150157911683,245.8927414778695,246.22596740722656,1533100
2019-03-07 00:00:00+00:00,246.2161969510357,246.69642340115598,243.30546806540326,245.80458068847656,1227500
2019-03-08 00:00:00+00:00,244.28550230326508,245.11854479918978,241.74719463132183,244.86373901367188,1169200
2019-03-11 00:00:00+00:00,245.86337711585784,249.35232772500186,244.64813339381882,249.24453735351562,1589300
2019-03-12 00:00:00+00:00,250.44017189982986,251.06739879726456,249.5777442622752,249.83255004882812,1297200
2019-03-13 00:00:00+00:00,251.557408455647,253.8311151984073,249.63653271502218,253.70370483398438,1569100
2019-03-14 00:00:00+00:00,254.83159136673882,256.842173114055,253.85082854283027,256.40081787109375,1513900
2019-03-15 00:00:00+00:00,257.411014748857,259.30390983712226,256.9696894152,258.0289001464844,2371800
2019-03-18 00:00:00+00:00,257.98967224561227,258.9214089849967,256.07720252391476,258.46044921875,1449200
2019-03-19 00:00:00+00:00,259.37248394388007,262.26574575483505,258.9801848670983,260.8436279296875,1551300
2019-03-20 00:00:00+00:00,260.7160625053976,262.69722176121513,257.83264850933017,260.5199279785156,1524200
2019-03-21 00:00:00+00:00,259.52936716935506,266.4731824092489,259.04880312357994,265.8356628417969,1424100
2019-03-22 00:00:00+00:00,263.6780995565297,264.6588624115434,258.5388818435132,258.73504638671875,1736500
2019-03-25 00:00:00+00:00,261.7361027052069,264.30569585402907,258.93113611695014,263.62896728515625,1638400
2019-03-26 00:00:00+00:00,266.5517480410207,266.7086737015541,263.82522829158455,266.2182922363281,1459000
2019-03-27 00:00:00+00:00,265.4434003158563,266.22802837961206,260.95152063154296,263.67803955078125,1051200
2019-03-28 00:00:00+00:00,264.9040545951976,266.30653830232757,262.991555045106,265.1001892089844,771700
2019-03-29 00:00:00+00:00,267.2578444903519,268.6701452189797,264.8647810296494,268.4543762207031,1193800
2019-04-01 00:00:00+00:00,269.8471030765648,271.33785182342245,268.9153664032121,270.87689208984375,1143700
2019-04-02 00:00:00+00:00,270.42578311480395,271.22019872201423,267.7678939296828,269.5234680175781,900900
2019-04-03 00:00:00+00:00,271.5437520940045,273.4954602039566,270.2785598857511,271.4358825683594,1184300
2019-04-04 00:00:00+00:00,271.6811056498311,271.6811056498311,267.52265113461885,269.7587890625,937500
2019-04-05 00:00:00+00:00,269.85689342718933,271.84784082458646,269.3174858294219,271.1711120605469,839800
2019-04-08 00:00:00+00:00,271.3771427851035,273.17192596330216,268.70946614223396,273.0640563964844,1062600
2019-04-09 00:00:00+00:00,271.6516688989958,274.23104971038856,270.1608904094119,272.45587158203125,1242800
2019-04-10 00:00:00+00:00,272.8383498312316,274.7213972603768,272.6520025429673,273.48565673828125,980800
2019-04-11 00:00:00+00:00,273.2109964756755,275.6236636655833,272.13215181986493,275.1136779785156,1027600
2019-04-12 00:00:00+00:00,277.183110524725,277.5362006109564,274.28987892469416,275.2510070800781,1635000
2019-04-15 00:00:00+00:00,274.9764302629707,275.74142396299516,269.7391610965724,272.2204895019531,1801000
2019-04-16 00:00:00+00:00,273.93676485797744,274.38790721653186,260.6376280739316,261.69683837890625,2443000
2019-04-17 00:00:00+00:00,263.77617297573784,264.40384561801807,248.34876300913783,252.55624389648438,5077300
2019-04-18 00:00:00+00:00,253.1838534302789,256.3419101274823,250.8398314683421,254.78250122070312,2960100
2019-04-22 00:00:00+00:00,254.9983480294907,258.6762088183776,252.88971382996377,254.10585021972656,1989800
2019-04-23 00:00:00+00:00,250.09453834591542,262.3148356429814,249.25108165719746,258.84295654296875,3099800
2019-04-24 00:00:00+00:00,259.8825423198861,261.4713732963563,254.6452724627968,256.5283203125,2770000
2019-04-25 00:00:00+00:00,255.97905421883036,265.25706060039784,255.6455985061441,264.36456298828125,2053700
2019-04-26 00:00:00+00:00,264.8059924451067,268.21905823382707,262.85428378225583,267.96405029296875,1550100
2019-04-29 00:00:00+00:00,268.68967460147644,269.9156276739232,266.46335459689124,267.2773742675781,940400
2019-04-30 00:00:00+00:00,268.0228164336129,272.5539350985327,265.4434058690847,272.11260986328125,1380700
2019-05-01 00:00:00+00:00,271.84784082458646,272.76976030224887,268.62115258327503,271.1711120605469,1491900
2019-05-02 00:00:00+00:00,270.17068672939865,272.70104118140006,268.34645264776924,272.4656677246094,1353800
2019-05-03 00:00:00+00:00,273.6327843148594,274.623364187093,272.397013775677,273.27972412109375,1254200
2019-05-06 00:00:00+00:00,267.53246031530574,274.2114522126035,265.49248697565025,273.59356689453125,1320300
2019-05-07 00:00:00+00:00,271.1809161023854,272.0538093671515,264.52152826312704,266.4732666015625,1480900
2019-05-08 00:00:00+00:00,266.95376523616767,268.65049525034095,264.89415786145116,265.30609130859375,1691100
2019-05-09 00:00:00+00:00,262.6188766618941,264.4921374332409,258.77430277147766,263.8252258300781,1550700
2019-05-10 00:00:00+00:00,263.07000233327346,264.1684518207426,255.78291237780627,264.001708984375,1548500
2019-05-13 00:00:00+00:00,257.86212470119153,258.401532177274,253.066181058002,256.0574951171875,1628800
2019-05-14 00:00:00+00:00,257.9602866672409,264.22737692414574,257.63664803012745,262.2462463378906,1845200
2019-05-15 00:00:00+00:00,257.4502685544467,260.7456176252992,254.0372027906273,257.9798889160156,1834200
2019-05-16 00:00:00+00:00,261.7950357112375,263.30541896930447,259.85314430994583,261.88330078125,1340000
2019-05-17 00:00:00+00:00,258.28396078095824,261.87355721313315,256.24395683181933,256.69512939453125,1320500
2019-05-20 00:00:00+00:00,257.13641875806974,260.049285868197,255.2435534794693,257.8523864746094,1525300
2019-05-21 00:00:00+00:00,260.8633472103705,262.84447764750587,260.01005827936336,260.2552490234375,1420800
2019-05-22 00:00:00+00:00,262.4814579865913,268.01294261342684,261.0789748733336,266.4339294433594,1740200
2019-05-23 00:00:00+00:00,263.7664224679864,266.12024785013125,260.2650911243948,265.806396484375,1567500
2019-05-24 00:00:00+00:00,267.16960045757935,271.33784239686264,266.4144238694442,266.5713195800781,991500
2019-05-28 00:00:00+00:00,268.5524305617229,269.5429804654001,260.90246408851687,261.25555419921875,1676800
2019-05-29 00:00:00+00:00,257.78364015355083,260.75534965693953,257.067672675124,259.6667175292969,1232700
2019-05-30 00:00:00+00:00,260.60832582916856,263.27600218444593,259.7452496656216,262.8248596191406,771400
2019-05-31 00:00:00+00:00,260.43178474516014,264.1096455622398,259.9119816135666,261.8440856933594,1266700
2019-06-03 00:00:00+00:00,263.1289560486728,266.2183540103671,259.62762439117836,260.1768493652344,1659900
2019-06-04 00:00:00+00:00,262.6973156970956,263.31520103523127,259.21558988188025,262.81500244140625,1575800
2019-06-05 00:00:00+00:00,266.5810704429396,270.43546014071677,264.8058925944316,269.5037536621094,2198200
2019-06-06 00:00:00+00:00,270.4649624876166,272.80900008411686,269.3370911873853,270.945556640625,1940600
2019-06-07 00:00:00+00:00,273.554264476346,277.0751979354249,272.19099036025904,276.2709655761719,1334500
2019-06-10 00:00:00+00:00,277.4284675136415,279.2919115129549,277.1048288434962,278.3013610839844,997600
2019-06-11 00:00:00+00:00,281.06697204060646,282.5283288716897,276.99681266756966,279.56640625,1214800
2019-06-12 00:00:00+00:00,279.3703073442417,280.2922268293499,277.2812776584224,279.7331848144531,882100
2019-06-13 00:00:00+00:00,279.5564705428304,281.06786020124497,278.2806112388097,280.9206237792969,1301500
2019-06-14 00:00:00+00:00,281.1267502603446,281.73522365899896,279.0755635513347,279.9588623046875,1381100
2019-06-17 00:00:00+00:00,280.5574809417364,281.8038988467993,279.5073582824872,280.6163635253906,681600
2019-06-18 00:00:00+00:00,282.58899797942905,284.6107130623882,280.6948718012936,283.8255920410156,1360500
2019-06-19 00:00:00+00:00,283.29565019762106,287.8788478286067,282.08849729212216,287.3390808105469,1534700
2019-06-20 00:00:00+00:00,290.98015826877867,291.88307459522844,285.0229830856034,287.8887023925781,1590300
2019-06-21 00:00:00+00:00,287.9377004439528,289.9397678382825,284.96398073823804,288.98779296875,1701600
2019-06-24 00:00:00+00:00,289.7140844305952,290.52864672710683,286.5735404997345,290.05755615234375,942100
2019-06-25 00:00:00+00:00,289.9889081018902,292.8350094700893,287.6531324433605,288.07513427734375,1191600
2019-06-26 00:00:00+00:00,287.89858985150175,288.60521106104295,284.50289651559046,286.7994079589844,1172300
2019-06-27 00:00:00+00:00,287.319489215632,288.90937907106263,285.3860976129342,288.3106994628906,850100
2019-06-28 00:00:00+00:00,287.12323033915857,288.6640615476205,283.3251529918921,288.222412109375,5248000
2019-07-01 00:00:00+00:00,293.5712127942212,294.1993039733025,289.5277803617815,293.84600830078125,1640100
2019-07-02 00:00:00+00:00,293.6201254125037,295.5927817862965,290.0281381119245,295.5142517089844,946400
2019-07-03 00:00:00+00:00,297.13372359237843,299.7737368573614,295.90695274249634,299.75408935546875,883000
2019-07-05 00:00:00+00:00,296.87852344047457,298.15435304863064,293.1491523162816,295.0628967285156,1046800
2019-07-08 00:00:00+00:00,293.73796638319135,294.0029680244476,289.3902981815591,292.2756652832031,1223200
2019-07-09 00:00:00+00:00,290.7250055929413,292.0597175879308,290.27353246188324,291.3825378417969,886500
2019-07-10 00:00:00+00:00,292.9921242829445,293.61042154173913,290.6759655000357,291.0096435546875,842900
2019-07-11 00:00:00+00:00,292.59945055632005,293.32568898577233,289.03690483269366,290.05755615234375,804700
2019-07-12 00:00:00+00:00,285.54317946330247,286.07312287728774,282.94240144268383,285.5333557128906,1640600
2019-07-15 00:00:00+00:00,285.40573993407475,286.1319785852863,282.8834922528998,283.4625244140625,1629000
2019-07-16 00:00:00+00:00,280.25335100298764,282.638186400532,279.7528189008632,280.8912658691406,1959800
2019-07-17 00:00:00+00:00,281.254326317203,283.0307177298342,279.25225822917974,281.6665344238281,1671500
2019-07-18 00:00:00+00:00,281.6763940008888,288.43833894590534,281.6763940008888,288.2715148925781,1543000
2019-07-19 00:00:00+00:00,290.0380852481632,290.1067916074283,284.29679138303226,284.4342041015625,1593100
2019-07-22 00:00:00+00:00,285.59217949561526,289.05657827567114,284.6009393228431,286.3086242675781,1106100
2019-07-23 00:00:00+00:00,286.97603797492087,288.9192536682521,285.58241319376157,288.1635437011719,1025100
2019-07-24 00:00:00+00:00,283.63919591431033,283.6686372116726,273.34411632996887,283.0012512207031,2538300
2019-07-25 00:00:00+00:00,283.9238444192705,286.41665126808414,282.77560363194584,285.18988037109375,1214300
2019-07-26 00:00:00+00:00,286.7208815347623,286.7208815347623,281.1758831965456,281.8726806640625,1274000
2019-07-29 00:00:00+00:00,283.1386646880731,283.815844479724,280.43976927076915,283.5508728027344,1060000
2019-07-30 00:00:00+00:00,280.63600881265484,281.21504084766605,278.16282051683515,278.6339111328125,1343300
2019-07-31 00:00:00+00:00,278.72236718292015,279.1934580222976,270.4588246678142,272.5198059082031,1903700
2019-08-01 00:00:00+00:00,274.2568764415341,278.95784031563704,270.64524064924285,272.6473388671875,1552000
2019-08-02 00:00:00+00:00,272.6669030818002,272.6669030818002,265.9638423009023,269.7128601074219,2096300
2019-08-05 00:00:00+00:00,263.6378927848497,266.69990716612915,261.5376473089622,263.4710388183594,2569400
2019-08-06 00:00:00+00:00,266.3564686168739,272.1664682713957,264.99231506913867,270.83172607421875,2287500
2019-08-07 00:00:00+00:00,267.29857636895673,271.22424226329036,264.1580616237622,269.6834411621094,1664300
2019-08-08 00:00:00+00:00,272.2842815153553,275.77812295461507,271.90151458414215,275.28741455078125,1348200
2019-08-09 00:00:00+00:00,273.5993179365488,275.738798931642,270.52747919336286,271.2341003417969,921900
2019-08-12 00:00:00+00:00,269.6245905730654,271.15559805754356,265.9442783602897,266.9453125,1183900
2019-08-13 00:00:00+00:00,267.01402946171555,272.8927054857538,265.24746155909764,270.0564270019531,1905600
2019-08-14 00:00:00+00:00,267.5734172819568,270.18395889698064,264.3641660585678,264.4721374511719,1856200
2019-08-15 00:00:00+00:00,269.55587537444524,270.8611462181912,265.72835678890294,268.23095703125,1603700
2019-08-16 00:00:00+00:00,271.4500753096056,272.1959616787674,269.1535635392788,271.01824951171875,1035100
2019-08-19 00:00:00+00:00,273.42261417535667,274.9928864005382,270.8905430990191,274.32550048828125,1089100
2019-08-20 00:00:00+00:00,272.83382632460695,274.2176273831142,270.8709930416961,271.0574645996094,1031000
2019-08-21 00:00:00+00:00,273.0987243652344,274.51196634373446,271.8523363489736,273.0987243652344,749600
2019-08-22 00:00:00+00:00,274.2372052923148,275.68971249387164,271.0378078699607,273.0006408691406,845700
2019-08-23 00:00:00+00:00,272.9319718633346,275.0125703350198,262.4896845029673,264.3543701171875,1758500
2019-08-26 00:00:00+00:00,265.4928158818972,267.29861888647395,263.89313193388585,265.8854064941406,1052000
2019-08-27 00:00:00+00:00,267.81873609968346,268.9768002649911,266.53305305969593,267.85797119140625,1002600
2019-08-28 00:00:00+00:00,266.96490899063133,272.8632318158419,265.9638749298856,270.9298400878906,1316600
2019-08-29 00:00:00+00:00,274.0017035569904,281.41138692322085,273.6385842062593,280.45941162109375,1858500
2019-08-30 00:00:00+00:00,283.2564714599009,284.78747905261434,279.3308048220799,281.7254638671875,2165900
2019-09-03 00:00:00+00:00,279.1442856986248,280.9304709026037,276.02338844142287,278.2610168457031,1590000
2019-09-04 00:00:00+00:00,279.77247342797256,283.8747881568738,278.2120244268009,280.5870361328125,1288300
2019-09-05 00:00:00+00:00,283.0405050013548,289.23324055384836,281.1463783953809,288.5560607910156,1470500
2019-09-06 00:00:00+00:00,290.3520456152614,291.4021683429977,288.0555348516245,289.56689453125,2337300
2019-09-09 00:00:00+00:00,290.7053686698408,291.16663561586313,285.67069730912726,286.5932312011719,1568400
2019-09-10 00:00:00+00:00,284.6206492578839,285.739448652881,279.73318361010985,284.1201171875,2428400
2019-09-11 00:00:00+00:00,284.1397536900923,289.6062519258351,280.930531846449,289.45904541015625,1293700
2019-09-12 00:00:00+00:00,290.4992916615325,292.2069468324241,288.9290192300277,289.4884338378906,1108200
2019-09-13 00:00:00+00:00,288.62481155595174,292.50141920359243,288.30095724801146,292.11865234375,1083000
2019-09-16 00:00:00+00:00,290.1054662472167,291.6079915636352,288.3967201927455,290.0268859863281,1062900
2019-09-17 00:00:00+00:00,289.46706396881524,290.6062376801028,286.15758317141274,287.453857421875,1514500
2019-09-18 00:00:00+00:00,287.4440549090231,289.83041267805436,285.79419956600776,289.6634521484375,1221700
2019-09-19 00:00:00+00:00,288.6814588916052,291.43119829257193,288.62253868733166,289.94830322265625,1003800
2019-09-20 00:00:00+00:00,291.95169438656916,293.70953051619733,290.2527484945159,291.0089111328125,1775000
2019-09-23 00:00:00+00:00,287.29679482502894,290.3018453375538,284.9202664960951,285.2345275878906,1032300
2019-09-24 00:00:00+00:00,287.2477157567382,288.4065198617907,279.27352755377075,280.0395202636719,1465200
2019-09-25 00:00:00+00:00,281.00192806993107,282.1803622319591,276.0033005201569,277.26031494140625,1952000
2019-09-26 00:00:00+00:00,278.7627671452382,282.9364507269517,276.58266002158695,281.6990966796875,1693700
2019-09-27 00:00:00+00:00,283.17218038096064,284.95950630917065,280.08855015517526,282.2392272949219,1144000
2019-09-30 00:00:00+00:00,281.75806965438363,288.21990190592385,281.64022924395823,286.0397644042969,1519400
2019-10-01 00:00:00+00:00,286.54058157441517,288.35736760168,281.9544263576708,282.2392272949219,1822000
2019-10-02 00:00:00+00:00,279.8921982049062,281.5813140467449,272.035851027905,274.5105895996094,1964800
2019-10-03 00:00:00+00:00,273.1553589608664,278.870858600221,269.3744859704513,277.82989501953125,1848800
2019-10-04 00:00:00+00:00,277.7709775220492,287.1887699905912,277.6923972682583,287.05126953125,1742000
2019-10-07 00:00:00+00:00,285.2737864603675,288.7600586194744,283.86947154782416,283.9676818847656,1915300
2019-10-08 00:00:00+00:00,277.04428451718496,279.6958140231415,265.47581298876116,267.0470886230469,3933200
2019-10-09 00:00:00+00:00,273.6954770081186,273.8034873846572,270.2386654455568,271.5447998046875,1733800
2019-10-10 00:00:00+00:00,271.3287454491584,277.4861460081547,271.30908540308167,275.6202697753906,1129400
2019-10-11 00:00:00+00:00,280.53059238201337,282.75002061912085,278.2522439235308,278.546875,1283600
2019-10-14 00:00:00+00:00,278.9887129615373,281.57149196395494,278.3994809127263,279.1458435058594,749100
2019-10-15 00:00:00+00:00,280.9332449219994,282.79912193463707,280.09850179356823,280.8841247558594,1183200
2019-10-16 00:00:00+00:00,278.8609745277673,279.8823078320402,274.30430973180603,275.52203369140625,2103500
2019-10-17 00:00:00+00:00,276.9363023714496,279.352121298523,276.0131789659773,276.5336608886719,1028100
2019-10-18 00:00:00+00:00,276.00328746623893,278.8414072970141,275.3551651910505,276.3666687011719,1186400
2019-10-21 00:00:00+00:00,279.4503125564438,279.4503125564438,276.5041818814999,278.4486389160156,1053200
2019-10-22 00:00:00+00:00,278.27183530202507,282.0330787376733,275.6596259321507,275.94439697265625,1047100
2019-10-23 00:00:00+00:00,293.19888009562254,294.6130250132531,284.83188097429735,291.59814453125,2094500
2019-10-24 00:00:00+00:00,290.01705320264983,290.9696364637035,285.4308975100509,288.1708068847656,1230900
2019-10-25 00:00:00+00:00,286.7369845187089,292.84529442561757,285.3621000621162,291.3525695800781,1061300
2019-10-28 00:00:00+00:00,291.26427004508037,296.9011899895294,291.26427004508037,294.51483154296875,1399600
2019-10-29 00:00:00+00:00,291.6667785832265,295.2610596530253,291.3427175714136,292.5997314453125,1225900
2019-10-30 00:00:00+00:00,292.9140132014124,297.0091465142227,290.3508948459548,296.4395446777344,1395400
2019-10-31 00:00:00+00:00,296.43962472742334,298.1484007287412,294.8978392706684,296.5574951171875,1505900
2019-11-01 00:00:00+00:00,299.5232618626277,299.79823283866887,297.6770153222419,298.1484069824219,990500
2019-11-04 00:00:00+00:00,300.15171647733035,300.50523766565533,295.2218401298646,295.369140625,1052000
2019-11-05 00:00:00+00:00,294.5148735230229,294.5148735230229,286.70764478200533,287.37542724609375,1876800
2019-11-06 00:00:00+00:00,288.00381285505415,289.91880917850244,285.4210642845441,289.2804870605469,1017000
2019-11-07 00:00:00+00:00,290.586620364541,290.62591048990214,286.53077654656045,288.2690124511719,1210200
2019-11-08 00:00:00+00:00,290.3214524863045,290.6848036957912,287.27711239962815,289.3590393066406,788800
2019-11-11 00:00:00+00:00,287.3851219361305,290.98920351535617,286.99228070028346,288.2591247558594,773100
2019-11-12 00:00:00+00:00,289.23135980871785,293.3657833636482,289.0251391229713,290.65533447265625,791000
2019-11-13 00:00:00+00:00,289.51619203121027,295.72271307618774,289.21176099614945,294.63262939453125,1286600
2019-11-14 00:00:00+00:00,294.76022357265174,295.7717267431959,290.48833019371375,295.4378356933594,860800
2019-11-15 00:00:00+00:00,297.49035705972864,301.43819013883416,297.0680856513371,301.3006896972656,1626900
2019-11-18 00:00:00+00:00,300.5052826569223,301.02576446404794,294.5050118232591,295.5852355957031,1233600
2019-11-19 00:00:00+00:00,296.80302093837247,301.50698777510183,296.1646686809384,300.91778564453125,1767500
2019-11-20 00:00:00+00:00,301.50697029418,305.09145287500235,299.1795321045988,301.8114013671875,2329700
2019-11-21 00:00:00+00:00,301.0454221002524,301.42843344959044,297.04852784325163,299.82769775390625,1058600
2019-11-22 00:00:00+00:00,300.61327369065134,302.5871904026487,298.4626263389928,302.24346923828125,841900
2019-11-25 00:00:00+00:00,303.41204834684515,305.160083984527,302.105944121944,305.0226135253906,1257600
2019-11-26 00:00:00+00:00,304.4432409523461,308.27320367657467,303.99147947415827,307.82147216796875,1709600
2019-11-27 00:00:00+00:00,308.02769775840966,310.35513552899755,306.662643218431,309.756103515625,864000
2019-11-29 00:00:00+00:00,309.1669034613229,310.1882069963633,307.4188674472286,308.3125305175781,667100
2019-12-02 00:00:00+00:00,309.9918332734855,310.17842392309154,303.65764115063985,307.41888427734375,955500
2019-12-03 00:00:00+00:00,303.59874335991594,307.5072872960755,303.1666418204575,307.2716064453125,922700
2019-12-04 00:00:00+00:00,306.57433686890136,310.4141306032522,306.28956582807496,309.97222900390625,985700
2019-12-05 00:00:00+00:00,310.1882441541109,311.05244722542693,306.14222974712146,310.32574462890625,844300
2019-12-06 00:00:00+00:00,312.91835991547197,315.8252003275552,312.2112873860907,314.37176513671875,1199400
2019-12-09 00:00:00+00:00,313.6744551556369,314.9805595626268,310.13909326925153,310.7479553222656,889900
2019-12-10 00:00:00+00:00,311.53355755454965,312.3682702518078,309.5105510742137,311.39605712890625,1301500
2019-12-11 00:00:00+00:00,311.16045298319887,313.3111303970401,310.39446034056954,312.36834716796875,1355600
2019-12-12 00:00:00+00:00,312.9576143434444,316.3849665263333,312.4175024080816,313.6253967285156,1187200
2019-12-13 00:00:00+00:00,313.5370402178653,315.64845787181974,311.7890038597463,314.7449645996094,735200
2019-12-16 00:00:00+00:00,317.05407150365664,318.5476520527047,315.2067300427464,315.8749084472656,915700
2019-12-17 00:00:00+00:00,317.0836492747672,317.1917237622826,314.1554124181097,314.2340393066406,1375900
2019-12-18 00:00:00+00:00,313.7622103259055,315.64886486709577,311.1680940675452,314.04718017578125,2424400
2019-12-19 00:00:00+00:00,314.1160320812564,318.4985351629918,313.57556984825413,317.6338195800781,1546600
2019-12-20 00:00:00+00:00,322.70412747208945,324.40408082197143,318.4296994446852,321.0434875488281,2275300
2019-12-23 00:00:00+00:00,321.23023463116823,323.03826267778624,319.9429971089165,322.3406066894531,1319000
2019-12-24 00:00:00+00:00,322.57639506635275,323.32320026716354,320.719247905599,320.837158203125,489200
2019-12-26 00:00:00+00:00,320.8765192129342,321.1123698523604,318.1055365891354,320.0511169433594,680700
2019-12-27 00:00:00+00:00,321.45630163954144,321.95742053557814,319.49104953190795,320.87652587890625,628800
2019-12-30 00:00:00+00:00,320.89614713936254,321.7215492963116,317.8598367089334,319.3927307128906,606600
2019-12-31 00:00:00+00:00,319.2158111184508,319.5892137299319,317.3291863273556,319.22564697265625,875800
2020-01-02 00:00:00+00:00,320.3360791704739,321.2597500186051,316.9656791540837,320.69964599609375,1173300
2020-01-03 00:00:00+00:00,315.8945581980901,319.6383601589497,315.7471403357671,317.2112731933594,819600
2020-01-06 00:00:00+00:00,314.2830921081059,319.6776991811997,313.1137647844955,319.49102783203125,1010000
2020-01-07 00:00:00+00:00,319.77586242471773,323.5196638030658,319.3336988686267,321.2989501953125,917700
2020-01-08 00:00:00+00:00,320.51289371734924,324.8462773300338,319.5695812943925,321.8099670410156,939100
2020-01-09 00:00:00+00:00,323.65740751040613,325.11167502689386,321.58405073134224,323.8833923339844,901900
2020-01-10 00:00:00+00:00,325.62253753871545,326.21211900738183,322.00648184568854,323.0185852050781,801400
2020-01-13 00:00:00+00:00,323.1758405069702,326.3202253348324,321.0336932952596,326.2514343261719,1379100
2020-01-14 00:00:00+00:00,324.7282872660368,329.26801279646344,322.3405142253351,327.0177917480469,1069800
2020-01-15 00:00:00+00:00,327.2144619993347,331.03689157998934,327.2144619993347,329.3762512207031,1350600
2020-01-16 00:00:00+00:00,331.3414643177756,332.33389608190305,329.0322874633676,330.8894348144531,842000
2020-01-17 00:00:00+00:00,331.5085494071381,333.4443239468352,329.44502868153006,333.29693603515625,1100300
2020-01-21 00:00:00+00:00,333.6997621536513,335.77308841192433,330.92874991439794,331.4004211425781,1340700
2020-01-22 00:00:00+00:00,331.91138717849947,336.31356216346256,331.66573069470974,334.1419372558594,922500
2020-01-23 00:00:00+00:00,333.62106380036533,333.98466049540104,327.08660895293156,329.5530090332031,1213800
2020-01-24 00:00:00+00:00,331.2627418316729,331.84248734481685,325.7600324018159,327.88250732421875,945800
2020-01-27 00:00:00+00:00,321.6723798537946,326.8410013563454,321.0336790567255,325.2098388671875,1236100
2020-01-28 00:00:00+00:00,326.45783663647495,328.6294316325682,323.50012287237723,327.4699401855469,1667000
2020-01-29 00:00:00+00:00,329.7988408260313,331.7739291110718,327.5977677038102,328.0890808105469,1434400
2020-01-30 00:00:00+00:00,316.40547621964413,319.35335332728056,311.49234770691675,314.3026428222656,3670000
2020-01-31 00:00:00+00:00,316.6314795855511,317.3684488360634,305.51798568681414,307.74853515625,2623700
2020-02-03 00:00:00+00:00,311.3056658122186,315.97313818999464,309.6351900189132,312.80908203125,2693900
2020-02-04 00:00:00+00:00,316.24842912498065,322.9303056263519,315.4328625308329,320.2968444824219,2019700
2020-02-05 00:00:00+00:00,324.5220810244763,327.8531676600249,323.42154467305767,326.71331787109375,1786600
2020-02-06 00:00:00+00:00,327.4601245788206,328.6392878100601,325.7012155882212,326.2318420410156,1636200
2020-02-07 00:00:00+00:00,324.26648775793325,324.6988454739324,319.18629958862175,320.5423278808594,1577300
2020-02-10 00:00:00+00:00,318.93095157408123,328.92424193928827,318.93095157408123,328.1381530761719,1781600
2020-02-11 00:00:00+00:00,330.71254174231467,332.29458489715,329.189483724723,331.9113464355469,1808400
2020-02-12 00:00:00+00:00,333.08065798004816,335.02626779731486,328.05942470910264,328.7571105957031,1948400
2020-02-13 00:00:00+00:00,327.70574535086394,331.54781630863357,325.74049350468187,329.7594299316406,1560100
2020-02-14 00:00:00+00:00,330.7126246967042,333.5032791115068,329.22884974861176,333.29693603515625,1467700
2020-02-18 00:00:00+00:00,332.25525855512126,332.4714374254126,328.6981580427126,331.5084533691406,1462400
2020-02-19 00:00:00+00:00,332.2159840674706,334.37777302377225,329.4842852885234,333.8373107910156,1189400
2020-02-20 00:00:00+00:00,334.0928625771816,335.41941376429986,327.4110173205851,330.2213134765625,1505700
2020-02-21 00:00:00+00:00,328.1086544662404,329.76929482146494,327.31272979744836,329.1207580566406,1540100
2020-02-24 00:00:00+00:00,318.62628331885224,320.5031023827362,314.95124206849414,317.5355529785156,2638300
2020-02-25 00:00:00+00:00,319.13720192261655,321.30879651556376,302.02968337137787,304.25042724609375,2378300
2020-02-26 00:00:00+00:00,303.37585821780306,313.10387693255853,302.9533363509614,303.78857421875,1944800
2020-02-27 00:00:00+00:00,298.71827193332894,306.2943091835976,291.8497265266074,291.9184875488281,2231900
2020-02-28 00:00:00+00:00,283.59563607127063,290.6607184288363,279.881311506729,285.7475891113281,3961600
2020-03-02 00:00:00+00:00,285.9735605330068,299.6615295410156,283.84124953779474,299.6615295410156,2741000
2020-03-03 00:00:00+00:00,310.14613824444166,319.34349992077995,302.10826763640705,304.9676818847656,3895900
2020-03-04 00:00:00+00:00,313.0056298305177,322.1931870316326,309.36006653207704,320.96490478515625,3043500
2020-03-05 00:00:00+00:00,313.13346547080016,318.0662375869092,304.7123527853692,307.4538879394531,2192400
2020-03-06 00:00:00+00:00,299.75993254287573,307.28685249111004,297.4704267954236,305.7637939453125,1922800
2020-03-09 00:00:00+00:00,288.77413598109445,293.2450723218061,283.0257678377753,290.2185974121094,2520100
2020-03-10 00:00:00+00:00,300.4478285462942,302.6194242833988,287.98810421124557,302.3541259765625,2707500
2020-03-11 00:00:00+00:00,294.2080001729806,295.013760541822,280.3038508265124,284.3522644042969,2566400
2020-03-12 00:00:00+00:00,269.5048096733509,290.6411035449626,263.8841880156161,279.3802185058594,4519200
2020-03-13 00:00:00+00:00,292.705036409509,296.1468897555217,267.68767711650156,295.1340026855469,4534400
2020-03-16 00:00:00+00:00,267.0190145265893,288.6141800836495,260.8335031997394,274.7091064453125,3766500
2020-03-17 00:00:00+00:00,293.0296288886404,308.94082116463045,281.8189946171776,291.3873596191406,5253500
2020-03-18 00:00:00+00:00,279.63584640906424,297.9661901346377,275.6039846764345,297.946533203125,4570700
2020-03-19 00:00:00+00:00,293.0689250439671,294.9963847908453,273.11602836304496,276.1743469238281,3511100
2020-03-20 00:00:00+00:00,272.85053663132084,280.70781882336894,263.6952064643412,273.74542236328125,3715600
2020-03-23 00:00:00+00:00,267.7172472309567,270.4314047511195,246.05324944879322,251.05868530273438,3477200
2020-03-24 00:00:00+00:00,259.1716038887117,279.28187787363584,256.95898337738885,277.3446044921875,2691600
2020-03-25 00:00:00+00:00,273.3913900419427,281.0027947207554,265.6422967979059,267.1665344238281,3075700
2020-03-26 00:00:00+00:00,270.19541333592053,280.37344446150007,265.80948584444496,278.4460144042969,2856100
2020-03-27 00:00:00+00:00,269.08418280102745,278.46570294654117,267.57960192953277,269.7823791503906,2314600
2020-03-30 00:00:00+00:00,273.6666882304421,281.42559354857707,271.84741686600324,280.2258605957031,1990000
2020-03-31 00:00:00+00:00,279.09508320493893,281.5732078287943,275.6532284442883,278.8885803222656,3275100
2020-04-01 00:00:00+00:00,271.916286028758,278.2886131068804,265.90777724413306,270.6280517578125,1927400
2020-04-02 00:00:00+00:00,267.52054905709116,283.2055502517168,267.510705585867,282.7728576660156,1666600
2020-04-03 00:00:00+00:00,278.2493331527406,282.72373150802434,274.15844007991063,277.5216064453125,1320400
2020-04-06 00:00:00+00:00,289.71553899807316,301.63421091700496,287.30625960841394,298.9495544433594,2437800
2020-04-07 00:00:00+00:00,306.95435762423034,312.26464012529647,291.15132519092316,291.65283203125,2126500
2020-04-08 00:00:00+00:00,292.70506687096025,303.94517047957197,285.69351438042094,302.0472412109375,1997900
2020-04-09 00:00:00+00:00,302.4405909895626,312.91368416364065,299.9821240492781,312.1072998046875,2445300
2020-04-13 00:00:00+00:00,309.15712651951947,311.6155933567692,304.04350349380746,310.0815124511719,1547900
2020-04-14 00:00:00+00:00,316.2080957534765,321.9707595053382,314.5166688172629,320.9480285644531,1513100
2020-04-15 00:00:00+00:00,317.2602374807066,321.71497838411835,315.3918086048349,320.4169006347656,1652300
2020-04-16 00:00:00+00:00,323.0425137133751,325.24529020045554,318.80411966337016,323.3768615722656,1830000
2020-04-17 00:00:00+00:00,328.667536161772,328.76588084348936,321.67564043666124,326.0713806152344,2057200
2020-04-20 00:00:00+00:00,323.848911328037,326.23853377758377,320.1415243071241,321.72479248046875,1717900
2020-04-21 00:00:00+00:00,319.4138690836928,319.4138690836928,311.1042384899935,314.3100891113281,2183500
2020-04-22 00:00:00+00:00,318.1747851082958,331.9323867598265,316.0900099072737,330.0147705078125,2321700
2020-04-23 00:00:00+00:00,329.8279480452729,331.7062205559961,314.55595125417585,315.1853332519531,2668100
2020-04-24 00:00:00+00:00,317.2503458007448,324.4684300629123,314.9197242929993,323.23919677734375,1987900
2020-04-27 00:00:00+00:00,324.9995799671874,337.7344544027804,324.58657420777735,337.0165710449219,1878500
2020-04-28 00:00:00+00:00,337.0164822920941,341.1270619298342,322.64921552926313,326.936767578125,2361400
2020-04-29 00:00:00+00:00,327.9299446926191,331.7749900639262,323.2195142747003,330.0442199707031,1936600
2020-04-30 00:00:00+00:00,326.258274483575,332.1880965350517,325.894426117242,329.11993408203125,2215000
2020-05-01 00:00:00+00:00,324.8913788172358,328.88392735319826,321.1249900684546,324.3308410644531,1603100
2020-05-04 00:00:00+00:00,323.69154953908856,325.4026326867418,319.92516190760296,321.2920837402344,1189000
2020-05-05 00:00:00+00:00,326.42542689661076,334.33186541630016,323.4752664052952,330.732666015625,1139900
2020-05-06 00:00:00+00:00,331.9225270236704,333.35826326920443,329.52306096369193,329.5820617675781,1215600
2020-05-07 00:00:00+00:00,333.66315417392127,336.63300173866264,329.6902928126077,333.4468078613281,1795100
2020-05-08 00:00:00+00:00,338.14741584831074,338.14741584831074,324.8716922735396,327.4776916503906,1616000
2020-05-11 00:00:00+00:00,325.83540756971024,335.67911991294665,325.5994043201943,334.7350769042969,1313900
2020-05-12 00:00:00+00:00,334.725178044515,335.9347245087245,326.20904541015625,326.20904541015625,1510000
2020-05-13 00:00:00+00:00,329.61156079847905,334.5481814473574,325.3240090108128,328.5396728515625,1791200
2020-05-14 00:00:00+00:00,325.088036595569,332.1880913974132,322.9246033660315,331.68658447265625,1147600
2020-05-15 00:00:00+00:00,331.89308271222694,337.4984001133793,329.798463788527,337.2230529785156,1614500
2020-05-18 00:00:00+00:00,342.218636805288,346.01449578546067,340.96974626213716,341.20574951171875,1396000
2020-05-19 00:00:00+00:00,340.2518030504224,341.4810364429456,335.7380616343469,337.0852966308594,1201200
2020-05-20 00:00:00+00:00,339.30781117218703,340.11416559075576,335.1480739432841,335.482421875,1352300
2020-05-21 00:00:00+00:00,334.6170476152411,336.288817339264,329.18876276420997,330.1721496582031,1175900
2020-05-22 00:00:00+00:00,331.814332764748,335.14799786373624,329.94587414314964,334.6071472167969,1098200
2020-05-26 00:00:00+00:00,340.49764472243294,341.45153102142876,326.4942277240932,327.044921875,1647700
2020-05-27 00:00:00+00:00,330.9195031192496,331.84388911614076,318.96151597766016,331.74554443359375,1744400
2020-05-28 00:00:00+00:00,335.2759360710128,340.13386981558773,334.0467024314055,337.0460205078125,1290400
2020-05-29 00:00:00+00:00,339.3569930710646,343.9395797796204,334.902251465479,343.3888854980469,1548800
2020-06-01 00:00:00+00:00,342.21865885316,345.3065082835265,341.8253100749866,343.52655029296875,845700
2020-06-02 00:00:00+00:00,343.51660684920085,344.97199977880257,340.9204518765436,344.2738037109375,1166500
2020-06-03 00:00:00+00:00,345.5817949832742,346.732340708453,339.6519739080016,341.42205810546875,1209700
2020-06-04 00:00:00+00:00,338.2063520007063,343.97882687083506,338.2063520007063,342.3660583496094,1763500
2020-06-05 00:00:00+00:00,342.3661946999756,350.49882479230985,339.82906932123365,348.3157043457031,1712100
2020-06-08 00:00:00+00:00,344.54923274731283,347.9222423121703,342.28745508244594,344.0673828125,1314800
2020-06-09 00:00:00+00:00,344.26407365434875,346.3488790967341,341.05825275910144,341.87445068359375,1672300
2020-06-10 00:00:00+00:00,343.5756465817119,348.7187397640571,342.0710661463133,346.9388122558594,1140600
2020-06-11 00:00:00+00:00,346.1127030480972,346.7223978744871,330.09335862111095,330.8505554199219,1647700
2020-06-12 00:00:00+00:00,337.05004011043223,339.82501270247474,325.2908963029497,334.3341369628906,1523100
2020-06-15 00:00:00+00:00,328.51856500368035,337.3354692464642,328.51856500368035,335.37725830078125,1632100
2020-06-16 00:00:00+00:00,341.34039062077926,343.04274359776605,336.0069338791094,341.6749572753906,1549100
2020-06-17 00:00:00+00:00,344.41056849401406,347.34298928807027,341.7044854558468,344.2629699707031,1302600
2020-06-18 00:00:00+00:00,343.18058737641763,346.46724516873985,341.4585342497976,341.8915100097656,1129900
2020-06-19 00:00:00+00:00,348.8190990592212,349.3307840446877,342.6000198655944,347.0970458984375,2328500
2020-06-22 00:00:00+00:00,346.92973894776486,347.9236192142427,343.0231372440592,346.5361328125,1138100
2020-06-23 00:00:00+00:00,349.33070099770123,352.2827914286677,347.3921604134912,351.12164306640625,1680600
2020-06-24 00:00:00+00:00,349.8031258245979,350.02943358976347,340.72051472234625,342.4031982421875,1892700
2020-06-25 00:00:00+00:00,342.2260957536962,346.5558235638614,337.70939976268573,346.1425476074219,1294900
2020-06-26 00:00:00+00:00,346.87069399552865,350.01960308786084,342.6984149738778,345.345458984375,1656400
2020-06-29 00:00:00+00:00,347.7957000779493,347.7957000779493,343.4659724098985,345.1978454589844,957300
2020-06-30 00:00:00+00:00,344.863243307994,358.157501992279,344.0071417697565,356.55352783203125,1710300
2020-07-01 00:00:00+00:00,357.9508062162861,357.9508062162861,351.2987529925287,354.0245056152344,1600200
2020-07-02 00:00:00+00:00,356.2682022705262,363.9141378687571,356.21901276151664,360.0469055175781,1127800
2020-07-06 00:00:00+00:00,364.3470691806206,380.3966010017274,364.1010616051527,376.1652526855469,1859200
2020-07-07 00:00:00+00:00,375.04344163067947,379.57980651921304,373.61658580310245,374.177490234375,1368300
2020-07-08 00:00:00+00:00,378.3990077842655,388.691955982323,376.4210973352925,380.45562744140625,1456800
2020-07-09 00:00:00+00:00,379.4125951681651,385.129809188324,377.4248346108522,381.47906494140625,920200
2020-07-10 00:00:00+00:00,382.5615426253105,385.3266660431862,375.6438091230795,376.4605712890625,983600
2020-07-13 00:00:00+00:00,378.51701266829616,384.17518560575223,372.425864094948,372.8785095214844,1052800
2020-07-14 00:00:00+00:00,372.8786220221219,382.1383514353928,369.14916853032815,381.27239990234375,869200
2020-07-15 00:00:00+00:00,386.4287109375,387.94409597819305,381.6561579750303,386.4287109375,1137200
2020-07-16 00:00:00+00:00,386.65503329374434,387.22578770640007,381.73488160640824,386.1531982421875,1002600
2020-07-17 00:00:00+00:00,387.53087743291064,392.13613271272175,384.4705271302758,389.08563232421875,1206700
2020-07-20 00:00:00+00:00,391.5455972990669,398.73885541477057,390.8469442892151,396.5346374511719,1511200
2020-07-21 00:00:00+00:00,398.95530621590257,403.1472839462891,395.6686493680735,396.6526794433594,1486900
2020-07-22 00:00:00+00:00,403.29496579558526,414.266897396415,400.0083082685428,404.2002868652344,2283900
2020-07-23 00:00:00+00:00,411.46244998006347,413.23369253347425,402.57662741412736,403.9247741699219,1522300
2020-07-24 00:00:00+00:00,396.9283178232896,400.7857300119758,392.78555845461347,399.8902587890625,1323400
2020-07-27 00:00:00+00:00,397.9417917822293,409.8682325490906,397.89260228618224,406.8374328613281,1312700
2020-07-28 00:00:00+00:00,405.046531749585,408.293849633199,400.12638043824904,400.85455322265625,1107000
2020-07-29 00:00:00+00:00,403.94446171515256,407.3885679660735,401.6812039052081,402.7242736816406,1099300
2020-07-30 00:00:00+00:00,398.8372897831766,406.10928759126097,397.98118828863227,404.0034484863281,1142800
2020-07-31 00:00:00+00:00,402.4880934117141,407.7526619271493,401.07108726845087,407.3393859863281,1217900
2020-08-03 00:00:00+00:00,411.5706654811301,416.9336425305698,410.53744569703156,412.3972473144531,1049400
2020-08-04 00:00:00+00:00,412.2398756254188,412.2398756254188,406.17824435547675,409.0811462402344,911300
2020-08-05 00:00:00+00:00,410.2520342145236,413.60758079956827,409.21878448657156,413.19427490234375,906100
2020-08-06 00:00:00+00:00,412.31849916687094,413.4993173757242,402.47819727533613,409.09088134765625,1229900
2020-08-07 00:00:00+00:00,407.38854005354,410.20285226838917,404.95798403606966,407.7132568359375,1006700
2020-08-10 00:00:00+00:00,407.4967340579607,408.5791732902479,401.7500012604394,403.6098327636719,1206100
2020-08-11 00:00:00+00:00,402.8325006865899,403.60989307369823,394.81265931799766,400.73651123046875,1337700
2020-08-12 00:00:00+00:00,402.3700358702862,411.3640883937444,400.7365417567185,409.5239562988281,1060500
2020-08-13 00:00:00+00:00,405.44020634007074,410.98030245736703,405.44020634007074,409.94708251953125,1080500
2020-08-14 00:00:00+00:00,408.08715441862773,409.8190571742928,404.1805533369639,407.15234375,898100
2020-08-17 00:00:00+00:00,409.3565561761415,413.03681945132456,407.9789199258231,410.1437683105469,1225800
2020-08-18 00:00:00+00:00,411.0393203159581,413.20419915717247,409.6813535910349,410.6358642578125,1037300
2020-08-19 00:00:00+00:00,412.57435466190014,416.638404424406,409.17946829650595,413.9028015136719,1230100
2020-08-20 00:00:00+00:00,413.125461008236,416.33340965504703,411.8954230338728,415.3690490722656,928700
2020-08-21 00:00:00+00:00,416.13657586174133,423.0543074680571,414.296414028949,421.7258605957031,1301300
2020-08-24 00:00:00+00:00,422.6901524088495,425.4749746391373,409.79938105666656,413.0565185546875,1201100
2020-08-25 00:00:00+00:00,413.45015334130846,416.6876212714689,411.629691373215,415.546142578125,963600
2020-08-26 00:00:00+00:00,414.6998993056416,420.81074934361607,413.9323568410459,418.8525085449219,945900
2020-08-27 00:00:00+00:00,402.76356899236873,417.0517074303382,396.2394736654458,413.8142395019531,2092000
2020-08-28 00:00:00+00:00,413.2927357338702,417.9472099733721,408.53988248622846,417.7012023925781,1325000
2020-08-31 00:00:00+00:00,418.6951078297878,426.52801185729015,418.13423329455975,422.12939453125,1557600
2020-09-01 00:00:00+00:00,425.2486821279283,428.79119716389806,423.67422766413944,426.803466796875,1489700
2020-09-02 00:00:00+00:00,427.5612119061316,434.9020703349983,423.2511539179841,434.0164489746094,1221600
2020-09-03 00:00:00+00:00,431.11344533282795,431.92035728316483,407.87065741612713,412.96795654296875,1882700
2020-09-04 00:00:00+00:00,412.92862531848607,413.26319200529315,394.6650259842944,403.4327392578125,2189300
2020-09-08 00:00:00+00:00,401.47446670325246,402.28137866448554,394.8322629357282,398.8274230957031,1515200
2020-09-09 00:00:00+00:00,404.0231719953939,415.72330739029803,403.3442186747996,411.63958740234375,1665900
2020-09-10 00:00:00+00:00,416.95330976595784,422.4835551124816,411.2360962645683,413.02703857421875,1540600
2020-09-11 00:00:00+00:00,418.80330866866825,427.06915732043876,418.2030345599448,424.2449951171875,1743200
2020-09-14 00:00:00+00:00,428.7049208459276,433.0467136538799,426.32233849436113,427.3856506347656,1052300
2020-09-15 00:00:00+00:00,428.90180373106114,430.70348520029387,426.4502970835317,428.3701477050781,1292600
2020-09-16 00:00:00+00:00,432.00309584869575,433.9524512933569,425.92851609459365,427.1690368652344,1842700
2020-09-17 00:00:00+00:00,424.49109167736674,431.47142440743676,422.39403237153243,426.23370361328125,1304300
2020-09-18 00:00:00+00:00,420.1394284067496,427.12961581425543,419.48963329101014,422.4136962890625,1737800
2020-09-21 00:00:00+00:00,418.1802648918888,419.63738410626337,409.0438026253255,418.8891296386719,1283200
2020-09-22 00:00:00+00:00,417.34330341037014,424.63869253788886,415.5908368349646,423.5852355957031,1168600
2020-09-23 00:00:00+00:00,424.1070729366407,425.0817805856549,413.7005867867194,414.2519226074219,966500
2020-09-24 00:00:00+00:00,413.00167220431985,414.5966106007938,409.1521451873011,411.6725769042969,904700
2020-09-25 00:00:00+00:00,409.33918877306604,418.21969380037257,406.41512517429186,415.75836181640625,1112900
2020-09-28 00:00:00+00:00,419.9129596197184,424.4516399518445,417.4811631809438,421.7638854980469,1110700
2020-09-29 00:00:00+00:00,424.1070986031797,429.551562696272,423.34901931522273,427.62188720703125,911900
2020-09-30 00:00:00+00:00,429.8469729860241,437.9201229138245,428.34063919133985,434.69085693359375,1516300
2020-10-01 00:00:00+00:00,439.0720184157692,445.68807889439853,429.3645110555766,431.4222106933594,1452300
2020-10-02 00:00:00+00:00,427.49392125259567,434.96652059538025,426.31250007862275,428.3307800292969,949000
2020-10-05 00:00:00+00:00,433.1943046767051,444.7625616765944,433.1943046767051,443.69927978515625,1149100
2020-10-06 00:00:00+00:00,444.8708554697329,445.0087044460706,438.38278968958014,438.99322509765625,1198100
2020-10-07 00:00:00+00:00,440.96232723555073,448.8976577066712,440.96232723555073,445.3631591796875,1012900
2020-10-08 00:00:00+00:00,447.7260026601417,447.7260026601417,440.25340470167066,446.5248718261719,832400
2020-10-09 00:00:00+00:00,450.31536788068684,458.20145335759287,448.2478434687619,457.5122985839844,1066000
2020-10-12 00:00:00+00:00,458.57563549985485,464.02995501941405,455.3562244174725,459.5010986328125,927200
2020-10-13 00:00:00+00:00,459.66840723628655,463.5868274755358,458.80201380281983,460.2984924316406,916400
2020-10-14 00:00:00+00:00,459.78662109375,465.13262638861346,457.11851587150267,459.78662109375,851900
2020-10-15 00:00:00+00:00,454.8245452669953,458.7922106075518,451.2802217510455,457.3744812011719,936600
2020-10-16 00:00:00+00:00,460.9582109659479,466.5109596354368,460.26902607446016,461.3421630859375,1070300
2020-10-19 00:00:00+00:00,461.6177107824389,463.97075768720504,451.6936372126554,454.15496826171875,1248800
2020-10-20 00:00:00+00:00,454.1353843109946,463.10449276450123,454.03695507817474,458.0636901855469,1081900
2020-10-21 00:00:00+00:00,467.6530882022832,471.58136452860407,455.26767858109736,461.5096130371094,2212800
2020-10-22 00:00:00+00:00,464.3941476005585,477.4982730617643,462.8385693906441,474.5348205566406,1454600
2020-10-23 00:00:00+00:00,473.56025198848545,476.2283273239396,466.1664014332976,472.74310302734375,1164400
2020-10-26 00:00:00+00:00,467.72196279100734,475.15517274981977,467.65303829022105,474.9681091308594,1310900
2020-10-27 00:00:00+00:00,477.498363414531,483.1200367648625,476.60243504471975,481.7318420410156,1332000
2020-10-28 00:00:00+00:00,474.8894190160875,478.7094112235365,468.3718164550629,469.3366394042969,1673300
2020-10-29 00:00:00+00:00,472.23113816917646,472.5461958672089,463.8232198819654,464.5813293457031,1330100
2020-10-30 00:00:00+00:00,461.80492351227645,468.1157819659949,458.29998936993377,465.8021240234375,1251900
2020-11-02 00:00:00+00:00,471.3942552366416,481.7515587003852,470.1635893342427,473.1171875,1656000
2020-11-03 00:00:00+00:00,483.425210143285,493.9695764391883,481.328180840707,483.8977966308594,1714300
2020-11-04 00:00:00+00:00,492.26632599644097,509.98791373231285,491.4983917297086,503.066650390625,2300100
2020-11-05 00:00:00+00:00,516.8796393523795,521.6743085329884,503.8345817877718,506.79803466796875,1526100
2020-11-06 00:00:00+00:00,510.5589608823196,524.3325631065234,506.5519057668956,519.4984741210938,1367000
2020-11-09 00:00:00+00:00,513.7095234622085,514.9106245648795,476.8190503363495,477.488525390625,4192000
2020-11-10 00:00:00+00:00,472.93995680851566,476.49413539290646,454.8540963559371,461.3421630859375,3377200
2020-11-11 00:00:00+00:00,464.7585314436285,480.9934670121663,461.8147881111161,476.51385498046875,1917800
2020-11-12 00:00:00+00:00,477.49831123439014,490.32676981686524,475.4307867642651,479.0341796875,1463800
2020-11-13 00:00:00+00:00,485.364744070234,486.7135490005634,478.56161981736705,481.0328063964844,1160800
2020-11-16 00:00:00+00:00,488.06232292191305,488.06232292191305,472.70360941306353,473.55029296875,1737500
2020-11-17 00:00:00+00:00,471.6895237115984,476.4448024358344,469.74999349730746,471.591064453125,1546600
2020-11-18 00:00:00+00:00,472.487129550784,473.9934635007534,444.7528279477517,447.15509033203125,3527800
2020-11-19 00:00:00+00:00,451.83160961114226,452.5995439574891,443.0889539477751,446.091796875,2093500
2020-11-20 00:00:00+00:00,445.7767370372153,450.20713440917444,442.793604008585,444.06365966796875,1868600
2020-11-23 00:00:00+00:00,447.47015858699706,448.8682083861257,434.92722030190885,439.13116455078125,2251300
2020-11-24 00:00:00+00:00,437.42787542887277,438.62900654896066,429.0298125300339,432.7611999511719,2832500
2020-11-25 00:00:00+00:00,431.69791014820424,442.7345133289302,431.4025323101634,441.5137023925781,2650200
2020-11-27 00:00:00+00:00,446.4658949191975,447.5685667243178,435.1634488256083,446.3871154785156,899700
2020-11-30 00:00:00+00:00,450.0003376543784,459.37307750160164,447.96234789368793,457.7879943847656,2557000
2020-12-01 00:00:00+00:00,462.7304234208643,468.4308768370391,458.1031071684328,463.81341552734375,3041900
2020-12-02 00:00:00+00:00,469.10020619194825,474.7415882900493,462.3364726562507,471.4827880859375,2003400
2020-12-03 00:00:00+00:00,472.5756796907825,474.00326407473614,464.3646808616215,469.8190002441406,1488100
2020-12-04 00:00:00+00:00,469.09037541739195,471.3154286189554,461.98204912793693,467.2788391113281,1650000
2020-12-07 00:00:00+00:00,466.5109104749927,470.70502884776283,463.7148415749959,465.57562255859375,1263500
2020-12-08 00:00:00+00:00,465.5757276055726,472.13268957674865,465.5757276055726,466.64886474609375,1433700
2020-12-09 00:00:00+00:00,470.11434451169094,470.11434451169094,451.77249627350665,454.2436828613281,2417100
2020-12-10 00:00:00+00:00,455.8877840134926,465.6838948774427,454.85403685703704,461.4897766113281,1564300
2020-12-11 00:00:00+00:00,460.76138762236747,464.60105984344204,457.8471787117005,464.0989685058594,1192500
2020-12-14 00:00:00+00:00,464.3352115314629,470.2747137417855,459.0458078291829,460.11944580078125,1745400
2020-12-15 00:00:00+00:00,462.7395388925634,466.3741628675122,458.25780591255295,463.91168212890625,1129100
2020-12-16 00:00:00+00:00,459.3412885278431,461.4393268585137,450.71274668099886,450.91961669921875,2058300
2020-12-17 00:00:00+00:00,451.4811350445192,458.01163994351685,451.2742950420796,457.96240234375,1765800
2020-12-18 00:00:00+00:00,455.79542713189716,462.10923276518247,448.5754452174646,459.6763000488281,3379600
2020-12-21 00:00:00+00:00,455.37183568988377,459.2822567344417,447.18655122098005,455.93328857421875,1282200
2020-12-22 00:00:00+00:00,455.42104014918885,458.4055957720464,452.6039765085504,458.21844482421875,1043900
2020-12-23 00:00:00+00:00,460.8089320037406,462.3356880962747,451.46136474609375,451.46136474609375,1241000
2020-12-24 00:00:00+00:00,450.5355932039215,455.27340503664504,449.5604601836723,451.2152404785156,442100
2020-12-28 00:00:00+00:00,455.1453286421192,456.5440312412877,450.48633327880594,453.81561279296875,736500
2020-12-29 00:00:00+00:00,459.0064341020463,459.331468350624,453.83522427578936,455.9135437011719,803200
2020-12-30 00:00:00+00:00,458.33668685984327,459.59747597368596,454.55431951831525,454.8005676269531,714800
2020-12-31 00:00:00+00:00,454.64286404172697,459.2329313722894,452.633471505783,458.7896728515625,967200
2021-01-04 00:00:00+00:00,462.01065713333713,469.23066800768356,455.2339349069943,464.7391052246094,2220400
2021-01-05 00:00:00+00:00,464.91644008350875,475.65285186165596,463.9314476257047,470.55059814453125,2046700
2021-01-06 00:00:00+00:00,464.2269431537987,482.60690641215746,463.1730240469507,477.9281921386719,2112300
2021-01-07 00:00:00+00:00,482.5575943006208,497.90376152184336,480.6762553497866,492.8211975097656,2144400
2021-01-08 00:00:00+00:00,502.22784684916223,511.2109712453281,495.5003330338998,504.61151123046875,2221700
2021-01-11 00:00:00+00:00,501.3512909089733,510.86635151749533,501.3217423382455,505.6458435058594,1669600
2021-01-12 00:00:00+00:00,504.58206461098104,507.96058125251693,488.4971222482291,491.2846374511719,2039000
2021-01-13 00:00:00+00:00,492.49615253205394,497.42111405737444,492.2695934804405,494.18048095703125,1410200
2021-01-14 00:00:00+00:00,494.4662142082045,499.70638130216145,488.6153565994602,489.4526062011719,1426700
2021-01-15 00:00:00+00:00,489.8662474243663,503.83346222675,489.5412131649798,495.5890808105469,1892600
2021-01-19 00:00:00+00:00,502.34611713774495,506.2565080551282,495.5496756825037,499.76544189453125,1758700
2021-01-20 00:00:00+00:00,502.01123480891084,511.9596641523382,501.76498670664574,508.0985107421875,1257100
2021-01-21 00:00:00+00:00,508.05903030694947,512.1960101047042,504.3259310300457,504.670654296875,1514200
2021-01-22 00:00:00+00:00,504.03046273299566,509.3494157881449,502.35599365503964,506.8770751953125,1936600
2021-01-25 00:00:00+00:00,510.74812393112984,514.1660186075873,507.881762459517,511.0436096191406,1509700
2021-01-26 00:00:00+00:00,508.46288836990203,510.3835752276329,499.5880982754288,500.2086181640625,1006300
2021-01-27 00:00:00+00:00,492.712954275789,493.48124723077086,471.98870346043145,475.23919677734375,2504600
2021-01-28 00:00:00+00:00,483.95625726740957,495.7860245007637,482.31133694708046,489.02899169921875,1619700
2021-01-29 00:00:00+00:00,486.62567394714864,505.9709098565633,483.2668461163347,502.0506591796875,2586400
2021-02-01 00:00:00+00:00,509.08344250318356,518.6871173474194,504.31605335884603,507.73394775390625,2083100
2021-02-02 00:00:00+00:00,512.1862194600935,517.8400665592603,510.23595362817474,510.7481689453125,1502000
2021-02-03 00:00:00+00:00,511.01400420889365,511.77246753434025,491.8066539457129,492.7128601074219,1704900
2021-02-04 00:00:00+00:00,492.7128802996331,495.5003954566192,480.3413786432636,481.6218566894531,2921900
2021-02-05 00:00:00+00:00,484.15321436438234,486.95058860234866,479.7502980325393,485.1677551269531,1678600
2021-02-08 00:00:00+00:00,489.5413581011438,494.6140643512395,485.8377760344685,488.3199768066406,1418800
2021-02-09 00:00:00+00:00,487.8569122439608,492.4863586593164,480.9717946729695,481.956787109375,1452500
2021-02-10 00:00:00+00:00,486.8225711025968,486.8225711025968,476.5491089155381,477.6030578613281,1677800
2021-02-11 00:00:00+00:00,480.84379796254825,487.0984762379963,476.83487130650235,486.6355285644531,1027100
2021-02-12 00:00:00+00:00,486.74379048035394,503.6068535663799,486.33008049501916,500.2086181640625,1762800
2021-02-16 00:00:00+00:00,502.3460883119223,505.9018961947081,490.84138511154856,492.574951171875,1467300
2021-02-17 00:00:00+00:00,490.1125109502678,497.972761216487,486.6748970527622,490.97930908203125,1006500
2021-02-18 00:00:00+00:00,490.3784319191928,492.0529008253798,481.0012858062252,481.4642333984375,1465800
2021-02-19 00:00:00+00:00,481.7992441525675,482.5478180093676,470.88551045829774,471.6734924316406,1918000
2021-02-22 00:00:00+00:00,467.6448233821631,469.1026229320945,454.83009290541577,456.3272705078125,2127200
2021-02-23 00:00:00+00:00,453.9632576889844,454.46561338288177,446.250751118495,451.92431640625,2055400
2021-02-24 00:00:00+00:00,463.7640292655627,466.2560592156211,447.77761941115637,449.80670166015625,2426700
2021-02-25 00:00:00+00:00,450.8803010409315,451.1265491572837,441.808528851199,444.6945495605469,2147900
2021-02-26 00:00:00+00:00,447.89569604449326,449.0678392762787,442.0940770182967,443.3253173828125,2153100
2021-03-01 00:00:00+00:00,447.37368178107,453.6874864071812,447.1274336914069,452.6630859375,1309000
2021-03-02 00:00:00+00:00,453.0965156163942,460.2968078402272,451.20531693369173,455.1748352050781,1718700
2021-03-03 00:00:00+00:00,455.28316207535,458.02143958705716,443.93606110315847,444.192138671875,2001100
2021-03-04 00:00:00+00:00,439.3854075062288,445.14761920162107,432.41167436680314,434.8347473144531,2508900
2021-03-05 00:00:00+00:00,438.321582354916,442.11380879844194,427.01385970103024,440.16351318359375,2749200
2021-03-08 00:00:00+00:00,438.9224679135623,447.2752146481686,432.8549409196467,433.2489318847656,1572100
2021-03-09 00:00:00+00:00,443.2465988743412,454.14061287746387,441.00081730909454,441.38494873046875,2863300
2021-03-10 00:00:00+00:00,449.84608542390646,452.8798490885849,434.11575404372763,434.4703369140625,2759800
2021-03-11 00:00:00+00:00,443.24653441719823,456.2779933505124,441.2864093618409,453.608642578125,2617100
2021-03-12 00:00:00+00:00,448.1518538545078,450.25972196366894,440.78409986657323,443.7292175292969,1577300
2021-03-15 00:00:00+00:00,440.95983552264494,448.61763574314153,439.31393497212497,446.2818603515625,1701800
2021-03-16 00:00:00+00:00,448.7162508779411,449.1400350545326,435.6181316649324,439.9841613769531,2402400
2021-03-17 00:00:00+00:00,436.4163320251703,439.4617123806014,433.85386701038885,436.2192077636719,1876300
2021-03-18 00:00:00+00:00,434.602982868021,446.97176558494704,432.0010865080644,439.31396484375,2126800
2021-03-19 00:00:00+00:00,440.7035146043658,443.88688785382385,438.34800908755705,438.5845642089844,2693100
2021-03-22 00:00:00+00:00,438.5846458216806,449.80033828128614,436.70222012050243,448.0953063964844,1431800
2021-03-23 00:00:00+00:00,447.55317493314027,451.5151501429813,443.99531349500626,445.4835205078125,1156400
2021-03-24 00:00:00+00:00,443.9756563899091,448.16429183130356,438.56490450858627,438.9394226074219,1547700
2021-03-25 00:00:00+00:00,438.36777261793696,438.36777261793696,428.35446726128316,435.90386962890625,1680700
2021-03-26 00:00:00+00:00,438.1805291590903,453.9790744832136,435.8743194886197,453.41729736328125,1750900
2021-03-29 00:00:00+00:00,449.8988378129123,454.2944625693015,443.72924494411086,451.9488220214844,1926900
2021-03-30 00:00:00+00:00,448.45995075237056,451.7320214402612,444.22204925347205,444.95135498046875,1448200
2021-03-31 00:00:00+00:00,449.49477987544986,454.1860612401181,446.45926433633394,449.79046630859375,1563600
2021-04-01 00:00:00+00:00,454.5901493495402,455.44758286770957,449.50464943538844,449.71160888671875,993200
2021-04-05 00:00:00+00:00,453.58484963319927,460.7006028215358,453.58484963319927,458.67034912109375,1509600
2021-04-06 00:00:00+00:00,461.19332170887225,466.17039315683303,456.8962597387088,461.9718933105469,1150700
2021-04-07 00:00:00+00:00,460.25713084514547,464.0219822602469,455.77283892443404,459.6460876464844,1801800
2021-04-08 00:00:00+00:00,465.0370219871012,468.92013521857905,463.0067684795088,464.7019348144531,1339400
2021-04-09 00:00:00+00:00,465.64812495068315,472.2218317214746,464.24861474194836,471.965576171875,1147500
2021-04-12 00:00:00+00:00,471.22640305470657,474.2619184565505,467.707942190317,469.1074523925781,1163100
2021-04-13 00:00:00+00:00,471.6797724741376,480.6582514337319,471.14756095790904,477.8493957519531,1837300
2021-04-14 00:00:00+00:00,477.01160088008396,486.0787755722168,466.6139426850646,471.1376647949219,1744500
2021-04-15 00:00:00+00:00,477.9972211460802,490.86864906604393,477.01165986536665,487.2417907714844,2380000
2021-04-16 00:00:00+00:00,490.88832594240745,491.7950555110719,483.82186874137795,485.8028564453125,2590500
2021-04-19 00:00:00+00:00,482.92496996680893,487.6063854919974,479.06155697322095,480.59906005859375,1677200
2021-04-20 00:00:00+00:00,480.65818670045127,482.9249653232335,474.9123483311724,475.395263671875,1464500
2021-04-21 00:00:00+00:00,477.2580317874232,478.89406705957236,469.60023175918377,473.4734802246094,1312400
2021-04-22 00:00:00+00:00,472.59634303352294,481.77191631648986,471.97546468009494,477.2186279296875,1087200
2021-04-23 00:00:00+00:00,478.40124482165015,483.289619738756,477.17915861160856,481.04254150390625,1210800
2021-04-26 00:00:00+00:00,481.99857150554095,489.08475913728233,479.56423407058605,486.90667724609375,1671400
2021-04-27 00:00:00+00:00,488.44417013399544,489.3508696569064,483.03341832370177,483.141845703125,978300
2021-04-28 00:00:00+00:00,482.4914567273635,484.49214524983717,478.0465650031156,478.7857360839844,1140500
2021-04-29 00:00:00+00:00,470.73357332048903,472.8525237615478,454.9350294087579,457.68475341796875,3359200
2021-04-30 00:00:00+00:00,458.7492094133269,468.3091658436132,458.2859944094483,463.44049072265625,2094800
2021-05-03 00:00:00+00:00,464.96805499868077,466.29856861479885,458.42394436546994,460.631591796875,1581300
2021-05-04 00:00:00+00:00,457.23137608351055,459.0448049862422,452.99347517871735,458.5618896484375,1703100
2021-05-05 00:00:00+00:00,461.8340239201397,466.66326819867606,458.10860346790383,461.0159912109375,1586000
2021-05-06 00:00:00+00:00,462.2675614044026,463.78530375974026,455.6347247375988,463.3516845703125,1530900
2021-05-07 00:00:00+00:00,466.6040363158771,472.0738882344918,461.1440195556649,461.68609619140625,1442000
2021-05-10 00:00:00+00:00,461.26233703529067,463.1644929893075,455.7234879631731,456.7780456542969,1502700
2021-05-11 00:00:00+00:00,451.1307318446644,457.4383469959239,448.9230845878864,457.30035400390625,1568700
2021-05-12 00:00:00+00:00,451.0912913566684,457.3003137583896,447.5038348031865,448.21343994140625,1454500
2021-05-13 00:00:00+00:00,450.46059476242647,452.35288547968224,447.01113059997505,450.3226318359375,1240300
2021-05-14 00:00:00+00:00,451.26882999293247,454.7379950729717,448.35157685569607,452.441650390625,1009700
2021-05-17 00:00:00+00:00,454.21562632820434,454.7774034812512,445.29630869590613,446.38043212890625,1092300
2021-05-18 00:00:00+00:00,444.20227683568874,452.41201841573,442.0438954170569,448.04595947265625,1897200
2021-05-19 00:00:00+00:00,445.37510125194257,451.5151583692529,443.0885920444079,450.3522033691406,1136600
2021-05-20 00:00:00+00:00,451.0914014945292,460.9174484764,451.0914014945292,458.5718078613281,1181200
2021-05-21 00:00:00+00:00,460.8484292815401,465.03706443740225,455.4081121357426,455.66436767578125,1415300
2021-05-24 00:00:00+00:00,458.6506099869664,459.83329545556455,455.0533176289799,455.7826232910156,1194800
2021-05-25 00:00:00+00:00,458.58161601451155,459.6953049869149,454.9153271339603,457.3200988769531,1592500
2021-05-26 00:00:00+00:00,455.4179837515545,457.7931899177342,450.64787102235516,453.0526428222656,2142600
2021-05-27 00:00:00+00:00,453.0329226251073,465.81565238302767,450.4211614262895,465.657958984375,4059500
2021-05-28 00:00:00+00:00,464.9285945566064,473.74937863855826,462.63225037378436,462.720947265625,1618200
2021-06-01 00:00:00+00:00,460.25711589811425,464.11066409655865,439.8658506912479,440.5557556152344,4619100
2021-06-02 00:00:00+00:00,441.24550494206807,445.946650140569,440.08255018566234,442.7238464355469,2355200
2021-06-03 00:00:00+00:00,441.1174761163789,444.9710240827311,437.5891801946099,438.89996337890625,2396100
2021-06-04 00:00:00+00:00,442.48738544288005,445.95654982181964,438.7028342812353,442.2804260253906,1731200
2021-06-07 00:00:00+00:00,442.81263205139544,444.0741491755495,437.05695829263396,438.0326843261719,2782000
2021-06-08 00:00:00+00:00,435.39137865216503,437.58919104751277,432.385428897593,434.63250732421875,2819400
2021-06-09 00:00:00+00:00,438.22986819602767,443.41393075745947,436.10105197395995,441.73846435546875,1795700
2021-06-10 00:00:00+00:00,442.3100237364563,458.97586740223056,441.3342976865032,458.197265625,2679600
2021-06-11 00:00:00+00:00,457.36941446165906,459.172978307243,454.50142762774504,458.4338073730469,1935000
2021-06-14 00:00:00+00:00,458.2465417707703,464.39987482536856,456.9547366595488,463.5419616699219,1452700
2021-06-15 00:00:00+00:00,466.1845687051602,466.86498856883543,461.0962258564293,463.5516357421875,1260700
2021-06-16 00:00:00+00:00,461.55983978870097,470.69125167212866,459.45941523290026,461.91485595703125,1691700
2021-06-17 00:00:00+00:00,462.32893028191404,482.52452290504647,461.5498930659337,479.3294982910156,2237300
2021-06-18 00:00:00+00:00,476.4303618730238,481.28201805389403,473.76784634159236,475.7696533203125,2321300
2021-06-21 00:00:00+00:00,477.4953812983074,480.23677276041707,470.099537775303,476.84454345703125,1111300
2021-06-22 00:00:00+00:00,477.5940382988369,485.5618144759326,476.2627803351854,485.37445068359375,1840600
2021-06-23 00:00:00+00:00,484.0727644901482,487.29734143094055,482.3569083298403,487.1592712402344,1358000
2021-06-24 00:00:00+00:00,488.12566581624543,491.508024318489,486.6957907172579,488.48065185546875,1326600
2021-06-25 00:00:00+00:00,488.125662368972,490.7980186801321,484.3685763449058,486.0252380371094,4676100
2021-06-28 00:00:00+00:00,486.8239413049593,498.71645392590034,485.17715052085697,498.0853576660156,1449600
2021-06-29 00:00:00+00:00,497.799374032693,503.50897297733655,493.8056310443801,501.1817321777344,1349900
2021-06-30 00:00:00+00:00,500.45199992159934,501.7832575657585,496.3004755012118,497.4640808105469,1010000
2021-07-01 00:00:00+00:00,498.8151305009657,502.4933408646881,496.2709735579553,502.4538879394531,1129300
2021-07-02 00:00:00+00:00,501.8424033491894,507.482966786932,500.3829463430048,506.191162109375,923400
2021-07-06 00:00:00+00:00,508.5086226581995,511.25991508912165,506.1518594949685,509.87933349609375,1288700
2021-07-07 00:00:00+00:00,512.7588761894849,516.9794675483008,509.88931463831454,515.4608154296875,1433500
2021-07-08 00:00:00+00:00,504.88955673982974,513.5969462212679,504.37678911752045,511.4077453613281,1384000
2021-07-09 00:00:00+00:00,511.8713312263915,512.7292443498669,507.4436954037911,510.07659912109375,1184200
2021-07-12 00:00:00+00:00,512.4727987435656,513.6955685925901,505.8066687278852,507.542236328125,1427600
2021-07-13 00:00:00+00:00,506.76324491559353,510.7175055383955,505.16574745824397,507.15765380859375,941800
2021-07-14 00:00:00+00:00,509.38625227883034,509.71168624463877,502.39471851644475,503.6865234375,863900
2021-07-15 00:00:00+00:00,502.84840466278996,508.65662248081975,502.32576617423155,507.335205078125,1074800
2021-07-16 00:00:00+00:00,507.61111506281077,514.257501521505,506.74333152999793,512.5712280273438,1080800
2021-07-19 00:00:00+00:00,511.3486040878419,515.4409948717919,509.05094520356846,514.3759765625,1317300
2021-07-20 00:00:00+00:00,514.6125386635106,522.195744484579,512.8276778488321,515.3225708007812,1145400
2021-07-21 00:00:00+00:00,515.70722647326,515.70722647326,500.116820312092,507.11822509765625,1113000
2021-07-22 00:00:00+00:00,512.4923648030788,518.4977540641427,511.45689890030116,517.2158203125,868400
2021-07-23 00:00:00+00:00,519.8882483236738,525.7457573534646,518.1625519282179,524.8681030273438,1005100
2021-07-26 00:00:00+00:00,521.3970620228616,525.5979104871531,518.0936095497815,521.7717895507812,874500
2021-07-27 00:00:00+00:00,521.0222096848081,527.0769528302365,520.2333319893556,522.9155883789062,1091500
2021-07-28 00:00:00+00:00,510.8062005902595,521.8309295117706,508.8339758775558,520.93359375,1814500
2021-07-29 00:00:00+00:00,524.1484173867692,527.9744785972501,522.5903427504571,526.3572998046875,1000800
2021-07-30 00:00:00+00:00,527.4617289382373,535.7549085707907,524.0004644373781,532.5106201171875,1412800
2021-08-02 00:00:00+00:00,534.5518624420694,536.80016756712,524.493503250982,526.2684936523438,1147400
2021-08-03 00:00:00+00:00,526.8206616919402,530.9426041664384,524.9076012910945,529.532470703125,934100
2021-08-04 00:00:00+00:00,531.386247412599,533.7824927053856,527.9742777192129,531.3961181640625,854600
2021-08-05 00:00:00+00:00,533.4571533462216,535.5674481579481,529.2563654167122,534.8179931640625,781100
2021-08-06 00:00:00+00:00,531.8005979822021,534.4729845725765,526.1699340263748,530.7257690429688,765800
2021-08-09 00:00:00+00:00,536.2774945516533,538.4666350721061,531.6427544829885,533.64453125,861700
2021-08-10 00:00:00+00:00,533.2698793297619,539.0090003903332,531.7314862439113,532.8655395507812,903200
2021-08-11 00:00:00+00:00,532.9445295069253,536.405794121328,526.6137039093396,529.798828125,898900
2021-08-12 00:00:00+00:00,529.1873693472995,535.5970999057091,528.5069493882136,534.4827880859375,603200
2021-08-13 00:00:00+00:00,534.4333983580914,537.1254654483072,533.1317230102086,537.076171875,608300
2021-08-16 00:00:00+00:00,538.8216950960878,546.8387943940498,535.1829376280551,546.7599487304688,1141400
2021-08-17 00:00:00+00:00,546.2766988417978,549.8464813735374,544.4524148382062,548.584228515625,830300
2021-08-18 00:00:00+00:00,546.2767132773957,548.2686797893834,536.7607637554655,537.0960083007812,913100
2021-08-19 00:00:00+00:00,536.4846109658378,546.5725825452198,534.8476907345587,544.2157592773438,834900
2021-08-20 00:00:00+00:00,544.6099794680202,550.2406406253576,542.7757653542668,547.2921752929688,951400
2021-08-23 00:00:00+00:00,549.954946959919,552.9132844258813,543.8410374927573,544.9356079101562,1275100
2021-08-24 00:00:00+00:00,546.6316070983653,546.6316070983653,540.6754507332371,542.8449096679688,876100
2021-08-25 00:00:00+00:00,544.9060732351916,545.4977166722668,536.6029624805332,540.4685668945312,963200
2021-08-26 00:00:00+00:00,542.3618938443016,546.3655083259055,537.5694013727942,545.0934448242188,766000
2021-08-27 00:00:00+00:00,546.9768136883721,549.8759865247293,539.8669216834304,540.8925170898438,846100
2021-08-30 00:00:00+00:00,541.375636600154,550.9902312392279,540.419136587608,550.7733154296875,873300
2021-08-31 00:00:00+00:00,552.0553980546933,552.1441144779428,540.9911840997829,547.2431640625,1287100
2021-09-01 00:00:00+00:00,545.103219623254,555.5066929908577,544.2452464969475,553.9190063476562,1062900
2021-09-02 00:00:00+00:00,553.6134506639737,563.7309756134841,552.1737647818067,557.6170654296875,1137200
2021-09-03 00:00:00+00:00,555.1320835682495,560.8909472746157,552.7457080002879,560.2203979492188,825500
2021-09-07 00:00:00+00:00,560.1119511572895,561.5418264503919,550.6945879596698,561.2656860351562,1241900
2021-09-08 00:00:00+00:00,560.9006406009631,565.3085936939951,558.3170312986774,564.628173828125,945100
2021-09-09 00:00:00+00:00,565.9594236647749,567.6358266079785,559.1749662431761,560.8809814453125,1122600
2021-09-10 00:00:00+00:00,563.6421791868518,567.6359226296885,561.2952267068582,564.0169067382812,1054700
2021-09-13 00:00:00+00:00,565.3876038097555,567.310535310723,541.5532804408035,551.3651123046875,1372500
2021-09-14 00:00:00+00:00,555.626964684468,558.537361391209,552.8547023795904,554.8475952148438,785400
2021-09-15 00:00:00+00:00,551.9373325796862,558.4881805435476,549.5596619969026,555.4002075195312,1241400
2021-09-16 00:00:00+00:00,554.5614973979309,555.2323585573623,547.8330748960283,552.9139404296875,1053400
2021-09-17 00:00:00+00:00,589.0419794769878,601.1175968452869,568.2648001308247,588.7854614257812,5272300
2021-09-20 00:00:00+00:00,584.7309057599393,594.103332461651,577.1441705790904,582.2743530273438,2674200
2021-09-21 00:00:00+00:00,585.520145141125,594.6656796416397,581.0904499870833,589.0224609375,1364400
2021-09-22 00:00:00+00:00,593.4422180920692,601.9957719588764,587.3649068997244,598.4835815429688,1696600
2021-09-23 00:00:00+00:00,598.9471817613219,605.8828042360205,595.0600899258537,600.06201171875,1179200
2021-09-24 00:00:00+00:00,603.1896100344911,608.6453170447843,597.7140921172038,601.5913696289062,1300900
2021-09-27 00:00:00+00:00,595.4054569538238,597.3884742420513,575.9897474504769,586.6841430664062,1708800
2021-09-28 00:00:00+00:00,577.4993693139688,580.686035601456,562.5034733135731,568.7090454101562,1750100
2021-09-29 00:00:00+00:00,573.1979965388136,578.0716617751491,570.2382822709712,571.8167724609375,1040900
2021-09-30 00:00:00+00:00,575.032911215674,580.8043892266697,563.322315155052,563.6577758789062,1510800
2021-10-01 00:00:00+00:00,562.9081431117944,568.4625458206866,544.5973773376468,565.0292358398438,1657600
2021-10-04 00:00:00+00:00,563.8748145966688,566.8049626703945,555.0647401115832,561.3590698242188,1323700
2021-10-05 00:00:00+00:00,563.3618778754936,574.11546967079,561.5268093649152,564.200439453125,1384500
2021-10-06 00:00:00+00:00,559.8790984801651,568.2649528186346,558.3104239384927,567.8703002929688,1133500
2021-10-07 00:00:00+00:00,572.1521277805265,581.2088445449276,572.1521277805265,575.6741943359375,1027800
2021-10-08 00:00:00+00:00,577.4203346415919,581.6428274351799,572.6058630870587,576.0785522460938,851400
2021-10-11 00:00:00+00:00,573.3951503890081,578.8607327486468,570.6919551386538,570.8892211914062,676000
2021-10-12 00:00:00+00:00,574.1844537596486,575.1611496392912,562.3061578714896,568.1762084960938,1012000
2021-10-13 00:00:00+00:00,571.2740544641022,575.644557754821,562.8586332465053,565.8577880859375,1223100
2021-10-14 00:00:00+00:00,569.8829459153786,576.710001082123,567.5349018749469,569.5968017578125,845700
2021-10-15 00:00:00+00:00,572.3691191513396,575.9701281065668,570.1987106903816,574.5692138671875,874700
2021-10-18 00:00:00+00:00,575.7233582272088,582.9549403652629,573.1977389290164,580.1333618164062,1534000
2021-10-19 00:00:00+00:00,583.0636603612465,588.9929637330775,581.7021870984901,584.1488647460938,765700
2021-10-20 00:00:00+00:00,601.591388685354,601.6801463687409,591.9525692178404,597.4674682617188,1062100
2021-10-21 00:00:00+00:00,602.725863452352,603.7815017351697,589.5452882583548,600.2396850585938,959200
2021-10-22 00:00:00+00:00,600.7527868588853,603.8407594975276,596.9248858285335,603.7421264648438,738700
2021-10-25 00:00:00+00:00,603.7816734047203,603.7816734047203,594.4092454678823,599.5887451171875,951900
2021-10-26 00:00:00+00:00,601.4729362504893,602.794968076289,595.7508356670106,600.1707153320312,1051500
2021-10-27 00:00:00+00:00,608.5170724681957,617.5836637332675,600.9500886180988,604.067626953125,1771100
2021-10-28 00:00:00+00:00,606.7413017742393,618.9353076313411,603.2784271491408,611.7432250976562,1280000
2021-10-29 00:00:00+00:00,613.3215484768327,625.5846182164692,608.664962474635,624.5684814453125,1541700
2021-11-01 00:00:00+00:00,623.8583400466019,630.1427944363269,619.408954046265,626.5714111328125,1582600
2021-11-02 00:00:00+00:00,629.2942367312505,634.7203778617594,624.2923139541734,627.6565551757812,1376600
2021-11-03 00:00:00+00:00,627.9524849899141,633.9508539456856,619.9514080775097,633.74365234375,1216600
2021-11-04 00:00:00+00:00,634.0693450831062,634.8783407220595,622.0726051390295,631.1688232421875,1396100
2021-11-05 00:00:00+00:00,605.9323389535164,613.4401319107325,591.4001633297479,608.5171508789062,2693400
2021-11-08 00:00:00+00:00,613.1441434519804,617.8895486546578,607.1556488663286,616.0841064453125,1170900
2021-11-09 00:00:00+00:00,615.3738723893825,616.2321846366347,606.7512485253782,610.2733154296875,927000
2021-11-10 00:00:00+00:00,607.4220929518622,620.4645367814072,607.4220929518622,618.4420776367188,1119100
2021-11-11 00:00:00+00:00,619.5370645469926,623.7398673373581,617.0706366386114,622.9999389648438,687600
2021-11-12 00:00:00+00:00,624.4106356076301,631.1193666927742,621.3917307055217,626.71923828125,888100
2021-11-15 00:00:00+00:00,628.0412783950578,630.6754061844462,623.5227662179424,623.8680419921875,826100
2021-11-16 00:00:00+00:00,621.9146856243352,642.8201293323347,621.9146856243352,632.8656005859375,1346900
2021-11-17 00:00:00+00:00,634.6908129875012,638.3115121232794,624.8447923021666,628.7417602539062,1390300
2021-11-18 00:00:00+00:00,629.8565054855281,631.642196556236,622.7038658583841,629.0672607421875,968700
2021-11-19 00:00:00+00:00,629.6001321045878,636.3483056745258,627.3507810582938,627.5086059570312,1222300
2021-11-22 00:00:00+00:00,631.4055848379111,632.1948297758527,622.5264438011279,625.4467163085938,1318900
2021-11-23 00:00:00+00:00,620.750565541948,625.5650374619781,613.9432006751572,624.2627563476562,1022500
2021-11-24 00:00:00+00:00,624.7462155551518,625.170433947431,615.5217988747768,624.4995727539062,1283200
2021-11-26 00:00:00+00:00,643.94490649492,657.6977113645936,628.3472183074693,630.1624755859375,1677700
2021-11-29 00:00:00+00:00,631.4056120317819,645.8589052059095,629.7087383529016,640.057861328125,1869900
2021-11-30 00:00:00+00:00,632.8261495706352,640.5115165286057,622.6151630820005,624.331787109375,2562900
2021-12-01 00:00:00+00:00,626.1569981203542,629.1167117020625,617.475183657115,617.7415771484375,1502700
2021-12-02 00:00:00+00:00,614.2787403791027,624.9928897516901,610.5987886531042,619.1524047851562,1481700
2021-12-03 00:00:00+00:00,625.634047293403,628.0510981620008,610.0264862598647,627.5676879882812,1698500
2021-12-06 00:00:00+00:00,626.4727658141134,627.1238763672119,601.0291140580894,613.8939819335938,2319700
2021-12-07 00:00:00+00:00,624.6770948843163,629.1857321310948,615.8078301450506,620.2671508789062,1585300
2021-12-08 00:00:00+00:00,622.5264964205271,630.1033568531569,619.4681494466715,629.5805053710938,1267400
2021-12-09 00:00:00+00:00,629.540966035935,633.7043280240039,626.5418111128106,628.5149536132812,1029300
2021-12-10 00:00:00+00:00,628.4063781264675,636.1213717053671,628.4063781264675,633.8818359375,989700
2021-12-13 00:00:00+00:00,633.8719644928284,640.6694541746797,631.849505676462,637.3348388671875,1181900
2021-12-14 00:00:00+00:00,631.6597534492864,634.9463749710874,616.2433124108462,623.87255859375,1491500
2021-12-15 00:00:00+00:00,628.4522395985942,648.1718524336507,624.9682116167023,647.1947631835938,1422800
2021-12-16 00:00:00+00:00,646.9578655740489,655.5148657847554,642.5362658762976,652.6329345703125,1625100
2021-12-17 00:00:00+00:00,646.9281349810886,651.7248470890573,639.0719052314705,642.5855102539062,2475800
2021-12-20 00:00:00+00:00,641.9735553872657,647.8065116492918,632.034777182359,640.8582763671875,1001300
2021-12-21 00:00:00+00:00,640.1872206063449,641.5294832213858,627.405967315749,636.9302368164062,1201000
2021-12-22 00:00:00+00:00,640.2660687919214,644.9541683789671,636.9992060155918,643.207275390625,918400
2021-12-23 00:00:00+00:00,644.7469122819901,647.6781791769204,640.581874789545,642.2202758789062,840000
2021-12-27 00:00:00+00:00,648.3492813559853,654.1132023948425,644.3126149804137,653.5802612304688,531400
2021-12-28 00:00:00+00:00,656.8275948229731,657.9724518786932,644.7174709805361,646.8394775390625,818200
2021-12-29 00:00:00+00:00,651.5275338738073,656.5018335278828,645.6846971030202,654.0936279296875,644100
2021-12-30 00:00:00+00:00,656.0279706153607,660.2225859471312,653.7480762210948,656.778076171875,555600
2021-12-31 00:00:00+00:00,656.3338785187786,663.5782518939393,654.685658427827,658.544677734375,778700
2022-01-03 00:00:00+00:00,654.3501506939139,655.6134991239659,631.8374045595157,636.515625,1888800
2022-01-04 00:00:00+00:00,628.9949502702441,629.7154781664315,604.6069996209942,609.9464721679688,2598000
2022-01-05 00:00:00+00:00,609.9465349336756,620.5663256657072,607.765312855441,610.4597778320312,1915400
2022-01-06 00:00:00+00:00,609.9464374221443,618.651505456844,601.6657585471701,612.315185546875,1686000
2022-01-07 00:00:00+00:00,612.907211321671,613.3809367493528,598.2902156641534,599.1587524414062,1741800
2022-01-10 00:00:00+00:00,592.0232171471162,617.2698282433558,591.1151627458852,616.894775390625,2095700
2022-01-11 00:00:00+00:00,616.8551756238668,619.105492219629,604.0147086497183,612.413818359375,2474800
2022-01-12 00:00:00+00:00,610.6176803100875,623.6555562221598,610.6176803100875,617.052734375,1554200
2022-01-13 00:00:00+00:00,616.5690424382088,617.7435372277755,592.0329625667392,593.0594482421875,2018100
2022-01-14 00:00:00+00:00,590.13804422485,594.3918758790543,580.5249810601126,587.048828125,2426200
2022-01-18 00:00:00+00:00,578.5016778326642,587.0487977509349,576.5671980642925,582.4100341796875,1849500
2022-01-19 00:00:00+00:00,585.9729858726876,594.7372694171303,584.5319904319932,585.6373901367188,1875900
2022-01-20 00:00:00+00:00,587.3054062627025,594.6286948308986,579.1333393387918,580.4953002929688,1530300
2022-01-21 00:00:00+00:00,580.2288737996637,582.8344848631439,570.7441218242404,572.7673950195312,2095500
2022-01-24 00:00:00+00:00,563.4109416524268,568.7011385714022,545.1717831293317,568.2964477539062,2586200
2022-01-25 00:00:00+00:00,561.1805817109604,569.4513243216609,553.413082315842,560.3515014648438,1864600
2022-01-26 00:00:00+00:00,567.7536116893433,568.108905880573,551.1034584395132,555.5645751953125,1892900
2022-01-27 00:00:00+00:00,561.1703767666785,563.9634533042087,545.6058695100489,546.5237426757812,1933400
2022-01-28 00:00:00+00:00,547.3530692799287,564.9309778362427,536.6148459706254,564.57568359375,1583900
2022-01-31 00:00:00+00:00,566.5200548213942,574.0308724495426,564.7138851662332,573.7249145507812,1886100
2022-02-01 00:00:00+00:00,580.6334958431951,588.0850951917703,572.6489552466159,586.565185546875,2215600
2022-02-02 00:00:00+00:00,598.2409569588356,600.777472621679,586.5651055488734,596.2571411132812,2087200
2022-02-03 00:00:00+00:00,587.4535651643158,593.6615755817514,581.9956002343141,587.1771850585938,1758000
2022-02-04 00:00:00+00:00,584.5912781253154,591.371746533455,580.0610664504693,586.6737670898438,1393200
2022-02-07 00:00:00+00:00,590.108361266571,591.9342284965826,577.2777735709386,579.3997192382812,1243000
2022-02-08 00:00:00+00:00,570.3592059768038,584.9268697826116,570.3592059768038,579.8735961914062,1143900
2022-02-09 00:00:00+00:00,586.4466767907177,590.6708696474499,580.3175821682938,582.1632080078125,1335300
2022-02-10 00:00:00+00:00,574.0898577892875,579.5577009494682,569.7965696037367,572.718017578125,1931100
2022-02-11 00:00:00+00:00,571.4251544183378,577.2581723029169,557.2128433939562,558.910400390625,1726000
2022-02-14 00:00:00+00:00,557.1634528851845,561.3580688294131,548.7248243820347,553.8768310546875,1387700
2022-02-15 00:00:00+00:00,560.0848369890768,563.7859686782937,546.6028744613234,549.4157104492188,1438600
2022-02-16 00:00:00+00:00,545.1717350127834,547.4713882718459,532.1437399719405,543.1780395507812,2154700
2022-02-17 00:00:00+00:00,543.6222167007634,543.6222167007634,532.5583387976592,533.4959106445312,1667300
2022-02-18 00:00:00+00:00,534.808600378567,538.3814214231824,527.5839839445464,530.1402587890625,1473700
2022-02-22 00:00:00+00:00,529.3408823951371,533.6638096520215,520.0337757911419,522.9848022460938,1728000
2022-02-23 00:00:00+00:00,525.0671875135316,535.5784250436863,520.9614254850902,521.6917724609375,1520300
2022-02-24 00:00:00+00:00,512.0392260888214,535.3119592922442,507.2425738205678,533.1307373046875,2174500
2022-02-25 00:00:00+00:00,529.8539650742176,542.9017187362908,527.5839497866194,542.6648559570312,1156900
2022-02-28 00:00:00+00:00,538.016349784304,542.5268037780804,531.8182179395808,536.9109497070312,1772800
2022-03-01 00:00:00+00:00,537.5227088474132,540.4737346353348,531.7983043493969,535.992919921875,1609900
2022-03-02 00:00:00+00:00,537.6708838359423,554.4493494223486,535.2823765386472,549.1986694335938,1643900
2022-03-03 00:00:00+00:00,550.7382653238037,561.5455817207046,543.5235284830934,547.0667114257812,1355200
2022-03-04 00:00:00+00:00,543.0991912763888,544.1453755066647,530.0514360092112,540.1876220703125,1316900
2022-03-07 00:00:00+00:00,534.937016969086,537.7992501963851,517.3294694622358,527.781494140625,2168400
2022-03-08 00:00:00+00:00,519.7375415285323,528.7485679469377,513.1150220391831,517.1714477539062,1785200
2022-03-09 00:00:00+00:00,532.6668104447915,536.7528737171637,524.0999327188023,534.6407470703125,1481000
2022-03-10 00:00:00+00:00,529.4394889649919,534.4927627106032,526.9128520921862,531.2357788085938,1481200
2022-03-11 00:00:00+00:00,536.1607410176824,536.4173624577742,522.0372246475665,522.90576171875,952200
2022-03-14 00:00:00+00:00,528.6991397141519,544.2044324549635,523.7544191920834,528.8965454101562,1102400
2022-03-15 00:00:00+00:00,533.5576213521815,545.6053904447572,533.0046119646618,543.7686157226562,1253100
2022-03-16 00:00:00+00:00,549.8715522072858,558.8678557164242,544.1241716909055,555.530029296875,1397700
2022-03-17 00:00:00+00:00,555.5795250762337,565.5238729779144,552.0343569424955,565.109130859375,1330600
2022-03-18 00:00:00+00:00,569.6121023056515,583.2004036934891,566.185432664848,581.7388916015625,2622100
2022-03-21 00:00:00+00:00,574.5497039222262,582.8251363563377,574.5497039222262,581.9462280273438,1690900
2022-03-22 00:00:00+00:00,582.9041157446024,587.2590574004768,579.2107963681701,580.0303955078125,1499800
2022-03-23 00:00:00+00:00,574.3422342458748,575.803806425746,562.837649863486,564.1806640625,1195100
2022-03-24 00:00:00+00:00,566.9755245936465,568.2494054417099,559.9838565314506,566.5311279296875,971300
2022-03-25 00:00:00+00:00,570.6688242444721,573.7992499469167,561.1787588411972,567.1235961914062,1037300
2022-03-28 00:00:00+00:00,569.7898322555194,576.0210884493806,567.8345596195071,575.9124755859375,945300
2022-03-29 00:00:00+00:00,585.3630668228743,589.1551144172488,577.6406439291775,585.4716796875,1201300
2022-03-30 00:00:00+00:00,585.1359051116045,591.7720179586826,583.5163560452922,587.7232055664062,1092900
2022-03-31 00:00:00+00:00,584.9384473229616,593.6286217992948,583.2794189453125,583.2794189453125,1637400
2022-04-01 00:00:00+00:00,584.8299283016471,586.7457223390646,577.147042708836,584.948486328125,1028700
2022-04-04 00:00:00+00:00,583.8915382741536,587.318207079753,577.9466427975849,582.775634765625,1027700
2022-04-05 00:00:00+00:00,577.5716175256673,586.3210423781601,573.4437854413549,576.989013671875,1082200
2022-04-06 00:00:00+00:00,571.9426083064864,582.7460921123587,565.8792742455331,580.0797729492188,1232700
2022-04-07 00:00:00+00:00,575.7149728251188,609.4388458021061,574.697857334735,604.5703735351562,2140200
2022-04-08 00:00:00+00:00,602.3879957840971,610.6436594246089,599.1884364010722,601.26220703125,1629000
2022-04-11 00:00:00+00:00,591.0511945272184,596.1467772834847,577.2554923333953,578.3615112304688,1470100
2022-04-12 00:00:00+00:00,576.7914119693756,578.3516521025226,558.4729053640121,563.8153686523438,1411200
2022-04-13 00:00:00+00:00,564.3683834180345,571.1230551572415,557.5544628159182,569.6022338867188,1286300
2022-04-14 00:00:00+00:00,570.8169777980132,570.8564569523652,557.594052851381,561.8009033203125,1225600
2022-04-18 00:00:00+00:00,561.8600533569893,567.8246593849353,558.8876050614913,564.990478515625,1161100
2022-04-19 00:00:00+00:00,567.5876639612316,568.8121805394651,561.2576196572724,566.9852905273438,1139000
2022-04-20 00:00:00+00:00,567.9037794958342,591.1204154510294,567.9037794958342,583.7732543945312,1598100
2022-04-21 00:00:00+00:00,585.0865073637672,588.0688405023678,570.9254879300229,573.1868896484375,1231900
2022-04-22 00:00:00+00:00,567.6765498717948,569.5133851510132,553.7031607565527,554.2759399414062,1478000
2022-04-25 00:00:00+00:00,539.6705706893789,543.0083979078756,522.8827065643933,537.36962890625,2597200
2022-04-26 00:00:00+00:00,527.4448725512464,531.404841748166,507.60560769519077,509.9953918457031,2469900
2022-04-27 00:00:00+00:00,513.8467171806286,521.7370005344773,509.3040842970042,513.9849243164062,1895900
2022-04-28 00:00:00+00:00,552.7451333358588,560.2503294162364,541.2602587999918,551.9156494140625,2737200
2022-04-29 00:00:00+00:00,550.9973480379737,559.2628956239029,544.6278242711599,546.0202026367188,2168700
2022-05-02 00:00:00+00:00,542.0800676446645,546.5140287006265,529.222520849251,538.712646484375,1972000
2022-05-03 00:00:00+00:00,537.5572979083462,546.9091577423751,534.6441577374336,539.5027465820312,1428000
2022-05-04 00:00:00+00:00,535.6117976193466,558.6901651520448,534.0910365439119,555.9547119140625,1251300
2022-05-05 00:00:00+00:00,552.9427528974998,554.5129381673446,536.2832746350693,543.6403198242188,1378200
2022-05-06 00:00:00+00:00,535.6217094830084,542.2578238997102,526.9315338201053,539.858154296875,1116300
2022-05-09 00:00:00+00:00,531.9382234131766,531.9382234131766,508.4549970726029,510.9336853027344,1568600
2022-05-10 00:00:00+00:00,520.7101002767421,525.6279974849967,510.10413083875926,519.663330078125,1682600
2022-05-11 00:00:00+00:00,513.9257894095678,525.8748326373214,513.1160147559041,513.5110473632812,1146400
2022-05-12 00:00:00+00:00,507.3587388411873,521.0062877837839,505.70953519424,519.2385864257812,1532700
2022-05-13 00:00:00+00:00,528.1361958050817,544.9734197399522,526.3389000384763,534.6636962890625,1375100
2022-05-16 00:00:00+00:00,530.6347700556905,536.9944102162268,526.378555277073,532.6492919921875,883700
2022-05-17 00:00:00+00:00,546.2868818140066,553.9796506405871,537.3498265706784,547.6792602539062,1554900
2022-05-18 00:00:00+00:00,540.6087372347539,543.4823980926311,532.4814551055057,535.4044799804688,1403500
2022-05-19 00:00:00+00:00,533.2614632922413,552.9427541398168,530.7235265026401,543.867431640625,2065500
2022-05-20 00:00:00+00:00,551.9453260054198,558.8579743274946,537.646038478137,548.222412109375,2167600
2022-05-23 00:00:00+00:00,552.1922226950526,553.7920022466288,543.887195770475,548.2816772460938,1180600
2022-05-24 00:00:00+00:00,545.6152685860912,546.3460245241616,536.5004685218577,541.9713134765625,1012500
2022-05-25 00:00:00+00:00,543.9661996857599,543.9661996857599,523.0899872302894,527.6029663085938,1538300
2022-05-26 00:00:00+00:00,532.264159057182,534.7922114744836,527.1389204905464,533.3701782226562,1855200
2022-05-27 00:00:00+00:00,538.7620922817207,565.9584116985004,537.4783264333823,565.2078857421875,1721300
2022-05-31 00:00:00+00:00,561.5836831567613,566.1361425124136,555.4808079133101,560.487548828125,2630800
2022-06-01 00:00:00+00:00,562.4426656629332,565.9385291508403,543.4526530085542,549.2789916992188,1309500
2022-06-02 00:00:00+00:00,547.6397219640891,563.2820833699278,542.1589916820164,562.9857788085938,842600
2022-06-03 00:00:00+00:00,554.0388124720411,555.6484766759581,547.8372113485019,551.135498046875,736400
2022-06-06 00:00:00+00:00,551.975035370115,555.3819958646396,543.6699475940771,545.9807739257812,1114400
2022-06-07 00:00:00+00:00,543.6798698571881,554.5426047605225,543.2651277647373,553.6636962890625,1113600
2022-06-08 00:00:00+00:00,552.1922826659994,553.4563388938429,542.8207149313996,545.1710205078125,837400
2022-06-09 00:00:00+00:00,541.09246133179,545.1314493917997,532.8466837648579,533.0836791992188,832900
2022-06-10 00:00:00+00:00,523.6726579902228,527.1981163280791,516.4242852697369,520.3052368164062,1177600
2022-06-13 00:00:00+00:00,505.2158130012112,511.40755959866914,502.38163219757377,505.5219421386719,1463700
2022-06-14 00:00:00+00:00,504.069521867685,508.0713161824842,496.87612244500406,501.4115295410156,1009100
2022-06-15 00:00:00+00:00,508.66416365220647,515.4820802736767,501.09534141504474,508.6345520019531,1320500
2022-06-16 00:00:00+00:00,497.5776279812294,500.15655504481066,491.90591229368056,498.8819274902344,1180100
2022-06-17 00:00:00+00:00,496.1745479533949,506.3124362881308,494.8208553989169,494.9394226074219,2175200
2022-06-21 00:00:00+00:00,500.28500992981225,510.4624299296731,499.5439347796935,507.428955078125,1463400
2022-06-22 00:00:00+00:00,502.38981205864184,519.2369132343579,502.38981205864184,513.04150390625,1214800
2022-06-23 00:00:00+00:00,516.7763921740417,534.6313695957783,514.701405927475,534.1669311523438,1365300
2022-06-24 00:00:00+00:00,534.6807512758671,538.7122167964557,530.9062014451031,538.3268432617188,1292000
2022-06-27 00:00:00+00:00,539.3446087441741,540.5994549161248,533.3171616848546,537.1707763671875,767400
2022-06-28 00:00:00+00:00,536.1432130579011,538.6332451796203,527.9419924093778,529.39453125,858900
2022-06-29 00:00:00+00:00,529.6415097835004,531.9141282730427,521.7959914679183,529.5426635742188,860700
2022-06-30 00:00:00+00:00,524.7306176300654,539.7299719573042,523.199074327892,536.8151245117188,1364600
2022-07-01 00:00:00+00:00,537.4772484551874,542.5066459410564,527.6061346712567,541.745849609375,835300
2022-07-05 00:00:00+00:00,533.4358982476267,538.6827092619985,527.0033546230691,538.5839233398438,641700
2022-07-06 00:00:00+00:00,538.514553368388,552.525805519884,537.1311891077573,549.4231567382812,1220600
2022-07-07 00:00:00+00:00,546.4195052598955,552.2196496139851,542.0224465463936,547.1704711914062,1243600
2022-07-08 00:00:00+00:00,543.3266404574437,551.5377505303948,542.3583215811129,547.1209716796875,752500
2022-07-11 00:00:00+00:00,543.4551137927218,553.9882354623373,540.3425740174596,551.3895874023438,1089000
2022-07-12 00:00:00+00:00,544.3346266549243,547.0914049727502,523.3276031643337,524.6121215820312,1639400
2022-07-13 00:00:00+00:00,515.3635889989694,518.6243086123577,508.4863877547075,516.9248046875,1916800
2022-07-14 00:00:00+00:00,510.9565489654871,520.1162583555697,504.2967623673305,519.3751831054688,1338600
2022-07-15 00:00:00+00:00,527.1810985376355,533.8803861503189,521.0153029824388,532.45751953125,1673000
2022-07-18 00:00:00+00:00,532.437684294477,533.5740234679914,511.14414041969843,514.56298828125,1317700
2022-07-19 00:00:00+00:00,522.2801040506642,531.2619006502919,517.7249768286816,530.4813232421875,1993700
2022-07-20 00:00:00+00:00,533.5742068036208,541.844602184368,530.8668214037017,532.2402954101562,921700
2022-07-21 00:00:00+00:00,548.93909154408,568.3256139675884,548.93909154408,568.1576538085938,2150200
2022-07-22 00:00:00+00:00,566.6557697186842,569.8177029021274,551.9627223311265,554.8578491210938,1252500
2022-07-25 00:00:00+00:00,553.8500453493509,561.6066092235524,547.6151343520523,560.6876831054688,1194400
2022-07-26 00:00:00+00:00,562.6736920449399,566.7446601968419,559.7785655874712,566.4482421875,1012700
2022-07-27 00:00:00+00:00,566.1912902885286,578.3943033124963,560.2527985940507,575.005126953125,1263900
2022-07-28 00:00:00+00:00,582.9297657958898,595.8244622454,566.4877628445452,590.5282592773438,2294700
2022-07-29 00:00:00+00:00,595.7948588683676,603.7886175011146,590.7555710396346,591.2891235351562,2371200
2022-08-01 00:00:00+00:00,587.0402810559222,591.7140366943098,581.329092426689,582.5345458984375,1537800
2022-08-02 00:00:00+00:00,580.31123905379,587.7911648519704,576.3094452803515,579.0662231445312,1392700
2022-08-03 00:00:00+00:00,583.3152392361295,586.5858492742913,576.9617003465585,580.9832763671875,1077700
2022-08-04 00:00:00+00:00,583.7994494033251,585.9436106536348,576.6159392959675,582.9793090820312,999600
2022-08-05 00:00:00+00:00,578.3153638629734,583.6411785654057,574.1554399511448,583.236083984375,982500
2022-08-08 00:00:00+00:00,583.7697458368154,586.2399970127573,575.5586333403393,577.0012817382812,921400
2022-08-09 00:00:00+00:00,577.0012519201563,579.0663480235588,569.1853438304194,573.9578857421875,767900
2022-08-10 00:00:00+00:00,582.1689473249995,585.7063634058385,576.9715299207426,585.3012084960938,991800
2022-08-11 00:00:00+00:00,587.9888141446427,592.6625089578856,585.1232993392796,585.4888916015625,1086700
2022-08-12 00:00:00+00:00,587.4848910080905,596.8520622192575,585.4099045756193,596.031982421875,989000
2022-08-15 00:00:00+00:00,595.8245539866663,598.9469247817744,592.0203914885722,597.2968139648438,855500
2022-08-16 00:00:00+00:00,592.86025198252,596.7236980887061,590.745702609655,594.9451293945312,798000
2022-08-17 00:00:00+00:00,589.8563612994881,593.5024537230337,587.504677822575,588.947265625,989400
2022-08-18 00:00:00+00:00,590.9927135698965,591.5856099930068,582.2579398393747,587.9296264648438,761000
2022-08-19 00:00:00+00:00,584.4021335686169,586.2004836277835,579.0070833911174,581.5465087890625,851100
2022-08-22 00:00:00+00:00,573.7898625287601,577.18893001018,567.6933004977589,569.2544555664062,723100
2022-08-23 00:00:00+00:00,565.1636941432088,569.6398174069031,560.9049843040041,566.1517944335938,913300
2022-08-24 00:00:00+00:00,566.161630423387,569.3334537604733,564.185430033418,566.3296508789062,855300
2022-08-25 00:00:00+00:00,571.4676618842564,579.1156072263169,566.2900270715276,578.5029296875,928000
2022-08-26 00:00:00+00:00,577.0506097722727,578.2857352212715,556.8044430617007,557.0020751953125,771900
2022-08-29 00:00:00+00:00,554.4329381444417,555.4210384324754,548.741470835951,550.0655517578125,704500
2022-08-30 00:00:00+00:00,550.7869733101661,552.2494030853852,543.9394439642897,547.6942138671875,1058300
2022-08-31 00:00:00+00:00,549.5516113884748,552.4863000228864,537.8426494195257,538.8307495117188,1166600
2022-09-01 00:00:00+00:00,535.9851772449691,544.4235328530594,535.0958627716174,544.1962890625,913900
2022-09-02 00:00:00+00:00,547.1802634832554,551.2314501532871,535.1254290601262,537.0818481445312,796900
2022-09-06 00:00:00+00:00,540.7477799915386,546.5578145820105,535.2341634293854,538.6629028320312,1043300
2022-09-07 00:00:00+00:00,536.9336616296516,547.6940267489964,535.3230535124613,545.1546020507812,1139800
2022-09-08 00:00:00+00:00,543.356390428853,560.4307326084468,540.7774027573204,559.818115234375,1854800
2022-09-09 00:00:00+00:00,559.6502585193421,565.5096872666493,559.185819922195,562.6244506835938,1146600
2022-09-12 00:00:00+00:00,562.4760115682164,573.2265460474912,560.7171643492778,572.2977294921875,1097200
2022-09-13 00:00:00+00:00,558.2766159864747,562.6242810132723,550.5793370984844,553.1582641601562,1642800
2022-09-14 00:00:00+00:00,556.2230581154755,563.8553138111176,546.3367571851359,551.7841186523438,1139400
2022-09-15 00:00:00+00:00,553.6329354109629,554.5820421659284,543.9937905533612,545.7041015625,890400
2022-09-16 00:00:00+00:00,541.4234248729458,541.7694213522904,530.3408571403319,535.1258544921875,1835500
2022-09-19 00:00:00+00:00,529.6586440235545,533.8702184444375,525.120804732282,533.5340576171875,1072500
2022-09-20 00:00:00+00:00,527.1572593506286,529.4014687585924,522.5008506715106,526.1093139648438,1053800
2022-09-21 00:00:00+00:00,527.058465948825,534.0678797997497,518.2399024884857,519.7129516601562,1268900
2022-09-22 00:00:00+00:00,516.074803748179,520.9685347696237,512.6739138195757,514.3743286132812,1137500
2022-09-23 00:00:00+00:00,510.4791322495485,515.5903933547713,507.2067690049455,514.86865234375,1366300
2022-09-26 00:00:00+00:00,510.27152065025615,515.046560272747,505.5755279848945,508.4623107910156,991900
2022-09-27 00:00:00+00:00,511.30956937434075,512.3080953626386,499.8315589981597,502.8765563964844,1166500
2022-09-28 00:00:00+00:00,504.87365289167803,515.2839576469397,501.7990275149212,511.9423828125,1866700
2022-09-29 00:00:00+00:00,509.0554923184243,512.1400737084349,506.6037090081304,510.7361755371094,1074600
2022-09-30 00:00:00+00:00,508.9467390272456,515.6595757029853,500.978383216671,501.42327880859375,1697200
2022-10-03 00:00:00+00:00,506.979382508884,520.8894147997675,503.83554613512814,516.9843139648438,2462900
2022-10-04 00:00:00+00:00,524.6858311302536,535.4718212328022,523.2720970764767,533.7911376953125,1195300
2022-10-05 00:00:00+00:00,529.708031763285,542.6788547356712,527.9285095297387,540.0590209960938,1167400
2022-10-06 00:00:00+00:00,538.1508436900025,540.0984156921121,531.1019074481374,534.4434814453125,971700
2022-10-07 00:00:00+00:00,528.9171904174301,529.7080825591595,514.97752785319,517.6566772460938,976800
2022-10-10 00:00:00+00:00,518.1311157625424,518.1311157625424,504.1419773282267,505.03173828125,947900
2022-10-11 00:00:00+00:00,501.24536349847983,501.9472824312953,491.12177062026933,495.1158447265625,1667200
2022-10-12 00:00:00+00:00,496.6976848599973,498.3684722526361,492.7530601559062,494.97747802734375,1098900
2022-10-13 00:00:00+00:00,483.61807445786496,508.91714575771937,482.7085516437568,504.7352294921875,1737600
2022-10-14 00:00:00+00:00,508.2350027842257,511.5270977275498,496.43075641728075,497.33038330078125,1267500
2022-10-17 00:00:00+00:00,504.52763974177674,515.2641794674115,503.4994860503911,511.34918212890625,1071100
2022-10-18 00:00:00+00:00,524.745148390854,526.6531973699908,515.372893386632,518.4376831054688,970400
2022-10-19 00:00:00+00:00,508.1559194120074,509.945337648429,493.0002318221176,499.8612976074219,1947800
2022-10-20 00:00:00+00:00,493.079196129509,496.4603238923148,480.0391644487975,481.3243713378906,3267100
2022-10-21 00:00:00+00:00,480.63240895663057,491.2898401373413,472.87165670338834,491.09210205078125,2836900
2022-10-24 00:00:00+00:00,494.0481009992468,503.44995216837407,490.1133425766526,499.26806640625,1818800
2022-10-25 00:00:00+00:00,501.8780159693507,511.75445023461975,498.9615755571589,508.7687683105469,2382800
2022-10-26 00:00:00+00:00,494.31505449723534,511.70508466457306,489.57950782738476,497.28094482421875,2446900
2022-10-27 00:00:00+00:00,492.9803789355208,501.64078801322177,484.5473656355943,492.6541442871094,2334800
2022-10-28 00:00:00+00:00,495.5508408051955,502.68875137982684,493.9393689045585,498.11138916015625,2017100
2022-10-31 00:00:00+00:00,494.70054756368376,510.5976734698486,494.70054756368376,508.1260986328125,2875200
2022-11-01 00:00:00+00:00,510.66697579645665,519.9799148874321,507.16724692646034,511.8039245605469,2112100
2022-11-02 00:00:00+00:00,510.1331275705968,510.1331275705968,484.55727191290896,485.3976135253906,1803300
2022-11-03 00:00:00+00:00,478.6056939114821,485.2492892609665,470.360522658473,481.4035339355469,1471500
2022-11-04 00:00:00+00:00,487.66154354473775,490.0639375433929,478.328873274553,489.9156188964844,1772200
2022-11-07 00:00:00+00:00,493.3264245324364,494.4040277310838,484.1321765843391,486.5048828125,1340900
2022-11-08 00:00:00+00:00,488.6403606454843,495.0367990936611,482.25378798306446,486.5741271972656,2003100
2022-11-09 00:00:00+00:00,485.891959027052,490.3111370229627,478.2300753323265,479.19891357421875,1061000
2022-11-10 00:00:00+00:00,501.25504159554794,514.7498315577179,500.48391160258353,514.660888671875,1937600
2022-11-11 00:00:00+00:00,520.8696818889409,539.2582394323404,520.6324203004527,532.5552978515625,2422500
2022-11-14 00:00:00+00:00,534.4237393368256,536.0253151484771,528.106379001318,528.689697265625,1458400
2022-11-15 00:00:00+00:00,537.6072057361356,546.5938809881559,534.3348421208217,539.881103515625,1531400
2022-11-16 00:00:00+00:00,539.7921170012986,541.9473237073558,525.1801329289517,529.9157104492188,1133700
2022-11-17 00:00:00+00:00,523.2027477838737,525.3184304987052,513.1385014680893,523.8651733398438,1281800
2022-11-18 00:00:00+00:00,535.1552880495693,536.9842293623888,523.3609397175013,529.154296875,1228400
2022-11-21 00:00:00+00:00,526.7223509514039,533.8602310021429,526.4850290510255,530.1825561523438,1329600
2022-11-22 00:00:00+00:00,534.8587466901516,539.2482664739733,531.5270682882831,538.5562133789062,1503600
2022-11-23 00:00:00+00:00,539.455789104942,546.5344133004511,536.8260600020142,541.0672607421875,823600
2022-11-25 00:00:00+00:00,544.231053235147,548.1559466803154,541.1465317018989,544.982421875,549200
2022-11-28 00:00:00+00:00,537.1227944841298,543.7466291253515,532.0412205955065,533.8900146484375,1822700
2022-11-29 00:00:00+00:00,529.3720178251784,534.2459581074559,524.5474969911224,533.6132202148438,1195600
2022-11-30 00:00:00+00:00,535.155431586189,555.5904017050744,533.7219056732022,553.8504028320312,3132200
2022-12-01 00:00:00+00:00,561.1959460537284,562.8568375158958,548.1361196475063,558.1410522460938,1423900
2022-12-02 00:00:00+00:00,547.2462922697672,558.3782770220143,544.0234087806717,556.5987548828125,1014400
2022-12-05 00:00:00+00:00,549.5398859795832,553.2868324933661,545.6743690280978,550.8745727539062,1824100
2022-12-06 00:00:00+00:00,546.158887073362,550.1233039531469,539.594367859484,544.2706298828125,1969700
2022-12-07 00:00:00+00:00,544.1816028701376,552.8914324091487,544.1816028701376,551.7940673828125,952000
2022-12-08 00:00:00+00:00,553.7614580367758,562.5404993457819,550.43967493099,561.4925537109375,1160400
2022-12-09 00:00:00+00:00,557.5872614396118,564.6065095659434,552.96048076648,553.860107421875,1157100
2022-12-12 00:00:00+00:00,558.9516934709923,562.4020028821033,556.9942251726984,561.1464233398438,1163000
2022-12-13 00:00:00+00:00,570.2812412200037,578.0617529301413,560.3059399732307,564.88330078125,1867300
2022-12-14 00:00:00+00:00,562.9347397784395,569.8983894413958,557.583468666154,561.0751342773438,2079900
2022-12-15 00:00:00+00:00,555.2986391401862,555.5459265093283,544.9521138810401,547.7810668945312,1366900
2022-12-16 00:00:00+00:00,543.4387221037547,544.8531985468038,525.792269672355,530.6193237304688,2336400
2022-12-19 00:00:00+00:00,528.0573597499836,529.1355591124985,521.548800453534,524.4172973632812,1053400
2022-12-20 00:00:00+00:00,524.061347526832,525.1691902497732,514.3676935146468,522.7655639648438,988600
2022-12-21 00:00:00+00:00,525.6933385244288,535.1891481937855,523.7347817457988,534.0318603515625,1208300
2022-12-22 00:00:00+00:00,528.9179551061817,533.4878810234055,521.9840683036309,533.2900390625,1103300
2022-12-23 00:00:00+00:00,532.1424565261984,537.1970547192799,529.5212474229769,534.8131713867188,621400
2022-12-27 00:00:00+00:00,534.8133670368074,542.8848611070366,530.9952642948039,539.521728515625,1050000
2022-12-28 00:00:00+00:00,541.4407495169565,547.0294692843037,537.187418023715,537.5137939453125,826800
2022-12-29 00:00:00+00:00,542.6572462504191,555.476644407235,540.2140761735601,550.9661254882812,1027400
2022-12-30 00:00:00+00:00,546.8019351008429,548.9780764876273,539.3338670358177,544.71484375,686000
2023-01-03 00:00:00+00:00,547.2864042401394,550.0659114078805,541.0349733077105,547.1776123046875,1785800
2023-01-04 00:00:00+00:00,553.2312483385849,561.6489194073584,548.9383737436957,555.8228149414062,1935800
2023-01-05 00:00:00+00:00,549.7594264835732,558.1969014283038,546.3073040892596,550.89697265625,2220000
2023-01-06 00:00:00+00:00,549.7298249707044,549.7298249707044,517.1076884872446,529.195068359375,2938100
2023-01-09 00:00:00+00:00,532.8944480725786,546.9502856815957,531.1832385767515,540.1647338867188,1871200
2023-01-10 00:00:00+00:00,541.5296070020862,566.4166403566034,541.4900627593063,561.8665771484375,2102800
2023-01-11 00:00:00+00:00,564.9230795032663,578.5634299026441,561.8764820207876,576.2389526367188,2013500
2023-01-12 00:00:00+00:00,575.6552464301757,580.165825645027,570.6007074936489,575.2299194335938,1635200
2023-01-13 00:00:00+00:00,572.3713776400654,578.5139573461441,566.258380651945,577.5050659179688,2040500
2023-01-17 00:00:00+00:00,578.6524313248053,584.8840608183403,575.4178932867927,581.4813842773438,2086300
2023-01-18 00:00:00+00:00,584.7158958889407,590.3738015383068,572.4702213564863,573.756103515625,1749700
2023-01-19 00:00:00+00:00,568.7906942576109,580.7890227463865,567.4751084527586,577.5248413085938,1636000
2023-01-20 00:00:00+00:00,580.6307359514318,588.8901098349742,578.6029916227727,587.2184448242188,2394700
2023-01-23 00:00:00+00:00,586.7734343453969,602.6096681450746,583.5982425120626,598.2574462890625,2307200
2023-01-24 00:00:00+00:00,603.2327507287256,603.2327507287256,570.5216324783137,574.4188232421875,2102600
2023-01-25 00:00:00+00:00,564.9527174214016,569.7698702843585,560.7685743061338,569.0774536132812,1238300
2023-01-26 00:00:00+00:00,569.7797372350165,572.242709492195,561.1543233853537,571.1051635742188,1210800
2023-01-27 00:00:00+00:00,568.6620007463333,571.2436661297204,562.0247866952267,567.40576171875,1110000
2023-01-30 00:00:00+00:00,561.6093953532932,564.6757344598661,554.6754481379337,558.1671142578125,1221500
2023-01-31 00:00:00+00:00,556.080069861189,564.4383953790517,551.9454321126908,564.1416625976562,1799800
2023-02-01 00:00:00+00:00,579.7306376368161,591.0563507348458,570.076529179921,580.98681640625,2627500
2023-02-02 00:00:00+00:00,585.2501373339321,588.7121609954904,580.7000732421875,580.7000732421875,2312500
2023-02-03 00:00:00+00:00,578.2171562145974,586.4073420182928,576.3279074724844,581.3824462890625,1283200
2023-02-06 00:00:00+00:00,574.2605933984817,577.4951313692978,567.1980519451812,569.918212890625,1119500
2023-02-07 00:00:00+00:00,564.5867959820139,579.9779602067263,563.2316055870028,576.8225708007812,1171100
2023-02-08 00:00:00+00:00,572.2822941078622,578.7414688907312,569.7797774337988,572.9450073242188,907200
2023-02-09 00:00:00+00:00,576.337902199238,576.9907747699209,561.5402622357965,562.7568969726562,960800
2023-02-10 00:00:00+00:00,560.9566296224708,565.5067541234687,557.2374173709619,565.2099609375,763700
2023-02-13 00:00:00+00:00,568.4345500750386,570.9667704862097,562.8359902345616,568.760986328125,997600
2023-02-14 00:00:00+00:00,569.6412966945435,572.8164278207405,560.4817630403354,565.2791137695312,850100
2023-02-15 00:00:00+00:00,562.2920673966353,564.3198122330201,556.6638031166467,560.6797485351562,1038400
2023-02-16 00:00:00+00:00,550.0858492031264,559.2651861110281,545.3181410728884,551.530029296875,1173700
2023-02-17 00:00:00+00:00,546.9204909490823,555.3975088867041,546.9007490138664,553.626953125,1182400
2023-02-21 00:00:00+00:00,542.6968921870252,548.2262040308643,538.225917170021,544.7938842773438,1395200
2023-02-22 00:00:00+00:00,544.0321387256474,547.2864183303315,538.7995604346884,542.4495239257812,1705300
2023-02-23 00:00:00+00:00,547.3655873873143,551.6189176452338,540.9658198799619,544.9718627929688,1160200
2023-02-24 00:00:00+00:00,538.7006498097121,540.7283940411393,533.3196745632516,536.900390625,852600
2023-02-27 00:00:00+00:00,542.5385545162678,548.4042033191487,535.1595384980363,535.4760131835938,1110600
2023-02-28 00:00:00+00:00,534.5462038751848,539.3139112563412,533.0427378317899,535.881591796875,1188800
2023-03-01 00:00:00+00:00,533.4879898269259,536.7323692304767,530.4413920517273,532.6768798828125,1126000
2023-03-02 00:00:00+00:00,529.0268325298549,544.9026695863804,526.1483737383861,542.7957763671875,941200
2023-03-03 00:00:00+00:00,549.4328950244291,554.4478892485816,543.666137668357,553.3696899414062,1153600
2023-03-06 00:00:00+00:00,553.4391484281999,561.1644050323937,549.2946088442604,552.4598999023438,1163100
2023-03-07 00:00:00+00:00,554.7249306986378,556.9010716811352,542.1924233924444,542.8749389648438,1012800
2023-03-08 00:00:00+00:00,542.3309442807877,553.7556095092938,539.6107830181483,548.730712890625,1453000
2023-03-09 00:00:00+00:00,550.1156220230324,558.2859477162256,544.9917735213492,547.20751953125,1013200
2023-03-10 00:00:00+00:00,545.8818776708471,549.5120390852045,534.0912336598083,537.9291381835938,1081700
2023-03-13 00:00:00+00:00,537.5927668076995,545.4367138535312,532.2117919664607,535.6837158203125,1405800
2023-03-14 00:00:00+00:00,544.9284703801048,555.7468598490716,539.4351520153645,550.2832641601562,1409800
2023-03-15 00:00:00+00:00,541.5828977196786,544.3840178541606,529.0224713276207,537.1585693359375,1918900
2023-03-16 00:00:00+00:00,534.2585759182093,552.8765097512266,534.2585759182093,551.4017333984375,1135800
2023-03-17 00:00:00+00:00,549.6399350897876,549.6399350897876,538.4058498549597,541.7513427734375,1947900
2023-03-20 00:00:00+00:00,541.17708717314,549.2042621149518,540.0091433078989,544.9481811523438,897200
2023-03-21 00:00:00+00:00,548.7193069512705,553.0842504669595,546.0270490827157,551.015625,1000100
2023-03-22 00:00:00+00:00,551.0157376417636,562.2003451009962,548.6303115017539,548.6600341796875,928400
2023-03-23 00:00:00+00:00,552.2826698758951,554.8561585621136,544.7602946034577,549.5211791992188,951600
2023-03-24 00:00:00+00:00,542.9191558701267,552.9555717898035,538.752121861883,552.5596923828125,1012600
2023-03-27 00:00:00+00:00,558.043091414413,562.3684650175722,555.3014166437187,555.9546508789062,865600
2023-03-28 00:00:00+00:00,554.2720574076793,556.9544079507231,545.3144770205304,548.5708618164062,828800
2023-03-29 00:00:00+00:00,553.6482957811457,554.8459620793487,547.5709775331446,549.4813232421875,1239600
2023-03-30 00:00:00+00:00,554.2818521851318,558.5181781959863,551.1739001579454,557.2214965820312,1219900
2023-03-31 00:00:00+00:00,561.1808195452354,570.7916955527597,557.9046193254587,570.48486328125,1438700
2023-04-03 00:00:00+00:00,563.694865963435,567.2580829755851,560.3394660229642,564.2491455078125,1034400
2023-04-04 00:00:00+00:00,565.5556237249206,574.3152333333153,563.1306282816003,570.2966918945312,1085600
2023-04-05 00:00:00+00:00,570.6234389942381,574.1767487504578,564.1007009261502,573.939208984375,1035600
2023-04-06 00:00:00+00:00,574.9189989724682,575.8395560370415,566.4959441199777,569.4751586914062,780700
2023-04-10 00:00:00+00:00,566.8819999546757,568.495361328125,559.5179652306682,568.495361328125,672600
2023-04-11 00:00:00+00:00,570.5936446942046,575.6118830645987,568.5349267052766,570.4946899414062,1158800
2023-04-12 00:00:00+00:00,577.2944666179243,580.6597735713818,571.7516720719196,573.4342651367188,847800
2023-04-13 00:00:00+00:00,579.2839373674418,586.0738756144228,576.0572154637125,585.093994140625,1101900
2023-04-14 00:00:00+00:00,580.4123657373274,583.5202576696496,576.067176989651,582.8274536132812,834900
2023-04-17 00:00:00+00:00,584.1142188320506,584.3616661345268,578.2744383288369,582.5899047851562,783500
2023-04-18 00:00:00+00:00,587.1132687570795,587.1132687570795,578.7099677441647,578.8881225585938,1158700
2023-04-19 00:00:00+00:00,569.9107009329382,574.7903544327692,565.4962797706729,573.99853515625,1409400
2023-04-20 00:00:00+00:00,560.220598634822,562.0418370561556,554.6381739304812,560.1513061523438,2100900
2023-04-21 00:00:00+00:00,563.0614070203651,567.1393339061428,561.0422586943399,565.8427124023438,959200
2023-04-24 00:00:00+00:00,565.6842698444207,570.5639227206664,564.1797711229417,568.4358520507812,895100
2023-04-25 00:00:00+00:00,558.389572832069,560.7155531685235,539.9299810298845,542.7805786132812,2495500
2023-04-26 00:00:00+00:00,522.6087167173338,537.8316800031538,511.93875975328996,527.6863403320312,4020100
2023-04-27 00:00:00+00:00,528.052469472307,540.0981855531763,526.15209137099,537.4752807617188,2148400
2023-04-28 00:00:00+00:00,537.772293585148,553.4901514458054,537.772293585148,549.2340698242188,2046900
2023-05-01 00:00:00+00:00,550.3129260216176,551.1245604716547,539.7419838778192,542.8994140625,1979800
2023-05-02 00:00:00+00:00,539.2865411537424,545.8785700748539,535.406584982823,538.26708984375,1060900
2023-05-03 00:00:00+00:00,544.4334654944953,552.5002705741872,543.6317387648271,544.7996826171875,1430200
2023-05-04 00:00:00+00:00,546.9574359969358,548.2442101647198,537.1783147933737,540.0685424804688,1243500
2023-05-05 00:00:00+00:00,547.4126864034258,548.7390302070693,536.3864227571772,540.8009033203125,962400
2023-05-08 00:00:00+00:00,543.8396413088416,544.3840132396947,535.5650188064623,537.039794921875,1029100
2023-05-09 00:00:00+00:00,529.576747255898,531.9819275600698,523.8161673472173,529.2006225585938,1225100
2023-05-10 00:00:00+00:00,533.8824243006884,534.4069811754634,524.5882889837892,528.0525512695312,1586100
2023-05-11 00:00:00+00:00,526.6570570645057,530.2697520493905,519.6988087348952,524.3804931640625,2326300
2023-05-12 00:00:00+00:00,526.3204484574329,529.5075409341392,516.1157234200392,519.29296875,1518200
2023-05-15 00:00:00+00:00,518.8969507246701,519.9164625249667,514.8289319045483,518.332763671875,1383800
2023-05-16 00:00:00+00:00,515.9374010485775,517.3626995621864,513.8687155485769,514.4428100585938,903500
2023-05-17 00:00:00+00:00,517.0261574968029,521.9949175120905,507.69245465756114,516.3432006835938,1284600
2023-05-18 00:00:00+00:00,515.4723542930507,519.2830793932281,513.3640982245336,518.1942749023438,1073300
2023-05-19 00:00:00+00:00,517.6992231878762,526.3103996763198,517.3330060863199,521.9949340820312,1313300
2023-05-22 00:00:00+00:00,522.0345263628319,529.1808347526305,521.9751414360217,523.6182250976562,1161000
2023-05-23 00:00:00+00:00,520.975395380755,523.8952848976593,514.4032425937463,519.7381591796875,1629400
2023-05-24 00:00:00+00:00,504.7924470667434,509.2464980702735,493.4098722799443,505.5050964355469,2482800
2023-05-25 00:00:00+00:00,508.7219754732231,516.9768447832133,505.08946567220585,515.3239135742188,2262200
2023-05-26 00:00:00+00:00,522.2920000801168,527.2706691568135,516.4918493975264,516.6898193359375,1603700
2023-05-30 00:00:00+00:00,518.4713415873176,521.0645842362561,507.87067841494706,508.9693298339844,1793800
2023-05-31 00:00:00+00:00,508.42495071877596,508.42495071877596,496.5376041529367,503.2681579589844,4052200
2023-06-01 00:00:00+00:00,507.8905989720859,516.323623316411,503.3177771433325,514.0767822265625,1830100
2023-06-02 00:00:00+00:00,519.2233998216899,521.7770113022355,513.37371447366,514.8287353515625,2564300
2023-06-05 00:00:00+00:00,518.70887603873,519.1048158455709,508.1775054608611,513.2848510742188,1477400
2023-06-06 00:00:00+00:00,516.6699051026648,517.8477565365216,507.4648786458657,510.988525390625,1723000
2023-06-07 00:00:00+00:00,509.2762807012259,517.8676439545555,507.3659343278509,515.4624633789062,1649400
2023-06-08 00:00:00+00:00,515.3337158375518,517.4122487697018,509.89972296671664,509.98883056640625,1580500
2023-06-09 00:00:00+00:00,512.6711303989532,516.4619787591354,509.37511612511776,512.8888549804688,1041600
2023-06-12 00:00:00+00:00,514.6804802528405,519.3819789876509,511.3943728350772,518.3427124023438,1246100
2023-06-13 00:00:00+00:00,520.1143408130887,522.0246264674396,517.6794983662035,520.6785278320312,1328800
2023-06-14 00:00:00+00:00,522.7882939413978,522.9863956731974,513.7058403591462,515.1519165039062,1996500
2023-06-15 00:00:00+00:00,515.1915056799578,531.1674398756714,513.9633595924874,529.9987182617188,1723400
2023-06-16 00:00:00+00:00,533.5742051087395,536.9021568785282,528.3050740819042,532.1677856445312,3428000
2023-06-20 00:00:00+00:00,507.1094996575597,525.7200003529168,502.3058196409778,522.3624267578125,2115400
2023-06-21 00:00:00+00:00,519.9754174478262,525.3832866592729,517.7667371935205,520.92626953125,1617800
2023-06-22 00:00:00+00:00,521.1242088489736,524.9374092447046,516.4690914312803,523.2635498046875,945600
2023-06-23 00:00:00+00:00,518.2025794068372,524.6602614241771,517.4696573134844,519.2029418945312,3779700
2023-06-26 00:00:00+00:00,518.0241129125126,521.1539018764039,510.9522999487295,517.0435791015625,956900
2023-06-27 00:00:00+00:00,515.3698332031836,517.3209871031058,498.50247166035604,504.752197265625,2036000
2023-06-28 00:00:00+00:00,506.51519034495806,506.5251044990476,501.8105615165394,505.2771301269531,1395200
2023-06-29 00:00:00+00:00,505.1286022891476,510.2294349048934,501.2460318897237,509.4766845703125,999200
2023-06-30 00:00:00+00:00,511.5466155528908,518.6085153449565,511.0117953414473,516.7662963867188,1315500
2023-07-03 00:00:00+00:00,514.3793334241011,516.2809768146396,510.4373089508954,514.1514892578125,616200
2023-07-05 00:00:00+00:00,515.2607973388011,518.5590064487773,513.1907946564975,515.6272583007812,1432800
2023-07-06 00:00:00+00:00,509.8727991853109,514.1119464324178,504.1579240415817,512.378662109375,1506400
2023-07-07 00:00:00+00:00,510.08076439072005,514.4981846179277,508.40690470696336,508.8228759765625,1020700
2023-07-10 00:00:00+00:00,507.59465586832897,513.9632288779334,506.3070856348046,511.9129943847656,1026600
2023-07-11 00:00:00+00:00,511.3683616117223,515.1617949072576,510.34823146459865,514.3001098632812,1310900
2023-07-12 00:00:00+00:00,520.688467937998,524.4719867564063,518.984865850958,520.8964233398438,1678200
2023-07-13 00:00:00+00:00,529.8896621411917,531.3258237832187,519.0244769644111,521.6194458007812,1364200
2023-07-14 00:00:00+00:00,524.610625358438,526.8391335713656,520.2922861743488,524.3035888671875,953000
2023-07-17 00:00:00+00:00,521.2926704581687,522.0949310306493,514.3001090325484,520.2427978515625,1290800
2023-07-18 00:00:00+00:00,520.5102217111139,520.7676874386401,514.7556601861835,518.6778564453125,1461100
2023-07-19 00:00:00+00:00,521.9563353571032,534.2676003636376,521.9167391882312,530.4345703125,1715400
2023-07-20 00:00:00+00:00,532.1974554401505,536.4167737088277,525.3930823287147,533.1284790039062,1147400
2023-07-21 00:00:00+00:00,533.5147350345527,559.325809526148,525.8189945768509,556.8200073242188,2755800
2023-07-24 00:00:00+00:00,554.6509317173485,567.0909573392086,553.779332559906,566.0609130859375,3196700
2023-07-25 00:00:00+00:00,550.174118391365,574.5490932787728,549.0053968299536,565.4567260742188,3073900
2023-07-26 00:00:00+00:00,549.6591112092859,569.5076697991623,549.6591112092859,568.9232788085938,3559300
2023-07-27 00:00:00+00:00,569.9039987353488,571.8848954143702,554.0369969916926,554.6708984375,2260900
2023-07-28 00:00:00+00:00,557.037863824557,560.2865624608872,548.4804385758965,556.4832153320312,1642800
2023-07-31 00:00:00+00:00,552.0955238668683,552.3530500269708,541.2005955386272,543.419189453125,2144800
2023-08-01 00:00:00+00:00,541.3096934265681,545.4398455676951,537.4766032081515,540.6262817382812,1517500
2023-08-02 00:00:00+00:00,538.7047767358616,550.580240465124,537.427059924039,548.4705810546875,1398700
2023-08-03 00:00:00+00:00,545.033758411157,547.4306867574849,540.1013453560857,543.1420288085938,1103200
2023-08-04 00:00:00+00:00,542.2802029681333,549.6887347838855,541.547281108562,543.3994140625,1102200
2023-08-07 00:00:00+00:00,544.7464677667574,549.2034843212126,541.6364461513534,546.5193481445312,737300
2023-08-08 00:00:00+00:00,547.8862585552241,551.5806717500247,540.3984719705762,550.4713745117188,1002100
2023-08-09 00:00:00+00:00,549.4708102458355,551.0753310351662,542.1414714793508,542.3494873046875,947100
2023-08-10 00:00:00+00:00,545.1128183920715,551.4517092783467,540.3785087565774,542.0523681640625,1168400
2023-08-11 00:00:00+00:00,537.8134808018415,542.0624826719136,535.7236491879102,538.5860595703125,925100
2023-08-14 00:00:00+00:00,535.5848901906047,537.1200728848145,533.2077902141638,535.1788330078125,1068400
2023-08-15 00:00:00+00:00,530.7018715497933,533.8217465780643,527.0570300477384,529.3251342773438,894600
2023-08-16 00:00:00+00:00,525.0267988470065,526.0667575367427,521.718674718748,523.8184204101562,980700
2023-08-17 00:00:00+00:00,525.7792800723678,533.0987050705342,524.7987462555699,530.8405151367188,1257000
2023-08-18 00:00:00+00:00,528.0474278391209,530.7612455151776,523.0951881522601,527.294677734375,1093700
2023-08-21 00:00:00+00:00,531.434817962468,531.434817962468,525.2841136393766,527.1759033203125,903800
2023-08-22 00:00:00+00:00,525.9279683230948,528.2059869805787,521.3223602388374,522.0156860351562,960700
2023-08-23 00:00:00+00:00,536.1394069477726,542.4188738958333,533.0392998572269,540.0318603515625,1769100
2023-08-24 00:00:00+00:00,539.9922956658352,544.3700591746751,532.7818047551319,532.8709716796875,1326200
2023-08-25 00:00:00+00:00,533.6434453413655,538.8532113881179,530.8405210837218,536.416748046875,749800
2023-08-28 00:00:00+00:00,539.1208587080646,541.408792002166,535.3670811854809,539.9825439453125,642700
2023-08-29 00:00:00+00:00,541.0223444467458,552.1450569356051,539.7546023514162,550.104736328125,1291400
2023-08-30 00:00:00+00:00,552.4421687648634,557.5627677059184,549.441082479169,553.660400390625,773500
2023-08-31 00:00:00+00:00,555.0470912612493,558.3056434647398,551.6300335223053,551.778564453125,1192100
2023-09-01 00:00:00+00:00,558.0680554218684,560.4550090064809,551.501378960374,551.8975219726562,1015500
2023-09-05 00:00:00+00:00,553.9379470044212,554.3440042031631,536.5258491912853,536.8328857421875,1404900
2023-09-06 00:00:00+00:00,535.7531481277177,540.2299927072758,530.8801605951263,531.573486328125,1217900
2023-09-07 00:00:00+00:00,530.1274250864703,533.5840792421435,525.6010700688762,526.5816040039062,1079200
2023-09-08 00:00:00+00:00,524.937455071852,527.5720202285496,507.8819690391911,513.3195190429688,1834900
2023-09-11 00:00:00+00:00,510.4868439085922,512.6757560379149,507.9414454132662,510.0213623046875,1555900
2023-09-12 00:00:00+00:00,510.0808071729061,510.0808071729061,504.4946649897177,506.1091003417969,1568000
2023-09-13 00:00:00+00:00,494.42178919692026,521.2926509719531,493.2530676937938,506.0199279785156,2359100
2023-09-14 00:00:00+00:00,510.55936529667673,513.6219145037766,502.0455861795548,511.0648498535156,1598300
2023-09-15 00:00:00+00:00,511.0647589671322,529.4501533720261,504.7909078958873,510.95574951171875,5179500
2023-09-18 00:00:00+00:00,510.93594324799227,510.93594324799227,502.79876794349525,503.2249755859375,1300100
2023-09-19 00:00:00+00:00,500.7371959153113,504.8900205626307,498.8441396712161,504.2259521484375,1181100
2023-09-20 00:00:00+00:00,506.83257842757956,507.37771639261206,499.6865616598561,500.41009521484375,1271300
2023-09-21 00:00:00+00:00,497.97200851141815,499.3397688228396,495.12747842014613,497.13946533203125,1606900
2023-09-22 00:00:00+00:00,498.43780584779165,502.66001691607283,497.1196201310832,498.32879638671875,1198000
2023-09-25 00:00:00+00:00,496.7825632395037,501.5498813648327,495.9202574009678,501.1732482910156,961500
2023-09-26 00:00:00+00:00,498.53695824818794,501.9464380762297,496.39611996685005,497.13946533203125,1190000
2023-09-27 00:00:00+00:00,498.1602802590798,500.0929901333394,490.528620011434,493.86871337890625,1344300
2023-09-28 00:00:00+00:00,497.59533770164126,502.89787362139606,495.90051886637536,498.5567321777344,1443300
2023-09-29 00:00:00+00:00,504.69180700629937,506.45601198158926,500.29120039435435,501.6788024902344,1380500
2023-10-02 00:00:00+00:00,498.6161942377739,502.49150472018897,486.3262245902763,491.3908996582031,1652100
2023-10-03 00:00:00+00:00,488.5265475001008,498.0413738255304,488.2292214651932,495.177001953125,1559400
2023-10-04 00:00:00+00:00,496.7628031226804,498.72524566084,491.4404554587307,497.9918212890625,1022100
2023-10-05 00:00:00+00:00,492.97672007407573,495.9996456137178,488.328331580917,493.6011047363281,917500
2023-10-06 00:00:00+00:00,491.42058548149964,497.70432689228033,488.69498629205344,494.1263427734375,1108400
2023-10-09 00:00:00+00:00,490.6078963348397,493.2442979528406,486.0388150914771,491.7278747558594,1182500
2023-10-10 00:00:00+00:00,491.1926519348402,495.10761588787335,488.5562503476357,491.7476806640625,1304900
2023-10-11 00:00:00+00:00,492.8082113495653,494.20570417168534,487.4263985270251,488.2589416503906,1207100
2023-10-12 00:00:00+00:00,487.47594805071657,491.4602680941945,466.4343088799614,478.2782897949219,2026200
2023-10-13 00:00:00+00:00,475.37427402013435,479.9730878249778,471.7764779725786,478.5657043457031,2004300
2023-10-16 00:00:00+00:00,478.5657152244786,487.68406618566996,476.018511377114,484.2052307128906,1247700
2023-10-17 00:00:00+00:00,474.74980583814494,485.6125486675522,473.4613529105795,480.4685974121094,1355200
2023-10-18 00:00:00+00:00,476.71224596602076,476.71224596602076,462.7274291296608,463.1139831542969,2134800
2023-10-19 00:00:00+00:00,468.1092630758465,472.47024600876455,463.2824794967436,465.50262451171875,2014500
2023-10-20 00:00:00+00:00,465.34407463943694,467.0190817870527,459.13960957793,460.23974609375,1599300
2023-10-23 00:00:00+00:00,457.6529371376612,465.3044395380101,455.89865306444335,457.71240234375,1897500
2023-10-24 00:00:00+00:00,447.92005729077897,454.7786700432799,443.17258032044964,454.19390869140625,2376600
2023-10-25 00:00:00+00:00,419.2467592597159,434.94620874280434,411.9124248397567,429.33642578125,7906700
2023-10-26 00:00:00+00:00,427.30463992126573,441.37862687179035,425.371929939287,436.2545166015625,2971200
2023-10-27 00:00:00+00:00,435.66975422740484,436.05627807483097,423.57799129716403,427.5821533203125,2495600
2023-10-30 00:00:00+00:00,428.34524986847384,431.48713569567815,416.4814587381554,430.25811767578125,2946500
2023-10-31 00:00:00+00:00,432.61698701786537,442.63729607847387,429.306626678163,440.8235168457031,2895400
2023-11-01 00:00:00+00:00,441.1803950792863,441.1803950792863,430.14914601144073,437.196044921875,2275400
2023-11-02 00:00:00+00:00,440.89293673152247,444.163674021745,438.00875349474273,443.5987243652344,1713900
2023-11-03 00:00:00+00:00,450.6555949026242,456.4834272373272,447.59301571587713,450.70513916015625,1921800
2023-11-06 00:00:00+00:00,452.64772135878695,455.40305325980404,448.2371940286095,450.98260498046875,1613800
2023-11-07 00:00:00+00:00,449.852734845702,459.73427240474535,448.0984206694944,455.1651611328125,1708700
2023-11-08 00:00:00+00:00,457.4150575702992,459.89287521179847,449.05983349559784,450.2789306640625,1848100
2023-11-09 00:00:00+00:00,454.4713737713291,454.76869976654115,439.12871723569424,440.3279724121094,2042400
2023-11-10 00:00:00+00:00,439.8820295029075,445.1746444997196,433.38023825423056,444.45111083984375,1896500
2023-11-13 00:00:00+00:00,441.5768284267657,442.8454698266729,435.2137795285016,441.2001953125,1675000
2023-11-14 00:00:00+00:00,452.7568153642834,458.13862881949956,451.18092674049757,455.1850891113281,1822400
2023-11-15 00:00:00+00:00,460.53709732293714,470.6168424534715,459.87302889280693,466.36492919921875,2184000
2023-11-16 00:00:00+00:00,467.87143579096124,470.48802573813276,464.5511541028994,468.2778015136719,1613400
2023-11-17 00:00:00+00:00,470.7853820399327,470.7853820399327,460.05148863801395,462.2815246582031,1556300
2023-11-20 00:00:00+00:00,462.8860929480773,467.4948279599651,461.7661144743508,464.86834716796875,1183500
2023-11-21 00:00:00+00:00,474.0362845139574,485.96946367829196,472.222535167045,478.1098327636719,2915900
2023-11-22 00:00:00+00:00,481.7670162968968,486.2171972558654,481.40030413310495,483.20416259765625,1463800
2023-11-24 00:00:00+00:00,484.16561581516686,486.67316631054024,482.4906085014051,486.4253845214844,722800
2023-11-27 00:00:00+00:00,484.8791681826711,489.04191381903286,483.8186549983737,485.7810974121094,2427100
2023-11-28 00:00:00+00:00,484.0862770463518,484.4133356574892,476.30592381558836,481.60845947265625,1549600
2023-11-29 00:00:00+00:00,485.5432424654856,491.40077668270976,485.5432424654856,488.5463562011719,1195800
2023-11-30 00:00:00+00:00,491.4999481274902,493.0857576184372,485.03780999187154,491.3612060546875,1914000
2023-12-01 00:00:00+00:00,486.5244576735202,494.7706420994301,485.25581624236463,491.7278747558594,1219700
2023-12-04 00:00:00+00:00,489.0914520473617,493.8885031972737,486.009031285075,490.9448547363281,1222300
2023-12-05 00:00:00+00:00,488.5959068565487,489.2500543442629,482.7383423157785,487.2380676269531,1613600
2023-12-06 00:00:00+00:00,490.6079104558967,492.2729967109396,487.28762864890615,489.428466796875,1241700
2023-12-07 00:00:00+00:00,490.1420281756959,493.8785660316853,487.94172505241954,489.7158508300781,2101800
2023-12-08 00:00:00+00:00,488.4372898920784,491.28181951604546,483.68978313728013,485.42425537109375,1871800
2023-12-11 00:00:00+00:00,488.1895603574785,493.0361863790696,486.9704631396234,490.5979919433594,2030900
2023-12-12 00:00:00+00:00,491.9260980136591,494.08677806947196,487.1092348478677,492.9568786621094,1420200
2023-12-13 00:00:00+00:00,494.16611702187583,514.2661758348928,492.4712979446718,513.9390869140625,2776700
2023-12-14 00:00:00+00:00,525.1959274849386,530.0458271814039,515.8631485101371,517.2417602539062,2763900
2023-12-15 00:00:00+00:00,516.4977856515004,519.1855149195575,513.4727584671907,513.7802734375,4354900
2023-12-18 00:00:00+00:00,516.8548360010254,519.5624206617457,511.3701731366027,514.3654174804688,1607300
2023-12-19 00:00:00+00:00,516.7359199776806,524.5214985273643,515.5457520343359,523.8074340820312,2569400
2023-12-20 00:00:00+00:00,523.6685260907876,528.121682469949,515.1093178765097,515.1688232421875,1497300
2023-12-21 00:00:00+00:00,513.8200139453605,522.7065322727182,513.8200139453605,522.2403564453125,1016600
2023-12-22 00:00:00+00:00,523.7578140521445,528.5481473220879,522.5775738549589,524.7098999023438,1081500
2023-12-26 00:00:00+00:00,522.5578623048726,526.8820814892765,521.4669101232598,525.354736328125,639100
2023-12-27 00:00:00+00:00,526.45543861716,528.6969081409321,524.9478887354483,527.28857421875,806000
2023-12-28 00:00:00+00:00,528.6275595706627,531.6029492117733,527.1398647501073,528.5680541992188,763400
2023-12-29 00:00:00+00:00,526.8522059976359,529.5895133091359,525.1760676012069,526.4356079101562,804300
2024-01-02 00:00:00+00:00,525.2157584468946,541.6200509621448,523.0437216643459,539.6860961914062,2310800
2024-01-03 00:00:00+00:00,538.3569716709403,539.2099019994732,523.6386872742659,524.4817504882812,2170300
2024-01-04 00:00:00+00:00,522.994166607514,535.4114788462093,522.994166607514,532.9517822265625,1831300
2024-01-05 00:00:00+00:00,529.589583217452,536.3338482928885,526.1182952369306,526.8720703125,1817200
2024-01-08 00:00:00+00:00,525.2852328401457,539.1009520756492,523.0735458153226,536.9388427734375,2126800
2024-01-09 00:00:00+00:00,534.1022684791809,554.6423351724528,532.2476138741317,537.4049072265625,2890000
2024-01-10 00:00:00+00:00,536.3535790989602,544.8532819189275,529.5002922812824,539.4678344726562,2026600
2024-01-11 00:00:00+00:00,539.071226551774,544.0400765904536,535.9767655168794,541.5209350585938,1983100
2024-01-12 00:00:00+00:00,544.0103050273996,548.5428222725963,538.3371975994451,539.8546752929688,2013100
2024-01-16 00:00:00+00:00,539.0512721549266,546.3211567314802,536.7403695885422,537.5536499023438,1838900
2024-01-17 00:00:00+00:00,534.3303956662719,541.4713429913485,532.4360908754982,534.8262939453125,1966300
2024-01-18 00:00:00+00:00,532.941848593127,542.5424924073608,531.5930198218389,539.953857421875,1728200
2024-01-19 00:00:00+00:00,540.6877888825802,548.741232684202,537.3950775562366,547.2237548828125,2124000
2024-01-22 00:00:00+00:00,548.3445158390994,554.1068517350569,546.0138180140302,548.850341796875,1818500
2024-01-23 00:00:00+00:00,551.6372154479211,552.4604234777065,540.8960425971894,546.2219848632812,1116600
2024-01-24 00:00:00+00:00,545.3393417446504,547.4618010181262,534.7172387945806,535.5602416992188,1842500
2024-01-25 00:00:00+00:00,538.7736385241068,543.2863614052627,533.229529523281,533.7948608398438,1748100
2024-01-26 00:00:00+00:00,549.4552929454344,551.8454960142413,542.1656124603927,542.8400268554688,3172300
2024-01-29 00:00:00+00:00,545.4881181865215,554.6027311645074,542.869760690956,553.1943969726562,2445900
2024-01-30 00:00:00+00:00,554.9102267573599,565.3240916026723,554.9102267573599,562.4677124023438,2301300
2024-01-31 00:00:00+00:00,558.6789066429008,561.3567690615683,533.368303377967,534.5584106445312,3589400
2024-02-01 00:00:00+00:00,537.6926350866072,549.3759678138318,529.857417560374,547.6998291015625,2163900
2024-02-02 00:00:00+00:00,544.5161944880138,549.901642819094,537.4446798121286,547.293212890625,1327500
2024-02-05 00:00:00+00:00,544.952533764974,552.4108023784778,542.1853827519594,547.0947875976562,1473700
2024-02-06 00:00:00+00:00,547.9576433119724,555.9019430308069,546.9261967355055,555.6837768554688,1328100
2024-02-07 00:00:00+00:00,557.3896241228496,561.356810059667,547.5014422318698,547.7791137695312,1451400
2024-02-08 00:00:00+00:00,547.6700395682233,548.3245986232562,537.0181548405982,546.3707885742188,1549300
2024-02-09 00:00:00+00:00,545.1409816351253,549.5842106753569,543.7920923612359,546.23193359375,1280800
2024-02-12 00:00:00+00:00,546.4798925282993,546.4798925282993,539.6463998520805,542.3738403320312,1073000
2024-02-13 00:00:00+00:00,536.9785143853208,541.7094036807471,530.0260103245378,534.181640625,1268000
2024-02-14 00:00:00+00:00,537.1966622981986,544.1888154058009,537.1966622981986,543.7722778320312,1297000
2024-02-15 00:00:00+00:00,542.7703905307715,548.6913847056978,540.8066534531673,544.0696411132812,1519000
2024-02-16 00:00:00+00:00,541.8382142673784,548.1559524664491,541.8382142673784,543.3457641601562,1028200
2024-02-20 00:00:00+00:00,540.3901285247563,545.8945859952714,537.9007100754104,543.6432495117188,989300
2024-02-21 00:00:00+00:00,541.6299379275677,548.4336469602067,539.8248611472745,548.3146362304688,786500
2024-02-22 00:00:00+00:00,550.4471359680665,556.140039004096,545.7559572253488,555.89208984375,1139600
2024-02-23 00:00:00+00:00,558.252521319374,562.0312637674641,556.2590005609916,560.0774536132812,970000
2024-02-26 00:00:00+00:00,558.7185553637498,561.3467792431959,556.4076530306118,558.8573608398438,758600
2024-02-27 00:00:00+00:00,560.3451504039966,563.161879014732,556.239159023249,561.525390625,901000
2024-02-28 00:00:00+00:00,560.5634753500793,568.3094047190923,560.3849592182776,567.3374633789062,1021400
2024-02-29 00:00:00+00:00,569.9359256416517,570.283030228877,562.8941336433676,565.5025634765625,1794200
2024-03-01 00:00:00+00:00,559.9287070610083,573.7543546045783,558.3815067283969,571.6021728515625,1466000
2024-03-04 00:00:00+00:00,570.6797298044735,577.7611108019682,566.8315545451514,576.8685302734375,1547700
2024-03-05 00:00:00+00:00,576.3627154370716,581.341553329226,575.2419805288023,579.8141479492188,1973300
2024-03-06 00:00:00+00:00,583.52346077807,593.4414260197094,581.0043193990978,586.6476440429688,1886800
2024-03-07 00:00:00+00:00,590.1188672129391,593.9967645623236,587.6393761742293,592.7570190429688,1819500
2024-03-08 00:00:00+00:00,592.1024771933938,598.8665362070404,591.0710306838178,592.7074584960938,1600300
2024-03-11 00:00:00+00:00,589.3055810770851,595.0679157728475,584.8028471875903,594.5125122070312,1380400
2024-03-12 00:00:00+00:00,593.9868911139109,595.6927518738195,589.8114064568416,592.3504028320312,1146300
2024-03-13 00:00:00+00:00,594.1159390983009,594.1159390983009,586.1914335121402,588.4527587890625,1035200
2024-03-14 00:00:00+00:00,586.5173351645503,590.6062191147429,576.8608283380282,580.4931640625,1758000
2024-03-15 00:00:00+00:00,570.8267819049943,580.235238091495,569.3976531535176,579.739013671875,1920100
2024-03-18 00:00:00+00:00,581.4361087021587,582.4186234393321,573.9331973032366,575.6699829101562,1554400
2024-03-19 00:00:00+00:00,576.8906949948788,579.8382389955091,572.841486737375,578.3197631835938,1053600
2024-03-20 00:00:00+00:00,576.662431828396,577.2380691617722,571.9383652856906,575.6699829101562,728700
2024-03-21 00:00:00+00:00,575.6203584683,582.6469135979854,573.2384568932047,579.7191772460938,1230500
2024-03-22 00:00:00+00:00,582.3888878758878,584.5424850913579,575.3623324966704,578.6870727539062,1061200
2024-03-25 00:00:00+00:00,578.806160277457,580.6124245927457,566.7776841332495,569.22900390625,1226800
2024-03-26 00:00:00+00:00,569.6755308014386,570.648111216784,563.552138822936,564.5247192382812,1784900
2024-03-27 00:00:00+00:00,568.1968664186265,575.3921209791706,566.7677375725957,574.9951171875,1525800
2024-03-28 00:00:00+00:00,574.9256776035967,577.8930903392251,571.8391758372212,576.8212890625,1081400
2024-04-01 00:00:00+00:00,576.6623912338192,577.1388078715435,568.5144249561882,573.089599609375,837600
2024-04-02 00:00:00+00:00,566.440259368447,568.0678902450636,561.5078169783782,567.244140625,1381300
2024-04-03 00:00:00+00:00,566.9165125032887,573.8835225105286,564.8919387442293,571.6505126953125,1151500
2024-04-04 00:00:00+00:00,576.0272569324864,577.6052773842069,564.2766955203539,566.30126953125,1231900
2024-04-05 00:00:00+00:00,565.9141336964885,579.4313422727628,564.7629197248187,575.0844116210938,1181300
2024-04-08 00:00:00+00:00,574.9751559837676,578.0120467194287,571.3626885896792,574.4293212890625,998900
2024-04-09 00:00:00+00:00,579.3717383966525,585.4752616333145,578.8258431454265,584.7507934570312,1026300
2024-04-10 00:00:00+00:00,572.9306691966162,575.2927018701445,567.5714827390826,569.3777465820312,1282800
2024-04-11 00:00:00+00:00,575.1836947053268,575.9776417279255,567.045601431572,570.2313842773438,1295500
2024-04-12 00:00:00+00:00,566.5989553161247,569.0602696937914,557.3989955207458,560.9618530273438,1201600
2024-04-15 00:00:00+00:00,566.4102901338374,566.4102901338374,550.3227355554405,553.6573486328125,1031700
2024-04-16 00:00:00+00:00,554.8186964164267,554.8186964164267,548.506734981338,550.3626098632812,1010300
2024-04-17 00:00:00+00:00,551.6625225215864,551.8014798780836,542.3236068619365,543.1175537109375,1610100
2024-04-18 00:00:00+00:00,530.7616808645241,540.7556489567401,525.6406709880852,537.4309692382812,2075800
2024-04-19 00:00:00+00:00,538.850122420225,542.0160367169856,535.0986366414634,540.6663208007812,1738400
2024-04-22 00:00:00+00:00,545.0034019041881,548.6853489896436,539.0487078023091,544.2391967773438,1522800
2024-04-23 00:00:00+00:00,563.2246657693793,572.533840980613,555.7713650920647,570.251220703125,2544000
2024-04-24 00:00:00+00:00,573.6354085292979,582.0315472152001,560.9618179224888,573.030029296875,2034900
2024-04-25 00:00:00+00:00,573.0400095444619,573.6255204641157,565.6759952156488,567.4127807617188,1184000
2024-04-26 00:00:00+00:00,563.6513820857068,570.6580682925542,562.6688674513122,569.2686157226562,1438200
2024-04-29 00:00:00+00:00,570.7474177180093,575.1141561751094,566.9859979281372,572.5338134765625,953800
2024-04-30 00:00:00+00:00,570.3603613370185,572.1070809899788,563.6811394430779,564.4254760742188,1515100
2024-05-01 00:00:00+00:00,565.5568650762484,577.5059875319727,564.107928579265,570.6481323242188,1171900
2024-05-02 00:00:00+00:00,575.1042359584792,575.4118926767317,561.2198863416062,566.9364013671875,1357400
2024-05-03 00:00:00+00:00,575.4616131743171,575.4616131743171,567.3135856671388,568.0579223632812,1749700
2024-05-06 00:00:00+00:00,571.0649343611223,572.0375753705245,566.0431458824231,569.218994140625,1140700
2024-05-07 00:00:00+00:00,567.1846002121054,572.236192245505,561.0711410602273,568.5442504882812,1890700
2024-05-08 00:00:00+00:00,568.3853794854684,571.0053983060585,563.4231354380559,569.308349609375,1598100
2024-05-09 00:00:00+00:00,569.8939060006925,574.6973852749019,568.1769888069298,573.5659790039062,1513300
2024-05-10 00:00:00+00:00,575.7890630255848,589.5444508560092,574.4393470554879,588.552001953125,1328800
2024-05-13 00:00:00+00:00,586.8053272103938,590.0407205738916,584.5028383101481,586.2396240234375,944600
2024-05-14 00:00:00+00:00,586.6960652152878,592.6706269785215,582.2201715575794,590.30859375,1040900
2024-05-15 00:00:00+00:00,595.4693456842352,597.4542435031827,590.5369036798024,594.4967651367188,1188700
2024-05-16 00:00:00+00:00,593.7325386719511,595.5586712521801,588.8000968454711,592.640869140625,1409400
2024-05-17 00:00:00+00:00,592.4422520528428,592.5910830103902,584.90953991373,590.8046875,1398400
2024-05-20 00:00:00+00:00,589.1473397373229,592.730065086227,588.2739800159469,589.5244750976562,805700
2024-05-21 00:00:00+00:00,589.5146470103095,589.5146470103095,580.9001978212266,585.6639404296875,1133200
2024-05-22 00:00:00+00:00,585.2172731154028,592.1247386430855,583.1827651687709,586.3387451171875,873000
2024-05-23 00:00:00+00:00,585.5448073119911,587.5297049638962,579.7488795157499,580.6123657226562,1185000
2024-05-24 00:00:00+00:00,581.5749967473345,583.5202182018946,576.9600855980453,579.6397094726562,883300
2024-05-28 00:00:00+00:00,577.2776584938246,577.5753810096666,564.8720488815311,568.2463989257812,1435500
2024-05-29 00:00:00+00:00,565.8050142707044,565.8050142707044,559.4136410850265,563.0162353515625,1324500
2024-05-30 00:00:00+00:00,547.3653771905639,559.7113834973126,546.1744263820062,558.5105590820312,2431300
2024-05-31 00:00:00+00:00,560.3266847031972,564.2865456530574,556.1683218820054,563.6910400390625,2106700
2024-06-03 00:00:00+00:00,565.0904850233023,569.2984586027414,558.7586562926816,565.279052734375,943700
2024-06-04 00:00:00+00:00,566.4798850885833,569.4175556355067,560.9718058155913,565.3683471679688,995000
2024-06-05 00:00:00+00:00,565.5469238375767,571.2336966459177,562.4405542510009,570.9359741210938,896100
2024-06-06 00:00:00+00:00,570.945796725262,577.277624342734,567.6211177755579,575.4614868164062,1153800
2024-06-07 00:00:00+00:00,575.1340622405784,581.5254354740852,572.7323529030057,576.7021484375,1231900
2024-06-10 00:00:00+00:00,575.6203064815585,577.8831188309621,571.511553894021,577.089111328125,1540500
2024-06-11 00:00:00+00:00,574.5783342485008,575.6203935357361,569.5763527509289,571.5414428710938,1407700
2024-06-12 00:00:00+00:00,574.8859452619392,577.5754429467664,570.2610995809357,571.3428955078125,1397900
2024-06-13 00:00:00+00:00,569.0304986017385,570.2909281147224,560.7336401629935,568.3060302734375,1304700
2024-06-14 00:00:00+00:00,568.9217386299515,569.1600790008731,562.8438167092219,568.1173095703125,1413700
2024-06-17 00:00:00+00:00,562.5557000247801,565.3860821878131,559.8742502508029,564.0950317382812,1318400
2024-06-18 00:00:00+00:00,565.6442913183765,568.1072220030147,560.7382512311901,565.2569580078125,1398100
2024-06-20 00:00:00+00:00,556.9941404125445,556.9941404125445,547.9170238433204,553.3792114257812,3071500
2024-06-21 00:00:00+00:00,554.8689836606783,564.6810651560716,554.2730721913798,560.7184448242188,3153300
2024-06-24 00:00:00+00:00,561.7215758701947,567.5810392767323,558.4542155159584,562.0592651367188,1557600
2024-06-25 00:00:00+00:00,560.9569012743771,564.4328397013871,552.3663434871156,552.694091796875,1942300
2024-06-26 00:00:00+00:00,552.9721258963677,557.5206565040127,551.0256392044784,554.3327026367188,1091400
2024-06-27 00:00:00+00:00,552.8926358084909,554.4220874202919,545.4541377110843,546.9935302734375,1506900
2024-06-28 00:00:00+00:00,549.1286551213703,554.431969834441,541.878854003228,549.1981811523438,6150900
2024-07-01 00:00:00+00:00,549.6451891320594,553.7368603678756,535.6917913049026,537.9957885742188,1459400
2024-07-02 00:00:00+00:00,535.6022952307379,537.8666495540914,529.7925376422343,530.25927734375,1316400
2024-07-03 00:00:00+00:00,529.3356923429657,536.098872028767,528.7696037470821,531.927734375,908300
2024-07-05 00:00:00+00:00,534.9469187929255,536.4564278940585,530.1798692908778,536.3869018554688,1233300
2024-07-08 00:00:00+00:00,537.7276483237914,539.2868621519749,531.7490152599426,532.6030883789062,1140100
2024-07-09 00:00:00+00:00,534.3908869365318,534.6292273401874,524.737676279523,528.2036743164062,1567500
2024-07-10 00:00:00+00:00,529.5840296948254,533.3082493129324,525.184492193168,533.1791381835938,1976200
2024-07-11 00:00:00+00:00,536.0492569413116,544.8582724400812,534.1722358030783,538.9591064453125,1402400
2024-07-12 00:00:00+00:00,538.9591211192811,547.8674251323883,537.1416850177529,544.322021484375,945200
2024-07-15 00:00:00+00:00,542.8323891240717,545.9011123830775,539.2571016436084,540.9354858398438,1326000
2024-07-16 00:00:00+00:00,545.4639958944796,551.9590725527086,543.9544264128409,551.6015014648438,1122100
2024-07-17 00:00:00+00:00,549.1982440709105,556.1104173911235,547.0630006117556,551.2440795898438,1131200
2024-07-18 00:00:00+00:00,547.8971608464279,553.3295257703757,534.0728771331927,536.9032592773438,1745000
2024-07-19 00:00:00+00:00,537.4296910114984,538.5022225140243,527.8261273135683,530.6763916015625,1667300
2024-07-22 00:00:00+00:00,536.9530426693434,543.3587130214837,532.2952825557063,542.6635131835938,1163700
2024-07-23 00:00:00+00:00,567.0446980854264,568.3059865569959,546.8842675201788,548.4434814453125,2005600
2024-07-24 00:00:00+00:00,549.1187510972303,571.2952530782543,548.8506485203568,570.77880859375,2857300
2024-07-25 00:00:00+00:00,572.1791395900303,599.6688365220359,568.1966980322381,590.4129028320312,3625200
2024-07-26 00:00:00+00:00,596.7193283884694,610.4245063913752,595.1799962549719,602.9661254882812,2715300
2024-07-29 00:00:00+00:00,600.095846953223,603.6313699156983,591.108076842279,599.9667358398438,1621900
2024-07-30 00:00:00+00:00,605.6176360111928,611.5068607865298,598.7054632515767,610.83154296875,1627100
2024-07-31 00:00:00+00:00,610.0073706590888,616.363397211223,605.1013289545923,609.12353515625,1702300
2024-08-01 00:00:00+00:00,612.1625268671928,618.0219304158678,608.6567650750119,617.49560546875,1458200
2024-08-02 00:00:00+00:00,617.6742490300046,617.7238931684026,601.307504018156,611.457275390625,1564700
2024-08-05 00:00:00+00:00,603.3632090397396,607.1668951930501,588.7344955292722,593.9186401367188,2117100
2024-08-06 00:00:00+00:00,596.1333764702704,608.6666123644702,592.5084450359681,597.8812866210938,1316900
2024-08-07 00:00:00+00:00,596.8383868501365,597.6428764052173,581.6535252668914,583.3319091796875,1692100
2024-08-08 00:00:00+00:00,585.6856179701601,597.0072689593895,583.4610273261619,595.914794921875,1116700
2024-08-09 00:00:00+00:00,595.8751667338431,597.2158616127716,589.7972448824024,592.0814208984375,963800
2024-08-12 00:00:00+00:00,592.1608586176558,595.4083975127809,587.5229807715549,594.9515380859375,1164000
2024-08-13 00:00:00+00:00,595.8551918552077,601.4067879631959,595.3388080098591,600.05615234375,1042500
2024-08-14 00:00:00+00:00,597.9507519897176,599.3212089390198,591.703955963034,597.9606323242188,1128100
2024-08-15 00:00:00+00:00,601.3572311330287,604.4358952148248,595.8552783593237,599.539794921875,1241100
2024-08-16 00:00:00+00:00,597.6527512904744,602.4098594661142,595.4679244927838,599.8276977539062,1076200
2024-08-19 00:00:00+00:00,600.0363212772736,606.6803313371169,599.7979809260679,603.4228515625,959400
2024-08-20 00:00:00+00:00,605.7268304664682,610.573285695272,604.1477955375047,610.3150634765625,1075500
2024-08-21 00:00:00+00:00,610.7720316794246,613.8705776250416,604.8132801508449,605.9752197265625,965600
2024-08-22 00:00:00+00:00,608.954550137513,609.4809355788002,597.8613588403542,599.7085571289062,1138400
2024-08-23 00:00:00+00:00,602.5986196152909,603.5222188120855,596.4312900702448,601.9530639648438,777300
2024-08-26 00:00:00+00:00,601.8338514251228,602.737568656586,598.1096320474921,601.4266967773438,519500
2024-08-27 00:00:00+00:00,601.4366851990458,606.7797044089505,597.861458200219,606.2037353515625,737300
2024-08-28 00:00:00+00:00,606.0546582881448,613.7513786514928,605.0218298932427,608.9248046875,790500
2024-08-29 00:00:00+00:00,610.2059479885048,612.3113686965349,605.4687210876591,607.474853515625,722500
2024-08-30 00:00:00+00:00,611.874320030941,613.7513411073018,600.8407141908051,610.8414916992188,1059000
2024-09-03 00:00:00+00:00,607.2662546250672,610.8018386309119,599.5000686766916,602.2609252929688,1282200
2024-09-04 00:00:00+00:00,601.4962069524538,608.4580245921956,600.0760451313143,607.693359375,1006000
2024-09-05 00:00:00+00:00,606.8391988577816,609.9476855751956,597.1264659463347,602.7078247070312,1467600
2024-09-06 00:00:00+00:00,603.3136307814582,615.4397115509579,603.3136307814582,607.1272583007812,1868800
2024-09-09 00:00:00+00:00,610.2853808169806,617.9821011733105,609.8781655372914,616.1547241210938,1443300
2024-09-10 00:00:00+00:00,616.3533550430494,623.5634536732803,613.9996531749065,619.918701171875,1302900
2024-09-11 00:00:00+00:00,617.8033604387384,618.7170186785572,604.6742133698054,614.208251953125,1324100
2024-09-12 00:00:00+00:00,611.4772590663667,615.0524862438328,600.0264941611284,609.9378662109375,1397600
2024-09-13 00:00:00+00:00,611.0011944978767,613.1874099931938,604.0150580881933,607.3540649414062,1125100
2024-09-16 00:00:00+00:00,611.7464411241866,612.6308380960991,603.4684345176696,610.3154296875,1198100
2024-09-17 00:00:00+00:00,609.3514906077908,612.7302863440491,603.2100838529822,606.6782836914062,1333000
2024-09-18 00:00:00+00:00,605.3366242406886,611.0805031381971,598.1020504925052,606.3104858398438,1092600
2024-09-19 00:00:00+00:00,613.7538490318834,619.8555276202655,607.9900742926421,616.3773803710938,1474200
2024-09-20 00:00:00+00:00,615.1749096179625,615.1749096179625,604.402624740623,609.8583374023438,1983100
2024-09-23 00:00:00+00:00,611.796133094885,612.5612841886175,604.0050571423661,606.5391235351562,883200
2024-09-24 00:00:00+00:00,607.3937096494382,610.1265390231206,604.024861791815,608.0595092773438,1361100
2024-09-25 00:00:00+00:00,610.037147928703,610.0768763434726,592.2787284889195,596.03515625,1282500
2024-09-26 00:00:00+00:00,600.7852745459938,616.6654799713075,600.7852745459938,615.4630737304688,1312800
2024-09-27 00:00:00+00:00,615.5226791486074,619.8753362408968,610.2060469836089,610.5836791992188,871000
2024-09-30 00:00:00+00:00,608.6657091523682,615.1549660808729,605.2273516098114,614.707763671875,1041300
2024-10-01 00:00:00+00:00,616.1288929777705,616.1288929777705,606.7577785453228,609.1129760742188,1169200
2024-10-02 00:00:00+00:00,606.1914208106863,612.720407818235,601.5505952771301,608.8944091796875,665400
2024-10-03 00:00:00+00:00,606.052151753368,607.6719792388974,595.6077642113094,597.16796875,1258200
2024-10-04 00:00:00+00:00,598.8672947622381,600.2187886171862,592.8054062939125,594.8723754882812,871500
2024-10-07 00:00:00+00:00,588.6217041629177,595.548156051269,588.6217041629177,595.1109008789062,1165800
2024-10-08 00:00:00+00:00,595.3097374164568,598.5394455977917,590.9968687652024,591.7322387695312,883500
2024-10-09 00:00:00+00:00,590.4005012550252,596.3233102414202,589.4067450216476,595.5084228515625,890900
2024-10-10 00:00:00+00:00,593.4414206092101,593.4414206092101,586.1870118976774,590.08251953125,1221100
2024-10-11 00:00:00+00:00,591.9209557368624,598.6486439457749,590.599243011717,593.1929321289062,2138200
2024-10-14 00:00:00+00:00,597.0388724677393,600.7654588850182,591.5135894325501,600.0201416015625,1006400
2024-10-15 00:00:00+00:00,601.2225162924386,606.7477984788147,595.6376111587085,596.7705078125,1290600
2024-10-16 00:00:00+00:00,586.5845907718414,593.0737883150186,583.6033216677235,587.8565673828125,1369300
2024-10-17 00:00:00+00:00,600.5666687672443,604.5913693816104,593.1432781637983,595.5084228515625,1946100
2024-10-18 00:00:00+00:00,596.2836216947913,600.6163846050283,591.8414994944802,597.953125,1081600
2024-10-21 00:00:00+00:00,594.1569953583315,596.8302023511467,588.124887068847,591.6527099609375,914600
2024-10-22 00:00:00+00:00,583.8218659465498,587.5087235726938,580.5126405582995,582.7188110351562,1619600
2024-10-23 00:00:00+00:00,570.9925161054466,575.0768399720009,562.5455874923038,572.8905639648438,2058300
2024-10-24 00:00:00+00:00,568.7862899284917,571.2408993078662,553.7805954156918,553.8998413085938,1757500
2024-10-25 00:00:00+00:00,556.6624585235329,558.709593914307,549.8552526657336,550.9185791015625,1090400
2024-10-28 00:00:00+00:00,555.7581527679512,555.8773986591792,547.0131103715258,549.0900268554688,1116700
2024-10-29 00:00:00+00:00,547.5199382223053,550.1533557619578,543.8330808819138,544.349853515625,1638300
2024-10-30 00:00:00+00:00,544.081553187447,551.2763388162701,543.3362359912998,547.1820678710938,1452200
2024-10-31 00:00:00+00:00,545.1348786132673,548.6428669843073,541.09028374941,542.9088745117188,1472400
2024-11-01 00:00:00+00:00,546.5658698248467,561.3430185803318,543.8727688853388,554.4364013671875,1459700
2024-11-04 00:00:00+00:00,553.20417578194,556.0661983953019,546.7149795513683,552.001708984375,815100
2024-11-05 00:00:00+00:00,546.9733789617403,558.2724439061888,546.8044573737052,557.28857421875,998400
2024-11-06 00:00:00+00:00,566.6398830897903,566.6398830897903,545.7709997328304,556.185546875,1423100
2024-11-07 00:00:00+00:00,561.472294548065,562.3468049211025,550.7397389246856,552.419189453125,1303800
2024-11-08 00:00:00+00:00,553.7508174993668,555.0625831266872,545.5722223549699,548.2951049804688,1620400
2024-11-11 00:00:00+00:00,545.6516743233772,550.4713676586407,541.6667022344942,543.505126953125,1565800
2024-11-12 00:00:00+00:00,545.7311820419461,546.7249383401647,536.6780767221516,537.3737182617188,1723800
2024-11-13 00:00:00+00:00,536.6284401964748,541.398458645184,534.6409274550064,538.5166015625,1212200
2024-11-14 00:00:00+00:00,536.5290649807405,538.993561261349,528.3703037040742,529.6920166015625,1764800
2024-11-15 00:00:00+00:00,526.0946053277639,526.0946053277639,508.50510682583047,509.8764953613281,3953000
2024-11-18 00:00:00+00:00,507.80949133251244,509.5684594691321,495.49683568432175,498.1601257324219,3162200
2024-11-19 00:00:00+00:00,493.0919609423488,508.1076046879963,490.21999056177174,505.94122314453125,3658700
2024-11-20 00:00:00+00:00,503.91389407342837,510.64161281021893,499.591078749062,509.6379699707031,1533900
2024-11-21 00:00:00+00:00,510.9099455603036,512.9968093712408,504.29152546235713,512.8775634765625,1956800
2024-11-22 00:00:00+00:00,511.4068222745107,513.7719669359416,504.003356614497,510.0553283691406,1833500
2024-11-25 00:00:00+00:00,509.1013407201578,513.1161549936099,506.1796947699234,510.989501953125,3063500
2024-11-26 00:00:00+00:00,510.98951386461374,510.98951386461374,504.1027594916492,509.777099609375,1748500
2024-11-27 00:00:00+00:00,512.1919160920096,525.5579506717255,511.76460815465975,518.4028930664062,2914100
2024-11-29 00:00:00+00:00,519.8637648693724,529.8410568002183,519.734571691387,526.3231811523438,2108300
2024-12-02 00:00:00+00:00,525.398978915459,531.5006572818892,523.3120542494242,526.6411743164062,2558600
2024-12-03 00:00:00+00:00,526.9392443949745,532.6334482207191,524.643669914862,531.0831909179688,2665200
2024-12-04 00:00:00+00:00,529.2248868709872,533.1800780510225,521.5630648853404,525.56787109375,2579700
2024-12-05 00:00:00+00:00,523.9182992767379,524.1170020205043,514.4477722890412,517.60791015625,2665300
2024-12-06 00:00:00+00:00,519.7344738876845,528.0025324524923,518.7407177234633,526.0547485351562,1869700
2024-12-09 00:00:00+00:00,526.3827708079444,534.7303478918025,523.3518262592584,533.8756713867188,2106600
2024-12-10 00:00:00+00:00,536.1612874519665,539.0133627646558,531.1925066766804,532.5042114257812,1938000
2024-12-11 00:00:00+00:00,531.6595781085772,536.6582010129704,530.3080842053145,531.0235595703125,1389200
2024-12-12 00:00:00+00:00,528.0124783496275,528.5689793739858,520.7779043789066,521.7219848632812,2539200
2024-12-13 00:00:00+00:00,520.7674084212997,525.1829693054658,514.3031899606473,523.9895629882812,1553500
2024-12-16 00:00:00+00:00,524.4369125035349,531.7861829156514,523.8202698867151,527.3408203125,2595600
2024-12-17 00:00:00+00:00,523.1143340762412,532.9896623200665,523.1143340762412,525.9287719726562,2544800
2024-12-18 00:00:00+00:00,525.0933785403565,530.4040087354973,513.0600128951373,513.3384399414062,1774300
2024-12-19 00:00:00+00:00,515.8644967223903,519.5540955923916,506.05878907982685,513.845703125,2235600
2024-12-20 00:00:00+00:00,513.8456313602966,523.5320030875937,512.1649323581839,521.1651000976562,2758900
2024-12-23 00:00:00+00:00,517.3164599761504,523.3430979257375,516.7297418517161,522.3983154296875,1558100
2024-12-24 00:00:00+00:00,520.3694953493836,526.0679321289062,519.4247129838822,526.0679321289062,488700
2024-12-26 00:00:00+00:00,521.7120788421732,524.4270916035397,520.8170697168553,524.2778930664062,777700
2024-12-27 00:00:00+00:00,521.1153992206407,525.3718671132305,520.1209041839601,523.1740112304688,943200
2024-12-30 00:00:00+00:00,519.8125457636423,520.0512148296398,512.9306579977243,515.9837646484375,1035500
2024-12-31 00:00:00+00:00,517.4556811661123,521.8513323717603,514.3130427590917,517.3661499023438,1262900
2025-01-02 00:00:00+00:00,516.3119908070448,523.203834389092,515.2379798300344,519.6932983398438,1816800
2025-01-03 00:00:00+00:00,521.4336840960938,533.835008999723,519.8623648243068,529.09130859375,1515200
2025-01-06 00:00:00+00:00,526.9729865000799,542.3180375432205,525.6005785014825,534.2327880859375,1981800
2025-01-07 00:00:00+00:00,536.5499808126906,548.3546320245346,535.3168166809131,542.646240234375,1839300
2025-01-08 00:00:00+00:00,541.3832156481556,544.7645230695471,535.2869561866966,541.93017578125,1837800
2025-01-10 00:00:00+00:00,538.7776858200314,554.0928742456034,538.3301508762839,539.3246459960938,2919900
2025-01-13 00:00:00+00:00,541.1843731859932,559.2245300995685,538.6881806026878,552.4619750976562,2269900
2025-01-14 00:00:00+00:00,554.4309692578912,558.3095240848295,548.3446646396386,553.9237670898438,2207400
2025-01-15 00:00:00+00:00,554.8088901770803,560.70623839966,541.0649616285037,548.4341430664062,3251300
2025-01-16 00:00:00+00:00,548.0861291754003,558.717284116059,543.4119901123072,558.6178588867188,1835500
2025-01-17 00:00:00+00:00,559.3636813631147,561.889676819598,556.0320866828312,556.5691528320312,2140100
2025-01-21 00:00:00+00:00,560.9946969983371,573.1971720683765,559.4631962994823,569.9053955078125,2311500
2025-01-22 00:00:00+00:00,567.5384312575922,576.3795068729725,566.8621819034313,571.4269409179688,1702500
2025-01-23 00:00:00+00:00,572.7794668729482,573.4855195488108,559.5526941391802,571.6854858398438,1246300
2025-01-24 00:00:00+00:00,570.2334581580595,574.3904396500507,568.6521845237182,571.6555786132812,1156500
2025-01-27 00:00:00+00:00,576.4689923230301,580.8746589500137,569.9749710034042,580.4271240234375,1727800
2025-01-28 00:00:00+00:00,592.619619898888,593.7135401655927,575.8225840691183,581.073486328125,2156800
2025-01-29 00:00:00+00:00,571.7849055595102,573.8534721305641,563.5803219075191,565.1018676757812,2884300
2025-01-30 00:00:00+00:00,587.3487380568338,607.6065968798622,586.7520653209169,603.39990234375,3349700
2025-01-31 00:00:00+00:00,596.5676137518927,601.719089730016,593.7134184221102,594.4592895507812,2165700
2025-02-03 00:00:00+00:00,589.8648022562203,597.1046940232516,586.1155368220053,590.4813842773438,2135600
2025-02-04 00:00:00+00:00,582.3664082281839,588.6018511859771,573.6744701279072,577.3740234375,2097400
2025-02-05 00:00:00+00:00,586.3741454214703,586.8415896417106,574.7186929905471,579.1740112304688,1348800
2025-02-06 00:00:00+00:00,578.7364203653594,580.8546995626444,565.2411159865532,569.5572509765625,2034100
2025-02-07 00:00:00+00:00,571.6158724070217,574.3009603813823,563.3317119573254,568.3240356445312,1826900
2025-02-10 00:00:00+00:00,557.016539226558,560.2586021379044,541.0151511384256,549.81640625,2972000
2025-02-11 00:00:00+00:00,547.4595076656307,550.8905273350304,538.9963460474962,542.2284545898438,2234300
2025-02-12 00:00:00+00:00,536.1223563764341,538.9964009029271,529.2702710015013,535.038330078125,2062200
2025-02-13 00:00:00+00:00,537.0273551257314,537.206356960207,528.2857650301061,529.7078857421875,1915400
2025-02-14 00:00:00+00:00,532.1542277541738,534.5012819864472,528.3851137149927,528.922119140625,1517100
2025-02-18 00:00:00+00:00,528.7331564583893,530.1155190015857,518.1815796456209,520.2103881835938,2969600
2025-02-19 00:00:00+00:00,518.3507352490985,529.6680949622859,517.1374802963113,527.9376831054688,1965200
2025-02-20 00:00:00+00:00,530.8416306618241,540.3887594689201,530.6526741623486,534.8693237304688,1967800
2025-02-21 00:00:00+00:00,535.3962995023564,539.6328578024131,529.0713260370791,529.6182861328125,1613900
2025-02-24 00:00:00+00:00,528.8824049021332,540.6273888989585,528.8824049021332,532.601806640625,1375400
2025-02-25 00:00:00+00:00,531.8459064715031,538.270365386284,529.3795785397435,536.5797119140625,1888700
2025-02-26 00:00:00+00:00,538.7477887709729,540.8561134396607,528.0271636008523,530.354248046875,1330500
2025-02-27 00:00:00+00:00,527.181785299694,530.0857544586095,516.2722040767059,520.349609375,1539000
2025-02-28 00:00:00+00:00,525.3518761106942,527.1320000978936,517.7141627003451,526.0480346679688,2229300
2025-03-03 00:00:00+00:00,527.9972774138845,529.5486872123911,516.7694505239916,520.7573852539062,2330300
2025-03-04 00:00:00+00:00,520.1408236103767,521.960705859452,509.6389582470331,513.726318359375,2720100
2025-03-05 00:00:00+00:00,510.0566453129999,522.0203896515925,509.34057728646303,521.3043823242188,1685200
2025-03-06 00:00:00+00:00,520.5585210102353,531.0703415705651,518.4701055661069,524.7354125976562,1852900
2025-03-07 00:00:00+00:00,521.8313879381078,530.0459263605783,516.4412420269131,528.782958984375,1799000
2025-03-10 00:00:00+00:00,523.3828672449384,533.2581954904642,522.4579334628745,523.8999633789062,2174000
2025-03-11 00:00:00+00:00,522.288890204223,523.8602093402656,506.60571457805577,511.3693542480469,1864100
2025-03-12 00:00:00+00:00,513.8456495250076,517.8236297227822,508.9925088277897,509.8279113769531,1412300
2025-03-13 00:00:00+00:00,509.1814206775334,513.6367386847321,505.551520135197,506.0984802246094,1574500
2025-03-14 00:00:00+00:00,507.62138607388266,521.4565814847203,506.3373940628623,519.6151733398438,1745600
2025-03-17 00:00:00+00:00,520.2920249256579,523.2680701721077,512.2696183154685,517.1467895507812,1670400
2025-03-18 00:00:00+00:00,516.2310655868807,519.7047786742648,510.74675424241263,519.0677490234375,1232000
2025-03-19 00:00:00+00:00,518.0226508537664,520.0630775726136,511.02540937709955,515.9921264648438,1603200
2025-03-20 00:00:00+00:00,516.0817077180568,518.2117413039917,510.6670775349298,516.2210693359375,1537100
2025-03-21 00:00:00+00:00,513.8522071107939,516.1912225655037,507.62139361806976,515.3053588867188,2192300
2025-03-24 00:00:00+00:00,518.3610226116425,524.3430017960649,514.7181195183139,517.4752197265625,1100000
2025-03-25 00:00:00+00:00,519.047815216926,520.7996163556522,508.5370995103038,511.941162109375,1170700
2025-03-26 00:00:00+00:00,511.95111326934347,515.5841144376839,508.9651352598173,511.2742919921875,1216100
2025-03-27 00:00:00+00:00,511.5927724556944,512.9265495081264,505.69043690191927,509.2935485839844,1249700
2025-03-28 00:00:00+00:00,510.2192170860421,510.97568223240285,497.0708358790299,497.8273010253906,1787700
2025-03-31 00:00:00+00:00,494.1843905349635,498.2851705470366,482.01141868095647,495.2792663574219,2915800
2025-04-01 00:00:00+00:00,493.24874587663913,494.1943273036999,478.96566703905745,480.71746826171875,1837600
2025-04-02 00:00:00+00:00,478.2589784617258,489.0683135300871,477.36318207971874,486.779052734375,2068700
2025-04-03 00:00:00+00:00,479.642500337272,483.64374029500925,465.98648861241935,467.8377990722656,2813600
2025-04-04 00:00:00+00:00,459.337593356977,461.94536877400117,435.18079996980396,435.8675842285156,3894200
2025-04-07 00:00:00+00:00,415.8215287205488,451.22563914283603,409.2921266932331,435.8277893066406,4076300
2025-04-08 00:00:00+00:00,449.0558304042245,452.0119797828012,411.4022494116847,417.3543701171875,3929200
2025-04-09 00:00:00+00:00,412.6961990767244,452.90777018218324,407.93849388275333,451.4346618652344,4597700
2025-04-10 00:00:00+00:00,444.318004564979,446.50775601482644,413.3730105603703,425.4464416503906,3902400
2025-04-11 00:00:00+00:00,427.9845301735325,438.6744597997389,418.04113294568845,436.1064758300781,2657400
2025-04-14 00:00:00+00:00,445.91053044269944,448.73728105315513,439.93851440998475,447.23431396484375,2370500
2025-04-15 00:00:00+00:00,445.5024988157527,448.1699923782476,436.36532034967394,438.9432373046875,2545900
2025-04-16 00:00:00+00:00,439.27167272842945,443.8601879976279,433.3295149276936,434.75286865234375,1823500
2025-04-17 00:00:00+00:00,432.51333890014837,433.9864168249855,423.0675790599825,425.50616455078125,3038300
2025-04-21 00:00:00+00:00,423.51547773265787,424.51081375553133,414.6768889895024,419.88250732421875,2314800
2025-04-22 00:00:00+00:00,427.7953634397586,434.9717572457232,424.52073015476583,432.702392578125,3677800
2025-04-23 00:00:00+00:00,454.4206555226503,459.45705343963346,427.4172143552111,429.6268615722656,3492200
2025-04-24 00:00:00+00:00,427.9944931600814,430.44301129030066,415.8414487314649,424.6700744628906,3662400
2025-04-25 00:00:00+00:00,424.1325891571802,424.7297968571479,414.8759761210394,422.2613525390625,2698300
2025-04-28 00:00:00+00:00,427.92484189549276,430.8312366706492,414.8958960002743,419.3749084472656,2531600
2025-04-29 00:00:00+00:00,419.8526505286267,428.3329025502324,416.85667936492763,425.5360107421875,2437300
2025-04-30 00:00:00+00:00,425.65546624956215,427.3077277785128,421.0171964966577,426.9991760253906,2944300
2025-05-01 00:00:00+00:00,423.8737672853095,426.8697383152426,413.44266562005595,417.931640625,2771900
2025-05-02 00:00:00+00:00,426.4716827166809,429.4278323062794,420.4499111407667,421.5746154785156,2492400
2025-05-05 00:00:00+00:00,420.429935654132,422.9979196378993,415.9111015443037,420.300537109375,2637200
2025-05-06 00:00:00+00:00,417.49372393705033,421.58454057744564,404.60410976611263,405.1216735839844,4070200
2025-05-07 00:00:00+00:00,407.4806409667747,411.4221632281905,402.6831139053884,405.94781494140625,2959400
2025-05-08 00:00:00+00:00,405.17147779484753,413.8109879440039,400.93133624400116,408.8641662597656,3013600
2025-05-09 00:00:00+00:00,408.6849471383408,410.56611628868376,399.87621790593687,401.2497863769531,2318700
2025-05-12 00:00:00+00:00,409.22244916174867,430.7117493125492,407.78916292135426,430.5723876953125,3716400
2025-05-13 00:00:00+00:00,429.1690124365538,432.9513078428356,425.30710350735694,426.9494323730469,2726900
2025-05-14 00:00:00+00:00,427.95467744833707,428.5419220699197,403.8874591677537,404.15618896484375,3201100
2025-05-15 00:00:00+00:00,401.54840830475325,405.1415871772356,388.6787206944801,403.0414123535156,4129600
2025-05-16 00:00:00+00:00,403.1111132835673,410.70553245065275,399.79665749501095,410.13818359375,2498200
2025-05-19 00:00:00+00:00,406.32603752545896,412.1387962822319,405.36056036357445,411.989501953125,1665000
2025-05-20 00:00:00+00:00,410.7254062755163,413.4625803551578,407.97829949075185,411.8202819824219,2142000
2025-05-21 00:00:00+00:00,407.4109423571452,410.7353609810596,395.5067018233262,396.42242431640625,2965800
2025-05-22 00:00:00+00:00,392.80935657562145,399.8662853547483,391.9732779588326,398.6121826171875,2891400
2025-05-23 00:00:00+00:00,391.9434405965835,394.49149853285377,388.837996885207,391.8240051269531,2318100
2025-05-27 00:00:00+00:00,400.065370235853,405.84827019661776,398.6320839086338,401.6678466796875,2705700
2025-05-28 00:00:00+00:00,401.9565022050141,404.2656891047503,398.52261109680484,400.2544860839844,1931400
2025-05-29 00:00:00+00:00,401.1701654867722,405.4700243272372,399.5477933105047,401.8669128417969,2499300
2025-05-30 00:00:00+00:00,399.8364149101457,403.54902911460385,395.46690567778313,400.9412536621094,2521300
2025-06-02 00:00:00+00:00,398.27374595076594,398.642015396238,390.8584808924083,394.620849609375,2584000
2025-06-03 00:00:00+00:00,393.2274092988942,400.5232089712856,389.45507727239027,398.0647277832031,3204100
2025-06-04 00:00:00+00:00,400.6426765320571,406.5749015655666,400.31422898375996,401.7773742675781,2280700
2025-06-05 00:00:00+00:00,402.84232967203525,403.349930350984,394.89953786199214,396.50201416015625,2504000
2025-06-06 00:00:00+00:00,398.6918269974457,404.70366556478245,398.6918269974457,400.02557373046875,2630000
2025-06-09 00:00:00+00:00,403.29022169150403,410.6855606705927,399.64728839034046,406.6246032714844,2164000
2025-06-10 00:00:00+00:00,409.49122161764035,418.0112960594651,404.8330560385135,412.60662841796875,2573800
2025-06-11 00:00:00+00:00,413.9005599734444,422.53013732126806,411.3525019887294,413.2137756347656,3062700
2025-06-12 00:00:00+00:00,412.0492344330587,414.86602212717855,407.9982093652405,413.3929138183594,2067600
2025-06-13 00:00:00+00:00,408.8793704906692,411.82861009690424,400.11134770165626,401.2970275878906,2385800
2025-06-16 00:00:00+00:00,405.40206150039336,405.40206150039336,395.7572302504511,403.60858154296875,1973200
2025-06-17 00:00:00+00:00,398.54704864858104,402.09411494901525,388.44386637011064,388.8424377441406,3040400
2025-06-18 00:00:00+00:00,388.84243039696486,394.34236861797234,384.05984765951274,391.1340637207031,2884300
2025-06-20 00:00:00+00:00,391.462888725484,396.4546698239425,389.08155551901206,396.43475341796875,3812600
2025-06-23 00:00:00+00:00,393.69475236434835,399.14488459780426,391.572484415797,398.75628662109375,2486100
2025-06-24 00:00:00+00:00,400.34051190919325,404.68469069966983,397.7300335162599,402.90118408203125,2083000
2025-06-25 00:00:00+00:00,400.7589840017983,413.4925609268426,396.63400747346805,409.1583557128906,3100800
2025-06-26 00:00:00+00:00,408.0523709648504,413.80140072591144,407.7933056742229,410.62298583984375,2927700
2025-06-27 00:00:00+00:00,410.9020270659705,412.89476243525917,405.47184142869617,406.7969970703125,3923100
2025-06-30 00:00:00+00:00,406.35857297326424,411.77881534505326,399.9917995914144,403.9872131347656,3919100
2025-07-01 00:00:00+00:00,404.81420342495574,427.5413461003986,403.37943163882306,419.9390563964844,2603000
2025-07-02 00:00:00+00:00,423.4562230146024,428.89638150697743,420.21802836802016,426.2062072753906,2669300
2025-07-03 00:00:00+00:00,427.06309529816315,431.3275476041251,424.5323129650115,427.7705078125,1359300
2025-07-07 00:00:00+00:00,425.01054205730827,427.7605262407422,413.9110233001234,417.1791076660156,2497200
2025-07-08 00:00:00+00:00,417.05952217985094,431.5666619074334,417.05952217985094,424.6219787597656,2620900
2025-07-09 00:00:00+00:00,420.66640798355263,427.83029337665914,410.38388717369,418.3548278808594,2735100
2025-07-10 00:00:00+00:00,419.30140184649974,436.89725891089455,416.80053961972743,429.16546630859375,2932800
2025-07-11 00:00:00+00:00,428.68715551403517,434.7351140817718,424.10385851958233,433.2803955078125,2511400
2025-07-14 00:00:00+00:00,427.4417226826454,428.93627416055676,420.5070123390205,423.7950134277344,2819300
2025-07-15 00:00:00+00:00,426.8837018969927,427.44166527460345,415.684540723446,416.4716491699219,2090500
2025-07-16 00:00:00+00:00,416.7905870432477,419.0224410515314,412.27704239562337,414.7978515625,2762300
2025-07-17 00:00:00+00:00,413.49255030879857,425.44896140206504,411.7887702418913,423.4363098144531,2494600
2025-07-18 00:00:00+00:00,424.37290890148836,426.3556707295858,409.91560504560357,413.24346923828125,2652500
2025-07-21 00:00:00+00:00,413.4327926513583,413.4925722774626,401.8948383055836,403.4691162109375,2733800
2025-07-22 00:00:00+00:00,404.83414914067066,427.4317607982387,403.67835898445526,426.0667419433594,3674200
2025-07-23 00:00:00+00:00,471.54093543200065,486.15763095134594,463.8589194193059,465.01470947265625,8928300
2025-07-24 00:00:00+00:00,464.9748857731077,482.83974971647115,463.35080170430626,473.30450439453125,6234000
2025-07-25 00:00:00+00:00,478.2365545104682,481.8434005302242,472.68677941492086,476.58258056640625,4205500
2025-07-28 00:00:00+00:00,473.71301663810095,485.340609562755,473.1450798055355,483.19842529296875,3412200
2025-07-29 00:00:00+00:00,480.48832640423285,486.74551403775627,478.66498698142226,480.40863037109375,3164200
2025-07-30 00:00:00+00:00,482.2220316950247,483.1187565089098,471.9295367253317,475.5463562011719,2583500
2025-07-31 00:00:00+00:00,469.0699161550117,482.1123637963829,465.04458272040154,465.9811706542969,3413900
2025-08-01 00:00:00+00:00,459.35538451994006,462.41424055670444,449.8101956444856,461.35809326171875,2756900
2025-08-04 00:00:00+00:00,458.42874447316046,466.0708670312776,454.8816782061227,464.875244140625,2092800
2025-08-05 00:00:00+00:00,465.2837629962427,468.1632496118808,463.1515216902626,464.7257995605469,1992300
2025-08-06 00:00:00+00:00,463.5401015773875,464.8054774613541,444.65892371717814,447.30926513671875,2539300
2025-08-07 00:00:00+00:00,453.2077550485249,455.42966575818247,449.5311865535018,453.08819580078125,1490100
2025-08-08 00:00:00+00:00,451.8427596724909,460.0428764474511,449.80021813548547,459.0465087890625,1689900
2025-08-11 00:00:00+00:00,460.1126225513752,466.0011589725716,457.6615362558111,460.71044921875,1706700
2025-08-12 00:00:00+00:00,459.2358069452119,476.45303833609364,459.2358069452119,475.6758728027344,2104200
2025-08-13 00:00:00+00:00,478.6948778779023,485.21113084564644,476.98112429762097,483.0290832519531,2054800
2025-08-14 00:00:00+00:00,478.9937686365063,484.1350292981936,477.4992171792737,483.2781677246094,1955200
2025-08-15 00:00:00+00:00,484.96201719896453,489.76448596447966,484.2346578980871,487.2337341308594,2462500
2025-08-18 00:00:00+00:00,488.3496619495089,491.4483506238875,485.3705325233509,485.7690734863281,2211100
2025-08-19 00:00:00+00:00,489.13681683771273,499.11043627077333,488.11055938136207,496.48004150390625,2578500
2025-08-20 00:00:00+00:00,496.9582413358443,498.55243552724335,490.97009292402714,493.01263427734375,2351500
2025-08-21 00:00:00+00:00,490.65127122593054,492.98276779842246,481.0562462193541,482.0028076171875,1360600
2025-08-22 00:00:00+00:00,485.75909630472626,500.5651346977306,485.121436850264,498.173828125,1778400
2025-08-25 00:00:00+00:00,497.43653195692576,497.7653198910272,487.40310277286926,488.9674072265625,1044300
2025-08-26 00:00:00+00:00,488.309825823733,489.7346242886225,484.9620450609104,486.7056884765625,1341600
2025-08-27 00:00:00+00:00,484.8623763326284,489.1965815301068,481.22564062687354,486.3469543457031,1294800
2025-08-28 00:00:00+00:00,485.8786549313793,489.35599853819895,481.6341496243291,487.9610595703125,1407700
2025-08-29 00:00:00+00:00,488.1603664967398,492.4845984278783,484.1549795096635,490.9302673339844,1228200
2025-09-02 00:00:00+00:00,487.53265797691796,490.91035894436146,477.28999963378874,485.7591247558594,1303800
2025-09-03 00:00:00+00:00,485.2608889567242,487.76178124921154,479.7808674057901,482.7898864746094,1219100
2025-09-04 00:00:00+00:00,480.3288874071443,488.4791976230237,469.89691724126,487.71197509765625,1404200
2025-09-05 00:00:00+00:00,488.2201679061516,500.17658018140423,487.34335947422306,490.81072998046875,1442600
2025-09-08 00:00:00+00:00,485.99822135827986,488.289885120287,479.2030173227992,485.878662109375,2223700
2025-09-09 00:00:00+00:00,484.7129691941931,488.21019914138327,479.77096351391816,480.6577453613281,1505900
2025-09-10 00:00:00+00:00,479.3724020012056,484.05534214916344,473.9123267042217,474.8090515136719,1442700
2025-09-11 00:00:00+00:00,478.8343518407014,490.21288378224955,478.61514974144023,489.6250305175781,1509800
2025-09-12 00:00:00+00:00,486.8351409196058,489.4755392899589,477.7183837890625,477.7183837890625,1543200
2025-09-15 00:00:00+00:00,477.46912912169574,481.6177429542591,469.4511336167406,473.16094970703125,1663500
2025-09-16 00:00:00+00:00,468.9824019441676,483.2632014586247,468.7630030811179,479.4237365722656,1799800
2025-09-17 00:00:00+00:00,481.637668433803,485.2378002397182,467.85553011028367,471.345947265625,1947500
2025-09-18 00:00:00+00:00,475.8435786280186,480.93960350305053,471.7348638725537,479.78277587890625,1576400
2025-09-19 00:00:00+00:00,481.9667707494455,486.6538839886936,476.71118041992395,478.26690673828125,4244100
2025-09-22 00:00:00+00:00,474.1781627342202,480.4210023699722,469.4511199994041,473.6894836425781,2352200
2025-09-23 00:00:00+00:00,469.8300807759713,474.26790896486716,466.00059824857016,468.4638366699219,3244900
2025-09-24 00:00:00+00:00,466.6188956403341,470.0394970836022,461.662502156284,466.7186279296875,2409600
2025-09-25 00:00:00+00:00,465.7313568452031,467.4765654219703,456.1576351372757,457.9626770019531,3229300
2025-09-26 00:00:00+00:00,459.79764703068145,464.4648262087484,459.04970047904163,462.96893310546875,1886400
2025-09-29 00:00:00+00:00,465.561809016992,466.0704223983717,455.41967107151635,460.77496337890625,3018300
2025-09-30 00:00:00+00:00,462.84924635758,484.918659849048,458.74053168238987,483.6920166015625,4363900
2025-10-01 00:00:00+00:00,485.66660655880986,533.4354819412778,485.6067732719843,529.27685546875,6092700
2025-10-02 00:00:00+00:00,524.2705904895511,538.4217396936101,521.5679887500734,523.5226440429688,3262000
2025-10-03 00:00:00+00:00,523.9215500179711,543.9465880327301,523.9215500179711,541.8323974609375,3048500
2025-10-06 00:00:00+00:00,538.521496167504,544.3654370546208,534.9912104940128,542.460693359375,2560100
2025-10-07 00:00:00+00:00,541.1941248803033,547.9356256149276,536.866041966184,537.6937255859375,1870800
2025-10-08 00:00:00+00:00,536.6566145776292,547.7561457066234,534.1634595328064,534.721923828125,2153200
2025-10-09 00:00:00+00:00,532.2786356934016,536.0981663798117,527.3920881796457,533.216064453125,1830700
2025-10-10 00:00:00+00:00,533.3656654642617,536.4571533921705,522.216283337488,523.3630981445312,1415800
2025-10-13 00:00:00+00:00,526.0856729834907,529.3766255406659,522.4556245509012,523.1437377929688,1686600
2025-10-14 00:00:00+00:00,520.3114912653264,528.3992718675299,518.0277830875484,524.3903198242188,1601000
2025-10-15 00:00:00+00:00,523.4728259025673,530.9522917064837,520.9896529945547,526.4247436523438,1430400
2025-10-16 00:00:00+00:00,542.8695664438686,543.1088996020577,532.6974811445109,535.3103637695312,2115900
2025-10-17 00:00:00+00:00,532.6974808131948,539.3891312189583,530.5434215227871,537.4444580078125,2010200
2025-10-20 00:00:00+00:00,539.5187622155321,548.9528830015196,538.5215001781651,542.3510131835938,1665200
2025-10-21 00:00:00+00:00,557.5492616111537,566.8337684898202,552.2238556956497,556.4622192382812,3932400
2025-10-22 00:00:00+00:00,553.979055805953,569.7258012943141,549.3717101122578,565.6470336914062,3461200
2025-10-23 00:00:00+00:00,566.345146491708,576.6568020745125,560.8402404595442,570.3441162109375,1979300
2025-10-24 00:00:00+00:00,572.5780017647421,574.2434122620322,568.2298931841377,570.9324951171875,1655700
2025-10-27 00:00:00+00:00,570.5236337918975,571.102001916192,559.5038402016266,562.2363891601562,1563600
2025-10-28 00:00:00+00:00,562.5854751552627,564.1013330299226,554.0489139864771,556.103271484375,992700
2025-10-29 00:00:00+00:00,556.7814331054688,570.0051390619833,553.5403310913447,556.7814331054688,1953600
2025-10-30 00:00:00+00:00,550.0896760711265,564.0812906700723,550.0896760711265,554.697021484375,1315100
2025-10-31 00:00:00+00:00,550.4088717769897,568.3595892700337,550.3590208464518,565.8365478515625,1872200
2025-11-03 00:00:00+00:00,562.1166827091747,564.1511361829813,552.6826229673055,563.3333740234375,1835000
2025-11-04 00:00:00+00:00,556.8810057741067,567.741202765515,555.4748932392258,563.6923217773438,1636000
2025-11-05 00:00:00+00:00,558.8157967564671,568.5989355817204,552.6826713253238,566.0858764648438,1682900
2025-11-06 00:00:00+00:00,561.3288885013862,569.2970025886631,557.8185065870539,564.4303588867188,1277800
2025-11-07 00:00:00+00:00,565.317902856477,575.7691890977708,561.7576702262556,570.8427124023438,2264000
2025-11-10 00:00:00+00:00,570.8028890749916,582.0619559907575,566.803858414817,574.77197265625,1380300
2025-11-11 00:00:00+00:00,574.3730961000985,585.9812410963178,573.2461851019336,584.8842163085938,1377700
2025-11-12 00:00:00+00:00,582.690266092011,589.5514343930918,580.4065577343857,586.4100952148438,1504200
2025-11-13 00:00:00+00:00,584.49525107533,596.8812893052831,576.6667684918752,578.5416259765625,2745400
2025-11-14 00:00:00+00:00,576.6069535668374,582.7301572305847,571.4311610347847,577.1255493164062,1318000
2025-11-17 00:00:00+00:00,574.0739226209483,578.2025412424176,565.0387308953991,565.6071166992188,1624400
2025-11-18 00:00:00+00:00,561.3089136370911,576.6368262888678,554.9364554751654,574.452880859375,1916000
2025-11-19 00:00:00+00:00,573.046677597003,573.046677597003,565.6569930617638,572.2189331054688,1247900
2025-11-20 00:00:00+00:00,571.7801291614155,578.860725706503,566.9035643621619,571.1718139648438,1167800
2025-11-21 00:00:00+00:00,571.4311852174152,588.2350273115806,567.9906187872608,585.8715209960938,1933500
2025-11-24 00:00:00+00:00,584.8443575253012,586.3103035625683,577.5144447348254,584.4653930664062,1803100
2025-11-25 00:00:00+00:00,580.6060109107993,600.6709196356396,580.2070817207513,596.1433715820312,1803400
2025-11-26 00:00:00+00:00,591.8051712394854,594.9166237568546,585.5822662047467,591.6256713867188,2059900
2025-11-28 00:00:00+00:00,587.5768169736152,592.3736448957088,586.3402217972317,589.2123413085938,746000
2025-12-01 00:00:00+00:00,593.2213057831301,596.0435744261977,581.1544593316977,583.5479125976562,1754200
2025-12-02 00:00:00+00:00,580.3467146761005,582.8498523108639,576.3776309564319,578.781005859375,1918100
2025-12-03 00:00:00+00:00,579.6984448585433,586.4997794578258,578.4219810645095,578.8607788085938,1186600
2025-12-04 00:00:00+00:00,577.4447013664917,578.8607965014822,558.6263095934593,573.6650390625,1961600
2025-12-05 00:00:00+00:00,576.4175046652566,577.5045471566881,568.0604432402853,571.2018432617188,1873700
2025-12-08 00:00:00+00:00,569.2371102102488,572.9668601730368,564.4602473711335,566.6542358398438,1412100
2025-12-09 00:00:00+00:00,572.4284488624212,573.6750264949613,560.3715232185518,561.5283813476562,1416000
2025-12-10 00:00:00+00:00,561.4585519688069,572.8871973370099,561.4585519688069,572.2389526367188,1275600
2025-12-11 00:00:00+00:00,575.0412158399561,577.4945022991982,569.2770730684942,577.3150024414062,1226400
2025-12-12 00:00:00+00:00,576.267892250656,577.4746013295178,568.628891186029,570.7131958007812,1576500
2025-12-15 00:00:00+00:00,573.0883619424036,575.1942133756569,564.5453823942426,574.7650146484375,1702200
2025-12-16 00:00:00+00:00,569.7051299070276,573.7170962539807,559.8846661794502,569.0264282226562,2015300
2025-12-17 00:00:00+00:00,566.4116692784427,571.8508464840768,560.3737092798528,561.4415893554688,2301800
2025-12-18 00:00:00+00:00,561.3318509385618,568.2779753420028,553.4276131043143,561.27197265625,2287300
2025-12-19 00:00:00+00:00,560.5633737001676,568.737094429112,557.8188406960069,566.701171875,3862600
2025-12-22 00:00:00+00:00,567.6991438630021,575.0045985088203,564.6252500591321,574.5554809570312,1108400
2025-12-23 00:00:00+00:00,574.2461061844683,579.4058108710564,572.5594635651786,578.7870483398438,732000
2025-12-24 00:00:00+00:00,577.4696829783143,578.6573196628071,575.1842574889831,577.9686889648438,401000
2025-12-26 00:00:00+00:00,577.6493036021305,580.0145870469421,575.7131579855111,579.58544921875,466100
2025-12-29 00:00:00+00:00,578.966689003986,584.1363836082137,578.966689003986,583.9068603515625,1042800
2025-12-30 00:00:00+00:00,581.0924735426281,583.2881120745435,578.6872914804092,582.2901000976562,665000
2025-12-31 00:00:00+00:00,582.5495753068998,584.445761457242,577.8489171092141,578.2980346679688,739300
2026-01-02 00:00:00+00:00,578.3478868904261,592.529657693795,575.8528571799411,591.33203125,2052300
2026-01-05 00:00:00+00:00,592.5895831010488,610.2344273072986,591.3320782807407,609.9849243164062,2488100
2026-01-06 00:00:00+00:00,604.8551332091523,626.8313763212127,604.8551332091523,619.4859619140625,2554800
2026-01-07 00:00:00+00:00,617.4700020338082,625.5239657328274,613.497873074662,615.923095703125,2404300
2026-01-08 00:00:00+00:00,611.6415919004667,622.1207174241714,602.789230735928,605.2942504882812,3147700
2026-01-09 00:00:00+00:00,607.4000165501759,621.1626398333802,603.3480906146212,617.629638671875,2286500
2026-01-12 00:00:00+00:00,619.7454146009677,623.5478375306037,605.4039883685266,614.2264404296875,3184800
2026-01-13 00:00:00+00:00,612.1006310308651,618.98687620122,593.1184262792384,605.873046875,2847700
2026-01-14 00:00:00+00:00,607.4200406218047,621.4819954092324,605.8930530428086,620.5938110351562,2460400
2026-01-15 00:00:00+00:00,618.7373929106485,628.6177348387611,617.380111379951,623.4081420898438,2541500
2026-01-16 00:00:00+00:00,622.8493094525153,628.4780505991672,617.4800002472475,617.4899291992188,2881000
2026-01-20 00:00:00+00:00,608.2882549650656,619.6156657002026,604.7952133040685,617.7793579101562,3108800
2026-01-21 00:00:00+00:00,621.0528163852213,636.7116258621404,619.0368737262104,635.0349731445312,3182400
2026-01-22 00:00:00+00:00,636.1228697330541,642.7097244270524,633.5479817720983,638.1787719726562,2621700
2026-01-23 00:00:00+00:00,636.4122872955974,637.9292850338479,621.4421072380783,624.7355346679688,2847400
2026-01-26 00:00:00+00:00,624.0967829971037,632.3902593784434,621.9909316116618,625.3742065429688,1758300
2026-01-27 00:00:00+00:00,620.3841304230137,628.0688339634864,616.7713323461298,622.6695556640625,1638200
2026-01-28 00:00:00+00:00,617.4100998248,619.3661641746986,605.114585839642,606.8112182617188,2338100
2026-01-29 00:00:00+00:00,584.6353856945088,595.1643995404335,571.0724374621823,590.9827270507812,3950400
2026-01-30 00:00:00+00:00,580.5734480431545,584.7850899722351,573.0883587293546,577.4596557617188,3760700
2026-02-02 00:00:00+00:00,574.7550783326998,582.938727192431,572.1702007062171,580.6134033203125,1778800
2026-02-03 00:00:00+00:00,578.8469367598983,587.67931823976,565.2839274223589,568.9566650390625,2249800
2026-02-04 00:00:00+00:00,570.3737862278583,575.1343224458252,561.8008372722276,564.0962524414062,2740600
2026-02-05 00:00:00+00:00,562.6092484525527,565.7031219983924,540.263807529256,541.28173828125,3224900
2026-02-06 00:00:00+00:00,542.1599515163748,545.1739668173002,535.9822556842414,541.7507934570312,2959400
2026-02-09 00:00:00+00:00,540.1240905492413,547.7089571585581,535.942417956821,545.6730346679688,2107600
2026-02-10 00:00:00+00:00,548.3176862949166,549.8546635920718,536.4812798856183,538.726806640625,2022100
2026-02-11 00:00:00+00:00,536.6909217075942,538.3176860765657,521.3115232821765,526.1219482421875,3367600
2026-02-12 00:00:00+00:00,525.7626707325334,525.9522954387888,492.65863154607786,508.80645751953125,4742000
2026-02-13 00:00:00+00:00,513.4272352228384,519.3154688969952,503.24750163856214,503.8163757324219,3188300
2026-02-17 00:00:00+00:00,501.59081589233745,506.14174788968745,497.1696303199364,500.5928039550781,3775400
2026-02-18 00:00:00+00:00,499.524917442568,513.137784253966,497.4291167668268,512.5390014648438,2662300
2026-02-19 00:00:00+00:00,508.98613059239125,514.4851865730418,502.9980584677749,514.095947265625,1776100
2026-02-20 00:00:00+00:00,509.67473248024953,513.8564050471808,505.5030497791717,509.91424560546875,1362500
2026-02-23 00:00:00+00:00,507.0000360197858,517.8883190672088,504.79440778766065,515.4132690429688,1618300
2026-02-24 00:00:00+00:00,514.9841701943385,520.5929926341117,512.1897488404364,514.574951171875,1314400
2026-02-25 00:00:00+00:00,517.9681831311364,517.9681831311364,510.24358066648904,512.6587524414062,1480700
2026-02-26 00:00:00+00:00,515.0640418350914,519.6249030882251,509.0659494892278,519.0859985351562,1551100
2026-02-27 00:00:00+00:00,514.7046656314737,520.2436804929367,508.4671216171952,520.073974609375,2031100
2026-03-02 00:00:00+00:00,510.9921128579199,512.6787555051301,501.3113846731576,507.56890869140625,2050800
2026-03-03 00:00:00+00:00,500.51294909707366,509.704630009872,492.3891177516398,507.08984375,2211500
2026-03-04 00:00:00+00:00,508.9860912845169,516.6209070193106,507.93819092639995,511.6707458496094,1679200
2026-03-05 00:00:00+00:00,502.1796318954643,519.5450637139273,501.00198513647445,517.8085327148438,3283700
2026-03-06 00:00:00+00:00,510.3034634641291,513.3573775100781,499.00596119306056,500.9720458984375,1637000
2026-03-09 00:00:00+00:00,495.2334821736189,509.58489863057355,491.15161702608714,508.9561462402344,2210500
2026-03-10 00:00:00+00:00,507.98806459245014,508.9261982288394,496.9500552522001,499.0857849121094,1864700
2026-03-11 00:00:00+00:00,498.40714308159613,500.30335962423294,490.1535955285404,494.7344665527344,1627400
2026-03-12 00:00:00+00:00,490.023854229752,490.6326268835124,473.0576515374795,474.94390869140625,2516300
2026-03-13 00:00:00+00:00,478.45038522735535,481.0977253814755,463.34553149281095,463.90496826171875,3018600
2026-03-16 00:00:00+00:00,470.598263178207,474.02482095271984,466.77208158651246,469.5293273925781,2995700
2026-03-17 00:00:00+00:00,475.0437863098613,480.5083096759393,470.9578858404087,472.2366027832031,2794900
2026-03-18 00:00:00+00:00,468.31054031467437,470.0188193034248,461.5673000839573,464.2246398925781,2419800
2026-03-19 00:00:00+00:00,460.75811790954776,470.5183228833609,457.880997173537,469.7391052246094,1843800
2026-03-20 00:00:00+00:00,468.6002677864221,476.452381933626,468.59026804485023,473.9149475097656,2285000
2026-03-23 00:00:00+00:00,483.8150088532073,487.44137864214457,475.1537080806218,477.6412048339844,1913200
2026-03-24 00:00:00+00:00,472.39644294675463,495.2935032960168,469.52932196501854,489.79901123046875,2241300
2026-03-25 00:00:00+00:00,494.9139020921194,499.449364290883,482.47635727685787,490.2785339355469,1729500
2026-03-26 00:00:00+00:00,489.2595662789537,495.76305694644003,485.3335090823591,488.3604736328125,1301900
2026-03-27 00:00:00+00:00,489.12968256703584,490.25855584660235,471.3574891941737,472.8859558105469,1677800
2026-03-30 00:00:00+00:00,477.95087160273846,483.0957080662867,473.68515874597443,479.5692443847656,1819600
2026-03-31 00:00:00+00:00,487.261567272252,493.8649333861402,479.1796722546664,491.03778076171875,2272000
2026-04-01 00:00:00+00:00,495.80298606740536,500.5482293511964,491.3674299063319,494.0447692871094,1505100
2026-04-02 00:00:00+00:00,486.4523718582686,506.312468542278,484.62418738085387,490.96783447265625,1696200
2026-04-06 00:00:00+00:00,491.50729292536545,492.8459473411511,479.4693724377521,487.70111083984375,1473700
2026-04-07 00:00:00+00:00,484.75405251223356,489.85895101775714,479.5193098027324,489.0097961425781,1287600
2026-04-08 00:00:00+00:00,501.4972811738496,506.77199239380707,499.2295653996445,502.955810546875,1507900
2026-04-09 00:00:00+00:00,498.1106782761294,504.84394958433114,489.7590645977367,499.9588317871094,1491000
2026-04-10 00:00:00+00:00,499.6091534052702,503.31546000015,495.3134718075754,495.6131591796875,1308700
2026-04-13 00:00:00+00:00,494.4643349478533,515.133648758527,491.54727612965473,513.7150268554688,1828900
2026-04-14 00:00:00+00:00,515.8229678476021,529.4692619980708,513.4852842773744,526.6920166015625,2572100
2026-04-15 00:00:00+00:00,528.3503890744238,532.3263840255632,524.2345196842905,531.1375732421875,2003600
2026-04-16 00:00:00+00:00,526.8518852859216,529.9687560325445,513.784966556442,515.4832763671875,1375100
2026-04-17 00:00:00+00:00,522.5861365210897,529.5491883830988,517.4812683722668,526.0726318359375,1988100
2026-04-20 00:00:00+00:00,522.3064173550578,528.2904087806506,520.6181074041383,525.4932250976562,1437500
2026-04-21 00:00:00+00:00,529.3393578651164,537.8707835484608,522.4263049580735,524.044677734375,2141400
2026-04-22 00:00:00+00:00,526.0926276899002,529.4592480289338,513.4652709960938,513.4652709960938,1801700
2026-04-23 00:00:00+00:00,472.17665857856963,475.9129338868869,455.14374549520977,466.2326354980469,5729400
2026-04-24 00:00:00+00:00,468.68018724621555,474.52433515553463,464.194693286591,469.2396240234375,2684400
2026-04-27 00:00:00+00:00,462.1967021617416,474.7341225658545,461.537359418416,467.5713195800781,2280000
2026-04-28 00:00:00+00:00,471.517331507091,472.5462988282591,463.65521753559045,469.7491149902344,2243000
2026-04-29 00:00:00+00:00,466.78208966536306,474.5243287127821,461.7870967315443,465.7930908203125,1387200
2026-04-30 00:00:00+00:00,463.7651172513156,479.49934473305274,460.53834089402056,478.4803466796875,2161200
2026-05-01 00:00:00+00:00,479.5193154530063,481.3474694288834,467.6312385214706,468.7401123046875,1425400
2026-05-04 00:00:00+00:00,466.51236792648956,469.91895674318994,461.447437808324,462.1367492675781,1815700
2026-05-05 00:00:00+00:00,464.30457456725554,475.99287053865817,459.1797372896898,466.2926025390625,2045900
2026-05-06 00:00:00+00:00,470.68816344239855,476.9419041606506,466.1327324646547,472.47637939453125,1861500
2026-05-07 00:00:00+00:00,472.8859587329774,479.8190113983314,467.81105930143303,473.98486328125,2533600
2026-05-08 00:00:00+00:00,473.0158203281863,473.0158203281863,455.90297004837663,464.5343322753906,3905600
2026-05-11 00:00:00+00:00,464.39446077439777,466.32255118528644,447.43148456171855,452.1467590332031,3952900
2026-05-12 00:00:00+00:00,453.88500252945727,462.6362396793379,452.3965044294678,458.84002685546875,3055700
2026-05-13 00:00:00+00:00,454.72417458137437,462.93594427750975,444.07484586683256,445.5833435058594,2801200
2026-05-14 00:00:00+00:00,447.7611389160156,458.72015440905693,445.60329835411954,447.7611389160156,2100300
2026-05-15 00:00:00+00:00,443.57533608049755,444.5044279249288,436.8820639234622,437.9010314941406,2037800
2026-05-18 00:00:00+00:00,438.0009405355041,443.9949320248282,434.8341016176903,441.557373046875,1908500
2026-05-19 00:00:00+00:00,441.557362565949,454.54434381788866,439.5693651916897,447.3615417480469,3418500
2026-05-20 00:00:00+00:00,448.6402770378847,451.7871165264292,438.22072897018523,451.33758544921875,2851600
2026-05-21 00:00:00+00:00,450.44844950409384,451.25763590753036,440.678244700548,448.91998291015625,2012700
2026-05-22 00:00:00+00:00,446.35255632150626,454.0048891537061,443.96496555265594,447.8310852050781,1686100
2026-05-26 00:00:00+00:00,446.91198451208294,449.79910500585527,443.1657398840497,447.7311706542969,1942600
2026-05-27 00:00:00+00:00,449.4794333145816,456.94195408491925,446.991936553475,455.7531433105469,2958600
2026-05-28 00:00:00+00:00,460.78809200935154,490.5182993114264,460.7681230132085,486.7320861816406,4372700
2026-05-29 00:00:00+00:00,481.6871732161985,498.5003064088462,480.5483001669868,492.0168151855469,4184100
2026-06-01 00:00:00+00:00,489.3394516762761,495.7830045889525,483.0158042000029,493.5452575683594,3194400
2026-06-02 00:00:00+00:00,488.92990551583216,491.4673399951127,476.0328300028869,481.59722900390625,1774500
2026-06-03 00:00:00+00:00,468.8400346534652,475.3035568718336,468.64022273689943,473.47540283203125,1938900
2026-06-04 00:00:00+00:00,481.6471776813113,488.16063727757,475.6032181378611,481.5472717285156,2241900
2026-06-05 00:00:00+00:00,483.7350845522223,486.30251817154146,469.14969946044033,472.3265075683594,1728100
2026-06-08 00:00:00+00:00,472.3265068479592,475.94290724329426,468.4404183038382,469.1596984863281,1939500
2026-06-09 00:00:00+00:00,473.00584913920386,493.8649134618109,472.9159429272506,493.5752258300781,2791000
2026-06-10 00:00:00+00:00,491.33745558999203,493.39542070196984,481.4274068015044,481.5572814941406,2051000
2026-06-11 00:00:00+00:00,483.49533005262305,483.7550489449077,466.33251176337836,475.18365478515625,1776600
2026-06-12 00:00:00+00:00,477.7610764811193,481.4374144667261,467.16171606266664,468.8699951171875,2389700
2026-06-15 00:00:00+00:00,470.2799987792969,476.3399963378906,468.5,473.7200012207031,1873600
2026-06-16 00:00:00+00:00,474.0,477.44000244140625,470.5899963378906,472.6300048828125,1517100
2026-06-17 00:00:00+00:00,467.8900146484375,472.1499938964844,457.6400146484375,461.69000244140625,2042500
2026-06-18 00:00:00+00:00,461.6300048828125,467.94000244140625,459.0,464.6099853515625,3358500
2026-06-22 00:00:00+00:00,461.6300048828125,468.3500061035156,458.9100036621094,464.010009765625,1524600
2026-06-23 00:00:00+00:00,469.8900146484375,471.1199951171875,460.1300048828125,469.3500061035156,1824600
2026-06-24 00:00:00+00:00,478.1199951171875,493.0,473.5,492.20001220703125,2125200
2026-06-25 00:00:00+00:00,492.7799987792969,515.9600219726562,492.489990234375,505.75,2975400
2026-06-26 00:00:00+00:00,509.7300109863281,514.7999877929688,499.55999755859375,513.030029296875,4570100
2026-06-29 00:00:00+00:00,511.6700134277344,511.6700134277344,501.44000244140625,506.4200134277344,2076300
2026-06-30 00:00:00+00:00,508.32000732421875,508.3800048828125,495.1000061035156,501.3599853515625,2423600
2026-07-01 00:00:00+00:00,504.7799987792969,521.1699829101562,502.8699951171875,513.3300170898438,2220000
2026-07-02 00:00:00+00:00,518.6900024414062,529.1500244140625,511.9800109863281,523.4400024414062,2321800
2026-07-06 00:00:00+00:00,520.0,520.0,506.8299865722656,517.5999755859375,1857600
2026-07-07 00:00:00+00:00,525.0,527.3699951171875,513.4199829101562,516.6199951171875,1366600
2026-07-08 00:00:00+00:00,510.8500061035156,512.9600219726562,507.0,510.1300048828125,2021600
2026-07-09 00:00:00+00:00,509.989990234375,524.8499755859375,506.9800109863281,524.7100219726562,1383900
2026-07-10 00:00:00+00:00,525.5,533.0800170898438,522.5999755859375,527.0499877929688,1233000
2026-07-13 00:00:00+00:00,524.2000122070312,534.72998046875,521.77001953125,528.510009765625,1168700
2026-07-14 00:00:00+00:00,525.010009765625,537.8200073242188,523.3499755859375,534.0700073242188,2122400
2026-07-15 00:00:00+00:00,537.239990234375,540.3699951171875,533.8300170898438,535.2899780273438,2108100
2026-07-16 00:00:00+00:00,536.25,544.4500122070312,532.010009765625,543.1900024414062,1895600
2026-07-17 00:00:00+00:00,539.0999755859375,542.02001953125,531.6199951171875,532.47998046875,1476000
2026-07-20 00:00:00+00:00,530.5700073242188,532.5499877929688,522.5599975585938,526.22998046875,1590900
2026-07-21 00:00:00+00:00,507.1000061035156,526.3800048828125,495.0400085449219,523.4600219726562,3525000
2026-07-22 00:00:00+00:00,524.719970703125,528.8099975585938,517.5999755859375,526.4600219726562,2332300
2026-07-23 00:00:00+00:00,573.6799926757812,587.489990234375,568.8400268554688,574.4100952148438,4082231
