date,open,high,low,close,volume
2018-01-02 00:00:00+00:00,191.87239041237365,193.1137989169002,190.98690197601178,191.99392700195312,3485000
2018-01-03 00:00:00+00:00,192.39319657622693,194.29438590704112,191.43827030836187,194.00790405273438,2417600
2018-01-04 00:00:00+00:00,194.7545426436076,196.2824462833862,194.60696345049158,194.85003662109375,2749100
2018-01-05 00:00:00+00:00,195.49240554520458,198.84335717068774,195.08438712410108,198.5655517578125,2432800
2018-01-08 00:00:00+00:00,198.04469046729025,198.54820285339963,194.98889709657092,195.11911010742188,2850800
2018-01-09 00:00:00+00:00,195.11910968920185,196.74250695111547,193.8516588979979,196.09141540527344,2672200
2018-01-10 00:00:00+00:00,195.17993213486466,195.3361877856125,193.61730939491272,194.6330108642578,2311600
2018-01-11 00:00:00+00:00,194.6156125379395,196.12614981126902,194.19891762500092,195.66604614257812,2543600
2018-01-12 00:00:00+00:00,197.4543745690037,199.5812711247386,196.64702735153188,198.48744201660156,3943800
2018-01-16 00:00:00+00:00,202.5936568878461,204.00870019616946,200.7532422143157,202.18563842773438,6852600
2018-01-17 00:00:00+00:00,203.722209096911,207.446460277869,203.0103558718941,206.98634338378906,5124800
2018-01-18 00:00:00+00:00,207.70690591639317,211.7349922609755,207.09054659286596,211.09259033203125,6234200
2018-01-19 00:00:00+00:00,211.97803697275643,212.12562937897783,209.27819009908734,211.25750732421875,4293600
2018-01-22 00:00:00+00:00,211.46587720022893,211.6481886852386,209.52996846109218,211.43983459472656,4012200
2018-01-23 00:00:00+00:00,210.9450512890333,214.4088509334868,210.4415387443455,212.87228393554688,3300000
2018-01-24 00:00:00+00:00,213.56673457051977,214.69529606352816,211.57006413653565,212.55972290039062,2733300
2018-01-25 00:00:00+00:00,212.4728899922057,213.72298797104702,211.7349808877114,212.84617614746094,2420500
2018-01-26 00:00:00+00:00,212.68991625383129,215.93669770334122,212.22113614442222,215.70230102539062,2615300
2018-01-29 00:00:00+00:00,216.40551942342051,217.7163792885461,214.7734453092682,214.78213500976562,2564700
2018-01-30 00:00:00+00:00,202.16827509725243,210.72795937266167,201.49114093166463,205.4410858154297,11565500
2018-01-31 00:00:00+00:00,210.81477302032712,214.42616422859854,204.66846680427648,205.553955078125,5187400
2018-02-01 00:00:00+00:00,204.2344413525312,206.45684550037416,202.99303285939317,204.19972229003906,4268300
2018-02-02 00:00:00+00:00,202.27244814722982,205.1372537102014,200.70114927462353,201.30015563964844,3959900
2018-02-05 00:00:00+00:00,200.35387608660594,202.36792554056237,180.98607585098128,191.00421142578125,6290000
2018-02-06 00:00:00+00:00,184.21549825614602,196.6383228000293,182.4879438366251,195.4837188720703,7064800
2018-02-07 00:00:00+00:00,193.00961633456114,199.05173961694766,192.29774975004477,196.03936767578125,5589200
2018-02-08 00:00:00+00:00,195.61396605421072,196.74252750084662,187.74009177908678,187.91372680664062,4902400
2018-02-09 00:00:00+00:00,189.25064956544287,193.8343339630882,184.05059254488384,191.82029724121094,6225300
2018-02-12 00:00:00+00:00,193.10511634569565,197.93187395965876,192.8533534739382,195.926513671875,4912000
2018-02-13 00:00:00+00:00,193.721469366689,197.16791566244342,193.06170124389368,196.751220703125,3536800
2018-02-14 00:00:00+00:00,195.2840689502919,199.09512454100212,194.38990422318054,198.60897827148438,2878400
2018-02-15 00:00:00+00:00,199.03433287623727,199.6680582215754,192.49737533418056,196.2129364013672,4662700
2018-02-16 00:00:00+00:00,196.18691119870311,200.1455457150477,195.93514838058516,199.12115478515625,3621700
2018-02-20 00:00:00+00:00,197.85373797809672,198.58295746240674,195.85705422644372,196.76858520507812,3172300
2018-02-21 00:00:00+00:00,196.32584382015685,199.10384564963192,195.42300249812354,195.44036865234375,3371900
2018-02-22 00:00:00+00:00,196.4560654798449,199.5292123797133,195.39695528776448,197.14187622070312,2767900
2018-02-23 00:00:00+00:00,197.84508753166676,199.94595537396862,196.1175324520211,199.8070526123047,2393900
2018-02-26 00:00:00+00:00,201.09181867037267,203.58332505619126,199.4076595432993,203.1926727294922,3307000
2018-02-27 00:00:00+00:00,203.48780385970858,204.7813104870029,201.78629205440632,201.85574340820312,2899500
2018-02-28 00:00:00+00:00,203.50515553290072,203.79163737949867,196.27369775856695,196.33447265625,4368600
2018-03-01 00:00:00+00:00,195.93518943503,199.05174513749628,193.36555498966578,194.85003662109375,3514600
2018-03-02 00:00:00+00:00,193.77355347011041,196.0393528411722,193.23530872243953,195.492431640625,2613600
2018-03-05 00:00:00+00:00,193.9124635578484,199.17328229549918,193.40895106115488,198.2617645263672,2627300
2018-03-06 00:00:00+00:00,198.73052720998623,198.93019160171906,194.36387371850086,196.35186767578125,2652800
2018-03-07 00:00:00+00:00,194.7632261759937,197.77561135180218,194.24234754320207,197.2981414794922,3242200
2018-03-08 00:00:00+00:00,198.5262458710354,198.57851683019828,195.03355433860506,195.7390594482422,3500900
2018-03-09 00:00:00+00:00,196.9410088652971,197.2981206013385,193.79671113283126,196.34872436523438,4834600
2018-03-12 00:00:00+00:00,197.02813640125873,197.71621783141904,194.0319061279297,194.0319061279297,3117300
2018-03-13 00:00:00+00:00,194.6937941977664,198.6394062179381,194.37152983238695,197.6638946533203,3343800
2018-03-14 00:00:00+00:00,197.82940412647065,199.79785108198024,195.9916013065935,196.30516052246094,3048200
2018-03-15 00:00:00+00:00,196.69711965982435,200.99112555544338,196.54905186587374,199.87625122070312,3330200
2018-03-16 00:00:00+00:00,200.0330520378319,201.43535688297692,198.36944559420715,198.4652557373047,5690300
2018-03-19 00:00:00+00:00,197.98616226219568,198.5610229966266,194.82444151317395,196.01771545410156,3407300
2018-03-20 00:00:00+00:00,196.11360215522538,198.23883603455067,194.99872754481763,197.5246124267578,3429100
2018-03-21 00:00:00+00:00,197.2371786104755,198.0994700342426,194.07546997070312,194.07546997070312,3419800
2018-03-22 00:00:00+00:00,193.05631784970228,193.06503631822164,187.35130291583496,187.44711303710938,5894800
2018-03-23 00:00:00+00:00,187.9174342664227,189.64200305890296,185.086696554414,185.1302490234375,5741200
2018-03-26 00:00:00+00:00,187.42970354956935,191.10530914834976,187.0029105606785,190.80917358398438,3561300
2018-03-27 00:00:00+00:00,191.89795954407302,193.3176748333332,188.4923599633482,189.8424072265625,3722100
2018-03-28 00:00:00+00:00,190.65241697385537,191.54083709542596,189.04106818663288,190.31272888183594,3179500
2018-03-29 00:00:00+00:00,191.07921489721565,194.5370720378341,186.39324951171875,186.39324951171875,5529400
2018-04-02 00:00:00+00:00,190.27789926511167,194.2235123059787,186.9419811098535,189.18043518066406,6220700
2018-04-03 00:00:00+00:00,191.91538340944592,196.0613356395701,191.34924094810947,195.60841369628906,4652000
2018-04-04 00:00:00+00:00,192.22022012259754,199.8762735262183,191.985047345796,199.27528381347656,4674000
2018-04-05 00:00:00+00:00,199.85882255657677,201.7053305124278,197.54196914269062,199.51913452148438,3348100
2018-04-06 00:00:00+00:00,197.41135940862753,198.75270151558024,193.20445783865947,195.06838989257812,3231700
2018-04-09 00:00:00+00:00,196.4793850474034,196.95843576336404,193.67477535434443,193.99703979492188,3031500
2018-04-10 00:00:00+00:00,196.32262521331967,198.72658429705749,194.65903183434625,197.53330993652344,2737500
2018-04-11 00:00:00+00:00,195.3384257967449,196.31393780871088,193.0912528060195,193.27415466308594,3482100
2018-04-12 00:00:00+00:00,195.13800019520062,196.62740967772206,194.589281577723,195.3122100830078,2664500
2018-04-13 00:00:00+00:00,196.06131517583032,196.9584404971223,194.30189854508458,195.3470916748047,2496600
2018-04-16 00:00:00+00:00,197.81206586880347,201.94059511151585,197.15011314526802,200.60797119140625,4510600
2018-04-17 00:00:00+00:00,208.43816714509984,210.49371938571423,205.6248522138258,207.77621459960938,6180300
2018-04-18 00:00:00+00:00,208.1681760647427,208.81271829817305,205.81648803086847,205.90357971191406,2940100
2018-04-19 00:00:00+00:00,205.72937095813907,207.53234009527918,204.50998117240562,205.34613037109375,2734900
2018-04-20 00:00:00+00:00,205.59871093203924,206.51325984593515,203.3776673669637,204.73641967773438,2842000
2018-04-23 00:00:00+00:00,204.93671200906712,205.73804029443448,203.01181764341055,204.10926818847656,3051700
2018-04-24 00:00:00+00:00,205.51159603786442,206.70487013236308,202.55891880054764,204.00477600097656,2771200
2018-04-25 00:00:00+00:00,203.33411896052291,204.7712710798211,200.71242442582908,204.59706115722656,3118800
2018-04-26 00:00:00+00:00,205.3200029080315,207.15780606972191,204.10061311416908,206.45230102539062,2252800
2018-04-27 00:00:00+00:00,206.97487741970363,209.5094668263192,206.5567895814091,209.19590759277344,2301800
2018-04-30 00:00:00+00:00,209.910169169887,209.910169169887,205.90357971191406,205.90357971191406,3446900
2018-05-01 00:00:00+00:00,206.42614585224442,206.85293887081102,204.1267158984157,206.29550170898438,2633500
2018-05-02 00:00:00+00:00,205.01517680905414,205.7381055566775,202.8202617323238,203.34286499023438,3542700
2018-05-03 00:00:00+00:00,202.0450209892585,204.5099422133226,199.7281675473729,203.94378662109375,2731600
2018-05-04 00:00:00+00:00,203.02929893186092,206.12132601873725,202.210560057233,205.46807861328125,1999900
2018-05-07 00:00:00+00:00,205.45064939723258,206.4174560001973,202.61991090003468,203.62155151367188,3237800
2018-05-08 00:00:00+00:00,203.56930679522722,203.56930679522722,200.89534111157428,202.09732055664062,2698300
2018-05-09 00:00:00+00:00,202.9857366460118,203.30800109756407,198.78752714361403,199.64111328125,3504200
2018-05-10 00:00:00+00:00,200.45983402685462,204.0657589129247,199.77175265722514,203.5605926513672,2169000
2018-05-11 00:00:00+00:00,203.44738018507317,207.99398333855316,202.89864809368157,207.5410614013672,3044900
2018-05-14 00:00:00+00:00,208.0810621571079,212.23571925575013,208.01139413140444,211.56504821777344,3893600
2018-05-15 00:00:00+00:00,210.65920513904203,210.9727643974347,207.88072429474204,208.60365295410156,2396600
2018-05-16 00:00:00+00:00,208.73435345300933,210.6157095112168,207.7936887142605,210.53732299804688,1906100
2018-05-17 00:00:00+00:00,210.33692852141962,212.1398841850175,209.50947129694055,211.61729431152344,2418700
2018-05-18 00:00:00+00:00,211.97438203770471,213.18506645881274,211.1208093175152,213.08055114746094,2283600
2018-05-21 00:00:00+00:00,213.39414413333094,217.02619797128864,213.2547815025798,215.92002868652344,3040700
2018-05-22 00:00:00+00:00,216.00711968970103,216.05067217028935,212.3837712665121,213.5509033203125,2644100
2018-05-23 00:00:00+00:00,212.54927779499008,213.82964373106824,210.46759666258276,212.74960327148438,3047800
2018-05-24 00:00:00+00:00,213.01963596539053,213.77739872290343,210.9553650719631,211.4169921875,2610400
2018-05-25 00:00:00+00:00,211.60854756820197,213.8992720808176,211.1643442415302,213.3505401611328,1554900
2018-05-29 00:00:00+00:00,212.40116991425523,212.40116991425523,209.24816738801036,210.92918395996094,2837800
2018-05-30 00:00:00+00:00,212.29669526821053,214.04739347815413,211.32988860532177,213.34188842773438,2071900
2018-05-31 00:00:00+00:00,212.7060559839756,213.1763882348801,209.6314261859875,210.35435485839844,2966100
2018-06-01 00:00:00+00:00,212.2966582647399,212.2966582647399,210.16270654348608,211.95697021484375,2371400
2018-06-04 00:00:00+00:00,212.5231520916323,213.6031925671166,211.42570125470235,213.07188415527344,2188900
2018-06-05 00:00:00+00:00,213.47248955766236,213.48991320574197,210.70272757872675,212.8976287841797,1531900
2018-06-06 00:00:00+00:00,214.54386257155315,216.63424883896732,213.50737461825088,216.57327270507812,2650300
2018-06-07 00:00:00+00:00,217.54004810092533,217.74909201378452,216.224848369688,216.8606719970703,2117200
2018-06-08 00:00:00+00:00,217.27878144007045,219.05560835992725,216.06809689963558,218.3413848876953,3034600
2018-06-11 00:00:00+00:00,218.4807417528431,222.0953849188551,218.09750119641285,221.04147338867188,2775200
2018-06-12 00:00:00+00:00,220.53632662416402,221.18086886393925,217.89720810711907,220.8673095703125,2567200
2018-06-13 00:00:00+00:00,221.3550400764252,223.610931011179,219.90918276141886,220.24887084960938,3138300
2018-06-14 00:00:00+00:00,221.64245258222542,222.96637081725348,220.93694763228586,222.39151000976562,2456600
2018-06-15 00:00:00+00:00,222.25162747636935,223.7462921142578,220.7569495011204,223.7462921142578,4772200
2018-06-18 00:00:00+00:00,222.0156494938682,222.89846282623208,220.38986507037927,222.77609252929688,1961900
2018-06-19 00:00:00+00:00,221.11536633743816,221.40381348695618,219.53328833883327,221.15907287597656,2370200
2018-06-20 00:00:00+00:00,221.42126708296507,221.779628638025,220.16259364241583,220.97547912597656,2580400
2018-06-21 00:00:00+00:00,221.09790675908337,221.70975835766538,219.3235304545133,220.17138671875,2150300
2018-06-22 00:00:00+00:00,220.4772897459198,222.98588763380985,219.5595058019182,222.3390655517578,2604000
2018-06-25 00:00:00+00:00,222.33040823364755,223.00345180900177,217.3044613698487,219.14002990722656,3060800
2018-06-26 00:00:00+00:00,219.00885948291327,220.67835073340282,218.11729668535565,218.31834411621094,2158000
2018-06-27 00:00:00+00:00,218.77283973618705,220.05773465845922,216.8848425750245,216.9197998046875,2481000
2018-06-28 00:00:00+00:00,216.01075619667583,216.77119928103625,211.7277688536247,214.06155395507812,3556900
2018-06-29 00:00:00+00:00,214.06157076476757,216.3341775609596,213.7993581891303,214.4461669921875,2772600
2018-07-02 00:00:00+00:00,214.14894238179292,216.535169719586,213.37975007589452,216.316650390625,1793300
2018-07-03 00:00:00+00:00,217.03344261504256,217.4267748165847,215.66988386976905,215.87965393066406,1248000
2018-07-05 00:00:00+00:00,217.74142331902695,219.33223726381055,216.40408595374964,218.95639038085938,2182900
2018-07-06 00:00:00+00:00,219.40215887188464,220.03149565396387,218.01237903536065,219.1836395263672,1572300
2018-07-09 00:00:00+00:00,220.3811300967544,222.02438647199236,219.43712494296472,221.72720336914062,2039600
2018-07-10 00:00:00+00:00,222.17303980931487,224.5505319680289,221.7971928401322,223.36178588867188,2012200
2018-07-11 00:00:00+00:00,223.01210203764657,223.7638091173948,221.78839904148074,222.53135681152344,1486000
2018-07-12 00:00:00+00:00,223.92119050695135,224.48061296817917,222.81985754548157,223.80755615234375,1592700
2018-07-13 00:00:00+00:00,224.10472361591445,226.39480219958105,223.78129256215965,226.12384033203125,2356200
2018-07-16 00:00:00+00:00,225.76543096294364,225.9052865304713,224.14838263963756,224.62039184570312,3625400
2018-07-17 00:00:00+00:00,219.87417321122354,220.72202935842498,215.2590455941696,218.7728271484375,6932300
2018-07-18 00:00:00+00:00,219.48959468208167,224.29700744410553,218.90396437591264,223.25686645507812,3359800
2018-07-19 00:00:00+00:00,223.16945642672917,224.20086139495487,220.13640666952378,221.0803985595703,2307600
2018-07-20 00:00:00+00:00,219.54202661203348,221.62233516452125,219.54202661203348,220.87936401367188,1959600
2018-07-23 00:00:00+00:00,221.0629134535822,223.09076604045842,220.6433467081355,220.91432189941406,1479600
2018-07-24 00:00:00+00:00,222.76735284190048,222.85476591140866,220.27622707189747,221.8058624267578,2476500
2018-07-25 00:00:00+00:00,222.72367322070667,223.1257547167246,220.9405610885832,222.7673797607422,3016900
2018-07-26 00:00:00+00:00,223.9823356212809,225.39833675315495,223.5890034554673,224.6378936767578,2021300
2018-07-27 00:00:00+00:00,225.3284052173584,225.3284052173584,223.2306115964292,223.7200927734375,1656800
2018-07-30 00:00:00+00:00,223.68510922442522,224.54171452074408,221.23769029004026,221.87576293945312,1681500
2018-07-31 00:00:00+00:00,222.13801184684166,223.0645316815549,221.01045796093027,221.3338623046875,2355900
2018-08-01 00:00:00+00:00,223.8512527712378,223.8512527712378,220.97553033134392,221.4650115966797,3006700
2018-08-02 00:00:00+00:00,221.57861705955114,224.02602306724202,220.46853504632975,223.83372497558594,1854400
2018-08-03 00:00:00+00:00,224.15715495626776,225.12736804500224,222.27788058529617,224.83018493652344,1422300
2018-08-06 00:00:00+00:00,224.20089292081596,225.10994104719708,223.3005941059009,224.42816162109375,1398100
2018-08-07 00:00:00+00:00,225.19730153522335,226.24617835168087,224.75151355026267,225.20602416992188,1462800
2018-08-08 00:00:00+00:00,225.6081362857202,226.82311684455715,225.44208609737473,226.22000122070312,1494300
2018-08-09 00:00:00+00:00,227.18150420583467,229.89987264210538,226.6570523293822,228.6499481201172,2315000
2018-08-10 00:00:00+00:00,227.68838712446464,228.57121373253585,226.4821561836567,227.5747528076172,1625000
2018-08-13 00:00:00+00:00,228.1341904946711,229.488999730018,227.52232567402947,228.05552673339844,1635100
2018-08-14 00:00:00+00:00,228.03812880274728,231.01871008790835,228.00315822814557,230.30198669433594,1941600
2018-08-15 00:00:00+00:00,228.99082825884977,229.61141580193348,226.55214461598104,227.79331970214844,2017700
2018-08-16 00:00:00+00:00,228.63240462592861,230.53788672851917,228.5275196184058,229.96974182128906,2115900
2018-08-17 00:00:00+00:00,230.3631746014678,230.87015462168495,228.7636240957158,229.2967987060547,1969700
2018-08-20 00:00:00+00:00,229.88234665062015,230.31063602291675,228.63242242247645,229.35789489746094,1786200
2018-08-21 00:00:00+00:00,228.87717553309426,229.46279246094485,227.89821310018374,228.73731994628906,1559300
2018-08-22 00:00:00+00:00,228.9646048530349,228.9646048530349,227.47866247819505,227.90695190429688,2148500
2018-08-23 00:00:00+00:00,228.15169044744715,229.49777721327348,226.87554481670983,228.5013427734375,1603500
2018-08-24 00:00:00+00:00,228.78976016483742,231.4382136281233,228.78976016483742,231.0011749267578,2238600
2018-08-27 00:00:00+00:00,231.63053892413993,233.77203948219793,231.1235857079035,233.4486083984375,2614000
2018-08-28 00:00:00+00:00,234.72476862009694,235.24922043113793,233.66711568750063,234.69854736328125,2603900
2018-08-29 00:00:00+00:00,234.59365662084858,235.4065422370587,233.59719553667375,235.1268310546875,2880600
2018-08-30 00:00:00+00:00,235.5289163609608,236.14953059355673,234.34890639760889,234.5936737060547,2976300
2018-08-31 00:00:00+00:00,234.49747289229464,235.31035843453162,233.55348108110397,234.65480041503906,2961500
2018-09-04 00:00:00+00:00,234.2527593226873,235.48521174247915,233.00283495659406,234.69854736328125,2097300
2018-09-05 00:00:00+00:00,234.74224669806657,234.95201675807147,233.3174961328349,233.9381103515625,2230600
2018-09-06 00:00:00+00:00,234.6923404213618,236.81472995802184,234.11349961189185,236.490234375,2556100
2018-09-07 00:00:00+00:00,236.48146638835635,237.8145371913526,234.61339543917396,235.2886962890625,2958000
2018-09-10 00:00:00+00:00,233.97317317099208,233.9907040690308,226.93065010498972,227.79014587402344,4146200
2018-09-11 00:00:00+00:00,226.202752461601,229.27234610458297,225.8168585481618,228.93907165527344,2283300
2018-09-12 00:00:00+00:00,229.00919917369166,231.9647747613061,228.77241160872967,230.3686065673828,2236300
2018-09-13 00:00:00+00:00,231.6753176592756,233.01716710013685,231.026326630214,232.8417510986328,2734500
2018-09-14 00:00:00+00:00,232.7628586270637,233.8591418975046,230.9035664827525,232.68392944335938,2084600
2018-09-17 00:00:00+00:00,233.72763572787667,233.86796322375895,231.0176262026873,231.42105102539062,1940400
2018-09-18 00:00:00+00:00,230.59656429109035,231.61391821228162,229.78093609413725,230.9123077392578,3557000
2018-09-19 00:00:00+00:00,231.9472469536259,232.9470434504051,230.79834414487888,232.70147705078125,2274300
2018-09-20 00:00:00+00:00,233.35924639861832,234.99052993521096,233.34171550038425,233.6311492919922,2095000
2018-09-21 00:00:00+00:00,233.3767669170262,234.90278452714105,233.15751028271194,233.87667846679688,5671600
2018-09-24 00:00:00+00:00,234.1748888737288,236.38498634444767,233.87670303150924,234.48182678222656,2699800
2018-09-25 00:00:00+00:00,234.42919715504584,234.45550688219646,230.68430324539378,231.10528564453125,3789700
2018-09-26 00:00:00+00:00,231.97355550499796,232.8418033484127,230.1756615273919,230.57908630371094,2238000
2018-09-27 00:00:00+00:00,230.6579683975567,232.7716054642214,230.59657011931623,232.1050567626953,2761400
2018-09-28 00:00:00+00:00,231.86830555085956,233.45572161565747,231.40348250588661,233.3241729736328,2875100
2018-10-01 00:00:00+00:00,234.3853840565107,236.81473836446878,234.1836582815145,236.0078887939453,3314500
2018-10-02 00:00:00+00:00,235.9202040278737,238.06015151413789,234.60466385671455,237.34976196289062,2777300
2018-10-03 00:00:00+00:00,238.5512673356802,238.61266562948595,236.59548811891156,237.58653259277344,3002200
2018-10-04 00:00:00+00:00,237.67421644596243,238.21796867355602,234.43798604395167,235.32379150390625,2186600
2018-10-05 00:00:00+00:00,235.6131698909518,237.67418757154684,234.9992673841041,236.09555053710938,2045700
2018-10-08 00:00:00+00:00,235.77986401561483,236.4902535291535,232.9821465922783,235.92897033691406,1865000
2018-10-09 00:00:00+00:00,236.0867967423087,238.51615083168105,235.45533650862728,236.89364624023438,2510100
2018-10-10 00:00:00+00:00,237.323422363701,238.04259065696576,230.23703187860488,230.72816467285156,4267300
2018-10-11 00:00:00+00:00,229.78099316962658,231.88585187624955,224.32588607798743,225.5010986328125,4558500
2018-10-12 00:00:00+00:00,227.76381617556856,229.2459932541505,225.27303710649792,227.6848602294922,4006300
2018-10-15 00:00:00+00:00,228.14093113550337,230.16686041719362,227.42176290817997,228.2461700439453,3583400
2018-10-16 00:00:00+00:00,236.5253216610077,239.2616405530433,232.41206449165622,239.05116271972656,6453600
2018-10-17 00:00:00+00:00,236.96384978458886,237.67423928111407,232.9646101135095,234.42922973632812,3985100
2018-10-18 00:00:00+00:00,234.47306780240416,234.93789083167744,231.28067811854393,233.9994659423828,3132100
2018-10-19 00:00:00+00:00,233.8329138953295,235.02568442810696,231.43864752530513,232.67523193359375,3336600
2018-10-22 00:00:00+00:00,233.94684038488535,234.01699073485634,228.0795304192465,229.94760131835938,2618100
2018-10-23 00:00:00+00:00,227.7813279688756,232.86807105942034,227.32528381553078,232.2892303466797,4081800
2018-10-24 00:00:00+00:00,231.5438215396607,232.7014764120067,224.4574310018585,224.7994842529297,5265600
2018-10-25 00:00:00+00:00,226.41315892625985,232.56987517070715,222.21219459965948,231.74546813964844,4675600
2018-10-26 00:00:00+00:00,229.3424598837689,230.13177848453412,225.41337101221708,226.43072509765625,4830600
2018-10-29 00:00:00+00:00,227.78138023628586,229.81608864528425,222.16841459485178,224.97488403320312,3697700
2018-10-30 00:00:00+00:00,225.12396351377924,227.7550433537333,222.74721550344722,226.5184326171875,4169200
2018-10-31 00:00:00+00:00,228.7899550411628,231.59645123728137,228.2198930289069,229.2109375,4230200
2018-11-01 00:00:00+00:00,230.5878764418434,232.13142526529722,227.8164688015706,228.8425750732422,2771300
2018-11-02 00:00:00+00:00,232.07002498976706,233.6223793965889,227.6410508081797,228.91275024414062,2593600
2018-11-05 00:00:00+00:00,229.91254677632736,230.65802483310682,228.0883429951936,228.91275024414062,3287000
2018-11-06 00:00:00+00:00,228.64082443344995,231.54378007300926,228.64082443344995,231.13157653808594,2582400
2018-11-07 00:00:00+00:00,234.07839337376817,242.7171107066992,234.07839337376817,240.85781860351562,5796800
2018-11-08 00:00:00+00:00,242.05934783829312,243.81340108349815,240.91922393480124,242.62940979003906,3809100
2018-11-09 00:00:00+00:00,242.8135631069986,243.81338624297754,240.47191715543,242.54168701171875,2904300
2018-11-12 00:00:00+00:00,242.05943096000289,243.6293166476744,238.55132326493037,238.8845977783203,3140600
2018-11-13 00:00:00+00:00,239.05994096899448,239.95452538802775,235.1659668025054,236.11314392089844,2516900
2018-11-14 00:00:00+00:00,236.17447766352348,237.2532031472984,230.96493802445755,232.37693786621094,3511900
2018-11-15 00:00:00+00:00,231.5350288669517,233.21893176246465,228.77240035273493,232.35943603515625,3657600
2018-11-16 00:00:00+00:00,232.40330682064408,238.37585676737183,232.34193529015855,237.7707061767578,3857800
2018-11-19 00:00:00+00:00,238.09522218012185,238.7880540142391,231.69291110294958,233.33294677734375,3670800
2018-11-20 00:00:00+00:00,232.95581376612415,233.97316788872757,228.3777335967733,229.34246826171875,3617700
2018-11-21 00:00:00+00:00,230.29843453822642,232.0875764739138,228.42161134561934,228.50929260253906,3234300
2018-11-23 00:00:00+00:00,228.026914073454,230.60537439684742,226.51842726360977,229.44769287109375,1159300
2018-11-26 00:00:00+00:00,232.07875398611768,235.3062051637777,231.09648856376248,233.42938232421875,3879800
2018-11-27 00:00:00+00:00,232.91197394186895,237.93731951862154,232.43837205658647,237.80577087402344,3497300
2018-11-28 00:00:00+00:00,239.27034493346721,247.67224593070574,239.27034493346721,246.40057373046875,5044300
2018-11-29 00:00:00+00:00,245.94451077550698,250.3472005017953,245.8392718882163,247.80380249023438,4177800
2018-11-30 00:00:00+00:00,248.9828624976088,249.55477297109437,245.5339469896643,247.54873657226562,6143200
2018-12-03 00:00:00+00:00,248.9916287421818,252.09742430937277,248.73647079183112,251.92144775390625,4178800
2018-12-04 00:00:00+00:00,251.76309203991562,253.33799364977003,243.63347973362838,245.07638549804688,4635500
2018-12-06 00:00:00+00:00,240.2109581274742,243.65990039998118,233.374694920678,243.58071899414062,6694600
2018-12-07 00:00:00+00:00,240.8620454086306,243.2023942543171,235.16074264430927,236.83241271972656,3506900
2018-12-10 00:00:00+00:00,236.31328495628685,236.67401809437172,228.95792687314787,234.50083923339844,4061300
2018-12-11 00:00:00+00:00,237.18433992147328,238.90001757263875,233.74423143572065,235.1079559326172,3102800
2018-12-12 00:00:00+00:00,239.2695172493291,241.56585814679067,237.98494752368066,238.116943359375,3167900
2018-12-13 00:00:00+00:00,238.310462934927,240.4748615424691,237.2194835995883,239.44544982910156,2350400
2018-12-14 00:00:00+00:00,237.87061762772862,238.05540109813077,232.01975862091066,233.17233276367188,3360500
2018-12-17 00:00:00+00:00,229.6706039701471,231.1751042667137,225.8785425619751,227.05751037597656,5806800
2018-12-18 00:00:00+00:00,228.4916331781758,228.74676429076402,218.3735848741969,222.57037353515625,5065500
2018-12-19 00:00:00+00:00,222.0425182486351,225.7290051985824,217.8369352288009,220.23007202148438,5468500
2018-12-20 00:00:00+00:00,218.63754875524182,219.08625679891688,211.2029949534191,213.3057861328125,7311700
2018-12-21 00:00:00+00:00,211.80127755928666,217.75772494614225,208.9154388845157,209.698486328125,12209700
2018-12-24 00:00:00+00:00,207.8508418143656,209.31134799032822,204.61306358333638,204.94740295410156,3091000
2018-12-26 00:00:00+00:00,204.7362269150057,214.12400171066145,203.9531795605452,214.10641479492188,4159300
2018-12-27 00:00:00+00:00,210.3671534026988,216.4115753173828,206.97101237466057,216.4115753173828,4295800
2018-12-28 00:00:00+00:00,217.06266018773078,219.772522214097,215.3909767115797,216.64913940429688,3312700
2018-12-31 00:00:00+00:00,218.2503820547229,220.2036035307731,217.2649778596436,219.18299865722656,3123200
2019-01-02 00:00:00+00:00,215.55816685478257,216.74594171566665,212.4523706675791,214.22962951660156,4063600
2019-01-03 00:00:00+00:00,214.22078526303756,214.22078526303756,207.75404944053741,208.3875274658203,4623200
2019-01-04 00:00:00+00:00,210.98300694592206,214.2031844615089,210.1031779039667,210.8246307373047,5367600
2019-01-07 00:00:00+00:00,211.51093900394707,212.90107078181325,209.60171120859155,211.22940063476562,4133000
2019-01-08 00:00:00+00:00,213.20897575423777,215.37334770380363,210.90382793434011,214.05360412597656,3618600
2019-01-09 00:00:00+00:00,215.34699194052533,216.992281687224,212.97145576589807,214.36158752441406,3425400
2019-01-10 00:00:00+00:00,212.98905380757813,215.6813290047389,212.39956985608652,215.4437713623047,3374100
2019-01-11 00:00:00+00:00,214.19439245002883,217.98645373611038,214.03602965554248,217.9072723388672,3967100
2019-01-14 00:00:00+00:00,216.95703175458905,219.88686396081127,216.53471758999063,218.25038146972656,4955500
2019-01-15 00:00:00+00:00,219.95728703275563,226.04571655193442,217.31779958836256,226.001708984375,5325600
2019-01-16 00:00:00+00:00,227.6382141303706,230.68241558476606,227.14551193602648,230.04013061523438,6069400
2019-01-17 00:00:00+00:00,229.62658469823387,230.28645651312232,226.8991360102306,228.55319213867188,3583600
2019-01-18 00:00:00+00:00,231.04313589195087,234.26331374349456,229.12511482444398,233.59463500976562,4844800
2019-01-22 00:00:00+00:00,232.32771481462518,235.35432965048764,232.0461630042523,233.7618408203125,4052700
2019-01-23 00:00:00+00:00,235.57429188232618,237.0875993318271,231.98460020109042,234.9320068359375,2971100
2019-01-24 00:00:00+00:00,234.73844214152726,235.93502392944532,232.5036950932064,234.1489715576172,2927300
2019-01-25 00:00:00+00:00,236.4981135757977,237.9146527617002,233.77066412825565,235.83824157714844,2809100
2019-01-28 00:00:00+00:00,234.82638769733256,234.852781497028,232.81157148640153,234.71200561523438,2837300
2019-01-29 00:00:00+00:00,234.03451805935416,236.19010988684323,233.54181595882818,235.21348571777344,2173000
2019-01-30 00:00:00+00:00,237.28105629293384,239.70058574859965,235.08148406051038,237.87933349609375,3659000
2019-01-31 00:00:00+00:00,237.97617894896405,239.08474533030872,236.66521536311004,237.72982788085938,4055100
2019-02-01 00:00:00+00:00,236.20773131268032,237.01718593909754,234.06094605376356,236.4276885986328,3946800
2019-02-04 00:00:00+00:00,236.06697693991103,236.4013163410672,232.51245935693188,235.97898864746094,3398900
2019-02-05 00:00:00+00:00,237.6594281601966,239.39269253177366,233.8937607501526,234.30728149414062,3597000
2019-02-06 00:00:00+00:00,233.27794050790217,237.4923032881806,233.1371646057054,237.11398315429688,2570000
2019-02-07 00:00:00+00:00,236.35727042652888,238.06411394803547,235.14310213628477,236.6739959716797,2458200
2019-02-08 00:00:00+00:00,235.35434139650727,236.41014731296934,229.03717336869326,230.4272918701172,4547000
2019-02-11 00:00:00+00:00,229.78496785712275,229.79374788956827,225.53537845299235,226.2392578125,4856200
2019-02-12 00:00:00+00:00,228.0693386086162,232.27492133761265,226.0457420794901,231.8350067138672,4327900
2019-02-13 00:00:00+00:00,231.85255639498232,234.2897002032686,231.52702392173555,232.09890747070312,3066400
2019-02-14 00:00:00+00:00,231.60624370352195,234.97600477481367,231.13993527397406,233.44508361816406,3015300
2019-02-15 00:00:00+00:00,235.6094693920917,238.548095703125,234.58005741220495,238.548095703125,3673700
2019-02-19 00:00:00+00:00,238.58327528369887,239.74462932076963,236.9203853518128,237.9145965576172,2486700
2019-02-20 00:00:00+00:00,236.85883783477672,238.0730065622544,235.9526147317007,237.122802734375,2802800
2019-02-21 00:00:00+00:00,237.08754104499317,237.50106178273714,233.2426922973805,234.38645935058594,2554300
2019-02-22 00:00:00+00:00,234.4744712750181,236.1373612764981,233.9905759768415,235.0111541748047,3191100
2019-02-25 00:00:00+00:00,235.4246536280079,235.94377641390594,232.60921667957973,232.8027801513672,3679100
2019-02-26 00:00:00+00:00,232.85556304689015,233.5330217593422,231.21906702749976,231.37745666503906,3212900
2019-02-27 00:00:00+00:00,230.17204734126352,230.17204734126352,219.02462916343492,220.0276336669922,8952900
2019-02-28 00:00:00+00:00,219.69333127406398,221.67294681834892,210.41113125916914,213.11221313476562,11034300
2019-03-01 00:00:00+00:00,214.29119194539297,218.19763563461376,214.29119194539297,216.5699462890625,6921300
2019-03-04 00:00:00+00:00,218.30321266031237,218.59355790181132,206.32873693881598,207.65728759765625,8646300
2019-03-05 00:00:00+00:00,208.10597237077903,213.9744307558605,206.70704734786278,212.41712951660156,6924500
2019-03-06 00:00:00+00:00,212.68988604464957,212.68988604464957,208.54588518224256,210.3407440185547,4878700
2019-03-07 00:00:00+00:00,211.42295995570979,212.19720052449279,207.2437712456151,208.2555694580078,5033500
2019-03-08 00:00:00+00:00,207.68148245492563,211.44386887364237,207.23106179588797,209.57150268554688,4921700
2019-03-11 00:00:00+00:00,211.26721723349354,215.51534553324117,208.80311738482638,214.74696350097656,4539600
2019-03-12 00:00:00+00:00,216.336709920694,218.57117254096548,215.26806091606036,217.1580810546875,4235800
2019-03-13 00:00:00+00:00,218.99511399267868,223.234401964217,218.21790490892502,222.7839813232422,4881600
2019-03-14 00:00:00+00:00,223.446365390486,225.26572889713046,222.86345859426962,223.68482971191406,3865200
2019-03-15 00:00:00+00:00,224.62982133450802,224.9831042879365,220.7438031813617,222.0332489013672,6466200
2019-03-18 00:00:00+00:00,223.14611344227896,225.48655447004472,221.1677689768155,225.2127685546875,3927400
2019-03-19 00:00:00+00:00,226.0517955606679,228.9663164596714,225.3364159759715,227.09396362304688,4164800
2019-03-20 00:00:00+00:00,227.3589000974832,227.58853742028558,220.77033038836106,221.23841857910156,4193500
2019-03-21 00:00:00+00:00,220.0814498557547,223.41106981689535,219.61336165547925,222.58087158203125,2699700
2019-03-22 00:00:00+00:00,221.300231623026,221.85663041634245,218.13841970912787,218.2267303466797,3777900
2019-03-25 00:00:00+00:00,218.51818805107928,218.51818805107928,212.65382524280096,218.0236053466797,4110900
2019-03-26 00:00:00+00:00,218.376915358249,218.93332774207855,213.48406300927087,214.958984375,4416200
2019-03-27 00:00:00+00:00,214.56152105433378,216.98144558900697,210.3398869125001,213.47520446777344,4819200
2019-03-28 00:00:00+00:00,214.25241147931948,214.48204881034832,210.98462104857617,213.93446350097656,3601500
2019-03-29 00:00:00+00:00,215.75382466895428,218.81848575024443,213.61651296977936,218.37689208984375,4294200
2019-04-01 00:00:00+00:00,220.54072175661642,220.97347493845658,214.66751772249603,216.85781860351562,4809500
2019-04-02 00:00:00+00:00,216.8312848223889,217.61732089206606,214.4378550549261,215.8597869873047,4057100
2019-04-03 00:00:00+00:00,217.53784076837422,218.62415726943107,216.01875768047918,217.12274169921875,2851400
2019-04-04 00:00:00+00:00,216.80477800878649,220.0107516786837,216.06290403642947,218.49166870117188,2255500
2019-04-05 00:00:00+00:00,219.86948532322168,220.1874333042795,216.53103826029923,219.71934509277344,3343000
2019-04-08 00:00:00+00:00,220.51419829539765,220.51419829539765,217.5378614108841,219.69284057617188,2195400
2019-04-09 00:00:00+00:00,218.65068855414884,220.74383816400598,217.2199159496618,219.72816467285156,2903800
2019-04-10 00:00:00+00:00,219.71930736749366,220.68197816727488,216.8401219885305,217.29054260253906,2753700
2019-04-11 00:00:00+00:00,217.30828554028471,218.07665434743595,205.50005958448938,207.9199981689453,8223400
2019-04-12 00:00:00+00:00,208.8737589502347,209.12105027172822,194.9812289887877,197.14503479003906,13979400
2019-04-15 00:00:00+00:00,199.39717952394525,203.98975030567462,198.19604438321292,203.3096923828125,10021800
2019-04-16 00:00:00+00:00,210.20737869234355,210.20737869234355,190.6094662242573,195.1490478515625,27361400
2019-04-17 00:00:00+00:00,197.64847921756657,198.04592428221406,183.7647873103899,191.5103302001953,22101400
2019-04-18 00:00:00+00:00,191.77526256719577,196.95073994977363,189.18753061409024,195.8467559814453,13927200
2019-04-22 00:00:00+00:00,197.83396010758213,200.9781048173586,195.62599180281003,200.58067321777344,11191800
2019-04-23 00:00:00+00:00,201.5875118313849,204.84647529607196,199.68866442702586,203.6453399658203,10261400
2019-04-24 00:00:00+00:00,203.21254714285894,204.57266302801793,201.14589225261585,203.4421844482422,6104100
2019-04-25 00:00:00+00:00,201.83478169058566,205.00542069202336,201.48151218021184,203.83078002929688,5954500
2019-04-26 00:00:00+00:00,205.02304838332722,209.41248925270136,204.18402335189975,209.31533813476562,6186200
2019-04-29 00:00:00+00:00,209.6687132946338,210.25162029615865,206.80719433509753,209.71287536621094,5345300
2019-04-30 00:00:00+00:00,210.2692306133013,210.2692306133013,203.30088346763023,205.84446716308594,7632300
2019-05-01 00:00:00+00:00,205.84444922352725,207.21337861607245,203.44217893748356,204.8552703857422,4823200
2019-05-02 00:00:00+00:00,203.92794721471424,206.08292643614263,201.4373659749301,205.29689025878906,5499200
2019-05-03 00:00:00+00:00,205.64130646251894,206.5774827476275,200.6424636263863,204.8552703857422,4323100
2019-05-06 00:00:00+00:00,201.51682470825048,212.4683542317496,200.92509089289484,212.40652465820312,7180200
2019-05-07 00:00:00+00:00,211.24956978669027,214.74698390394272,208.78546970391062,210.24273681640625,5104700
2019-05-08 00:00:00+00:00,210.19858859866312,212.68034288766353,208.01711477333217,211.21424865722656,3768400
2019-05-09 00:00:00+00:00,208.96212630130182,212.44187303858362,208.14075508206412,210.17208862304688,4299500
2019-05-10 00:00:00+00:00,211.93840549354965,214.27884587414536,208.75892660258432,212.48597717285156,4374400
2019-05-13 00:00:00+00:00,208.82963412453094,212.05327585125843,208.60883729981134,211.56752014160156,4684400
2019-05-14 00:00:00+00:00,212.53015932746982,212.83928022646597,208.6794627403016,208.8119354248047,5329700
2019-05-15 00:00:00+00:00,207.54897914190514,209.7834415413661,205.4469894236903,208.50282287597656,5099700
2019-05-16 00:00:00+00:00,208.33506535714795,212.3623975537487,208.18492512343963,209.1299285888672,4456400
2019-05-17 00:00:00+00:00,208.58231982820445,214.11990735677404,208.12305870989385,213.18373107910156,4486400
2019-05-20 00:00:00+00:00,211.96498201343684,217.9176701098076,211.76185267905774,217.25527954101562,5390800
2019-05-21 00:00:00+00:00,218.15608965800504,221.83897907401598,217.97062787216555,220.74383544921875,5345300
2019-05-22 00:00:00+00:00,220.00197188583505,221.70651698416253,219.65752936213124,220.21392822265625,4038000
2019-05-23 00:00:00+00:00,219.0127713206086,219.16291153651963,215.84213231529088,217.70565795898438,3934600
2019-05-24 00:00:00+00:00,218.36805883164868,220.2315845643729,216.83130808585034,218.70367431640625,2973900
2019-05-28 00:00:00+00:00,219.47206108508234,220.17861367519762,213.71367566874213,213.78433227539062,6172700
2019-05-29 00:00:00+00:00,211.83246280914514,214.64099173590722,210.1102369270868,214.08457946777344,3958400
2019-05-30 00:00:00+00:00,213.66065386281534,216.68999308074615,213.14840365033712,215.05609130859375,2646600
2019-05-31 00:00:00+00:00,213.68716020176325,215.16208134565733,211.50568653693884,213.5546875,3285700
2019-06-03 00:00:00+00:00,213.28093993868458,215.32110077079358,208.44990355920865,208.92681884765625,4999400
2019-06-04 00:00:00+00:00,210.31341109131836,212.89231657445356,207.3988900977607,212.6361846923828,4992000
2019-06-05 00:00:00+00:00,214.7646617539174,217.0786082496885,213.0512761748259,214.41139221191406,3194400
2019-06-06 00:00:00+00:00,214.72934571417207,215.44472531477194,213.4928753326138,213.57237243652344,2630100
2019-06-07 00:00:00+00:00,214.5261634600676,218.20906590843103,213.8991081007651,217.94410705566406,2837400
2019-06-10 00:00:00+00:00,218.2179069249832,220.5053586637294,217.25523605867397,219.15408325195312,2331000
2019-06-11 00:00:00+00:00,219.48971595216491,221.40623081426972,217.02561578919514,217.14926147460938,3043000
2019-06-12 00:00:00+00:00,217.44070092649514,217.70565980002436,213.99627599971947,215.9392852783203,3251800
2019-06-13 00:00:00+00:00,216.22193536367408,216.68118308665564,214.72050607460713,216.3455810546875,3107800
2019-06-14 00:00:00+00:00,217.09071934109457,218.31491945228123,215.37861240761993,217.66732788085938,2165500
2019-06-17 00:00:00+00:00,218.2262120895366,219.2020257693967,217.5342764023804,218.19960021972656,2270300
2019-06-18 00:00:00+00:00,219.55686289974753,221.18912077325982,217.4721761608257,217.9600830078125,3482500
2019-06-19 00:00:00+00:00,218.2261713692694,222.98988468103974,217.79148835006978,221.943115234375,4204600
2019-06-20 00:00:00+00:00,223.19395892819915,224.27622004004482,219.46813488490247,219.78749084472656,3800800
2019-06-21 00:00:00+00:00,220.6923508657932,224.87059051278015,219.0246014516004,223.7971954345703,6323500
2019-06-24 00:00:00+00:00,222.9544598086485,224.10769052540587,219.87622703874118,221.45526123046875,3163800
2019-06-25 00:00:00+00:00,221.15361696877346,222.69715940403964,219.48586777237006,219.6987762451172,3182700
2019-06-26 00:00:00+00:00,220.00039658938147,220.07136608357465,215.68023184272985,215.98184204101562,3852900
2019-06-27 00:00:00+00:00,216.6826504747411,220.13346271190653,215.70685035563227,218.52781677246094,3366200
2019-06-28 00:00:00+00:00,218.6697717760109,218.8915463924166,211.70604340645286,216.4608917236328,6727600
2019-07-01 00:00:00+00:00,218.18186875837043,218.37703150713122,213.54234749148097,215.24557495117188,4102700
2019-07-02 00:00:00+00:00,215.20118447266756,216.44313027849452,212.49553181059605,216.42538452148438,3863500
2019-07-03 00:00:00+00:00,216.73590404805017,219.5746164364626,216.48750402401873,217.52542114257812,2559400
2019-07-05 00:00:00+00:00,216.79798507542455,220.67460088851752,216.50524096878132,219.1044464111328,2965000
2019-07-08 00:00:00+00:00,218.5898697730316,219.9826069023146,217.232610615737,219.85841369628906,1902500
2019-07-09 00:00:00+00:00,217.01086069509478,218.29715051834862,216.1769861302687,218.22618103027344,2774800
2019-07-10 00:00:00+00:00,218.95364883776767,220.98509835941903,217.76492661156445,219.53912353515625,2753000
2019-07-11 00:00:00+00:00,226.91977361270256,232.14478265153178,220.93185940780782,231.67462158203125,10268800
2019-07-12 00:00:00+00:00,232.091555201837,236.4294522345256,232.091555201837,235.87945556640625,5336100
2019-07-15 00:00:00+00:00,235.13431030000245,237.43189201055392,234.4157627294943,235.9326934814453,2611400
2019-07-16 00:00:00+00:00,235.3738054865955,236.9794784895982,233.4754289967444,234.7794647216797,3121600
2019-07-17 00:00:00+00:00,234.19397918441328,238.3544728743282,233.75042998141248,236.54478454589844,3995200
2019-07-18 00:00:00+00:00,235.64885566993735,236.42062702401964,228.2149659987719,231.17787170410156,5825800
2019-07-19 00:00:00+00:00,231.62138076969896,233.05847574140253,227.45200776479973,227.6737823486328,4413200
2019-07-22 00:00:00+00:00,228.9955967944719,229.71414434156512,225.79315745349166,226.4939727783203,4104300
2019-07-23 00:00:00+00:00,225.7399516577138,227.18592651401443,223.5665630853686,226.21897888183594,2889300
2019-07-24 00:00:00+00:00,224.24961171708878,224.28510323535446,217.45444786241174,222.77703857421875,4864000
2019-07-25 00:00:00+00:00,222.7769937337624,224.21408860515706,220.25762434987473,220.621337890625,3362800
2019-07-26 00:00:00+00:00,220.905251009741,225.21654984645028,218.6786253258637,224.38267517089844,3362600
2019-07-29 00:00:00+00:00,224.29396387046853,226.4762319648877,223.85041465531444,225.163330078125,2005500
2019-07-30 00:00:00+00:00,224.13427619333845,226.26330685533566,222.1915286078414,226.14797973632812,1908800
2019-07-31 00:00:00+00:00,227.38110994044933,228.12626948397997,220.42624692601393,220.8964080810547,3532400
2019-08-01 00:00:00+00:00,221.05605970728868,223.17622441133912,219.3616984591015,221.10928344726562,3613600
2019-08-02 00:00:00+00:00,221.499613743701,223.16736315820532,218.3149335626406,221.8189697265625,2677600
2019-08-05 00:00:00+00:00,220.11573259781645,221.72137855263873,215.20119983085195,217.392333984375,5812400
2019-08-06 00:00:00+00:00,218.16413808371806,220.2488250732422,216.07059851779533,220.2488250732422,3533000
2019-08-07 00:00:00+00:00,218.46575601001697,219.14881212352208,214.02138376785825,218.62542724609375,3205800
2019-08-08 00:00:00+00:00,218.39474018624358,219.70764192549913,215.8931163965341,219.6632843017578,2830700
2019-08-09 00:00:00+00:00,219.75204800554656,222.14721131921183,218.35043070974555,220.55931091308594,2535000
2019-08-12 00:00:00+00:00,218.92697381902903,219.9648906958472,215.59148923151835,215.74229431152344,2667400
2019-08-13 00:00:00+00:00,214.39392757018172,222.18266371215864,214.24312247160321,221.08265686035156,2763400
2019-08-14 00:00:00+00:00,218.8737500891502,220.36408220598366,215.57374347621032,215.74229431152344,3464300
2019-08-15 00:00:00+00:00,216.76246707222046,217.5697162082293,214.18987397491236,216.6737518310547,2513500
2019-08-16 00:00:00+00:00,217.67620406149877,219.2108804634866,216.61167518035063,217.95120239257812,2810000
2019-08-19 00:00:00+00:00,219.5480268274011,220.43512538473442,216.53188361083795,217.08189392089844,2672300
2019-08-20 00:00:00+00:00,216.63831410206944,216.9842819492153,212.83265424741708,213.04556274414062,3201300
2019-08-21 00:00:00+00:00,213.07215708319862,214.5802215867792,212.282640084874,213.21409606933594,2761900
2019-08-22 00:00:00+00:00,213.21410361763657,213.21410361763657,206.4011809383648,206.6407012939453,4498200
2019-08-23 00:00:00+00:00,206.60517920660683,208.5568062061869,203.48260307936914,204.6180877685547,4826600
2019-08-26 00:00:00+00:00,206.26813130597273,208.07780615233253,204.4407107008703,204.99070739746094,2918300
2019-08-27 00:00:00+00:00,205.55848359821263,206.1617041340107,197.4681488975555,197.76087951660156,4988100
2019-08-28 00:00:00+00:00,197.30843657103637,203.82861562422875,195.85359564750036,201.6818389892578,4847600
2019-08-29 00:00:00+00:00,202.6309974790171,206.07294330657226,202.26728391764223,204.58261108398438,4052500
2019-08-30 00:00:00+00:00,207.28829531288312,208.5124955179725,206.06409510779375,207.58103942871094,3384100
2019-09-03 00:00:00+00:00,205.57617041105837,205.9576161929543,202.6753551024122,204.58261108398438,3382300
2019-09-04 00:00:00+00:00,205.76249111723052,206.6495896032165,200.92780707581687,201.1318359375,4526100
2019-09-05 00:00:00+00:00,204.03264366716047,205.37215745478056,201.88586704072742,203.66893005371094,4256900
2019-09-06 00:00:00+00:00,204.1834111844218,205.77132469903694,202.7817942660188,203.1455078125,4183200
2019-09-09 00:00:00+00:00,203.14554535686437,205.80684071088442,202.75521987250707,204.6358642578125,3895600
2019-09-10 00:00:00+00:00,205.31891152488978,207.83826760403795,204.7689148764122,206.2148895263672,4257600
2019-09-11 00:00:00+00:00,206.24149327363264,207.8027814437338,202.77293559405305,207.76730346679688,3168100
2019-09-12 00:00:00+00:00,208.46809885307755,209.7100310488478,203.7664751930118,204.12132263183594,4713700
2019-09-13 00:00:00+00:00,207.65970529109345,210.84157353745658,206.3673360886324,208.21229553222656,4523200
2019-09-16 00:00:00+00:00,207.5082105391884,210.38704660303873,206.9110398362738,208.9431610107422,2973600
2019-09-17 00:00:00+00:00,207.73106772381047,208.55104539546818,206.03762404548715,207.24085998535156,2392900
2019-09-18 00:00:00+00:00,205.7078283726464,207.7845164594445,204.30850951249124,205.53848266601562,2960500
2019-09-19 00:00:00+00:00,206.7773629693937,208.51535963644494,206.09107222398578,207.5349578857422,2666700
2019-09-20 00:00:00+00:00,209.24620104634084,209.4511920220559,206.7060428520792,207.57058715820312,6220100
2019-09-23 00:00:00+00:00,204.7898261251509,205.69001586095743,203.49747021536731,203.89854431152344,3281200
2019-09-24 00:00:00+00:00,204.44224059056904,204.85222263663593,198.68455370113045,200.53842163085938,5006800
2019-09-25 00:00:00+00:00,199.8966571636891,201.87530361158105,197.9804069622947,198.01605224609375,4658000
2019-09-26 00:00:00+00:00,198.79149425005374,199.31736086796718,190.22627528223876,192.05340576171875,10444400
2019-09-27 00:00:00+00:00,194.45984081753087,195.08374890681156,191.64340089396714,191.8572998046875,4834900
2019-09-30 00:00:00+00:00,190.4134054125214,194.7717720054265,189.94993516054973,193.69332885742188,5286300
2019-10-01 00:00:00+00:00,195.36004037599022,195.36004037599022,189.02302686789054,193.59530639648438,5523600
2019-10-02 00:00:00+00:00,192.65052829031438,195.5115484462443,191.87511758631763,193.185302734375,4921200
2019-10-03 00:00:00+00:00,192.1871068130724,192.83773874594223,189.88759804223923,191.9464569091797,3375800
2019-10-04 00:00:00+00:00,193.2655473766373,195.95722229203184,191.75037099640588,195.90374755859375,3700500
2019-10-07 00:00:00+00:00,195.2352401384926,198.3368963452103,195.1817654176682,197.18714904785156,3843200
2019-10-08 00:00:00+00:00,195.62743286973782,197.84671568549533,194.65592544288447,196.18002319335938,4817000
2019-10-09 00:00:00+00:00,197.60609738964513,199.1747484896918,196.23351577720823,197.9358673095703,4483100
2019-10-10 00:00:00+00:00,194.46873891286117,199.76295391352232,193.87158185923442,199.40643310546875,5252200
2019-10-11 00:00:00+00:00,201.0196760186941,203.96982997796945,197.499115894339,197.92694091796875,5891600
2019-10-14 00:00:00+00:00,197.53474381741978,199.0588277255866,195.9928168695485,196.60780334472656,4075300
2019-10-15 00:00:00+00:00,207.39239718426785,213.7650576272887,205.96634063763506,212.6509552001953,13397700
2019-10-16 00:00:00+00:00,210.6010215186349,211.66164929336398,208.63129587975308,211.2249298095703,5368600
2019-10-17 00:00:00+00:00,212.74002519222375,218.01641107649854,211.47440684564683,217.17860412597656,6301200
2019-10-18 00:00:00+00:00,217.87385864869222,219.62077716396635,215.47630815165672,218.66709899902344,4922100
2019-10-21 00:00:00+00:00,218.38185884934418,218.89880389788357,215.82387097123723,217.4014434814453,3029200
2019-10-22 00:00:00+00:00,217.1518522239785,224.15732626475688,216.71511933649262,222.35693359375,5660800
2019-10-23 00:00:00+00:00,221.38547210622673,224.3801793135528,219.90594114549086,220.859619140625,3706600
2019-10-24 00:00:00+00:00,221.0646228600152,221.47461847028254,217.39254621102646,217.92730712890625,2546900
2019-10-25 00:00:00+00:00,217.3925469360319,219.32662680856987,215.82388226530546,218.28382873535156,2815100
2019-10-28 00:00:00+00:00,218.59574499059843,221.38546106540466,218.2927124763691,220.19114685058594,2957100
2019-10-29 00:00:00+00:00,220.1822512342811,225.67255041982108,219.5316193242697,224.86148071289062,3528900
2019-10-30 00:00:00+00:00,224.75452684059695,227.5264137451812,224.5851811249016,227.09860229492188,3299600
2019-10-31 00:00:00+00:00,226.72425862316976,227.91857291845398,222.74022806512548,225.22689819335938,3960400
2019-11-01 00:00:00+00:00,226.37664145382647,228.4622237456335,224.74559432831404,224.7901611328125,2919600
2019-11-04 00:00:00+00:00,226.05581011623144,226.23406375848703,222.74024069072928,223.93455505371094,3186400
2019-11-05 00:00:00+00:00,226.15381011541314,226.62618830056192,222.90062394235827,223.08779907226562,5393400
2019-11-06 00:00:00+00:00,222.56195378734085,224.59407492509936,222.00934989908785,223.2838897705078,3668600
2019-11-07 00:00:00+00:00,224.5584189585719,228.83657378831967,223.94343241681153,228.57809448242188,3646300
2019-11-08 00:00:00+00:00,228.85441708697368,230.25373603537005,227.27685809914098,229.03268432617188,2200300
2019-11-11 00:00:00+00:00,227.32141099230682,228.57810791248102,225.78840530824345,226.4657745361328,1765600
2019-11-12 00:00:00+00:00,226.02011819359873,227.95419780915032,225.85969401898006,227.49964904785156,1892500
2019-11-13 00:00:00+00:00,227.16097472826743,228.9524597454142,225.66362791978435,226.0023193359375,3289800
2019-11-14 00:00:00+00:00,226.20734619183855,228.23945421127786,225.9132215364259,228.0166473388672,2101900
2019-11-15 00:00:00+00:00,228.26612654176267,245.61048674707916,227.59767891522188,240.11126708984375,10136000
2019-11-18 00:00:00+00:00,239.75476173970216,248.17738413797002,239.75476173970216,243.2574920654297,6985200
2019-11-19 00:00:00+00:00,245.3164054123497,245.42335488139452,242.02757324040493,244.41622924804688,4002000
2019-11-20 00:00:00+00:00,242.6514526471419,246.02049652152502,241.75124938978024,245.60159301757812,4141600
2019-11-21 00:00:00+00:00,245.2986157807899,247.49116172980084,244.1310386193409,246.4840087890625,3309900
2019-11-22 00:00:00+00:00,246.46615172114468,247.57133243422214,245.1024916736418,246.74244689941406,2802700
2019-11-25 00:00:00+00:00,247.58015828313648,252.23264850611568,246.89388136356382,251.93853759765625,4082900
2019-11-26 00:00:00+00:00,250.19169979976257,251.56428135114572,249.70150570272062,250.8066864013672,2998600
2019-11-27 00:00:00+00:00,250.45911471028813,251.27907875860978,248.39133434534722,250.1560821533203,2323900
2019-11-29 00:00:00+00:00,247.86546474657604,250.37888585648443,247.17916037840504,249.44302368164062,1520900
2019-12-02 00:00:00+00:00,251.1453877219473,251.34147080844082,248.2843807233591,249.25587463378906,2517100
2019-12-03 00:00:00+00:00,246.85832521002598,248.15069472074637,244.0775303011989,246.79592895507812,3239200
2019-12-04 00:00:00+00:00,251.00278769607414,251.19887078907342,248.3467852178948,248.95285034179688,2694200
2019-12-05 00:00:00+00:00,248.8814845536406,252.07228816060203,247.31284731199818,251.3414306640625,3357300
2019-12-06 00:00:00+00:00,253.05931094223817,253.23826353715654,249.72203890777124,250.68833923339844,2828900
2019-12-09 00:00:00+00:00,251.20722722848288,251.29670351495614,248.20997641409653,248.3173370361328,2697100
2019-12-10 00:00:00+00:00,248.37104245262265,250.16045914564683,245.15904276516406,250.0888671875,2515300
2019-12-11 00:00:00+00:00,248.99729862464542,251.10882432318215,248.75573722323912,250.96566772460938,2751300
2019-12-12 00:00:00+00:00,251.4398792591367,254.08820825357054,250.5541267555598,253.7482147216797,2996200
2019-12-13 00:00:00+00:00,254.9650004988827,257.5059685467661,254.20449305712194,255.4213104248047,3599300
2019-12-16 00:00:00+00:00,257.6491334516011,264.33260510919746,256.8349456751439,261.2816467285156,4663600
2019-12-17 00:00:00+00:00,260.57484086580786,261.9526993158169,258.7228154054573,259.88592529296875,4409100
2019-12-18 00:00:00+00:00,260.3601182652554,263.8136792365096,260.3511624447676,262.06005859375,3621600
2019-12-19 00:00:00+00:00,263.9389009321213,265.90726975910803,262.7041993319502,263.5989074707031,2905900
2019-12-20 00:00:00+00:00,267.42838474234185,268.41256962516854,261.7112112075818,261.78277587890625,6608300
2019-12-23 00:00:00+00:00,262.53422080741996,264.6994266672577,261.97950609161694,264.0194396972656,2098900
2019-12-24 00:00:00+00:00,264.17156529649367,264.68152824512487,262.6505503574537,263.5273742675781,714000
2019-12-26 00:00:00+00:00,264.20735444145055,265.0662940827857,263.5273946891405,264.5205078125,1050600
2019-12-27 00:00:00+00:00,264.84261970863935,265.31681402815747,263.9479113846933,264.80682373046875,1547100
2019-12-30 00:00:00+00:00,264.87828377972045,265.3167092522611,262.55206489957004,262.9099426269531,1511700
2019-12-31 00:00:00+00:00,262.7399625130581,263.12468041167136,260.4942366276681,263.0262756347656,2224200
2020-01-02 00:00:00+00:00,263.0263570747346,264.5652564499941,259.27752709612565,261.7021789550781,2543400
2020-01-03 00:00:00+00:00,257.02291865101927,261.1475393180868,254.4193134603465,259.0539245605469,2711400
2020-01-06 00:00:00+00:00,257.67593941912446,260.95057442576154,256.9780681753707,260.8521423339844,3079100
2020-01-07 00:00:00+00:00,260.09171468798183,260.7985145884625,257.30020184608105,259.27752685546875,2492900
2020-01-08 00:00:00+00:00,260.8074301589379,266.0683185390694,259.50116388294157,264.744140625,3379200
2020-01-09 00:00:00+00:00,263.30363342950375,265.9072370697191,262.79364330007223,263.2409973144531,2838200
2020-01-10 00:00:00+00:00,264.89623409837526,264.89623409837526,261.44264662919403,264.0552062988281,2477900
2020-01-13 00:00:00+00:00,263.3752540495842,263.4468459975255,255.00972674134664,255.75234985351562,6994900
2020-01-14 00:00:00+00:00,255.5286403179879,257.8906555175781,254.32077891504628,257.8906555175781,6056300
2020-01-15 00:00:00+00:00,258.5885630389448,268.09038738577533,258.5706787038868,265.2004699707031,6081300
2020-01-16 00:00:00+00:00,266.6230322990735,269.2982009663006,264.77097985053496,269.07452392578125,3710300
2020-01-17 00:00:00+00:00,268.42146816103195,269.03881912376033,264.7263182057927,267.0436096191406,4632200
2020-01-21 00:00:00+00:00,265.62993402317454,270.6850299573765,264.8425864283477,268.88665771484375,4962800
2020-01-22 00:00:00+00:00,270.192954830256,270.31822710021265,266.04152245427093,268.94036865234375,3117600
2020-01-23 00:00:00+00:00,268.42142720252804,268.9313901468656,265.41519332479027,267.9293212890625,3169600
2020-01-24 00:00:00+00:00,266.9271960892209,268.3497786107565,260.8610766085584,261.9794616699219,3678500
2020-01-27 00:00:00+00:00,257.67601694735913,257.7475816048268,250.58098595042495,254.17770385742188,4399400
2020-01-28 00:00:00+00:00,254.01664300575908,258.0070344771411,253.47085673102197,255.770263671875,4341000
2020-01-29 00:00:00+00:00,254.09706876983736,256.05648144927443,251.314540031284,253.11288452148438,3963800
2020-01-30 00:00:00+00:00,252.16456230852089,252.16456230852089,246.8679049184754,251.39512634277344,4211800
2020-01-31 00:00:00+00:00,248.88103861869175,249.4267976168251,242.62700856248566,243.7633056640625,5532600
2020-02-03 00:00:00+00:00,246.161078561425,247.69997780215155,242.3048882921287,245.16793823242188,5646800
2020-02-04 00:00:00+00:00,248.08470769064985,253.64979421498245,247.7268298439814,251.26986694335938,4290200
2020-02-05 00:00:00+00:00,255.52867290265718,265.7283411421992,255.38551631104437,264.5920715332031,5761000
2020-02-06 00:00:00+00:00,265.7283961554487,265.96995759512083,259.4654373235021,261.6664123535156,3044000
2020-02-07 00:00:00+00:00,262.03316578743386,262.49843149002044,258.4901292361814,258.7674865722656,3425900
2020-02-10 00:00:00+00:00,256.0923497972726,258.8301548319502,255.3944784610671,256.80810546875,3147400
2020-02-11 00:00:00+00:00,256.64705812554155,260.87008201212734,255.7970743956129,260.1722106933594,2992200
2020-02-12 00:00:00+00:00,263.9389264325075,272.88600868445695,263.05317402694953,271.52606201171875,6701900
2020-02-13 00:00:00+00:00,268.53770184092923,273.6912019223287,268.53770184092923,270.38079833984375,3565500
2020-02-14 00:00:00+00:00,270.3897655157639,271.964460731966,266.00570066628643,267.3209228515625,2485600
2020-02-18 00:00:00+00:00,268.1173088973862,271.40982963280004,267.51784218693876,270.3272399902344,3241700
2020-02-19 00:00:00+00:00,271.4275941654727,274.4159159675842,270.85499517500193,273.163330078125,3021100
2020-02-20 00:00:00+00:00,271.2755511635611,272.134463434682,266.52465256069064,270.3182067871094,2885500
2020-02-21 00:00:00+00:00,268.8330126982283,270.6582253345428,267.1688410080891,269.6919250488281,2987100
2020-02-24 00:00:00+00:00,256.6829135420317,258.5617793939022,248.40686059828136,248.5410614013672,8790600
2020-02-25 00:00:00+00:00,250.6524862826235,252.28981751054604,234.4224944118855,235.65719604492188,8171200
2020-02-26 00:00:00+00:00,236.84715726234003,241.41910308656483,231.4699522096685,235.30825805664062,6806600
2020-02-27 00:00:00+00:00,231.21051157880177,234.5477557841535,225.52910888770202,227.18431091308594,7604300
2020-02-28 00:00:00+00:00,220.27719881634442,230.02952827839923,219.47196674109358,228.11485290527344,9961000
2020-03-02 00:00:00+00:00,230.24420595824716,244.47006094205713,223.96336419525025,244.35374450683594,8866300
2020-03-03 00:00:00+00:00,246.35793096014768,250.83147237106618,231.93523782003925,233.87673950195312,9188100
2020-03-04 00:00:00+00:00,259.4653603572018,264.6904526133933,252.4955763079127,258.9464416503906,14533000
2020-03-05 00:00:00+00:00,251.9499118514074,258.9465386742421,250.46469250738605,253.1667022705078,5908400
2020-03-06 00:00:00+00:00,246.42062559924562,254.96508080103143,243.27123422344505,253.98089599609375,5361900
2020-03-09 00:00:00+00:00,236.6144686754309,251.8066202577071,231.94409185008956,244.64895629882812,8070700
2020-03-10 00:00:00+00:00,250.26785430262262,254.00772915391383,243.80805805751254,250.51837158203125,7366000
2020-03-11 00:00:00+00:00,245.83007979309266,255.2066060097735,244.488017241835,248.53208923339844,7744600
2020-03-12 00:00:00+00:00,232.6241960359201,243.56649016363184,223.6771115730001,224.0439453125,10496600
2020-03-13 00:00:00+00:00,234.5213918243941,245.5110822564509,217.6999146528801,244.4507598876953,9308400
2020-03-16 00:00:00+00:00,219.18253454799242,220.76403692456944,201.23781695477345,202.21726989746094,10303500
2020-03-17 00:00:00+00:00,207.4111159382446,223.53169753166702,205.1376863466679,219.45213317871094,9642200
2020-03-18 00:00:00+00:00,202.85528000433595,207.97720459773365,179.88748172456332,195.0465850830078,12917500
2020-03-19 00:00:00+00:00,194.97469998934108,203.1877549897532,187.75009260733853,197.5087127685547,8065200
2020-03-20 00:00:00+00:00,200.5459135053294,209.04652176081535,182.82585467913566,185.63841247558594,9364100
2020-03-23 00:00:00+00:00,181.54986274504435,184.88361463609635,168.68215001300615,175.09803771972656,10654500
2020-03-24 00:00:00+00:00,181.63972031012491,197.93104823175693,178.81816785820126,197.5087127685547,8894400
2020-03-25 00:00:00+00:00,196.8707386434049,222.4084908241823,194.0941177496433,210.7089385986328,10014000
2020-03-26 00:00:00+00:00,210.2955820867978,231.7986875234304,208.74103583021468,229.4893341064453,7517600
2020-03-27 00:00:00+00:00,218.30189841729972,226.08363555709087,214.078558308442,217.86158752441406,4879500
2020-03-30 00:00:00+00:00,218.03239360827212,228.32117636343378,218.03239360827212,225.79615783691406,5329000
2020-03-31 00:00:00+00:00,218.78715412729704,228.71650669512525,218.3558377930424,224.08880615234375,5450000
2020-04-01 00:00:00+00:00,214.48294738176,221.59972870128985,211.56255033177533,213.25189208984375,4548800
2020-04-02 00:00:00+00:00,211.4367759221781,217.457284783426,203.10690005845862,216.0554962158203,4636800
2020-04-03 00:00:00+00:00,214.15051594863493,215.06706163018407,204.22116137477138,206.2160186767578,4650300
2020-04-06 00:00:00+00:00,215.66011129810306,224.00794873996153,211.27501798075878,223.154296875,6365900
2020-04-07 00:00:00+00:00,233.4610710027968,239.66129416635198,221.53685931436192,222.88473510742188,4984100
2020-04-08 00:00:00+00:00,222.57025831564084,241.8628566063589,221.28527615142926,240.667724609375,6390200
2020-04-09 00:00:00+00:00,238.1247201043742,242.97706740688616,235.06954050076317,237.34295654296875,4923300
2020-04-13 00:00:00+00:00,235.48287014819442,238.08875770264157,231.99636059120107,236.78582763671875,2964900
2020-04-14 00:00:00+00:00,241.71907965753525,245.37632287169725,239.92191177904056,243.06695556640625,4778900
2020-04-15 00:00:00+00:00,248.30560907534635,254.29017950245643,243.22861691412228,253.113037109375,7841800
2020-04-16 00:00:00+00:00,254.6945757606741,269.5751202020175,251.61244013445486,268.1643371582031,7738900
2020-04-17 00:00:00+00:00,270.4647841724072,273.16953073551605,257.9834669127012,261.0925598144531,5857500
2020-04-20 00:00:00+00:00,256.3659286941182,259.6996940961195,252.74463733801647,253.52642822265625,4072600
2020-04-21 00:00:00+00:00,247.06563818323218,251.60347561365165,245.53803468367968,246.38270568847656,3977500
2020-04-22 00:00:00+00:00,251.22606217278692,255.03607636623403,248.64713089595975,248.92568969726562,3663300
2020-04-23 00:00:00+00:00,250.7587731927208,259.2054547598507,250.29151952582907,256.39288330078125,4420500
2020-04-24 00:00:00+00:00,258.1541390400025,262.29659705811196,255.19779075747687,261.74847412109375,3265000
2020-04-27 00:00:00+00:00,263.47372240565227,266.75354746854407,261.15538849561716,264.1656494140625,3706200
2020-04-28 00:00:00+00:00,267.77792968129893,268.0025755954611,256.65345962437306,259.1155700683594,3862900
2020-04-29 00:00:00+00:00,262.3865376791045,263.06047570396515,257.0848973680552,258.4776916503906,4258400
2020-04-30 00:00:00+00:00,257.5791028506369,265.0822848730918,256.56369852435324,262.8088684082031,7631700
2020-05-01 00:00:00+00:00,259.14260710326903,259.6907300835026,251.24404746150088,255.65609741210938,3526100
2020-05-04 00:00:00+00:00,255.6381778169202,258.73830388225207,253.4995433049069,258.3788757324219,2894200
2020-05-05 00:00:00+00:00,260.5534212324501,265.98087652638657,258.1542171961196,263.3210754394531,2501300
2020-05-06 00:00:00+00:00,265.1720590458991,267.4903929582287,259.18748822987794,259.4840087890625,2579200
2020-05-07 00:00:00+00:00,261.541821131901,262.64708917311214,255.66507489605758,256.0964050292969,3162300
2020-05-08 00:00:00+00:00,260.13111195676936,260.58939863995806,256.6895467924045,257.8936462402344,3200000
2020-05-11 00:00:00+00:00,256.5995986093382,260.6791769125664,256.33003442695417,259.41217041015625,3490700
2020-05-12 00:00:00+00:00,262.17982936270977,263.4198796020047,258.5226135253906,258.5226135253906,4214300
2020-05-13 00:00:00+00:00,255.63804275754222,257.3543407455281,247.61369769149894,249.80624389648438,5474100
2020-05-14 00:00:00+00:00,247.94618829297573,262.7908082401514,247.6856187699914,261.13739013671875,5704600
2020-05-15 00:00:00+00:00,262.75492296338064,269.5751715119197,261.23631397005516,261.45196533203125,12182800
2020-05-18 00:00:00+00:00,268.20926137585604,269.3234963417956,262.4043911735519,263.6084899902344,4015100
2020-05-19 00:00:00+00:00,261.2542349768729,264.7497389844472,259.5828823373584,259.7356262207031,3059400
2020-05-20 00:00:00+00:00,263.1951918778215,263.1951918778215,257.62398872180063,258.78314208984375,3200600
2020-05-21 00:00:00+00:00,257.03088915671805,260.70609319801093,256.0334469902371,257.8126525878906,3604900
2020-05-22 00:00:00+00:00,258.1630956538662,260.804934024045,255.90766913025047,260.5353698730469,2922800
2020-05-26 00:00:00+00:00,266.43004387063337,266.9062920932959,262.8357093833398,264.98333740234375,4567800
2020-05-27 00:00:00+00:00,267.25681371273083,272.9897554901534,261.3081657470016,272.9627990722656,5618900
2020-05-28 00:00:00+00:00,274.9217228749519,278.25546107395957,272.53148669105553,273.14251708984375,4387700
2020-05-29 00:00:00+00:00,273.8164682876302,277.0962938127125,270.3389532212294,273.93328857421875,6251500
2020-06-01 00:00:00+00:00,273.1874188066275,274.94866268158256,270.078326744055,274.9037170410156,2894000
2020-06-02 00:00:00+00:00,274.58926312189067,276.85371215829724,271.12973695645627,275.2452392578125,2756800
2020-06-03 00:00:00+00:00,276.62896632077764,278.6687412175188,272.03718987206184,274.38250732421875,4360000
2020-06-04 00:00:00+00:00,272.4326364909734,273.5918172993349,264.444240575538,267.849853515625,4374300
2020-06-05 00:00:00+00:00,273.16944022532806,282.406879409728,270.02439732799695,280.22332763671875,5554300
2020-06-08 00:00:00+00:00,277.33888195945275,283.8086680439175,276.70086779823833,278.09368896484375,4635500
2020-06-09 00:00:00+00:00,278.4711909583411,280.9422970900541,276.16182337382315,277.8511657714844,3061500
2020-06-10 00:00:00+00:00,277.6083964811164,278.8394515230789,272.1449932910118,274.7419128417969,3296100
2020-06-11 00:00:00+00:00,272.5942798727957,272.5942798727957,252.32223812249694,254.95510864257812,6638900
2020-06-12 00:00:00+00:00,261.17338166170873,264.27350680812606,250.4353214718932,256.2311706542969,5416800
2020-06-15 00:00:00+00:00,249.8242114227347,257.8935023078465,245.95131816376602,257.24652099609375,4494600
2020-06-16 00:00:00+00:00,265.4775806854355,267.39156842732694,258.2889108102222,263.2850341796875,4245400
2020-06-17 00:00:00+00:00,265.1720881902842,265.1720881902842,261.6945732282858,262.9256286621094,2538000
2020-06-18 00:00:00+00:00,260.9757209201068,262.18881469484256,257.5341565775178,261.91925048828125,2926600
2020-06-19 00:00:00+00:00,265.7094571740254,267.59558225044765,262.53282981489895,262.83062744140625,5172800
2020-06-22 00:00:00+00:00,261.52211375995086,264.4189829608546,258.3364527119142,264.1211853027344,2174100
2020-06-23 00:00:00+00:00,265.33056628487765,270.0864899706981,262.6773487523212,268.57037353515625,4023400
2020-06-24 00:00:00+00:00,265.31251289109184,268.1191598953489,257.7138636220719,260.9717102050781,3399900
2020-06-25 00:00:00+00:00,260.1594041074592,267.83026210758834,258.15595538697363,267.32489013671875,3112500
2020-06-26 00:00:00+00:00,266.3503060023391,267.6498145186725,257.9394275055461,258.8960266113281,5043200
2020-06-29 00:00:00+00:00,260.31281334314184,263.7691993285837,258.6613074427665,261.4950256347656,2356700
2020-06-30 00:00:00+00:00,260.4211419060508,267.53248340974926,259.5999055099934,266.1788024902344,2932900
2020-07-01 00:00:00+00:00,266.9729375479201,271.0971586726915,266.44049302701717,268.6876220703125,2303800
2020-07-02 00:00:00+00:00,271.1873813614609,273.51570017171196,268.19122797591757,269.1658935546875,1971700
2020-07-06 00:00:00+00:00,273.4435937272927,273.8857874255725,270.13157504509104,273.2721252441406,2395000
2020-07-07 00:00:00+00:00,271.3318007167186,273.94891159417637,267.081250436333,267.71295166015625,2075700
2020-07-08 00:00:00+00:00,268.3447655591219,271.5213944720389,266.8376549065331,269.2562255859375,1987400
2020-07-09 00:00:00+00:00,266.3142163584435,269.4276665484628,259.4555595373143,262.758544921875,3061700
2020-07-10 00:00:00+00:00,265.53799191106384,265.53799191106384,259.09448623097234,262.8216247558594,2391600
2020-07-13 00:00:00+00:00,263.5977920614646,274.8152889485741,263.3090001645659,270.4744873046875,4263300
2020-07-14 00:00:00+00:00,268.75983482859687,279.52610489116756,267.76712987874663,278.42510986328125,4234900
2020-07-15 00:00:00+00:00,271.7469295138536,280.383420440899,269.52690050419704,274.4091796875,5116900
2020-07-16 00:00:00+00:00,275.2574836028638,280.5278112798241,273.58793831451425,277.188720703125,3844500
2020-07-17 00:00:00+00:00,278.93939904419193,280.63601633502975,276.37643394934975,276.6291198730469,3016500
2020-07-20 00:00:00+00:00,276.86392193333035,278.4973617742782,272.88409574725955,273.8587341308594,2375500
2020-07-21 00:00:00+00:00,275.2755635951201,277.0533992128703,273.54283966453977,275.3477478027344,2340200
2020-07-22 00:00:00+00:00,275.1220200983644,276.972066696595,272.3695473462935,276.79156494140625,1935800
2020-07-23 00:00:00+00:00,278.1363484899104,278.40707368790885,271.882321009027,273.41650390625,2367700
2020-07-24 00:00:00+00:00,273.7413711413203,274.5987134934315,270.04133161926967,271.44915771484375,2415700
2020-07-27 00:00:00+00:00,269.3193490176103,272.6584399381314,268.36274995100484,269.4727783203125,2060500
2020-07-28 00:00:00+00:00,268.83201793845546,271.9996125464458,268.21832832710174,270.6730041503906,2257400
2020-07-29 00:00:00+00:00,272.0537464005839,279.5350969819758,270.7361714111146,276.7645568847656,2672700
2020-07-30 00:00:00+00:00,272.2523263426636,276.566055523164,269.7344994173441,275.4560546875,2205300
2020-07-31 00:00:00+00:00,273.8405874215123,274.1113125493296,268.97634814632414,273.2449645996094,3913500
2020-08-03 00:00:00+00:00,273.97591835999395,275.1671638662927,270.01416089648603,273.99395751953125,2628500
2020-08-04 00:00:00+00:00,272.45991892904374,278.73195836032403,270.7994067003317,274.7972717285156,3594900
2020-08-05 00:00:00+00:00,276.8999232987403,282.43197021773307,275.2664839118521,281.9897766113281,2982200
2020-08-06 00:00:00+00:00,281.56566001866855,285.3920563289714,280.121728048892,283.4247131347656,3305300
2020-08-07 00:00:00+00:00,282.7748627977129,287.88275447350657,282.7748627977129,286.10491943359375,2600800
2020-08-10 00:00:00+00:00,286.0778942278551,289.2094104492647,284.7963975364307,287.9730529785156,2563600
2020-08-11 00:00:00+00:00,291.4204260157842,292.90946944524796,283.9661479757157,284.7693176269531,3018200
2020-08-12 00:00:00+00:00,286.9803632393993,291.7543524650635,286.6554930288576,290.8338317871094,2915800
2020-08-13 00:00:00+00:00,289.398954850965,290.4728773615011,286.8359886830162,290.1570129394531,2159500
2020-08-14 00:00:00+00:00,289.27251064106474,292.33181429872224,287.6390716815869,292.124267578125,1787200
2020-08-17 00:00:00+00:00,290.09379219465603,292.2145366444973,288.1986336596848,289.2454833984375,2772500
2020-08-18 00:00:00+00:00,290.5721011196462,291.1947964806499,284.91369784276117,285.9064025878906,2520000
2020-08-19 00:00:00+00:00,285.87032968097424,288.3250055425234,284.43543119605266,284.63397216796875,2066700
2020-08-20 00:00:00+00:00,284.11954999431856,284.5256652667096,281.5746509203123,282.765869140625,2245600
2020-08-21 00:00:00+00:00,280.9159151581565,284.52573160970866,279.8419925605627,283.4969482421875,2488500
2020-08-24 00:00:00+00:00,285.9064260790011,285.9876436274522,276.5930949533607,278.7138671875,2922200
2020-08-25 00:00:00+00:00,281.7462125396242,281.8905809759388,277.7753920230577,281.7642517089844,1879300
2020-08-26 00:00:00+00:00,280.64510437565735,280.9880136998067,273.9939964573063,278.69580078125,3178900
2020-08-27 00:00:00+00:00,280.1306911317231,284.0653765331217,275.6906062580769,281.2677917480469,2321000
2020-08-28 00:00:00+00:00,281.8724872021159,285.01303712754344,278.8312215407274,283.7044677734375,2883500
2020-08-31 00:00:00+00:00,284.1737170098901,288.3881612291944,282.0529448724263,282.06195068359375,4341600
2020-09-01 00:00:00+00:00,279.90506952743675,284.0202565877052,279.7606736168146,282.3146057128906,2487100
2020-09-02 00:00:00+00:00,282.0709320707373,289.94032959823306,282.0709320707373,289.00177001953125,2846500
2020-09-03 00:00:00+00:00,290.59014449116864,292.2326171350187,283.12686094327023,285.38299560546875,3872500
2020-09-04 00:00:00+00:00,285.60864707786675,286.8269379250078,276.7194698177732,281.5656433105469,2901000
2020-09-08 00:00:00+00:00,280.6902667200413,281.0783153305496,274.1925868990886,277.27899169921875,2594500
2020-09-09 00:00:00+00:00,279.4719704925573,284.5618246797342,278.3348970891746,281.5837097167969,2195600
2020-09-10 00:00:00+00:00,282.2244054577253,283.7675938464096,274.09328736882856,274.887451171875,2421200
2020-09-11 00:00:00+00:00,276.44611940546713,277.70568511099674,269.3960967225419,273.1929626464844,3085900
2020-09-14 00:00:00+00:00,274.5793585184517,281.9284047666219,274.5793585184517,279.61767578125,1795500
2020-09-15 00:00:00+00:00,280.95879752508296,282.2365041821035,277.33410720304767,278.4034118652344,1468300
2020-09-16 00:00:00+00:00,280.0707356698346,282.9523575258061,277.4700250709691,277.7599792480469,3438200
2020-09-17 00:00:00+00:00,275.9295596625235,278.5393412032144,273.763793851258,276.3645324707031,2394100
2020-09-18 00:00:00+00:00,276.3917020875308,281.26691489757076,275.2680293053833,279.1192626953125,3795400
2020-09-21 00:00:00+00:00,272.2776670913339,272.33203523197596,264.2942891414923,271.1177673339844,4124700
2020-09-22 00:00:00+00:00,270.4381549665712,272.41360461224883,265.4360921328991,266.6503601074219,3163600
2020-09-23 00:00:00+00:00,267.3208881289615,268.3176834121448,264.44830912935913,264.729248046875,3709900
2020-09-24 00:00:00+00:00,264.77459822148404,267.25750252134253,262.4638689435773,265.20050048828125,2869100
2020-09-25 00:00:00+00:00,263.9228347904426,274.8150221711748,263.8956507119112,274.1172790527344,2455800
2020-09-28 00:00:00+00:00,277.6421639957963,280.92250353017505,274.4161649367594,274.7786560058594,2575700
2020-09-29 00:00:00+00:00,275.1774206128501,276.8357041523674,272.4679459801262,275.61236572265625,1797800
2020-09-30 00:00:00+00:00,275.4945580289402,285.0093694355474,275.4673739596604,282.51739501953125,3497300
2020-10-01 00:00:00+00:00,283.55047415207457,285.5984330959608,280.1432562958801,283.6954650878906,2731200
2020-10-02 00:00:00+00:00,282.8164389105603,287.6100991131334,279.42733500209016,282.70770263671875,2338000
2020-10-05 00:00:00+00:00,285.5077378154571,288.5434208130409,283.7406906164227,288.2987365722656,1638600
2020-10-06 00:00:00+00:00,289.02379152320856,290.2471025355253,284.07606870790795,284.9460144042969,2434400
2020-10-07 00:00:00+00:00,286.18749440027807,294.2705401223632,286.18749440027807,292.8478698730469,2596600
2020-10-08 00:00:00+00:00,293.0834047721434,294.82326837586527,290.87234136004804,292.15911865234375,2056700
2020-10-09 00:00:00+00:00,294.1980283664874,297.3787033524605,293.52746942634104,297.07965087890625,2028900
2020-10-12 00:00:00+00:00,298.23954384451497,302.26295269976254,298.1398781251232,299.0097961425781,2424200
2020-10-13 00:00:00+00:00,297.67775484851666,302.3898643126687,296.9618706172731,300.32379150390625,2713500
2020-10-14 00:00:00+00:00,291.85106199049784,299.5535303064064,290.1565233856696,291.6517028808594,4455400
2020-10-15 00:00:00+00:00,288.9331465649782,296.2912638439208,286.6495738548278,294.116455078125,3172200
2020-10-16 00:00:00+00:00,294.9228811272354,301.16642265146766,294.2613929300293,298.9462890625,3293300
2020-10-19 00:00:00+00:00,297.7139582164451,299.7437760215749,291.84194972478525,293.7992858886719,2482100
2020-10-20 00:00:00+00:00,295.9741141555711,297.7864595023364,292.9475007449765,293.0653076171875,1988600
2020-10-21 00:00:00+00:00,293.0652710490509,295.85627036696786,291.9506688443579,292.5034484863281,2139000
2020-10-22 00:00:00+00:00,292.07749034645735,297.27891099727975,292.0140516423774,295.16754150390625,2100600
2020-10-23 00:00:00+00:00,298.27576724242476,304.15681838781603,297.34241059904315,299.5806579589844,2349500
2020-10-26 00:00:00+00:00,295.7022701597816,296.998090431446,288.6522479446477,292.7481384277344,2408500
2020-10-27 00:00:00+00:00,292.7480761505493,293.14679424996325,289.4586656574792,290.4373474121094,2427700
2020-10-28 00:00:00+00:00,283.9310536476717,287.9907169234939,278.59371131878083,279.1011657714844,3301400
2020-10-29 00:00:00+00:00,277.82348935649367,280.44234177669915,273.17481890415417,275.1865234375,3279200
2020-10-30 00:00:00+00:00,274.77875881987757,278.3490814837702,271.48934748171587,276.5095520019531,3556800
2020-11-02 00:00:00+00:00,283.305747079966,283.305747079966,278.5211303499631,282.81640625,4519000
2020-11-03 00:00:00+00:00,287.68265382867105,295.81102421357656,285.46251960836275,291.1986083984375,4043900
2020-11-04 00:00:00+00:00,312.8379636647772,326.6208405953513,309.13172120316,321.29254150390625,10344900
2020-11-05 00:00:00+00:00,324.47318714822484,327.1101523883844,316.87038675301096,321.14752197265625,4786500
2020-11-06 00:00:00+00:00,317.486629225804,318.9727656123291,312.2399096115527,314.8587341308594,2994900
2020-11-09 00:00:00+00:00,331.9401047761898,333.42624121217324,316.2361447507808,317.1604309082031,4635300
2020-11-10 00:00:00+00:00,316.6982450238774,322.50681455980396,315.5021182396597,320.5041809082031,3733200
2020-11-11 00:00:00+00:00,322.7424499552615,323.3314566389159,316.6257846509092,318.700927734375,2048200
2020-11-12 00:00:00+00:00,318.42905824918523,326.6933482515882,316.93387893302054,321.1566467285156,2907300
2020-11-13 00:00:00+00:00,323.3766901446839,324.3553718858416,319.68858925715944,322.2983703613281,2442100
2020-11-16 00:00:00+00:00,325.27063650780406,325.84150196481704,318.07562450011494,323.3404846191406,2790100
2020-11-17 00:00:00+00:00,319.3261522700068,320.2051130792469,314.8949553083467,319.0633544921875,2557600
2020-11-18 00:00:00+00:00,320.268591384555,320.83041399995795,310.89876955085583,312.185546875,2722500
2020-11-19 00:00:00+00:00,310.17391112072045,310.8807248342506,302.9607553573917,305.3802490234375,3935600
2020-11-20 00:00:00+00:00,303.56780017232813,305.9782224414531,300.586484779701,303.29595947265625,3702000
2020-11-23 00:00:00+00:00,304.06623867441454,304.7096412029671,300.4778025226262,303.6222229003906,2535700
2020-11-24 00:00:00+00:00,304.6370660660519,308.0986516718412,303.05126418244686,304.4830322265625,3759700
2020-11-25 00:00:00+00:00,307.02949194975406,307.02949194975406,298.2577453908843,301.927734375,3145100
2020-11-27 00:00:00+00:00,302.2357397122351,307.1018820455616,300.70430583863055,306.2319641113281,1558600
2020-11-30 00:00:00+00:00,303.6674717759222,306.2319555941347,299.2997410759384,304.7820739746094,5265700
2020-12-01 00:00:00+00:00,312.4211182199276,320.8757240879124,308.0352461421692,309.1770324707031,3817700
2020-12-02 00:00:00+00:00,309.702623829335,318.8187186877649,309.4579671636617,314.9493713378906,2864300
2020-12-03 00:00:00+00:00,315.25741992611586,319.6704757543207,313.97971333111303,315.9642333984375,4169200
2020-12-04 00:00:00+00:00,314.6637698997906,319.63836875951,314.43641168454513,318.20147705078125,3255100
2020-12-07 00:00:00+00:00,317.1374734832549,318.20152229351606,313.9544580172481,316.3553466796875,2999400
2020-12-08 00:00:00+00:00,313.52702340166525,318.21059775090816,312.9176910865479,316.3553466796875,2471200
2020-12-09 00:00:00+00:00,317.29204262594635,317.76493771999844,310.67134478708795,313.2177734375,2600400
2020-12-10 00:00:00+00:00,313.89986976470925,314.17268853903073,308.53422109142895,308.8888854980469,2896900
2020-12-11 00:00:00+00:00,307.5065993445802,308.18867412699524,304.0507371281277,306.5426025390625,3071700
2020-12-14 00:00:00+00:00,309.2344967130474,312.1446933658998,305.4421489547866,305.6877136230469,2479000
2020-12-15 00:00:00+00:00,308.4250147255926,310.12564940933294,306.5152005325607,308.9070129394531,2616500
2020-12-16 00:00:00+00:00,306.324218014523,310.71679369669357,303.98699696238026,308.6069030761719,2365600
2020-12-17 00:00:00+00:00,309.0344228685523,311.57174868790105,306.7608403879834,310.7259826660156,2525700
2020-12-18 00:00:00+00:00,311.49886243657784,311.58070804493815,303.75050622130016,307.73382568359375,8742700
2020-12-21 00:00:00+00:00,301.9953142171175,306.4333500994943,299.5671167699289,305.6421203613281,2892700
2020-12-22 00:00:00+00:00,304.80556833513265,306.46074305995415,303.2686243411831,304.6691589355469,2069700
2020-12-23 00:00:00+00:00,306.01499934190707,310.7076753890156,305.59666807230536,307.015380859375,2348100
2020-12-24 00:00:00+00:00,305.96959021464306,310.48947258840934,305.96959021464306,309.9256286621094,1360600
2020-12-28 00:00:00+00:00,312.12639112929486,316.29160846315716,311.9899817741866,314.6182556152344,2308200
2020-12-29 00:00:00+00:00,316.47350203543294,319.47464684082354,313.75430692327734,315.8914794921875,2275700
2020-12-30 00:00:00+00:00,315.645919937253,317.40114631139403,313.2723136816668,313.7452087402344,1866000
2020-12-31 00:00:00+00:00,313.7907047376017,319.2927621402069,312.8903473826088,318.9198913574219,1969000
2021-01-04 00:00:00+00:00,319.6201763443372,320.193095709012,309.55274834545685,317.8467712402344,4203800
2021-01-05 00:00:00+00:00,317.1102177108701,319.5383884527778,313.2815122775818,313.572509765625,3160500
2021-01-06 00:00:00+00:00,306.578869452146,326.93197939681517,304.7600039021836,326.7319030761719,6561400
2021-01-07 00:00:00+00:00,326.0680355218548,333.2616521158354,325.504191640903,331.9702453613281,3366700
2021-01-08 00:00:00+00:00,333.7617676461785,334.20738074360185,326.2680518259816,330.4787292480469,2947800
2021-01-11 00:00:00+00:00,329.7785770973024,331.29734235941555,326.65922869041776,328.07794189453125,2695100
2021-01-12 00:00:00+00:00,325.52244229612603,327.46861443671077,323.0578866973059,325.0040588378906,2372500
2021-01-13 00:00:00+00:00,323.79447311474934,324.49472640371243,319.42010341530704,322.8850402832031,1974500
2021-01-14 00:00:00+00:00,324.5310686634357,326.3135490070207,318.6834229891239,318.783447265625,2919900
2021-01-15 00:00:00+00:00,317.5012075998586,321.07527221337443,314.4273199767044,319.4837646484375,3777000
2021-01-19 00:00:00+00:00,323.94903098895236,324.6311055490994,319.7201742667775,320.2931213378906,3361300
2021-01-20 00:00:00+00:00,320.0113394820069,320.19320945877666,314.50925230290295,319.0655212402344,3036800
2021-01-21 00:00:00+00:00,319.03813744963367,328.2052361645644,318.97447048893696,322.8486633300781,3749800
2021-01-22 00:00:00+00:00,321.3117682084821,322.50312320780034,316.06434983555886,316.07342529296875,2585100
2021-01-25 00:00:00+00:00,315.70958548510913,318.6561665784312,313.39054298686756,316.309814453125,2506300
2021-01-26 00:00:00+00:00,318.7653172385017,319.6747500887979,311.54441818685484,312.0354919433594,2467500
2021-01-27 00:00:00+00:00,306.5151891113813,307.38823668715406,299.2124460185764,302.83197021484375,4770900
2021-01-28 00:00:00+00:00,306.15146409668466,315.19120038809956,304.2143678364937,307.5246887207031,2769900
2021-01-29 00:00:00+00:00,306.05136768443396,308.31584609502323,300.68572061612286,303.3685302734375,3899200
2021-02-01 00:00:00+00:00,304.6872945838039,307.5247207093276,302.6046855318734,303.7505798339844,3020200
2021-02-02 00:00:00+00:00,306.56990518383805,313.42703856517716,306.56990518383805,308.0431823730469,2663700
2021-02-03 00:00:00+00:00,307.38826280394295,309.3526408315937,304.2961970720366,307.2882385253906,2537100
2021-02-04 00:00:00+00:00,302.22268287783874,304.92369911907764,298.6486190117228,299.494384765625,5962200
2021-02-05 00:00:00+00:00,302.0316609836196,303.27760701448153,294.183280607406,295.1199951171875,7227900
2021-02-08 00:00:00+00:00,297.39365207918246,297.4027275353858,294.4834557899953,294.9654541015625,4758200
2021-02-09 00:00:00+00:00,294.5653067500966,301.05867088949003,292.5736465059088,299.7763671875,4096900
2021-02-10 00:00:00+00:00,302.5319236175017,305.35117089519724,299.9036494599549,303.20489501953125,4122700
2021-02-11 00:00:00+00:00,304.66004516385226,306.16060401466723,301.477029766618,302.90484619140625,2776700
2021-02-12 00:00:00+00:00,301.64059634208223,302.29538892039795,298.18476358377603,298.51214599609375,2760800
2021-02-16 00:00:00+00:00,297.7118991720685,299.96730243986383,293.2738905540491,295.2200622558594,4339000
2021-02-17 00:00:00+00:00,294.1651662704817,298.83966482867606,293.05565699137765,297.2572326660156,2620000
2021-02-18 00:00:00+00:00,296.3841543107816,299.730860470671,295.7475679807816,298.6668395996094,2383500
2021-02-19 00:00:00+00:00,298.9760631908894,299.0670120308108,294.7562812510023,295.1837158203125,2313800
2021-02-22 00:00:00+00:00,292.38271229201496,299.24892040610456,291.3368698827665,297.9666442871094,2688300
2021-02-23 00:00:00+00:00,300.10377690896934,303.6960482421836,297.05719866222114,299.6672668457031,3225700
2021-02-24 00:00:00+00:00,298.73958933694814,303.38680565292526,296.51149549680383,302.1226806640625,3360500
2021-02-25 00:00:00+00:00,301.0223016714654,303.3868328546682,297.7119524642433,299.085205078125,2780100
2021-02-26 00:00:00+00:00,300.6129795054284,307.30641886811674,299.97639324302764,302.1317443847656,5430000
2021-03-01 00:00:00+00:00,304.077901035866,308.2158364293345,303.45949346728713,304.3416442871094,4198900
2021-03-02 00:00:00+00:00,304.66008522742817,307.08828378997123,303.6506278190454,304.33270263671875,2568900
2021-03-03 00:00:00+00:00,303.13209514618416,307.53374580670857,302.640993748062,302.72283935546875,3039700
2021-03-04 00:00:00+00:00,303.9051995773586,309.9711013819409,302.54105024902685,303.5777893066406,4991600
2021-03-05 00:00:00+00:00,304.6872926744216,316.7463813860153,304.67818946456066,315.6641540527344,4563100
2021-03-08 00:00:00+00:00,315.5823348064976,321.9392622044381,314.30003102490144,318.4561462402344,3419900
2021-03-09 00:00:00+00:00,320.9570113205786,328.53257375073923,319.52009206494813,320.1021423339844,4277600
2021-03-10 00:00:00+00:00,321.8573358916411,322.3757192007123,316.9373015670025,317.93768310546875,3012300
2021-03-11 00:00:00+00:00,318.9926278001237,323.7307644713539,318.18321936249885,321.1206970214844,2520500
2021-03-12 00:00:00+00:00,322.3254747362224,325.65669191417624,321.24851032379183,324.9265441894531,2088700
2021-03-15 00:00:00+00:00,325.7479552833421,326.67886227402664,320.84692758936495,322.97344970703125,2343400
2021-03-16 00:00:00+00:00,322.6540277793244,324.3241902559526,321.175516899489,323.6305847167969,2904200
2021-03-17 00:00:00+00:00,324.1507582312131,326.7974772245736,321.1024371545997,321.421875,2633100
2021-03-18 00:00:00+00:00,322.05165454262374,332.501665670895,321.56794386690746,330.4299011230469,3311600
2021-03-19 00:00:00+00:00,330.31128641444394,338.10541501608384,327.6554314811991,333.651611328125,8572900
2021-03-22 00:00:00+00:00,333.12228294053506,336.389607049712,328.6593436438223,334.81982421875,3505200
2021-03-23 00:00:00+00:00,336.63599668946904,339.0910641639854,335.1483504667378,336.3165588378906,3100100
2021-03-24 00:00:00+00:00,334.0805481204578,341.15369204690404,333.58772975858415,338.2331848144531,3407800
2021-03-25 00:00:00+00:00,338.2330711680762,339.61117400146986,331.652775666771,338.6802673339844,3021500
2021-03-26 00:00:00+00:00,339.2188374200623,344.12897258371066,337.9502493599195,343.5996398925781,2959800
2021-03-29 00:00:00+00:00,343.49008164550685,347.2685225663105,342.2397368879017,345.95428466796875,2740400
2021-03-30 00:00:00+00:00,344.5762120906439,346.70273437612485,339.3283951562472,340.9346923828125,3066000
2021-03-31 00:00:00+00:00,340.2410252772583,344.0742240602232,339.32836155296064,339.5747985839844,3356500
2021-04-01 00:00:00+00:00,339.6934129524971,340.1406092167886,333.81585696916505,335.0114440917969,2977700
2021-04-05 00:00:00+00:00,337.3387335826447,340.0858600796444,335.53167738257434,337.8498229980469,2709400
2021-04-06 00:00:00+00:00,336.5720911470387,337.4938903227548,331.0413517973092,332.5472412109375,2698600
2021-04-07 00:00:00+00:00,332.3830471852713,333.9254513080081,329.06093742790273,333.7064208984375,2158900
2021-04-08 00:00:00+00:00,331.39737366677167,334.8655131804279,331.39737366677167,333.0219421386719,2426700
2021-04-09 00:00:00+00:00,336.1797035461762,343.7182873086144,334.94760189246296,343.43536376953125,2483200
2021-04-12 00:00:00+00:00,341.7743002794214,346.65702861939286,341.3635904880758,343.4170837402344,3057300
2021-04-13 00:00:00+00:00,343.38982555353755,346.1825751291914,341.63749844121816,341.79266357421875,2652300
2021-04-14 00:00:00+00:00,342.55920277498757,344.9960272011801,341.86556942401546,342.8238830566406,2805600
2021-04-15 00:00:00+00:00,346.8122249967292,358.09273557752493,346.8122249967292,355.947998046875,4488300
2021-04-16 00:00:00+00:00,359.5165115553833,359.5165115553833,351.7953562862585,356.86065673828125,4532400
2021-04-19 00:00:00+00:00,355.93884569749036,359.03278903303504,354.54247133999934,355.7928161621094,2965400
2021-04-20 00:00:00+00:00,355.81108003725643,363.13066121653713,355.4095336070369,361.8985595703125,3348100
2021-04-21 00:00:00+00:00,364.0250837207386,366.4162863634539,360.90378900350646,363.9794616699219,2473300
2021-04-22 00:00:00+00:00,363.64177051146663,363.933829615077,358.8502855112477,361.90771484375,2718600
2021-04-23 00:00:00+00:00,361.06802402467423,366.88168758666995,360.04584509319636,365.3484191894531,2263200
2021-04-26 00:00:00+00:00,364.89211201191483,365.06552036227,360.6938529572909,361.2870788574219,1642300
2021-04-27 00:00:00+00:00,360.1918364098067,361.7159690951577,358.03793573080645,360.0458068847656,1758500
2021-04-28 00:00:00+00:00,360.66648956349513,362.31840888551426,358.950677088134,360.1280212402344,1886500
2021-04-29 00:00:00+00:00,362.0993278608663,367.0368418867633,361.6886180494102,366.4801025390625,1996500
2021-04-30 00:00:00+00:00,365.97820855076856,366.76308610275044,363.55965488766174,363.9703369140625,2328100
2021-05-03 00:00:00+00:00,365.97817884113044,371.2442388689533,365.54922574685105,370.4502258300781,2568500
2021-05-04 00:00:00+00:00,370.06690394140276,376.44641458194826,368.2598197063549,375.41510009765625,3237200
2021-05-05 00:00:00+00:00,374.6484579560251,376.7019513309363,371.2715910430343,376.4737854003906,2767600
2021-05-06 00:00:00+00:00,376.93010925273813,380.4438700789412,376.52853499532716,378.7280578613281,3058700
2021-05-07 00:00:00+00:00,378.7555185010765,382.42441735226186,377.90674775862414,381.174072265625,1851000
2021-05-10 00:00:00+00:00,382.6525342736567,388.77652831126744,381.69424844241684,384.1310729980469,2489300
2021-05-11 00:00:00+00:00,384.2314135205098,385.4087574793432,374.74882441155984,375.74365234375,3024000
2021-05-12 00:00:00+00:00,373.5441457751043,374.96789896543464,369.33675149746267,369.96649169921875,2888100
2021-05-13 00:00:00+00:00,370.7970876302432,377.09446296048367,369.00827418752704,372.8779602050781,2637500
2021-05-14 00:00:00+00:00,375.09562397181475,376.55589137982304,372.82310039985623,374.0095520019531,2072900
2021-05-17 00:00:00+00:00,373.5623770928442,376.48291207590086,372.8870148670802,372.9417724609375,1583900
2021-05-18 00:00:00+00:00,373.90920023712624,376.8936005632267,370.7878780717232,374.5389404296875,2694800
2021-05-19 00:00:00+00:00,373.726582225353,374.8491684007976,368.9442342122396,373.7357177734375,2783100
2021-05-20 00:00:00+00:00,373.76318398773884,377.68762696724946,372.6588686501665,372.950927734375,2105800
2021-05-21 00:00:00+00:00,374.8858269629356,382.0684872939268,373.6993471990112,375.6798400878906,4295400
2021-05-24 00:00:00+00:00,376.3551404922863,377.7515148947732,374.1191310496603,375.0591735839844,1883600
2021-05-25 00:00:00+00:00,375.8805892013322,377.7150244880672,373.1791121692157,376.97576904296875,2285600
2021-05-26 00:00:00+00:00,376.10872178415343,379.0292289550526,375.1139216790292,377.12176513671875,1903900
2021-05-27 00:00:00+00:00,378.6825175595357,378.85589807638894,374.5390156558073,376.6564025878906,2041800
2021-05-28 00:00:00+00:00,376.6563651824461,379.18443390700327,374.2104050061498,375.9444885253906,2367900
2021-06-01 00:00:00+00:00,377.59642136088723,377.59642136088723,370.6875493927013,371.1986389160156,2199600
2021-06-02 00:00:00+00:00,373.4073044616739,373.4073044616739,369.2181528408528,370.4046325683594,2232900
2021-06-03 00:00:00+00:00,368.25981926436,373.9731031921969,367.65745785340033,372.3302917480469,2281200
2021-06-04 00:00:00+00:00,375.06830183574715,375.1048161858415,369.30939557212326,370.21295166015625,2990900
2021-06-07 00:00:00+00:00,371.41769875561135,371.6458647341807,363.86997821136407,365.2937316894531,3353800
2021-06-08 00:00:00+00:00,365.7226573573499,367.57536385000066,363.924708467257,366.653564453125,3051300
2021-06-09 00:00:00+00:00,368.1046804688978,370.3407179336018,365.54923295405524,366.0694580078125,1925700
2021-06-10 00:00:00+00:00,366.80871557706536,367.6666217874851,363.6691498394207,366.4253845214844,4033600
2021-06-11 00:00:00+00:00,368.1229683501968,368.1320760491117,360.30143249489623,363.13983154296875,3094300
2021-06-14 00:00:00+00:00,362.60131999307663,364.58181271262134,360.620855125821,364.29888916015625,2674900
2021-06-15 00:00:00+00:00,365.029016330358,366.43452642212503,361.84382848788965,365.3210754394531,2845800
2021-06-16 00:00:00+00:00,366.06942496748377,367.9403744592391,362.026331358019,362.5556640625,3330800
2021-06-17 00:00:00+00:00,361.4149013487717,363.3041222903721,360.1462851693819,362.6470031738281,3532000
2021-06-18 00:00:00+00:00,354.7509856176502,359.67910491330525,354.72350654164205,356.6654357910156,5521400
2021-06-21 00:00:00+00:00,356.6654072167706,365.66976577614474,356.5280118477373,364.6346740722656,3839300
2021-06-22 00:00:00+00:00,366.96126156514924,366.9979096434667,364.40562417694326,365.2025451660156,3964600
2021-06-23 00:00:00+00:00,364.40572447466656,365.4866054710374,362.06989105057943,362.3355407714844,2942100
2021-06-24 00:00:00+00:00,364.8637307793811,368.3811925293793,363.50803104013454,365.3675231933594,3309100
2021-06-25 00:00:00+00:00,366.4941615219254,375.5443091103312,365.5048589682303,370.9367980957031,16928900
2021-06-28 00:00:00+00:00,370.93677982804917,370.97339995468144,364.5063974085998,367.7398986816406,3193300
2021-06-29 00:00:00+00:00,368.2070492420383,369.33374704146564,364.09418994829946,364.662109375,2458800
2021-06-30 00:00:00+00:00,364.14919007286824,367.684961339286,363.4713263316886,366.80560302734375,2875600
2021-07-01 00:00:00+00:00,368.26207346127205,371.174967274994,368.06055092328694,370.8818664550781,2678100
2021-07-02 00:00:00+00:00,371.0650117961774,375.44352106438964,369.9566519314294,374.9763488769531,1982400
2021-07-06 00:00:00+00:00,374.34436487959573,376.625211974359,371.6329656847057,375.8008117675781,2615300
2021-07-07 00:00:00+00:00,375.8832552132449,377.5595347296298,372.99784046461275,377.0832214355469,2270400
2021-07-08 00:00:00+00:00,374.2893724919058,376.32290787678716,371.0558709247245,375.516845703125,2032300
2021-07-09 00:00:00+00:00,377.8801879388643,378.5397137852284,376.14895006359717,377.4954528808594,2078900
2021-07-12 00:00:00+00:00,376.4969967257397,381.4251163668537,375.8466399117577,381.0953674316406,2802600
2021-07-13 00:00:00+00:00,381.4068289027041,384.4388084831219,380.79309218672915,383.3854064941406,2948900
2021-07-14 00:00:00+00:00,385.4279664143573,387.0401464712677,378.6312152235353,379.9044494628906,3538700
2021-07-15 00:00:00+00:00,377.3122157725586,386.3074057156587,372.99783327059066,384.76849365234375,3546500
2021-07-16 00:00:00+00:00,385.9684831931544,386.820390478503,382.5609658689591,384.44793701171875,2625400
2021-07-19 00:00:00+00:00,382.1944941036227,384.2921565468313,372.6405542428114,374.7015686035156,3611300
2021-07-20 00:00:00+00:00,376.4786995847904,382.643433853219,376.1214436050756,378.2832336425781,3186700
2021-07-21 00:00:00+00:00,382.02955511011714,382.18528846872334,376.322826247674,379.8128356933594,1863700
2021-07-22 00:00:00+00:00,381.07696302010584,381.8189259493738,378.9793285431859,380.84796142578125,1421900
2021-07-23 00:00:00+00:00,382.7990902793384,384.11814180511294,381.04951460342494,382.61590576171875,1611700
2021-07-26 00:00:00+00:00,381.81896956763137,382.5884396122454,376.3870578387523,378.8053283691406,2232600
2021-07-27 00:00:00+00:00,377.3947184373,380.380908892642,375.0680538507973,380.2343444824219,2630600
2021-07-28 00:00:00+00:00,379.6755321044831,379.6755321044831,372.6314397557759,374.8023986816406,2446600
2021-07-29 00:00:00+00:00,376.73510158798234,377.9258986962804,374.11533676800815,377.4678955078125,1597300
2021-07-30 00:00:00+00:00,376.25876895684934,379.0159290005011,375.79159678329836,377.59613037109375,1864200
2021-08-02 00:00:00+00:00,378.83284282206967,381.46177719805127,378.1366688854076,380.66485595703125,1806500
2021-08-03 00:00:00+00:00,380.89385765203576,386.68302586835455,380.2159937830801,386.4631652832031,2496500
2021-08-04 00:00:00+00:00,386.60044498200574,388.0752296507431,384.45699360977505,386.13330078125,1995400
2021-08-05 00:00:00+00:00,386.6096960107971,386.7837394798259,373.6298997328683,376.6527099609375,3598600
2021-08-06 00:00:00+00:00,377.40376676774576,381.7639377717733,377.40376676774576,380.2525329589844,1944000
2021-08-09 00:00:00+00:00,380.09684918044485,381.26933619973147,375.8832143455946,376.3595275878906,1509800
2021-08-10 00:00:00+00:00,376.02985801387445,378.90610404638164,374.25280306945285,377.19317626953125,1441800
2021-08-11 00:00:00+00:00,378.3380822941986,379.16248237622347,373.28173756405806,373.4924011230469,1542600
2021-08-12 00:00:00+00:00,372.8146235251923,374.39932474033327,370.3413949392518,371.8619689941406,1939900
2021-08-13 00:00:00+00:00,372.88786433838925,375.6084044012788,371.8253215388862,375.2603454589844,1537800
2021-08-16 00:00:00+00:00,375.41606000290665,382.3594041763673,373.1168749911957,382.1670227050781,2377500
2021-08-17 00:00:00+00:00,382.06624649131635,387.0126750909692,381.6357223973037,386.3531494140625,2258000
2021-08-18 00:00:00+00:00,385.9593271780604,386.1791597828947,382.05713071645965,382.267822265625,3037000
2021-08-19 00:00:00+00:00,380.4907922297114,392.3713978960287,377.7610827402979,391.9500427246094,3204500
2021-08-20 00:00:00+00:00,392.37140152347365,395.12856216146673,391.0523498879397,393.6171569824219,2401900
2021-08-23 00:00:00+00:00,394.39575225584423,394.39575225584423,389.21115216585406,389.63250732421875,2375900
2021-08-24 00:00:00+00:00,389.7790124240042,390.1637473913241,386.2981994718328,387.84625244140625,1619300
2021-08-25 00:00:00+00:00,386.41731567938626,388.0386369868399,384.21890585193955,384.4845275878906,1939000
2021-08-26 00:00:00+00:00,384.51203408631267,385.9959880811167,381.63578824512615,381.8373107910156,1385400
2021-08-27 00:00:00+00:00,382.89984822014753,385.043299864084,381.1685826879505,383.58685302734375,1621600
2021-08-30 00:00:00+00:00,383.5868799312343,385.2448494125435,382.7899587716801,383.1654968261719,1284200
2021-08-31 00:00:00+00:00,381.97469453646113,385.4005497579114,379.4281976910567,381.3059997558594,4249100
2021-09-01 00:00:00+00:00,381.55326419935056,384.60355281586635,376.69841413640063,382.29522705078125,2034400
2021-09-02 00:00:00+00:00,383.95324530148974,388.7531098836511,383.1105071150851,388.1210632324219,3137400
2021-09-03 00:00:00+00:00,386.49052808401206,388.38666781752903,385.281393069512,387.3424072265625,1604800
2021-09-07 00:00:00+00:00,384.99747226993526,386.7928649108646,382.5059337856237,385.8585205078125,1920300
2021-09-08 00:00:00+00:00,385.8127652808284,387.3516494332006,379.4098890350054,380.49993896484375,2262500
2021-09-09 00:00:00+00:00,380.4541216842983,384.9242377046083,379.1625492145883,379.73046875,3508500
2021-09-10 00:00:00+00:00,381.9917954112167,382.3962552330608,370.0694879661083,371.2828674316406,4215800
2021-09-13 00:00:00+00:00,375.02410695500623,383.1408228222441,373.61769877226004,381.0357971191406,3068200
2021-09-14 00:00:00+00:00,383.8578180245826,383.8578180245826,378.1402574564951,379.21575927734375,2879800
2021-09-15 00:00:00+00:00,379.197287952228,387.3783827122428,376.4212487926033,383.79339599609375,3180600
2021-09-16 00:00:00+00:00,385.76974784298596,389.19842651634735,381.44019383485954,383.1683349609375,2262700
2021-09-17 00:00:00+00:00,381.4493914235122,387.07502317062364,381.4493914235122,386.22015380859375,4534200
2021-09-20 00:00:00+00:00,383.2419095233053,385.42963352544666,375.70428063737086,379.36279296875,2799800
2021-09-21 00:00:00+00:00,381.4862252707223,384.9516811496058,378.912387553934,379.0318908691406,2382200
2021-09-22 00:00:00+00:00,372.2296003440542,378.7193026550666,372.2296003440542,375.6858825683594,3629400
2021-09-23 00:00:00+00:00,376.6970501897212,381.33913671400916,374.5920526455645,375.0700378417969,2681600
2021-09-24 00:00:00+00:00,374.06803987194564,374.9413116122675,372.49617879178317,374.19671630859375,1950400
2021-09-27 00:00:00+00:00,374.88619494393924,378.8572396469489,372.2480330028985,372.5329895019531,2608600
2021-09-28 00:00:00+00:00,370.0786478224608,371.36555254257013,364.94937522402813,366.4201354980469,3115400
2021-09-29 00:00:00+00:00,364.93103275870413,369.3892638323615,363.8279554437546,368.0655822753906,2056300
2021-09-30 00:00:00+00:00,369.0582678523601,370.89671103564797,358.91925481862387,359.1766357421875,3779900
2021-10-01 00:00:00+00:00,359.96719145626207,361.88836127285674,352.17218203162,360.7301330566406,3146600
2021-10-04 00:00:00+00:00,359.98552249160923,363.2303732929062,353.67967641158964,355.7479248046875,3074800
2021-10-05 00:00:00+00:00,357.88977019099525,364.02099121959725,357.7978424113128,361.6493835449219,3269400
2021-10-06 00:00:00+00:00,359.18586141698785,362.89032356171253,354.6724797280939,362.40313720703125,2809200
2021-10-07 00:00:00+00:00,364.71044057992447,375.1987644033982,364.66446265970166,372.0090637207031,2813700
2021-10-08 00:00:00+00:00,373.58096890928033,376.0720523580177,370.1155125085668,375.4653625488281,2012200
2021-10-11 00:00:00+00:00,375.04240917894987,378.00230382446864,371.5585514939099,372.2755432128906,2164200
2021-10-12 00:00:00+00:00,372.38587115865334,375.391743923783,369.81206174585054,370.66693115234375,2415700
2021-10-13 00:00:00+00:00,370.7588450936441,372.5697128083576,365.95130591894326,370.9518737792969,3021800
2021-10-14 00:00:00+00:00,391.2759140818259,398.48260887841144,384.0508168976024,386.4040222167969,6038800
2021-10-15 00:00:00+00:00,387.9575991101921,395.7158343390919,387.45203827647225,393.4913330078125,3312000
2021-10-18 00:00:00+00:00,393.42692038233866,393.42692038233866,389.6029544254159,390.3199462890625,2232800
2021-10-19 00:00:00+00:00,392.35138050196633,393.2614290481658,389.1984568466679,390.09930419921875,1616800
2021-10-20 00:00:00+00:00,392.5076828419161,400.3486431592608,392.3606039972773,399.9441833496094,2764000
2021-10-21 00:00:00+00:00,400.32102314617686,406.7555746089168,399.9349377153485,406.5533447265625,2465100
2021-10-22 00:00:00+00:00,405.2296632388875,412.99709729538176,404.8803545283112,412.8775939941406,2736200
2021-10-25 00:00:00+00:00,413.6497813005299,416.0765401493219,410.3773541637683,413.18096923828125,3553500
2021-10-26 00:00:00+00:00,414.1002156701554,420.73699812358234,411.4344780866155,417.9150085449219,3103900
2021-10-27 00:00:00+00:00,417.9149026686816,423.2463764850645,416.8486022949219,416.8486022949219,3520400
2021-10-28 00:00:00+00:00,416.407396063404,420.91157641475417,415.96615958459887,418.6502990722656,1672600
2021-10-29 00:00:00+00:00,417.7035059600556,424.11968306252305,416.46255114400526,423.27398681640625,2497800
2021-11-01 00:00:00+00:00,424.51495356824404,428.13668915125464,414.73442164495765,417.427734375,2203100
2021-11-02 00:00:00+00:00,419.40401826706744,419.56947140752584,413.99899125944444,415.52490234375,2600000
2021-11-03 00:00:00+00:00,414.0358372195524,420.5622886389533,410.92886348450105,420.38763427734375,2438200
2021-11-04 00:00:00+00:00,420.6358207764287,421.4723158206057,415.6352528973954,419.8636779785156,2517300
2021-11-05 00:00:00+00:00,420.84717380646566,424.2391034405017,417.85970388316235,418.9903564453125,2905000
2021-11-08 00:00:00+00:00,419.94643661656005,426.69352048587126,417.61160565855437,425.2503356933594,2279900
2021-11-09 00:00:00+00:00,425.25031262825104,426.950878280812,423.1085385399422,426.840576171875,2657800
2021-11-10 00:00:00+00:00,427.79660732516305,428.3573191060413,419.7442161265668,422.75006103515625,2818200
2021-11-11 00:00:00+00:00,422.8419651347407,423.6233091590604,418.6503165941202,420.44281005859375,2246800
2021-11-12 00:00:00+00:00,423.4579186791854,423.7612495299259,420.1578877331563,421.9136047363281,2609500
2021-11-15 00:00:00+00:00,421.00353930803624,421.1965680106833,414.10937654644175,414.3851318359375,2849600
2021-11-16 00:00:00+00:00,416.39827960961486,421.32532310882243,413.07070113881423,413.3005065917969,3383800
2021-11-17 00:00:00+00:00,414.0082823459883,417.2898825539458,412.482370930358,412.6846008300781,2281500
2021-11-18 00:00:00+00:00,412.48235207635054,416.232764165056,410.99318939970385,413.1625671386719,2073800
2021-11-19 00:00:00+00:00,411.93076483315195,413.14414403277283,403.9978782307018,404.4574890136719,3536100
2021-11-22 00:00:00+00:00,407.04977874073523,407.90464822866716,402.05841141161125,402.1962890625,2598700
2021-11-23 00:00:00+00:00,400.7899155436958,411.3701396381246,400.7807143487012,411.01165771484375,2857000
2021-11-24 00:00:00+00:00,410.5611941922564,414.55061301017605,409.6419724908255,413.7968444824219,2248800
2021-11-26 00:00:00+00:00,408.9800956717086,411.97673907842415,402.81209840138143,404.3747863769531,2480600
2021-11-29 00:00:00+00:00,407.7299267065637,416.4809061550181,404.96306074056275,415.4881591796875,4079700
2021-11-30 00:00:00+00:00,410.94725621699416,414.8907252151392,405.60658031583927,408.336669921875,7435400
2021-12-01 00:00:00+00:00,416.3063226932434,419.0915632787601,408.26313294353434,408.44696044921875,4325500
2021-12-02 00:00:00+00:00,407.3530797357619,411.7102095516557,403.7405452849718,409.9912414550781,4738700
2021-12-03 00:00:00+00:00,412.9423685303912,419.0935872600012,410.5446194562668,414.371826171875,3038300
2021-12-06 00:00:00+00:00,416.9816785275719,425.8626597383848,416.40067554833513,424.3225402832031,4721500
2021-12-07 00:00:00+00:00,426.7572160841876,429.52387550774796,424.43323230020627,428.5832214355469,3105200
2021-12-08 00:00:00+00:00,429.8373683500936,433.60004041450424,426.51737186499923,432.39190673828125,3228300
2021-12-09 00:00:00+00:00,432.08756494590824,437.57478303788275,431.00855558842653,436.5050048828125,2977400
2021-12-10 00:00:00+00:00,435.2877031641527,441.2636970173672,434.3747146572119,441.03314208984375,2572300
2021-12-13 00:00:00+00:00,439.9172854800777,442.9052968148763,437.14142297819376,440.9501953125,2724800
2021-12-14 00:00:00+00:00,442.43493208078826,445.4690429867137,440.0648205311523,442.16748046875,3018000
2021-12-15 00:00:00+00:00,443.2189039959532,456.8677477026681,442.7946907084417,455.9270935058594,4188600
2021-12-16 00:00:00+00:00,455.5858439131706,458.3063756249785,451.98916392928606,454.5252685546875,4080800
2021-12-17 00:00:00+00:00,453.19722055991724,454.774208377766,448.5492253587761,449.2316589355469,5707200
2021-12-20 00:00:00+00:00,444.50995727993393,447.28584796941556,438.2942046426949,446.10540771484375,3145600
2021-12-21 00:00:00+00:00,449.13947325352046,450.9654785746504,444.6943952426301,449.314697265625,2536000
2021-12-22 00:00:00+00:00,449.2593979484428,456.9138396519763,448.1066231265778,455.6965026855469,1687500
2021-12-23 00:00:00+00:00,456.49882563570173,459.4038125336911,454.4791619131941,456.8492736816406,1706500
2021-12-27 00:00:00+00:00,459.89257669805346,461.38656831517056,458.0112685140845,460.6488037109375,1349400
2021-12-28 00:00:00+00:00,462.9543087041054,466.0160849903131,461.4787514937958,463.8211975097656,1495500
2021-12-29 00:00:00+00:00,465.51812528515626,467.7683439248835,462.95435528007897,466.2558898925781,1573900
2021-12-30 00:00:00+00:00,468.4230816996727,469.6219842887566,464.4759822041152,465.1953125,1309800
2021-12-31 00:00:00+00:00,464.92787454379516,467.4455164289907,462.99120745555103,463.08343505859375,1695400
2022-01-03 00:00:00+00:00,461.10986455743705,463.78429614308766,454.70042618252364,463.2125244140625,3033600
2022-01-04 00:00:00+00:00,464.06103328499165,464.56824293782887,452.69927813741157,452.71771240234375,3908100
2022-01-05 00:00:00+00:00,456.286639908868,458.3432000125638,451.6017761230469,451.6017761230469,3921100
2022-01-06 00:00:00+00:00,442.66549426488507,446.4834976619985,427.0984198802103,433.1205139160156,6555200
2022-01-07 00:00:00+00:00,431.31290477327224,431.57112514617114,420.11714485821255,422.929931640625,5494200
2022-01-10 00:00:00+00:00,420.53217615927423,429.62524873995653,419.0935157028738,428.8321533203125,5831800
2022-01-11 00:00:00+00:00,430.861042457591,433.8582563946631,424.8389491190149,432.5210266113281,3332800
2022-01-12 00:00:00+00:00,432.49338816462443,438.3494890824378,430.067945770236,436.8739318847656,3502300
2022-01-13 00:00:00+00:00,438.8752117548428,439.4838520806387,429.73600979257316,431.0732116699219,3005300
2022-01-14 00:00:00+00:00,433.34184339303334,436.36672298833787,428.90594058956543,432.23516845703125,3665400
2022-01-18 00:00:00+00:00,428.98899437027836,429.4869727958981,422.69944861461875,425.13409423828125,3938800
2022-01-19 00:00:00+00:00,431.5988797728666,438.5062972828366,425.6136820914711,426.54510498046875,4030900
2022-01-20 00:00:00+00:00,428.260338437834,434.94643047674043,426.0654513068642,426.9876708984375,3228600
2022-01-21 00:00:00+00:00,427.4489002468895,434.1718908300983,425.2079127671253,425.3001403808594,4273200
2022-01-24 00:00:00+00:00,422.44117785202087,428.0390580943709,413.27431193183514,426.3144836425781,4780700
2022-01-25 00:00:00+00:00,418.7523460835041,423.7507615761615,412.481234635883,421.306884765625,3428900
2022-01-26 00:00:00+00:00,422.7916862853956,427.7993331362679,418.1805872012225,422.7732238769531,4435900
2022-01-27 00:00:00+00:00,422.4503630721375,432.22589694888467,421.46360944025236,425.69659423828125,3508100
2022-01-28 00:00:00+00:00,425.51220581587864,430.0126428976868,419.68376998390033,429.80975341796875,3364400
2022-01-31 00:00:00+00:00,428.83211483448616,436.37586442262784,428.2787774446277,435.8133239746094,3500500
2022-02-01 00:00:00+00:00,438.05432214863663,438.05432214863663,426.75713173532966,431.9768981933594,3148600
2022-02-02 00:00:00+00:00,432.5764185526744,444.49151079100506,432.5764185526744,442.4626159667969,3026800
2022-02-03 00:00:00+00:00,459.8649552369498,461.27595058191315,445.9578912944837,450.75341796875,4370900
2022-02-04 00:00:00+00:00,444.2794246523689,451.5465217682875,442.8407638992996,445.5889892578125,3066400
2022-02-07 00:00:00+00:00,447.19354516073497,449.3607670217894,443.86431750526174,446.0776672363281,2937200
2022-02-08 00:00:00+00:00,443.9105022691032,457.1166964379761,443.9105022691032,455.032470703125,3534700
2022-02-09 00:00:00+00:00,458.34331000596075,461.96762761424395,457.6885417291067,459.3577575683594,2818100
2022-02-10 00:00:00+00:00,453.953404937946,455.77941003076717,447.34110561244313,448.8627624511719,2626100
2022-02-11 00:00:00+00:00,446.9814458599532,452.284209234826,439.3823643948831,440.94091796875,2493800
2022-02-14 00:00:00+00:00,438.1558057306211,440.5812481419219,432.82537677659514,437.50103759765625,2549500
2022-02-15 00:00:00+00:00,438.9212510734342,443.74447028903177,438.2388174940168,441.03314208984375,3001000
2022-02-16 00:00:00+00:00,438.51552000543154,444.26095955813236,434.7344131526269,442.71160888671875,2651800
2022-02-17 00:00:00+00:00,440.97783237554745,442.0107139975214,432.4196341798747,433.7568359375,2403100
2022-02-18 00:00:00+00:00,433.67380224327457,437.9805805095855,430.51979857091175,431.423583984375,2992300
2022-02-22 00:00:00+00:00,427.7531974184079,430.85187058100985,422.2106755586881,426.535888671875,3029800
2022-02-23 00:00:00+00:00,430.8518772520112,431.3406526277856,423.1513361745795,423.87066650390625,2840300
2022-02-24 00:00:00+00:00,414.55616235124376,421.07626195917055,411.07017323855484,420.43072509765625,3933000
2022-02-25 00:00:00+00:00,421.1316596893158,438.773728700248,420.74434313974996,438.7460632324219,3314400
2022-02-28 00:00:00+00:00,429.61608795397,440.18471869865346,429.39473607003555,438.8567199707031,3918300
2022-03-01 00:00:00+00:00,434.2640991729623,439.8619520216887,431.34988120056863,439.2071838378906,2917600
2022-03-02 00:00:00+00:00,440.99622202724026,449.27776471637054,440.719567386453,447.6269836425781,3675900
2022-03-03 00:00:00+00:00,448.19884410885425,453.160391371769,444.7128542248754,448.7429504394531,3139400
2022-03-04 00:00:00+00:00,443.30180949804407,460.7963191084096,440.35069506964345,459.8648681640625,4170100
2022-03-07 00:00:00+00:00,461.10994175916943,461.10994175916943,445.4506380052178,449.0011901855469,4123300
2022-03-08 00:00:00+00:00,441.55877450298715,446.806206769073,434.8450163130861,436.6341247558594,3849500
2022-03-09 00:00:00+00:00,445.04475960247674,449.78498225409413,436.7540137074708,447.8022155761719,3115500
2022-03-10 00:00:00+00:00,442.047631657049,455.30915770327255,440.66430187159733,453.2157287597656,2834800
2022-03-11 00:00:00+00:00,451.21771201477645,456.7396568842562,446.2970063822037,446.6299743652344,2615000
2022-03-14 00:00:00+00:00,453.5948803211348,458.3953667925375,448.85914703946656,451.301025390625,2704100
2022-03-15 00:00:00+00:00,453.224911380364,462.41890469797005,450.7367968535899,460.541259765625,3043000
2022-03-16 00:00:00+00:00,462.3172302140655,467.5617032821249,453.2342528017928,460.8650817871094,3497100
2022-03-17 00:00:00+00:00,458.7746335612351,469.06006034569157,458.0161687231585,468.9675598144531,2357200
2022-03-18 00:00:00+00:00,470.5584014061763,472.35280417591264,463.9172763904936,468.1350402832031,5065600
2022-03-21 00:00:00+00:00,467.1084613293464,474.49879413908127,466.507221951893,469.5595703125,2617700
2022-03-22 00:00:00+00:00,471.0486724816113,473.4350562296592,466.9511560089216,467.3951416015625,2752500
2022-03-23 00:00:00+00:00,464.57406488235193,469.00457793152987,463.70461067494244,465.4620361328125,2753200
2022-03-24 00:00:00+00:00,467.09916780078856,477.07014347096367,466.04471256600465,474.92425537109375,2789200
2022-03-25 00:00:00+00:00,475.5994661522242,477.76387136811445,471.02095791220967,474.52655029296875,2551100
2022-03-28 00:00:00+00:00,475.7195927487618,478.3279546960352,470.62311669413214,474.68365478515625,2643000
2022-03-29 00:00:00+00:00,478.29099997548417,480.59416989991666,469.22651306280284,472.39910888671875,3478400
2022-03-30 00:00:00+00:00,476.45036405572387,482.0833271022796,474.0177441890577,481.7318420410156,3041200
2022-03-31 00:00:00+00:00,478.2909667049265,482.7215072617337,471.41863262832703,471.69610595703125,3979700
2022-04-01 00:00:00+00:00,472.3528839083802,476.14520816208,468.57910492475617,474.11956787109375,2344100
2022-04-04 00:00:00+00:00,473.76813088204443,474.01782871422955,466.6645013602409,471.7424621582031,2657500
2022-04-05 00:00:00+00:00,471.7238776939236,485.348355154854,469.8739801343396,478.9014892578125,3268600
2022-04-06 00:00:00+00:00,479.32693791023763,493.47869965093594,479.12347627325016,491.8415222167969,3955600
2022-04-07 00:00:00+00:00,490.2229303489933,497.8815345476529,488.73377612849913,496.6513366699219,2867000
2022-04-08 00:00:00+00:00,498.54738268010686,507.7690947384377,497.71490621261324,504.98504638671875,3986700
2022-04-11 00:00:00+00:00,502.80218290152425,506.5112369010933,496.3645749003239,497.1045227050781,3574000
2022-04-12 00:00:00+00:00,495.22672543124725,500.1474589599294,490.9442651753446,493.65435791015625,3575700
2022-04-13 00:00:00+00:00,493.29370492760586,497.8814713376638,488.94643424026793,496.697509765625,3012000
2022-04-14 00:00:00+00:00,498.08492662075207,511.7648989893167,493.98741022920706,494.6811218261719,4211300
2022-04-18 00:00:00+00:00,497.5299847936286,500.3973035073843,490.5743517145891,493.9966735839844,2087100
2022-04-19 00:00:00+00:00,495.67081566813323,501.76619651885187,495.0695763788848,497.344970703125,2207600
2022-04-20 00:00:00+00:00,501.4518545446589,507.20501011336944,498.5475011927348,505.0314025878906,2986300
2022-04-21 00:00:00+00:00,504.55960833541445,506.8719805092706,495.8003696389587,497.1045227050781,2539900
2022-04-22 00:00:00+00:00,492.1281983669855,493.3213618550182,481.13980339950695,481.8427734375,3453300
2022-04-25 00:00:00+00:00,481.3433956451234,486.7635822616165,473.3240768368791,484.9229431152344,3030400
2022-04-26 00:00:00+00:00,484.89514302415955,486.7635576391514,474.9704606058746,475.22021484375,2895300
2022-04-27 00:00:00+00:00,476.26534586896526,481.80583641769925,471.55738824859134,475.2479248046875,3353700
2022-04-28 00:00:00+00:00,477.9765322982106,486.78206259654365,474.65594139565087,485.0616149902344,2582700
2022-04-29 00:00:00+00:00,479.90971383709206,480.880955344912,468.9120861021686,470.38275146484375,2873200
2022-05-02 00:00:00+00:00,472.47303253003713,474.97040525457516,456.3141779764861,463.53802490234375,3184300
2022-05-03 00:00:00+00:00,463.5196065552059,467.5801171957439,460.1435490085759,462.1229248046875,2763400
2022-05-04 00:00:00+00:00,462.0120020257679,471.51121761133186,456.0830758497446,469.5225830078125,4002600
2022-05-05 00:00:00+00:00,469.1433316855574,472.3436752578526,452.51276824466015,457.5907287597656,3359700
2022-05-06 00:00:00+00:00,448.6094360972668,463.9265862940696,448.60017757636604,462.1229248046875,3260300
2022-05-09 00:00:00+00:00,453.5948828705419,457.50742643042133,448.0729374420241,449.9136047363281,3862700
2022-05-10 00:00:00+00:00,456.7489691454389,459.09834702407534,445.0113665002481,451.38427734375,4275500
2022-05-11 00:00:00+00:00,448.03598860718887,462.9553899003421,448.03598860718887,449.66387939453125,3936300
2022-05-12 00:00:00+00:00,449.6175907756532,450.34830818811974,436.03934996797165,442.8654479980469,3997600
2022-05-13 00:00:00+00:00,444.881926050844,450.450108191543,440.09992788272353,448.9701843261719,2453400
2022-05-16 00:00:00+00:00,448.97942613207306,458.367651344794,447.8139815445632,452.50347900390625,2338800
2022-05-17 00:00:00+00:00,456.92470882891945,457.59067309638147,451.8004845550366,455.5650329589844,2289000
2022-05-18 00:00:00+00:00,451.61555261823776,452.49423712460464,433.209047184407,436.0024108886719,3240500
2022-05-19 00:00:00+00:00,429.4722135637589,445.4368099128178,428.55649509996573,442.63421630859375,3813800
2022-05-20 00:00:00+00:00,445.2518577010005,450.88479250372086,436.8625653134756,449.275390625,3068200
2022-05-23 00:00:00+00:00,449.79337035747983,458.53411978524224,449.79337035747983,455.1488037109375,2279800
2022-05-24 00:00:00+00:00,453.9556660948403,460.6985230674811,451.9855204754763,460.2175598144531,2658100
2022-05-25 00:00:00+00:00,461.10548489798066,464.6110489002012,454.39037552364397,460.707763671875,3161600
2022-05-26 00:00:00+00:00,464.08377374325033,469.18950887511073,461.9286555898757,464.5370178222656,2705800
2022-05-27 00:00:00+00:00,454.1498693505077,469.05078125,452.66071530352536,469.05078125,3349100
2022-05-31 00:00:00+00:00,465.82274056800395,466.27595647690566,458.46015554268223,459.49609375,4003100
2022-06-01 00:00:00+00:00,460.9204993284365,463.7508404384076,451.1715309345374,455.5835266113281,1765900
2022-06-02 00:00:00+00:00,456.92467887915325,458.91331303045536,446.72249537658706,455.3152770996094,2093500
2022-06-03 00:00:00+00:00,451.6802295098207,454.7695833036284,448.5076619395009,449.16436767578125,1756900
2022-06-06 00:00:00+00:00,452.6976763518007,456.5824725335332,449.793351849638,453.3913879394531,1781500
2022-06-07 00:00:00+00:00,452.7624667620236,460.26378846412234,450.561083959883,459.7920837402344,2341900
2022-06-08 00:00:00+00:00,456.92468676244005,460.53198127565173,451.8837047370368,456.4899597167969,3268100
2022-06-09 00:00:00+00:00,455.88877758161897,459.20008192754557,451.0142792491008,452.69769287109375,3148800
2022-06-10 00:00:00+00:00,448.41516005666534,453.372900226604,444.83561277203705,448.2579345703125,2599900
2022-06-13 00:00:00+00:00,439.47095181131976,445.2148762687458,432.1916088749504,434.448486328125,3764600
2022-06-14 00:00:00+00:00,432.41357907644783,433.96748634009873,423.0901072673443,427.0951232910156,3814200
2022-06-15 00:00:00+00:00,429.3611646664728,433.81939560344574,422.2390489357164,429.48138427734375,2550700
2022-06-16 00:00:00+00:00,420.8673009408427,424.96087474630457,418.34246726699297,423.3642883300781,3135600
2022-06-17 00:00:00+00:00,418.40747241867365,428.34899311605545,417.43282408028983,419.62347412109375,5277400
2022-06-21 00:00:00+00:00,424.9608879261492,450.31131905183815,424.30184028459706,445.8557434082031,5726800
2022-06-22 00:00:00+00:00,441.58580411724097,460.33641079917794,440.4904791083066,454.54412841796875,5061000
2022-06-23 00:00:00+00:00,459.43602771224704,467.4467783816769,456.6605489302,463.9472961425781,4687700
2022-06-24 00:00:00+00:00,463.6038052425236,463.9008511589262,451.64797622197034,460.07647705078125,15861100
2022-06-27 00:00:00+00:00,457.46816372692365,475.1605856212059,457.23610187182595,469.3775939941406,3907100
2022-06-28 00:00:00+00:00,475.33690268410624,481.3983282124653,468.83914312725165,471.95806884765625,4978200
2022-06-29 00:00:00+00:00,472.3387503304266,481.48199395404004,469.7025308058279,478.70654296875,3823400
2022-06-30 00:00:00+00:00,476.70142014841764,479.27268346410887,473.14624522572944,476.77569580078125,3568900
2022-07-01 00:00:00+00:00,475.55963462344914,480.3958231584961,466.2678706504189,480.275146484375,2426600
2022-07-05 00:00:00+00:00,471.2155484728473,474.33444630321975,456.9298066394519,468.98773193359375,3029600
2022-07-06 00:00:00+00:00,469.3589759155738,480.28440805356695,468.1150996115604,478.3165283203125,2506700
2022-07-07 00:00:00+00:00,478.2794945703416,480.18239049561373,475.47616916520076,477.471923828125,2385400
2022-07-08 00:00:00+00:00,475.5503709134436,490.4580202512545,474.34366075733635,481.4169006347656,3092100
2022-07-11 00:00:00+00:00,477.9175121865677,484.05321479443563,475.08636853647477,479.8575744628906,1743600
2022-07-12 00:00:00+00:00,476.42287776701636,481.89026739955113,473.98158308643025,477.5089111328125,2706500
2022-07-13 00:00:00+00:00,471.6146957981122,475.1327332903483,465.2283487138086,465.2747497558594,3467700
2022-07-14 00:00:00+00:00,459.4824921921817,469.5911206177846,456.95765797065764,466.3793640136719,3765500
2022-07-15 00:00:00+00:00,488.31374851838564,493.8182479398129,478.4650587438518,491.7389831542969,5742500
2022-07-18 00:00:00+00:00,492.899341995013,493.97608399062756,481.5283119772373,482.10382080078125,3212000
2022-07-19 00:00:00+00:00,483.7004597844035,495.5356140656458,483.2363360870999,495.173583984375,2953500
2022-07-20 00:00:00+00:00,495.17356126290326,495.7304870118227,478.7249887242433,482.1966247558594,4327500
2022-07-21 00:00:00+00:00,482.12241124935537,484.9813723339906,474.46437050804565,484.9721374511719,2667600
2022-07-22 00:00:00+00:00,488.2581168825468,489.7432900130561,481.2034595290427,483.9974365234375,1850300
2022-07-25 00:00:00+00:00,488.34167155042496,494.6537421767954,486.6057968888443,491.4790954589844,2337200
2022-07-26 00:00:00+00:00,495.4985037507103,499.062999076224,492.9272967037773,493.4471130371094,2637800
2022-07-27 00:00:00+00:00,495.25710416310886,499.26713978455643,490.1517433933907,496.2503356933594,2268100
2022-07-28 00:00:00+00:00,498.92372883096243,505.28225806075227,493.5863058223459,502.63671875,2344500
2022-07-29 00:00:00+00:00,501.2627967482469,504.82723439143604,498.18100913974524,503.4256286621094,2945700
2022-08-01 00:00:00+00:00,503.3607259497601,504.6417118693342,492.8993598251461,496.965087890625,2335000
2022-08-02 00:00:00+00:00,498.9793423563213,501.7455579336275,493.5676445431372,497.0393371582031,2114200
2022-08-03 00:00:00+00:00,498.7101615980462,504.61380092497586,497.25280651458706,501.85693359375,1802900
2022-08-04 00:00:00+00:00,500.5945271587588,501.6527428073717,494.5331010104482,495.4520568847656,2368000
2022-08-05 00:00:00+00:00,491.97113064245247,497.0764914321383,489.7062046804355,496.6680603027344,2373400
2022-08-08 00:00:00+00:00,501.1699079965088,502.46018516885647,495.1455928876096,498.097412109375,1656400
2022-08-09 00:00:00+00:00,501.2535938784441,506.58172486697674,497.89334283712435,498.710205078125,2147200
2022-08-10 00:00:00+00:00,501.4949305632487,503.0914888365673,495.50772372685805,499.13714599609375,2291400
2022-08-11 00:00:00+00:00,499.6197987922021,499.98182882288324,491.6647129333654,494.6258239746094,3006200
2022-08-12 00:00:00+00:00,497.17862426792766,505.3379559605334,496.1018821085984,504.68817138671875,1981000
2022-08-15 00:00:00+00:00,502.8038054554872,507.9463328446393,499.91696933937953,505.56072998046875,1447300
2022-08-16 00:00:00+00:00,506.0897375988268,508.1597109756859,503.472073379125,506.9344177246094,1773000
2022-08-17 00:00:00+00:00,506.1175151453242,508.48453427184404,502.71086364436655,505.8947448730469,1471700
2022-08-18 00:00:00+00:00,505.9040728314434,508.8001998909778,502.94296166186376,506.0989685058594,1486400
2022-08-19 00:00:00+00:00,506.3588679744091,513.4413989278466,505.727666651697,508.9765319824219,2258000
2022-08-22 00:00:00+00:00,502.5437860490051,510.0904406304691,502.5066198998074,505.49560546875,1672900
2022-08-23 00:00:00+00:00,504.3074830290513,504.3074830290513,494.9507905212299,497.35491943359375,2039600
2022-08-24 00:00:00+00:00,498.17183861305523,501.1236587287476,496.6309727623713,497.9676513671875,1761200
2022-08-25 00:00:00+00:00,496.62169728422015,503.1287212356201,493.1314776667817,502.71099853515625,1965800
2022-08-26 00:00:00+00:00,503.3515030475484,504.21476643180574,490.3188717679337,491.2749938964844,1906700
2022-08-29 00:00:00+00:00,488.25817926595136,494.6631096030251,485.3527600926138,491.7576904296875,1594000
2022-08-30 00:00:00+00:00,492.3517658976656,492.9830240987517,484.3502764218634,485.3249816894531,2013400
2022-08-31 00:00:00+00:00,483.4497603051842,489.27912382455094,481.90883807680916,482.0666809082031,2891300
2022-09-01 00:00:00+00:00,482.06671206786774,486.64296470400484,478.1309523693648,486.401611328125,2085300
2022-09-02 00:00:00+00:00,491.61830471148215,491.77609088060603,476.9427179343464,479.3004455566406,1944200
2022-09-06 00:00:00+00:00,482.6236518126077,489.6040902158548,479.82961814357213,480.53509521484375,2711900
2022-09-07 00:00:00+00:00,479.9039167774729,485.9375250154875,477.7503759615251,484.24810791015625,2504400
2022-09-08 00:00:00+00:00,483.57051956153686,490.5694849262141,481.584056424642,489.6598205566406,1557500
2022-09-09 00:00:00+00:00,491.4941850168611,491.4941850168611,486.60559515309194,488.24444580078125,2495500
2022-09-12 00:00:00+00:00,488.8589915556066,498.1892327811578,486.531091595818,494.6787414550781,2792000
2022-09-13 00:00:00+00:00,487.92780475686106,489.10107536547486,476.72595190264343,478.5789794921875,3172500
2022-09-14 00:00:00+00:00,478.6162462809376,479.90125164448057,471.2600878677515,474.67742919921875,2648100
2022-09-15 00:00:00+00:00,480.75788794810717,491.6338297316069,478.74660739118053,486.912841796875,3058100
2022-09-16 00:00:00+00:00,482.8250239573037,486.8289999484971,481.48415149899614,485.1529235839844,3981700
2022-09-19 00:00:00+00:00,482.89027200239815,487.9278224140964,477.6571007041958,487.5087890625,2130800
2022-09-20 00:00:00+00:00,488.1513280470825,488.5517200424342,479.3704957300002,486.8104553222656,2421700
2022-09-21 00:00:00+00:00,488.8869948688016,491.66183366818603,476.7725933629523,476.8284606933594,2427700
2022-09-22 00:00:00+00:00,475.85072347619865,485.1064283126763,471.2694034858019,481.8381042480469,2285600
2022-09-23 00:00:00+00:00,478.2065051266726,479.2307583457248,471.5207834570663,478.2530517578125,2536900
2022-09-26 00:00:00+00:00,472.4612735395221,477.2846753918836,464.648827706187,473.3644714355469,2867400
2022-09-27 00:00:00+00:00,475.23616047239636,481.21419220958836,468.9135756391667,473.37384033203125,2583400
2022-09-28 00:00:00+00:00,471.6138881808557,480.72995178660983,466.3248782198092,478.5603332519531,3027300
2022-09-29 00:00:00+00:00,479.3332141664553,479.3332141664553,467.87993000575494,473.8020935058594,2392000
2022-09-30 00:00:00+00:00,475.91583705137515,480.9906415254049,470.08676690467314,470.27301025390625,3116000
2022-10-03 00:00:00+00:00,472.1725177720875,482.1638730558651,470.6081760655168,480.022216796875,2562400
2022-10-04 00:00:00+00:00,482.66680041385433,488.4772870011807,481.2514757517047,487.1549987792969,3189800
2022-10-05 00:00:00+00:00,485.1343511070272,492.90951423110266,484.3242464685569,490.7864990234375,2281800
2022-10-06 00:00:00+00:00,491.9598424352977,492.1926324654502,481.1676716306855,483.3931579589844,2187300
2022-10-07 00:00:00+00:00,478.77451995013985,478.77451995013985,466.56702602425565,470.09613037109375,3273700
2022-10-10 00:00:00+00:00,470.79446991710876,471.4555855158114,460.94278186845963,464.5184326171875,2459100
2022-10-11 00:00:00+00:00,462.75858518844643,471.93980912562637,461.0918008358927,465.403076171875,2844500
2022-10-12 00:00:00+00:00,467.56341552152065,473.2621106644947,463.91325550451575,465.54278564453125,2254300
2022-10-13 00:00:00+00:00,459.480914608244,478.12269921183787,454.1639705338187,474.80780029296875,3999700
2022-10-14 00:00:00+00:00,484.2031862984741,493.43095663061706,476.6887184910919,477.8061218261719,5628900
2022-10-17 00:00:00+00:00,482.098719708129,488.21644709875426,479.8081027172261,485.9537353515625,3282300
2022-10-18 00:00:00+00:00,495.3770826152607,495.3770826152607,482.6481422892575,486.26104736328125,2345500
2022-10-19 00:00:00+00:00,485.8233603036437,487.7601888216627,479.1748649342109,484.5011291503906,2500500
2022-10-20 00:00:00+00:00,487.0432147627643,492.97469927151855,483.99836028375285,485.0226135253906,2390800
2022-10-21 00:00:00+00:00,482.39677498612616,499.5953307256678,482.35022835015656,496.988037109375,2896000
2022-10-24 00:00:00+00:00,501.0292579639215,508.86028840000756,500.7778265822492,504.31622314453125,2627100
2022-10-25 00:00:00+00:00,500.7684771600892,506.47649206473636,497.14630823404946,503.03118896484375,2411900
2022-10-26 00:00:00+00:00,504.1113509294328,509.94042099356227,503.02190976041345,505.7781066894531,2863500
2022-10-27 00:00:00+00:00,508.89760741965824,508.89760741965824,502.6029564042925,504.50250244140625,2212100
2022-10-28 00:00:00+00:00,507.45421145680865,514.9314531469578,506.26235627238043,513.2926025390625,2761900
2022-10-31 00:00:00+00:00,516.7938969903837,519.6804707987291,512.2591514859954,516.93359375,2770400
2022-11-01 00:00:00+00:00,516.7938632964605,517.4363660484936,506.7559299869451,509.63323974609375,3338900
2022-11-02 00:00:00+00:00,506.9329351332301,516.4028759534775,505.6852122042291,506.0204162597656,2696200
2022-11-03 00:00:00+00:00,504.44647993387764,510.1544938166527,501.0850068360162,506.187744140625,2245300
2022-11-04 00:00:00+00:00,509.3910190270346,510.05216302530454,490.85165016641065,501.122314453125,3513100
2022-11-07 00:00:00+00:00,501.1224646294367,509.29807839551177,498.608320744264,507.5009460449219,2540300
2022-11-08 00:00:00+00:00,509.3910673360424,516.6075573459981,504.6887206962544,514.97802734375,2797000
2022-11-09 00:00:00+00:00,515.6577889065431,516.4306107516956,502.30493009987913,503.44091796875,2672600
2022-11-10 00:00:00+00:00,511.1416199665382,513.7209511917101,497.19286222688515,506.70928955078125,3426400
2022-11-11 00:00:00+00:00,508.6740654310219,508.6740654310219,474.5656447955807,486.1399841308594,7034300
2022-11-14 00:00:00+00:00,486.0654924156022,492.5649706600356,478.06680346279245,478.3834228515625,5238400
2022-11-15 00:00:00+00:00,477.5081382511833,481.07449682209347,466.2969643423574,468.3827819824219,5103800
2022-11-16 00:00:00+00:00,471.0644785863751,478.7372267943233,470.6733789390091,476.306884765625,3430800
2022-11-17 00:00:00+00:00,476.9028828231989,490.70268090774454,476.9028828231989,479.8360595703125,4246300
2022-11-18 00:00:00+00:00,486.1771354080863,496.3081582699182,483.7002754223269,493.5146789550781,3566000
2022-11-21 00:00:00+00:00,492.5929573496048,495.3305700043615,479.9012420890773,481.5866394042969,3349600
2022-11-22 00:00:00+00:00,484.1473286619978,488.542376545505,484.1193665821513,487.08050537109375,2567400
2022-11-23 00:00:00+00:00,488.85893696444737,493.9244489846185,486.9966172045828,493.2447204589844,2238300
2022-11-25 00:00:00+00:00,497.239434873619,503.6178580744611,495.8613362745455,500.6102294921875,1419200
2022-11-28 00:00:00+00:00,498.94343656813606,502.43528627318307,495.08842085372623,495.6285095214844,2699900
2022-11-29 00:00:00+00:00,495.0698377380719,496.2803344115982,487.60197293668784,491.6524963378906,3751000
2022-11-30 00:00:00+00:00,493.25405264192284,510.350193599044,491.1682633153146,510.0522155761719,9688900
2022-12-01 00:00:00+00:00,514.3353732427997,514.9313291082042,498.915370434707,499.9489440917969,2997800
2022-12-02 00:00:00+00:00,497.679392922502,503.07805854444746,497.3151074144794,500.7896728515625,2346200
2022-12-05 00:00:00+00:00,496.4277948791366,504.73133859483465,495.85805003248163,499.74359130859375,2424800
2022-12-06 00:00:00+00:00,499.1644398212019,504.9274476205414,498.9963212140177,503.7412109375,3097700
2022-12-07 00:00:00+00:00,505.16096781626857,509.8964512253835,504.03077064070095,507.0943603515625,2849100
2022-12-08 00:00:00+00:00,508.9157343155197,514.9215422886033,507.90702264027135,511.77386474609375,2272300
2022-12-09 00:00:00+00:00,511.78330972177173,512.3063645057846,503.32099592514055,503.6292419433594,2852400
2022-12-12 00:00:00+00:00,506.1043519540252,510.0553393315887,503.7039439817334,509.8498229980469,2714100
2022-12-13 00:00:00+00:00,514.239766180231,514.6413924044998,499.7996359135675,502.71380615234375,3369700
2022-12-14 00:00:00+00:00,506.17906922105817,507.6268048860932,496.50252831490644,502.8445739746094,2654600
2022-12-15 00:00:00+00:00,498.7628700011691,498.8376083934789,490.80491297653066,492.869140625,2963800
2022-12-16 00:00:00+00:00,490.5061194864499,491.12255450699564,481.6981620699732,489.1517639160156,7109100
2022-12-19 00:00:00+00:00,489.99228838677834,492.43015087504006,486.5644130376053,489.0582580566406,1808100
2022-12-20 00:00:00+00:00,492.2246023173078,492.2246023173078,485.4155421797228,485.89190673828125,2086100
2022-12-21 00:00:00+00:00,489.08636934278184,493.0559987572995,483.9211535874832,492.7384033203125,2182000
2022-12-22 00:00:00+00:00,491.74828287385645,494.11140703529395,487.21825845727477,492.3180847167969,1851600
2022-12-23 00:00:00+00:00,489.5254149888727,496.2597961425781,488.4046238750746,496.2597961425781,1292300
2022-12-27 00:00:00+00:00,498.70688835858874,500.49091850388334,494.89602803001117,496.8948669433594,1596700
2022-12-28 00:00:00+00:00,499.77165562643245,502.64848523616274,492.9158473701545,493.58837890625,1694200
2022-12-29 00:00:00+00:00,497.40844556025087,498.4732537203738,493.97122110376233,494.9239501953125,1379700
2022-12-30 00:00:00+00:00,495.0361050042313,495.5031201976315,490.2165332921649,495.2042236328125,1849600
2023-01-03 00:00:00+00:00,490.4873543441228,490.9543695115894,478.3729512555228,484.4255065917969,3525600
2023-01-04 00:00:00+00:00,484.4255886441475,484.4255886441475,467.5756705666867,471.2183837890625,5070400
2023-01-05 00:00:00+00:00,467.9586585179761,468.9673989776952,456.27392712766465,457.6376037597656,5497100
2023-01-06 00:00:00+00:00,459.1600011564924,460.35555892894615,455.3771894362451,457.6748962402344,4841300
2023-01-09 00:00:00+00:00,459.92590361123916,467.00584136165617,456.31121059524406,457.7309265136719,3702800
2023-01-10 00:00:00+00:00,456.60071272910443,458.11383723742006,450.837733300901,453.938720703125,3164000
2023-01-11 00:00:00+00:00,453.2755831865433,462.90543353115606,453.0047064118026,460.8505554199219,4274200
2023-01-12 00:00:00+00:00,457.67489086242773,465.8289864244594,453.21022674071907,462.9708557128906,3726800
2023-01-13 00:00:00+00:00,454.0414887960613,475.8884727996046,453.9387591376012,457.27325439453125,5390100
2023-01-17 00:00:00+00:00,458.79575794024754,460.42096176465674,451.86523961796917,453.0794677734375,4495600
2023-01-18 00:00:00+00:00,455.8534661117341,457.2078214175679,443.4308748069262,444.82257080078125,4398200
2023-01-19 00:00:00+00:00,446.3450736070506,454.3030303393554,445.89675728704054,452.40692138671875,4549600
2023-01-20 00:00:00+00:00,453.4997077728439,454.8633839615314,447.4004913585884,454.6112060546875,3525900
2023-01-23 00:00:00+00:00,454.5739239368651,457.7683205571463,449.63292347327837,453.7613220214844,3418700
2023-01-24 00:00:00+00:00,467.2580485793273,467.2580485793273,448.33458389599343,459.1693420410156,3036300
2023-01-25 00:00:00+00:00,457.0023698544328,462.68126185725487,453.68657350390015,460.00994873046875,3037300
2023-01-26 00:00:00+00:00,460.0099728367039,463.69940432515284,458.2166219235299,459.9913024902344,3005000
2023-01-27 00:00:00+00:00,460.8225521619436,460.8225521619436,452.5096876947206,453.9854431152344,3177100
2023-01-30 00:00:00+00:00,455.629315159689,462.5785028231853,452.8178748550631,453.7425842285156,3606900
2023-01-31 00:00:00+00:00,465.14710757625056,472.1523350999893,460.5983843981979,466.25860595703125,5567000
2023-02-01 00:00:00+00:00,466.9685053027664,471.10625309314975,462.97085637014015,464.2131042480469,3451200
2023-02-02 00:00:00+00:00,461.65382163833505,462.34499493361386,433.2873262068402,439.76947021484375,11169900
2023-02-03 00:00:00+00:00,443.8792700211671,447.1950664854025,438.7607732510014,440.8810119628906,5440100
2023-02-06 00:00:00+00:00,440.86230075984435,447.3724930786115,439.9376198859961,443.8885498046875,4174200
2023-02-07 00:00:00+00:00,439.96564603844274,446.5411989101928,438.0882359903907,445.4203796386719,3394600
2023-02-08 00:00:00+00:00,444.103427613317,453.04210522506673,443.7671618529745,451.3421630859375,3466400
2023-02-09 00:00:00+00:00,453.59320624554874,457.39471696991336,450.576277668719,453.6866149902344,3664600
2023-02-10 00:00:00+00:00,456.86230010002265,462.961517551781,456.50736398267577,461.64453125,3418100
2023-02-13 00:00:00+00:00,461.4110502402439,466.893804515399,459.31883111763085,462.6719970703125,2589000
2023-02-14 00:00:00+00:00,461.6818811374939,465.1004357238329,456.8249117952501,460.31817626953125,2072600
2023-02-15 00:00:00+00:00,457.3479833910768,459.384162838649,456.17112446042876,458.8424377441406,2242500
2023-02-16 00:00:00+00:00,458.74901103949554,461.4110032978521,455.12496863913304,455.19970703125,2611500
2023-02-17 00:00:00+00:00,455.2276855065856,466.510758823402,455.19966573816976,466.15582275390625,3891500
2023-02-21 00:00:00+00:00,463.93287464266183,468.3228000752527,458.14187521577094,458.8984375,2877300
2023-02-22 00:00:00+00:00,460.2994748946097,461.30824359206935,456.43260423259557,456.6380920410156,2982800
2023-02-23 00:00:00+00:00,454.5551857011224,460.78515179148235,453.8172937886164,459.25335693359375,2511800
2023-02-24 00:00:00+00:00,457.28253473236043,460.0192651327691,451.14597741859455,452.3788757324219,2940400
2023-02-27 00:00:00+00:00,456.5259950814749,458.5528534436991,450.1652508013009,451.435546875,3006200
2023-02-28 00:00:00+00:00,450.8284541256352,451.47290886107754,442.6556883356388,444.54241943359375,3902100
2023-03-01 00:00:00+00:00,442.36613029458385,446.8494933803591,440.86235501148246,443.86993408203125,2996900
2023-03-02 00:00:00+00:00,443.86058521736885,448.73622512039833,442.0298935864791,446.18634033203125,2188800
2023-03-03 00:00:00+00:00,446.4104687307163,447.49394735959515,442.93587468098195,446.98956298828125,2863300
2023-03-06 00:00:00+00:00,449.61418483731876,452.3976055407592,447.40053746940737,449.0631103515625,3812700
2023-03-07 00:00:00+00:00,451.1180298286722,451.90261197367374,441.38542015253205,442.61834716796875,2589200
2023-03-08 00:00:00+00:00,440.6288166994053,444.0287008484451,435.9680143839538,439.5546875,3036600
2023-03-09 00:00:00+00:00,442.6836935725626,442.6836935725626,433.15657264842304,434.24005126953125,2780400
2023-03-10 00:00:00+00:00,433.7807756536834,439.4892774967021,428.92527228456925,431.4936218261719,3787500
2023-03-13 00:00:00+00:00,429.91882301537044,440.90464923927874,429.91882301537044,434.63372802734375,2971600
2023-03-14 00:00:00+00:00,435.5429778204984,440.4078635364537,430.29377225463855,435.47735595703125,3258200
2023-03-15 00:00:00+00:00,432.11230152048694,439.5080638168294,430.47192636336825,436.274169921875,3770200
2023-03-16 00:00:00+00:00,435.5992457863526,443.73552782452543,434.09011446195007,442.4513244628906,2940500
2023-03-17 00:00:00+00:00,441.8608217095367,442.4419785932706,437.08964841568064,440.0892028808594,5290000
2023-03-20 00:00:00+00:00,440.5578204654481,449.7626737073897,440.5578204654481,447.0818176269531,3119400
2023-03-21 00:00:00+00:00,448.4222738635139,451.29058428226256,445.91951783632004,450.025146484375,3163300
2023-03-22 00:00:00+00:00,451.75934565829147,455.31190909915847,445.0759837767357,445.73211669921875,2632200
2023-03-23 00:00:00+00:00,447.5036895100816,450.55948303507154,437.4364826683358,440.4735107421875,3284900
2023-03-24 00:00:00+00:00,439.6017835156829,447.0068995660529,438.29884329594745,446.1726379394531,2533200
2023-03-27 00:00:00+00:00,455.13378094971205,455.82744473569755,448.609782790993,451.7124328613281,2271800
2023-03-28 00:00:00+00:00,451.8061436953186,453.48402099378916,441.2046366784063,442.9762268066406,2369500
2023-03-29 00:00:00+00:00,445.34775354326354,446.0695368755437,435.8242298214273,437.3614807128906,3733200
2023-03-30 00:00:00+00:00,437.34270759253,440.9421554121398,432.1965976782468,440.61407470703125,3324600
2023-03-31 00:00:00+00:00,441.982647172791,446.1820176368989,440.6516159966073,442.9856262207031,3996700
2023-04-03 00:00:00+00:00,454.80568214546037,465.0509885133268,453.2027808878532,463.2325134277344,4729100
2023-04-04 00:00:00+00:00,462.1452207007703,465.02291417970036,461.02976334061015,462.3514404296875,2624700
2023-04-05 00:00:00+00:00,466.2320782749274,479.68313025343366,465.02287956329576,477.33038330078125,4964800
2023-04-06 00:00:00+00:00,478.9894821146555,482.0265099902325,475.38065152823435,480.68609619140625,3472600
2023-04-10 00:00:00+00:00,478.81146812236875,483.10458046804496,476.2618551860438,482.90771484375,2714500
2023-04-11 00:00:00+00:00,483.8075970152203,489.50668804729247,482.94518713089224,488.3349914550781,3065300
2023-04-12 00:00:00+00:00,492.0937619031455,493.7060460285856,487.46321507156586,488.54119873046875,3422400
2023-04-13 00:00:00+00:00,491.0907056434971,497.2210573504174,487.89434328428837,493.265380859375,4224400
2023-04-14 00:00:00+00:00,489.3004192223948,494.21216140323946,476.6460980356087,479.7300109863281,4872000
2023-04-17 00:00:00+00:00,476.8523092882521,477.6678053955506,471.25628620735324,473.69342041015625,3660900
2023-04-18 00:00:00+00:00,472.11867270958555,475.2306766041804,466.9350889857912,472.8779296875,3232000
2023-04-19 00:00:00+00:00,469.2878037526074,470.52512193032027,453.333996978426,455.7430114746094,5809100
2023-04-20 00:00:00+00:00,455.0587408382288,458.97688655057175,452.9871897098741,456.924072265625,3283000
2023-04-21 00:00:00+00:00,459.3425395594656,459.9893183289765,451.937423251329,453.5121765136719,3165300
2023-04-24 00:00:00+00:00,453.1278477104184,459.51124795712843,452.4154470841846,458.3114318847656,2322400
2023-04-25 00:00:00+00:00,461.8171388663827,467.2725646409399,459.8486830233509,461.1047668457031,2937300
2023-04-26 00:00:00+00:00,455.43372218196197,457.14910181696723,448.39416070347113,452.6966552734375,2930000
2023-04-27 00:00:00+00:00,451.9936714119317,460.2236668138041,451.9936714119317,459.74560546875,2473200
2023-04-28 00:00:00+00:00,458.0771509894931,463.01701376767255,457.54285045169445,461.26416015625,2398900
2023-05-01 00:00:00+00:00,463.60752880898946,468.1068608692163,461.0016767422175,464.64801025390625,2105600
2023-05-02 00:00:00+00:00,464.22610598151687,465.5946393443785,458.62070019876114,462.4826354980469,2152300
2023-05-03 00:00:00+00:00,463.42943548616,464.4136777978797,457.45847416404905,458.7801513671875,1749700
2023-05-04 00:00:00+00:00,456.5397991636625,459.0144358284705,451.7593004713328,456.7554016113281,2555700
2023-05-05 00:00:00+00:00,463.11064430842976,469.4753069964378,461.20781054882343,463.3168640136719,2329400
2023-05-08 00:00:00+00:00,461.2172097096377,463.38250238890856,457.73024004592486,461.7608642578125,1738500
2023-05-09 00:00:00+00:00,461.9671150477867,468.116175938507,459.58621977059045,459.6612243652344,2038600
2023-05-10 00:00:00+00:00,458.7426245705804,462.55767537813824,457.09289529083395,459.37066650390625,2018700
2023-05-11 00:00:00+00:00,457.43026912112674,459.4174616149598,455.23685691911083,458.1426696777344,2384200
2023-05-12 00:00:00+00:00,458.1426735546453,462.02331714309116,457.19593371281246,460.45794677734375,1536500
2023-05-15 00:00:00+00:00,460.6173346648541,460.9829177134396,453.39970119554806,456.3617248535156,2169700
2023-05-16 00:00:00+00:00,457.0741226583067,458.5645172041592,449.00349073165546,449.66900634765625,2178900
2023-05-17 00:00:00+00:00,449.93146905494524,454.9931923606389,447.62557828568293,454.4401550292969,2682000
2023-05-18 00:00:00+00:00,451.8530117547168,452.321690339093,444.20420243086386,449.2096862792969,3040100
2023-05-19 00:00:00+00:00,449.5377198672762,454.4307252306384,447.87860804511035,448.8253479003906,2317900
2023-05-22 00:00:00+00:00,450.34382532029446,451.9935828892415,447.9723131178667,450.5125427246094,2242800
2023-05-23 00:00:00+00:00,446.3507311247873,453.1090969285183,442.9387658950807,449.4065246582031,2874200
2023-05-24 00:00:00+00:00,450.50322241398334,453.00597868152755,448.89099551934515,450.7094421386719,1904700
2023-05-25 00:00:00+00:00,447.7099213438726,451.5905652536846,444.5885058671932,447.7755432128906,2684100
2023-05-26 00:00:00+00:00,448.11298376522745,457.79589972580897,448.05674462131793,451.3562316894531,3135200
2023-05-30 00:00:00+00:00,446.819397778211,455.4337122439795,446.21012135409177,449.79083251953125,3180800
2023-05-31 00:00:00+00:00,448.16920274768046,456.8678760867814,447.2224628580078,456.7178955078125,4944100
2023-06-01 00:00:00+00:00,457.23344880147465,467.5349946493434,455.6586670607465,462.7076110839844,3376600
2023-06-02 00:00:00+00:00,461.17969678752974,469.63464759718835,459.64241740075425,468.28485107421875,3064500
2023-06-05 00:00:00+00:00,469.3347703994868,471.39693911514405,466.26023986930704,466.98199462890625,2688800
2023-06-06 00:00:00+00:00,468.5847911898771,468.5847911898771,453.3715043288658,457.0271911621094,3816600
2023-06-07 00:00:00+00:00,459.25817985218384,459.71747573457543,451.43124137007027,451.92803955078125,4381700
2023-06-08 00:00:00+00:00,454.04640696626427,461.01096316313925,452.2091665043497,459.52056884765625,2725900
2023-06-09 00:00:00+00:00,459.2956310797173,467.0100908954178,456.7085447396631,462.6982421875,3174100
2023-06-12 00:00:00+00:00,461.46088548414303,463.4762261189737,458.1051596774754,461.73272705078125,2207700
2023-06-13 00:00:00+00:00,460.12048904183035,463.673080568118,458.04893779770504,460.5329284667969,3016600
2023-06-14 00:00:00+00:00,426.16009292548245,431.77485342314327,417.76135178204345,431.0530700683594,14672400
2023-06-15 00:00:00+00:00,434.827293835922,444.2487651873894,433.8108050623034,438.4980163574219,6798100
2023-06-16 00:00:00+00:00,438.73329142000455,440.97333508487213,431.0059780602822,431.5330505371094,7699100
2023-06-20 00:00:00+00:00,429.8953614407464,442.82750827818256,429.8953614407464,441.7922058105469,4597700
2023-06-21 00:00:00+00:00,441.3781249512106,451.18546560413716,439.72159485199734,448.7195129394531,4886500
2023-06-22 00:00:00+00:00,450.06540306633224,454.77142809832776,449.89599305877175,450.8842468261719,3179000
2023-06-23 00:00:00+00:00,450.20659353003583,453.9243649222773,448.53124971005604,448.9548034667969,4862600
2023-06-26 00:00:00+00:00,450.02778422028337,453.0113880630254,445.1899766069697,450.8936767578125,2968300
2023-06-27 00:00:00+00:00,450.018425816348,454.7715003646407,449.67957702408427,454.1879577636719,3693200
2023-06-28 00:00:00+00:00,453.6231479451677,453.77374419003377,446.1123505243143,446.5547180175781,3670100
2023-06-29 00:00:00+00:00,447.1476197155073,451.5054030807004,445.2652098798848,448.42767333984375,2979300
2023-06-30 00:00:00+00:00,449.89597292936486,453.75491902760234,447.1852980364899,452.3807678222656,3970400
2023-07-03 00:00:00+00:00,449.990147317918,451.9760762178701,448.2959609669507,449.7830810546875,1915700
2023-07-05 00:00:00+00:00,448.04184246716466,449.2277700313201,442.9216846554223,443.5146484375,5053100
2023-07-06 00:00:00+00:00,441.7546455662259,444.62530980174967,439.213380156551,441.7640380859375,3913600
2023-07-07 00:00:00+00:00,437.660370842998,441.0581074617134,433.726140424496,434.4414367675781,4131600
2023-07-10 00:00:00+00:00,432.954287494113,435.8720286544934,432.1636787637454,435.824951171875,4339200
2023-07-11 00:00:00+00:00,435.18493247961163,439.0626923165905,434.0272687624655,435.67437744140625,3086800
2023-07-12 00:00:00+00:00,435.7779083143069,437.4909082816174,424.7187497339762,425.1423034667969,7287600
2023-07-13 00:00:00+00:00,425.42465119652076,428.154139895379,420.8880362968074,421.4245300292969,7276800
2023-07-14 00:00:00+00:00,435.3543887694541,456.4844538439201,433.0578461264785,451.9384460449219,11379300
2023-07-17 00:00:00+00:00,452.82315011184704,456.10797528482766,450.1783662058152,455.6185302734375,4582000
2023-07-18 00:00:00+00:00,460.55980850799006,474.7626165713556,458.83741607666013,470.60247802734375,8816400
2023-07-19 00:00:00+00:00,477.69921537192835,484.4005619563292,472.93672015415444,474.0849914550781,4956500
2023-07-20 00:00:00+00:00,476.87096008912624,478.77218397369717,471.1013684641925,474.5932312011719,2963100
2023-07-21 00:00:00+00:00,475.35563279560006,480.4005071582428,474.85679523258074,476.7486267089844,2887300
2023-07-24 00:00:00+00:00,475.61911324562084,479.80748701341764,474.9038169725994,478.77215576171875,2279000
2023-07-25 00:00:00+00:00,480.014548307225,482.3675607989271,477.45446956732127,480.8898620605469,2730600
2023-07-26 00:00:00+00:00,481.46398413332184,485.5299676535651,476.84266442072936,478.1321105957031,3697200
2023-07-27 00:00:00+00:00,478.6687071847425,480.485226219856,473.54854890130343,475.52508544921875,3028300
2023-07-28 00:00:00+00:00,475.5061601121165,477.64271380056465,468.0424115110296,473.3414001464844,2930000
2023-07-31 00:00:00+00:00,473.42613555139684,478.0192207465099,469.7177853925538,476.5979919433594,2441600
2023-08-01 00:00:00+00:00,477.6615166161608,480.05218525416154,472.94607058086973,475.06378173828125,2161200
2023-08-02 00:00:00+00:00,479.72280679927934,480.45694559327563,473.4167214412171,475.12030029296875,3220500
2023-08-03 00:00:00+00:00,473.32255068016946,476.249684161252,471.58131585310286,475.17669677734375,2442900
2023-08-04 00:00:00+00:00,480.01451607880483,480.86159477428487,472.24957537753005,473.1719665527344,2411200
2023-08-07 00:00:00+00:00,476.0049738677461,483.4028308577332,474.9790639370461,480.71099853515625,2430900
2023-08-08 00:00:00+00:00,473.4260572200082,478.29209911437556,470.6212563219374,476.1178894042969,2422600
2023-08-09 00:00:00+00:00,474.3673618531174,475.99565698716776,471.43080658975464,472.5884704589844,1916900
2023-08-10 00:00:00+00:00,474.80968291947994,481.9345828710558,473.2190441869576,473.8778991699219,2179700
2023-08-11 00:00:00+00:00,475.90149850326554,480.64517984304973,474.60263098090695,478.1415710449219,2029600
2023-08-14 00:00:00+00:00,479.2145183153869,483.30876579560794,478.36743956303354,480.8898620605469,2127200
2023-08-15 00:00:00+00:00,481.5016783074433,483.45000842423195,476.5038816707874,476.8992004394531,1817500
2023-08-16 00:00:00+00:00,478.13213852008533,480.4851510128023,473.266096046896,473.95318603515625,1454100
2023-08-17 00:00:00+00:00,466.3482524874512,471.7601811068619,462.9034388237786,464.9176025390625,3009500
2023-08-18 00:00:00+00:00,465.6894329007355,471.48725944819415,464.48469158719206,469.1342468261719,2364400
2023-08-21 00:00:00+00:00,468.2589565312182,470.83784930296076,467.04479391477946,468.4189453125,1533500
2023-08-22 00:00:00+00:00,466.29181089247516,467.5812571941845,462.442257024354,463.39288330078125,2079400
2023-08-23 00:00:00+00:00,464.014109454002,464.9553145441724,459.2421927532462,460.6634216308594,2011400
2023-08-24 00:00:00+00:00,462.5363913438541,466.29181902938626,458.5645048794916,459.4021911621094,2311100
2023-08-25 00:00:00+00:00,461.1151638472614,462.2728276083485,456.15499514007087,460.3621826171875,1923500
2023-08-28 00:00:00+00:00,461.6516426258867,464.0705464290392,460.37161758155105,462.39520263671875,1344500
2023-08-29 00:00:00+00:00,462.5740094471274,463.957581907021,459.27979204007573,463.8540344238281,2113700
2023-08-30 00:00:00+00:00,464.94581875454605,467.5058973382703,461.4633777132541,462.6304626464844,2283400
2023-08-31 00:00:00+00:00,463.41169292465446,464.7858729437166,448.286549982935,448.5594787597656,4927700
2023-09-01 00:00:00+00:00,450.83717579878595,452.3901582379848,445.5287660376892,448.23944091796875,3165900
2023-09-05 00:00:00+00:00,449.8959877454922,456.10794645902246,449.463041490185,452.540771484375,3443300
2023-09-06 00:00:00+00:00,453.74548459258426,454.7525807686786,448.3712124452982,448.8982849121094,2596100
2023-09-07 00:00:00+00:00,451.6843131451174,458.47039374438407,450.46075802773436,456.3056335449219,2928000
2023-09-08 00:00:00+00:00,453.7166980789151,456.3434330388124,452.3560842601796,454.26470947265625,1858400
2023-09-11 00:00:00+00:00,455.40798973095264,457.1654323023794,451.6474005756438,452.9513244628906,2059200
2023-09-12 00:00:00+00:00,451.0615674557605,456.9764566180419,446.0915472926876,453.442626953125,2195200
2023-09-13 00:00:00+00:00,454.8883247397088,457.3544480895621,453.0269314558377,453.385986328125,2197800
2023-09-14 00:00:00+00:00,456.0221355735305,458.5165747693012,452.384384112714,456.93865966796875,2334300
2023-09-15 00:00:00+00:00,458.96070276345563,462.81578480011905,457.44893528684344,459.8677978515625,5334300
2023-09-18 00:00:00+00:00,461.48350962268523,461.7953037308232,456.9386916665157,459.2630615234375,1997500
2023-09-19 00:00:00+00:00,457.0898357450979,458.9512288247472,450.26788042545604,454.1607360839844,3230700
2023-09-20 00:00:00+00:00,456.13553672812475,467.8141044179988,452.7245732772379,464.9984130859375,3724800
2023-09-21 00:00:00+00:00,466.94486691360555,477.2911951830059,465.89604720918567,473.51171875,4703900
2023-09-22 00:00:00+00:00,471.48966602216547,481.34464350376413,470.5731418706817,478.1982421875,4558500
2023-09-25 00:00:00+00:00,480.2391410587129,482.7713831315337,478.69899993054435,482.14776611328125,2758500
2023-09-26 00:00:00+00:00,480.8816289779098,481.3351764764862,476.573028664331,477.58404541015625,2420200
2023-09-27 00:00:00+00:00,478.32109609587974,478.4439048576956,473.4266522306845,475.95892333984375,2593700
2023-09-28 00:00:00+00:00,478.0754385350265,485.804489992538,477.1683722370857,481.9777526855469,2922000
2023-09-29 00:00:00+00:00,481.7414864031086,481.76983132093886,476.0250114030139,476.3935241699219,3006200
2023-10-02 00:00:00+00:00,477.6596393272664,486.45639652017127,475.4014173410325,486.2012634277344,3550400
2023-10-03 00:00:00+00:00,485.0012513930363,485.6437553995336,480.33359617592174,481.3824157714844,3143200
2023-10-04 00:00:00+00:00,481.40134847927897,483.60290962970424,478.68012085795704,482.46905517578125,2801700
2023-10-05 00:00:00+00:00,483.41391227154173,489.6406248601437,483.04542832599276,487.7697448730469,2790700
2023-10-06 00:00:00+00:00,487.9776178036138,496.9538735099956,487.53349937488457,495.876708984375,3647200
2023-10-09 00:00:00+00:00,492.4185779679708,497.82320179547236,491.56817266940556,497.4830627441406,2341600
2023-10-10 00:00:00+00:00,497.47360931491687,499.0232085675048,494.2421729576315,495.33819580078125,2455700
2023-10-11 00:00:00+00:00,492.2011416535943,496.61372139110784,491.5491797390089,495.23419189453125,2819300
2023-10-12 00:00:00+00:00,495.5554200104954,499.4388754554325,493.4578384983962,496.5664367675781,2377300
2023-10-13 00:00:00+00:00,503.8514163601142,514.4434190761964,502.6703300582855,509.6623840332031,5245400
2023-10-16 00:00:00+00:00,513.2339609010929,516.6355240649552,506.56318775074254,508.367919921875,3827600
2023-10-17 00:00:00+00:00,510.1725630490984,512.5252775990381,505.09862120350607,507.06396484375,2586000
2023-10-18 00:00:00+00:00,513.1017295834507,513.9899089036,505.88297300653704,506.5065612792969,2551400
2023-10-19 00:00:00+00:00,507.2246432582223,508.66086276190066,500.07197716511604,502.3207702636719,2351200
2023-10-20 00:00:00+00:00,501.7254984446766,504.96639257823205,497.72872055560913,497.9743957519531,2811100
2023-10-23 00:00:00+00:00,497.97437454516506,498.68302634894775,491.60590855884357,492.81536865234375,2357700
2023-10-24 00:00:00+00:00,494.0343014981491,501.41372772440315,493.2878755832357,496.05633544921875,1978200
2023-10-25 00:00:00+00:00,498.20111713961774,503.010468257545,491.4075064356948,500.9790344238281,2380100
2023-10-26 00:00:00+00:00,496.7177220282915,501.22470864296196,493.71304506176585,499.2310485839844,2675800
2023-10-27 00:00:00+00:00,496.99170796857453,498.64522895774286,492.5224954066119,495.7350158691406,2585600
2023-10-30 00:00:00+00:00,496.0561705635471,502.5001833568181,494.1097429439542,500.77105712890625,2555400
2023-10-31 00:00:00+00:00,505.5049332648783,507.0923063218059,502.31127131586686,506.0340576171875,2464200
2023-11-01 00:00:00+00:00,500.76161431869957,506.2891321309977,497.7569380582163,502.29229736328125,2747400
2023-11-02 00:00:00+00:00,502.6702576083618,507.24344848480894,497.89868117074775,506.57257080078125,2350900
2023-11-03 00:00:00+00:00,505.09857311396433,506.43081288363743,499.64666112462135,501.63092041015625,2739500
2023-11-06 00:00:00+00:00,502.32083044684595,506.4688201833602,500.82792092443196,504.0499572753906,2684900
2023-11-07 00:00:00+00:00,505.8451592093467,509.8986849713806,502.2168937900348,508.17901611328125,2604800
2023-11-08 00:00:00+00:00,510.2292050839548,511.5520446096682,504.69228718074856,507.13946533203125,1769200
2023-11-09 00:00:00+00:00,507.96164495138544,511.0891596109905,505.0136577416771,509.28448486328125,1819600
2023-11-10 00:00:00+00:00,512.7614577044797,512.7614577044797,506.4686560829856,511.3725280761719,2480800
2023-11-13 00:00:00+00:00,511.3158949083266,514.1505019775693,508.2544708305525,512.6575927734375,1507900
2023-11-14 00:00:00+00:00,509.3127846273866,512.7520640922302,506.9316961999931,510.6639404296875,2454000
2023-11-15 00:00:00+00:00,510.27640537868456,510.6638338983081,502.38677363477024,508.726806640625,2473700
2023-11-16 00:00:00+00:00,508.72687604284374,514.8212924247639,507.8386969054917,510.0591735839844,2360300
2023-11-17 00:00:00+00:00,510.484403311485,510.72062056621735,499.21212283608406,506.7237854003906,2676900
2023-11-20 00:00:00+00:00,504.1915805546771,506.7711123824548,502.48136981102647,505.59942626953125,2518400
2023-11-21 00:00:00+00:00,508.1222503441677,511.80720505785183,504.7396029783893,509.8419189453125,2115700
2023-11-22 00:00:00+00:00,513.0355599410458,514.3867735364985,510.47500152712786,513.7820434570312,2234500
2023-11-24 00:00:00+00:00,514.8875163930838,517.4009005171155,512.8843984966102,516.9378662109375,1135000
2023-11-27 00:00:00+00:00,516.9379023205593,520.5189934010028,511.6750317682028,513.6214599609375,2675800
2023-11-28 00:00:00+00:00,515.5488808889619,515.7284083070961,510.2954115169943,510.7300720214844,2859300
2023-11-29 00:00:00+00:00,500.7805935622956,511.9867265887024,499.5050434203704,505.48602294921875,4550000
2023-11-30 00:00:00+00:00,506.2514082652126,523.4008059704422,504.56957120943156,522.4842529296875,7121200
2023-12-01 00:00:00+00:00,521.8489689945842,525.9068319813744,516.8619940330649,518.7581787109375,3462200
2023-12-04 00:00:00+00:00,519.8010879961539,523.2236872738115,514.8520161532285,519.820068359375,2709200
2023-12-05 00:00:00+00:00,520.5974461781311,523.8494536113174,517.0421001392157,521.697265625,2645600
2023-12-06 00:00:00+00:00,519.1374768878536,523.2332430366436,518.7013335478315,521.0052490234375,2239700
2023-12-07 00:00:00+00:00,522.7306906651689,522.8824178456938,516.255261620513,519.8106079101562,2511700
2023-12-08 00:00:00+00:00,521.6592612110001,523.0908896881539,516.2741044724223,521.232666015625,2039900
2023-12-11 00:00:00+00:00,521.2232802235806,521.4508131378715,511.07868010368674,515.4588623046875,3655300
2023-12-12 00:00:00+00:00,517.4687468847624,519.0710251279755,514.4822909689117,517.3928833007812,2706100
2023-12-13 00:00:00+00:00,515.762254946648,520.9008994457555,510.6331006300593,520.51220703125,2876600
2023-12-14 00:00:00+00:00,516.0467190516218,516.6345317527574,501.9201759905948,506.5089111328125,5386800
2023-12-15 00:00:00+00:00,502.4890138556425,505.8073375320477,495.81446363578334,503.5508728027344,9030100
2023-12-18 00:00:00+00:00,501.6451623563788,503.8826465612113,497.9665591674998,499.2180480957031,3260300
2023-12-19 00:00:00+00:00,497.35975388272584,500.2324433960095,494.6956168945892,496.8382568359375,3645600
2023-12-20 00:00:00+00:00,496.65816739793985,497.58733727479165,489.09240876437747,489.1492919921875,3847800
2023-12-21 00:00:00+00:00,491.9462556164186,493.7855574356361,489.6897907701526,492.89434814453125,2491600
2023-12-22 00:00:00+00:00,492.89429863344617,495.8618325777087,491.1308605963677,493.3019714355469,1759500
2023-12-26 00:00:00+00:00,492.8942620222831,494.4111866554244,491.083373204494,493.0364990234375,1390800
2023-12-27 00:00:00+00:00,492.77107889762414,496.0040488744257,492.4013089330327,495.65325927734375,1851800
2023-12-28 00:00:00+00:00,496.2979244392244,500.469554344275,495.7954655341675,497.65374755859375,2001000
2023-12-29 00:00:00+00:00,498.6776558652615,500.82035409333866,496.72458770344247,499.1422119140625,2080100
2024-01-02 00:00:00+00:00,499.4931117518504,511.64760749629033,499.3318943517875,511.3442687988281,3415700
2024-01-03 00:00:00+00:00,514.8519947794175,518.407340718102,511.4767886829714,513.8944702148438,2891400
2024-01-04 00:00:00+00:00,516.7103989061969,520.5027688064259,514.8142139560825,517.1085815429688,2994400
2024-01-05 00:00:00+00:00,518.6064830516079,518.6064830516079,506.02527983565227,509.48583984375,2815400
2024-01-08 00:00:00+00:00,511.40104285659504,512.2068982169526,500.5927667904692,508.6705322265625,2648900
2024-01-09 00:00:00+00:00,510.073740450538,511.6001554139991,504.6980724370175,510.4245300292969,2677000
2024-01-10 00:00:00+00:00,510.16850735273937,513.1076285708738,508.31977342986016,509.732421875,2180000
2024-01-11 00:00:00+00:00,508.3009086979205,512.1216919236292,506.78398362971,511.6666259765625,2814100
2024-01-12 00:00:00+00:00,491.92713806724095,501.04778101489933,486.4945879135352,494.4396057128906,6327300
2024-01-16 00:00:00+00:00,496.52550865012034,497.2744808396763,489.73713442800704,492.20220947265625,3736700
2024-01-17 00:00:00+00:00,494.22171811301695,503.11477310007496,493.0081318584469,497.69171142578125,3791300
2024-01-18 00:00:00+00:00,479.00473380744506,490.0121016200598,471.63803733987163,489.5380554199219,7367000
2024-01-19 00:00:00+00:00,488.2675656370954,490.68518958287626,475.7717152702634,477.42138671875,6143400
2024-01-22 00:00:00+00:00,477.7816533871336,486.91178719819436,470.72784410341296,486.36187744140625,5922900
2024-01-23 00:00:00+00:00,485.8973625075181,491.18773438400973,485.4991798961168,488.7606201171875,2672900
2024-01-24 00:00:00+00:00,491.01704942652265,494.6482014496057,486.323980737693,486.58941650390625,2918800
2024-01-25 00:00:00+00:00,462.2803431134121,469.7892472179555,454.13623334034935,467.78875732421875,14671000
2024-01-26 00:00:00+00:00,467.67501927645907,477.544664661216,464.4704623257704,477.0801086425781,6212200
2024-01-29 00:00:00+00:00,476.9947308452208,480.21826799906927,475.1364779307599,478.35052490234375,4554100
2024-01-30 00:00:00+00:00,478.3505284036459,479.7821281954342,473.3066700939937,477.4687805175781,4931200
2024-01-31 00:00:00+00:00,478.3221289834691,488.2676094789959,478.3221289834691,485.17681884765625,5358100
2024-02-01 00:00:00+00:00,482.417801155494,483.7356633648155,476.8904356755136,480.8155517578125,4242600
2024-02-02 00:00:00+00:00,481.8680057206028,486.2860912412459,479.15647510034205,483.7452392578125,3804500
2024-02-05 00:00:00+00:00,483.48918577426065,487.5091171715816,474.09358674316434,476.8525390625,3646300
2024-02-06 00:00:00+00:00,477.78171143048064,484.4183585785749,476.36906293910164,484.1623840332031,2745400
2024-02-07 00:00:00+00:00,487.32897635397535,493.9561328702375,486.07748746101663,492.4297180175781,4109100
2024-02-08 00:00:00+00:00,493.6053633835405,495.0559147015748,490.4292769096254,493.0934143066406,3343000
2024-02-09 00:00:00+00:00,492.05045370078045,493.37780617596115,489.49059270834124,491.3204040527344,2715400
2024-02-12 00:00:00+00:00,491.3204207810678,492.0504704539704,486.19126630603097,490.77056884765625,3194000
2024-02-13 00:00:00+00:00,494.90424453269753,499.5783332314701,487.51862539371507,490.02154541015625,3436000
2024-02-14 00:00:00+00:00,488.51408431941735,491.61436488988477,487.5944046287641,490.10687255859375,1918500
2024-02-15 00:00:00+00:00,490.48615042628353,494.66721247224956,489.0260510872414,493.8423767089844,2292100
2024-02-16 00:00:00+00:00,495.1886694270653,496.60131790277603,491.95569967081906,494.47760009765625,2135500
2024-02-20 00:00:00+00:00,496.9995759593103,498.0993377662036,492.4486857966522,494.0130615234375,2600200
2024-02-21 00:00:00+00:00,496.4875928290287,496.50657319682574,490.6757810628005,494.8758239746094,2095900
2024-02-22 00:00:00+00:00,496.9900837096457,499.3982177482456,491.6712988478442,499.1706848144531,3186800
2024-02-23 00:00:00+00:00,499.4076973767987,502.96304405959506,496.9521124730802,499.87225341796875,2502000
2024-02-26 00:00:00+00:00,500.89612623888013,505.15305136772287,497.09426689239314,498.0518493652344,2308900
2024-02-27 00:00:00+00:00,497.52098574991976,498.3079186583797,485.47071030388616,486.76959228515625,3780600
2024-02-28 00:00:00+00:00,469.7229177858011,472.6714713672811,459.24650796416057,472.4154968261719,9558600
2024-02-29 00:00:00+00:00,472.62407114132094,475.70537150483005,466.0822392331831,467.9784240722656,6833200
2024-03-01 00:00:00+00:00,464.015413661316,464.5842459772356,452.47711596199696,464.11968994140625,7315000
2024-03-04 00:00:00+00:00,458.1562124235274,461.7589812992072,455.17921700606047,456.8573303222656,5239800
2024-03-05 00:00:00+00:00,457.3502980701625,457.8338055102446,446.1912322158829,448.58990478515625,5296200
2024-03-06 00:00:00+00:00,449.8129680181777,454.89472947824356,443.88739042006864,448.0684814453125,5577500
2024-03-07 00:00:00+00:00,449.3958230857531,456.2126101430196,449.01659189094323,453.9277038574219,5102000
2024-03-08 00:00:00+00:00,455.2888179425458,460.92366416038783,451.90030556441656,453.6136169433594,4673600
2024-03-11 00:00:00+00:00,454.0228580811877,466.6917116086643,453.07102819003217,465.58758544921875,4410100
2024-03-12 00:00:00+00:00,464.616690053257,468.5667779573773,463.8742639629586,465.7779235839844,4153800
2024-03-13 00:00:00+00:00,469.7470714320528,472.1076199891137,461.9515823991549,464.49298095703125,3669000
2024-03-14 00:00:00+00:00,465.178282506762,466.09203102366126,461.8183243194507,465.4447937011719,3378500
2024-03-15 00:00:00+00:00,463.9694621446896,467.5578501458408,463.9694621446896,467.1771240234375,5713500
2024-03-18 00:00:00+00:00,468.39550358157817,468.39550358157817,462.95103534539027,463.5887451171875,2970500
2024-03-19 00:00:00+00:00,466.0825285683147,469.670916592868,464.29308382905384,469.55670166015625,2511700
2024-03-20 00:00:00+00:00,468.74768264046827,470.77508502103234,465.8636391399945,470.42291259765625,3548200
2024-03-21 00:00:00+00:00,468.5667946283372,472.297980399216,467.6149647839595,468.0052185058594,3693400
2024-03-22 00:00:00+00:00,471.3462102386499,471.94583871660035,466.1777514530959,466.46331787109375,2847300
2024-03-25 00:00:00+00:00,466.96773576348966,467.8053506890408,460.75228793109966,462.47509765625,2786100
2024-03-26 00:00:00+00:00,464.61669523317136,469.5757204679192,461.85639456141814,468.5953369140625,3113300
2024-03-27 00:00:00+00:00,469.9184548499796,471.8506684738968,467.643567341588,469.34735107421875,2653100
2024-03-28 00:00:00+00:00,471.15577659430744,471.9838639176847,465.7303348205684,470.8702392578125,3820000
2024-04-01 00:00:00+00:00,470.65133267614567,471.8982275236239,465.1592846002114,466.1111145019531,2928700
2024-04-02 00:00:00+00:00,437.46107480265437,441.3445284305504,427.9427747810455,436.0714111328125,11867000
2024-04-03 00:00:00+00:00,439.7454136673933,440.554474891658,433.6060991952273,437.5942687988281,4460400
2024-04-04 00:00:00+00:00,438.6222624106,439.47890351289044,430.1509820923174,433.4443054199219,5182000
2024-04-05 00:00:00+00:00,428.98025750792164,435.7001748663826,428.33302009067256,433.7869873046875,5747400
2024-04-08 00:00:00+00:00,434.0058700937222,435.1766312993213,431.74051033929317,434.034423828125,4532300
2024-04-09 00:00:00+00:00,432.39732936387446,437.61336819838226,430.66499179997214,437.5752868652344,3521200
2024-04-10 00:00:00+00:00,433.54902055498525,436.64246793475905,428.1140795995262,428.3710632324219,4493500
2024-04-11 00:00:00+00:00,428.6946378954703,429.0563088198154,420.21383088522424,420.4422607421875,5844100
2024-04-12 00:00:00+00:00,419.12877214659306,420.9372431361519,415.35953389869087,418.043701171875,6045700
2024-04-15 00:00:00+00:00,420.7088236977966,426.75294948576925,420.6992961034039,424.1639709472656,5376800
2024-04-16 00:00:00+00:00,453.8039229109645,456.6403864197335,443.17199938330305,446.30352783203125,11816500
2024-04-17 00:00:00+00:00,455.54585461857266,464.49305102136,451.72900693279274,455.91705322265625,8759800
2024-04-18 00:00:00+00:00,462.7130426738536,477.81857751872127,462.56074641443746,469.4234313964844,8880400
2024-04-19 00:00:00+00:00,473.0594470090423,482.8632830845789,471.6888096677479,476.9905090332031,6618600
2024-04-22 00:00:00+00:00,473.8018875706742,475.36290255315396,467.005837173467,467.5674133300781,4697700
2024-04-23 00:00:00+00:00,467.3484776926908,470.49903231626575,461.60894459698164,462.7606506347656,3646700
2024-04-24 00:00:00+00:00,460.4762902377022,465.31157358376163,457.5541653312863,463.82672119140625,3724400
2024-04-25 00:00:00+00:00,465.4067484411355,473.1832116499287,464.04563863018865,470.0707092285156,4329700
2024-04-26 00:00:00+00:00,468.30031662256454,473.2783975185746,467.7292128659551,471.48895263671875,2727000
2024-04-29 00:00:00+00:00,471.8316056214705,473.3926206466944,464.27407366701,465.473388671875,2192100
2024-04-30 00:00:00+00:00,465.40675213909856,466.12062458307,459.34360016257426,460.400146484375,3367500
2024-05-01 00:00:00+00:00,456.1740228205074,465.6256870803828,454.08951294418455,460.7903747558594,2729200
2024-05-02 00:00:00+00:00,460.95219786988304,469.9089210072137,460.62857917901533,469.2236022949219,3561400
2024-05-03 00:00:00+00:00,467.2152330379245,469.0522869086086,462.3799496964016,468.7286682128906,2487600
2024-05-06 00:00:00+00:00,468.7572028152643,471.0320611871011,468.30031400302374,470.565673828125,2029500
2024-05-07 00:00:00+00:00,472.1076063858594,477.48543923780284,471.1938578616501,476.82867431640625,3752100
2024-05-08 00:00:00+00:00,479.88408399668845,482.5777497796283,475.9910742206522,478.9703063964844,3078900
2024-05-09 00:00:00+00:00,477.9518598142138,483.5010151167585,477.9518598142138,482.6062927246094,2342900
2024-05-10 00:00:00+00:00,484.4814101107621,488.8408072385006,482.5777503460833,488.1078796386719,2784600
2024-05-13 00:00:00+00:00,487.38448144472494,489.87827109811803,482.8728170808778,487.08941650390625,2454500
2024-05-14 00:00:00+00:00,489.7926964259245,491.30607358883896,482.8633461578328,489.12640380859375,2949700
2024-05-15 00:00:00+00:00,490.03058799404903,497.4167970767746,490.03058799404903,492.6195373535156,2981200
2024-05-16 00:00:00+00:00,494.95152736002905,502.7184334583032,494.4851400236917,496.1603698730469,3655800
2024-05-17 00:00:00+00:00,497.74998650629465,500.519786266615,494.9611315553922,499.35858154296875,2657200
2024-05-20 00:00:00+00:00,499.35853658406523,499.35853658406523,491.6582069539004,492.3149719238281,2476200
2024-05-21 00:00:00+00:00,493.3524840685082,499.44416061256226,491.06806905505846,498.3305358886719,2521900
2024-05-22 00:00:00+00:00,497.63573143832025,500.9290839134249,495.5702767549179,496.23651123046875,2299100
2024-05-23 00:00:00+00:00,493.35251300282914,495.17048266887946,490.41133285764874,491.9342956542969,3055400
2024-05-24 00:00:00+00:00,491.2489398201993,492.22935255088674,483.07272406422294,483.6914367675781,2527800
2024-05-28 00:00:00+00:00,482.24463015712485,482.24463015712485,477.7234379715105,479.4176940917969,2912800
2024-05-29 00:00:00+00:00,468.6238795801936,470.1087317422798,450.47247834858433,461.3709411621094,7521600
2024-05-30 00:00:00+00:00,459.0865913349164,462.6178720305741,454.97467931198366,458.4488525390625,5169700
2024-05-31 00:00:00+00:00,459.1722579219878,474.4015360691666,459.1722579219878,471.5079650878906,6694800
2024-06-03 00:00:00+00:00,470.3276561855036,474.65847008709443,469.3187189374731,473.47821044921875,2795100
2024-06-04 00:00:00+00:00,474.544268275336,483.7865276073601,470.76550276354953,481.14044189453125,3178400
2024-06-05 00:00:00+00:00,484.19587054036214,484.57659668204,474.7727315104638,478.8846435546875,2464400
2024-06-06 00:00:00+00:00,479.38910924641533,480.38854804058906,473.3259576090897,477.7424621582031,2419600
2024-06-07 00:00:00+00:00,477.85671192392545,478.63719039975615,466.7964526522295,467.0534362792969,3416300
2024-06-10 00:00:00+00:00,467.3484727031053,471.5270198336379,462.77017328820824,471.1557922363281,3332800
2024-06-11 00:00:00+00:00,467.21522361022033,473.80189948014083,466.6727026284448,472.3170471191406,4599700
2024-06-12 00:00:00+00:00,475.91496100927174,475.91496100927174,463.9409533711978,469.31878662109375,4048200
2024-06-13 00:00:00+00:00,466.6631356426421,477.8185825974565,461.0473453618616,473.344970703125,4951700
2024-06-14 00:00:00+00:00,472.8976367326241,473.8685218216607,468.04332747761475,473.1736755371094,3188400
2024-06-17 00:00:00+00:00,469.64655091296225,471.3575625796675,467.1326429012839,467.6392517089844,2407200
2024-06-18 00:00:00+00:00,469.05387681608914,469.96196288829094,457.89891600073065,459.8201904296875,3692700
2024-06-20 00:00:00+00:00,458.8547853826249,464.4752926956091,457.00993836485907,463.1370544433594,5258100
2024-06-21 00:00:00+00:00,463.0606282200479,466.75026415598796,459.38053112657843,461.2922668457031,6368600
2024-06-24 00:00:00+00:00,467.2855740879645,469.22601395588174,463.1180039880005,468.3561706542969,5139800
2024-06-25 00:00:00+00:00,468.9870236547216,468.9870236547216,459.3901021147514,463.11798095703125,2916100
2024-06-26 00:00:00+00:00,463.1179747359297,465.92822855715315,460.22169630843683,462.67828369140625,3153100
2024-06-27 00:00:00+00:00,463.64365035384503,467.4002328612177,460.77604704270914,464.9723205566406,2991900
2024-06-28 00:00:00+00:00,474.4640977919407,486.91905412665955,467.8112660356746,486.7852478027344,22734200
2024-07-01 00:00:00+00:00,484.38601368241274,486.4506916566181,471.13769981139154,472.82000732421875,4523100
2024-07-02 00:00:00+00:00,472.4472515510228,476.4714470204239,471.6156511911779,476.2515869140625,3312000
2024-07-03 00:00:00+00:00,475.18101691182864,476.09864187226333,465.0488119532396,468.2701110839844,2239200
2024-07-05 00:00:00+00:00,467.41932218347296,468.05976640074374,463.1179173781035,466.4730224609375,3499000
2024-07-08 00:00:00+00:00,467.60097990959656,472.0840023066919,464.714269602637,467.7443542480469,3450600
2024-07-09 00:00:00+00:00,466.77894100369645,473.5369338004358,464.6378063238472,470.3921203613281,3056800
2024-07-10 00:00:00+00:00,469.2737953811881,479.36775820534973,468.48997669181085,478.8229064941406,3189800
2024-07-11 00:00:00+00:00,475.73544716643227,486.27866853033134,475.73544716643227,482.10150146484375,3535100
2024-07-12 00:00:00+00:00,484.54857159921215,491.8609552437625,481.21257277214755,488.9551086425781,3570600
2024-07-15 00:00:00+00:00,501.10421561940706,507.4034112165306,491.12495167175075,492.62567138671875,5128000
2024-07-16 00:00:00+00:00,510.3378427712101,525.650805285406,503.86659908305177,524.6471557617188,11062000
2024-07-17 00:00:00+00:00,529.55076027775,548.2953138011353,526.9699055539367,547.9799194335938,10330800
2024-07-18 00:00:00+00:00,539.5874835215144,555.8372394468745,536.6433937594028,539.4345703125,6834800
2024-07-19 00:00:00+00:00,542.0917195927932,544.7490599705555,536.7579611543069,540.3807373046875,4290400
2024-07-22 00:00:00+00:00,538.201403599123,539.3484567350122,532.4949003018545,533.8809204101562,3377300
2024-07-23 00:00:00+00:00,534.1293765150359,534.1772165809156,528.4133054240308,530.2199096679688,2785600
2024-07-24 00:00:00+00:00,535.2860250809513,536.3661604774562,528.614085794773,535.0470581054688,3156200
2024-07-25 00:00:00+00:00,537.1977842039469,544.7395962795293,533.9287321730727,534.9801635742188,3102900
2024-07-26 00:00:00+00:00,535.2858984912835,553.5716517981388,535.2858984912835,544.576904296875,3201900
2024-07-29 00:00:00+00:00,540.7440165942087,546.1350668704899,536.968326959123,541.7380981445312,2965000
2024-07-30 00:00:00+00:00,541.8814980399055,553.8584916536744,541.0116256403298,550.8953247070312,4139100
2024-07-31 00:00:00+00:00,540.4858529629912,555.2635891094245,537.5035503051098,550.7327270507812,4713200
2024-08-01 00:00:00+00:00,551.7269806026875,561.5724086087092,542.0726795093364,547.4924926757812,3680800
2024-08-02 00:00:00+00:00,556.630551541595,565.4340572614902,549.8629907049781,563.799560546875,5094000
2024-08-05 00:00:00+00:00,556.4298471728276,560.922438212485,541.747729442056,544.8065185546875,4587400
2024-08-06 00:00:00+00:00,543.1337399186269,552.0328680527583,537.7044170531179,543.2675170898438,3216500
2024-08-07 00:00:00+00:00,541.6041747500664,546.4217852188613,532.4470043378267,541.0975952148438,4320700
2024-08-08 00:00:00+00:00,539.4631421119682,547.1865707940696,539.4631421119682,541.2506103515625,2860800
2024-08-09 00:00:00+00:00,539.6256552905061,540.9543257030914,533.0206336245703,534.1007690429688,2976700
2024-08-12 00:00:00+00:00,537.5036297160539,543.8888201111004,536.2896588472145,540.342529296875,2532400
2024-08-13 00:00:00+00:00,544.8350231960388,550.3216944816255,543.88872350385,548.8974609375,2369400
2024-08-14 00:00:00+00:00,549.8533425555152,555.4738494638403,547.9703111351711,554.0878295898438,2344400
2024-08-15 00:00:00+00:00,554.0878673120516,557.595944118773,548.1997473766057,554.030517578125,2751800
2024-08-16 00:00:00+00:00,555.2827938426822,555.9806171192708,548.7637674148972,552.185791015625,2728900
2024-08-19 00:00:00+00:00,552.5680635017852,557.5576653176072,551.60262770776,553.2371826171875,1847900
2024-08-20 00:00:00+00:00,554.2599172943065,558.0451747634133,550.1019157249219,555.024658203125,1677500
2024-08-21 00:00:00+00:00,555.8467818369733,557.6438182531998,551.94682425904,552.55859375,2844300
2024-08-22 00:00:00+00:00,553.686508621617,557.2232316958829,545.4373635668877,553.1798706054688,2282000
2024-08-23 00:00:00+00:00,555.3591891370351,559.3834135586934,552.9217379270308,558.7142944335938,2376400
2024-08-26 00:00:00+00:00,562.0981321718622,565.9598759998921,559.8900795573551,561.21875,1800000
2024-08-27 00:00:00+00:00,563.4553902409526,566.1987846286318,558.0165582141361,561.428955078125,1581900
2024-08-28 00:00:00+00:00,563.0156944474044,566.6766844065424,558.1025200211983,562.56640625,1657000
2024-08-29 00:00:00+00:00,564.6119102531862,566.4567278616364,558.5803875684386,565.462646484375,1953200
2024-08-30 00:00:00+00:00,563.962074024619,567.0782127852332,560.7025900806223,564.1532592773438,2944700
2024-09-03 00:00:00+00:00,566.3709121378271,574.151633127408,565.7017928859282,572.259033203125,3175500
2024-09-04 00:00:00+00:00,573.5207147067574,581.1103078317052,571.4942795154503,577.5162353515625,2935000
2024-09-05 00:00:00+00:00,577.5257165430896,579.2558347720311,563.6464986644091,569.2096557617188,2144800
2024-09-06 00:00:00+00:00,569.5729552769752,574.1037594253634,566.1222864363808,570.5383911132812,2926400
2024-09-09 00:00:00+00:00,571.9147735068286,573.0235543767773,549.8820345267205,567.8809814453125,3411400
2024-09-10 00:00:00+00:00,568.9421445745099,578.1088849162165,565.0613232968404,572.5935668945312,2863500
2024-09-11 00:00:00+00:00,563.1398961459014,565.3001664264089,553.4186798836175,563.7229614257812,3563600
2024-09-12 00:00:00+00:00,562.5569109902209,564.4495105873082,557.4716872331029,562.4517211914062,3395800
2024-09-13 00:00:00+00:00,564.994367227595,571.3030715012628,561.3142411166707,568.0913696289062,2241900
2024-09-16 00:00:00+00:00,570.7581360004227,574.3937003607072,563.8131219990224,565.1369018554688,2548600
2024-09-17 00:00:00+00:00,562.1344247240304,562.81545999054,552.9063734434541,554.4124145507812,3416000
2024-09-18 00:00:00+00:00,553.3571144254605,560.7050576312785,548.9925057167219,556.9927368164062,2988300
2024-09-19 00:00:00+00:00,559.9375576579415,561.0023775953467,551.1699917698618,553.5585327148438,2945700
2024-09-20 00:00:00+00:00,548.4074603764648,555.256572177747,546.4409944409391,551.572998046875,5398700
2024-09-23 00:00:00+00:00,553.0022585140234,555.82247745568,548.695202394444,550.0477294921875,2386100
2024-09-24 00:00:00+00:00,547.5632384287316,553.7888087039632,542.9396113907248,551.7551879882812,3188500
2024-09-25 00:00:00+00:00,554.3260289375156,557.4340133208425,549.7312074014762,552.82958984375,2658800
2024-09-26 00:00:00+00:00,551.572947264015,553.1077355239908,547.6495591473891,551.3906860351562,2751900
2024-09-27 00:00:00+00:00,554.1437125512816,562.8058334875446,553.0981549521266,558.143798828125,2986200
2024-09-30 00:00:00+00:00,559.7266648934166,562.5276799677054,555.1605905301374,560.8585815429688,3009700
2024-10-01 00:00:00+00:00,561.1654780000852,564.7147414509652,557.107838663885,559.5347290039062,2648400
2024-10-02 00:00:00+00:00,579.6408094681548,579.8902257270182,560.4460620571664,568.1776733398438,3667000
2024-10-03 00:00:00+00:00,566.5470285209007,569.0602783561507,560.5612714003531,568.599853515625,2645800
2024-10-04 00:00:00+00:00,568.0050784138663,571.8421079427196,564.465416331562,567.1129760742188,2462600
2024-10-07 00:00:00+00:00,564.8010765596796,568.3023890742685,559.5635692471305,559.7841796875,2591100
2024-10-08 00:00:00+00:00,564.1007946685813,565.2039638835496,555.9471083532574,557.8848266601562,2231400
2024-10-09 00:00:00+00:00,558.4412111705723,568.6477230251255,556.9543740461825,567.132080078125,2207700
2024-10-10 00:00:00+00:00,570.9307364338447,574.5471550867463,568.6093502278983,573.3480834960938,2143200
2024-10-11 00:00:00+00:00,572.1873379129615,577.0124299012986,571.9091743926418,573.6837768554688,1909700
2024-10-14 00:00:00+00:00,574.7006092973608,583.8327572483278,573.0411129548323,580.734375,2447100
2024-10-15 00:00:00+00:00,529.52925511521,546.4889178462803,520.8767351802204,533.625244140625,11939400
2024-10-16 00:00:00+00:00,534.3158997226136,552.7048451396217,532.5028894361491,548.0620727539062,5103900
2024-10-17 00:00:00+00:00,537.7404807601907,546.268233773505,535.9562176617255,542.9684448242188,5588700
2024-10-18 00:00:00+00:00,543.7549673869448,547.6879573758456,540.1001994810699,546.4025268554688,3687000
2024-10-21 00:00:00+00:00,546.4313079495777,555.6785617897942,545.5296038025289,548.1867065429688,3018000
2024-10-22 00:00:00+00:00,544.7141566835127,549.6927037022721,542.4503238300634,546.6422729492188,2593800
2024-10-23 00:00:00+00:00,548.8199606521728,550.7480774631531,537.1841632884959,541.6351318359375,2911900
2024-10-24 00:00:00+00:00,541.9707478758861,548.4073851431685,537.4814309421565,537.9610595703125,2590200
2024-10-25 00:00:00+00:00,543.093076805457,548.2155364506569,540.6469824469881,541.5582885742188,2513700
2024-10-28 00:00:00+00:00,543.179430501943,545.1747020221119,539.8795831429172,542.2105712890625,1826500
2024-10-29 00:00:00+00:00,539.8891847814041,544.551161071087,537.8171562870446,539.227294921875,2600300
2024-10-30 00:00:00+00:00,538.3832083613911,547.0740779441832,538.0954428550253,540.0235595703125,2323600
2024-10-31 00:00:00+00:00,538.0282257658597,545.2898103725973,538.0282257658597,541.500732421875,2490000
2024-11-01 00:00:00+00:00,542.095505928507,547.0932577716002,540.9252400712684,544.4360961914062,2548300
2024-11-04 00:00:00+00:00,543.6494310920925,545.4240920898832,532.7906322640359,535.044921875,2656600
2024-11-05 00:00:00+00:00,535.5342323911934,545.5680270059872,531.8123091133573,543.927734375,2608100
2024-11-06 00:00:00+00:00,579.2955390554018,580.8303274012551,566.7771837565708,572.3792724609375,6591300
2024-11-07 00:00:00+00:00,574.2978202189621,582.8831857344555,571.8613274788811,580.7824096679688,5254300
2024-11-08 00:00:00+00:00,584.1877355620946,594.547703399324,580.5425692830503,590.7202758789062,3875800
2024-11-11 00:00:00+00:00,591.7658596239486,605.0323461037261,588.9072330191773,599.775634765625,3003200
2024-11-12 00:00:00+00:00,594.3366954402991,599.0370214063887,588.77301442512,589.626708984375,2809400
2024-11-13 00:00:00+00:00,588.0247512384434,588.0343531796206,578.4897309074198,581.1852416992188,3409400
2024-11-14 00:00:00+00:00,578.892606777333,581.3099540345559,564.9929771451452,568.9835205078125,3079200
2024-11-15 00:00:00+00:00,567.8035847168505,574.5279879955723,565.9138758722155,568.1009521484375,3423900
2024-11-18 00:00:00+00:00,565.4246335194365,569.9331546050269,561.4724980695369,565.6260986328125,2577100
2024-11-19 00:00:00+00:00,558.9783786612738,562.9305725516799,553.2708446374179,553.491455078125,3198300
2024-11-20 00:00:00+00:00,558.968889876952,578.0868824653136,557.8561185272434,576.0340576171875,3928600
2024-11-21 00:00:00+00:00,575.5543515169048,579.3913805270175,572.4175615656445,573.1466064453125,2722900
2024-11-22 00:00:00+00:00,574.172954436285,576.7629604377692,564.6858872195091,566.7962646484375,3197900
2024-11-25 00:00:00+00:00,573.2329178730051,584.9934201825129,570.7676199124219,581.1467895507812,5146200
2024-11-26 00:00:00+00:00,583.4585615350434,583.6791719448034,574.4799286320879,582.067626953125,2693600
2024-11-27 00:00:00+00:00,586.1350730895588,592.2934891605468,581.9814721833069,583.593017578125,2269800
2024-11-29 00:00:00+00:00,583.9958225359595,590.6914781882969,581.9046486835576,585.3388061523438,2010800
2024-12-02 00:00:00+00:00,588.9840064064243,588.9840064064243,576.2930505413378,583.727294921875,3364900
2024-12-03 00:00:00+00:00,585.9622489152486,590.6626327085843,580.1779583287832,580.5712280273438,2329900
2024-12-04 00:00:00+00:00,586.1254541632277,597.4542813070711,582.2404149944798,585.90478515625,4147600
2024-12-05 00:00:00+00:00,580.9645347584743,584.1780229043428,550.5081191775307,555.381103515625,5943700
2024-12-06 00:00:00+00:00,558.3932498900633,558.3932498900633,521.9702785054657,527.2269897460938,13003600
2024-12-09 00:00:00+00:00,531.5409832210477,542.1140078842855,524.4537842169498,539.8414916992188,7684700
2024-12-10 00:00:00+00:00,541.1702957417291,546.7071804401542,536.3845297003805,544.2420654296875,5360600
2024-12-11 00:00:00+00:00,535.0653490679855,537.4149168272925,512.9274450541114,513.755615234375,10363000
2024-12-12 00:00:00+00:00,511.8296932584886,514.2081183288656,495.13234760095565,496.6441650390625,9403800
2024-12-13 00:00:00+00:00,496.52859864755936,507.97792791521283,491.7909380642051,501.1891784667969,8202900
2024-12-16 00:00:00+00:00,498.80109554738436,502.3639722701756,477.69351502196486,480.0238342285156,8880000
2024-12-17 00:00:00+00:00,468.9500895030202,477.2313495275996,458.1844661643123,467.5249328613281,14132700
2024-12-18 00:00:00+00:00,470.32704754965835,487.7658421006399,467.9871190073787,481.1986083984375,10147600
2024-12-19 00:00:00+00:00,481.6030921786186,484.98297942985243,468.21825084798365,471.11669921875,7418100
2024-12-20 00:00:00+00:00,471.155186652894,484.01039421420205,470.6159445886036,481.5934143066406,10956900
2024-12-23 00:00:00+00:00,482.2000998679191,489.92284015850703,480.5534572648544,487.5732727050781,4286000
2024-12-24 00:00:00+00:00,485.7051592996193,487.3421630859375,482.03637362650187,487.3421630859375,1824400
2024-12-26 00:00:00+00:00,486.90886600636674,493.2353368759865,486.0229808270205,492.20501708984375,3387000
2024-12-27 00:00:00+00:00,490.5391611832918,494.15978270931504,488.9791792528094,491.0880126953125,3471800
2024-12-30 00:00:00+00:00,488.07399380814104,490.8376463243684,482.1038049746117,488.9791564941406,5408600
2024-12-31 00:00:00+00:00,490.47169117328554,492.0605304530279,484.6844336521479,487.11102294921875,4214000
2025-01-02 00:00:00+00:00,489.17173512550124,493.12938997936783,484.6363125024563,485.81109619140625,4234900
2025-01-03 00:00:00+00:00,487.5829280145234,497.1544902868293,486.64887838547804,493.9864501953125,3019500
2025-01-06 00:00:00+00:00,493.98644077705137,501.0158657040778,490.9243096589105,494.631591796875,4444800
2025-01-07 00:00:00+00:00,499.6196091653916,500.245541436729,492.27242791902967,495.19012451171875,3914500
2025-01-08 00:00:00+00:00,495.4308851819511,505.22393403610863,490.6258409081597,505.07952880859375,4141700
2025-01-10 00:00:00+00:00,507.12084076738216,515.6043081166209,499.2536080478571,501.391357421875,5467500
2025-01-13 00:00:00+00:00,515.2094875580235,527.1114265282164,513.3799436005152,521.0834350585938,6472500
2025-01-14 00:00:00+00:00,519.6487802661219,524.3671345290759,516.663641424183,523.587158203125,3978300
2025-01-15 00:00:00+00:00,517.1931649977068,526.0425536870702,514.5258708874359,523.2789306640625,4103900
2025-01-16 00:00:00+00:00,510.69337780488144,519.8316950698609,491.09764244400503,491.665771484375,9059900
2025-01-17 00:00:00+00:00,486.87991465670854,502.4794966292706,484.16442686230533,490.8664855957031,7495700
2025-01-21 00:00:00+00:00,494.9974855034203,505.54165170792413,493.81309244105773,505.5320129394531,5682100
2025-01-22 00:00:00+00:00,502.3254049808018,505.0023965352685,496.87521050858874,500.4573059082031,3756100
2025-01-23 00:00:00+00:00,508.30531524681885,511.781502109372,500.0722194454623,510.1349182128906,4580800
2025-01-24 00:00:00+00:00,508.53637139972756,514.814736069674,505.06982357374477,512.7733154296875,3671200
2025-01-27 00:00:00+00:00,519.9663508160264,531.4541744044176,519.9663508160264,523.3751831054688,4263000
2025-01-28 00:00:00+00:00,522.8841638583613,526.2448028756102,517.9057985565764,522.373779296875,3162700
2025-01-29 00:00:00+00:00,521.651592266767,523.3367312093762,514.217750399545,518.1561279296875,2737600
2025-01-30 00:00:00+00:00,519.4753559405915,526.8322053380022,515.1710577439311,525.3493041992188,2924700
2025-01-31 00:00:00+00:00,523.1056252408995,528.8061929776316,521.3434349544825,522.3834228515625,4120500
2025-02-03 00:00:00+00:00,521.9116683726033,533.38021810348,521.016144333874,527.8626098632812,4083600
2025-02-04 00:00:00+00:00,524.9930915127583,528.4692788341057,521.4398528003059,525.2338256835938,2869900
2025-02-05 00:00:00+00:00,511.0591947480825,520.6597008044364,502.5660890132109,519.8026733398438,4621600
2025-02-06 00:00:00+00:00,517.9539231423549,519.1190386815173,505.80166933028727,510.39483642578125,3926800
2025-02-07 00:00:00+00:00,509.5860463863106,512.6578164063063,505.9172603926593,507.4964904785156,3349100
2025-02-10 00:00:00+00:00,508.11269058099225,514.3621391125266,503.9817141210747,513.6014404296875,3143100
2025-02-11 00:00:00+00:00,515.171030362682,527.2462329815083,508.69048648902475,514.1310424804688,2631900
2025-02-12 00:00:00+00:00,519.8411718285312,522.2485127349761,506.032697302027,507.8526611328125,3859200
2025-02-13 00:00:00+00:00,511.22299258036804,514.5258576012859,507.56378699639833,511.4925842285156,2835100
2025-02-14 00:00:00+00:00,509.39344596387537,513.4377913159169,503.5291363874675,504.10693359375,3705300
2025-02-18 00:00:00+00:00,492.0027458977706,496.87520192229107,478.579409603447,482.1711730957031,8759300
2025-02-19 00:00:00+00:00,482.74895574852115,492.8886761939209,479.686824647971,492.0990905761719,4380300
2025-02-20 00:00:00+00:00,486.46590759141816,489.5858125426951,481.69936001675325,483.798583984375,4144300
2025-02-21 00:00:00+00:00,423.25877280218174,452.2913349403988,422.2477011219374,449.1329040527344,19864900
2025-02-24 00:00:00+00:00,449.38324613622353,450.6543295029646,440.0620268864419,444.41448974609375,6919300
2025-02-25 00:00:00+00:00,443.6922702902772,453.31202655341684,433.38886668098314,452.94610595703125,9101000
2025-02-26 00:00:00+00:00,447.4284863262991,455.51714790732444,441.2175628741247,446.40777587890625,5108400
2025-02-27 00:00:00+00:00,448.89213943263456,457.7800248825658,447.7847389033032,451.19354248046875,4216800
2025-02-28 00:00:00+00:00,449.69135673883926,458.7044284985819,447.26476727732944,457.3563232421875,6146300
2025-03-03 00:00:00+00:00,456.78817352513516,459.5806834411173,447.9676718379135,449.7394714355469,5700200
2025-03-04 00:00:00+00:00,452.33942973324366,461.44880097341695,449.17136035798563,457.019287109375,5864100
2025-03-05 00:00:00+00:00,453.61053989730243,461.3236418880475,453.55276605366333,458.33856201171875,3637100
2025-03-06 00:00:00+00:00,458.35778487635383,470.0285708314511,454.5060387849559,469.6434020996094,4964000
2025-03-07 00:00:00+00:00,465.89758014784377,481.3912551670068,465.454637561073,475.18994140625,5434100
2025-03-10 00:00:00+00:00,476.0602870797816,481.44677300726056,461.9703344375419,464.39764404296875,5108900
2025-03-11 00:00:00+00:00,466.60247687526225,470.7317772897896,461.4190935777406,470.0258483886719,4101000
2025-03-12 00:00:00+00:00,467.2214137194421,471.5344564185333,463.0437429240133,465.2582702636719,3680800
2025-03-13 00:00:00+00:00,463.6529799169653,468.1110743818843,459.34958776361196,465.6547546386719,2876600
2025-03-14 00:00:00+00:00,465.1518951656696,473.3234943180056,462.48282287220553,472.5498352050781,3915900
2025-03-17 00:00:00+00:00,471.4474397141455,484.11579487935984,469.938841243905,482.57818603515625,5152300
2025-03-18 00:00:00+00:00,485.6921155742612,489.2992296278823,481.4177628899318,487.2007141113281,3617600
2025-03-19 00:00:00+00:00,488.39985519031916,489.66669070253965,483.58392654423744,486.6204833984375,3317600
2025-03-20 00:00:00+00:00,488.60290091282957,497.44176815006324,486.92024029714304,494.45355224609375,4965400
2025-03-21 00:00:00+00:00,494.8210376368545,501.8998636052843,488.4481700778051,499.8206787109375,10244900
2025-03-24 00:00:00+00:00,498.109102651448,501.1746406075107,494.27955592893215,499.4822998046875,3840900
2025-03-25 00:00:00+00:00,501.2036338483094,501.8998828107865,494.6760047042984,496.5133972167969,3015100
2025-03-26 00:00:00+00:00,498.2250654991596,505.7197164427369,495.9524585082278,501.126220703125,3253800
2025-03-27 00:00:00+00:00,499.27916241077554,503.91137839950665,496.04924238866363,498.7279357910156,2822200
2025-03-28 00:00:00+00:00,499.84005354497594,503.8146222326559,498.0800122057926,499.0373840332031,2379100
2025-03-31 00:00:00+00:00,502.07394389902424,510.71938930821733,501.5034163934412,506.4933776855469,5238700
2025-04-01 00:00:00+00:00,508.4177957091673,510.76772446246486,503.7856389103821,505.8841247558594,2962500
2025-04-02 00:00:00+00:00,505.7197543821834,507.70219878212004,499.7723621582153,505.9615173339844,2378900
2025-04-03 00:00:00+00:00,512.5277806416825,530.4279191341781,511.850832568129,522.6334838867188,6457900
2025-04-04 00:00:00+00:00,522.8269760982517,533.5612290449817,507.54756721920523,507.7506103515625,9919000
2025-04-07 00:00:00+00:00,496.48434586876306,511.763750292398,486.99754193276584,507.4120178222656,7356700
2025-04-08 00:00:00+00:00,562.9884967836524,565.73494970483,529.4221685543281,534.8569946289062,11762300
2025-04-09 00:00:00+00:00,541.6843966609358,569.9803411064214,536.1915496491932,559.439453125,12691900
2025-04-10 00:00:00+00:00,561.1221262689903,582.0491413599677,560.890043281153,574.8156127929688,8646000
2025-04-11 00:00:00+00:00,569.5161213212456,586.3815068311443,567.2049124109151,579.718505859375,6121500
2025-04-14 00:00:00+00:00,575.3957387467406,576.0049860155808,560.2033358918093,567.7173461914062,4839300
2025-04-15 00:00:00+00:00,572.7267175736165,573.3262849352159,562.8337970830722,564.3617553710938,3871300
2025-04-16 00:00:00+00:00,566.034840957079,575.2121542998352,563.7526125753097,565.7640380859375,4192100
2025-04-17 00:00:00+00:00,466.07063684565765,473.65231957938204,432.36887498790867,439.14788818359375,29120200
2025-04-21 00:00:00+00:00,434.9411973671603,438.5579614087838,410.8132447968408,411.31610107421875,13029900
2025-04-22 00:00:00+00:00,410.64887335358304,417.2828342585003,403.37662523381647,413.10516357421875,10156900
2025-04-23 00:00:00+00:00,412.9988362792285,424.390705770843,409.78821708840366,413.8594970703125,8345700
2025-04-24 00:00:00+00:00,413.48234759303637,415.7355653147137,409.6914915298636,410.271728515625,7629100
2025-04-25 00:00:00+00:00,409.60443568669035,409.60443568669035,398.44465026052194,404.8465576171875,9263800
2025-04-28 00:00:00+00:00,405.92001072111583,410.14602254915627,401.85838117946736,406.1617736816406,6614300
2025-04-29 00:00:00+00:00,407.31251222308106,407.8540588198841,395.62086058697855,395.74658203125,9909100
2025-04-30 00:00:00+00:00,395.5531907175539,399.64383039534243,387.78776605900015,397.8837890625,9192800
2025-05-01 00:00:00+00:00,397.76774715672656,398.41565532569706,386.6853124556182,387.4783020019531,9316800
2025-05-02 00:00:00+00:00,386.7820385097342,388.7548324902311,380.15772762583055,386.7433776855469,11392900
2025-05-05 00:00:00+00:00,385.96967192185645,396.20109549134116,384.49008399313675,391.4721984863281,8157200
2025-05-06 00:00:00+00:00,389.5284033078648,391.38515551119264,380.4574833766645,381.5115661621094,7858600
2025-05-07 00:00:00+00:00,382.3238919514976,382.4882742122106,372.99184903546416,378.17523193359375,8517200
2025-05-08 00:00:00+00:00,377.15019398114663,378.0398946035448,372.6727395204123,372.8468017578125,7218300
2025-05-09 00:00:00+00:00,372.96287154920515,373.8138523221996,366.06778766228564,368.0986022949219,8381100
2025-05-12 00:00:00+00:00,368.4467099029239,374.45209289544044,364.4237711562354,366.2708435058594,11004800
2025-05-13 00:00:00+00:00,324.6779411270291,330.731694451795,298.91569816864296,301.1205749511719,59478300
2025-05-14 00:00:00+00:00,310.8588118074472,312.299709540449,296.9912630742187,297.86163330078125,40029600
2025-05-15 00:00:00+00:00,265.84250505515826,267.53484552142146,240.67983057540926,265.3106384277344,121849200
2025-05-16 00:00:00+00:00,270.0878952104499,284.7870643040033,260.27232571627866,282.2920837402344,71094300
2025-05-19 00:00:00+00:00,294.7283542676769,305.8688094304866,287.4561356569032,305.48199462890625,62524700
2025-05-20 00:00:00+00:00,310.34626886892585,313.943702655314,302.28103108828424,310.9844970703125,41487000
2025-05-21 00:00:00+00:00,291.0826022313145,299.7473784064457,290.18325110798406,292.99737548828125,45506900
2025-05-22 00:00:00+00:00,284.2068306806532,295.59869822161363,282.8626146877938,286.8952331542969,27159600
2025-05-23 00:00:00+00:00,286.3440487333716,289.8254411747657,282.0310058956864,285.8315124511719,16873600
2025-05-27 00:00:00+00:00,289.63200642213985,290.0671915254351,279.60368424391345,285.2802734375,20144600
2025-05-28 00:00:00+00:00,284.3132122662428,293.7709771264531,283.6169338312301,288.28778076171875,16114200
2025-05-29 00:00:00+00:00,287.0209699221844,293.3841874589347,285.28028844160985,288.3458557128906,16221100
2025-05-30 00:00:00+00:00,288.1524294683198,295.56972984823045,286.0926043877836,291.9626159667969,16309300
2025-06-02 00:00:00+00:00,293.13273442398184,303.21907753009026,291.05357897391764,294.6800231933594,19074400
2025-06-03 00:00:00+00:00,293.1133805485914,295.6470513184869,290.1251942924269,291.2953186035156,12805700
2025-06-04 00:00:00+00:00,293.53888869966147,297.50380667227756,290.30893948148366,290.4830017089844,11255600
2025-06-05 00:00:00+00:00,290.48304459005874,292.4558386625198,284.41961049501236,286.0926208496094,13529000
2025-06-06 00:00:00+00:00,287.43680064656314,294.36089467874035,287.3594199802387,293.22943115234375,12589000
2025-06-09 00:00:00+00:00,294.9895219006205,297.27175023476826,291.2180253666836,293.2004699707031,12170300
2025-06-10 00:00:00+00:00,293.79029009707625,295.06680540416954,290.68606245161885,293.7806396484375,11384100
2025-06-11 00:00:00+00:00,292.7072332558053,301.3139884179278,292.2720776508007,300.3276062011719,14711400
2025-06-12 00:00:00+00:00,301.13990813862165,308.2960851646059,298.3451439358376,308.0059814453125,15957200
2025-06-13 00:00:00+00:00,305.49164550124414,306.9615830661931,301.63311841740847,303.1997375488281,13762400
2025-06-16 00:00:00+00:00,304.8359040899367,305.09885087932014,296.84005690853286,299.63519287109375,14240100
2025-06-17 00:00:00+00:00,299.4307449142121,301.8655370188273,297.55106282104583,300.8136901855469,11593900
2025-06-18 00:00:00+00:00,299.52807241319425,303.65749947621657,298.24252494378794,299.1872253417969,12205600
2025-06-20 00:00:00+00:00,301.427194343239,301.51484327258163,293.7235103008663,294.132568359375,16177900
2025-06-23 00:00:00+00:00,294.02545989331065,294.5805995721258,287.81186629372377,292.8372802734375,12274700
2025-06-24 00:00:00+00:00,293.587161024348,297.8431716668827,291.5224329360897,297.64837646484375,8781400
2025-06-25 00:00:00+00:00,296.44076227488523,296.44076227488523,291.9802072595582,294.1423034667969,8722100
2025-06-26 00:00:00+00:00,294.6780006210415,298.7100005442105,293.431388359581,294.7266845703125,6532700
2025-06-27 00:00:00+00:00,295.0480628350502,302.35243775532797,294.3176253430224,301.04736328125,15304400
2025-06-30 00:00:00+00:00,300.94026040062283,304.2321036031761,298.3496384111671,303.8327941894531,10074100
2025-07-01 00:00:00+00:00,303.83279640669696,318.0324889235734,302.9659962707237,317.6332092285156,17865500
2025-07-02 00:00:00+00:00,312.37402596950074,314.01022857787615,298.4372806770748,299.5378112792969,18177200
2025-07-03 00:00:00+00:00,301.75831385302916,304.10545641065,300.19032240338504,300.501953125,6161100
2025-07-07 00:00:00+00:00,299.9663495736371,300.5604245061098,293.34372777038345,295.7882385253906,9031200
2025-07-08 00:00:00+00:00,296.2946718683778,300.2584900286108,295.8758651222612,299.6741638183594,9613800
2025-07-09 00:00:00+00:00,295.2818202555604,295.6811296875477,290.9576275306009,295.0091247558594,12816700
2025-07-10 00:00:00+00:00,295.1552075109834,296.97642707577035,288.86371363583373,291.69781494140625,11355600
2025-07-11 00:00:00+00:00,292.194493820114,296.1875584556225,290.22719267690536,296.1680908203125,9808200
2025-07-14 00:00:00+00:00,293.7722472083478,296.10964134048334,291.20109285789346,292.7398681640625,10681400
2025-07-15 00:00:00+00:00,291.8925602577717,292.8372606275845,283.43897059647327,284.1012268066406,16019000
2025-07-16 00:00:00+00:00,284.9193640300553,288.2696403888461,283.1663255797599,284.8609313964844,9714000
2025-07-17 00:00:00+00:00,284.7050786426184,285.3576159613911,276.42678602940396,280.55621337890625,14792700
2025-07-18 00:00:00+00:00,280.3809012411879,280.5561991191431,273.48555415915195,275.2775573730469,14979700
2025-07-21 00:00:00+00:00,277.215675643485,279.0271465168168,273.8653996740732,274.7808837890625,10319200
2025-07-22 00:00:00+00:00,275.25807936420296,279.62120712174084,274.6445070929045,277.69287109375,14600300
2025-07-23 00:00:00+00:00,280.0010691219835,285.0070155458623,277.51759326709913,284.8804016113281,13111100
2025-07-24 00:00:00+00:00,275.7158435252399,281.6664607234498,270.9631249322917,271.313720703125,22585200
2025-07-25 00:00:00+00:00,273.670601797612,278.6765480683822,272.63825243902,273.7290344238281,16486600
2025-07-28 00:00:00+00:00,276.1053928992219,277.5662679939268,272.3947725363979,274.7613830566406,15779400
2025-07-29 00:00:00+00:00,258.7696760351364,265.7916070375065,253.75398131186483,254.26043701171875,41706000
2025-07-30 00:00:00+00:00,257.89312267743446,259.67540683003745,251.38736644618226,259.1007995605469,22371800
2025-07-31 00:00:00+00:00,254.5818298110454,254.5818298110454,241.28787225857226,243.0506591796875,29606900
2025-08-01 00:00:00+00:00,244.07326304181245,244.9303144871565,228.48086213583068,231.56817626953125,39989200
2025-08-04 00:00:00+00:00,232.0259204957428,235.93132112191168,230.7695596277883,234.69444274902344,17427900
2025-08-05 00:00:00+00:00,234.8697576119316,245.49519249646224,233.78870946819526,244.45309448242188,23795900
2025-08-06 00:00:00+00:00,244.1024987949809,246.55677321797688,238.9115206242556,239.3692626953125,12946400
2025-08-07 00:00:00+00:00,239.99254694214704,242.26177459400063,233.25304528749007,238.28819274902344,11369900
2025-08-08 00:00:00+00:00,238.40506465525084,244.53100907684876,237.9960214207692,244.34596252441406,10185700
2025-08-11 00:00:00+00:00,247.24821322025645,251.66005442092327,245.56334159013227,245.78733825683594,11779500
2025-08-12 00:00:00+00:00,247.39434654614095,256.0232498786726,247.05346972616604,254.74742126464844,12171800
2025-08-13 00:00:00+00:00,257.49386083864647,265.09039951268255,256.032985730441,264.7203063964844,19480300
2025-08-14 00:00:00+00:00,265.0027655882266,266.70711997770417,260.03578399457564,264.4086608886719,25011100
2025-08-15 00:00:00+00:00,293.84038766362346,302.2063282205861,287.022971032091,296.0804138183594,68198500
2025-08-18 00:00:00+00:00,305.01121401712896,308.14722686734973,299.40147423729877,300.44354248046875,39600500
2025-08-19 00:00:00+00:00,300.8428683153138,302.40114100878935,291.4056129379895,296.3044128417969,22348600
2025-08-20 00:00:00+00:00,298.4080870764875,299.18723831157894,287.98719565577204,292.0191955566406,16679000
2025-08-21 00:00:00+00:00,294.4053032087613,298.5736657173911,290.0323967827259,295.4376525878906,13359000
2025-08-22 00:00:00+00:00,298.11591206231475,302.5764375343802,296.63553963540966,299.4014892578125,14930000
2025-08-25 00:00:00+00:00,300.4435869326935,300.81368007561,294.8338463228724,296.90826416015625,8917100
2025-08-26 00:00:00+00:00,296.37258198469374,300.90128859430416,286.52629863380554,292.5937805175781,16303200
2025-08-27 00:00:00+00:00,292.70094852414064,297.9893093462997,292.66198353207716,295.9538269042969,9982800
2025-08-28 00:00:00+00:00,296.3141110404092,296.52837387078046,291.59060981738935,294.4052429199219,11235000
2025-08-29 00:00:00+00:00,294.41501048718345,301.91418106683005,293.0612817111696,301.7875671386719,12065400
2025-09-02 00:00:00+00:00,300.2682736972622,304.7288290991673,299.2846082594135,300.7454833984375,10957100
2025-09-03 00:00:00+00:00,300.07346913056483,301.51487658937236,295.7785225103111,299.8494873046875,9654600
2025-09-04 00:00:00+00:00,298.1159390341489,303.7743932759974,296.16810543016436,302.2843017578125,7725700
2025-09-05 00:00:00+00:00,302.3427351827427,309.6471112168801,300.16117105145327,307.16363525390625,14126700
2025-09-08 00:00:00+00:00,311.3709271996748,313.26032814145043,305.61507543023447,311.8968505859375,18438600
2025-09-09 00:00:00+00:00,323.8273141699113,342.5362463146478,318.6266023750954,338.8451232910156,46408900
2025-09-10 00:00:00+00:00,336.54665319825267,339.4781519824642,332.49515615094765,337.7348327636719,17804300
2025-09-11 00:00:00+00:00,339.89694627435426,351.5644796571226,336.81936577301684,344.3866882324219,18943500
2025-09-12 00:00:00+00:00,346.6169614598537,352.8597713233265,343.2666855000246,343.3153991699219,14016200
2025-09-15 00:00:00+00:00,344.2562617205344,344.6972712574788,335.7003177947291,340.9534606933594,11035900
2025-09-16 00:00:00+00:00,340.57119910514825,342.0805014268064,331.5742462609258,333.005126953125,12695800
2025-09-17 00:00:00+00:00,330.9568224057415,336.1609442520178,330.9568224057415,334.79864501953125,8467700
2025-09-18 00:00:00+00:00,336.6803662104043,338.05244567780335,327.45798828050584,328.14404296875,11255600
2025-09-19 00:00:00+00:00,329.7905316198508,334.16159537316497,327.18356573028825,329.97674560546875,13656800
2025-09-22 00:00:00+00:00,327.7911982671105,335.6513067387905,325.9682991379935,334.49481201171875,8903700
2025-09-23 00:00:00+00:00,334.2008052062361,345.66753101419107,333.1815333788629,340.7574157714844,12504100
2025-09-24 00:00:00+00:00,343.2174040946968,347.4316547985749,340.904444380264,344.7952880859375,9016300
2025-09-25 00:00:00+00:00,341.9432916493518,343.2075787683629,336.7489800892123,338.6698913574219,8104900
2025-09-26 00:00:00+00:00,340.99260101141846,342.9919337348455,334.49479209209557,337.2193603515625,6774700
2025-09-29 00:00:00+00:00,337.1214299699541,338.6601031752857,334.641876568426,338.2974853515625,6878900
2025-09-30 00:00:00+00:00,336.8959869118207,342.3549341542898,335.50428705679644,338.4150695800781,7429700
2025-10-01 00:00:00+00:00,337.042992446128,341.74730347810174,334.8182646079004,341.3552551269531,8825500
2025-10-02 00:00:00+00:00,340.36542025529764,348.00007452066336,337.77804465223784,346.6672058105469,8564200
2025-10-03 00:00:00+00:00,350.12681328377096,360.6624696666976,349.49955984972655,353.01800537109375,13494800
2025-10-06 00:00:00+00:00,353.8314330983794,355.2917144647868,349.98958069389806,351.6164855957031,7181700
2025-10-07 00:00:00+00:00,352.24373721828493,357.4478588776738,350.9206488503359,356.40899658203125,7236200
2025-10-08 00:00:00+00:00,359.613786634634,367.16026853084173,358.50631288504906,362.544189453125,9438300
2025-10-09 00:00:00+00:00,365.0923241938757,368.71856196916235,358.7807287668154,360.358642578125,8759800
2025-10-10 00:00:00+00:00,362.03454422093245,362.03454422093245,345.4813287153903,347.431640625,13141900
2025-10-13 00:00:00+00:00,347.66681487456884,351.9986974714758,346.27514506247866,351.5086669921875,5659400
2025-10-14 00:00:00+00:00,347.8726721794402,355.1054974076654,346.35355964789164,352.75335693359375,5974800
2025-10-15 00:00:00+00:00,352.2241485667839,356.95783019026874,348.7547241397475,353.94903564453125,6579600
2025-10-16 00:00:00+00:00,354.62527889422057,354.7820922478407,347.3336224508748,349.5583801269531,5872100
2025-10-17 00:00:00+00:00,344.0014287463771,351.2440942663747,343.83480520778255,349.4897766113281,8608400
2025-10-20 00:00:00+00:00,351.3911117321571,358.2809400014152,350.3816500053927,357.2126770019531,5996500
2025-10-21 00:00:00+00:00,357.85947450501646,363.6516084782733,354.29203824215006,358.0848693847656,6885300
2025-10-22 00:00:00+00:00,356.7030090541339,356.7422198704229,350.8618536088225,354.2822570800781,7833000
2025-10-23 00:00:00+00:00,348.4901083853841,355.0565296362527,346.5888173917132,353.2630310058594,5756700
2025-10-24 00:00:00+00:00,354.1646514889598,358.1339166267961,352.8513732909411,355.2721252441406,5462100
2025-10-27 00:00:00+00:00,356.252207496177,358.9179748669274,354.1940732179572,358.6827697753906,7766400
2025-10-28 00:00:00+00:00,373.0896257903608,373.4032524981995,351.4792920385495,360.5056457519531,18858700
2025-10-29 00:00:00+00:00,357.01665396858556,358.8493634281032,346.8240245772966,348.176513671875,11874900
2025-10-30 00:00:00+00:00,340.5908266262187,347.47087476925253,336.7490038190758,337.8760681152344,11441900
2025-10-31 00:00:00+00:00,337.52325394705144,339.37555385884514,330.39819066392744,334.7496643066406,8390800
2025-11-03 00:00:00+00:00,332.36810487769543,333.9068078868114,320.08794125774733,327.13458251953125,11181400
2025-11-04 00:00:00+00:00,321.09740415229965,329.79054081416064,320.6759850821896,324.23358154296875,9646600
2025-11-05 00:00:00+00:00,319.7939098851405,323.62595219451543,317.7553960532753,321.2052001953125,9697100
2025-11-06 00:00:00+00:00,322.3617025788201,325.7428953487219,315.0406451379028,315.1484375,7922100
2025-11-07 00:00:00+00:00,313.2863092733651,318.0787921089143,307.8959736628304,317.7455749511719,9402900
2025-11-10 00:00:00+00:00,313.60970588621075,317.78477526476075,310.8459566317771,315.1679992675781,9283800
2025-11-11 00:00:00+00:00,316.8537429984404,321.3228192405015,313.5019507714403,320.9210205078125,7157800
2025-11-12 00:00:00+00:00,321.90106605587704,336.3275660077218,320.5583572844828,332.29949951171875,10403300
2025-11-13 00:00:00+00:00,331.6036653013031,332.2700996432553,324.6844366173477,325.889892578125,7788700
2025-11-14 00:00:00+00:00,320.4309810489659,321.6658376676509,314.09976495778756,315.44244384765625,8676500
2025-11-17 00:00:00+00:00,314.2075720220705,321.34241512007077,313.06088745762,314.129150390625,6485400
2025-11-18 00:00:00+00:00,310.6891774544803,311.1693978203648,302.61345368940135,307.3275451660156,9182100
2025-11-19 00:00:00+00:00,307.67055482846513,308.7192273184903,298.4579870426836,302.92706298828125,8181100
2025-11-20 00:00:00+00:00,304.61276124553154,308.4742040318584,303.8189142172394,305.3282165527344,7337600
2025-11-21 00:00:00+00:00,305.69085891391086,317.3829805678444,305.23022900412775,313.59014892578125,8406300
2025-11-24 00:00:00+00:00,318.0592220645265,319.35290987224755,311.2869963920142,312.6884765625,10773800
2025-11-25 00:00:00+00:00,314.71720383448,321.4600287348608,314.5015892042089,319.7743225097656,6149100
2025-11-26 00:00:00+00:00,320.078109327525,328.50663967041567,319.3920845924249,323.1358947753906,5504200
2025-11-28 00:00:00+00:00,325.05684195811017,325.43905019177237,322.33227360022175,323.1947021484375,2464500
2025-12-01 00:00:00+00:00,320.6367866787963,323.478957830369,316.58912963096105,316.7655334472656,6154600
2025-12-02 00:00:00+00:00,316.92234613997925,322.1460884369951,316.3637041471038,318.06903076171875,7978100
2025-12-03 00:00:00+00:00,319.4999244045137,334.60266981898377,318.52967346879586,332.9365539550781,9770000
2025-12-04 00:00:00+00:00,332.63270997198805,334.4556390535126,322.16566527513515,326.8405456542969,8061600
2025-12-05 00:00:00+00:00,328.32042700446425,329.016261922974,321.95984084027083,324.3119812011719,5906000
2025-12-08 00:00:00+00:00,324.3120056919803,324.7066598386667,318.5203424234218,319.2998046875,4782800
2025-12-09 00:00:00+00:00,318.8459617269979,322.00322508793437,318.1750466501944,319.28009033203125,4628400
2025-12-10 00:00:00+00:00,318.44144868860934,324.341629514822,315.33350563746524,323.9864196777344,5910500
2025-12-11 00:00:00+00:00,325.9596900029746,334.72115043100086,324.3711973012736,332.23480224609375,7513200
2025-12-12 00:00:00+00:00,332.9945516695081,340.3747084246943,332.8662822838281,337.276611328125,7979000
2025-12-15 00:00:00+00:00,336.4379310634787,340.35493459808333,332.50120535931967,336.5464782714844,6447200
2025-12-16 00:00:00+00:00,335.875584402924,336.43795231748607,326.61092153589937,329.7386169433594,6334000
2025-12-17 00:00:00+00:00,329.15646010386473,331.04096617925336,326.0682693196749,327.2029113769531,4685600
2025-12-18 00:00:00+00:00,324.5389537288393,325.77226689940477,320.2371718427956,323.759521484375,6354900
2025-12-19 00:00:00+00:00,323.6805434123363,330.1332457701224,321.71711865698285,323.0491027832031,10553000
2025-12-22 00:00:00+00:00,318.58943517385893,325.3973174895482,317.3561220691985,320.81927490234375,7872400
2025-12-23 00:00:00+00:00,319.6747419864576,323.42400160765817,319.4379555165406,320.46405029296875,4463300
2025-12-24 00:00:00+00:00,320.8587369294642,324.59812043868055,319.8030137263066,323.2069396972656,2842700
2025-12-26 00:00:00+00:00,322.8320412014528,327.4594342482506,321.90458736412984,327.40020751953125,4359300
2025-12-29 00:00:00+00:00,326.4727780063231,329.78790902637104,323.89760470487346,324.5487976074219,4346800
2025-12-30 00:00:00+00:00,325.3282766160162,331.66255589444074,325.11121230400323,327.725830078125,4432500
2025-12-31 00:00:00+00:00,327.88370534581946,328.8802018879278,325.47627568793376,325.70318603515625,4285200
2026-01-02 00:00:00+00:00,326.4826326508298,335.71769665499096,323.1280270938765,331.9092102050781,6863600
2026-01-05 00:00:00+00:00,330.97192221503246,342.3085268229226,329.3932753932535,337.4541931152344,7956600
2026-01-06 00:00:00+00:00,343.6996829189171,347.90279327098006,340.5127911940015,344.3114013671875,9441900
2026-01-07 00:00:00+00:00,344.3213032237757,345.4361929991165,333.52734431693204,337.13848876953125,7461400
2026-01-08 00:00:00+00:00,336.4576913463828,343.2556975271264,336.2504730653109,342.2197265625,5059300
2026-01-09 00:00:00+00:00,342.6143979299363,344.40023298765334,337.9080857224443,339.3880615234375,4129100
2026-01-12 00:00:00+00:00,336.86221099442224,338.0757717813934,329.48205476450516,335.96435546875,7146400
2026-01-13 00:00:00+00:00,336.9411188846722,337.27657641470313,328.4065987621919,329.47216796875,5605900
2026-01-14 00:00:00+00:00,330.8929641448377,335.56967774923123,329.639928884428,330.4884338378906,5740900
2026-01-15 00:00:00+00:00,330.72527303842884,334.9185378332558,323.6805737302307,334.43505859375,6943500
2026-01-16 00:00:00+00:00,330.38977807791053,331.7119162692861,326.01892350864483,326.6010437011719,8039100
2026-01-20 00:00:00+00:00,323.0293559592084,335.35264073207316,322.14137656345895,333.912109375,7596500
2026-01-21 00:00:00+00:00,334.8987575018528,343.4332779356386,334.168645798694,343.1076965332031,8933300
2026-01-22 00:00:00+00:00,342.54531596139657,350.2116096750548,342.14078564010657,349.7380065917969,7491400
2026-01-23 00:00:00+00:00,349.5505106781399,353.09258208371216,348.2777232015386,351.50408935546875,9082200
2026-01-26 00:00:00+00:00,349.2249303389971,350.05371308364437,342.6340826093485,346.9457702636719,10399500
2026-01-27 00:00:00+00:00,290.04562584533727,295.50180147620006,276.6567723884028,278.92608642578125,65836900
2026-01-28 00:00:00+00:00,279.9324825435024,291.0027024164021,279.9324825435024,290.094970703125,23396900
2026-01-29 00:00:00+00:00,290.4008067136846,291.65387202555553,285.3590374883647,288.3880615234375,13456400
2026-01-30 00:00:00+00:00,288.200605503728,289.03926441710115,280.8993981188336,283.099609375,12022200
2026-02-02 00:00:00+00:00,282.201779365365,286.52331359037186,278.5117159450099,281.77752685546875,8664200
2026-02-03 00:00:00+00:00,280.899399533992,284.2441289542904,274.88082567321817,280.3863220214844,10809100
2026-02-04 00:00:00+00:00,278.2453003524489,280.7020503139632,270.39154116696983,272.2366027832031,12944100
2026-02-05 00:00:00+00:00,270.6283598679102,273.19365705526934,262.73515628230206,264.9649658203125,13035300
2026-02-06 00:00:00+00:00,263.49487369356603,274.10136630983425,262.85355690624687,272.95684814453125,9572800
2026-02-09 00:00:00+00:00,270.49023538782427,276.4397368487514,269.6713287006126,272.0195617675781,10371600
2026-02-10 00:00:00+00:00,273.81524764104677,275.7589504136547,269.01026431799795,269.5726623535156,7284700
2026-02-11 00:00:00+00:00,268.8030465161297,275.9562621591264,266.19827491875816,275.1866760253906,6333100
2026-02-12 00:00:00+00:00,274.4467004687212,282.4878958393087,272.1280658242715,280.57379150390625,12336900
2026-02-13 00:00:00+00:00,281.81695692254965,289.5424162609187,280.71191329863694,289.2760314941406,10281900
2026-02-17 00:00:00+00:00,290.07523123064414,290.3021716729731,284.4907860910092,285.23077392578125,6091700
2026-02-18 00:00:00+00:00,286.1286505407075,286.25691992582074,282.46818554567625,284.3526916503906,6632000
2026-02-19 00:00:00+00:00,287.00677646545466,287.00677646545466,283.0601744920274,286.0595703125,4931800
2026-02-20 00:00:00+00:00,285.04331007061916,286.9179399107358,281.73802502847053,286.1286315917969,6974100
2026-02-23 00:00:00+00:00,284.6979833712643,287.8749991147026,277.90985337545374,278.5708923339844,7247500
2026-02-24 00:00:00+00:00,278.4327740747045,278.63008610216724,268.1715851207944,270.29290771484375,9684500
2026-02-25 00:00:00+00:00,273.5883087457124,280.93883645242494,273.17390231272435,280.40606689453125,11380600
2026-02-26 00:00:00+00:00,283.1489568057956,291.31842132234294,281.42231851936197,282.8332214355469,10210000
2026-02-27 00:00:00+00:00,280.899378965855,290.2034849465505,280.06072010966534,289.3549499511719,9723300
2026-03-02 00:00:00+00:00,284.31321524046825,291.36776038144785,283.6620222891216,290.9928283691406,8141400
2026-03-03 00:00:00+00:00,285.13211781491367,289.8187076809586,280.56392119101315,285.34918212890625,7051100
2026-03-04 00:00:00+00:00,285.15183838518783,290.4106717068518,283.83957650692196,288.06243896484375,7796000
2026-03-05 00:00:00+00:00,286.1779504316799,287.5000885291143,282.91213985723385,284.9150390625,5397900
2026-03-06 00:00:00+00:00,283.5041446062434,287.44087037641276,279.27140562669894,282.6556396484375,6816900
2026-03-09 00:00:00+00:00,280.39852614134315,283.5803655260448,277.0774975936055,283.550537109375,10348800
2026-03-10 00:00:00+00:00,285.74795833009716,285.9468043127463,277.3161057836816,280.736572265625,6075600
2026-03-11 00:00:00+00:00,280.7763694963311,284.59455850401093,279.00647932593364,283.63006591796875,6878800
2026-03-12 00:00:00+00:00,283.1627358622739,285.9269470548217,274.7209602020642,275.47662353515625,10512300
2026-03-13 00:00:00+00:00,276.48089418495215,281.2735286763525,276.2323139355343,280.4880065917969,4737600
2026-03-16 00:00:00+00:00,282.36727883683284,285.767839547621,279.44397276937343,283.8686828613281,4854000
2026-03-17 00:00:00+00:00,286.16556405202414,287.3488084380985,283.22238246669014,285.9368896484375,5752000
2026-03-18 00:00:00+00:00,283.5803557381978,286.7621646688093,281.4624471949345,282.71527099609375,4544100
2026-03-19 00:00:00+00:00,282.3871618979052,285.91698928392157,278.4794876796185,278.8473815917969,5542100
2026-03-20 00:00:00+00:00,277.40561834190976,281.4922936115716,273.43828708670907,274.0249328613281,38893000
2026-03-23 00:00:00+00:00,277.55476453204625,279.15560669620453,267.5618207785692,268.00927734375,10424200
2026-03-24 00:00:00+00:00,267.34306557553816,271.8274627132414,266.0703359894755,270.73370361328125,5911700
2026-03-25 00:00:00+00:00,273.43825962603756,274.5121128941823,265.5930528118823,269.0135192871094,8121200
2026-03-26 00:00:00+00:00,268.4567257080549,273.08034278207333,265.66268603579573,266.5277404785156,6218800
2026-03-27 00:00:00+00:00,265.98086412749376,266.1499120468286,254.516344356629,257.54901123046875,10735300
2026-03-30 00:00:00+00:00,258.70244155156036,260.84022572405274,255.21239532653578,260.3033142089844,7774700
2026-03-31 00:00:00+00:00,261.506421503485,270.33599678803927,261.11862175045525,269.0533142089844,9170800
2026-04-01 00:00:00+00:00,272.6527466700565,273.7365528939259,269.22235750517115,272.424072265625,5473400
2026-04-02 00:00:00+00:00,270.74367864614135,277.45534552157113,269.98798496185265,275.6854553222656,6407000
2026-04-06 00:00:00+00:00,276.3019282869355,281.6911311912249,275.6755011928929,279.76214599609375,7097000
2026-04-07 00:00:00+00:00,307.0960565749332,310.6557125153819,299.0420501528358,305.982421875,22099800
2026-04-08 00:00:00+00:00,310.22814137902384,311.1926339297742,303.09884670162427,304.2423400878906,9645000
2026-04-09 00:00:00+00:00,304.08324700425817,306.1414986993597,302.41279505356766,305.16705322265625,5742000
2026-04-10 00:00:00+00:00,306.20115193665987,308.607391668382,302.4724483346268,302.6016845703125,5212900
2026-04-13 00:00:00+00:00,301.5278433900291,311.5406631473035,301.199730811355,311.22247314453125,7972200
2026-04-14 00:00:00+00:00,310.7352487756957,317.8048561417646,310.7352487756957,312.40570068359375,5864500
2026-04-15 00:00:00+00:00,314.20541746552016,315.9554320324556,309.3829548311358,312.2664794921875,5041200
2026-04-16 00:00:00+00:00,313.2111061223722,316.80059026538316,311.33182492038935,314.6031494140625,5205600
2026-04-17 00:00:00+00:00,318.2324307180975,323.42278766287063,315.33898324917396,322.78643798828125,9414700
2026-04-20 00:00:00+00:00,322.3489342821542,323.5520542213801,318.3020404433487,321.6429748535156,9050600
2026-04-21 00:00:00+00:00,351.00526031661906,355.648722319699,343.26944427388656,344.0450134277344,26097300
2026-04-22 00:00:00+00:00,348.8873678788304,356.52374610698536,347.11747765911315,351.5123596191406,11807300
2026-04-23 00:00:00+00:00,352.66576141761215,354.8234513171886,348.50950696242506,352.54644775390625,7255800
2026-04-24 00:00:00+00:00,354.4654798371856,356.24532290478834,349.3944670661433,352.9044189453125,8554600
2026-04-27 00:00:00+00:00,351.9001510435625,354.4654858887946,346.96832734783226,352.67572021484375,7256100
2026-04-28 00:00:00+00:00,354.8135029963465,367.5308771185002,353.6998683282982,364.6871032714844,10604100
2026-04-29 00:00:00+00:00,363.9214802466298,368.7339901692348,362.9371121823581,368.6345520019531,9046600
2026-04-30 00:00:00+00:00,366.4172241064422,369.87744160261,360.9385059451532,368.37603759765625,6879900
2026-05-01 00:00:00+00:00,369.8476329800702,370.78229715346583,364.9356847817637,366.6856994628906,4945400
2026-05-04 00:00:00+00:00,366.4569824541582,368.7240330587824,362.57913672838885,368.6445007324219,4916900
2026-05-05 00:00:00+00:00,368.3760355922912,369.6885161814855,359.75525962508635,361.8035583496094,6489000
2026-05-06 00:00:00+00:00,361.0379593902868,366.45699060703,356.21549649518977,365.1942138671875,6695500
2026-05-07 00:00:00+00:00,364.5578575186544,367.70983802248844,362.64874789161854,367.6402282714844,5235400
2026-05-08 00:00:00+00:00,369.87746743357553,377.8221130371094,369.87746743357553,377.8221130371094,6455100
2026-05-11 00:00:00+00:00,378.28944374742184,382.6246688242237,373.9343128299113,382.25677490234375,6949600
2026-05-12 00:00:00+00:00,380.6758011703357,395.1630654325308,379.8405751710962,394.138916015625,9236300
2026-05-13 00:00:00+00:00,394.24826604152645,401.85481542088894,390.7681426338459,398.8818054199219,8454100
2026-05-14 00:00:00+00:00,398.72270403378167,399.6175868268494,393.7510992453305,396.82354736328125,5342500
2026-05-15 00:00:00+00:00,392.0607685404387,395.3718745508767,388.0337805215488,391.61334228515625,9811200
2026-05-18 00:00:00+00:00,387.78519535837574,389.9130568930274,381.32210876906953,388.9087829589844,8400700
2026-05-19 00:00:00+00:00,387.78517361871184,392.74682548894975,385.3093241434657,387.02947998046875,5016800
2026-05-20 00:00:00+00:00,387.3377362764213,391.14600272737164,378.53801963676773,381.12322998046875,7783900
2026-05-21 00:00:00+00:00,378.95559956058275,383.9172514426562,378.3789067550467,380.3078918457031,4732500
2026-05-22 00:00:00+00:00,379.7510949944643,388.322137279522,378.846259230469,386.2638854980469,5598600
2026-05-26 00:00:00+00:00,383.8078958628703,384.32493184527755,374.27236136603494,374.71978759765625,6498100
2026-05-27 00:00:00+00:00,376.2808953624811,382.3462596379654,374.9485088403697,381.8292236328125,4544000
2026-05-28 00:00:00+00:00,382.77379769013777,387.0493961299752,378.7965137522062,380.35760498046875,4330800
2026-05-29 00:00:00+00:00,381.6005025160485,382.9328889810419,373.317822146985,378.15020751953125,10257900
2026-06-01 00:00:00+00:00,373.97405505590115,381.17295969749404,373.7851619834815,377.7027587890625,6623700
2026-06-02 00:00:00+00:00,375.83346054308475,377.9215103567756,372.5919643898307,375.7738037109375,3874400
2026-06-03 00:00:00+00:00,377.8419717237235,385.25959772485203,374.6700853756592,374.8590087890625,6808400
2026-06-04 00:00:00+00:00,387.78518679364066,399.1005645351637,387.606216297745,394.21844482421875,12666100
2026-06-05 00:00:00+00:00,397.2710257691138,401.7454703246708,394.9443182415365,397.201416015625,10897300
2026-06-08 00:00:00+00:00,394.87468563988523,406.3889089451397,392.74682423133754,404.2610778808594,6963200
2026-06-09 00:00:00+00:00,407.66165562372737,410.6545715332031,405.12614922049136,410.6545715332031,8590400
2026-06-10 00:00:00+00:00,411.1517339543602,413.61766096102207,402.2525488568183,405.1460266113281,6512900
2026-06-11 00:00:00+00:00,406.38891459163034,407.6517216421196,400.82071109845896,403.2468566894531,4938100
2026-06-12 00:00:00+00:00,406.6872501409831,407.5622574937536,402.5110897188582,406.20001220703125,7269600
2026-06-15 00:00:00+00:00,406.70001220703125,414.1600036621094,399.6499938964844,411.0400085449219,6777900
2026-06-16 00:00:00+00:00,410.67999267578125,411.75,406.5400085449219,407.6499938964844,4815100
2026-06-17 00:00:00+00:00,409.1199951171875,411.1600036621094,398.5899963378906,399.5299987792969,5838800
2026-06-18 00:00:00+00:00,402.7699890136719,406.20001220703125,399.1499938964844,400.9599914550781,11896900
2026-06-22 00:00:00+00:00,402.1400146484375,409.4599914550781,402.1400146484375,406.67999267578125,5818600
2026-06-23 00:00:00+00:00,409.5199890136719,409.8999938964844,402.8399963378906,409.25,6675900
2026-06-24 00:00:00+00:00,410.5400085449219,413.42999267578125,400.0,405.79998779296875,6858800
2026-06-25 00:00:00+00:00,406.6499938964844,417.5799865722656,406.6499938964844,415.5299987792969,6014400
2026-06-26 00:00:00+00:00,416.1600036621094,427.92999267578125,416.1600036621094,427.8900146484375,10588200
2026-06-29 00:00:00+00:00,426.5299987792969,426.70001220703125,415.80999755859375,419.82000732421875,5167400
2026-06-30 00:00:00+00:00,422.7200012207031,422.739990234375,413.25,415.6300048828125,5779800
2026-07-01 00:00:00+00:00,417.1099853515625,428.0199890136719,413.7300109863281,426.5400085449219,4985900
2026-07-02 00:00:00+00:00,428.1300048828125,430.20001220703125,420.5400085449219,425.3599853515625,3928800
2026-07-06 00:00:00+00:00,423.489990234375,424.44000244140625,415.04998779296875,417.989990234375,6379000
2026-07-07 00:00:00+00:00,423.95001220703125,428.6000061035156,422.1300048828125,428.19000244140625,5800500
2026-07-08 00:00:00+00:00,427.1499938964844,430.7699890136719,423.8299865722656,425.6000061035156,3859200
2026-07-09 00:00:00+00:00,427.1099853515625,434.29998779296875,423.5199890136719,431.67999267578125,5566000
2026-07-10 00:00:00+00:00,431.6700134277344,432.8599853515625,423.6499938964844,424.6199951171875,3798600
2026-07-13 00:00:00+00:00,426.4700012207031,431.54998779296875,425.5299987792969,429.0899963378906,3863800
2026-07-14 00:00:00+00:00,431.0,432.1499938964844,421.7900085449219,425.19000244140625,5135900
2026-07-15 00:00:00+00:00,419.489990234375,424.1099853515625,414.3699951171875,418.5199890136719,6764800
2026-07-16 00:00:00+00:00,449.3900146484375,461.6199951171875,420.3699951171875,423.3800048828125,13281900
2026-07-17 00:00:00+00:00,426.7200012207031,437.4700012207031,425.1000061035156,426.0899963378906,10718100
2026-07-20 00:00:00+00:00,427.25,431.0199890136719,417.3800048828125,421.54998779296875,4818800
2026-07-21 00:00:00+00:00,422.4800109863281,437.0,420.5,436.3500061035156,6833600
2026-07-22 00:00:00+00:00,434.95001220703125,436.32000732421875,429.70001220703125,431.30999755859375,4231700
2026-07-23 00:00:00+00:00,428.2650146484375,430.4849853515625,420.40008544921875,423.45001220703125,2840666
