atr_pct,bar_cos,bar_sin,body_atr,body_change_ratio,close_location,closing_bar,distance_session_high_atr,distance_session_low_atr,doji_score,ema_slope_atr,ema_spread_atr,engulfing_strength_signed,gap_bps,hammer_score,inverted_hammer_score,lower_wick_body,lower_wick_range,marubozu_score,open_location,opening_bar,overlap_fraction,overnight_gap_abs,range_atr,range_change_ratio,realized_vol_13,relative_volume,return_1,return_13,return_2,return_26,return_4,return_8,shock_volume_flag,signed_body_fraction,three_bar_body_balance,three_bar_close_progress,upper_wick_body,upper_wick_range,volume_zscore,valid,entry_time,exit_time,entry_price,exit_price,net_return,gross_return,bars_held,exit_reason,mfe,mae,gap_through_stop,gap_through_target,symbol,signal_time,session,predicted_net_return,spot,strike,dte,iv,delta,open_interest,option_volume,spread_fraction,premium_mid,liquid,expected_option_return,option_downside_semivariance,option_probability_profit,option_cvar10,option_utility,expected_exit_iv,entry_fill,expected_hold_sessions,realized_option_return,option_exit_fill,realized_exit_iv,fold,bull_regime_score,extreme_bull_regime,option_overlay_eligible,fixed_05_overlay_fraction,fixed_05_additive_return,fixed_10_overlay_fraction,fixed_10_additive_return,fixed_20_overlay_fraction,fixed_20_additive_return,fixed_30_overlay_fraction,fixed_30_additive_return,tiered_overlay_fraction,tiered_additive_return
0.01468711547266423,0.120536680255323,0.992708874098054,0.564618501861195,1.7983086846728067,0.6471811382014745,0.0,0.48249348105507467,2.0285153910806795,0.5871279820373021,1.387656977448714,1.797809253723485,0.0,0.0,0.07188050493042944,0.12805641609779858,0.5675102938552792,0.23430912023877656,0.412872017962698,0.23430912023877656,0.0,0.4001123290325726,0.0,1.3675387948238404,1.5777900628952843,0.008717107286447055,1.7312789508825293,0.008361959664835439,0.08359743060766966,0.013072648489512728,0.1083868748500445,0.050430332847464676,0.06083171108362051,0.0,0.41287201796269796,1.0,1.1758398721731913,0.8545477689170627,0.35281886179852545,2.0004590623197283,True,2017-09-11 15:30:00+00:00,2017-09-11 17:00:00+00:00,196.57476203170572,192.67715512259466,-0.020427605888096733,-0.019827605888096733,4,stop,0.005051147705920078,-0.020520611264160826,False,False,NVDA,2017-09-11 15:00:00+00:00,179,0.018586019974624543,196.57476203170572,195.0,14.0,0.5536712674376507,0.5572152589131627,1634.0,254.0,0.034480978036099674,11.209935418098752,True,0.08390702211993677,9.629878849862354e-05,0.9135802469135802,-0.022637161362170907,0.02569967229497415,0.5203279041859836,11.403200186567531,0.38461538461538464,-0.1331278014664845,9.88511721604759,0.6104401535699107,1,4,True,True,0.05,-0.02708399596142096,0.1,-0.03374038603474518,0.2,-0.04705316618139364,0.3,-0.06036594632804208,0.1,-0.03374038603474518
0.01825854374984288,-0.9709418174260521,-0.23931566428755743,0.32238474981804305,0.6891798084418922,0.7306012681619264,0.0,0.2315285257641817,3.6384780052473187,0.6248840505580956,1.0796414894352098,1.7870980517972714,0.0,0.0,0.14421643183476537,0.09641420322651742,0.9476678324358022,0.355485318720022,0.3751159494419044,0.355485318720022,0.0,0.46991507982287756,0.0,0.8594269326529183,0.7490857822305257,0.007661804097706881,1.2705218489968209,0.005921129461424979,0.0848127134732497,0.014638456322765059,0.13717372650199167,0.023853534240294127,0.06856917392449446,0.0,0.3751159494419044,1.0,1.828080682713133,0.7181745597291862,0.26939873183807367,0.8238981921212394,True,2017-09-11 17:30:00+00:00,2017-09-12 13:30:00+00:00,192.0691748013026,194.7167854441366,0.013184672348246208,0.013784672348246207,6,ambiguous_stop_first,0.040196726602026445,-0.015232462947905034,False,False,TSLA,2017-09-11 17:00:00+00:00,179,0.010572929991955842,192.0691748013026,190.0,14.0,0.49454062082713834,0.56760094662997,854.0,70.0,0.04884183375236534,10.169702343134759,True,0.006008014144364426,0.0017234366825341616,0.5308641975308642,-0.10467633615418713,-0.08098667538516731,0.4669377809365804,10.418055798711972,0.38461538461538464,0.07504808680284336,11.199910954610573,0.4887022928994407,1,5,True,False,0.0,0.013184672348246208,0.0,0.013184672348246208,0.0,0.013184672348246208,0.0,0.013184672348246208,0.0,0.013184672348246208
0.010195330809915259,-0.35460488704253545,0.9350162426854148,0.31485850046170744,1.8792601235313133,0.5817958900309383,0.0,1.1560180932413977,0.6246739844028272,0.6232396936385894,0.39090680509043635,1.6539729083105448,0.0,0.0,0.06577617230931279,0.18331782481437078,0.5442069671546398,0.20503558366952773,0.37676030636141056,0.20503558366952773,0.0,0.4722149372170316,0.0,0.8356997675855925,1.544506285140699,0.004693980598549096,1.275858427666659,0.003220424411676248,0.0311114075259169,0.004942560433943699,0.06722466825296958,-0.0023788618579831944,0.006330052436126721,0.0,0.37676030636141056,0.26493665461591803,0.1969310585975666,1.110000450969003,0.41820410996906165,0.8477662291305332,True,2017-09-12 16:00:00+00:00,2017-09-12 18:00:00+00:00,192.64395201814975,192.21742961569504,-0.0028140451230699963,-0.0022140451230699965,5,momentum_decay,0.003239659426836905,-0.0030593649880655827,False,False,AAPL,2017-09-12 15:30:00+00:00,180,0.002012885026735635,,,,,,,,,,,,,,,,,,,,,,1,1,False,False,0.0,-0.0028140451230699963,0.0,-0.0028140451230699963,0.0,-0.0028140451230699963,0.0,-0.0028140451230699963,0.0,-0.0028140451230699963
0.013816514784052153,0.120536680255323,0.992708874098054,0.11943868062618973,0.8608611921117607,0.5048808240348043,0.0,0.8182061764990243,0.4491091353225179,0.7724627772002969,0.4979465249710572,1.358946761707656,0.0,0.0,0.15845679952441127,0.4048978333502856,1.2188933213726847,0.27734360123510116,0.22753722279970312,0.27734360123510116,0.0,0.5379852935689515,0.0,0.5249193040003369,0.9324532943670826,0.006751692266404687,1.055640838189428,0.0016529540448915192,0.018729829391599395,0.0035799447656585937,0.06048482244584785,0.01661919222956665,0.028725054738837352,0.0,0.2275372227997031,0.38122594004923427,0.13594489111513125,2.1759919975797315,0.4951191759651958,0.14939963744763338,True,2017-09-21 15:30:00+00:00,2017-09-21 16:00:00+00:00,196.68676395575653,193.0181044200267,-0.019252294958470428,-0.018652294958470428,2,stop,0.014436583457939411,-0.021539559167418565,False,False,TSLA,2017-09-21 15:00:00+00:00,187,0.0005894922009205617,,,,,,,,,,,,,,,,,,,,,,1,2,False,False,0.0,-0.019252294958470428,0.0,-0.019252294958470428,0.0,-0.019252294958470428,0.0,-0.019252294958470428,0.0,-0.019252294958470428
0.007894079314585783,1.0,0.0,0.42943846587493995,0.7459023308877651,0.7695176167730684,0.0,0.251560942187608,0.8398931579720668,0.6065446400246102,0.6104439597974693,0.1888677451733618,0.0,7.835607119301979,0.14870458633787723,0.07389669960564506,0.9557939605162,0.3760622567976786,0.39345535997538983,0.3760622567976786,1.0,0.3283373771668313,0.0007835607119301979,1.0914541001596747,0.7896477325068789,0.0037540119430976527,1.2986415404381235,0.004187778681253418,0.014755153357590922,0.008791795878444475,0.022434614054373858,0.015419577277551388,0.016548738971179366,0.0,0.3934553599753898,1.0,1.265534217127,0.58579042674894,0.23048238322693165,0.9870359621703629,True,2017-10-02 14:00:00+00:00,2017-10-02 15:00:00+00:00,234.2316933025154,231.73548448987367,-0.01125700707469086,-0.01065700707469086,3,stop,0.0028331408883726095,-0.011893464255551489,False,False,MSFT,2017-10-02 13:30:00+00:00,194,0.005160497030485342,234.2316933025154,230.0,30.0,0.25815469561522186,0.6189331172075484,1664.0,243.0,0.025507367530313053,11.160532743854645,True,0.0014449295863736365,0.002849238817758786,0.49382716049382713,-0.13134866249558808,-0.06387728802014414,0.24451424723739026,11.302870649120441,0.38461538461538464,-0.1250619431955744,9.889311682053215,0.2702934752876018,1,0,False,False,0.0,-0.01125700707469086,0.0,-0.01125700707469086,0.0,-0.01125700707469086,0.0,-0.01125700707469086,0.0,-0.01125700707469086
0.007746371804320902,0.5680647467311559,0.8229838658936564,0.33014022277665606,0.2834754982959359,0.718698288476378,0.0,0.2664160505091177,2.293335052205476,0.6322832164545653,0.38267749876464147,0.4976570962861365,0.0,0.0,0.14457985636530019,0.1046420873458869,0.954488673446675,0.3509815049309433,0.3677167835454346,0.3509815049309433,0.0,0.3507415756173081,0.0,0.8978111349542585,0.35074157561723296,0.0033989367020968884,1.9140899770704352,0.002563945920059263,0.008949255257994837,0.011714583254117894,0.032082871255009415,0.012825947326132514,0.010758533391383995,0.0,0.36771678354543463,0.6430882205290877,1.465067623548496,0.7649955729812296,0.28130171152362204,2.5949427595157224,True,2017-10-03 15:00:00+00:00,2017-10-03 17:30:00+00:00,235.27521135751476,234.04749286777434,-0.0058182228746352475,-0.005218222874635248,6,momentum_decay,0.007145162192941701,-0.008113350045763967,False,False,MSFT,2017-10-03 14:30:00+00:00,195,0.0071549227715168775,235.27521135751476,235.0,14.0,0.25172893595427287,0.5346031437410744,1525.0,157.0,0.034173257909129284,5.966338484302554,True,0.06136469577126391,0.0034781631267066532,0.6666666666666666,-0.16039257204435003,-0.010350872697677933,0.2381518835536993,6.068283096201171,0.38461538461538464,-0.14288885094632786,5.201193097367961,0.25451660572664786,1,0,False,False,0.0,-0.0058182228746352475,0.0,-0.0058182228746352475,0.0,-0.0058182228746352475,0.0,-0.0058182228746352475,0.0,-0.0058182228746352475
0.016656211263514596,-0.35460488704253545,0.9350162426854148,0.6357057920458533,6.55449137518115,0.630877969892242,0.0,1.2929881730429045,1.2813172388072551,0.5703943569168365,0.12346626202522641,-0.10731597499431526,0.0,0.0,0.05619703696445646,0.1304826250870688,0.4685048486898055,0.20127232680907856,0.4296056430831635,0.20127232680907856,0.0,0.27387148650748455,0.0,1.4797426483590037,3.651347618372019,0.011731866235806495,1.1353590384021546,0.010701765077913983,0.020038838609057752,0.012354674706450464,-0.005644699362424732,-0.007220223773040324,0.010775096964455555,0.0,0.4296056430831635,1.0,0.7571717371092734,0.8592113163562265,0.36912203010775796,0.4328212927678425,True,2017-10-04 16:00:00+00:00,2017-10-04 18:30:00+00:00,166.12341853699343,166.15664322070083,-0.000400000000000022,0.00019999999999997797,6,stop,0.01958499891262644,-0.00257844617340941,False,False,NVDA,2017-10-04 15:30:00+00:00,196,0.002498209782766458,,,,,,,,,,,,,,,,,,,,,,1,0,False,False,0.0,-0.000400000000000022,0.0,-0.000400000000000022,0.0,-0.000400000000000022,0.0,-0.000400000000000022,0.0,-0.000400000000000022
0.01437202032537227,1.0,0.0,0.39001723479116573,1.724311390843008,0.7993572127244051,0.0,0.20906388595160133,0.8329067165821417,0.6256926694066347,0.9578292830611475,0.34950423761052907,0.0,646.6897820590777,0.1893181611924475,0.06427842090633634,1.1355638732930922,0.4250498821310398,0.3743073305933653,0.4250498821310398,1.0,0.0,0.06466897820590778,1.041970602533743,1.7697858253822953,0.01918003759686251,3.108196380339407,0.07067044539683631,0.08298088541898463,0.07440993002757024,0.07611998368294581,0.07936807924897904,0.08995371644976635,1.0,0.37430733059336524,1.0,7.448424362970531,0.5360375575795463,0.20064278727559498,3.7551615905852374,True,2017-10-05 14:00:00+00:00,2017-10-05 14:30:00+00:00,172.34171068628856,168.99789761828333,-0.020002227439252573,-0.019402227439252573,2,stop,0.013071108089096617,-0.022139646602689633,False,False,AAPL,2017-10-05 13:30:00+00:00,197,0.016444427044722865,,,,,,,,,,,,,,,,,,,,,,1,5,True,False,0.0,-0.020002227439252573,0.0,-0.020002227439252573,0.0,-0.020002227439252573,0.0,-0.020002227439252573,0.0,-0.020002227439252573
0.012788932025080224,-0.7485107481711012,0.6631226582407952,0.05362747077481985,0.11007560213773311,0.7541107483441403,0.0,0.40679374614263203,1.1086598059343142,0.8712941503341126,0.7838512023989982,1.3597865790175252,0.0,0.0,0.6570522837363295,0.20784850088605555,4.859180062888618,0.625404898678253,0.12870584966588738,0.625404898678253,0.0,0.32543092924468464,0.0,0.41666692628216623,0.3254309292445836,0.006569516601488553,1.1286575732254762,0.0006863087751076691,0.07037400816658246,0.006964617864875899,0.06509839841974685,0.009031209655663286,0.02342873646774346,0.0,0.12870584966588736,1.0,0.5331601209482528,1.9104745611201952,0.24588925165585968,0.25865538235678787,True,2017-10-05 16:30:00+00:00,2017-10-05 19:30:00+00:00,196.80354138931858,198.1967595259506,0.006479233060526713,0.007079233060526713,7,stop,0.021786504889369063,-0.006299663846576653,False,False,TSLA,2017-10-05 16:00:00+00:00,197,0.0027122149929750695,,,,,,,,,,,,,,,,,,,,,,1,2,False,False,0.0,0.006479233060526713,0.0,0.006479233060526713,0.0,0.006479233060526713,0.0,0.006479233060526713,0.0,0.006479233060526713
0.015435399997662793,1.0,0.0,0.027130063271167935,0.22543929966725998,0.732227144559885,0.0,0.05115143722965677,0.1398740389919102,0.8579767274617325,0.8186970676295461,2.4560283773780216,0.0,-189.99283712303082,0.6282338492481392,0.22096787434585413,4.155684216152831,0.5902038720216176,0.1420232725382674,0.5902038720216176,1.0,0.0,0.018999283712303083,0.191025476221567,0.38899468480232474,0.008953932686767793,1.3140462982248395,-0.018588304434917435,0.026381073894575335,-0.016795908398893555,0.11155108418363535,-0.010672986971572596,0.02279744695044572,0.0,0.14202327253826746,1.0,-0.8305189790184205,1.8854153312398145,0.2677728554401149,0.49014561194007444,True,2017-10-06 14:00:00+00:00,2017-10-06 16:00:00+00:00,176.88827009102107,176.80930445411664,-0.0010464153381329437,-0.0004464153381329439,5,momentum_decay,0.009176814930100141,-0.0045133650763086175,False,False,AAPL,2017-10-06 13:30:00+00:00,198,0.003420836097533195,,,,,,,,,,,,,,,,,,,,,,1,2,False,False,0.0,-0.0010464153381329437,0.0,-0.0010464153381329437,0.0,-0.0010464153381329437,0.0,-0.0010464153381329437,0.0,-0.0010464153381329437
0.015054915766197425,-0.9709418174260521,-0.23931566428755743,0.04125793680077915,0.07109467186607697,0.6725622004724149,0.0,1.0949915426009322,1.015269259758944,0.8805422059881817,0.10047335805553526,-0.011378618753272417,0.0,0.0,0.5922194036682458,0.35954174146735646,4.630124062068236,0.5531044064605964,0.11945779401181833,0.5531044064605964,0.0,0.24344944807376737,0.0,0.34537668422620765,0.24344944807370483,0.007283853117281327,1.6923030970416357,0.0006215208114048743,0.02917913270569228,0.00944625888847761,0.039862745743243,-0.009117285563166488,0.009252162938522712,0.0,0.11945779401181837,-0.1270754058493673,-0.1746028383983117,2.7410333685912405,0.32743779952758517,1.5992295717152551,True,2017-10-11 17:30:00+00:00,2017-10-11 17:30:00+00:00,182.27642888694135,178.5718179048155,-0.02092413628436658,-0.02032413628436658,1,stop,0.0063546841255692765,-0.021009133789302803,False,False,TSLA,2017-10-11 17:00:00+00:00,201,0.0026893538046559714,,,,,,,,,,,,,,,,,,,,,,1,0,False,False,0.0,-0.02092413628436658,0.0,-0.02092413628436658,0.0,-0.02092413628436658,0.0,-0.02092413628436658,0.0,-0.02092413628436658
0.011153323510389503,0.120536680255323,0.992708874098054,0.07161104055337282,0.6426219085833454,0.43849218570294163,0.0,0.25968852682345944,0.9854182002823589,0.8451600486455149,0.4015587458155912,0.21419663154329424,0.0,0.0,0.22629905775026674,0.6054285124651645,1.8319059897980052,0.28365223434845643,0.15483995135448514,0.28365223434845643,0.0,0.5933718962815051,0.0,0.462484261503215,0.8537712550182383,0.006278730157388529,1.2121926493794302,0.0007993395355754274,0.010341814035422336,0.0020457564081570734,0.02015301894453203,0.016838894700783147,0.010047927062375672,0.0,0.1548399513544852,1.0,0.25288967108134613,3.626375553472754,0.5615078142970583,0.8308517685088171,True,2017-10-13 15:30:00+00:00,2017-10-13 17:00:00+00:00,165.69975752306297,166.91039557550096,0.006706214991108062,0.007306214991108062,4,stop,0.020904443061163347,-0.004925165323098946,False,False,NVDA,2017-10-13 15:00:00+00:00,203,0.0011864147187013755,,,,,,,,,,,,,,,,,,,,,,1,0,False,False,0.0,0.006706214991108062,0.0,0.006706214991108062,0.0,0.006706214991108062,0.0,0.006706214991108062,0.0,0.006706214991108062
0.012267699058509603,-0.3546048870425359,-0.9350162426854147,0.5575445516181289,13.203052285739153,0.5416418131654297,0.0,0.6460107297010894,1.9208625471458678,0.6022397093844478,0.3276698971177109,0.5919576195331201,0.0,0.0,0.03933180858682941,0.1980457705509969,0.3617292272365573,0.14388152254987752,0.3977602906155522,0.14388152254987752,0.0,0.2659803782227016,0.0,1.4017099362917882,3.7596758327842195,0.005882007688573176,1.3411894815423115,0.00688689366894657,0.01705677731672539,0.0074123738192211075,0.033422505867782615,0.0067359595713829545,0.014949424483092333,0.0,0.39776029061555224,-0.05555242771222638,-0.07104103322766804,1.1523477774134785,0.45835818683457025,1.2279312941688967,True,2017-10-13 18:30:00+00:00,2017-10-16 13:30:00+00:00,167.83352702161267,163.77539386037415,-0.024779514267825275,-0.024179514267825275,4,gap_through_stop,0.014047240246986892,-0.024179514267825275,True,False,NVDA,2017-10-13 18:00:00+00:00,203,0.004412579903908427,,,,,,,,,,,,,,,,,,,,,,1,0,False,False,0.0,-0.024779514267825275,0.0,-0.024779514267825275,0.0,-0.024779514267825275,0.0,-0.024779514267825275,0.0,-0.024779514267825275
0.013481944990815146,-0.35460488704253545,0.9350162426854148,0.2912249134323266,0.5172674330836194,0.7963021908355374,0.0,0.1721639593888309,1.4251903675019788,0.6554338256923029,-0.24587027665008152,0.06846858806790532,0.0,0.0,0.2280854509422048,0.07081267985410672,1.3110283313060882,0.45173601652784046,0.3445661743076971,0.45173601652784046,0.0,0.3962865608936241,0.0,0.8451929851136902,0.6101721335451568,0.0075267779588514576,1.2289519990936357,0.003941754688600918,-0.0042495256658572345,0.011650880269451935,0.009458888579573665,0.009135888984363127,-0.017417125480035045,0.0,0.34456617430769704,0.6715018285128065,0.6942042094548995,0.591171810678799,0.2036978091644625,0.7547867567326844,True,2017-10-16 16:00:00+00:00,2017-10-16 19:00:00+00:00,164.91034942172038,165.16022005018772,0.0009151907041828228,0.0015151907041828228,7,momentum_decay,0.009577168640029443,-0.00943702240489197,False,False,NVDA,2017-10-16 15:30:00+00:00,204,0.003970855934676727,,,,,,,,,,,,,,,,,,,,,,1,0,False,False,0.0,0.0009151907041828228,0.0,0.0009151907041828228,0.0,0.0009151907041828228,0.0,0.0009151907041828228,0.0,0.0009151907041828228
0.01478087606180762,1.0,0.0,0.7507746489107354,1.3387687384067868,0.850467369435442,0.0,0.2595609393817962,1.4762537680959504,0.5674799587326573,0.38860227763160593,0.3254571174350438,0.0,119.20486610120795,0.15545412356269778,0.03806460247222414,0.9663074269188443,0.41794732816809926,0.43252004126734267,0.41794732816809926,1.0,0.08343377867581879,0.011920486610120795,1.7358147074777466,1.2830859185117787,0.007416266453187323,1.682501766191115,0.023275888673988332,0.04303605152805545,0.03202953670509756,0.031732413493106515,0.031373321013743904,0.0314970508353587,0.0,0.4325200412673427,0.5838653086437087,1.9403224192145208,0.34572416604402406,0.149532630564558,1.9954390472339503,True,2017-10-17 14:00:00+00:00,2017-10-17 19:00:00+00:00,170.4502253805072,172.78267006947985,0.013084022322445033,0.013684022322445033,11,ambiguous_stop_first,0.03357103885708734,-0.004953661553193656,False,False,NVDA,2017-10-17 13:30:00+00:00,205,0.014464004293067873,170.4502253805072,170.0,21.0,0.4674371816733797,0.5444980439193359,2525.0,451.0,0.02735603645569442,9.658372024211616,True,0.049824225725350675,0.00034077298990611295,0.7901234567901234,-0.05289371765215416,0.00023824789606242958,0.4403467652183559,9.790479412810113,0.38461538461538464,0.023735608749478443,10.022862401622397,0.43509957145464884,1,3,False,False,0.0,0.013084022322445033,0.0,0.013084022322445033,0.0,0.013084022322445033,0.0,0.013084022322445033,0.0,0.013084022322445033
0.015488130032318954,-0.35460488704253545,0.9350162426854148,0.2976543372661315,0.5821777889755889,0.6922288725452047,0.0,0.25350257477713,2.333302244253707,0.6386253234202975,0.15100327650158604,0.9331693037054488,0.0,0.0,0.13491291354530516,0.12131536226077896,0.9155433886417277,0.33085419596550225,0.36137467657970246,0.33085419596550225,0.0,0.37088704524982036,0.0,0.8236723726281434,0.6601291319267479,0.00805921259974017,1.268137019263607,0.004631460618915728,0.010734379056783094,0.01268780314578466,0.053491867959278405,0.023147897163622977,-0.0020039306468424556,0.0,0.36137467657970246,0.5068050372463893,0.5464167704356687,0.851667666277471,0.3077711274547953,0.6704224549681865,True,2017-10-18 16:00:00+00:00,2017-10-18 17:30:00+00:00,173.73171205810553,173.76645840051714,-0.000400000000000022,0.00019999999999997797,4,stop,0.019677769320611826,-0.007240560376272742,False,False,NVDA,2017-10-18 15:30:00+00:00,206,0.009379009508242948,173.73171205810553,172.5,14.0,0.5155991625207228,0.5547200531077061,1332.0,148.0,0.034846447220790916,9.210667776018795,True,0.0024295631627754854,0.0018049464066574883,0.5061728395061729,-0.10559452870702733,-0.06822013815066179,0.4871595091984385,9.371147300281434,0.38461538461538464,-0.061900046450324875,8.791072847101177,0.5039429246680462,1,0,False,False,0.0,-0.000400000000000022,0.0,-0.000400000000000022,0.0,-0.000400000000000022,0.0,-0.000400000000000022,0.0,-0.000400000000000022
0.007027821279901268,1.0,0.0,0.43108623284227066,5.729183244538913,0.7682384480822537,0.0,0.26042513537176576,0.8632519077651922,0.61636109282894,-0.21489796524107577,-0.09837648397543951,0.0,-35.04744079152577,0.1582326555169112,0.07638191153103611,1.0025040049942868,0.3845995409111937,0.38363890717106,0.3845995409111937,1.0,0.3679074769687057,0.0035047440791525775,1.123677043136958,2.718074686162202,0.0021435198191518327,1.906488059014697,-0.0004765909570452198,-0.0024367235116505848,5.1985353474837126e-05,-0.0147391589793745,0.0003338886380455097,-0.0032710127128443567,0.0,0.38363890717106,1.0,0.40464645060761967,0.6041137840434426,0.23176155191774633,2.1570793767824803,True,2017-10-19 14:00:00+00:00,2017-10-19 18:30:00+00:00,220.9327024058662,222.39808255804456,0.006032699171380985,0.006632699171380985,10,ambiguous_stop_first,0.02269340132498443,-0.005444554909630583,False,False,MSFT,2017-10-19 13:30:00+00:00,207,0.0009344483254230347,,,,,,,,,,,,,,,,,,,,,,1,0,False,False,0.0,0.006032699171380985,0.0,0.006032699171380985,0.0,0.006032699171380985,0.0,0.006032699171380985,0.0,0.006032699171380985
0.007009073392734756,1.0,0.0,0.36894669929141816,0.6730410807621643,0.75009944130452,0.0,0.2499986137821569,0.7503937626382433,0.6311980099132886,0.6155843656233921,0.8126398789727931,0.0,-59.70267190229084,0.16316757329876688,0.08820642947084457,1.0338812193706035,0.38129745121780856,0.36880199008671144,0.38129745121780856,1.0,0.47245017884634866,0.005970267190229084,1.0003923764204001,0.7362056257227315,0.002965184813195284,1.9425381203322065,-0.0033930670818160813,0.020257490053028127,0.00043779624978435017,0.017771404639078447,0.00709919178206575,0.009521063824280418,0.0,0.36880199008671144,0.8630473156712445,-0.005138034653548523,0.6776008953647334,0.24990055869547995,1.9581138381664107,True,2017-10-20 14:00:00+00:00,2017-10-20 17:00:00+00:00,225.40824442724167,224.90207122333533,-0.0028455842517762335,-0.0022455842517762337,7,momentum_decay,0.0051830831294172874,-0.004088195825992735,False,False,MSFT,2017-10-20 13:30:00+00:00,208,0.003261674038983338,,,,,,,,,,,,,,,,,,,,,,1,0,False,False,0.0,-0.0028455842517762335,0.0,-0.0028455842517762335,0.0,-0.0028455842517762335,0.0,-0.0028455842517762335,0.0,-0.0028455842517762335
0.007516394933817785,1.0,0.0,0.43461187993336625,0.6922283354352221,0.7852680132471618,0.0,0.2466370750180759,0.9019439014247176,0.6216097176888837,0.4434714769808548,0.13724895674992627,0.0,64.45753577100754,0.17495984865726216,0.06974250439645797,1.075285888554416,0.40687773093604546,0.37839028231111627,0.40687773093604546,1.0,0.0,0.006445753577100755,1.1485809764427934,0.7501479389833862,0.004010122690662023,1.910924483025965,0.009744299955883884,0.011871612713718394,0.014578883184856783,0.027360382246228276,0.015287545738192021,0.01108798995091731,0.0,0.3783902823111163,1.0,2.1419948153242117,0.5674881115891648,0.21473198675283822,2.225684876631027,True,2017-10-23 14:00:00+00:00,2017-10-23 15:00:00+00:00,159.59346945644631,159.6253881503376,-0.000400000000000022,0.00019999999999997797,3,stop,0.010366374865870664,-0.0033210153949517762,False,False,AAPL,2017-10-23 13:30:00+00:00,209,0.008625418241273951,159.59346945644631,160.0,14.0,0.2811788930908162,0.5112810943901057,1814.0,337.0,0.03392201844946233,4.193875237031449,True,0.07256459982011748,0.0023301224122632335,0.7160493827160493,-0.1347500717928624,0.0074827704035598935,0.26578604138183565,4.265007593614111,0.38461538461538464,-0.06679547700063437,3.980124376987329,0.27286754954459247,1,1,False,False,0.0,-0.000400000000000022,0.0,-0.000400000000000022,0.0,-0.000400000000000022,0.0,-0.000400000000000022,0.0,-0.000400000000000022
0.01464165331108754,-0.970941817426052,0.23931566428755768,0.5910784134902708,1.780094892273153,0.6519780870751494,0.0,0.712657577201815,1.147530494179161,0.5840113219907498,-0.04053914410563139,0.4804169945252237,0.0,0.0,0.07200190940321528,0.1244298192185099,0.5672976730883508,0.23598940906589913,0.4159886780092502,0.23598940906589913,0.0,0.49385153552371575,0.0,1.4209002425713306,1.5728236775666948,0.006514953596786353,1.2160687985130798,0.008729917100835705,0.006847084965593053,0.013701297181644145,0.01480776651337079,-0.0016594432609705612,0.0006288515875583212,0.0,0.4159886780092502,0.1671975313319087,0.27306292507750696,0.8366139063931138,0.34802191292485063,0.6837875632268638,True,2017-10-23 17:00:00+00:00,2017-10-23 18:00:00+00:00,179.07503315623924,179.1108481628705,-0.000400000000000022,0.00019999999999997797,3,stop,0.01950998539186677,-0.003928374831347781,False,False,NVDA,2017-10-23 16:30:00+00:00,209,0.0024095744707067247,,,,,,,,,,,,,,,,,,,,,,1,0,False,False,0.0,-0.000400000000000022,0.0,-0.000400000000000022,0.0,-0.000400000000000022,0.0,-0.000400000000000022,0.0,-0.000400000000000022
0.007112016038516558,-0.7485107481711012,0.6631226582407952,0.6268665174400659,24.492999758212243,0.8000519591556602,0.0,0.30951393804238975,2.0799388840097337,0.595040104410777,0.4563026486646418,1.3300444991886893,0.0,0.0,0.15482085643837262,0.05924059370101225,0.9756325697166325,0.3950920635664372,0.40495989558922296,0.3950920635664372,0.0,0.22401523465077725,0.0,1.5479718467626662,4.463982110665075,0.0032991799432156347,1.2355336480596961,0.004478250039794629,0.01364563182360623,0.004661940376573748,0.03113475907737051,0.00850551899939922,0.005888032506476515,0.0,0.40495989558922296,1.0,1.378983321010074,0.4937477587827228,0.1999480408443398,0.5834015690586472,True,2017-10-24 16:30:00+00:00,2017-10-25 14:00:00+00:00,162.75771773956393,163.857717277608,0.006158509232749566,0.0067585092327495655,9,stop,0.014937327677043477,-0.003793335175186985,False,False,AAPL,2017-10-24 16:00:00+00:00,210,0.0007069414354364334,,,,,,,,,,,,,,,,,,,,,,1,0,False,False,0.0,0.006158509232749566,0.0,0.006158509232749566,0.0,0.006158509232749566,0.0,0.006158509232749566,0.0,0.006158509232749566
0.015357148564649896,0.5680647467311559,0.8229838658936564,0.5320482859592001,1.6034089273308356,0.6064766637986836,0.0,0.5084695840968034,1.3298262431456866,0.5882282381103143,0.13159409910375627,0.04859719853540871,0.0,0.0,0.05622882831537642,0.15090151525148982,0.47284665906990186,0.19470490190899784,0.4117717618896857,0.19470490190899784,0.0,0.3440336653086538,0.0,1.2920951245358507,1.4488814723169237,0.006885306092470133,1.8297269337687005,0.008238055619269824,0.0037200524365290644,0.01344497189823568,0.0003575492121294932,0.006323859231184059,0.022006177098219393,0.0,0.41177176188968573,0.14989637899947375,0.3225228998958309,0.955683154170425,0.39352333620131646,2.354847369231372,True,2017-10-25 15:00:00+00:00,2017-10-25 18:30:00+00:00,179.43682652580452,180.32290214467244,0.004338092341599143,0.004938092341599143,8,momentum_decay,0.01651837922371313,-0.0033906873972089357,False,False,NVDA,2017-10-25 14:30:00+00:00,211,0.007528024688952771,,,,,,,,,,,,,,,,,,,,,,1,0,False,False,0.0,0.004338092341599143,0.0,0.004338092341599143,0.0,0.004338092341599143,0.0,0.004338092341599143,0.0,0.004338092341599143
0.009286524280660421,-0.7485107481711013,-0.663122658240795,0.14357334126111074,0.8577941379085111,0.4851988914189359,0.0,0.5902529995772907,1.7659445609177857,0.7207689674345612,0.407165732176286,0.1735404739847191,0.0,0.0,0.08598652481712606,0.351713224877941,0.7376252451606381,0.20596785885349708,0.2792310325654388,0.20596785885349708,0.0,0.6282647755178508,0.0,0.5141740154811189,0.9158955097098561,0.005389030761238714,3.2271503681510008,0.001335077374762239,0.03337249684563348,0.0028959923886338057,-0.0024701567327681806,0.005072135836465597,0.006740105539208896,1.0,0.27923103256543885,-0.18007011187365937,-0.12975242253709754,1.8436385950692147,0.5148011085810641,3.93589512723048,True,2017-10-27 18:00:00+00:00,2017-10-30 13:30:00+00:00,161.39783739624048,160.20001330849695,-0.008021562191089359,-0.007421562191089359,5,momentum_decay,0.0021972059416615064,-0.008702864205739402,False,False,AAPL,2017-10-27 17:30:00+00:00,213,0.0005731448437960546,,,,,,,,,,,,,,,,,,,,,,1,0,False,False,0.0,-0.008021562191089359,0.0,-0.008021562191089359,0.0,-0.008021562191089359,0.0,-0.008021562191089359,0.0,-0.008021562191089359
0.007361495805157949,-0.9709418174260521,-0.23931566428755743,0.6565338146478162,1.6190039655975828,0.6168693009313235,0.0,0.5981824174552028,1.4091679955301764,0.5794957323581312,0.2612782631203583,0.5182773680990416,0.0,0.0,0.05564368620115515,0.1414374300450464,0.46697512581850953,0.1963650332894548,0.42050426764186877,0.1963650332894548,0.0,0.3447008323567069,0.0,1.5613011928025589,1.4736226103825831,0.0038852108271640227,1.2714266491987065,0.004856542938936226,0.017408858761426727,0.007879890670216438,0.004099115447589785,0.003438104047618351,0.015609662773843125,0.0,0.42050426764186877,0.3507430325293785,0.5790239169216342,0.9111220231292405,0.3831306990686765,0.7629395384928221,True,2017-10-30 17:30:00+00:00,2017-10-31 15:00:00+00:00,234.99360375745545,238.7128982782993,0.015227215981089715,0.015827215981089715,9,target,0.02157157409331356,-0.006538460556548831,False,False,MSFT,2017-10-30 17:00:00+00:00,214,0.0009034010769285138,,,,,,,,,,,,,,,,,,,,,,1,0,False,False,0.0,0.015227215981089715,0.0,0.015227215981089715,0.0,0.015227215981089715,0.0,0.015227215981089715,0.0,0.015227215981089715
0.007159429264686414,0.120536680255323,0.992708874098054,0.6219964920191031,1.2142173098916742,0.5452304563684545,0.0,0.6819622614524398,2.1092704883201305,0.5852188943512722,0.844149240841231,1.1133536973148543,0.0,0.0,0.03345031014754031,0.18597919998580675,0.3145016707440856,0.13044935071972663,0.41478110564872783,0.13044935071972663,0.0,0.3233398030903852,0.0,1.499577689408695,1.1719087010588802,0.003665311160183777,1.0640632829629166,0.004473059045146943,0.02010322965890099,0.008187122822857829,0.03722583798758894,0.0190576526423909,0.019419023880834274,0.0,0.4147811056487279,1.0,1.2496057182432303,1.096408533170399,0.45476954363154554,0.11983637945966231,True,2017-10-31 15:30:00+00:00,2017-10-31 15:30:00+00:00,238.89638351902616,236.58739514384445,-0.010265229507326622,-0.009665229507326623,1,stop,0.0072644572595126355,-0.01021263961003005,False,False,MSFT,2017-10-31 15:00:00+00:00,215,0.006571493362072683,238.89638351902616,237.5,14.0,0.2635512531281912,0.5640336769540204,1439.0,210.0,0.03459888401872983,6.907211037396962,True,0.04260380921404836,0.0036608718090109086,0.6296296296296297,-0.1606858964297871,-0.030772385962539665,0.24942113155100784,7.026701934184856,0.38461538461538464,-0.1877505886381452,5.7074345098568555,0.27027356831224597,1,1,False,False,0.0,-0.010265229507326622,0.0,-0.010265229507326622,0.0,-0.010265229507326622,0.0,-0.010265229507326622,0.0,-0.010265229507326622
0.009072810558461772,-0.970941817426052,0.23931566428755768,0.055492845763071466,0.07872109497780037,0.6104712619077085,0.0,0.26850396811090893,3.686452901047235,0.8385136295347255,1.0339649830304984,0.8427498900196002,0.0,0.0,0.4744057554455241,0.3714975971087802,2.780326848286963,0.448984891442434,0.16148637046527448,0.448984891442434,0.0,0.20969173611659195,0.0,0.3436379528698645,0.2096917361165063,0.004492873916812132,1.0893257849222593,0.0005037296928078749,0.033028050571338285,0.006947099839251569,0.023057201617467715,0.017936119951904583,0.03821922899493102,0.0,0.16148637046527448,0.8410470912640516,0.6814108866013857,2.4121462199273056,0.38952873809229155,0.1802218641998894,True,2017-10-31 17:00:00+00:00,2017-10-31 18:30:00+00:00,164.64241668813378,167.8540210196061,0.018906542700692853,0.019506542700692853,4,target,0.021910009117187546,-0.007086784233164334,False,False,AAPL,2017-10-31 16:30:00+00:00,215,0.003982427350965228,,,,,,,,,,,,,,,,,,,,,,1,2,False,False,0.0,0.018906542700692853,0.0,0.018906542700692853,0.0,0.018906542700692853,0.0,0.018906542700692853,0.0,0.018906542700692853
0.009184139255764053,1.0,0.0,0.039933280121043344,0.07654043271927138,0.6306330747186667,0.0,0.1144064435308118,0.19533012382337825,0.8710734077601537,0.6008489620330045,2.0009327015594556,0.0,89.10755692144834,0.5493277014414526,0.4145092618497333,3.8914119558653764,0.5017064824788203,0.12892659223984626,0.5017064824788203,1.0,0.0,0.008910755692144834,0.30973656735419003,0.24409129522991868,0.004385029923062902,1.2693409126904598,0.009280912298339494,0.02449526131456281,0.014185607623829366,0.04884575193587426,0.021857484097816737,0.02021254876384404,0.0,0.1289265922398463,1.0,2.399279051151981,2.864939799141806,0.36936692528133336,0.756668474952512,True,2017-11-03 14:00:00+00:00,2017-11-03 18:00:00+00:00,177.60757784432508,175.4054946617934,-0.012998587995281485,-0.012398587995281485,9,stop,0.00348708253669483,-0.016662331982131406,False,False,AAPL,2017-11-03 13:30:00+00:00,218,0.003134238458378383,,,,,,,,,,,,,,,,,,,,,,1,1,False,False,0.0,-0.012998587995281485,0.0,-0.012998587995281485,0.0,-0.012998587995281485,0.0,-0.012998587995281485,0.0,-0.012998587995281485
0.009888816088731748,0.8854560256532099,0.4647231720437685,0.3173880920213668,0.3744349450316019,0.8635106146333212,0.0,0.11563133253268304,1.791520319569322,0.6253601454393439,0.02515796315696248,1.0585812697690793,0.0,0.0,0.2348857727241673,0.038817232895620536,1.3049085785203018,0.4888707600726651,0.37463985456065607,0.4888707600726651,0.0,0.4419477920235014,0.0,0.8471818685536567,0.4452217560904272,0.004756510780717707,1.1848750488371382,0.0031484742483229855,0.0008836142749044651,0.012054492340864753,0.016230282360054415,-0.0003131039653326839,0.006197813069445113,0.0,0.37463985456065607,0.8271704785955123,1.1292810168374032,0.3643215843293,0.13648938536667876,0.46030300926697104,True,2017-11-07 15:30:00+00:00,2017-11-07 18:30:00+00:00,179.69805709924412,181.53741138585463,0.009635805084941152,0.010235805084941152,7,momentum_decay,0.0163411961325457,-0.006444106184285592,False,False,AAPL,2017-11-07 15:00:00+00:00,220,0.0010824866266700814,,,,,,,,,,,,,,,,,,,,,,1,0,False,False,0.0,0.009635805084941152,0.0,0.009635805084941152,0.0,0.009635805084941152,0.0,0.009635805084941152,0.0,0.009635805084941152
0.009302980805718628,0.5680647467311559,0.8229838658936564,0.23917088848115023,0.49537652698706325,0.7449838198317261,0.0,0.1796829678165277,1.2590644251480536,0.660555214948398,-0.0371917604575301,1.0188174257504257,0.0,0.0,0.19597389916807118,0.09833538183903938,1.1947128152741258,0.4055390347801241,0.3394447850516019,0.4055390347801241,0.0,0.35814101964297995,0.0,0.7045943818073145,0.5920844810232143,0.004509897276584243,1.4165884396571315,0.002229963859285755,0.0021713323255587724,0.006761956506505573,0.01039233445632659,-0.0018704310212270814,-0.0009090835050744595,0.0,0.33944478505160197,0.10457566853150012,-0.4425442833770983,0.7512744086755528,0.25501618016827393,1.1560005522049668,True,2017-11-08 16:00:00+00:00,2017-11-08 20:00:00+00:00,181.48843819811773,181.4817679338131,-0.0006367531087426264,-3.6753108742626495e-05,9,momentum_decay,0.008118944560900232,-0.0060068937436845715,False,False,AAPL,2017-11-08 15:30:00+00:00,221,0.000841625206999174,,,,,,,,,,,,,,,,,,,,,,1,0,False,False,0.0,-0.0006367531087426264,0.0,-0.0006367531087426264,0.0,-0.0006367531087426264,0.0,-0.0006367531087426264,0.0,-0.0006367531087426264
0.015663167681749073,1.0,0.0,0.8070240971230026,4.632155232047662,0.7702846532956461,0.0,0.4269380450785009,1.4316145122653263,0.5657781675669313,0.5277924651705619,1.0198437767151514,0.0,-23.787961459309503,0.11243071901420212,0.06624151758119387,0.7739427079918187,0.33606282086257744,0.43422183243306867,0.33606282086257744,1.0,0.3216136279756198,0.0023787961459309503,1.8585525573438273,3.109320977142078,0.005803234607939889,1.0572840613407133,0.010393132561358653,0.04302558660946754,0.01318672387170694,0.06671451371209591,0.013162893853223112,0.040984306302452866,0.0,0.4342218324330686,0.7265450534469539,0.718157365493932,0.5290276295346207,0.22971534670435392,0.12892880658945313,True,2017-11-09 15:00:00+00:00,2017-11-09 17:30:00+00:00,167.68566225628427,169.41689054749344,0.009724247570810297,0.010324247570810297,6,stop,0.028668646456604607,-0.009684675483268568,False,False,TSLA,2017-11-09 14:30:00+00:00,222,0.0052191790187976084,,,,,,,,,,,,,,,,,,,,,,1,3,False,False,0.0,0.009724247570810297,0.0,0.009724247570810297,0.0,0.009724247570810297,0.0,0.009724247570810297,0.0,0.009724247570810297
0.010393628910747512,1.0,0.0,0.33071780213796076,0.8523890008885933,0.675903769807957,0.0,0.279814794818034,0.5835546885364312,0.616945226216455,0.280692140467421,0.420802395174922,0.0,-155.90986116199358,0.10626569391095737,0.12304121643109577,0.7645094541738586,0.29284899602441206,0.3830547737835449,0.29284899602441206,1.0,0.0,0.015590986116199357,0.8633694833544652,0.8809034221425149,0.005372763344840153,1.52033475966845,-0.01219554847404769,0.006078331769492351,-0.008244955014933275,-0.005492720247983529,-0.003571952206827267,0.006346770244080924,0.0,0.38305477378354497,1.0,-0.7152578269335511,0.8460832559018554,0.32409623019204303,1.7492875305332491,True,2017-11-13 15:00:00+00:00,2017-11-13 18:30:00+00:00,183.92717203927282,188.03726420074855,0.02174630215810718,0.02234630215810718,8,target,0.02517447979671439,-0.004770539102415539,False,False,AAPL,2017-11-13 14:30:00+00:00,224,0.0022071315934394592,,,,,,,,,,,,,,,,,,,,,,1,0,False,False,0.0,0.02174630215810718,0.0,0.02174630215810718,0.0,0.02174630215810718,0.0,0.02174630215810718,0.0,0.02174630215810718
0.010897896763476677,-0.970941817426052,0.23931566428755768,0.14013345006469696,0.1839535561024417,0.7608035235226608,0.0,0.1784268551543619,1.7687413266573824,0.7041493087967186,0.7648052568252396,1.8612817215306576,0.0,0.0,0.28064178063047207,0.10153546490123198,1.571579334247186,0.4649528323193794,0.29585069120328134,0.4649528323193794,0.0,0.2766249062560828,0.0,0.4736627435100706,0.276624906256007,0.0052655972914663635,1.1019606536952355,0.0015294956563054463,0.04374643398599698,0.009926606265075577,0.07435628459220611,0.012553474505132778,0.024508810991515917,0.0,0.2958506912032814,0.2155654978305804,0.3166111240656305,0.8085040312181815,0.23919647647733921,0.26593977638951505,True,2017-11-14 18:00:00+00:00,2017-11-15 14:30:00+00:00,195.5731209765931,203.63505571786817,0.040622099954318244,0.04122209995431825,7,gap_through_target,0.04122209995431825,-0.005592067128478595,False,True,AAPL,2017-11-14 17:30:00+00:00,225,0.005035576947046468,,,,,,,,,,,,,,,,,,,,,,1,2,False,False,0.0,0.040622099954318244,0.0,0.040622099954318244,0.0,0.040622099954318244,0.0,0.040622099954318244,0.0,0.040622099954318244
0.011848238690413501,1.0,0.0,0.2013956615876801,0.2054854874322573,0.8908286338077521,0.0,0.06336086040976312,0.5170189829475722,0.6529933561740145,0.9785600094027503,2.058916195474845,0.0,257.5818409516439,0.3038789735521865,0.031238689722160574,1.567180339790158,0.5438219899817667,0.34700664382598545,0.5438219899817667,1.0,0.0,0.025758184095164394,0.5803798433573353,0.2730412370674294,0.008345609875800191,2.191057448558964,0.0282116862355013,0.05903664805011344,0.040636918492723995,0.10979865772695363,0.04441000588192012,0.045308943974417204,1.0,0.34700664382598545,1.0,4.299764906486534,0.3146088645114537,0.10917136619224786,2.5587804937551435,True,2017-11-15 15:00:00+00:00,2017-11-15 16:00:00+00:00,204.12212864869946,200.8571702506956,-0.016595122232058234,-0.015995122232058234,3,stop,0.0027588613077071944,-0.017948971595483032,False,False,AAPL,2017-11-15 14:30:00+00:00,226,0.017014745097567653,204.12212864869946,202.5,14.0,0.63237898046058,0.556840710739767,1719.0,173.0,0.03437767343239718,13.129080239199638,True,0.04746096688775982,0.0002466358839506597,0.8148148148148148,-0.04495193779691854,-0.011308222454116036,0.5948421595008729,13.354753855665109,0.38461538461538464,-0.21390641152536904,10.498086381595199,0.6004901993051537,1,5,True,True,0.05,-0.02729044280832669,0.1,-0.03798576338459514,0.2,-0.05937640453713204,0.3,-0.08076704568966894,0.2,-0.05937640453713204
0.008078973674546715,1.0,0.0,0.7444955266952387,6.03666846844813,0.9111135425938793,0.0,0.15524860115590042,1.5913459385114002,0.5737445012068723,0.5082521318723965,0.9368660074881349,0.0,55.79663277752278,0.19820490321808343,0.02054422711252571,1.137482202981903,0.48485804380075154,0.42625549879312785,0.48485804380075154,1.0,0.12772158374501627,0.005579663277752278,1.7465945396673006,3.4603828799885905,0.0042864312617032635,1.5158136947616032,0.011664582701402137,0.01238156772882193,0.012685362435141734,0.03212441844189229,0.017167481793282535,0.01368107682075137,0.0,0.4262554987931278,1.0,2.0577611735028265,0.20852858827092122,0.08888645740612065,1.5233787154763077,True,2017-11-21 15:00:00+00:00,2017-11-21 16:00:00+00:00,204.27923156926053,204.3200874155744,-0.000400000000000022,0.00019999999999997797,3,stop,0.009564161250825265,-0.005376302931907606,False,False,AAPL,2017-11-21 14:30:00+00:00,230,0.004284227416264587,,,,,,,,,,,,,,,,,,,,,,1,1,False,False,0.0,-0.000400000000000022,0.0,-0.000400000000000022,0.0,-0.000400000000000022,0.0,-0.000400000000000022,0.0,-0.000400000000000022
0.009515228185245354,-0.35460488704253545,0.9350162426854148,0.5626080439472569,0.9504750489610624,0.8471780308343589,0.0,0.20546596542366188,1.62568820843594,0.5815420380345493,0.1577097082819474,0.06886637380756501,0.0,0.0,0.1682505616658244,0.040442945947747194,1.0245236268294777,0.42872006886890834,0.4184579619654507,0.42872006886890834,0.0,0.4996922859167689,0.0,1.3444792430397292,0.959185438910016,0.00458091653564754,1.2552407325382682,0.005382156451512854,0.004455477936037289,0.011107650847315798,-0.011020161046961352,0.010499849033261732,0.012150670181400036,0.0,0.41845796196545065,0.7790387649545135,1.0629893880525254,0.3652026799722319,0.152821969165641,0.8324588366374097,True,2017-11-23 17:00:00+00:00,2017-11-24 16:30:00+00:00,203.71769096229656,204.9612939005081,0.005504540711890039,0.0061045407118900386,13,stop,0.019106186394498792,-0.01261297733905653,False,False,AAPL,2017-11-23 16:30:00+00:00,232,0.0009563102786825988,,,,,,,,,,,,,,,,,,,,,,1,0,False,False,0.0,0.005504540711890039,0.0,0.005504540711890039,0.0,0.005504540711890039,0.0,0.005504540711890039,0.0,0.005504540711890039
0.00794884505465117,-0.7485107481711012,0.6631226582407952,0.2527244480135433,0.4338884964701208,0.7335554479773642,0.0,0.19642677416258356,2.0224325506835776,0.6571900514926687,0.20170919165350426,-0.14243330277696648,0.0,0.0,0.18316531634364208,0.10373418508171331,1.1398312714390821,0.39074549947003284,0.3428099485073314,0.39074549947003284,0.0,0.322658288501135,0.0,0.7372144510798483,0.5286517717461499,0.004752004966254506,1.8587651069822708,0.002012911150529817,0.009962619604229506,0.0066831519105743364,0.01045059494033107,0.013020560703562722,0.001451689021251923,0.0,0.3428099485073313,1.0,1.3576742920888243,0.7772369302062027,0.26644455202263584,2.075062710153166,True,2017-11-27 17:30:00+00:00,2017-11-27 20:00:00+00:00,203.66297393728436,207.14357759715776,0.01649001686749989,0.01709001686749989,6,target,0.021609429102566136,-0.006339376105664485,False,False,MSFT,2017-11-27 17:00:00+00:00,234,0.005372032353168693,,,,,,,,,,,,,,,,,,,,,,1,0,False,False,0.0,0.01649001686749989,0.0,0.01649001686749989,0.0,0.01649001686749989,0.0,0.01649001686749989,0.0,0.01649001686749989
0.013972115561027749,1.0,0.0,0.26415091642042876,5.339205109356774,0.7056648786559601,0.0,0.23015588472893536,0.5517959383425379,0.6621902927691181,0.5555125375386756,1.857442636150956,0.0,76.75181893561201,0.1696152117365411,0.12157607170653299,1.0889419799089535,0.36785517142507806,0.337809707230882,0.36785517142507806,1.0,0.0,0.0076751818935612,0.7819518230714733,2.2280598454681613,0.006299622458206866,2.445126354917368,0.011408033189087785,0.03368697521843278,0.01211564361312445,0.08427192716329968,0.0210931726853556,0.023226490773482267,1.0,0.33780970723088194,-0.15389306462632732,0.4231596113004314,0.8713045097380145,0.29433512134404,3.4360908760359585,True,2017-11-28 15:00:00+00:00,2017-11-28 17:30:00+00:00,161.38349047329763,161.41576717139228,-0.000400000000000022,0.00019999999999997797,6,stop,0.016334576465806272,-0.010429343456814122,False,False,NVDA,2017-11-28 14:30:00+00:00,235,0.014993912710725815,161.38349047329763,165.0,14.0,0.5162812790412713,0.45897563969926003,1884.0,248.0,0.03512673625302046,6.3893350329562395,True,0.05324297962939265,0.0006161869457493285,0.7654320987654321,-0.07074406798559645,-0.005667345685448133,0.48620962305153803,6.501553276223658,0.38461538461538464,-0.20624441072328492,5.160644251982867,0.4476516657935675,1,1,False,False,0.0,-0.000400000000000022,0.0,-0.000400000000000022,0.0,-0.000400000000000022,0.0,-0.000400000000000022,0.0,-0.000400000000000022
0.008240611987752474,-0.7485107481711013,-0.663122658240795,0.2947886160427611,13.492406838634396,0.7402552838071603,0.0,1.0830828665775802,1.0063440300743167,0.6373748442852714,-0.3087817977052706,0.412684579224942,0.0,0.0,0.16378113926042306,0.09471331089022951,1.0413787409408513,0.37763012809243157,0.36262515571472875,0.37763012809243157,0.0,0.32889088309435216,0.0,0.8129293056399719,3.040522104441972,0.0037383222476049553,1.778422073404612,0.0024351541737386295,-0.02338272546425013,0.0026161096424839325,0.007565535426920622,0.004352747860139727,-0.004400864413693584,0.0,0.3626251557147287,0.4153640503139369,0.17905363554961434,0.7162898439309122,0.25974471619283973,1.6645967999608842,True,2017-11-29 19:00:00+00:00,2017-11-30 14:30:00+00:00,208.03420319355172,204.74679763004585,-0.016402235945054255,-0.015802235945054255,5,gap_through_stop,0.003591279113236867,-0.015802235945054255,True,False,MSFT,2017-11-29 18:30:00+00:00,236,0.0051962845387623436,208.03420319355172,207.5,30.0,0.2500603783364619,0.5509777467647773,2345.0,335.0,0.02387119054352565,7.917943455076795,True,0.0007415556454508738,0.0035793497153780367,0.49382716049382713,-0.14638461525238414,-0.05790330589335576,0.23684269773690003,8.012448823541295,0.38461538461538464,-0.17567821770422776,6.604836094775224,0.26824347812895494,1,0,False,False,0.0,-0.016402235945054255,0.0,-0.016402235945054255,0.0,-0.016402235945054255,0.0,-0.016402235945054255,0.0,-0.016402235945054255
0.009251141543077391,1.0,0.0,0.31441462344251075,0.9081204781906861,0.8314352250152128,0.0,0.13949571686081322,0.6880539113067717,0.6200655371706125,-0.2632249169080507,0.06236031872146289,0.0,-179.8289404919273,0.20421825380147357,0.05029797539177517,1.188364853303185,0.45150076218582536,0.3799344628293875,0.45150076218582536,1.0,0.0,0.017982894049192732,0.8275496281675849,0.9255772014555236,0.005252508018301473,1.3117315799247657,-0.015118174009336571,-0.0172751106902449,-0.012001473918342942,-0.010485174656875484,-0.014433459377796165,-0.01141715733147819,0.0,0.3799344628293875,1.0,-1.2531368044085132,0.4436680308735253,0.16856477498478714,0.65497286556637,True,2017-11-30 15:00:00+00:00,2017-11-30 17:00:00+00:00,205.34408076362146,205.50659196432224,0.0001914092293113129,0.0007914092293113129,5,momentum_decay,0.007868231750812527,-0.004060851712840319,False,False,MSFT,2017-11-30 14:30:00+00:00,237,0.002472806012543938,,,,,,,,,,,,,,,,,,,,,,1,0,False,False,0.0,0.0001914092293113129,0.0,0.0001914092293113129,0.0,0.0001914092293113129,0.0,0.0001914092293113129,0.0,0.0001914092293113129
0.015415934249265201,1.0,0.0,0.9743654624918879,1.4899699690667048,0.7907299251391279,0.0,0.4592211508636246,1.7351735860280506,0.5559753010198789,0.29757297684306044,0.1649975569134792,0.0,-16.982815019987996,0.11442361873429895,0.05706153220385301,0.78082419053534,0.34670522615900684,0.4440246989801211,0.34670522615900684,1.0,0.44139774935412124,0.0016982815019987996,2.194394736891675,1.4108175201815343,0.006717907422666966,2.189235262560943,0.01352563767748638,0.029570883760635214,0.02398834235501912,0.025241792034654154,0.017425929750710667,0.023937024023397813,1.0,0.44402469898012104,0.9190894994218017,1.6633370018966236,0.47130277964592915,0.2092700748608721,2.5694411801595627,True,2017-12-01 15:00:00+00:00,2017-12-01 15:00:00+00:00,148.114943146412,145.0324473428257,-0.02141151123650815,-0.02081151123650815,1,stop,0.008094976876936055,-0.028732808332367243,False,False,TSLA,2017-12-01 14:30:00+00:00,238,0.007182026568184037,,,,,,,,,,,,,,,,,,,,,,1,1,False,False,0.0,-0.02141151123650815,0.0,-0.02141151123650815,0.0,-0.02141151123650815,0.0,-0.02141151123650815,0.0,-0.02141151123650815
0.014523956516094429,-0.35460488704253545,0.9350162426854148,0.22271059426684,0.679619041823611,0.5674868380308284,0.0,1.4265721337727184,0.9165328548889518,0.6770693446273438,0.07997902771568714,0.2225412947034818,0.0,0.0,0.09699225626598484,0.22835163294404565,0.7573024690872144,0.2445561826581723,0.3229306553726562,0.2445561826581723,0.0,0.6109535505808892,0.0,0.6896545452144702,0.7679546345122515,0.006664623793310543,1.3495763668670968,0.003245135829677226,0.035689379844200175,0.008058548510702535,0.02047841711500986,-0.005148573951689883,0.009357880969545818,0.0,0.3229306553726562,0.8541617009142434,0.49769034654319216,1.339337578432006,0.4325131619691715,0.9569137281677493,True,2017-12-07 17:00:00+00:00,2017-12-07 19:00:00+00:00,148.98747272888485,146.06622450215272,-0.020207341296727587,-0.019607341296727587,5,stop,0.0076083528046613225,-0.02095997665841931,False,False,NVDA,2017-12-07 16:30:00+00:00,242,0.003145158111667582,,,,,,,,,,,,,,,,,,,,,,1,1,False,False,0.0,-0.020207341296727587,0.0,-0.020207341296727587,0.0,-0.020207341296727587,0.0,-0.020207341296727587,0.0,-0.020207341296727587
0.008176054325140087,-0.3546048870425359,-0.9350162426854147,0.3662703422066491,0.29464984941297206,0.8454960911072061,0.0,0.1479128863094117,3.3642574506187475,0.6174085909996354,0.7915668549639764,0.18465004783157873,0.0,0.0,0.21053261136989682,0.04463823739490992,1.2099191754345984,0.4629046821068415,0.3825914090003646,0.4629046821068415,0.0,0.35060451192418685,0.0,0.9573407389456048,0.35419886690249697,0.0033391073871054068,1.1428240302011,0.003003641057896189,0.023088554244475423,0.013333495625494463,0.01541911822244324,0.019257861901955664,0.02437518221025292,0.0,0.3825914090003646,1.0,2.314014937398923,0.4038352802960959,0.1545039088927939,0.28700472241906855,True,2017-12-07 19:30:00+00:00,2017-12-08 16:00:00+00:00,203.60989775787135,207.18905776606118,0.016978516799051203,0.017578516799051203,7,target,0.019853411831892043,-0.0041237193918772785,False,False,MSFT,2017-12-07 19:00:00+00:00,242,0.005085253438914187,203.60989775787135,202.5,21.0,0.24418549263501654,0.5635892947539707,1912.0,319.0,0.028014405524831504,6.635783203501049,True,0.011092851566362447,0.004375978737098136,0.5308641975308642,-0.16559534478079235,-0.05454682739260562,0.23129325818938037,6.7287319643199215,0.38461538461538464,0.24677076198923187,8.38918627837645,0.23324318168728078,1,1,False,False,0.0,0.016978516799051203,0.0,0.016978516799051203,0.0,0.016978516799051203,0.0,0.016978516799051203,0.0,0.016978516799051203
0.01646184536357651,1.0,0.0,0.0981492928747062,0.47331773059835813,0.5388235874574538,0.0,0.19017535628698076,0.22219472838085985,0.7619873591127146,0.3674432095843794,0.4172323239675288,0.0,226.53427528345426,0.1729683825288641,0.3441027915433647,1.2638444136730003,0.3008109465701685,0.23801264088728535,0.3008109465701685,1.0,0.0,0.022653427528345427,0.41237008466784064,0.6598029762284678,0.009761714989650226,1.8701717983675612,0.02430842157619839,0.03735816570705963,0.02790256673438707,0.023202549886619295,0.03472823746734588,0.03238397700761242,0.0,0.23801264088728533,-0.055035238854518026,1.3829968407960718,1.9376131066882323,0.4611764125425462,2.0107494208479038,True,2017-12-11 15:00:00+00:00,2017-12-11 16:30:00+00:00,153.23329494826035,149.82791616017442,-0.02282349124082834,-0.02222349124082834,4,stop,0.015152569308034769,-0.0249746720435422,False,False,NVDA,2017-12-11 14:30:00+00:00,244,0.009594549643984731,,,,,,,,,,,,,,,,,,,,,,1,2,False,False,0.0,-0.02282349124082834,0.0,-0.02282349124082834,0.0,-0.02282349124082834,0.0,-0.02282349124082834,0.0,-0.02282349124082834
0.016914341318936627,-0.9709418174260521,-0.23931566428755743,0.3662473939777448,9.69257092851573,0.658852241052917,0.0,0.9908342183196303,1.385300460943558,0.6106904859712302,0.2468356286762398,0.6806860462867009,0.0,0.0,0.09285825702569842,0.13029934196129156,0.6923610066306873,0.26954272702414717,0.3893095140287698,0.26954272702414717,0.0,0.30276478182001,0.0,0.9407614784124677,3.3028940618104365,0.010167281877372716,1.2160350957597692,0.006233448604704428,0.028952233169218466,0.006880989999907383,0.042571651516802644,0.015988314549968408,0.022689753201831087,0.0,0.3893095140287698,0.15289936493290876,0.10428849382428008,0.8762892933603271,0.341147758947083,0.4981771767788863,True,2017-12-11 18:30:00+00:00,2017-12-11 20:30:00+00:00,152.9911472872549,149.49769223386525,-0.023434360780564444,-0.022834360780564444,5,stop,0.016111811202583315,-0.024435159950739527,False,False,NVDA,2017-12-11 18:00:00+00:00,244,0.00655623786624301,,,,,,,,,,,,,,,,,,,,,,1,0,False,False,0.0,-0.023434360780564444,0.0,-0.023434360780564444,0.0,-0.023434360780564444,0.0,-0.023434360780564444,0.0,-0.023434360780564444
0.015285589100568124,1.0,0.0,0.48594402373957507,2.3302783599186987,0.7677190381924031,0.0,0.26913244403297615,0.8895180193481084,0.5805948048201434,0.3181604512774945,0.07872004137480915,0.0,-311.35215231760327,0.12339317253265898,0.06985060892900653,0.8304948222277787,0.3483138430125464,0.41940519517985664,0.3483138430125464,1.0,0.0,0.031135215231760327,1.1586504633810846,2.0769758675544043,0.00881094169800696,2.305660694259802,-0.023884688608975302,0.005586020256838298,-0.020838082816871717,-0.0007911492721591751,-0.003911526540417931,0.007853351081525739,1.0,0.41940519517985664,1.0,-1.062255857541694,0.5538342502119532,0.23228096180759691,2.855949252441371,True,2017-12-15 15:00:00+00:00,2017-12-15 16:00:00+00:00,191.75301139498626,198.05478553809394,0.03226401656622151,0.03286401656622151,3,target,0.0345917896518384,-0.016040410115186865,False,False,AAPL,2017-12-15 14:30:00+00:00,248,0.0030393188369094506,,,,,,,,,,,,,,,,,,,,,,1,0,False,False,0.0,0.03226401656622151,0.0,0.03226401656622151,0.0,0.03226401656622151,0.0,0.03226401656622151,0.0,0.03226401656622151
0.009074234354451167,-0.3546048870425359,-0.9350162426854147,0.36586887465263523,60.74080254516617,0.7496502959201559,0.0,0.25290920180067494,4.463346719147942,0.6378338002367285,0.9572657516791222,1.2171547432895713,0.0,0.0,0.17052613853911885,0.0900207881422596,1.0699068450053906,0.38748409615688434,0.3621661997632716,0.38748409615688434,0.0,0.2881791174683387,0.0,1.0102236898191603,3.4700640656518655,0.003813894204106055,1.7175561720785775,0.0033310388938094793,0.03640145593899846,0.003386064805009692,0.04789701189958029,0.015173592748641607,0.024467845896444684,0.0,0.3621661997632715,1.0,1.4637072113194014,0.6912564017379744,0.2503497040798441,1.9950788831664732,True,2017-12-15 19:30:00+00:00,2017-12-18 14:30:00+00:00,204.59568467975407,208.58726543974507,0.018909603862070124,0.019509603862070124,4,target,0.028818001079698563,-0.006099215850284834,False,False,MSFT,2017-12-15 19:00:00+00:00,248,0.00448218538958688,,,,,,,,,,,,,,,,,,,,,,1,2,False,False,0.0,0.018909603862070124,0.0,0.018909603862070124,0.0,0.018909603862070124,0.0,0.018909603862070124,0.0,0.018909603862070124
0.011040336328396558,1.0,0.0,1.137845073312398,6.825203451232066,0.8445472838131913,0.0,0.3879754509881774,2.1078024325062765,0.5440920120186142,1.0079970145418649,1.5648700215170805,0.0,-12.730466933147389,0.13057035164796915,0.037806783384631185,0.8524511657548007,0.38863929583180556,0.45590798798138576,0.38863929583180556,1.0,0.22453924484474505,0.0012730466933147389,2.495777883494454,4.453564456808727,0.003964814790797442,2.0418456412030674,0.011432766213344436,0.05920451144830974,0.01331916327025362,0.064591774779859,0.02442997874431785,0.03997426204128374,1.0,0.45590798798138576,1.0,1.820679217419555,0.3409738813198785,0.15545271618680867,2.214356478327419,True,2017-12-18 15:00:00+00:00,2017-12-18 18:30:00+00:00,209.5939529076596,210.89544240597263,0.005609575611594298,0.006209575611594298,8,momentum_decay,0.018279009157749826,-0.006366445382887886,False,False,MSFT,2017-12-18 14:30:00+00:00,249,0.010901727589946755,209.5939529076596,210.0,14.0,0.37848307502329526,0.519069948014327,1359.0,150.0,0.034466008019126845,7.485863687306818,True,0.059141057802531684,0.0011602617895525944,0.7407407407407407,-0.09616968236820761,-0.009976745138320212,0.3572895556124103,7.614867606245221,0.38461538461538464,-0.1228738059550446,6.679199841622091,0.3157878447400288,1,5,True,True,0.05,-0.0005341146861579322,0.1,-0.006677804983910162,0.2,-0.018965185579414623,0.3,-0.031252566174919075,0.2,-0.018965185579414623
0.024097841589548204,1.0,0.0,0.14765644023539856,0.28283774882002044,0.7478731009015782,0.0,0.13115634480141997,0.38904338505850666,0.7161543311928329,0.269094347769334,0.14235484479703023,0.0,489.6885263593864,0.29186005842781293,0.11364879650679958,1.6347877846557646,0.4640274320944111,0.2838456688071672,0.4640274320944111,1.0,0.0,0.04896885263593864,0.5201997298599266,0.41535187936231993,0.015667517206087493,2.496997519230077,0.052714623394784166,0.0931497236040113,0.06684339800562045,0.02047869692368698,0.050784005391028675,0.058243149136945505,1.0,0.28384566880716716,0.16704958665574024,2.4798756949341074,0.8882534658971959,0.25212689909842173,3.6186917376292285,True,2017-12-20 15:00:00+00:00,2017-12-20 16:30:00+00:00,129.31951452131054,125.11248093455858,-0.0331320861458901,-0.03253208614589009,4,stop,0.004893486214758935,-0.0429485540760528,False,False,TSLA,2017-12-20 14:30:00+00:00,251,0.01558215334194132,,,,,,,,,,,,,,,,,,,,,,1,3,False,False,0.0,-0.0331320861458901,0.0,-0.0331320861458901,0.0,-0.0331320861458901,0.0,-0.0331320861458901,0.0,-0.0331320861458901
0.009580397284032531,-0.9709418174260521,-0.23931566428755743,0.8678920523195873,7.106683747666862,0.7618183564214077,0.0,0.5415896712569305,2.3913464867568246,0.5650077479323932,-0.03754683389319806,0.65105732916066,0.0,0.0,0.10780025730165807,0.06942041113873561,0.7513377601558326,0.3268261043538009,0.43499225206760683,0.3268261043538009,0.0,0.2540550898961816,0.0,1.9951896802628541,3.93615416407395,0.00468179961031205,1.953598294161143,0.008384465400102625,0.0018898854409796773,0.009575562636765511,0.020612090745436795,0.007544775135378545,-0.003920485171655552,0.0,0.43499225206760683,0.6270611219240646,0.8144977633360674,0.5475537608919064,0.23818164357859228,2.5229340496992823,True,2017-12-21 18:30:00+00:00,2017-12-22 14:30:00+00:00,213.82991016269503,218.44985491908352,0.021005699375140564,0.021605699375140563,6,gap_through_target,0.021605699375140563,-0.008926805541917049,False,True,MSFT,2017-12-21 18:00:00+00:00,252,0.0056956621065384514,213.82991016269503,212.5,14.0,0.32189817732312503,0.5594023883703806,1510.0,273.0,0.034523008490918064,7.384330182062101,True,0.003608082320862613,0.004303099515414273,0.5061728395061729,-0.1615730352700231,-0.06872360734812015,0.30479488566906004,7.511794828849638,0.38461538461538464,0.31118291284887767,9.849337024414204,0.31705525148923064,1,0,False,False,0.0,0.021005699375140564,0.0,0.021005699375140564,0.0,0.021005699375140564,0.0,0.021005699375140564,0.0,0.021005699375140564
0.00909124958653765,1.0,0.0,0.06844573393677132,0.1525503413418814,0.7251840023583563,0.0,0.11437725819195832,0.301818520705545,0.835544382218188,0.7486804164799118,1.2138076030114127,0.0,48.87881174688413,0.6059234192450259,0.20444415885585754,3.409603102256783,0.5607283845765444,0.16445561778181195,0.5607283845765444,1.0,0.0,0.004887881174688413,0.4161957788975033,0.35473502244854227,0.005081474122268764,2.3394963996730915,0.005513569283503328,0.022142773171034857,0.009654687068955115,0.024701509413967537,0.015167268993786509,0.03203033709942815,1.0,0.16445561778181197,1.0,1.5466445846418986,1.6710648219036797,0.27481599764164366,3.0354908888582184,True,2017-12-22 15:00:00+00:00,2017-12-22 15:30:00+00:00,218.585871562488,215.90312629795966,-0.012873186941825775,-0.012273186941825776,2,stop,0.007207814899499176,-0.016557725519057542,False,False,MSFT,2017-12-22 14:30:00+00:00,253,0.008955663927358184,218.585871562488,217.5,14.0,0.4442185567961424,0.5482097235347179,1267.0,102.0,0.03481872644255338,9.899362822079226,True,0.013004511149418165,0.0019270985613843207,0.5555555555555556,-0.1126233185300514,-0.0596193593316596,0.419819579298606,10.071704425108004,0.38461538461538464,-0.23787523694375157,7.675895348558007,0.41314408538703457,1,1,False,False,0.0,-0.012873186941825775,0.0,-0.012873186941825775,0.0,-0.012873186941825775,0.0,-0.012873186941825775,0.0,-0.012873186941825775
0.009958835097162723,-0.7485107481711012,0.6631226582407952,0.7271177606789356,10.223964418735445,0.9035385670421728,0.0,0.6491736218721561,1.7354439994762108,0.573512766788286,0.3093133279147328,1.2030489734880907,0.0,0.0,0.1932091142363417,0.022611458110137598,1.118559470673165,0.4770513338304588,0.4264872332117141,0.4770513338304588,0.0,0.23188147897888067,0.0,1.7048992421256943,4.312547963737617,0.004703085078393285,1.0709933597261083,0.0072940639855658684,0.032792006937480744,0.008013208980933939,0.02350374237429076,-0.0014723767513782349,0.015017413976415872,0.0,0.42648723321171406,1.0,0.9514030427377483,0.22617660142216142,0.09646143295782716,0.16519387239703787,True,2017-12-22 17:30:00+00:00,2017-12-25 14:30:00+00:00,218.74719459671343,225.79876885833366,0.0316361814725014,0.0322361814725014,8,gap_through_target,0.0322361814725014,-0.005728376019526249,False,True,MSFT,2017-12-22 17:00:00+00:00,253,0.0033693879188942486,,,,,,,,,,,,,,,,,,,,,,1,0,False,False,0.0,0.0316361814725014,0.0,0.0316361814725014,0.0,0.0316361814725014,0.0,0.0316361814725014,0.0,0.0316361814725014
0.020007624857588807,1.0,0.0,0.610542446024425,15.131154254675094,0.8212861158315433,0.0,0.26559785773107025,1.2205645574997255,0.5891818822981001,0.2883088741413383,0.03350006973559554,0.0,27.188231032140298,0.16115816907297514,0.05036678377760541,0.9991477504096241,0.41046799812964335,0.4108181177019,0.41046799812964335,1.0,0.2345347633220853,0.0027188231032140298,1.4861624152307957,4.263760245322512,0.010062717640478516,2.6120743379016984,0.01511901369853752,0.002301680309237275,0.015951600113616404,0.037654624055862396,0.023711459773466448,0.01957635573144434,1.0,0.41081811770189997,1.0,1.3962822486240014,0.43501948056248285,0.17871388416845668,3.6799344220736,True,2017-12-25 15:00:00+00:00,2017-12-25 15:00:00+00:00,122.73786158742939,119.42267591530306,-0.02761029355774498,-0.02701029355774498,1,stop,0.0038879308632930876,-0.029143479816838846,False,False,TSLA,2017-12-25 14:30:00+00:00,254,0.011068015863920443,,,,,,,,,,,,,,,,,,,,,,1,0,False,False,0.0,-0.02761029355774498,0.0,-0.02761029355774498,0.0,-0.02761029355774498,0.0,-0.02761029355774498,0.0,-0.02761029355774498
0.020308656771500577,-0.9709418174260521,-0.23931566428755743,0.5301190406255625,1.8831635699983436,0.5879966420176986,0.0,0.8949341312952939,1.4776677312543205,0.5909819402944674,0.010594825663822348,-0.12153225689872947,0.0,0.0,0.050685808714613305,0.16291674065379275,0.43758112402393906,0.1789785823121661,0.4090180597055325,0.1789785823121661,0.0,0.42730601730541584,0.0,1.2960773443774465,1.6210739957125986,0.0132807501978862,1.0695379588965137,0.01088317395634153,0.006145290965110739,0.01675922620521808,0.011772155720894295,0.008113082833872909,0.024206119464811326,0.0,0.40901805970553257,1.0,1.0411439440491042,1.0072986955114454,0.41200335798230137,0.2009931656329419,True,2017-12-25 18:30:00+00:00,2017-12-26 14:30:00+00:00,129.33099727290534,136.8353894816248,0.057424699159198386,0.05802469915919839,6,gap_through_target,0.05802469915919839,-0.0035163006675978936,False,True,NVDA,2017-12-25 18:00:00+00:00,254,0.005047126788332016,,,,,,,,,,,,,,,,,,,,,,1,0,False,False,0.0,0.057424699159198386,0.0,0.057424699159198386,0.0,0.057424699159198386,0.0,0.057424699159198386,0.0,0.057424699159198386
0.019954125927438362,-0.970941817426052,0.23931566428755768,0.07270205055817398,0.1048143042858094,0.34815798999731573,0.0,0.5043142425952826,1.3619797829156324,0.8138629140604621,0.6519686504826511,1.170798039702435,0.0,0.0,0.08221376009398164,0.6820001089452885,0.8704385976559218,0.16202090405777786,0.18613708593953793,0.16202090405777786,0.0,0.24046883136761749,0.0,0.39058337134271826,0.2404688313675639,0.010485220383927843,1.2711850995244083,0.001452813477062831,0.08213805521499129,0.015528888934927432,0.07492401595321807,0.01884874892507149,0.045790394679186885,0.0,0.18613708593953787,0.5637992745721433,0.5461103356481048,3.5019459271602322,0.6518420100026843,0.7229520064530153,True,2017-12-26 18:00:00+00:00,2017-12-26 20:00:00+00:00,138.44724838002054,136.94336107127202,-0.011462529420740285,-0.010862529420740286,5,momentum_decay,0.01701631757183386,-0.01529488120428335,False,False,NVDA,2017-12-26 17:30:00+00:00,255,0.008907577340406132,,,,,,,,,,,,,,,,,,,,,,1,3,False,False,0.0,-0.011462529420740285,0.0,-0.011462529420740285,0.0,-0.011462529420740285,0.0,-0.011462529420740285,0.0,-0.011462529420740285
0.011612134444526433,-0.3546048870425359,-0.9350162426854147,0.7139766755661304,2.4206531362949235,0.6762378647999111,0.0,0.5416525159993401,1.9483471013079254,0.5732344886502232,0.3200435398264476,0.21170366529882237,0.0,0.0,0.07553420294870435,0.1087963917626162,0.5845654037528676,0.24947235345013435,0.4267655113497768,0.24947235345013435,0.0,0.5000298297546703,0.0,1.6729952551881717,1.9998806880983608,0.005386167145035413,1.1078671158430913,0.008360105048574207,0.00929515813291748,0.011854703878729334,0.019938204210188326,0.011623602034840141,0.011343254344926335,0.0,0.42676551134977675,1.0,1.4902096472799014,0.7586417519445121,0.3237621352000889,0.39999031606101276,True,2017-12-27 19:30:00+00:00,2017-12-28 14:30:00+00:00,196.57415258202306,201.48184038144086,0.024366089055731722,0.02496608905573172,4,target,0.025003602132617875,-0.0033047686224130235,False,False,AAPL,2017-12-27 19:00:00+00:00,256,0.001824272550862505,,,,,,,,,,,,,,,,,,,,,,1,0,False,False,0.0,0.024366089055731722,0.0,0.024366089055731722,0.0,0.024366089055731722,0.0,0.024366089055731722,0.0,0.024366089055731722
0.018271336077242954,0.5680647467311559,0.8229838658936564,0.25589446596012855,0.43711147636232917,0.613040297979759,0.0,0.3011098874747499,1.3422584471745735,0.6711471445624196,0.9952270414356698,0.5711210516882901,0.0,0.0,0.1185192193523711,0.18843428658109013,0.8641781205262646,0.2841874425421787,0.32885285543758036,0.2841874425421787,0.0,0.34474595267091984,0.0,0.7781427520817131,0.5434830053554145,0.010335144668283185,1.623280952137226,0.0046974970942466054,0.060538816026526554,0.01561195360923362,0.028002414754961125,0.048558888724243854,0.0786179813999015,0.0,0.32885285543758036,0.9643673115481098,2.7126324705106897,1.1766955816903266,0.38695970202024094,1.5369680204893925,True,2017-12-28 16:00:00+00:00,2017-12-28 17:30:00+00:00,139.69110312104613,139.71904134167033,-0.000400000000000022,0.00019999999999997797,4,stop,0.038634610332094255,-0.0072612663214065565,False,False,NVDA,2017-12-28 15:30:00+00:00,257,0.009686056506085713,,,,,,,,,,,,,,,,,,,,,,1,4,True,False,0.0,-0.000400000000000022,0.0,-0.000400000000000022,0.0,-0.000400000000000022,0.0,-0.000400000000000022,0.0,-0.000400000000000022
0.02002151239173452,-0.3546048870425359,-0.9350162426854147,0.23918915769046017,0.5577617623577781,0.4734417154313806,0.0,0.37985611985420425,3.418548083908454,0.6684348994844613,0.9736480245628768,1.501212718469523,0.0,0.0,0.045138423766470856,0.3036443730633989,0.4278997237496968,0.14187661491584194,0.33156510051553856,0.14187661491584194,0.0,0.3712868691537275,0.0,0.7213942520444812,0.657421929789948,0.00990149816221801,1.5511490861071964,0.004811972879621207,0.10708912707808649,0.013556217030929352,0.05245613570670926,0.041735707653641096,0.05206553923855051,0.0,0.3315651005155386,1.0,1.1229431870324955,1.5880992412927093,0.5265582845686194,1.4575430927668567,True,2017-12-28 19:30:00+00:00,2017-12-29 14:30:00+00:00,146.27705966912072,152.57373878912307,0.04244625164222919,0.043046251642229194,4,target,0.04355430374705627,-0.024987404819486247,False,False,NVDA,2017-12-28 19:00:00+00:00,257,0.010905332646906763,,,,,,,,,,,,,,,,,,,,,,1,3,False,False,0.0,0.04244625164222919,0.0,0.04244625164222919,0.0,0.04244625164222919,0.0,0.04244625164222919,0.0,0.04244625164222919
0.010314810990265372,-0.7485107481711012,0.6631226582407952,0.30713398786279744,1.458235838141089,0.5104429483335519,0.0,0.4206985632339201,1.6285250326496739,0.6425953813370509,0.12186771925060814,0.03853450906513112,0.0,0.0,0.04681700312610399,0.2484982025247406,0.42819348625907544,0.1530383296706027,0.35740461866294915,0.1530383296706027,0.0,0.3619653337358104,0.0,0.8593453241085296,1.2902308258643538,0.004677838377965063,1.0505550899304474,0.0031780973381296818,0.008123703427554974,0.005369211512783911,0.011743972130219715,0.011610544479008666,0.00376518323611319,0.0,0.3574046186629491,1.0,1.23776615303121,1.369755806450349,0.4895570516664482,0.11754811482781226,True,2017-12-29 17:30:00+00:00,2017-12-29 18:30:00+00:00,220.46771326744272,225.35699126983357,0.021576843629070575,0.022176843629070575,3,target,0.02522335262656794,-0.0022999861268286903,False,False,MSFT,2017-12-29 17:00:00+00:00,258,0.0019987197664754703,,,,,,,,,,,,,,,,,,,,,,1,0,False,False,0.0,0.021576843629070575,0.0,0.021576843629070575,0.0,0.021576843629070575,0.0,0.021576843629070575,0.0,0.021576843629070575
0.011843374281020702,-0.7485107481711013,-0.663122658240795,0.6689776664593639,0.9654051275951114,0.8132784723354674,0.0,0.2890726784330147,3.1835663970653107,0.567885375636799,0.6162211533864635,0.4116839770246733,0.0,0.0,0.13579739674613087,0.05061864718763776,0.8820896736225173,0.3811638479722663,0.43211462436320114,0.3811638479722663,0.0,0.39325138040170543,0.0,1.5481486363606027,0.9711643897350453,0.005266721971311996,1.485306810897132,0.007986227392921208,0.01598103529811734,0.01639425779548409,0.03839344916038945,0.024972520490050387,0.03108022138718547,0.0,0.4321146243632011,1.0,1.9542599092528827,0.4321111046394133,0.1867215276645326,1.1031637600103386,True,2017-12-29 19:00:00+00:00,2017-12-29 20:00:00+00:00,225.2574576279273,230.9932456455265,0.024863254704194638,0.025463254704194638,3,target,0.03018883457001542,-0.007943609504013183,False,False,MSFT,2017-12-29 18:30:00+00:00,258,0.010377335684251582,225.2574576279273,227.5,14.0,0.35445415799500113,0.4799811096662515,1846.0,248.0,0.03436785773752031,6.697624175808059,True,0.06075492920656466,0.001582862205332771,0.7160493827160493,-0.11140464708942602,-0.001960307448946118,0.334708390715045,6.812715673234832,0.38461538461538464,0.35997583865539284,9.26512871122828,0.33998882371805017,1,2,False,False,0.0,0.024863254704194638,0.0,0.024863254704194638,0.0,0.024863254704194638,0.0,0.024863254704194638,0.0,0.024863254704194638
0.01247594506252904,0.8854560256532099,0.4647231720437685,0.24412122205832712,2.04186342803199,0.8382309675389923,0.0,0.11176977476536906,0.5791521715738333,0.6466732264740106,0.7080569994614686,1.2722528612544752,0.0,0.0,0.24797432692595303,0.05083589572018219,1.3723958396168416,0.48490419401300283,0.3533267735259894,0.48490419401300283,0.0,0.6393985125721365,0.0,0.6909219463392022,1.5639698565710862,0.004963433573762671,1.490990719857677,0.003054947233516847,0.054231270469900617,0.002336620045477744,0.04784046682901133,0.007239544728749436,0.03669396111603196,0.0,0.3533267735259894,-0.19269633663674807,-0.3347164777407817,0.4578453844479958,0.16176903246100774,0.9072220326836742,True,2018-01-01 15:30:00+00:00,2018-01-01 17:30:00+00:00,229.7563610067261,228.28591689608058,-0.007000014799165854,-0.006400014799165854,5,momentum_decay,0.004848017343474398,-0.009448022841511583,False,False,MSFT,2018-01-01 15:00:00+00:00,259,0.0022209679545452036,,,,,,,,,,,,,,,,,,,,,,1,2,False,False,0.0,-0.007000014799165854,0.0,-0.007000014799165854,0.0,-0.007000014799165854,0.0,-0.007000014799165854,0.0,-0.007000014799165854
0.01279207200072639,-0.3546048870425359,-0.9350162426854147,0.39375943055993884,0.28397567144646996,0.824663773692617,0.0,0.20224273468548543,3.311606844909681,0.5999045063855215,0.7547826058477087,0.3544561385632684,0.0,0.0,0.17499340080126027,0.05042694556000415,1.0611673634266996,0.42456828007813857,0.4000954936144785,0.42456828007813857,0.0,0.3330646788669296,0.0,0.9841636230458398,0.3330646788668921,0.00597241358984405,3.0162658104815576,0.0050624987879528405,0.03790890849996065,0.02330519286163546,-0.000321835720285768,0.03446339124719322,0.03822508745749098,1.0,0.4000954936144785,1.0,2.620349198072597,0.438235943932386,0.17533622630738296,3.4288631117433366,True,2018-01-05 19:30:00+00:00,2018-01-08 14:30:00+00:00,235.11908702653523,241.58736176851806,0.026910632266332547,0.027510632266332546,4,gap_through_target,0.027510632266332546,-0.006807586926422138,False,True,MSFT,2018-01-05 19:00:00+00:00,263,0.0009076810257712816,,,,,,,,,,,,,,,,,,,,,,2,3,False,False,0.0,0.026910632266332547,0.0,0.026910632266332547,0.0,0.026910632266332547,0.0,0.026910632266332547,0.0,0.026910632266332547
0.013637512864305932,1.0,0.0,0.539222330976834,0.6991962707848123,0.9354875975090958,0.0,0.08137667290315603,1.1800346179665266,0.5725245723739589,1.1170876544124582,1.139001691340089,0.0,87.69618690941839,0.21216506332728455,0.014169655666000397,1.188400869504911,0.5080121698830548,0.42747542762604107,0.5080121698830548,1.0,0.14276469584564605,0.008769618690941838,1.2614112908696826,0.7335250599460601,0.006594076993179699,2.5686067225192457,0.016242713419864163,0.06926764886209158,0.027221784712897046,0.05694972068248205,0.03512256282770854,0.07079639669923732,1.0,0.427475427626041,0.8979397527702743,2.011446097423437,0.15091487912915583,0.06451240249090423,2.362184221882458,True,2018-01-08 15:00:00+00:00,2018-01-08 18:00:00+00:00,243.37707193261818,250.5130465237383,0.028720652658257895,0.029320652658257895,7,target,0.03222518758343895,-0.007034536913140044,False,False,MSFT,2018-01-08 14:30:00+00:00,264,0.0009439483790694368,,,,,,,,,,,,,,,,,,,,,,2,5,True,False,0.0,0.028720652658257895,0.0,0.028720652658257895,0.0,0.028720652658257895,0.0,0.028720652658257895,0.0,0.028720652658257895
0.012300978261713787,-0.7485107481711013,-0.663122658240795,0.48210209132711374,0.6242185236920121,0.7959496044896665,0.0,0.2383544812195558,3.9406772014426608,0.5872822616620247,1.1716284805139308,2.5037950065993306,0.0,0.0,0.14468372420743444,0.0596941622937014,0.9285568090548245,0.3832318661516912,0.4127177383379753,0.3832318661516912,0.0,0.3707799105066928,0.0,1.1681157521083319,0.6696617090999922,0.005108819021023053,1.1251041678331823,0.005965705934378507,0.07576753739400166,0.015672569226061972,0.10616493160932694,0.02237586287504545,0.03403107596678989,0.0,0.4127177383379753,1.0,1.3913462677092086,0.49440665267238776,0.2040503955103335,0.20321095137079134,True,2018-01-08 19:00:00+00:00,2018-01-09 14:30:00+00:00,251.65945555613197,247.48031794172852,-0.017206320653313577,-0.016606320653313578,5,stop,0.007932938007663148,-0.020980746753291424,False,False,MSFT,2018-01-08 18:30:00+00:00,264,0.0006697258043945553,,,,,,,,,,,,,,,,,,,,,,2,4,True,False,0.0,-0.017206320653313577,0.0,-0.017206320653313577,0.0,-0.017206320653313577,0.0,-0.017206320653313577,0.0,-0.017206320653313577
0.01712951933031682,0.8854560256532099,0.4647231720437685,0.14480778081401177,0.42499041509108754,0.6724227012961119,0.0,0.18206295532271521,0.8770302461263275,0.739454181734683,1.2957849469351592,0.9730516804774569,0.0,0.0,0.26200868765865654,0.18225856851268496,1.5808232339800692,0.411876883030795,0.260545818265317,0.411876883030795,0.0,0.41729093995738115,0.0,0.555786240508962,0.5879737097152498,0.012482459668110802,2.00180502217924,0.0024866557997109684,0.10716220106644858,0.05003219198065589,0.059026358264831824,0.0724593265902489,0.08575591614018285,1.0,0.260545818265317,1.0,3.6760815731941543,1.257273292215377,0.327577298703888,2.203311753858741,True,2018-01-11 15:30:00+00:00,2018-01-11 16:30:00+00:00,262.23332029718966,256.16921381292644,-0.023724851095927656,-0.023124851095927657,3,stop,0.008782583168573721,-0.038034916295325516,False,False,MSFT,2018-01-11 15:00:00+00:00,267,0.0005770670207118831,,,,,,,,,,,,,,,,,,,,,,2,5,True,False,0.0,-0.023724851095927656,0.0,-0.023724851095927656,0.0,-0.023724851095927656,0.0,-0.023724851095927656,0.0,-0.023724851095927656
0.01708740067641618,1.0,0.0,0.6154278238551939,2.3628468385574863,0.5647305434591856,0.0,0.6578587078111596,0.8535239493578335,0.592804759975236,0.2643764964716859,0.5305608531145791,0.0,70.47805490058678,0.043172470941542064,0.1779498551754167,0.3868790397077124,0.15753530343442151,0.40719524002476404,0.15753530343442151,1.0,0.06684849604823206,0.007047805490058678,1.5113826571689932,1.88724243023683,0.007628446452176513,1.0544290767476936,0.017750533006003266,0.02781413047755743,0.02238150207920886,0.04464558328896029,0.013034433023290326,0.027943210230356064,0.0,0.4071952400247641,1.0,1.551362630306575,1.0689453455155717,0.4352694565408144,0.2042033047225608,True,2018-01-16 15:00:00+00:00,2018-01-16 15:00:00+00:00,167.74576251272612,163.87620478736113,-0.023667990913161917,-0.023067990913161918,1,stop,0.014778988750308475,-0.03308407187470708,False,False,NVDA,2018-01-16 14:30:00+00:00,270,0.0005118700254638448,,,,,,,,,,,,,,,,,,,,,,2,2,False,False,0.0,-0.023667990913161917,0.0,-0.023667990913161917,0.0,-0.023667990913161917,0.0,-0.023667990913161917,0.0,-0.023667990913161917
0.022781443147466503,-0.970941817426052,0.23931566428755768,0.34377369564359284,1.074701526926894,0.5183765067755236,0.0,0.7197008813960707,1.3836049465997229,0.6276830640157953,0.48594093483684775,1.163500269252414,0.0,0.0,0.042548249281166725,0.2311221681199206,0.3922990244991999,0.146059570791319,0.3723169359842047,0.146059570791319,0.0,0.37492482657845955,0.0,0.9233361752261983,1.056478060814649,0.013731969296352717,1.2732422339851512,0.007893479961299743,0.04613968353535647,0.015351041806485943,0.08783552852819132,0.00863637246028226,0.05630332196046717,0.0,0.3723169359842046,1.0,0.8198212365721482,1.293584703448195,0.48162349322447634,0.4452368809149253,True,2018-01-16 18:00:00+00:00,2018-01-16 20:30:00+00:00,101.08995698370398,106.04135346548277,0.04838010276705289,0.04898010276705289,6,target,0.060083791375007634,-0.002227128562827696,False,False,TSLA,2018-01-16 17:30:00+00:00,270,0.0006569059515052469,,,,,,,,,,,,,,,,,,,,,,2,3,False,False,0.0,0.04838010276705289,0.0,0.04838010276705289,0.0,0.04838010276705289,0.0,0.04838010276705289,0.0,0.04838010276705289
0.023653113666520415,0.8854560256532099,0.4647231720437685,0.5026559204468125,3.1133796155938835,0.6854401696865362,0.0,0.43120036528905176,1.0123534580213012,0.6333134807624388,0.6041445318635741,0.21410209842034303,0.0,0.0,0.12578453636397036,0.12337011906348061,0.8692810717764445,0.31875365044897486,0.36668651923756124,0.31875365044897486,0.0,0.4273546842873661,0.0,1.370805562996883,1.987660641134601,0.013910842974264722,1.7765391172655258,0.0120324357943431,0.07672689050167025,0.0551254376387853,0.06413023287637598,0.05359980681045018,0.06705709204014121,0.0,0.3666865192375613,0.015313341452335696,1.7258120722646086,0.8578439997394665,0.31455983031346385,1.7991981650810618,True,2018-01-31 15:30:00+00:00,2018-01-31 16:00:00+00:00,154.31258648364516,154.3434490009419,-0.000400000000000022,0.00019999999999997797,2,stop,0.02977388946987558,-0.020294238512197582,False,False,NVDA,2018-01-31 15:00:00+00:00,281,0.0007403240064089365,,,,,,,,,,,,,,,,,,,,,,2,4,True,False,0.0,-0.000400000000000022,0.0,-0.000400000000000022,0.0,-0.000400000000000022,0.0,-0.000400000000000022,0.0,-0.000400000000000022
0.02454526834762075,-0.9709418174260521,-0.23931566428755743,0.07833328952151963,0.17899766877163406,0.4276498309939175,0.0,0.7038688074424805,1.4581474669998218,0.8479771063672328,0.45580374547421054,0.8365274850130817,0.0,0.0,0.21916128699150525,0.614251773586862,1.8130620380509825,0.2756269373611503,0.15202289363276722,0.2756269373611503,0.0,0.27453381947023714,0.0,0.5152729805995192,0.4197053119473877,0.015381661571227402,2.1825060908057092,0.0019264155534113314,0.06507044530599715,0.012826697757411853,0.06264556869979976,0.007372278052059977,0.06808765061118494,1.0,0.1520228936327672,0.3175579362528706,0.24346630466288122,3.764894584803587,0.5723501690060825,1.4679630483983244,True,2018-01-31 18:30:00+00:00,2018-01-31 20:30:00+00:00,156.2083161656051,156.23955782883823,-0.000400000000000022,0.00019999999999997797,5,stop,0.03270628055220981,-0.016794329958171206,False,False,NVDA,2018-01-31 18:00:00+00:00,281,0.0005740512587611242,,,,,,,,,,,,,,,,,,,,,,2,3,False,False,0.0,-0.000400000000000022,0.0,-0.000400000000000022,0.0,-0.000400000000000022,0.0,-0.000400000000000022,0.0,-0.000400000000000022
0.015649122218565053,-0.3546048870425359,-0.9350162426854147,0.9448886200197734,4.989575886996915,0.8567585290701203,0.0,0.2958770363832487,3.5899579556624297,0.5425557946267192,0.6678790241863951,0.08470856454197993,0.0,0.0,0.13525656268813313,0.03401739626207407,0.8729246518072513,0.3993143236968395,0.4574442053732808,0.3993143236968395,0.0,0.2714661149691885,0.0,2.065582226030672,3.6837010030256585,0.007416593625861518,1.2992728519941397,0.015008604897935651,0.031187748752505184,0.018070954295382524,0.06021112099930992,0.036167706194895066,0.050858150857976625,0.0,0.4574442053732808,1.0,1.737151864299048,0.3131342997621936,0.14324147092987968,0.4587171677915485,True,2018-02-05 19:30:00+00:00,2018-02-06 15:00:00+00:00,218.48592308739137,213.87012065426006,-0.0217263149950629,-0.0211263149950629,5,stop,0.003909955907403839,-0.022972335450708647,False,False,AAPL,2018-02-05 19:00:00+00:00,284,0.0006028696588094649,,,,,,,,,,,,,,,,,,,,,,2,3,False,False,0.0,-0.0217263149950629,0.0,-0.0217263149950629,0.0,-0.0217263149950629,0.0,-0.0217263149950629,0.0,-0.0217263149950629
0.0205685132039146,0.8854560256532099,0.4647231720437685,0.6476701966313023,0.8170162469260486,0.83496802533218,0.0,0.2561635477806614,2.005247098396517,0.582741992724586,0.7627292154825978,0.7338125112969763,0.0,0.0,0.16236600920473188,0.044736066455739826,1.0010832884524903,0.41771001805676594,0.41725800727541407,0.41771001805676594,0.0,0.49815940300665135,0.0,1.5522055546888598,0.84554388532407,0.012855937706441181,1.073482544483157,0.013501474408067704,0.08558762862361746,0.057406295977596056,0.09634863261970272,0.05938841712299636,0.054607499571949436,0.0,0.417258007275414,1.0,3.177641135886155,0.3955154168167868,0.16503197466782002,0.20283724090461805,True,2018-02-09 15:30:00+00:00,2018-02-09 17:30:00+00:00,86.77282680367036,84.36336295796977,-0.02836749282528468,-0.02776749282528468,5,stop,0.018668354773970552,-0.03484632971630197,False,False,TSLA,2018-02-09 15:00:00+00:00,288,0.000635216556602723,,,,,,,,,,,,,,,,,,,,,,2,4,True,False,0.0,-0.02836749282528468,0.0,-0.02836749282528468,0.0,-0.02836749282528468,0.0,-0.02836749282528468,0.0,-0.02836749282528468
0.021338564747188257,-0.3546048870425359,-0.9350162426854147,0.7403972704659102,0.9105213999521052,0.7261502150338863,0.0,0.4658023336693608,3.4683187637508017,0.5647131440725888,0.7533974852400829,0.01909481716517262,0.0,0.0,0.09133696448240711,0.08397952588463392,0.6682107560694217,0.29086335910647504,0.43528685592741134,0.29086335910647504,0.0,0.29692780404956903,0.0,1.7009410240252678,0.9238491702275364,0.007819233595903429,1.3567363302307092,0.016052630851608907,0.07940523423187118,0.03428727287858768,0.06752370201027857,0.03945387669337963,0.06276783489419957,0.0,0.4352868559274113,1.0,2.4693596371137105,0.6291248661357489,0.2738497849661137,0.9960004857102089,True,2018-02-09 19:30:00+00:00,2018-02-12 15:00:00+00:00,133.33924482974334,134.80260122812388,0.010374686411709067,0.010974686411709067,5,stop,0.036310078862660466,-0.012950033427390983,False,False,NVDA,2018-02-09 19:00:00+00:00,288,0.000877729492914653,,,,,,,,,,,,,,,,,,,,,,2,4,True,False,0.0,0.010374686411709067,0.0,0.010374686411709067,0.0,0.010374686411709067,0.0,0.010374686411709067,0.0,0.010374686411709067
0.011188343191976383,-0.7485107481711013,-0.663122658240795,0.42192019265372177,0.9708837651233417,0.4714006966719041,0.0,1.5035264728826387,1.8562677815288708,0.6052697114994223,0.3732281471390375,1.6044782183412976,0.0,0.0,0.018473331787606646,0.2494655476190112,0.19423492547911714,0.07667040817132638,0.3947302885005777,0.07667040817132638,0.0,0.2759416543786604,0.0,1.0688822341361937,0.9779178215499155,0.004691152782394535,1.1204015306848019,0.004742977557574246,0.0162720012674078,0.00967546095441807,0.059122899049058875,0.012077924214297875,0.006154540051197088,0.0,0.3947302885005777,1.0,1.04339183631544,1.3391404681297099,0.5285993033280959,0.3556061916350955,True,2018-02-12 19:00:00+00:00,2018-02-13 17:00:00+00:00,245.12628046745328,251.02277791262472,0.02345493786274926,0.02405493786274926,10,target,0.024675722938789724,-0.002033013759941693,False,False,MSFT,2018-02-12 18:30:00+00:00,289,0.0005728872602936023,,,,,,,,,,,,,,,,,,,,,,2,1,False,False,0.0,0.02345493786274926,0.0,0.02345493786274926,0.0,0.02345493786274926,0.0,0.02345493786274926,0.0,0.02345493786274926
0.01780455482639044,-0.3546048870425359,-0.9350162426854147,0.31919329707954636,0.6778231772582767,0.55963645280905,0.0,0.4146289132870645,3.174415755210559,0.6609954394468203,0.6777740875066032,1.705754281903994,0.0,0.0,0.08025016843114026,0.22306203461657423,0.6508227850841725,0.2206318922558703,0.3390045605531796,0.2206318922558703,0.0,0.38477328638852726,0.0,0.9415604809525105,0.7584994657088506,0.006083497097309746,1.6018726304507733,0.005715576721028626,0.07223114373669781,0.014268142610300405,0.057451242624128485,0.021302029427412883,0.03464790836901388,0.0,0.3390045605531797,1.0,0.8718428192527535,1.298990038575142,0.44036354719095006,1.691015317904755,True,2018-02-13 19:30:00+00:00,2018-02-14 16:30:00+00:00,93.7894315330431,91.53509478062392,-0.024636149015627117,-0.024036149015627117,8,stop,0.012390306025649833,-0.03581068873195792,False,False,TSLA,2018-02-13 19:00:00+00:00,290,0.00056861276929298,,,,,,,,,,,,,,,,,,,,,,2,3,False,False,0.0,-0.024636149015627117,0.0,-0.024636149015627117,0.0,-0.024636149015627117,0.0,-0.024636149015627117,0.0,-0.024636149015627117
0.021027196652426697,-0.7485107481711013,-0.663122658240795,0.8889426098953581,9.693690531579605,0.5558741468231215,0.0,0.8987486128306286,1.8560941067972965,0.5607198838375749,0.4259132157224184,1.3495034104794628,0.0,0.0,0.02757629705940783,0.16693582242611557,0.2654206880092933,0.1165940306606963,0.4392801161624251,0.1165940306606963,0.0,0.20606920460548292,0.0,2.023634981845317,4.631517199642638,0.00867605579845803,1.7309988545767772,0.019048016035690063,0.05902151077645201,0.02105437884643968,0.05945451360578935,0.006290130573370689,0.037468494678136954,0.0,0.4392801161624252,0.6948370327481509,0.8662941816527066,1.0110310866254213,0.4441258531768785,1.6860502963875112,True,2018-02-15 19:00:00+00:00,2018-02-15 20:00:00+00:00,98.80093225777519,95.9962983045383,-0.02898671548077598,-0.02838671548077598,3,stop,0.02501750012799664,-0.04024381281612821,False,False,TSLA,2018-02-15 18:30:00+00:00,292,0.0006227847195011043,,,,,,,,,,,,,,,,,,,,,,2,3,False,False,0.0,-0.02898671548077598,0.0,-0.02898671548077598,0.0,-0.02898671548077598,0.0,-0.02898671548077598,0.0,-0.02898671548077598
0.014902015000077276,0.5680647467311559,0.8229838658936564,0.3936932809044935,0.42213151551170003,0.723116470607559,0.0,0.2713345404176234,2.311010529510349,0.5982554047592026,0.8121258243620983,1.430904587202878,0.0,0.0,0.11535368004717518,0.09327050104637839,0.7999407563253165,0.3213718753667616,0.4017445952407974,0.3213718753667616,0.0,0.1732337283764921,0.0,0.9799591222092782,0.47809059258316505,0.006894555873392575,1.6933872532273648,0.005901445917155801,0.053856489631456395,0.020163445264895552,0.04738936304276842,0.03896732150546289,0.037022078286584215,0.0,0.40174459524079736,0.7837606061888389,2.297963642157543,0.6892028733486374,0.27688352939244104,1.651997289299443,True,2018-02-16 16:00:00+00:00,2018-02-16 19:00:00+00:00,238.18191374562628,236.06071728773364,-0.009505783082077456,-0.008905783082077456,7,momentum_decay,0.0053086142995113494,-0.011640121279452909,False,False,AAPL,2018-02-16 15:30:00+00:00,293,0.0006077110899101051,,,,,,,,,,,,,,,,,,,,,,2,4,True,False,0.0,-0.009505783082077456,0.0,-0.009505783082077456,0.0,-0.009505783082077456,0.0,-0.009505783082077456,0.0,-0.009505783082077456
0.01419449730556583,-0.7485107481711013,-0.663122658240795,0.3681115186979146,0.3252824535465486,0.8112059895531343,0.0,0.1772354679387138,2.6279916032960315,0.6078818155590782,0.3905174177913365,0.05122556753504947,0.0,0.0,0.17567788177091276,0.05667344589091311,1.068779316392574,0.4190878051122124,0.39211818444092184,0.4190878051122124,0.0,0.27053406971072436,0.0,0.9387769639471432,0.3824906247806482,0.00669593318664086,1.7091960500818413,0.005252603644048337,0.02149033306802295,0.02175166924901295,0.034686056573626445,0.018012909023461976,0.03285970069631228,0.0,0.3921181844409219,0.5236607586326506,1.097246348851658,0.48147221408741886,0.1887940104468657,1.7546673931353822,True,2018-02-21 19:00:00+00:00,2018-02-22 15:00:00+00:00,231.3739570346577,233.68728488475145,0.009398220541939551,0.009998220541939551,6,stop,0.02822647243202736,-0.004489075160987066,False,False,AAPL,2018-02-21 18:30:00+00:00,296,0.0006562618075659009,,,,,,,,,,,,,,,,,,,,,,2,1,False,False,0.0,0.009398220541939551,0.0,0.009398220541939551,0.0,0.009398220541939551,0.0,0.009398220541939551,0.0,0.009398220541939551
0.02009461542830809,0.5680647467311559,0.8229838658936564,0.6565696913499471,1.3159510182324412,0.7423247215694833,0.0,0.399253093990135,1.6554705273683612,0.5762543094235449,0.6632306114663103,0.48971838222021313,0.0,0.0,0.10720097812689153,0.07959318517097182,0.7518165684693374,0.3185790309930282,0.42374569057645506,0.3185790309930282,0.0,0.35442632873017055,0.0,1.5494427576520318,1.2561056455464432,0.010240677806239822,1.7287844724913206,0.013369911584610872,0.05687074637686784,0.02377131081513495,0.08146381770549227,0.039269812484384437,0.06951130245447268,0.0,0.42374569057645506,0.5276086635033653,1.6879501172341256,0.608089437039099,0.25767527843051674,2.0051419561046293,True,2018-02-23 16:00:00+00:00,2018-02-23 18:30:00+00:00,143.66228815370494,143.6910206113357,-0.000400000000000022,0.00019999999999997797,6,stop,0.030696796223635747,-0.012913697225627296,False,False,NVDA,2018-02-23 15:30:00+00:00,298,0.0008059756621998761,,,,,,,,,,,,,,,,,,,,,,2,4,True,False,0.0,-0.000400000000000022,0.0,-0.000400000000000022,0.0,-0.000400000000000022,0.0,-0.000400000000000022,0.0,-0.000400000000000022
0.019226292351563277,1.0,0.0,0.09244124790117497,0.22613567613194002,0.8749592700466926,0.0,0.05845690214106995,0.4090459840216938,0.8022659311048809,0.4195499532405797,0.3831292711792166,0.0,117.3961079894692,0.7019500134628568,0.05458417007401916,3.4249292746134943,0.6772252011515735,0.19773406889511913,0.6772252011515735,1.0,0.0,0.01173961079894692,0.46750288616276375,0.42767080609694336,0.007317106433916623,1.234044797414809,0.013540979672887588,0.04682506281857646,0.02167955283880052,0.05777485412967853,0.0360137567221237,0.028390796940356733,0.0,0.19773406889511916,1.0,1.335677360472336,0.632368163216467,0.1250407299533074,0.45221173377495055,True,2018-02-28 15:00:00+00:00,2018-02-28 17:30:00+00:00,89.90332040414326,89.92130106822408,-0.000400000000000022,0.00019999999999997797,6,stop,0.028860617740804395,-0.0231227860067601,False,False,TSLA,2018-02-28 14:30:00+00:00,301,0.0006050989568768239,,,,,,,,,,,,,,,,,,,,,,2,3,False,False,0.0,-0.000400000000000022,0.0,-0.000400000000000022,0.0,-0.000400000000000022,0.0,-0.000400000000000022,0.0,-0.000400000000000022
0.024097039946057365,0.8854560256532099,0.4647231720437685,0.8100174549323478,2.7873565727162797,0.6567178778492216,0.0,0.6294518520140999,1.2789493275043007,0.5582433985719369,0.3002618776024257,0.13851703945902186,0.0,0.0,0.05946458122138105,0.1135171709628181,0.4866056912927479,0.21496127642115856,0.44175660142806306,0.21496127642115856,0.0,0.38008979622523853,0.0,1.833628410563217,2.2916442596486637,0.012024647091424824,1.290472183826243,0.019907599867571513,0.044459663851513787,0.049209450888511475,0.016090182957407162,0.05236252091879212,0.026508867868245245,0.0,0.44175660142806306,0.6093918281329251,1.8980645888542937,0.7770843062466067,0.3432821221507784,0.6915871594447878,True,2018-03-02 15:30:00+00:00,2018-03-02 18:00:00+00:00,91.00736957227802,91.02557104619248,-0.000400000000000022,0.00019999999999997797,6,stop,0.0350291282347468,-0.025978786997673198,False,False,TSLA,2018-03-02 15:00:00+00:00,303,0.0006079078947001803,,,,,,,,,,,,,,,,,,,,,,2,3,False,False,0.0,-0.000400000000000022,0.0,-0.000400000000000022,0.0,-0.000400000000000022,0.0,-0.000400000000000022,0.0,-0.000400000000000022
0.03044925767083698,-0.7485107481711013,-0.663122658240795,0.7652696979424507,1.4056441384479332,0.8031970921921232,0.0,0.33381874665892813,1.8245451052359754,0.5488350989280735,0.037784443115821416,-0.13032107656823125,0.0,0.0,0.11465416167779494,0.05170949047901285,0.7802738871832281,0.35203219112019674,0.4511649010719265,0.35203219112019674,0.0,0.4233519696615976,0.0,1.6962084065587546,1.3505952867023674,0.01662725912456078,3.0426247362415277,0.023857826776199298,-0.026233285701040887,0.041535685116764975,0.018631317605640962,0.04257609886820468,0.040616433851429656,1.0,0.4511649010719265,0.6560915879310197,1.1404732235284893,0.4362105902746359,0.19680290780787674,3.7025692795988676,True,2018-03-05 19:00:00+00:00,2018-03-06 14:30:00+00:00,89.88352276387361,95.76782883562304,0.06486590399229956,0.06546590399229957,5,target,0.06890163872199628,-0.00973956872607773,False,False,TSLA,2018-03-05 18:30:00+00:00,304,0.0014097214546031152,,,,,,,,,,,,,,,,,,,,,,2,1,False,False,0.0,0.06486590399229956,0.0,0.06486590399229956,0.0,0.06486590399229956,0.0,0.06486590399229956,0.0,0.06486590399229956
0.02764360353421695,1.0,0.0,0.4325259372998698,1.9506472461969564,0.7391817126849398,0.0,0.27570372540043425,0.781368338980515,0.5908264423266459,0.7802911028522993,0.5673324206832718,0.0,55.392841009223034,0.11741051551966057,0.08410826304062187,0.8065236592701425,0.3300081550115857,0.40917355767335406,0.3300081550115857,1.0,0.21696410671505173,0.005539284100922304,1.0570720643809493,1.66438426571214,0.011361279511472859,2.2890859363510905,0.017707581667549155,0.10390327391375354,0.0240959763923263,0.06857422007504543,0.053283708507587235,0.09542989730220675,1.0,0.40917355767335406,1.0,1.3303342922653665,0.6374270341365615,0.26081828731506024,1.8804953268777622,True,2018-03-06 15:00:00+00:00,2018-03-06 18:30:00+00:00,95.34994049892897,95.36901048702876,-0.000400000000000022,0.00019999999999997797,8,stop,0.05379856975354591,-0.016222137621976662,False,False,TSLA,2018-03-06 14:30:00+00:00,305,0.0011102258455140484,,,,,,,,,,,,,,,,,,,,,,2,3,False,False,0.0,-0.000400000000000022,0.0,-0.000400000000000022,0.0,-0.000400000000000022,0.0,-0.000400000000000022,0.0,-0.000400000000000022
0.02045822608373724,0.8854560256532099,0.4647231720437685,0.8129049288877412,2.3589079771015613,0.6262188868139397,0.0,0.7029844802833974,1.4727102022150582,0.5677735174016882,0.6895237238426434,1.5095046571568276,0.0,0.0,0.05319286616140165,0.13191646115227262,0.4488211898756038,0.19399240421562794,0.43222648259831176,0.19399240421562794,0.0,0.3000771402855084,0.0,1.8807383666104787,1.984251709845837,0.009103839962430523,1.051484646857914,0.01691184685870728,0.04206347219555662,0.03533241425493028,0.057750995386729675,0.050667185187280195,0.055416241521058174,0.0,0.43222648259831176,1.0,2.390483995343477,0.8647806838185502,0.3737811131860603,0.16233944147592344,True,2018-03-09 15:30:00+00:00,2018-03-09 19:30:00+00:00,109.33258972017346,111.22568622778162,0.016715024847150973,0.017315024847150973,9,ambiguous_stop_first,0.05391455251597965,-0.02247456187550334,False,False,TSLA,2018-03-09 15:00:00+00:00,308,0.000607207281951007,,,,,,,,,,,,,,,,,,,,,,2,4,True,False,0.0,0.016715024847150973,0.0,0.016715024847150973,0.0,0.016715024847150973,0.0,0.016715024847150973,0.0,0.016715024847150973
0.012142790610800201,-0.970941817426052,0.23931566428755768,0.6666259170464068,1.2310563933711476,0.71899338230331,0.0,0.43221979970714186,3.0043363888579284,0.5665948335890878,0.7020452698100426,0.44308967444860964,0.0,0.0,0.08947927320280208,0.08748275041961755,0.6589404973116769,0.28558821589239775,0.4334051664109123,0.28558821589239775,0.0,0.3368229278256225,0.0,1.5381125300531777,1.194738008234562,0.004809405281968422,1.3221913415860178,0.00816075780386094,0.04657049345506259,0.014888523880131732,0.02470817586271723,0.021193440158804533,0.03601724702913045,0.0,0.43340516641091226,0.997193405702545,1.288587507908531,0.6483693307664177,0.28100661769669,0.8756665810834586,True,2018-03-13 17:00:00+00:00,2018-03-13 18:30:00+00:00,249.93629571339721,249.9862829725399,-0.000400000000000022,0.00019999999999997797,4,stop,0.013872228788918362,-0.005652906745844732,False,False,MSFT,2018-03-13 16:30:00+00:00,310,0.0005223146157711093,,,,,,,,,,,,,,,,,,,,,,2,2,False,False,0.0,-0.000400000000000022,0.0,-0.000400000000000022,0.0,-0.000400000000000022,0.0,-0.000400000000000022,0.0,-0.000400000000000022
0.024889786618969213,-0.3546048870425359,-0.9350162426854147,0.17701767638308288,0.2599293608925204,0.6179165974270051,0.0,1.3973895826236726,1.2687292822529013,0.690228180597479,0.0628321316575267,0.39209458118377966,0.0,0.0,0.14142109592291824,0.19633734836138558,0.9947476133181129,0.30814477802448415,0.30977181940252096,0.30814477802448415,0.0,0.36390694837123955,0.0,0.5714453842977373,0.36390694837115745,0.012142954728350214,1.4065660597516338,0.0044254303389588134,0.010380147128714379,0.021822480799243538,0.05576422049295959,0.024198545133966354,-0.006268420491475579,0.0,0.30977181940252096,0.28969957867503593,0.3847291528860166,1.2334349951818775,0.3820834025729949,1.376432282391001,True,2018-03-15 18:30:00+00:00,2018-03-16 19:00:00+00:00,113.3622939143819,116.12643373947131,0.023783238285360154,0.024383238285360154,15,ambiguous_stop_first,0.06278248767018058,-0.017207483874632556,False,False,TSLA,2018-03-15 18:00:00+00:00,312,0.0007914618707364672,,,,,,,,,,,,,,,,,,,,,,2,1,False,False,0.0,0.023783238285360154,0.0,0.023783238285360154,0.0,0.023783238285360154,0.0,0.023783238285360154,0.0,0.023783238285360154
0.020184855630401472,-0.35460488704253545,0.9350162426854148,0.5109433305953743,1.2475446271593973,0.8641044019111866,0.0,0.17116321641177304,1.4150824814076342,0.5943348637845955,-0.3040833984527881,-0.11695906920447569,0.0,0.0,0.19345960324474995,0.03594138633965308,1.1300928395582979,0.45843926569578225,0.40566513621540445,0.45843926569578225,0.0,0.4595425298638955,0.0,1.2595199463334412,1.1930965480524396,0.009296704794117542,1.2110643130428216,0.01042079028072651,-0.027922064921092615,0.018931969870765508,0.01789934497571144,0.014897302929037348,-0.028914664498026932,0.0,0.40566513621540445,0.7025231206510997,0.7881443804276282,0.334994521236258,0.1358955980888133,0.5739534749544276,True,2018-03-20 16:00:00+00:00,2018-03-20 16:30:00+00:00,142.45602768911132,148.63825454716948,0.04279743960536313,0.04339743960536313,2,target,0.046787701051736574,-0.009921173233445546,False,False,NVDA,2018-03-20 15:30:00+00:00,315,0.0006521653158193213,,,,,,,,,,,,,,,,,,,,,,2,0,False,False,0.0,0.04279743960536313,0.0,0.04279743960536313,0.0,0.04279743960536313,0.0,0.04279743960536313,0.0,0.04279743960536313
0.024607491753424467,0.8854560256532099,0.4647231720437685,0.4915459082585216,1.2650637838688186,0.8336093463324132,0.0,0.19945323647874993,1.258584854126933,0.5899357341765825,0.384619842364902,-0.11951871553580326,0.0,0.0,0.16931433940027982,0.04599660749085789,1.03287488281431,0.42354508050899575,0.4100642658234175,0.42354508050899575,0.0,0.5022986159999908,0.0,1.198704567128002,1.2087321626560825,0.015820613112501578,1.6834129418606374,0.012243809475680267,0.013920678386141194,0.05579718015923829,0.022071497784202698,0.06745240570855948,0.051558356078388545,0.0,0.4100642658234175,0.5906086017565157,2.1127656816040203,0.4057672602448158,0.1663906536675868,1.6194037090358677,True,2018-03-21 14:30:00+00:00,2018-03-21 16:00:00+00:00,117.75611761674227,123.9861354070562,0.052306107269862664,0.05290610726986267,4,target,0.05458098967511105,-0.010903541972186459,False,False,TSLA,2018-03-21 14:00:00+00:00,316,0.0008527098977712582,,,,,,,,,,,,,,,,,,,,,,2,2,False,False,0.0,0.052306107269862664,0.0,0.052306107269862664,0.0,0.052306107269862664,0.0,0.052306107269862664,0.0,0.052306107269862664
0.01868275442008199,-0.970941817426052,0.23931566428755768,0.3663340517341197,0.6563854459716104,0.7552047762012188,0.0,0.2428165729628444,3.125623685468735,0.6306807847374966,0.8334850945544856,1.318579952599646,0.0,0.0,0.16588598539215593,0.08557338058769953,1.0448564412335681,0.3858855609387154,0.36931921526250344,0.3858855609387154,0.0,0.5499038081623899,0.0,0.9919171182949094,0.7234743520736574,0.005853105554458861,1.4479398859550516,0.006891294030439754,0.055951030114998135,0.01757466037501909,0.060272690735340806,0.02590134607159844,0.04839561843436346,0.0,0.36931921526250344,1.0,1.3391600478892656,0.6628282896803971,0.24479522379878116,1.3667070044731826,True,2018-03-21 17:00:00+00:00,2018-03-22 13:30:00+00:00,155.79080186433188,155.60859097048223,-0.0017695869824737136,-0.0011695869824737137,7,momentum_decay,0.014576440478915043,-0.015761774378664994,False,False,NVDA,2018-03-21 16:30:00+00:00,316,0.0007406193536504504,,,,,,,,,,,,,,,,,,,,,,2,4,True,False,0.0,-0.0017695869824737136,0.0,-0.0017695869824737136,0.0,-0.0017695869824737136,0.0,-0.0017695869824737136,0.0,-0.0017695869824737136
0.01661816027898504,0.5680647467311559,0.8229838658936564,0.13753043365965242,0.3812224988451666,0.7040473265997661,0.0,0.16843195044690082,0.9684058883346492,0.7583445456312081,0.3504395755583656,1.6716708096637523,0.0,0.0,0.3405342166738698,0.16643198926659902,1.9134344533520273,0.46239187223097433,0.24165545436879177,0.46239187223097433,0.0,0.3915804517334525,0.0,0.5691178542561113,0.5618789103607381,0.0063265270274008405,1.1404220021968259,0.0022907382785206654,0.03325755762240412,0.008349839149203842,0.12230051518427043,0.012393531203239494,0.01417471138480142,0.0,0.24165545436879182,0.8290531418376922,0.45803117038798963,1.2246885722999388,0.2959526734002339,0.4046610917790821,True,2018-03-22 15:00:00+00:00,2018-03-22 15:00:00+00:00,156.90789767532002,153.38774487530048,-0.023034516376629854,-0.022434516376629854,1,stop,0.00693337474328537,-0.02342044217735595,False,False,NVDA,2018-03-22 14:30:00+00:00,317,0.0006142585891927085,,,,,,,,,,,,,,,,,,,,,,2,1,False,False,0.0,-0.023034516376629854,0.0,-0.023034516376629854,0.0,-0.023034516376629854,0.0,-0.023034516376629854,0.0,-0.023034516376629854
0.01934785054818798,-0.970941817426052,0.23931566428755768,0.9357846286505643,4.4658855813981555,0.8582682874118038,0.0,0.2993011521800431,1.8124432606576646,0.556866530361465,0.09341036728091595,1.2050272694582205,0.0,0.0,0.14924766095828723,0.034723069606161366,0.9368166618327199,0.4151348177732688,0.44313346963853506,0.4151348177732688,0.0,0.3155303366833211,0.0,2.111744412837708,3.1692673690617204,0.008432331288260863,1.2559419399574037,0.018439271924131972,0.011918029814537157,0.022661757675829453,0.06853588597459992,0.004713743676510562,0.017165694809089027,0.0,0.443133469638535,0.6413913347359126,0.9798686911282939,0.31983978259136553,0.14173171258819617,0.7202950378445928,True,2018-03-22 17:00:00+00:00,2018-03-23 13:30:00+00:00,157.64752128578164,153.5298313662567,-0.02671959824005372,-0.02611959824005372,7,stop,0.01054433441265279,-0.026969109507447242,False,False,NVDA,2018-03-22 16:30:00+00:00,317,0.0006610438998077636,,,,,,,,,,,,,,,,,,,,,,2,1,False,False,0.0,-0.02671959824005372,0.0,-0.02671959824005372,0.0,-0.02671959824005372,0.0,-0.02671959824005372,0.0,-0.02671959824005372
0.01860379895409388,1.0,0.0,0.7611905265292372,21.581826736584844,0.7901473874829508,0.0,0.3788895805730278,1.4266137011278157,0.5784053486670095,0.3824230538682914,1.1835660789308269,0.0,-35.82630579954893,0.13317530541568068,0.06059927371231294,0.874187409599412,0.3685527361499603,0.42159465133299046,0.3685527361499603,1.0,0.1993411633209338,0.003582630579954893,1.8055032817008436,5.016525354519202,0.006653871233646015,1.223521557586534,0.010730357921032052,0.02188237715396446,0.011401115438997467,0.08568478971957139,0.01725585833194576,0.029065634620343284,0.0,0.4215946513329905,1.0,1.1969661105937601,0.49775919085648634,0.20985261251704918,0.8012999524505563,True,2018-03-23 14:00:00+00:00,2018-03-23 17:30:00+00:00,126.29963709943293,131.3513911710646,0.039398167751301935,0.03999816775130194,8,target,0.0548127805424905,-0.02092214510494894,False,False,TSLA,2018-03-23 13:30:00+00:00,318,0.0005526425161728333,,,,,,,,,,,,,,,,,,,,,,2,2,False,False,0.0,0.039398167751301935,0.0,0.039398167751301935,0.0,0.039398167751301935,0.0,0.039398167751301935,0.0,0.039398167751301935
0.019935955944574497,-0.970941817426052,0.23931566428755768,0.3906282093633123,0.36440075220017193,0.7086852018561496,0.0,0.306092926049665,2.404616543596641,0.6282312713705015,0.34504802700570214,0.9282685590903679,0.0,0.0,0.13449342383746096,0.108806846755453,0.9062528590512494,0.336916473226651,0.3717687286294985,0.336916473226651,0.0,0.2720692058680994,0.0,1.0507290669748852,0.4382637767508736,0.009169554961270745,1.729028910426169,0.007848668646764034,0.0479991993882074,0.030034123763037934,0.044573016545509825,0.023506322027095905,0.02644929160591203,0.0,0.3717687286294985,0.6965358958260925,1.2990066226551042,0.7835914527224682,0.2913147981438505,1.689724927690915,True,2018-03-27 17:00:00+00:00,2018-03-28 13:30:00+00:00,135.2364071732212,136.0604998143869,0.00549371883201626,0.006093718832016259,7,gap_through_stop,0.035893016488429685,-0.013426035134788128,True,False,TSLA,2018-03-27 16:30:00+00:00,320,0.0007390704866933234,,,,,,,,,,,,,,,,,,,,,,2,2,False,False,0.0,0.00549371883201626,0.0,0.00549371883201626,0.0,0.00549371883201626,0.0,0.00549371883201626,0.0,0.00549371883201626
0.018827235880821906,0.120536680255323,0.992708874098054,0.3178032139976017,0.5761596220512017,0.8617945117269538,0.0,0.1234705963598027,1.4565405759110561,0.6442703796676459,0.08199928877994246,0.9110030775361261,0.0,0.0,0.26329148525493407,0.04121184595679328,1.422611057581679,0.5060648913945996,0.3557296203323541,0.5060648913945996,0.0,0.4238492839577342,0.0,0.8933841767258004,0.6586855554771565,0.007524766817711181,1.0989025253750808,0.006019372120351862,-0.023523726549170454,0.01664062708666303,0.009091144644448823,0.030741884318992385,0.00880903730587046,0.0,0.3557296203323541,1.0,0.9769476558773985,0.388512736566038,0.13820548827304627,0.23984562861743958,True,2018-03-30 15:30:00+00:00,2018-04-02 15:30:00+00:00,183.8185924349344,191.25930383289872,0.03987855714376713,0.040478557143767135,14,target,0.042216127917643176,-0.024647859618759038,False,False,NVDA,2018-03-30 15:00:00+00:00,323,0.0006834620062542226,,,,,,,,,,,,,,,,,,,,,,2,0,False,False,0.0,0.03987855714376713,0.0,0.03987855714376713,0.0,0.03987855714376713,0.0,0.03987855714376713,0.0,0.03987855714376713
0.01480844677201198,-0.7485107481711013,-0.663122658240795,0.7601290057795788,1.3366841447949807,0.8002198306332436,0.0,0.3424766242814469,4.217535645294915,0.5565866668014368,0.8937075784949142,0.9133324253734387,0.0,0.0,0.11946614769956297,0.053764649799996275,0.8046814805064544,0.3568064974346803,0.44341333319856335,0.3568064974346803,0.0,0.445278072934458,0.0,1.7142673638079082,1.2874501196640016,0.006542669784888379,2.2624722916799724,0.011384477355046663,0.04347068588384828,0.0200723869369821,0.0549496054667904,0.03947432246615734,0.05223065600137056,1.0,0.4434133331985633,1.0,1.943001871358239,0.45055065873990024,0.19978016936675638,2.631782717953286,True,2018-04-05 18:00:00+00:00,2018-04-06 14:00:00+00:00,199.84465355558066,206.207339722506,0.03123816055982569,0.03183816055982569,6,target,0.03268144274800311,-0.005491022585175531,False,False,NVDA,2018-04-05 17:30:00+00:00,327,0.0009240541030484733,,,,,,,,,,,,,,,,,,,,,,2,4,True,False,0.0,0.03123816055982569,0.0,0.03123816055982569,0.0,0.03123816055982569,0.0,0.03123816055982569,0.0,0.03123816055982569
0.013806115709440658,0.8854560256532099,0.4647231720437685,0.4090646140426122,0.45239089940744176,0.790896506798198,0.0,0.2205302726329248,2.024550853079991,0.6121310751565878,0.6491876690579917,2.0581762738180323,0.0,0.0,0.16768438117703524,0.0656679925263982,1.0390819066441992,0.40302758195478583,0.3878689248434122,0.40302758195478583,0.0,0.37727472527881933,0.0,1.0546465257760904,0.5176314004540229,0.004517157118082494,1.203276479821298,0.0056796698600924955,0.03292673990710537,0.010510133205257954,0.09261250692497236,0.025959241818474865,0.023844120316691697,0.0,0.38786892484341223,1.0,0.9553560294591452,0.5391086519395244,0.209103493201802,0.4143006081450569,True,2018-04-06 14:30:00+00:00,2018-04-06 19:30:00+00:00,155.9976363094337,153.09011239609586,-0.01923825620774484,-0.01863825620774484,11,stop,0.014528495183334655,-0.020116558363733605,False,False,TSLA,2018-04-06 14:00:00+00:00,328,0.0006405918739489897,,,,,,,,,,,,,,,,,,,,,,2,1,False,False,0.0,-0.01923825620774484,0.0,-0.01923825620774484,0.0,-0.01923825620774484,0.0,-0.01923825620774484,0.0,-0.01923825620774484
0.00873849656248941,-0.9709418174260521,-0.23931566428755743,0.3182306097906836,0.41535197655471134,0.6997949444568756,0.0,0.2436944393212861,2.7096751357521898,0.6079744857789628,0.9361850389266931,1.3927902940270793,0.0,0.0,0.11133867469082628,0.10742826014959059,0.7850749991284903,0.30776943023583836,0.39202551422103726,0.30776943023583836,0.0,0.3373566305004741,0.0,0.8117599448163838,0.47629387437235676,0.0039613847563480025,1.6179701416928414,0.0027886118206867927,0.042337789823706506,0.009566693481850796,0.061982740755176735,0.013303541426836318,0.016663058173458367,0.0,0.3920255142210372,1.0,1.72641740103707,0.7657793808120794,0.3002050555431244,1.1732017896863642,True,2018-04-17 17:30:00+00:00,2018-04-17 19:30:00+00:00,268.87711162347676,268.10850008836525,-0.0034585978571052937,-0.002858597857105294,5,momentum_decay,0.0005858265829492559,-0.005969704506689655,False,False,MSFT,2018-04-17 17:00:00+00:00,335,0.000559543394623558,,,,,,,,,,,,,,,,,,,,,,2,4,True,False,0.0,-0.0034585978571052937,0.0,-0.0034585978571052937,0.0,-0.0034585978571052937,0.0,-0.0034585978571052937,0.0,-0.0034585978571052937
0.008384071705024825,-0.7485107481711013,-0.663122658240795,0.11446650876872516,0.19368383334329642,0.7995455317685698,0.0,0.1537281096451571,3.0973751085226318,0.7390175440930921,0.7122494728636648,1.1599779290204852,0.0,0.0,0.40644515922215463,0.08730724121137008,2.063598773287475,0.5385630758616619,0.26098245590690794,0.5385630758616619,0.0,0.31571889860807784,0.0,0.43859848115443895,0.31571889860795155,0.003719511476843202,1.847303809123057,0.0009606173173781762,0.041875201706217835,0.005949845511237228,0.05704652073130956,0.005935228205183218,0.017137053401212965,0.0,0.26098245590690794,0.31035351452237336,0.3260443063610232,0.7680764116265312,0.20045446823143018,1.9204858893439587,True,2018-04-25 18:00:00+00:00,2018-04-26 14:00:00+00:00,214.68341327863564,214.72634996129136,-0.000400000000000022,0.00019999999999997797,6,stop,0.013552610418107847,-0.004425816851698183,False,False,AAPL,2018-04-25 17:30:00+00:00,341,0.0012279723206451952,,,,,,,,,,,,,,,,,,,,,,3,2,False,False,0.0,-0.000400000000000022,0.0,-0.000400000000000022,0.0,-0.000400000000000022,0.0,-0.000400000000000022,0.0,-0.000400000000000022
0.00636396276570595,-0.7485107481711013,-0.663122658240795,0.24228003334122375,0.8405718591245543,0.9466979778951051,0.0,0.1722890233607787,2.3898225751007245,0.6662752763113833,0.4481691154219906,0.7083288265571859,0.0,0.0,0.38618645384506484,0.013728678177344461,1.8367630885418307,0.6129732542064883,0.3337247236886167,0.6129732542064883,0.0,0.7519300168616971,0.0,0.7259876663117238,0.8881990612736591,0.003141048181789339,1.5363489432037873,0.0015442421179252541,0.014916815360710656,0.0033875983678171018,0.008224241388019582,0.0007852965938526246,0.008363432759855183,0.0,0.3337247236886168,1.0,0.5305650559183683,0.1597185294383687,0.05330202210489489,1.577008889035452,True,2018-04-30 18:00:00+00:00,2018-05-01 14:30:00+00:00,280.8397696155099,280.4194342077056,-0.002096708989541573,-0.001496708989541573,7,momentum_decay,0.004015552003438172,-0.0054190002882522625,False,False,MSFT,2018-04-30 17:30:00+00:00,344,0.000518567429783398,,,,,,,,,,,,,,,,,,,,,,3,0,False,False,0.0,-0.002096708989541573,0.0,-0.002096708989541573,0.0,-0.002096708989541573,0.0,-0.002096708989541573,0.0,-0.002096708989541573
0.01543602651869723,-0.35460488704253545,0.9350162426854148,0.2985826411440975,0.3383785433243271,0.8444332518542099,0.0,0.12589650015273307,2.0699857319302444,0.6310498665235511,0.7859910351450666,-0.12535719389868888,0.0,0.0,0.2289154902414856,0.046521209447164244,1.2887462972208092,0.475483118377761,0.3689501334764489,0.475483118377761,0.0,0.358301541326538,0.0,0.8092764144863953,0.4110906520497621,0.008093623673090264,1.6924137456859314,0.004630270155745686,0.053696253590776566,0.018568048809384896,-0.012103597340635375,0.022930648267411424,0.050760186815348884,0.0,0.3689501334764489,1.0,1.5222869954903568,0.4216470846064556,0.15556674814579008,1.5733981315466319,True,2018-05-01 16:00:00+00:00,2018-05-01 19:00:00+00:00,119.37772475268552,123.33956786148754,0.03258745701519909,0.033187457015199096,7,target,0.03660071412743804,-0.008917191036717065,False,False,TSLA,2018-05-01 15:30:00+00:00,345,0.0020220182551407653,,,,,,,,,,,,,,,,,,,,,,3,2,False,False,0.0,0.03258745701519909,0.0,0.03258745701519909,0.0,0.03258745701519909,0.0,0.03258745701519909,0.0,0.03258745701519909
0.009977963587365411,-0.7485107481711013,-0.663122658240795,0.9045022695582846,1.0484880265766807,0.8193847568523598,0.0,0.35756532805664204,2.5566776143635463,0.5431131473743365,0.07882081662777311,0.010413082505488624,0.0,0.0,0.1176938530213445,0.0456243213318787,0.7934084820854264,0.3624979042266963,0.4568868526256634,0.3624979042266963,0.0,0.32953027726420514,0.0,1.9797073703483463,1.044773865317233,0.004703982116653333,2.1217354654677916,0.009107284781620928,0.008754508715296705,0.017949306812775623,0.0011882486670067305,0.009655622864780833,0.00706564829156342,1.0,0.4568868526256635,0.8658500474555115,1.8604650438367176,0.3953172259380636,0.18061524314764024,2.2684287060767625,True,2018-05-02 18:00:00+00:00,2018-05-03 15:30:00+00:00,222.2718119047991,227.0401250030193,0.020852621712835685,0.021452621712835684,9,target,0.024914495478337573,-0.0039021452610052965,False,False,AAPL,2018-05-02 17:30:00+00:00,346,0.0023394666146361433,,,,,,,,,,,,,,,,,,,,,,3,1,False,False,0.0,0.020852621712835685,0.0,0.020852621712835685,0.0,0.020852621712835685,0.0,0.020852621712835685,0.0,0.020852621712835685
0.013423404980802595,-0.7485107481711012,0.6631226582407952,0.0003224825662936852,0.000370208893634002,0.4576496876889246,0.0,0.6129837368791936,1.603674247577313,0.99854671690243,0.5075605175511279,0.21507373624432424,0.0,0.0,0.45698459313319817,0.5430132948350401,313.9074587154403,0.45619640459135463,0.0014532830975699795,0.45619640459135463,0.0,0.11346171704578312,0.0,0.22189934420410168,0.1134617170457569,0.00917142517269836,1.3148394117823097,4.3288328253066055e-06,0.025599410075317408,0.011835669285061856,0.025757988715635838,0.008032750753921292,0.01694736572155131,0.0,0.001453283097569985,1.0,0.8877043719610328,373.1897195103879,0.5423503123110753,1.2336989889180088,True,2018-05-04 16:30:00+00:00,2018-05-07 13:30:00+00:00,164.90852616770272,161.92012036012864,-0.018721596724083533,-0.018121596724083533,8,stop,0.011774425584179626,-0.01956519275400681,False,False,NVDA,2018-05-04 16:00:00+00:00,348,0.047616864573416885,164.90852616770272,170.0,14.0,0.5827956456735329,0.44571288339724613,1802.0,221.0,0.03574563052263719,6.993906085652895,True,0.39569962438027395,0.0,1.0,0.19338946426914974,0.3569073706741239,0.5383928676561487,7.118906877076781,0.38461538461538464,-0.14142041875958578,6.112148085410087,0.6300327555962293,3,0,False,False,0.0,-0.018721596724083533,0.0,-0.018721596724083533,0.0,-0.018721596724083533,0.0,-0.018721596724083533,0.0,-0.018721596724083533
0.00617306282657649,-0.970941817426052,0.23931566428755768,0.49046376305810685,1.362056524484884,0.8565621999822934,0.0,0.17627070619850416,2.037665298741287,0.6008920331763126,0.507744029532471,-0.12949567873762063,0.0,0.0,0.19664882243979942,0.03905573264484472,1.1461916854196579,0.45745423315860606,0.39910796682368743,0.45745423315860606,0.0,0.48824183122582965,0.0,1.2288999564741272,1.2696026447074436,0.002791627348520549,1.2481725943034725,0.003036858208644855,0.01201073851026635,0.005278239104011817,0.014754257707787044,0.008966453194263035,0.012848407472322965,0.0,0.3991079668236874,1.0,1.4397462062095265,0.3593959828942725,0.14343780001770656,0.6573942426740818,True,2018-05-07 17:00:00+00:00,2018-05-08 17:00:00+00:00,274.25886247442503,277.8988494303451,0.012672085077139506,0.013272085077139506,14,target,0.01390122107729419,-0.0032485719348329667,False,False,MSFT,2018-05-07 16:30:00+00:00,349,0.0009426462849873119,,,,,,,,,,,,,,,,,,,,,,3,0,False,False,0.0,0.012672085077139506,0.0,0.012672085077139506,0.0,0.012672085077139506,0.0,0.012672085077139506,0.0,0.012672085077139506
0.0173135146708636,0.120536680255323,0.992708874098054,0.5928390315729805,0.8946956481312527,0.7013560629299048,0.0,0.4095218570811171,1.6402205870032223,0.5676719584647025,0.23914511393741883,0.013748220876786392,0.0,0.0,0.08258455912716654,0.0955470345609535,0.6222775197255321,0.26902802139460735,0.43232804153529747,0.26902802139460735,0.0,0.40461856200208146,0.0,1.3712712908181275,0.9094306053113693,0.008351740000253191,2.6600130012796623,0.010370572142943457,0.010892487591887212,0.0222192929290157,0.026668424983456118,0.02596613495831579,0.017520389412430948,1.0,0.43232804153529747,0.6150591191961029,1.0183972494460904,0.690780861702356,0.2986439370700952,2.8489109972631423,True,2018-05-11 15:30:00+00:00,2018-05-11 18:30:00+00:00,116.1921928252224,120.5173375807289,0.03662405654235672,0.03722405654235672,7,target,0.03729381327964787,-0.004556759506620156,False,False,TSLA,2018-05-11 15:00:00+00:00,353,0.0032382270239929172,,,,,,,,,,,,,,,,,,,,,,3,0,False,False,0.0,0.03662405654235672,0.0,0.03662405654235672,0.0,0.03662405654235672,0.0,0.03662405654235672,0.0,0.03662405654235672
0.009403982228832972,0.8854560256532099,0.4647231720437685,0.07307096667587218,0.09690591648965005,0.8808821114767178,0.0,0.4701680999916068,1.3485980056223168,0.8417430036185052,0.28684628671362356,0.4894796822749141,0.0,0.0,0.7414763543482233,0.05857866410706359,4.566149564386598,0.722625115095223,0.15825699638149482,0.722625115095223,0.0,0.25386631661798476,0.0,0.46172345202184334,0.2538663166178898,0.004346392123184993,1.2207606987225836,0.0006876305829692786,0.0066088056886584035,0.011790756004204983,0.02021051438136401,0.010548565969722645,0.006458935398667931,0.0,0.15825699638149485,1.0,1.8667986801492646,0.7526863977313649,0.11911788852328219,0.5708808322993875,True,2018-05-15 14:30:00+00:00,2018-05-15 16:30:00+00:00,156.2873840034603,154.30325689808518,-0.013295376008924564,-0.012695376008924564,5,stop,0.004067120719482453,-0.019425136665269238,False,False,NVDA,2018-05-15 14:00:00+00:00,355,0.0016935347839901532,,,,,,,,,,,,,,,,,,,,,,3,1,False,False,0.0,-0.013295376008924564,0.0,-0.013295376008924564,0.0,-0.013295376008924564,0.0,-0.013295376008924564,0.0,-0.013295376008924564
0.01372775235465729,-0.3546048870425359,-0.9350162426854147,0.22841125376011945,0.15781917079825847,0.6077122904268468,0.0,0.9344826689373588,2.6042884277974956,0.6718696921244699,0.5748247008418917,0.7142345839424837,0.0,0.0,0.11596439050451081,0.19288866956598452,0.8520455923768595,0.2795819825513167,0.3281303078755301,0.2795819825513167,0.0,0.22347157592731898,0.0,0.6960992272824821,0.22347157592727737,0.007988265732417817,1.629560358396529,0.0031454358708238317,0.02605760510722477,0.023545341770298656,0.014023471826659195,0.03406296713485424,0.024324761271134365,0.0,0.3281303078755301,1.0,2.3079498843150192,1.1955241565828312,0.3922877095731532,1.425052946003928,True,2018-05-16 18:30:00+00:00,2018-05-17 14:00:00+00:00,125.69243682756735,124.32608885242266,-0.011470566357299105,-0.010870566357299105,5,momentum_decay,0.005426745972712421,-0.016793327669462732,False,False,TSLA,2018-05-16 18:00:00+00:00,356,0.0024146663241108052,,,,,,,,,,,,,,,,,,,,,,3,1,False,False,0.0,-0.011470566357299105,0.0,-0.011470566357299105,0.0,-0.011470566357299105,0.0,-0.011470566357299105,0.0,-0.011470566357299105
0.007964724271492417,0.120536680255323,0.992708874098054,0.46737045691777646,0.5250920429211039,0.842512121700446,0.0,0.181744437173759,2.1829374513265773,0.59500723772083,1.0473025104661173,0.5384401914604331,0.0,0.0,0.18052076466435457,0.043381887482768416,1.0803140208198228,0.437519359421276,0.40499276227917,0.437519359421276,0.0,0.4793357315053304,0.0,1.1540217516173987,0.5782953302156584,0.0042180224995253274,2.1857269598645583,0.0037363854301533106,0.02988332023138307,0.010929835721423142,0.0341981791985313,0.027825885584469523,0.030606399533483097,1.0,0.40499276227916997,1.0,1.8765562060752727,0.38886590815368743,0.157487878299554,3.1418882664181753,True,2018-05-17 15:30:00+00:00,2018-05-17 18:00:00+00:00,217.96183108126715,221.69424373675173,0.016524157183708633,0.017124157183708633,6,target,0.02125897544131128,-0.004251879704867734,False,False,AAPL,2018-05-17 15:00:00+00:00,357,0.0021089091006046483,,,,,,,,,,,,,,,,,,,,,,3,3,False,False,0.0,0.016524157183708633,0.0,0.016524157183708633,0.0,0.016524157183708633,0.0,0.016524157183708633,0.0,0.016524157183708633
0.008091256584509952,-0.3546048870425359,-0.9350162426854147,0.5044701670245015,2.3657877295884426,0.8287460848607767,0.0,0.20970731001270546,4.475006037127756,0.5880330010019701,1.1444934128611863,1.6807675806447746,0.0,0.0,0.1643408105839115,0.04752166138582581,1.011680758109172,0.41677908586274687,0.4119669989980299,0.41677908586274687,0.0,0.4984617193999118,0.0,1.2245402380565782,1.9057747022541067,0.0037424748644649007,1.4515704169748407,0.004098526917801104,0.04952286685477225,0.005841061386787416,0.04521327883223902,0.010220374692452294,0.030672327946228206,0.0,0.41196699899802985,1.0,1.3369823546893054,0.41569813979166187,0.17125391513922325,1.0616173190872988,True,2018-05-17 18:30:00+00:00,2018-05-18 14:00:00+00:00,222.2184170513067,222.36977815764604,8.113664181312933e-05,0.0006811366418131293,5,momentum_decay,0.008205337439725069,-0.0029809568996738145,False,False,AAPL,2018-05-17 18:00:00+00:00,357,0.0013276385955622578,,,,,,,,,,,,,,,,,,,,,,3,3,False,False,0.0,8.113664181312933e-05,0.0,8.113664181312933e-05,0.0,8.113664181312933e-05,0.0,8.113664181312933e-05,0.0,8.113664181312933e-05
0.012603857923500942,0.120536680255323,0.992708874098054,0.37809790074583827,0.770964727810035,0.6810521821030764,0.0,0.3240096243494586,1.451509493585943,0.627808894144986,0.4505633914836711,1.235000909591553,0.0,0.0,0.11827250298212248,0.12394391391454303,0.8298453976701808,0.3088610762480623,0.37219110585501414,0.3088610762480623,0.0,0.2695702586537818,0.0,1.0158703278984993,0.8203909135293034,0.004942164679773858,1.2475993903975555,0.0047883108804325225,0.038054006623250425,0.011067855245416869,0.05888984319205859,0.01661946080091381,0.020425916667655253,0.0,0.3721911058550141,0.5452853558407965,0.6236672372835242,0.8569463721162873,0.3189478178969236,0.6657591551795871,True,2018-05-18 15:30:00+00:00,2018-05-18 16:00:00+00:00,128.65578262864784,126.46667770150864,-0.017615208196726195,-0.017015208196726195,2,stop,0.002211602364453169,-0.01859549314287512,False,False,TSLA,2018-05-18 15:00:00+00:00,358,0.0011076715127780624,,,,,,,,,,,,,,,,,,,,,,3,2,False,False,0.0,-0.017615208196726195,0.0,-0.017615208196726195,0.0,-0.017615208196726195,0.0,-0.017615208196726195,0.0,-0.017615208196726195
0.008576806068972594,0.8854560256532099,0.4647231720437685,0.24808475589125037,0.19267973888725917,0.7787681400808241,0.0,0.34824672566884707,2.422203881272518,0.6459337943553851,0.7250947666996312,0.7094159718342291,0.0,0.0,0.20112899812681423,0.07739677406341666,1.199498646480874,0.42470193443620907,0.354066205644615,0.42470193443620907,0.0,0.2529095275581718,0.0,0.700673354124791,0.2529095275581252,0.005384016144019126,1.331431037074161,0.00213231191960106,0.021259423146078538,0.018826863458423437,0.021553973635721313,0.0260685265714955,0.0228683308319928,0.0,0.35406620564461494,1.0,2.5032626542566794,0.6248318997740672,0.22123185991917596,1.096834602515705,True,2018-05-23 14:30:00+00:00,2018-05-24 13:30:00+00:00,228.18761350081908,232.39542345374622,0.017840133048291063,0.018440133048291063,12,target,0.021775853942886725,-0.005058718887778091,False,False,AAPL,2018-05-23 14:00:00+00:00,361,0.001203543901531341,,,,,,,,,,,,,,,,,,,,,,3,1,False,False,0.0,0.017840133048291063,0.0,0.017840133048291063,0.0,0.017840133048291063,0.0,0.017840133048291063,0.0,0.017840133048291063
0.02051563805441335,1.0,0.0,0.6550935678957779,1.2394825528359534,0.7478878968124112,0.0,0.3652063531588189,1.0833807973243141,0.5477706897529148,1.3307616019533386,1.0404970440828283,0.0,124.05184259131063,0.08927828316349698,0.07169613571777367,0.6537802390642291,0.29565858656532595,0.45222931024708524,0.29565858656532595,1.0,0.006025769489781195,0.012405184259131063,1.448587150483133,1.2136342565208986,0.010556960493195454,2.3141329442721803,0.026196924616037398,0.10385534157629595,0.037743916235177144,0.10765959704688144,0.07772453190584172,0.12026597417355323,1.0,0.45222931024708524,1.0,3.1992734653783588,0.557487313349342,0.2521121031875888,1.9190360768164783,True,2018-05-24 14:00:00+00:00,2018-05-24 17:00:00+00:00,162.80736186981136,169.9885702235485,0.0435086218169886,0.0441086218169886,7,target,0.05281524453978781,-0.005066851275262629,False,False,NVDA,2018-05-24 13:30:00+00:00,362,0.006023827716655741,,,,,,,,,,,,,,,,,,,,,,3,5,True,False,0.0,0.0435086218169886,0.0,0.0435086218169886,0.0,0.0435086218169886,0.0,0.0435086218169886,0.0,0.0435086218169886
0.009158221843830255,-0.9709418174260521,-0.23931566428755743,0.6158345585606594,0.8772104386574217,0.8173966980867664,0.0,0.25948337869117133,4.342896482783337,0.5666257145537887,1.1857172429242566,2.1728547024650844,0.0,0.0,0.13680480053643568,0.049021367621503324,0.8861218247983333,0.3840224126405551,0.43337428544621126,0.3840224126405551,0.0,0.4819118371943289,0.0,1.4210223800578825,0.8927938538328333,0.0034300668680043475,1.6228508564594428,0.005671938955709388,0.046984824134817194,0.012216813162844398,0.07801724286817047,0.02233355331380582,0.0384366828456808,0.0,0.4333742854462113,1.0,1.6691636303235322,0.42135241532636414,0.1826033019132336,1.3397553187283437,True,2018-05-24 17:30:00+00:00,2018-05-25 13:30:00+00:00,239.3567692647926,248.24895670686777,0.036550348700763166,0.03715034870076317,6,gap_through_target,0.03715034870076317,-0.004825021743713465,False,True,AAPL,2018-05-24 17:00:00+00:00,362,0.0030915818652862332,,,,,,,,,,,,,,,,,,,,,,3,5,True,False,0.0,0.036550348700763166,0.0,0.036550348700763166,0.0,0.036550348700763166,0.0,0.036550348700763166,0.0,0.036550348700763166
0.00992154666558747,0.120536680255323,0.992708874098054,0.7391305750605345,4.932157034532884,0.8428175433519234,0.0,0.25960807636661337,1.7729488744753368,0.5524855728769562,1.4945065023855886,3.2033672568527947,0.0,0.0,0.13710599696165743,0.03911419971538661,0.8833304409200111,0.3953031162288796,0.4475144271230438,0.3953031162288796,0.0,0.2878564137476324,0.0,1.6516351881931866,3.4739542085585327,0.004082076767424823,1.0752950553774436,0.007387493333903761,0.07011698131600852,0.00889864392265416,0.09443499905392949,0.030436768680702997,0.04053319718442028,0.0,0.4475144271230438,1.0,1.3740737005422843,0.3512343896005253,0.1571824566480766,0.16537162616281303,True,2018-05-25 15:30:00+00:00,2018-05-25 16:30:00+00:00,250.54420111023197,250.594309950454,-0.000400000000000022,0.00019999999999997797,3,stop,0.013513017111050463,-0.0035191082780612337,False,False,AAPL,2018-05-25 15:00:00+00:00,363,0.0021425640566175587,,,,,,,,,,,,,,,,,,,,,,3,4,True,False,0.0,-0.000400000000000022,0.0,-0.000400000000000022,0.0,-0.000400000000000022,0.0,-0.000400000000000022,0.0,-0.000400000000000022
0.010255464642512374,-0.7485107481711013,-0.663122658240795,0.36414373789140503,0.9176245432477909,0.7994711596466013,0.0,0.2879410178568065,2.7133211256891556,0.5947571916142453,0.9539131270439414,3.408374328577009,0.0,0.0,0.15418914001341874,0.059427699267026464,0.9728201046449167,0.3942283512608467,0.40524280838575466,0.3942283512608467,0.0,0.57259518121057,0.0,0.8985816166409867,0.9329796864604628,0.00493587696598415,1.627690503096428,0.003748461721199803,0.0514889259563569,0.007865554577143996,0.10525793598528455,0.007238026107811768,0.023895862482801844,0.0,0.4052428083857546,0.10503191758518952,0.14361304780409676,0.4948362714984968,0.20052884035339866,1.6437929290836195,True,2018-05-25 18:00:00+00:00,2018-05-28 18:00:00+00:00,253.18217010552468,256.842187712135,0.01385606381004172,0.01445606381004172,14,momentum_decay,0.019471191173470626,-0.002850646634387055,False,False,AAPL,2018-05-25 17:30:00+00:00,363,0.0010463518881159068,,,,,,,,,,,,,,,,,,,,,,3,3,False,False,0.0,0.01385606381004172,0.0,0.01385606381004172,0.0,0.01385606381004172,0.0,0.01385606381004172,0.0,0.01385606381004172
0.012782559115501718,1.0,0.0,1.0992200427210839,15.073397577993115,0.8195297139473041,0.0,0.44128919466824,2.003928820553319,0.5504613347855264,0.4948057646248931,0.6699177873880454,0.0,14.132371056816417,0.12376402766680901,0.046407795550750204,0.8230461078495025,0.3699910487328305,0.4495386652144736,0.3699910487328305,1.0,0.16348294887881576,0.0014132371056816417,2.445218015221559,6.116845865924512,0.005473175571919428,4.065908388427923,0.015684462233232388,0.048225035286815876,0.016647005562727024,0.04242547234032279,0.019110847077036697,0.024187450679938438,1.0,0.4495386652144736,1.0,1.6189539140449973,0.40145664882129267,0.1804702860526959,4.520140224058143,True,2018-05-29 14:00:00+00:00,2018-05-29 18:00:00+00:00,133.35049801046426,134.51235380611928,0.008112796824829505,0.008712796824829505,9,stop,0.023412739807656457,-0.003500608359898294,False,False,TSLA,2018-05-29 13:30:00+00:00,365,0.0040795062120533195,,,,,,,,,,,,,,,,,,,,,,3,2,False,False,0.0,0.008112796824829505,0.0,0.008112796824829505,0.0,0.008112796824829505,0.0,0.008112796824829505,0.0,0.008112796824829505
0.012701916351452689,-0.9709418174260521,-0.23931566428755743,0.26251621165973454,0.43493241368679497,0.7801977774556016,0.0,1.199660688605997,1.6303231927904784,0.6535068733679894,-0.22659555429486058,-0.08422600012589129,0.0,0.0,0.21273212051183665,0.07825450622352734,1.2516977033239634,0.4337046508235911,0.3464931266320105,0.4337046508235911,0.0,0.3323141108644862,0.0,0.7576375733956109,0.5275726755601342,0.00678292930504907,1.2259967636174627,0.0033456147765753563,0.008439558377939527,0.011123442836382003,-0.030919210856890755,-0.008286452281258794,0.011057075272359107,0.0,0.34649312663201054,0.07841080215006792,0.1258213253956535,0.6343624321802197,0.2198022225443984,0.5498304611637539,True,2018-05-31 17:30:00+00:00,2018-05-31 19:00:00+00:00,170.1674936633618,167.2495317485265,-0.017747587074461068,-0.017147587074461068,4,stop,0.004279179298608771,-0.02087882450321832,False,False,NVDA,2018-05-31 17:00:00+00:00,367,0.0006885053679089282,,,,,,,,,,,,,,,,,,,,,,3,0,False,False,0.0,-0.017747587074461068,0.0,-0.017747587074461068,0.0,-0.017747587074461068,0.0,-0.017747587074461068,0.0,-0.017747587074461068
0.012170907317766029,1.0,0.0,0.8609263023968068,1.0540506847314248,0.8147181357332942,0.0,0.34138770450220446,1.5011439747494173,0.532748168136524,1.1966002761202001,0.5295065254163299,0.0,-78.84236848404113,0.10758947195828882,0.04595000389800275,0.7436381843254518,0.34746630386981825,0.46725183186347596,0.34746630386981825,1.0,0.8878915018646563,0.007884236848404114,1.8425316792516215,1.0502249258624268,0.004324930519018806,1.7866840870879144,0.0026214859820852254,0.055165580473677034,0.012715218231465153,0.040464895466756134,0.028237404818502787,0.054870404521884186,0.0,0.46725183186347596,1.0,2.035791102191552,0.396535340541538,0.1852818642667058,1.5601134541008466,True,2018-06-04 14:00:00+00:00,2018-06-04 16:00:00+00:00,272.53342139703835,279.66492627459496,0.02556745073319704,0.02616745073319704,5,target,0.02733893071142557,-0.006937724987992833,False,False,MSFT,2018-06-04 13:30:00+00:00,369,0.0008978076304549669,,,,,,,,,,,,,,,,,,,,,,3,4,True,False,0.0,0.02556745073319704,0.0,0.02556745073319704,0.0,0.02556745073319704,0.0,0.02556745073319704,0.0,0.02556745073319704
0.014107197588497903,-0.35460488704253545,0.9350162426854148,0.4270059018246752,0.7684882123929867,0.7894184329362223,0.0,0.22363461784847072,2.295445002040929,0.5979174744195954,0.19494835092005983,0.5646983855631313,0.0,0.0,0.15156531085534397,0.06395103433548181,0.9633243991300883,0.3873359073558176,0.4020825255804047,0.3873359073558176,0.0,0.3951194884161136,0.0,1.0619857234737913,0.806548721969794,0.008555176418400657,1.5721094801667401,0.006060363388665335,0.01353226778581762,0.014057305526896435,0.031395994416864026,0.02606606181947302,0.009789191521904383,0.0,0.40208252558040464,1.0,1.4888802195163295,0.523727229278629,0.21058156706377776,1.4325837085282815,True,2018-06-05 16:00:00+00:00,2018-06-06 13:30:00+00:00,175.72856733708596,174.91594828390907,-0.005224285427753505,-0.004624285427753505,9,momentum_decay,0.005252613694483488,-0.013324881217784745,False,False,NVDA,2018-06-05 15:30:00+00:00,370,0.0023337112596573226,,,,,,,,,,,,,,,,,,,,,,3,0,False,False,0.0,-0.005224285427753505,0.0,-0.005224285427753505,0.0,-0.005224285427753505,0.0,-0.005224285427753505,0.0,-0.005224285427753505
0.012130280872806936,-0.970941817426052,0.23931566428755768,0.42540369494125796,0.6682896273616405,0.8142986032012918,0.0,0.1812460104417814,4.24233342340063,0.5641390386394277,1.3711263789540407,0.21998357365347163,0.0,0.0,0.13295202130024514,0.049798562110350754,0.8682531251689072,0.37843764184071954,0.4358609613605723,0.37843764184071954,0.0,0.4067978918380405,0.0,0.9760077929744587,0.699168727611244,0.006303695774700239,1.32612700198939,0.005187032774410794,0.07030523591699489,0.013049976044383182,0.05038940946440351,0.03337272633695365,0.06495827198075554,0.0,0.4358609613605723,1.0,1.8419617681930638,0.4260565025573544,0.1857013967987082,0.6573397640597403,True,2018-06-08 17:00:00+00:00,2018-06-11 17:30:00+00:00,263.47940333536127,270.3509735436749,0.02548010387653481,0.02608010387653481,15,target,0.02610769473065422,-0.0029402791845044574,False,False,MSFT,2018-06-08 16:30:00+00:00,373,0.004101724430532248,,,,,,,,,,,,,,,,,,,,,,3,4,True,False,0.0,0.02548010387653481,0.0,0.02548010387653481,0.0,0.02548010387653481,0.0,0.02548010387653481,0.0,0.02548010387653481
0.012776476325698652,0.120536680255323,0.992708874098054,0.4851137116590608,3.8650810519154635,0.8508555585432532,0.0,0.18276267705558344,2.075071420784124,0.6041204105015621,0.5802002650767483,0.6413881107857469,0.0,0.0,0.1969171048171906,0.04134870060900728,1.149278672387908,0.45497596904481535,0.3958795894984378,0.45497596904481535,0.0,0.41389882901043484,0.0,1.2254072312080515,2.416049357737053,0.004220341054386701,1.602511544385715,0.006236699187340378,0.03184664581825425,0.007862988052717013,0.02969435043601787,0.012438435521880287,0.030575759099603195,0.0,0.3958795894984379,1.0,1.3541897189558385,0.37674193217567986,0.1491444414567468,1.6451800804967955,True,2018-06-12 15:30:00+00:00,2018-06-12 18:30:00+00:00,126.42123523415069,129.8939537600753,0.026869424100252216,0.027469424100252215,7,target,0.030567885399399364,-0.016933917626787975,False,False,TSLA,2018-06-12 15:00:00+00:00,375,0.0014231823480660446,,,,,,,,,,,,,,,,,,,,,,3,1,False,False,0.0,0.026869424100252216,0.0,0.026869424100252216,0.0,0.026869424100252216,0.0,0.026869424100252216,0.0,0.026869424100252216
0.013787865734770975,-0.970941817426052,0.23931566428755768,0.7602443285109463,6.785679396858955,0.8570939523224707,0.0,1.3050151454944028,1.5027618925858677,0.5663978309078948,0.16189246155474066,1.2545287923511084,0.0,0.0,0.15804556005380105,0.0358727763909441,0.976682806077239,0.4234917832303653,0.43360216909210536,0.4234917832303653,0.0,0.26261460421074945,0.0,1.753322244911224,3.8078613449703105,0.006452705822961554,1.1218677337760208,0.010593186057694659,0.032758887831823236,0.012173299035656004,0.05659401260476349,0.006239352123233122,0.00037985887457892,0.0,0.4336021690921053,0.7768372891904806,0.8002128994105522,0.3295787195360379,0.1429060476775294,0.39582354106175094,True,2018-06-13 17:00:00+00:00,2018-06-13 19:00:00+00:00,130.1834644999919,129.9637073481642,-0.002288057332563275,-0.0016880573325632753,5,momentum_decay,0.010106693748211715,-0.008533450698161249,False,False,TSLA,2018-06-13 16:30:00+00:00,376,0.002524266452659992,,,,,,,,,,,,,,,,,,,,,,3,1,False,False,0.0,-0.002288057332563275,0.0,-0.002288057332563275,0.0,-0.002288057332563275,0.0,-0.002288057332563275,0.0,-0.002288057332563275
0.011853431424983676,0.120536680255323,0.992708874098054,0.0962728592373479,0.17821286162215677,0.6857448768229751,0.0,0.20898088776891133,1.4115886865263159,0.7825645262659459,1.1613910271661618,2.6509536477330227,0.0,0.0,0.38526890039778294,0.2004517490415681,2.1537856498043193,0.468309403088921,0.21743547373405414,0.468309403088921,0.0,0.3335682284261629,0.0,0.44276519182467655,0.3335682284260539,0.009623333179565879,1.1488712108562418,0.0011424674775109,0.04141851268572272,0.00760189122800381,0.10560326735685965,0.042172205790447004,0.035272791829647376,0.0,0.21743547373405414,1.0,0.685222968093173,1.4452799158244731,0.31425512317702486,0.3295256099754818,True,2018-06-14 15:30:00+00:00,2018-06-14 16:00:00+00:00,194.38654286868578,191.2759436683104,-0.016602132423728055,-0.016002132423728055,2,stop,0.0018681361598564816,-0.02039788827669431,False,False,NVDA,2018-06-14 15:00:00+00:00,377,0.0009338351455787505,,,,,,,,,,,,,,,,,,,,,,3,4,True,False,0.0,-0.016602132423728055,0.0,-0.016602132423728055,0.0,-0.016602132423728055,0.0,-0.016602132423728055,0.0,-0.016602132423728055
0.01084510218652085,-0.9709418174260521,-0.23931566428755743,0.39286583059205576,0.6106507541200787,0.913777384742223,0.0,0.09118757757962817,3.067782842894257,0.628524846715158,0.25656794440693037,0.021152029766247225,0.0,0.0,0.27948160096886554,0.022257245291605963,1.459861384163395,0.542302231457381,0.37147515328484204,0.542302231457381,0.0,0.5986015663028568,0.0,1.0575830634110046,0.6800165075010506,0.005093182290227203,1.1758525726064029,0.004278901064095342,0.0017527195709181598,0.011365658202889595,-0.0041500480313301225,0.012634171476148426,0.010965589564805978,0.0,0.37147515328484204,1.0,1.1945845823477634,0.2321087009325691,0.08622261525777696,0.39590698779243727,True,2018-06-19 17:30:00+00:00,2018-06-19 18:30:00+00:00,192.22278570351043,196.7048385736048,0.02271696970101982,0.02331696970101982,3,target,0.025746617836324592,-0.0068170952496022785,False,False,NVDA,2018-06-19 17:00:00+00:00,380,0.00118148465373693,,,,,,,,,,,,,,,,,,,,,,3,0,False,False,0.0,0.02271696970101982,0.0,0.02271696970101982,0.0,0.02271696970101982,0.0,0.02271696970101982,0.0,0.02271696970101982
0.013323558828446911,1.0,0.0,0.9430523956552289,2.308819387123023,0.8847146536003234,0.0,0.24213009287006865,1.8581376378668537,0.5509846759754103,1.0186260721925187,0.9609161528786144,0.0,71.01195745692567,0.1576693274252252,0.026609810260867627,0.9703440089089287,0.4356993295757338,0.44901532402458966,0.4356993295757338,1.0,0.28064352223218464,0.007101195745692568,2.1002677307369226,2.0329273786102777,0.005370053036588367,1.7621643965788887,0.019916253844070697,0.07168741263772582,0.025608876407213765,0.0569792109805638,0.037810431094643215,0.06174649261140952,0.0,0.44901532402458966,1.0,2.3411221271016593,0.2567514742399251,0.11528534639967652,1.7617225924814226,True,2018-06-20 14:00:00+00:00,2018-06-20 18:00:00+00:00,201.79829803925773,203.5896020175993,0.00827670508496119,0.00887670508496119,9,momentum_decay,0.01901400294578992,-0.0049741236867268945,False,False,NVDA,2018-06-20 13:30:00+00:00,381,0.002720453229188537,,,,,,,,,,,,,,,,,,,,,,3,5,True,False,0.0,0.00827670508496119,0.0,0.00827670508496119,0.0,0.00827670508496119,0.0,0.00827670508496119,0.0,0.00827670508496119
0.014061495049010908,-0.3546048870425359,-0.9350162426854147,0.6188285820708334,1.566962789937251,0.7593736125760269,0.0,0.35314285489370184,2.6906514257203202,0.5783392355956739,0.6556164444029547,2.1098402089552817,0.0,0.0,0.11724688021065478,0.07285976918408812,0.8009112459123705,0.3377128481717007,0.4216607644043261,0.3377128481717007,0.0,0.43107138620851887,0.0,1.4675982076374674,1.438716739832879,0.008682333061683208,1.1688690956395225,0.008778038506008778,0.073274874335431,0.01446099263444367,0.12475813921873224,0.004687670931138088,0.014046843951490473,0.0,0.4216607644043261,1.0,1.1293626465237117,0.5706634520850205,0.2406263874239732,0.4679912958625737,True,2018-06-20 18:30:00+00:00,2018-06-21 13:30:00+00:00,144.08401393187611,141.34886445634078,-0.019583018316164668,-0.018983018316164668,4,stop,0.015415268690452066,-0.03367610353798145,False,False,TSLA,2018-06-20 18:00:00+00:00,381,0.0024867821726834035,,,,,,,,,,,,,,,,,,,,,,3,2,False,False,0.0,-0.019583018316164668,0.0,-0.019583018316164668,0.0,-0.019583018316164668,0.0,-0.019583018316164668,0.0,-0.019583018316164668
0.014793931435329637,-0.9709418174260521,-0.23931566428755743,0.6503078849554288,1.5438355538220645,0.7716111690222377,0.0,0.8529095148187382,1.5567811161605463,0.5717138915163308,-0.2794194638024294,0.8293425046717052,0.0,0.0,0.11787657609182073,0.06673425341176287,0.8016254875831577,0.34332506053856854,0.4282861084836692,0.34332506053856854,0.0,0.4291225896165466,0.0,1.5183959322374927,1.4315605976051664,0.01074951105763171,1.5071905290536531,0.009714065500119995,-0.01087571538955956,0.016107580383597497,0.05081607801214161,0.009544010120740909,-0.0327495410810833,0.0,0.4282861084836692,0.515794246130447,0.7682518520652623,0.5332622899822628,0.22838883097776227,1.4293805222829175,True,2018-06-21 17:30:00+00:00,2018-06-22 14:00:00+00:00,140.4854383154415,140.5135354031046,-0.000400000000000022,0.00019999999999997797,7,stop,0.02251567795217646,-0.01074312819076828,False,False,TSLA,2018-06-21 17:00:00+00:00,382,0.0005453556740003303,,,,,,,,,,,,,,,,,,,,,,3,0,False,False,0.0,-0.000400000000000022,0.0,-0.000400000000000022,0.0,-0.000400000000000022,0.0,-0.000400000000000022,0.0,-0.000400000000000022
0.013758639296065795,-0.9709418174260521,-0.23931566428755743,0.4588074029643746,1.3004131788120996,0.54977324843334,0.0,1.3975989331438115,1.6360964149131636,0.5942146727515594,0.13561878921035758,0.6756714999288249,0.0,0.0,0.038639850962369174,0.18812086482167226,0.35483767281864365,0.1439879211848994,0.40578532724844063,0.1439879211848994,0.0,0.44904843008579826,0.0,1.1306653349825815,1.2313612072736213,0.0078371835351295,1.181187570945595,0.0063526671919051925,0.013997802900320488,0.011292948975440531,0.0028171271499302097,0.00417884515931255,0.017080581604866474,0.0,0.40578532724844063,1.0,1.2063447151680955,1.1095195447780775,0.45022675156666,0.4318478317938681,True,2018-06-22 17:30:00+00:00,2018-06-25 13:30:00+00:00,205.56633150386412,211.647204468005,0.02898107448654146,0.02958107448654146,6,target,0.03007460802127504,-0.0035287522761596746,False,False,NVDA,2018-06-22 17:00:00+00:00,383,0.0017277835893906037,,,,,,,,,,,,,,,,,,,,,,3,0,False,False,0.0,0.02898107448654146,0.0,0.02898107448654146,0.0,0.02898107448654146,0.0,0.02898107448654146,0.0,0.02898107448654146
0.007379788690068528,1.0,0.0,0.6146854416074005,2.6287710413398377,0.8600384433154546,0.0,0.20094365138526532,1.2347623820805202,0.5718584255555759,0.7735733230256713,1.0031958539255148,0.0,57.412845615503194,0.1653780198821089,0.035401023209498034,1.0087711510640853,0.4318968688710305,0.42814157444442413,0.4318968688710305,1.0,0.0,0.005741284561550319,1.4357060334657856,2.131261294181917,0.0033355035073417616,1.1948436515668022,0.010324367128127232,0.024509203065341545,0.012088874879213618,0.018434956619238774,0.013122907543009266,0.02476088254879305,0.0,0.42814157444442413,0.7655920291194726,1.572842659672276,0.3269048488599967,0.13996155668454535,0.4252842285581278,True,2018-06-25 14:00:00+00:00,2018-06-26 13:30:00+00:00,280.87457673723407,279.7826609573939,-0.004487556476361631,-0.003887556476361631,13,gap_through_stop,0.009250823779244133,-0.00915752232474687,True,False,MSFT,2018-06-25 13:30:00+00:00,384,0.0008077441091145299,,,,,,,,,,,,,,,,,,,,,,3,1,False,False,0.0,-0.004487556476361631,0.0,-0.004487556476361631,0.0,-0.004487556476361631,0.0,-0.004487556476361631,0.0,-0.004487556476361631
0.010282690459267227,1.0,0.0,0.30481509883700747,0.4570561352899451,0.8513580811883863,0.0,0.11590754342982551,0.6638694155633157,0.6090996337842696,1.2105242922930337,0.552853465892701,0.0,56.05999330988265,0.20361183743723474,0.04165506305653756,1.177941375265815,0.460457714972656,0.3909003662157303,0.460457714972656,1.0,0.10015905001437234,0.005605999330988265,0.7797769589931413,0.5198488810875858,0.0030977084915437885,2.44608963095112,0.008767799723608194,0.05684122228017929,0.015794815000078177,0.04673963822369842,0.026023645454416267,0.04783147306322699,1.0,0.3909003662157304,1.0,1.9071244212399638,0.3802552559630792,0.14864191881161368,2.573802116788523,True,2018-06-26 14:00:00+00:00,2018-06-26 17:00:00+00:00,249.93439194189165,249.69819524029256,-0.001545034813992329,-0.0009450348139923292,7,momentum_decay,0.01233702868341191,-0.002738026827372786,False,False,AAPL,2018-06-26 13:30:00+00:00,385,0.004267031139058497,,,,,,,,,,,,,,,,,,,,,,3,4,True,False,0.0,-0.001545034813992329,0.0,-0.001545034813992329,0.0,-0.001545034813992329,0.0,-0.001545034813992329,0.0,-0.001545034813992329
0.016148471968488128,-0.35460488704253545,0.9350162426854148,0.29708359800757733,1.4703652683226223,0.8712762430145126,0.0,0.10257053379819044,3.3756530271315923,0.6271666388171192,1.168802504936798,0.24860565622885622,0.0,0.0,0.2435107837129517,0.03620145558115162,1.3369052604346316,0.4984428818316318,0.3728333611828808,0.4984428818316318,0.0,0.6896944028710383,0.0,0.7968267567715139,1.313876708748846,0.007834606875330883,1.4930969814396862,0.004820572592168837,0.07895929945188218,0.008125699024945865,0.004334947421662516,0.031495897901515635,0.0750975954891775,0.0,0.3728333611828808,1.0,0.9810241497743595,0.34525815119361614,0.1287237569854874,1.5000994944720465,True,2018-07-02 16:00:00+00:00,2018-07-02 19:30:00+00:00,145.62281528986972,145.88305548366776,0.0011870839351650238,0.0017870839351650236,8,momentum_decay,0.008034850239662328,-0.0040580999982327,False,False,TSLA,2018-07-02 15:30:00+00:00,389,0.0006943696828857391,,,,,,,,,,,,,,,,,,,,,,3,3,False,False,0.0,0.0011870839351650238,0.0,0.0011870839351650238,0.0,0.0011870839351650238,0.0,0.0011870839351650238,0.0,0.0011870839351650238
0.015161508779141797,-0.970941817426052,0.23931566428755768,0.8461296510460534,5.73947499956687,0.873454186074146,0.0,0.24064873531322772,2.71347719399723,0.5550603445347253,0.2406355718839844,0.5221104094476869,0.0,0.0,0.15564082194760134,0.030072588246768624,0.963084601125389,0.42851453060887135,0.4449396554652747,0.42851453060887135,0.0,0.26768871419700146,0.0,1.90167282383777,3.735682331617371,0.010219093944068523,1.3118817203943454,0.012995313843513934,-0.0050205045320833586,0.015294141875364708,0.08516137911910371,0.032623561228808384,-0.0026198947771132186,0.0,0.4449396554652747,1.0,1.471951185933478,0.284411183340035,0.12654581392585396,0.9594691985816154,True,2018-07-03 17:00:00+00:00,2018-07-04 13:30:00+00:00,145.6834977512232,145.7300600713305,-0.00028038713494622444,0.0003196128650537755,7,momentum_decay,0.012822761513273218,-0.0028969654497815744,False,False,TSLA,2018-07-03 16:30:00+00:00,390,0.0017289122876063688,,,,,,,,,,,,,,,,,,,,,,3,1,False,False,0.0,-0.00028038713494622444,0.0,-0.00028038713494622444,0.0,-0.00028038713494622444,0.0,-0.00028038713494622444,0.0,-0.00028038713494622444
0.006402428720444144,-0.7485107481711012,0.6631226582407952,0.540788364481243,1.7660944590561867,0.6363307324313696,0.0,0.8429434818479247,1.8900080677402973,0.59041745261184,0.15807859484865389,1.608619467158208,0.0,0.0,0.06933032040693328,0.13512136974805763,0.5536080247777109,0.22674818504320957,0.40958254738816,0.22674818504320957,0.0,0.3884207256761072,0.0,1.320340351242407,1.5508974590084745,0.0028292037065545143,1.2201378611391647,0.0034743885367050087,0.006001621127058154,0.005452387068955344,0.019485146326478464,0.0003436309087796463,0.002121384917691982,0.0,0.40958254738816,1.0,1.3328684529442225,0.8879022553263676,0.3636692675686304,0.7268210449699162,True,2018-07-04 16:30:00+00:00,2018-07-04 19:30:00+00:00,288.3366773844197,288.3943447198966,-0.000400000000000022,0.00019999999999997797,7,stop,0.009201532658841938,-0.0012385161086653218,False,False,MSFT,2018-07-04 16:00:00+00:00,391,0.0005009534685730599,,,,,,,,,,,,,,,,,,,,,,3,0,False,False,0.0,-0.000400000000000022,0.0,-0.000400000000000022,0.0,-0.000400000000000022,0.0,-0.000400000000000022,0.0,-0.000400000000000022
0.013502165295654185,0.8854560256532099,0.4647231720437685,0.32025523172278647,1.6903122037371172,0.6041331042376378,0.0,0.33998260776065653,0.6800255270894411,0.6271031472203841,0.6867096760737166,0.8172768298955969,0.0,0.0,0.07831006099531254,0.17059688187038477,0.6201078119434164,0.23123625145802182,0.37289685277961604,0.23123625145802182,0.0,0.4274083487477672,0.0,0.858830610490722,1.4382459417833566,0.006797457897096283,1.4530775978593307,0.004342918458929201,0.03369139174782343,0.01964749312621361,0.04046481228242915,0.02992073529340833,0.03239680021019131,0.0,0.372896852779616,1.0,1.7194401666112873,1.0615989188727828,0.39586689576236217,1.2259371926943623,True,2018-07-06 14:30:00+00:00,2018-07-06 17:00:00+00:00,199.62140297008466,195.98271937782383,-0.01882792314913313,-0.01822792314913313,6,stop,0.005238481615911228,-0.020174177116660807,False,False,NVDA,2018-07-06 14:00:00+00:00,393,0.0018586148696265918,,,,,,,,,,,,,,,,,,,,,,3,2,False,False,0.0,-0.01882792314913313,0.0,-0.01882792314913313,0.0,-0.01882792314913313,0.0,-0.01882792314913313,0.0,-0.01882792314913313
0.012897882004268007,-0.9709418174260521,-0.23931566428755743,0.8103335798530825,5.947228309135799,0.8457517127581057,0.0,0.4106055377429291,1.5598041256540771,0.560623669475957,0.24025872217126934,1.013176214950022,0.0,0.0,0.14617859873286773,0.03894446757232864,0.9248913835417237,0.40637538223406267,0.439376330524043,0.40637538223406267,0.0,0.27102476056327657,0.0,1.844281367834721,3.689699782119174,0.0066488789520364406,1.5776636350218736,0.010561976310252241,0.035099829907599744,0.012359876184594665,0.03819718143898365,0.005033611846481323,0.019589212667829425,0.0,0.43937633052404307,0.612075996090649,0.7595723132085397,0.35106189506805885,0.1542482872418943,1.5558586107286332,True,2018-07-06 17:30:00+00:00,2018-07-06 19:00:00+00:00,199.60999311820268,205.14526731514204,0.027130446309176316,0.027730446309176315,4,target,0.03270303388227358,-0.005443200114451985,False,False,NVDA,2018-07-06 17:00:00+00:00,393,0.002118839177803851,,,,,,,,,,,,,,,,,,,,,,3,1,False,False,0.0,0.027130446309176316,0.0,0.027130446309176316,0.0,0.027130446309176316,0.0,0.027130446309176316,0.0,0.027130446309176316
0.014712589692166963,1.0,0.0,0.5541322503015135,1.1597537723601792,0.7800938131281966,0.0,0.2872462221880576,1.0189754274807206,0.5757747159970696,1.0901607891562346,1.604244173626938,0.0,94.03005431647182,0.12559466817321263,0.06408357807617383,0.8388668534018843,0.35586852912526634,0.42422528400293025,0.35586852912526634,1.0,0.0,0.009403005431647182,1.3062216496687782,1.1350277039814063,0.00633114235700226,1.7086459955150322,0.017700029255724115,0.058680860936225265,0.025033245548240268,0.08492887487995837,0.04341807674757825,0.06719255796001189,0.0,0.4242252840029303,1.0,2.396364376020996,0.5183712408573842,0.21990618687180338,1.6753498436948118,True,2018-07-09 14:00:00+00:00,2018-07-09 18:00:00+00:00,210.4215152748235,212.0946894731474,0.007351535735966298,0.007951535735966297,9,momentum_decay,0.014421879748927058,-0.019285677327471884,False,False,NVDA,2018-07-09 13:30:00+00:00,394,0.004151361446304704,,,,,,,,,,,,,,,,,,,,,,3,5,True,False,0.0,0.007351535735966298,0.0,0.007351535735966298,0.0,0.007351535735966298,0.0,0.007351535735966298,0.0,0.007351535735966298
0.011135568714269418,-0.7485107481711013,-0.663122658240795,0.1472771564216925,0.44443483690957036,0.9045019650449806,0.0,0.07051064315002974,2.3862863109663244,0.7373376182296567,0.6826187333353576,1.3554905113218942,0.0,0.0,0.5432294058058739,0.03200510681334146,2.4435915754164634,0.6418395832746373,0.2626623817703433,0.6418395832746373,0.0,0.6045773193070134,0.0,0.5607089809703435,0.6045773193067436,0.00500883880013831,1.148474617152088,0.00164270896254326,0.03659528206137996,0.005358690687208734,0.050374062443472534,0.006919132426152386,0.02184369381502571,0.0,0.2626623817703433,1.0,1.0120684041974435,0.3635771301207836,0.09549803495501939,0.4264735853646049,True,2018-07-12 18:00:00+00:00,2018-07-12 18:00:00+00:00,216.9789533455339,213.71710488541916,-0.01563301776426369,-0.01503301776426369,1,stop,0.0026461168408657976,-0.017263235020044565,False,False,NVDA,2018-07-12 17:30:00+00:00,397,0.005430936055162013,,,,,,,,,,,,,,,,,,,,,,4,1,False,False,0.0,-0.01563301776426369,0.0,-0.01563301776426369,0.0,-0.01563301776426369,0.0,-0.01563301776426369,0.0,-0.01563301776426369
0.016622211178029887,-0.7485107481711013,-0.663122658240795,0.49726382388808155,0.3212455976908122,0.8093912837906979,0.0,0.226701512985699,3.0822881269680162,0.5819047793712128,0.4175541590911709,0.44936311952539004,0.0,0.0,0.14693304137226826,0.05382751533498735,0.9359017847012999,0.3912960631619107,0.41809522062878723,0.3912960631619107,0.0,0.3468547131786058,0.0,1.1893554371184392,0.3640097074273341,0.009414156978352997,2.2090946795903306,0.008334514255352365,0.031359389314999264,0.03519191505737873,0.06469542747307222,0.024273673702189136,0.025089442244691895,1.0,0.41809522062878723,0.8057612471568393,2.076551567709809,0.45589785963702545,0.19060871620930206,2.143621937664862,True,2018-07-13 18:00:00+00:00,2018-07-13 19:00:00+00:00,137.2518686213668,142.1569421426945,0.035137754032764354,0.03573775403276436,3,target,0.04730373841629887,-0.018166919745675747,False,False,TSLA,2018-07-13 17:30:00+00:00,398,0.006935066250826943,,,,,,,,,,,,,,,,,,,,,,4,3,False,False,0.0,0.035137754032764354,0.0,0.035137754032764354,0.0,0.035137754032764354,0.0,0.035137754032764354,0.0,0.035137754032764354
0.018809119756645606,1.0,0.0,0.1033067761271064,0.25949955949465203,0.8446759671859865,0.0,0.05927460416437548,0.3223444092651268,0.7292934248775564,1.261338355234432,1.423149404937145,0.0,131.33492084136168,0.4353726168871846,0.05942397493416012,2.120263949266518,0.5739693920635428,0.27070657512244367,0.5739693920635428,1.0,0.0,0.013133492084136167,0.38161901342950233,0.3949667550994739,0.009454145974219879,2.3384599900608642,0.015105954131323207,0.0936553027105893,0.02288089505304236,0.11883951772145385,0.048210389563086764,0.10026848620454443,1.0,0.2707065751224436,1.0,1.8055800494654803,0.5737726641593867,0.15532403281401352,1.7448346821242164,True,2018-07-16 14:00:00+00:00,2018-07-16 18:30:00+00:00,146.43232847662492,152.35399436213171,0.039839607476788094,0.0404396074767881,10,target,0.041191794582812635,-0.00790999436792883,False,False,TSLA,2018-07-16 13:30:00+00:00,399,0.006624737440860691,,,,,,,,,,,,,,,,,,,,,,4,5,True,False,0.0,0.039839607476788094,0.0,0.039839607476788094,0.0,0.039839607476788094,0.0,0.039839607476788094,0.0,0.039839607476788094
0.008891619725221712,1.0,0.0,0.10334145576267612,0.43818997752717537,0.7809799691046366,0.0,0.08315600597559682,0.296517056965959,0.7278146230284877,0.7845173460241125,0.8150399185653209,0.0,-124.97024763936881,0.3541743575520288,0.09589185244921695,1.8692943676557219,0.5087945921331242,0.27218537697151235,0.5087945921331242,1.0,0.0,0.012497024763936881,0.3796730629415558,0.5874619206282491,0.00482063606465349,1.0902500974501175,-0.011588800472448924,0.03803405676301286,-0.00953589281109457,0.036415003370497745,-0.0023328547614422934,0.012166134802871431,0.0,0.2721853769715124,1.0,-0.42765468276149055,0.8046722911106801,0.21902003089536343,0.2103422328058134,True,2018-07-17 14:00:00+00:00,2018-07-17 19:30:00+00:00,273.20858593992455,273.2632276571125,-0.000400000000000022,0.00019999999999997797,12,stop,0.010143280555596101,-0.0047408384423800465,False,False,MSFT,2018-07-17 13:30:00+00:00,400,0.00501964333685857,,,,,,,,,,,,,,,,,,,,,,4,1,False,False,0.0,-0.000400000000000022,0.0,-0.000400000000000022,0.0,-0.000400000000000022,0.0,-0.000400000000000022,0.0,-0.000400000000000022
0.009635125465982322,0.8854560256532099,0.4647231720437685,0.31339637716862817,0.4937125398884388,0.7313671001838399,0.0,0.3725934858793789,1.2004365388910825,0.6643268328102281,0.4192803160865582,0.16834799151243424,0.0,0.0,0.19091441671602843,0.10709274929747044,1.178807160268953,0.3956939329940679,0.335673167189772,0.3956939329940679,0.0,0.5935267993085173,0.0,0.9336354758182095,0.5935267993083357,0.004826020224948623,1.1277968491958965,0.003028759096200595,0.0033412345620280615,0.012904226535924268,0.004172836066173025,0.013770069335522939,0.02192814841331825,0.0,0.33567316718977197,1.0,1.4110962731531844,0.8002811248355661,0.26863289981616006,0.25630345698907697,True,2018-07-18 14:30:00+00:00,2018-07-18 17:00:00+00:00,215.75468805595696,214.2657321604162,-0.0075011519932979935,-0.006901151993297994,6,momentum_decay,0.0026334444126685508,-0.009902235668389991,False,False,NVDA,2018-07-18 14:00:00+00:00,401,0.005417081942533284,,,,,,,,,,,,,,,,,,,,,,4,0,False,False,0.0,-0.0075011519932979935,0.0,-0.0075011519932979935,0.0,-0.0075011519932979935,0.0,-0.0075011519932979935,0.0,-0.0075011519932979935
0.007103847817656153,-0.7485107481711013,-0.663122658240795,0.020882512940033585,0.020735916281462416,0.4875809861746163,0.0,0.6556023548367773,2.684439224258644,0.9278619286385126,0.3689094201338905,0.005298544670307143,0.0,0.0,0.4524078341994474,0.5423882644607975,5.7589966984190974,0.4154429148131289,0.07213807136148742,0.4154429148131289,0.0,0.12828867716801107,0.0,0.28947977878962516,0.12828867716797676,0.004808178657176069,1.3905270289637066,0.00014836820383457017,0.008176515767461146,0.007356133616154503,0.007287102694298442,0.008341080918326638,0.01746747847346941,0.0,0.07213807136148746,0.7655528942079468,0.8896602133063154,7.103309031410387,0.5124190138253837,1.1221641314825417,True,2018-07-20 18:00:00+00:00,2018-07-23 16:00:00+00:00,233.3477106033414,236.9116938464993,0.014673272807960758,0.015273272807960758,10,target,0.017361799756746565,-0.001978252956913562,False,False,AAPL,2018-07-20 17:30:00+00:00,403,0.004816803829071115,,,,,,,,,,,,,,,,,,,,,,4,0,False,False,0.0,0.014673272807960758,0.0,0.014673272807960758,0.0,0.014673272807960758,0.0,0.014673272807960758,0.0,0.014673272807960758
0.007926248790679742,0.5680647467311559,0.8229838658936564,0.21587184852247043,0.3158374804972025,0.7840632887332701,0.0,0.9109332249900097,1.2693916569558217,0.669529615071568,0.1291314233741117,1.157060439866806,0.0,0.0,0.24017807643336023,0.07968173912567302,1.3725674810526804,0.4535929038048382,0.33047038492843195,0.4535929038048382,0.0,0.41197745541883585,0.0,0.6532260025939103,0.4119774554186985,0.003164965761667452,1.184719338155554,0.0017139867020583566,0.013541525683669953,0.007179749328497076,0.03467842185141423,-0.0001367796400472132,0.0015719372392146713,0.0,0.33047038492843195,-0.04146349128956349,0.5621199996923417,0.6534222765920924,0.21593671126672986,0.6395656134304587,True,2018-07-24 15:00:00+00:00,2018-07-24 17:00:00+00:00,238.6727082791535,242.7400336996902,0.01644143489996146,0.01704143489996146,5,target,0.022039803960437476,-0.007160026230043637,False,False,AAPL,2018-07-24 14:30:00+00:00,405,0.004768080264131195,238.6727082791535,237.5,14.0,0.2733495889345166,0.5569160920538359,1593.0,144.0,0.03432894076957103,6.9993295053673705,True,0.005893529631987928,0.008770478311460403,0.49382716049382713,-0.22921422751989895,-0.07152404671845727,0.2589652654586769,7.119469289375604,0.38461538461538464,0.2732392140568598,9.064787482506544,0.2655953758775582,4,0,False,False,0.0,0.01644143489996146,0.0,0.01644143489996146,0.0,0.01644143489996146,0.0,0.01644143489996146,0.0,0.01644143489996146
0.008478295661016053,-0.9709418174260521,-0.23931566428755743,0.7906999483414792,7.399522218393414,0.9018528722082891,0.0,0.17518681983881743,3.534959774930512,0.557016167391065,0.7308474241759019,1.5120736920869036,0.0,0.0,0.17345352048386584,0.022260691296706176,1.0358595637601102,0.4588690395993541,0.44298383260893504,0.4588690395993541,0.0,0.23512091426287499,0.0,1.7849408717349444,4.253130790742012,0.00392282719121197,1.6753106529684019,0.006749032020664014,0.02212823398523822,0.007668116278026771,0.04396727405532186,0.010302574218624017,0.025094030155797586,0.0,0.442983832608935,1.0,1.1546790107781137,0.22155916439120885,0.09814712779171089,1.640319038529077,True,2018-07-24 17:30:00+00:00,2018-07-24 18:30:00+00:00,243.5712351189601,248.0111333525535,0.017628335671184537,0.018228335671184537,3,target,0.019402183851356725,-0.006553465911278034,False,False,AAPL,2018-07-24 17:00:00+00:00,405,0.006205970209588947,243.5712351189601,242.5,14.0,0.2776512347167778,0.5533107220004762,1852.0,345.0,0.034004418142065125,7.174256787574365,True,0.03110006329594012,0.006461317442712781,0.5679012345679012,-0.20586369271401223,-0.04019457316986226,0.2628209705707195,7.29623500140598,0.38461538461538464,0.3010203468759871,9.492550192417927,0.27020725432329057,4,1,False,False,0.0,0.017628335671184537,0.0,0.017628335671184537,0.0,0.017628335671184537,0.0,0.017628335671184537,0.0,0.017628335671184537
0.009276906185686006,1.0,0.0,0.4693448975220934,0.757720699040592,0.79906088725439,0.0,0.2263697465461171,0.9001891570591876,0.5833818400262445,1.0186507601741577,2.142636436703023,0.0,-16.726988709618862,0.14263947590890405,0.05792088320887265,0.9179694118575485,0.38244272728063455,0.4166181599737555,0.38244272728063455,1.0,0.6054521875818523,0.0016726988709618862,1.1265589036053048,0.7904765083997276,0.003377022214785824,1.772450108069365,0.0026930956351771673,0.0525435899449227,0.008503838993873192,0.06542924181625254,0.015143752917041287,0.03187570093705783,0.0,0.41661815997375545,0.8572639168011231,0.8523134336478294,0.4823100192225969,0.20093911274561,1.9175832425909587,True,2018-07-25 14:00:00+00:00,2018-07-25 18:30:00+00:00,249.42263718219667,250.79358082158896,0.004896468383464626,0.0054964683834646255,10,momentum_decay,0.015554724114172691,-0.003962584968151162,False,False,AAPL,2018-07-25 13:30:00+00:00,406,0.005721378664830497,249.42263718219667,250.0,30.0,0.25538009677362417,0.5286431454282938,2535.0,253.0,0.023728120430037494,9.062818537179567,True,0.006027483978068834,0.005047374772024133,0.5061728395061729,-0.1750762799830839,-0.05365851856681903,0.2418074725045363,9.170340362022454,0.38461538461538464,0.008720864159058372,9.250313654611983,0.2460632439098547,4,4,True,False,0.0,0.004896468383464626,0.0,0.004896468383464626,0.0,0.004896468383464626,0.0,0.004896468383464626,0.0,0.004896468383464626
0.008335083206693059,1.0,0.0,0.5335069536249158,5.985234227712774,0.8246508702466261,0.0,0.22375296423208146,1.0522896631067988,0.5819050694744293,0.6692556376758575,2.5026303295985017,0.0,165.30474256675643,0.15554154781361892,0.0482769012830956,0.9724010267468062,0.40655593972105547,0.4180949305255707,0.40655593972105547,1.0,0.0,0.016530474256675642,1.2760426273388803,3.3154135112588508,0.006158581687195878,1.1936479743173432,0.021070998144648634,0.02992998524248458,0.021846192041537815,0.08404620405904595,0.02418059021938679,0.017371173331531597,0.0,0.4180949305255707,1.0,3.253638683675663,0.41940027718775713,0.1753491297533739,0.4946142885206138,True,2018-07-26 14:00:00+00:00,2018-07-27 13:30:00+00:00,256.8878530322014,256.93923060280787,-0.000400000000000022,0.00019999999999997797,13,stop,0.013480892230180785,-0.005866984241487572,False,False,AAPL,2018-07-26 13:30:00+00:00,407,0.004887155965630095,,,,,,,,,,,,,,,,,,,,,,4,2,False,False,0.0,-0.000400000000000022,0.0,-0.000400000000000022,0.0,-0.000400000000000022,0.0,-0.000400000000000022,0.0,-0.000400000000000022
0.00806943344021482,0.120536680255323,0.992708874098054,0.7194838025214724,42.29108577724717,0.7759223463920625,0.0,0.4078292489423234,1.3335558123791555,0.5649289564726147,-0.03951507438869073,2.1297231290929233,0.0,0.0,0.11447103767402204,0.06392847548830345,0.7834382635556737,0.3408513028646772,0.43507104352738535,0.3408513028646772,0.0,0.1516795922996872,0.0,1.653715670636639,6.592844725098517,0.003583485392131378,1.5778593475605645,0.005839731122372349,0.0030625804634878406,0.005978640887148945,0.03453049239758199,-0.005348094271904635,0.0033409770644938774,0.0,0.43507104352738535,0.012459103281628123,0.018536846444686606,0.5150369277418563,0.22407765360793747,1.3065562214667015,True,2018-07-27 15:30:00+00:00,2018-07-27 17:00:00+00:00,258.1705796102171,262.6496537732477,0.016749281896461788,0.017349281896461788,4,target,0.025582014528596986,-0.0027824911707320377,False,False,AAPL,2018-07-27 15:00:00+00:00,408,0.004765792977054114,258.1705796102171,255.0,21.0,0.26731305454181287,0.5955764576839454,1773.0,285.0,0.028603046533219684,10.055881036206927,True,0.0013851096288304194,0.005993751940800269,0.49382716049382713,-0.1890524246211984,-0.06839622743857454,0.25324672454181657,10.199695452812502,0.38461538461538464,0.1958409282923741,12.19721327859081,0.24945574222520747,4,0,False,False,0.0,0.016749281896461788,0.0,0.016749281896461788,0.0,0.016749281896461788,0.0,0.016749281896461788,0.0,0.016749281896461788
0.00923142924995955,-0.9709418174260521,-0.23931566428755743,1.2647836519372775,12.954829839973012,0.7625236164259023,0.0,0.6436991532692677,3.21779282699969,0.5333903328282583,0.5941804782642167,1.8858347808515377,0.0,0.0,0.08597830723611738,0.06371127849616973,0.6341787795518373,0.29591394925416054,0.4666096671717418,0.29591394925416054,0.0,0.14147192358531685,0.0,2.7105817579895044,7.06854034819044,0.004551504523348051,2.3702045400236043,0.011813694672517583,0.02174420418068368,0.012737224236267775,0.04592330981084336,0.019523736158196137,0.014071227104777817,1.0,0.46660966717174174,1.0,2.014444924529446,0.5089401276519506,0.23747638357409773,2.7925974886573965,True,2018-07-27 17:30:00+00:00,2018-07-27 18:30:00+00:00,263.21103389033556,268.43513407024534,0.019247572887413012,0.019847572887413012,3,target,0.02260445991903892,-0.004462290207384423,False,False,AAPL,2018-07-27 17:00:00+00:00,408,0.005784649543578167,,,,,,,,,,,,,,,,,,,,,,4,1,False,False,0.0,0.019247572887413012,0.0,0.019247572887413012,0.0,0.019247572887413012,0.0,0.019247572887413012,0.0,0.019247572887413012
0.011508818953664257,1.0,0.0,0.8103876168164242,1.4802568984606281,0.7957007760530967,0.0,0.3612999638713763,1.4071843058744409,0.5417614786401801,1.1123755092348846,2.2660970996945338,0.0,-52.19558019921466,0.10582060924977607,0.053342407705849415,0.7364336234582085,0.3374622546932768,0.45823852135982,0.3374622546932768,1.0,0.6635345104815561,0.005219558019921466,1.7684842697458172,1.4210124371150747,0.004267560508500863,1.9375357324409617,0.004145711757682191,0.05473708203045957,0.010539177668593247,0.05984868950438971,0.01804894813871072,0.047562922023393295,0.0,0.45823852135981996,1.0,1.2240162979167193,0.44583598808010744,0.20429922394690322,2.0807278776617255,True,2018-07-30 14:00:00+00:00,2018-07-30 16:00:00+00:00,272.2622543857749,269.44963913619745,-0.010930536841850257,-0.010330536841850257,5,momentum_decay,0.002271410148596331,-0.013302953392278605,False,False,AAPL,2018-07-30 13:30:00+00:00,409,0.005871889164806775,272.2622543857749,270.0,14.0,0.29913102775209927,0.5734299224787269,1596.0,171.0,0.03454735726035489,9.13242907365023,True,0.01671678898126173,0.006209309656538259,0.5308641975308642,-0.1978042892627931,-0.057569877361577766,0.28320842103210103,9.290179718581353,0.38461538461538464,-0.1619353776407192,7.785770957502731,0.31651759140729874,4,4,True,True,0.05,-0.019027305723886216,0.1,-0.02712407460592218,0.2,-0.043317612369994096,0.3,-0.05951115013406601,0.1,-0.02712407460592218
0.0168432061116247,-0.970941817426052,0.23931566428755768,0.2444454958254284,0.4448421535595971,0.7422983633751407,0.0,0.7895516361928282,1.5822883683545796,0.6423647825676344,0.028702503431582985,0.1440302775775187,0.0,0.0,0.17095400190900123,0.09494023298839897,1.075574012827332,0.3846631459427751,0.3576352174323655,0.3846631459427751,0.0,0.34734481655478033,0.0,0.6835051021552623,0.529945682482075,0.007410072608810345,1.0817511955387225,0.004134267665715008,0.027849169807946605,0.013554021583717546,0.00453094986051461,-0.005853332707864922,0.007801256622263608,0.0,0.35763521743236554,-0.10228652589695474,-0.17802681455995525,0.7205711967478304,0.25770163662485934,0.25605432647769893,True,2018-07-30 17:00:00+00:00,2018-07-31 13:30:00+00:00,139.34922263444864,144.51514667501579,0.03647178226690777,0.03707178226690777,7,gap_through_target,0.03707178226690777,-0.004957875681101953,False,True,TSLA,2018-07-30 16:30:00+00:00,409,0.00537630319079656,,,,,,,,,,,,,,,,,,,,,,4,0,False,False,0.0,0.03647178226690777,0.0,0.03647178226690777,0.0,0.03647178226690777,0.0,0.03647178226690777,0.0,0.03647178226690777
0.010000615554178782,0.5680647467311559,0.8229838658936564,1.044116694981093,49.66369123441784,0.7842348923882523,0.0,0.4869634224737451,1.7699511818560578,0.5373698708059244,0.5114291617738531,2.0978292292080987,0.0,0.0,0.09765326726067117,0.056673775972794556,0.6951660579355612,0.3216047631941766,0.46263012919407565,0.3216047631941766,0.0,0.09577667328993006,0.0,2.2569146043298027,10.440955669562426,0.004516882853707436,2.568115921356604,0.010551991547480544,0.01332575949435455,0.010766748081216582,0.07487827387833179,0.01670894757692465,0.01854188812125357,1.0,0.46263012919407565,0.31416401921636705,1.0145771828679342,0.46638792848953925,0.21576510761174778,3.424470546725035,True,2018-07-31 15:00:00+00:00,2018-07-31 16:30:00+00:00,275.8908187768108,281.822836505867,0.020901323441484255,0.021501323441484255,4,target,0.026954499945473165,-0.008028585126202414,False,False,AAPL,2018-07-31 14:30:00+00:00,410,0.0052101607539001464,,,,,,,,,,,,,,,,,,,,,,4,1,False,False,0.0,0.020901323441484255,0.0,0.020901323441484255,0.0,0.020901323441484255,0.0,0.020901323441484255,0.0,0.020901323441484255
0.010184940264144713,-0.3546048870425359,-0.9350162426854147,0.46588890109517445,3.5110823532180535,0.7686331842137698,0.0,0.25511775484821614,4.968366675784544,0.5774843988390086,1.109938097003726,2.7960531325346256,0.0,0.0,0.12120458370421491,0.0689250326303608,0.8191829653188156,0.34611758305277845,0.4225156011609913,0.34611758305277845,0.0,0.3963546966697465,0.0,1.1026549074519418,2.5229926840817534,0.0034873904786438233,1.4788336643697377,0.004767673479417089,0.05481313494063578,0.006133895461001515,0.0673682347610065,0.014340940759034693,0.045573252770467754,0.0,0.42251560116099135,1.0,0.9549528244984135,0.5475935448307897,0.23136681578623022,0.8015873410625896,True,2018-07-31 18:30:00+00:00,2018-08-01 14:30:00+00:00,285.45197398131523,291.7026932833713,0.021297621567910974,0.021897621567910974,6,target,0.02788888865423922,-0.004605149998978986,False,False,AAPL,2018-07-31 18:00:00+00:00,410,0.005850434989283416,285.45197398131523,285.0,14.0,0.2719050640820478,0.536430068464469,1891.0,264.0,0.03378237653273064,7.838371911397104,True,0.02644522570622399,0.007444388802270472,0.5555555555555556,-0.21849088216277607,-0.045569378467716526,0.25743489128257746,7.970771327054303,0.38461538461538464,0.3672792992355711,10.89827063442179,0.25583017127388746,4,4,True,True,0.05,0.03966158652968953,0.1,0.05802555149146808,0.2,0.0947534814150252,0.3,0.13148141133858232,0.1,0.05802555149146808
0.013632071133918322,-0.35460488704253545,0.9350162426854148,0.29135215060639796,4.723834657970738,0.5494975029506759,0.0,0.37087153451949256,1.766854494915939,0.646090737217325,0.9239636064752544,1.049235532299373,0.0,0.0,0.06540166320872816,0.2205240419981505,0.5526508083733593,0.1955882401680008,0.3539092627826751,0.1955882401680008,0.0,0.44244617538473696,0.0,0.8232396866801095,2.260161926202795,0.012497847051103477,1.4943459888836728,0.003987570809626195,0.04440964519104429,0.004835791410129575,0.06671336725084953,0.014949908908089116,0.04312837640750433,0.0,0.35390926278267504,0.8493160732045933,0.31457887791145184,1.2729322016225122,0.45050249704932416,1.4172109514696274,True,2018-08-01 16:00:00+00:00,2018-08-01 19:30:00+00:00,146.65787450373523,150.95626324554124,0.02870895293792446,0.02930895293792446,8,target,0.03047970588893456,-0.01808594100868577,False,False,TSLA,2018-08-01 15:30:00+00:00,411,0.0052137877487686436,,,,,,,,,,,,,,,,,,,,,,4,4,True,False,0.0,0.02870895293792446,0.0,0.02870895293792446,0.0,0.02870895293792446,0.0,0.02870895293792446,0.0,0.02870895293792446
0.013196719678425544,1.0,0.0,0.3241370758985846,1.1258360474079037,0.8828472086362694,0.0,0.10503595884498367,0.7915364371030807,0.6384708280519482,0.9429706461235777,1.8751743701531505,0.0,8.327424180922804,0.27093477867731075,0.03301232882235146,1.4419805568617343,0.5213180366882175,0.3615291719480518,0.5213180366882175,1.0,0.5033025049776573,0.0008327424180922804,0.8965723959480645,1.0892623119522344,0.004500094131186197,1.134357505906593,0.005132241947782168,0.048872227590733175,0.008985496315371932,0.05763116705096505,0.020250608901730915,0.03768278642723111,0.0,0.36152917194805184,1.0,1.3314294550360213,0.3240479619729929,0.11715279136373061,0.2742363540784015,True,2018-08-02 14:00:00+00:00,2018-08-02 16:30:00+00:00,151.5595697623585,155.85976144934224,0.02777294730861495,0.02837294730861495,6,target,0.03135393734191294,-0.008719462193400918,False,False,TSLA,2018-08-02 13:30:00+00:00,412,0.005804429811059554,,,,,,,,,,,,,,,,,,,,,,4,4,True,False,0.0,0.02777294730861495,0.0,0.02777294730861495,0.0,0.02777294730861495,0.0,0.02777294730861495,0.0,0.02777294730861495
0.013307366253891333,1.0,0.0,0.576793144188215,1.9474456026693203,0.7611788420084903,0.0,0.33373979709130636,1.0637067269020621,0.5872520813605371,0.2612346701349901,2.186312992295938,0.0,-43.987390610469305,0.12578296210734236,0.07379920483202933,0.8441736654112398,0.34843092336902737,0.4127479186394628,0.34843092336902737,1.0,0.5996377300221066,0.00439873906104693,1.3974465239933684,1.6676735801173765,0.005064857934067319,1.2245335731880076,0.003302204957922994,0.026380311018896263,0.007285396291906832,0.0765418031736591,-0.0009999534103111163,0.007629672495000017,0.0,0.41274791863946286,0.6227623724257462,0.3504207310138338,0.5786126282078748,0.23882115799150974,0.4909196993853207,True,2018-08-03 14:00:00+00:00,2018-08-03 14:30:00+00:00,155.55775835057963,152.76317186417222,-0.018564944442753317,-0.017964944442753317,2,stop,0.015031249048407469,-0.019267012427414465,False,False,TSLA,2018-08-03 13:30:00+00:00,413,0.0049713218808402435,,,,,,,,,,,,,,,,,,,,,,4,1,False,False,0.0,-0.018564944442753317,0.0,-0.018564944442753317,0.0,-0.018564944442753317,0.0,-0.018564944442753317,0.0,-0.018564944442753317
0.012614583518566784,0.5680647467311559,0.8229838658936564,0.9288771488866248,5.9496955184929154,0.6280978728960237,0.0,0.775406235885741,1.3372204573717517,0.5544897996666148,0.6405990775999618,0.4450561325415388,0.0,0.0,0.047578794037463,0.12612015619858533,0.40983948835722644,0.18258767256263853,0.4455102003333852,0.18258767256263853,0.0,0.26106190561713066,0.0,2.084973920218943,3.8305090803475976,0.0057262568329074824,1.6163716418571001,0.011856323640454303,0.038683931650909775,0.01387673808028822,0.018402037861244835,0.025270636097725063,0.028666240192995573,0.0,0.4455102003333852,0.28992552322605464,2.5036559768171,0.8347780293818499,0.37190212710397624,1.7761415418594872,True,2018-08-06 15:00:00+00:00,2018-08-06 19:30:00+00:00,198.5833448718831,198.53253335001173,-0.0008558700071455532,-0.0002558700071455533,10,momentum_decay,0.013623435239371595,-0.00335516643244671,False,False,NVDA,2018-08-06 14:30:00+00:00,414,0.005038600452353046,,,,,,,,,,,,,,,,,,,,,,4,3,False,False,0.0,-0.0008558700071455532,0.0,-0.0008558700071455532,0.0,-0.0008558700071455532,0.0,-0.0008558700071455532,0.0,-0.0008558700071455532
0.006794338405652314,1.0,0.0,0.04145180509445616,2.1099201317785394,0.7106791040642987,0.0,0.08954286107282244,0.21995037750999477,0.8660655551498775,0.6947758336162925,1.6163109055149099,0.0,10.433516633849838,0.6154946927948644,0.26394866994907074,4.306171275447272,0.5767446592141761,0.13393444485012262,0.5767446592141761,1.0,0.2360929090529882,0.0010433516633849838,0.30949323858281724,1.1651728452850292,0.0031378522071539403,1.3042227205521522,0.0013253625266314017,0.021436230714389826,0.0014592170617147016,0.04902546216091386,0.005986788775749874,0.013251249435582757,0.0,0.13393444485012257,-0.4381303860087188,0.05395427726055648,2.1601679557163096,0.28932089593570137,0.9402482472348166,True,2018-08-07 14:00:00+00:00,2018-08-08 13:30:00+00:00,269.3997593974264,275.41553476262317,0.021730292271427466,0.022330292271427465,13,gap_through_target,0.022330292271427465,-0.004459065551459029,False,True,MSFT,2018-08-07 13:30:00+00:00,415,0.0037938574956864297,,,,,,,,,,,,,,,,,,,,,,4,0,False,False,0.0,0.021730292271427466,0.0,0.021730292271427466,0.0,0.021730292271427466,0.0,0.021730292271427466,0.0,0.021730292271427466
0.007045900853145667,1.0,0.0,0.4540197920439218,1.0330621076492725,0.8163560947544455,0.0,0.20663248931483444,0.9185477285559486,0.5964914910225857,0.8945153344602271,1.7266695225440378,0.0,111.80102639595458,0.16607325182590063,0.05313218440834186,1.0231446836717701,0.41284758577703123,0.4035085089774143,0.41284758577703123,1.0,0.0,0.011180102639595457,1.125180217870783,1.0293765164433808,0.004236348850168943,1.1031924502805293,0.014425227070093527,0.025611200389405786,0.01762184951943957,0.04759643870421537,0.023528012665901432,0.023221368545651933,0.0,0.4035085089774143,1.0,3.5308056926276143,0.4551178008878764,0.1836439052455545,0.31552634544282554,True,2018-08-08 14:00:00+00:00,2018-08-08 15:00:00+00:00,276.2994106202116,273.67125997864457,-0.010111966151746653,-0.009511966151746654,3,stop,0.003389301101107911,-0.012646248803664162,False,False,MSFT,2018-08-08 13:30:00+00:00,416,0.00555696433530511,276.2994106202116,270.0,30.0,0.28817029905910674,0.6291355630727178,1738.0,151.0,0.025737016830912396,15.015911642253087,True,4.424907988200668e-05,0.0035171701604607636,0.49382716049382713,-0.1450230271801446,-0.06552302658731429,0.2728810404652503,15.209144027587168,0.38461538461538464,-0.09769509951751976,13.72328518823575,0.30288637217923114,4,2,False,False,0.0,-0.010111966151746653,0.0,-0.010111966151746653,0.0,-0.010111966151746653,0.0,-0.010111966151746653,0.0,-0.010111966151746653
0.01469009055709981,-0.7485107481711013,-0.663122658240795,0.41886770388757466,2.0827645818075684,0.7874103568902631,0.0,0.257594489608923,2.2592877338641313,0.5962242763746872,0.4846132529251145,1.1726901111567924,0.0,0.0,0.14868498934519647,0.0644953682959279,0.9501181245374907,0.3836346332649503,0.4037757236253128,0.3836346332649503,0.0,0.48132999652734504,0.0,1.0373771363140858,1.7224757418412797,0.00884238901512699,1.055354364448946,0.006191300841762892,0.03951556327360217,0.009191259044523115,0.04118536372076975,0.021409961202422334,0.016926338299215304,0.0,0.4037757236253128,0.2684147209600276,0.2604920848292804,0.5265042712346054,0.21258964310973694,0.196044106816522,True,2018-08-08 18:00:00+00:00,2018-08-09 14:30:00+00:00,207.8984723708907,207.01691142953064,-0.0048403435258886456,-0.004240343525888646,7,momentum_decay,0.008220116153297097,-0.017252567847990452,False,False,NVDA,2018-08-08 17:30:00+00:00,416,0.005241529610476597,,,,,,,,,,,,,,,,,,,,,,4,1,False,False,0.0,-0.0048403435258886456,0.0,-0.0048403435258886456,0.0,-0.0048403435258886456,0.0,-0.0048403435258886456,0.0,-0.0048403435258886456
0.012067458312663246,-0.970941817426052,0.23931566428755768,0.39528928173159045,2.7641905029863576,0.7974573212356552,0.0,0.35838016999469113,1.2649243902255634,0.6179217277301647,0.18326082055584267,1.2453451232757644,0.0,0.0,0.1785714016851583,0.06383381417699838,1.0871569495374223,0.41537904896581995,0.38207827226983515,0.41537904896581995,0.0,0.5038563766803732,0.0,1.034576709592178,1.950555983177471,0.0057576009302875274,1.0874285063880313,0.004793000195972841,0.013105512747402681,0.006538298958462807,0.03898708088602554,0.008153521703554656,0.0034076886550284957,0.0,0.3820782722698352,1.0,0.8040101560222347,0.5301078168116812,0.20254267876434487,0.32684378754153864,True,2018-08-09 17:00:00+00:00,2018-08-10 13:30:00+00:00,208.70482830987416,209.00176713636773,0.0008227693192256919,0.0014227693192256918,7,momentum_decay,0.010377548581733453,-0.01257905065210907,False,False,NVDA,2018-08-09 16:30:00+00:00,417,0.005819455173355564,,,,,,,,,,,,,,,,,,,,,,4,0,False,False,0.0,0.0008227693192256919,0.0,0.0008227693192256919,0.0,0.0008227693192256919,0.0,0.0008227693192256919,0.0,0.0008227693192256919
0.012761751307837002,1.0,0.0,0.18446901570323226,0.3440400397287158,0.7394285917482508,0.0,0.15657723757812425,0.4443222956003137,0.6930118838210948,0.2237678349875518,1.033742626599894,0.0,-80.95919711823107,0.24061374867680624,0.11128484870218192,1.4086554259854502,0.43244047556934556,0.3069881161789052,0.43244047556934556,1.0,0.4611581169201862,0.008095919711823107,0.600899533178438,0.4611581169200535,0.004992237229751697,1.7250731598586924,-0.005755320884854642,-0.00029984539199212623,0.0010551319608202991,0.0223230566739403,0.0007746717029437633,0.0062225888488245396,0.0,0.30698811617890526,1.0,0.4846717548274125,0.8487996587443302,0.2605714082517492,2.581498039116995,True,2018-08-10 14:00:00+00:00,2018-08-10 16:30:00+00:00,209.00176713636773,207.53174642766925,-0.007633532437739298,-0.007033532437739298,6,momentum_decay,0.0019524940624335851,-0.013071402364136397,False,False,NVDA,2018-08-10 13:30:00+00:00,418,0.005328358303845379,,,,,,,,,,,,,,,,,,,,,,4,0,False,False,0.0,-0.007633532437739298,0.0,-0.007633532437739298,0.0,-0.007633532437739298,0.0,-0.007633532437739298,0.0,-0.007633532437739298
0.010260393889670889,1.0,0.0,0.32252750572847283,0.8090447508723728,0.8869285311729079,0.0,0.10549855503787829,0.8275268680173915,0.6543207743768336,0.3254225848967042,0.5349573905758125,0.0,70.61444840408271,0.302888058838834,0.03272848803067017,1.565755953581642,0.5412493055497416,0.34567922562316633,0.5412493055497416,1.0,0.0,0.007061444840408271,0.9330254230552697,0.8624931071716578,0.0046274410946044895,1.8807697780917307,0.010405137386569452,0.00698054235639578,0.014598360284274081,0.006678603880944545,0.02194511297753743,0.013783358602531548,0.0,0.3456792256231664,1.0,2.226833709412691,0.32709940443511565,0.11307146882709203,2.5839503776321755,True,2018-08-13 14:00:00+00:00,2018-08-13 16:00:00+00:00,210.46071282442472,211.50465841526204,0.004360287251845497,0.004960287251845497,5,momentum_decay,0.009783783181404715,-0.006510301643246286,False,False,NVDA,2018-08-13 13:30:00+00:00,419,0.006373168614820859,,,,,,,,,,,,,,,,,,,,,,4,1,False,False,0.0,0.004360287251845497,0.0,0.004360287251845497,0.0,0.004360287251845497,0.0,0.004360287251845497,0.0,0.004360287251845497
0.0066481284911154475,-0.9709418174260521,-0.23931566428755743,0.5089045631862723,1.3538299597750223,0.5727383103952778,0.0,0.5472315430774656,1.1362790048203208,0.6026628467143389,-0.21452467906570008,-0.11761207511733218,0.0,0.0,0.05079052196667894,0.17812737282761454,0.4414416212000571,0.17540115710961665,0.3973371532856611,0.17540115710961665,0.0,0.39668595645258004,0.0,1.2807877616730219,1.2624730077616444,0.002889630822491956,1.0646256988128953,0.0033947482516796246,-0.010920993823985592,0.005917099963410166,0.014906316394444286,0.00456735711713252,-0.006909286668573489,0.0,0.3973371532856611,0.431830734676693,0.5472317549349641,1.0753127062777126,0.4272616896047222,0.17845896226484914,True,2018-08-13 17:30:00+00:00,2018-08-13 17:30:00+00:00,289.9118550964238,294.0557033135479,0.013693476255898163,0.014293476255898163,1,target,0.015485721501540706,-0.0027762487175597705,False,False,AAPL,2018-08-13 17:00:00+00:00,419,0.004774175099206671,289.9118550964238,290.0,14.0,0.271283568476619,0.5247068399345374,1909.0,190.0,0.03368174847640419,7.668197352437744,True,0.0051451752499165615,0.009639852583737537,0.49382716049382713,-0.23934195385969387,-0.06882695608655419,0.2570070546611933,7.797336499683862,0.38461538461538464,0.22084203547283598,9.519316163540685,0.25917486809924745,4,0,False,False,0.0,0.013693476255898163,0.0,0.013693476255898163,0.0,0.013693476255898163,0.0,0.013693476255898163,0.0,0.013693476255898163
0.007690622730231113,-0.7485107481711013,-0.663122658240795,1.0662572722440644,2.4437891913808203,0.6047666245578946,0.0,0.9308158256260242,2.04045453223958,0.5472568802584707,0.12511802443090322,0.018343493674102686,0.0,0.0,0.03704389741257113,0.13503785855227057,0.3357831365898883,0.15202350481636548,0.45274311974152914,0.15202350481636548,0.0,0.31500626732504566,0.0,2.3551043091561286,2.1447222457813773,0.003773381142713479,1.6409747544945106,0.008267981369622479,-0.003221791245303418,0.01169079733660161,0.01606387415301125,0.011858177923736335,0.009244090875840882,0.0,0.4527431197415292,1.0,2.0645983398513463,0.8729748906346251,0.39523337544210535,1.7280909777056308,True,2018-08-13 18:00:00+00:00,2018-08-14 14:00:00+00:00,292.3088409131937,293.9575301397806,0.005040230454324602,0.005640230454324602,6,stop,0.014484446594090317,-0.005063328556035862,False,False,AAPL,2018-08-13 17:30:00+00:00,419,0.005721945562021498,292.3088409131937,295.0,30.0,0.2566258853628831,0.4978261496250587,3604.0,427.0,0.023660874931168294,9.712849428115362,True,0.0029302600715136982,0.005584741596829898,0.49382716049382713,-0.1825046930071154,-0.05105745857116685,0.24298697145452033,9.827756685887316,0.38461538461538464,0.02480984917879181,10.071581847030043,0.24984519236838812,4,1,False,False,0.0,0.005040230454324602,0.0,0.005040230454324602,0.0,0.005040230454324602,0.0,0.005040230454324602,0.0,0.005040230454324602
0.012434872190287178,-0.3546048870425359,-0.9350162426854147,0.5360513706258574,0.6828527006730328,0.8313575213861221,0.0,0.2249565709773503,1.852882681327367,0.5981400702635483,0.2765084541965529,0.37723897330674855,0.0,0.0,0.17715585155145133,0.04773439223683896,1.0687743660606104,0.4294975916496704,0.4018599297364517,0.4294975916496704,0.0,0.521346902312478,0.0,1.3339259054203572,0.7300428910772283,0.004876225361688928,1.0865688650161305,0.00671046040025125,0.030948230477124028,0.016701687506998075,0.0102774641722847,0.008741691163469234,0.014933199949939135,0.0,0.4018599297364517,0.6596185148532592,1.124386065082727,0.41965487508124366,0.16864247861387793,0.23343334104690003,True,2018-08-14 18:30:00+00:00,2018-08-15 13:30:00+00:00,148.88380209351678,148.86129817868007,-0.0007511508607401346,-0.00015115086074013462,4,gap_through_stop,0.022483855974373412,-0.011216341124477003,True,False,TSLA,2018-08-14 18:00:00+00:00,420,0.005449006530620271,,,,,,,,,,,,,,,,,,,,,,4,0,False,False,0.0,-0.0007511508607401346,0.0,-0.0007511508607401346,0.0,-0.0007511508607401346,0.0,-0.0007511508607401346,0.0,-0.0007511508607401346
0.012230496972748995,0.8854560256532099,0.4647231720437685,0.43814705870835524,2.0889471852883137,0.8161931781266906,0.0,0.20524831970029012,0.9524484764655278,0.607624469267666,-0.10400863625866077,0.924070130301057,0.0,0.0,0.17855996035252344,0.05466805998911096,1.080132715215374,0.4238176473943565,0.392375530732334,0.4238176473943565,0.0,0.5347574553573716,0.0,1.116652350595341,1.6915606282332993,0.006592485753218123,1.0948486742879782,0.005387627256520533,-0.010632594937272088,-0.010296039900988485,0.017008910953692613,-0.004133303731081672,-0.009143631083204262,0.0,0.39237553073233405,0.626572935526947,-1.0249797615546878,0.46844618860429726,0.18380682187330943,0.23159719854857072,True,2018-08-15 14:30:00+00:00,2018-08-15 17:00:00+00:00,215.42413080771507,211.86722616511892,-0.017111170913211193,-0.016511170913211193,6,stop,0.011042867437353276,-0.023145769429032348,False,False,NVDA,2018-08-15 14:00:00+00:00,421,0.005406571858389046,,,,,,,,,,,,,,,,,,,,,,4,0,False,False,0.0,-0.017111170913211193,0.0,-0.017111170913211193,0.0,-0.017111170913211193,0.0,-0.017111170913211193,0.0,-0.017111170913211193
0.014843792932801855,0.5680647467311559,0.8229838658936564,0.22146325446796794,0.948451292462938,0.8462603867104624,0.0,0.10210561270102751,1.521448856391262,0.6665445297366577,-0.4992985780547748,-0.08753718256471034,0.0,0.0,0.28915203950410684,0.04990668794495815,1.5378512640415603,0.5128049164471201,0.3334554702633423,0.5128049164471201,0.0,0.47262814277644877,0.0,0.6641464129920258,0.9661617767285828,0.00663717386346424,1.5942031320997996,0.0032981970350436374,-0.02088695187510392,0.006799296650255915,-0.007198158792039666,-0.017147531815445927,-0.014470861771483046,0.0,0.3334554702633423,1.0,-0.4273093222210314,0.4610499062072783,0.1537396132895375,1.5705952641083805,True,2018-08-16 15:00:00+00:00,2018-08-16 18:00:00+00:00,146.30569409414358,147.13764409670415,0.0050863815705303635,0.005686381570530363,7,momentum_decay,0.014724642440506974,-0.007654205330406283,False,False,TSLA,2018-08-16 14:30:00+00:00,422,0.005988902661464368,,,,,,,,,,,,,,,,,,,,,,4,0,False,False,0.0,0.0050863815705303635,0.0,0.0050863815705303635,0.0,0.0050863815705303635,0.0,0.0050863815705303635,0.0,0.0050863815705303635
0.013461667958236398,-0.3546048870425359,-0.9350162426854147,0.03474923282573484,0.23701035516569563,0.8081163576708283,0.0,0.35215552897249447,2.302177059396175,0.8801806703503985,0.3191259620725487,0.5292557573698622,0.0,0.0,0.711288397415832,0.14645445374963675,5.744457342795617,0.6882970280212268,0.11981932964960151,0.6882970280212268,0.0,0.5651384659095687,0.0,0.2900135806747974,0.5651384659091948,0.007186107953867595,1.427337635488579,0.00046800155710458036,0.00859523885865765,0.002447438116427003,0.01419682946142764,0.0015502913236780103,0.025373619203174824,0.0,0.11981932964960149,1.0,0.5873629963802268,1.601441460976619,0.1918836423291717,1.1393868124503423,True,2018-08-16 18:30:00+00:00,2018-08-17 13:30:00+00:00,218.800632829446,218.23442883136389,-0.003187762159369289,-0.002587762159369289,4,gap_through_stop,0.014878850047736591,-0.006347472085095451,True,False,NVDA,2018-08-16 18:00:00+00:00,422,0.005136294493645196,,,,,,,,,,,,,,,,,,,,,,4,1,False,False,0.0,-0.003187762159369289,0.0,-0.003187762159369289,0.0,-0.003187762159369289,0.0,-0.003187762159369289,0.0,-0.003187762159369289
0.013590117486161898,1.0,0.0,0.2831397621193107,0.8253899261254413,0.8163787045445093,0.0,0.14385522272798645,0.6395790862999476,0.6385915719332952,0.3540215352022068,0.7204523059771594,0.0,-151.52170207691552,0.2187652534210137,0.05894498833545109,1.2588812023866012,0.4549702764778045,0.3614084280667048,0.4549702764778045,1.0,0.029687540528368854,0.015152170207691551,0.7834343090279341,0.8653728279348265,0.006355308129575677,2.1600116770585673,-0.01134793331797046,0.02876380923849342,-0.006770119083321591,0.02243757021040671,0.0012650081008369618,0.0028172605555980557,1.0,0.3614084280667048,1.0,-0.4157771884296951,0.5080714261079214,0.18362129545549066,2.8418879249349795,True,2018-08-17 14:00:00+00:00,2018-08-17 19:30:00+00:00,219.0774174024435,219.121232885924,-0.000400000000000022,0.00019999999999997797,12,stop,0.025557282030075568,-0.0033241748485233202,False,False,NVDA,2018-08-17 13:30:00+00:00,423,0.005987508786552277,,,,,,,,,,,,,,,,,,,,,,4,0,False,False,0.0,-0.000400000000000022,0.0,-0.000400000000000022,0.0,-0.000400000000000022,0.0,-0.000400000000000022,0.0,-0.000400000000000022
0.005401470881651874,0.120536680255323,0.992708874098054,0.1432844858712621,3.0930572420247255,0.6762467748938022,0.0,0.19608094640726242,0.8726815459353198,0.7492397776177642,0.3134280763174764,1.4391376278277233,0.0,0.0,0.28657082300335385,0.18524872484251503,1.69678646982897,0.4254865525115663,0.25076022238223583,0.4254865525115663,0.0,0.5882497281101562,0.0,0.5714003780585757,1.513808488499704,0.002172530427667452,1.5794735245184155,0.0007745464360997545,0.00774722484713819,0.0010252176827407755,0.02578029276114724,0.0011877442053731535,0.0023627323719153104,0.0,0.2507602223822359,1.0,0.37005364569507443,1.2910868479415836,0.3237532251061978,1.8471943668677997,True,2018-08-20 15:30:00+00:00,2018-08-20 17:30:00+00:00,263.69761535353047,261.77473611582474,-0.00789198569023004,-0.007291985690230041,5,stop,0.0008999716834001692,-0.009522962343203711,False,False,MSFT,2018-08-20 15:00:00+00:00,424,0.004694575755968986,263.69761535353047,260.0,21.0,0.24814288493859277,0.6100642829798021,1513.0,277.0,0.02903128822669957,9.970936897028793,True,0.006776202717110855,0.006224189814849193,0.5061728395061729,-0.19477623063657426,-0.06752340860762489,0.2350950316272562,10.11567146850273,0.38461538461538464,-0.1219768533649509,8.881793693101155,0.25674867837972376,4,0,False,False,0.0,-0.00789198569023004,0.0,-0.00789198569023004,0.0,-0.00789198569023004,0.0,-0.00789198569023004,0.0,-0.00789198569023004
0.01055293205182902,-0.7485107481711013,-0.663122658240795,0.39768514820147194,0.6989382975550372,0.7188731588173907,0.0,0.30215284633946327,2.085835037259934,0.6299886932936173,0.06317492046644155,0.32175626486643055,0.0,0.0,0.14233190281466684,0.10388957213311036,0.9428410586043701,0.34886185211100795,0.3700113067063827,0.34886185211100795,0.0,0.2700822873412819,0.0,1.074791880662851,0.7596680827551442,0.005803642619273427,1.2290591616247775,0.004214431237463234,-0.008687651246543249,0.01030633749447496,0.011360660033857384,0.013827697666020988,0.014961514033537071,0.0,0.3700113067063827,0.8706860781585172,0.9270899885184647,0.759779055631375,0.28112684118260933,0.6275207528061834,True,2018-08-20 18:00:00+00:00,2018-08-21 13:30:00+00:00,221.18283852138137,218.0317664423532,-0.014846458269969175,-0.014246458269969176,5,stop,0.007693210430289588,-0.016870804203220513,False,False,NVDA,2018-08-20 17:30:00+00:00,424,0.006050633179523392,,,,,,,,,,,,,,,,,,,,,,4,0,False,False,0.0,-0.014846458269969175,0.0,-0.014846458269969175,0.0,-0.014846458269969175,0.0,-0.014846458269969175,0.0,-0.014846458269969175
0.007818048977651025,-0.7485107481711012,0.6631226582407952,0.39311902424492534,0.6117006458221136,0.712566354159007,0.0,0.29032566884352085,1.626445698820704,0.6107969548876686,-0.023073766165870015,0.23452302114693957,0.0,0.0,0.12053562703766277,0.10174018581339318,0.8308344785765897,0.3233633090466757,0.3892030451123313,0.3233633090466757,0.0,0.3131810567984728,0.0,1.0100615326158708,0.6702437281181794,0.0040613190270044185,1.620050681681633,0.0030828988402173962,-0.001719613852717905,0.008163925676535122,0.010959725873536996,0.0064497846282520754,-0.005299505552617156,0.0,0.38920304511233134,0.8910364127184462,1.0021811467538804,0.7385184916981373,0.287433645840993,1.969255510019292,True,2018-08-21 16:30:00+00:00,2018-08-21 18:30:00+00:00,299.74644244893943,299.80639173742924,-0.000400000000000022,0.00019999999999997797,5,stop,0.008803158570505953,-0.00851759976089339,False,False,AAPL,2018-08-21 16:00:00+00:00,425,0.005686952498761916,299.74644244893943,300.0,21.0,0.27442473337156126,0.5283064720210888,2597.0,317.0,0.02719463073194949,9.836008216714617,True,0.009680763358021635,0.00594534645689717,0.5185185185185185,-0.19095749742176724,-0.05170752114567611,0.25984514447024,9.969751522379605,0.38461538461538464,-0.023692430241479823,9.733543879910739,0.27723930189807117,4,0,False,False,0.0,-0.000400000000000022,0.0,-0.000400000000000022,0.0,-0.000400000000000022,0.0,-0.000400000000000022,0.0,-0.000400000000000022
0.008066753240236658,0.5680647467311559,0.8229838658936564,0.7952857252613109,10.36157576969285,0.7217657403943462,0.0,0.5021557237372979,1.3026390001367918,0.5593483764435065,-0.2860832627103808,0.04902729979580453,0.0,0.0,0.0858508642832573,0.08463233292264974,0.6379509385868996,0.2811141168378527,0.44065162355649345,0.2811141168378527,0.0,0.20508010015459807,0.0,1.8047947238740898,4.8761435129251325,0.0036524297713712564,1.2749557473976685,0.0064567964633905905,0.005076751493103382,0.007084359188717748,0.0028786806623128935,0.0010098907680677893,-0.007965197897061405,0.0,0.44065162355649345,0.38322471497540406,0.5018928959622133,0.6314154872728795,0.27823425960565384,0.6979914556189056,True,2018-08-22 15:00:00+00:00,2018-08-22 17:30:00+00:00,298.9691396817517,304.15431677570757,0.016743519466508806,0.017343519466508805,6,target,0.022907585154711585,-0.0052237118384802494,False,False,AAPL,2018-08-22 14:30:00+00:00,426,0.0044386048948478795,298.9691396817517,295.0,14.0,0.2771874379372655,0.6068988608290049,925.0,168.0,0.03612949259100562,10.261689503916898,True,2.4695085678686185e-05,0.008136351513495028,0.48148148148148145,-0.21918844511501875,-0.09244859832710567,0.262651387005052,10.44706432136838,0.38461538461538464,0.24463118054600796,13.002741999544806,0.2650381172619625,4,0,False,False,0.0,0.016743519466508806,0.0,0.016743519466508806,0.0,0.016743519466508806,0.0,0.016743519466508806,0.0,0.016743519466508806
0.01210363090842847,-0.7485107481711013,-0.663122658240795,1.0978075782301264,5.894281484655272,0.8349918770777042,0.0,0.401037313534351,3.4706091800854453,0.548303457807528,0.5716427909733823,0.4439481949656745,0.0,0.0,0.12949969575614814,0.041175181445828414,0.8485682290695474,0.38329533488523215,0.451696542192472,0.38329533488523215,0.0,0.2525720623906999,0.0,2.4304095242826556,3.9592660824557773,0.005844620110600064,1.4783755681040824,0.013466391847900105,0.027011915364283823,0.015787113608726422,0.018541995188485316,0.01882415760877576,0.03702334229857951,0.0,0.451696542192472,0.8500091493002195,1.3184990629880315,0.36530747417572496,0.16500812292229586,1.0714058091823497,True,2018-08-22 18:00:00+00:00,2018-08-23 14:00:00+00:00,225.28400964902036,227.75712838721688,0.010377781965304523,0.010977781965304523,6,ambiguous_stop_first,0.04395035605685993,-0.010521559108623957,False,False,NVDA,2018-08-22 17:30:00+00:00,426,0.0059498216053922625,,,,,,,,,,,,,,,,,,,,,,4,1,False,False,0.0,0.010377781965304523,0.0,0.010377781965304523,0.0,0.010377781965304523,0.0,0.010377781965304523,0.0,0.010377781965304523
0.007985431381680631,0.120536680255323,0.992708874098054,0.09170905013374969,0.18584957777886915,0.7595403721811543,0.0,0.2255120962337214,1.3284206370581075,0.7727861993179559,0.517003572049337,1.5431211447793771,0.0,0.0,0.4583871183677002,0.12749356431542036,2.342844360240605,0.5323265714991102,0.2272138006820441,0.5323265714991102,0.0,0.33487074873576417,0.0,0.40362447113009864,0.3348707487356517,0.0034592288189435813,1.6766802456504823,0.0007328730364697389,0.02909383310540492,0.0046947528699368135,0.040241204511181516,-0.0025228793608284006,0.013974945193384825,0.0,0.2272138006820441,0.7485498570580866,0.48515241401284315,1.0582967544047897,0.2404596278188457,1.7298008794945297,True,2018-08-23 15:30:00+00:00,2018-08-24 16:00:00+00:00,309.28363175838206,312.59347531169055,0.010101644747544315,0.010701644747544314,15,momentum_decay,0.01531377331706918,-0.0021012275152538784,False,False,AAPL,2018-08-23 15:00:00+00:00,427,0.005135276846290091,309.28363175838206,310.0,21.0,0.26221333732438223,0.5204646294095131,2584.0,449.0,0.027297937966703503,9.491142972252163,True,0.004560690782556658,0.007054561439438198,0.49382716049382713,-0.20541699822229686,-0.05836982518226465,0.24836207451419043,9.620687288296988,0.38461538461538464,0.08431867859957931,10.431890927665961,0.2493696800207234,4,0,False,False,0.0,0.010101644747544315,0.0,0.010101644747544315,0.0,0.010101644747544315,0.0,0.010101644747544315,0.0,0.010101644747544315
0.006454486023893381,0.120536680255323,0.992708874098054,0.6299085534552548,3.156961888758109,0.8820083872690976,0.0,0.180539530051492,1.3495652449653515,0.5883232548906197,-0.4323339161068706,0.41822037012703944,0.0,0.0,0.19761292104627365,0.029771011583566126,1.1424780431412966,0.47033164215971723,0.41167674510938035,0.47033164215971723,0.0,0.43797631981629603,0.0,1.5301047750168435,2.283228464083836,0.0029865491498245684,1.24657319878181,0.004082333645288205,-0.013922053776273757,0.0053824147367533826,7.928835720560912e-05,0.0003740687215190164,-0.01179053904386762,0.0,0.41167674510938035,1.0,0.9391680861738764,0.2866122853246395,0.11799161273090245,0.8155050389649235,True,2018-08-27 15:30:00+00:00,2018-08-27 15:30:00+00:00,309.30815434945475,306.61298038436627,-0.009313556132255995,-0.008713556132255995,1,stop,0.003249396709806396,-0.015563237006956276,False,False,AAPL,2018-08-27 15:00:00+00:00,429,0.005153905827828213,309.30815434945475,305.0,30.0,0.26126483067570866,0.6000568653432193,2276.0,338.0,0.024665481795536542,14.133063510070059,True,0.0011300356463986039,0.004434326447507609,0.49382716049382713,-0.162910875846824,-0.059822349942888306,0.24746099525853885,14.307362920431457,0.38461538461538464,-0.07966299728272441,13.167595506978174,0.28002207434654713,4,0,False,False,0.0,-0.009313556132255995,0.0,-0.009313556132255995,0.0,-0.009313556132255995,0.0,-0.009313556132255995,0.0,-0.009313556132255995
0.010702754540766293,-0.3546048870425359,-0.9350162426854147,0.24927781753426115,0.35588510032715964,0.5745149917524337,0.0,0.41007947284716356,1.7885698537900971,0.6906194515285697,0.2817195013704817,0.22788965795557556,0.0,0.0,0.11334231073186637,0.2326573094460841,0.8569848511494339,0.26513444328100344,0.30938054847143026,0.26513444328100344,0.0,0.4730006832943462,0.0,0.8057320305555044,0.47300068329416745,0.004326618674078563,1.9445898859556918,0.0026750963416730666,0.012690066869484484,0.010269027577601175,0.03708231399349238,0.014758924152096453,0.014457698236489014,0.0,0.30938054847143026,0.6780194082041722,0.7819238728716784,1.375280412258236,0.4254850082475663,2.372028158047557,True,2018-08-28 18:30:00+00:00,2018-08-29 13:30:00+00:00,145.17261737127183,148.51317318426723,0.02241092226264756,0.02301092226264756,4,target,0.029707586691611,-0.001877064247493565,False,False,TSLA,2018-08-28 18:00:00+00:00,430,0.005622190512887489,,,,,,,,,,,,,,,,,,,,,,4,0,False,False,0.0,0.02241092226264756,0.0,0.02241092226264756,0.0,0.02241092226264756,0.0,0.02241092226264756,0.0,0.02241092226264756
0.00882689451922641,0.5680647467311559,0.8229838658936564,0.2620709206511648,3.196809823614421,0.7457796313110879,0.0,0.18374231313416203,0.545211432012273,0.6374065127723986,1.4766524742237859,0.8491708371817458,0.0,0.0,0.1674540119966953,0.0918839608174685,1.0567926826618337,0.3831861440834865,0.36259348722760143,0.3831861440834865,0.0,0.4952298351084437,0.0,0.7227678650683038,1.9926707576347744,0.00858691214243334,1.0534384787492161,0.002318636009769115,0.03356785097763737,0.0030461421903222874,0.03341302382909239,0.03200637191373734,0.036339657063926056,0.0,0.36259348722760143,1.0,3.584616702974522,0.7011167537297539,0.25422036868891207,0.14885365302012435,True,2018-08-29 15:00:00+00:00,2018-08-29 16:30:00+00:00,318.3434907382663,324.3849572275687,0.018377823216336898,0.018977823216336898,4,target,0.02250483860659047,-0.007225347358267853,False,False,AAPL,2018-08-29 14:30:00+00:00,431,0.004775120042316351,,,,,,,,,,,,,,,,,,,,,,4,3,False,False,0.0,0.018377823216336898,0.0,0.018377823216336898,0.0,0.018377823216336898,0.0,0.018377823216336898,0.0,0.018377823216336898
0.009503217241902865,-0.970941817426052,0.23931566428755768,0.6297083773322355,1.381901092226658,0.7802792463949874,0.0,0.3167540456633888,2.7520343175112303,0.5631942161020979,1.2834124495947534,1.6689859469540658,0.0,0.0,0.1151839041826932,0.061997177232791814,0.7863299323371389,0.3434734624970852,0.43680578389790214,0.3434734624970852,0.0,0.4288478765169413,0.0,1.4416209687356654,1.3181601790956656,0.008187881467341906,2.568818021657992,0.006020282417053435,0.05575766193908804,0.010422208931508026,0.05505980000602251,0.019436149740424513,0.052064602291324924,1.0,0.43680578389790214,1.0,1.2210098213645315,0.5030170425954259,0.21972075360501261,3.3089438170878664,True,2018-08-29 17:00:00+00:00,2018-08-29 19:30:00+00:00,324.5308624931447,331.1616501622898,0.019831917070091066,0.020431917070091066,6,target,0.024201579464314005,-0.0017866817524906375,False,False,AAPL,2018-08-29 16:30:00+00:00,431,0.006607328567790371,,,,,,,,,,,,,,,,,,,,,,4,4,True,False,0.0,0.019831917070091066,0.0,0.019831917070091066,0.0,0.019831917070091066,0.0,0.019831917070091066,0.0,0.019831917070091066
0.010309880994741607,0.5680647467311559,0.8229838658936564,0.2979834673446696,1.491238483440918,0.8031686572444139,0.0,1.1279478479878726,1.2530051883218514,0.6108323325016447,0.11215653746057973,1.9577381031760177,0.0,0.0,0.17396911034524284,0.06034692544625625,1.0638113705769097,0.41400098974605865,0.3891676674983553,0.41400098974605865,0.0,0.4463077104882149,0.0,0.7656943066729174,1.3450391027800253,0.007150420022548978,1.1974802439908707,0.0030816414256564784,0.02184901048841037,0.005158800131147556,0.056150285794131394,-0.006636225106928517,0.0020297907923028102,0.0,0.38916766749835524,-0.3774562920378058,-1.509300565534716,0.5057751688896946,0.19683134275558611,0.4353599889234946,True,2018-08-30 15:00:00+00:00,2018-08-30 17:00:00+00:00,325.29898100632386,323.6084060585713,-0.0057969881446376485,-0.005196988144637649,5,momentum_decay,0.006304815668179753,-0.009225177083615255,False,False,AAPL,2018-08-30 14:30:00+00:00,432,0.005225639490772989,,,,,,,,,,,,,,,,,,,,,,4,1,False,False,0.0,-0.0057969881446376485,0.0,-0.0057969881446376485,0.0,-0.0057969881446376485,0.0,-0.0057969881446376485,0.0,-0.0057969881446376485
0.010821740144309706,1.0,0.0,0.6917320703037303,4.657632944103131,0.823108995029204,0.0,0.292447121904749,1.3608145685527773,0.5815955366918959,0.28510471495665396,1.6445582930250393,0.0,-87.18299302276078,0.1543472573556431,0.048791236825991534,0.9672567269505044,0.40470453172109977,0.4184044633081042,0.40470453172109977,1.0,0.33637717004854084,0.008718299302276078,1.6532616904575264,2.894061553960349,0.0036586513596877,2.048192988879236,-0.0012418507657695477,0.00430539691170817,0.0003639368911116936,0.051654733394016494,0.005199936028203789,0.0067513282105435835,1.0,0.41840446330810416,1.0,0.34846968660491495,0.42277513861137006,0.17689100497079605,2.0858570328601846,True,2018-08-31 14:00:00+00:00,2018-08-31 16:30:00+00:00,245.11708439103728,241.53608331155291,-0.015209349194818155,-0.014609349194818155,6,stop,0.006425970719048157,-0.0178555838018859,False,False,NVDA,2018-08-31 13:30:00+00:00,433,0.005945192845836193,,,,,,,,,,,,,,,,,,,,,,4,0,False,False,0.0,-0.015209349194818155,0.0,-0.015209349194818155,0.0,-0.015209349194818155,0.0,-0.015209349194818155,0.0,-0.015209349194818155
0.007279929729795198,-0.970941817426052,0.23931566428755768,0.8227631690052323,2.0859179715645935,0.847533105980841,0.0,0.2825715932244641,4.058402918853733,0.5560624355048311,0.9192434558239831,0.1604853368187652,0.0,0.0,0.14281816182703486,0.03796617474339435,0.9091268091817365,0.4035955414856722,0.44393756449516875,0.4035955414856722,0.0,0.5263849065018542,0.0,1.8533308167801739,1.8571013077794085,0.0030828173913340397,1.3295201119014486,0.006025750238070282,0.024401136387753652,0.00894035314000674,0.021519029950174184,0.018156002961183804,0.02921528530875861,0.0,0.4439375644951688,1.0,2.078360893350653,0.34344220046446855,0.15246689401915897,0.8206935028422215,True,2018-08-31 17:00:00+00:00,2018-08-31 18:00:00+00:00,251.3653556283679,255.29968819814883,0.015051848919059797,0.015651848919059796,3,target,0.022377292545479488,-0.0061738207551321755,False,False,MSFT,2018-08-31 16:30:00+00:00,433,0.00573874030364532,251.3653556283679,250.0,21.0,0.24417692138928754,0.5634818635870518,1878.0,330.0,0.028046115828487636,8.189325116212899,True,0.024093476776427016,0.005793932575889891,0.5555555555555556,-0.19359175359499142,-0.04454474589448798,0.23119737795282497,8.304164496596123,0.38461538461538464,0.2222017960752436,10.149364762644051,0.23538330507786936,4,3,False,False,0.0,0.015051848919059797,0.0,0.015051848919059797,0.0,0.015051848919059797,0.0,0.015051848919059797,0.0,0.015051848919059797
0.00881449326237865,-0.3546048870425359,-0.9350162426854147,0.6471232598307507,1.2410773408231615,0.7190685104655559,0.0,0.41187732861645737,5.370657069386468,0.5586129930789935,1.2540829406405454,0.8823271043553351,0.0,0.0,0.08423400617239027,0.08560505121359877,0.6291111863065214,0.2776815035445493,0.4413870069210065,0.2776815035445493,0.0,0.26445532741463595,0.0,1.4661130701261536,1.207127616083432,0.0026277032841537837,1.2872645179762352,0.005736786609465305,0.050016187723552985,0.010407318399571874,0.036329944952570026,0.024817293885676106,0.039467729782878935,0.0,0.4413870069210065,1.0,2.211933217390727,0.6364743074200395,0.2809314895344442,0.7434588404987843,True,2018-08-31 18:30:00+00:00,2018-09-03 14:30:00+00:00,256.06060627246785,260.9132519232788,0.018351160514114163,0.018951160514114163,6,target,0.022856052731416332,-0.006463562362686415,False,False,MSFT,2018-08-31 18:00:00+00:00,433,0.00596173073590724,256.06060627246785,255.0,14.0,0.2530107443845825,0.554358633236352,1380.0,148.0,0.03457684516245598,6.919636940651628,True,0.03810904733059706,0.007348507724630875,0.5802469135802469,-0.22063603436716134,-0.042059036510995004,0.23953059710313154,7.039266548190289,0.38461538461538464,0.34139549928706314,9.442440466024435,0.24414565791276957,4,4,True,True,0.05,0.03542093547846732,0.1,0.052490710442820485,0.2,0.0866302603715268,0.3,0.1207698103002331,0.1,0.052490710442820485
0.011888550942683516,-0.7485107481711012,0.6631226582407952,0.6849664283232475,2.3083178788873613,0.7228742920077187,0.0,0.44753644725652014,2.625908410666395,0.5758517377441181,0.9808745082009961,1.210765560020315,0.0,0.0,0.09772542815314503,0.08795008626765273,0.7042962481158892,0.29872602975183676,0.424148262255882,0.29872602975183676,0.0,0.3559060802510241,0.0,1.6149221611334061,1.9228631717240898,0.00869278481578763,1.057063638916946,0.008210115367068171,0.03330434916905767,0.01180886908316836,0.039860628292661904,0.024393925063205923,0.047353370682434504,0.0,0.4241482622558819,1.0,1.8120994042201326,0.6533699006998673,0.2771257079922813,0.15012831212353953,True,2018-09-03 16:30:00+00:00,2018-09-03 18:00:00+00:00,253.1783154765547,249.11491902003485,-0.016649543772622687,-0.016049543772622687,4,stop,0.003905697546459974,-0.016732458510958836,False,False,NVDA,2018-09-03 16:00:00+00:00,434,0.005915768450574869,,,,,,,,,,,,,,,,,,,,,,4,3,False,False,0.0,-0.016649543772622687,0.0,-0.016649543772622687,0.0,-0.016649543772622687,0.0,-0.016649543772622687,0.0,-0.016649543772622687
0.008428173386755184,-0.970941817426052,0.23931566428755768,0.49020156626724853,11.31849989562965,0.5759577711384707,0.0,0.5034864414574455,1.6737344261009568,0.587146449962654,0.06151618558774446,0.0753737943383952,0.0,0.0,0.044533312917477044,0.1682324025848874,0.39506556522585107,0.16310422110112463,0.41285355003734603,0.16310422110112463,0.0,0.24802803720557134,0.0,1.187349766576806,4.031802256169688,0.003912338189248672,1.199159424121472,0.004148643933112872,-0.017469334140131854,0.0045168360712999345,0.007314915610080908,0.0061220996802726635,0.006999574355472715,0.0,0.41285355003734603,1.0,0.9255046737588739,1.0271008419882928,0.42404222886152937,0.4443656310724558,True,2018-09-04 17:00:00+00:00,2018-09-04 19:00:00+00:00,325.3736462520261,323.4685277455139,-0.006455171518828417,-0.005855171518828417,5,momentum_decay,0.0033608717345499084,-0.0072073524012604695,False,False,AAPL,2018-09-04 16:30:00+00:00,435,0.005515073035934706,325.3736462520261,325.0,14.0,0.2756478169436784,0.5336204515792642,1990.0,340.0,0.033661373043208195,8.976742802157645,True,0.018254592932059863,0.00796316579250937,0.5308641975308642,-0.22290702158404407,-0.05305498715972958,0.2610293062830423,9.127827546245827,0.38461538461538464,-0.14078266433809894,7.8427876646666475,0.2792471018181825,4,0,False,False,0.0,-0.006455171518828417,0.0,-0.006455171518828417,0.0,-0.006455171518828417,0.0,-0.006455171518828417,0.0,-0.006455171518828417
0.007287229374850255,-0.3546048870425359,-0.9350162426854147,0.2871424473275663,0.4286257921863431,0.7818358230724222,0.0,0.1712306635300934,3.9118563579352967,0.6341531686514823,0.7669223756426508,1.6687666973729722,0.0,0.0,0.18791914069200347,0.07361699528473475,1.1370577959902592,0.41598899172390447,0.3658468313485177,0.41598899172390447,0.0,0.3165273993907722,0.0,0.7848706691517711,0.5070087836952207,0.003988671891518688,1.0926141198461563,0.0020968605006561614,0.01591271387934312,0.007023272681676129,0.025913604741358398,0.015064299423129812,0.02599322707562246,0.0,0.36584683134851775,1.0,1.2710164573357206,0.5963265449724778,0.21816417692757784,0.2918811607029372,True,2018-09-05 18:30:00+00:00,2018-09-06 13:30:00+00:00,269.08794082353165,273.30388774912416,0.01506754315592811,0.01566754315592811,4,target,0.015741195083409876,-0.00671763397861147,False,False,MSFT,2018-09-05 18:00:00+00:00,436,0.005832878534861176,269.08794082353165,270.0,14.0,0.2800949311114877,0.5061499271006459,1946.0,152.0,0.03384694991964683,6.934742113915661,True,0.020440174568178825,0.008031598741616058,0.5308641975308642,-0.22430390136611061,-0.05153871656755506,0.2651916167146413,7.052102048433346,0.38461538461538464,0.26298569215306045,8.906703986774605,0.2751632460679423,4,1,False,False,0.0,0.01506754315592811,0.0,0.01506754315592811,0.0,0.01506754315592811,0.0,0.01506754315592811,0.0,0.01506754315592811
0.007304379267714101,0.120536680255323,0.992708874098054,0.16889710168549382,0.2540697455170443,0.7088403409220347,0.0,0.15963186480841668,1.3928724431798865,0.6919410632393241,0.9499193363835712,2.208389737230035,0.0,0.0,0.2127012420803606,0.13062626897669524,1.3009893768202183,0.4007814041613588,0.30805893676067597,0.4007814041613588,0.0,0.34345886381488566,0.0,0.5482623015631135,0.35660186220168366,0.002811627881821083,1.6709640845338738,0.0012352123551913063,0.035692567104251394,0.006126704388682791,0.035308161280784844,0.011443560879469628,0.018335576755310168,0.0,0.3080589367606759,0.7689927130299045,0.7182335751969111,0.9451427124261537,0.29115965907796526,1.8884429467239878,True,2018-09-06 15:30:00+00:00,2018-09-06 18:00:00+00:00,273.4484401832436,277.74278808535956,0.015104415425585428,0.015704415425585427,6,target,0.02348392724812487,-0.004446587448163064,False,False,MSFT,2018-09-06 15:00:00+00:00,437,0.005738896687301572,273.4484401832436,275.0,14.0,0.2522008606579168,0.48880064591424366,1919.0,337.0,0.03402020578215867,6.035270673430759,True,0.03164798480650342,0.00935041867225886,0.5555555555555556,-0.24438439960567315,-0.04260634624382957,0.23879477254895057,6.13793124856133,0.38461538461538464,0.26881735648567884,7.787913701090428,0.23945500044817025,4,2,False,False,0.0,0.015104415425585428,0.0,0.015104415425585428,0.0,0.015104415425585428,0.0,0.015104415425585428,0.0,0.015104415425585428
0.008369505468080636,-0.3546048870425359,-0.9350162426854147,0.7283512060047971,0.7192850390690237,0.7312840027612637,0.0,0.4399841662204978,3.5037148162439706,0.5551666726035533,0.9636414141499515,2.281377930662649,0.0,0.0,0.08714465165860467,0.07976683046988277,0.6439505714223532,0.2864506753648171,0.44483332739644665,0.2864506753648171,0.0,0.17323951621897074,0.0,1.63735754752852,0.7435100828502345,0.003315810536484874,2.057201852384775,0.006133327795912802,0.036253264583451905,0.014786389140666323,0.05274286628930347,0.01745801360322141,0.02597640402587187,1.0,0.44483332739644665,1.0,2.4998035648133876,0.6040824297301172,0.2687159972387363,1.7751624663033494,True,2018-09-06 18:30:00+00:00,2018-09-06 19:30:00+00:00,278.8432571384234,283.8608844939419,0.017394436756373356,0.017994436756373355,3,target,0.018680689097773318,-0.00665518171105961,False,False,MSFT,2018-09-06 18:00:00+00:00,437,0.006784469356870661,278.8432571384234,280.0,21.0,0.3425279281850293,0.5164651609470395,2290.0,383.0,0.027612592839527175,10.887406470165871,True,0.0019959843314108104,0.0044262917328082765,0.49382716049382713,-0.16266960636504008,-0.05939625071442911,0.3241234031478238,11.037721231135434,0.38461538461538464,0.05524105617918673,11.647456609754789,0.28617823260165964,4,4,True,False,0.0,0.017394436756373356,0.0,0.017394436756373356,0.0,0.017394436756373356,0.0,0.017394436756373356,0.0,0.017394436756373356
0.009972064663742251,1.0,0.0,0.4748312876524925,1.4078101627862114,0.8805615170159456,0.0,0.13164949024948916,0.9705873011125129,0.5692111791462184,1.4253828824679076,2.5823483574230472,0.0,110.17439746521029,0.17443777194406412,0.028945040244221554,1.044067706470258,0.4497726961621641,0.43078882085378156,0.4497726961621641,1.0,0.0,0.01101743974652103,1.1022367913620021,1.33524152862987,0.004515627468242875,1.3521006449287651,0.015827431705024653,0.05968196702145612,0.019310055498890977,0.09811257335106438,0.03367853279202104,0.05172450667886208,0.0,0.43078882085378156,1.0,2.6618181317644485,0.27725529819286254,0.11943848298405436,0.6235194703774902,True,2018-09-07 14:00:00+00:00,2018-09-07 18:30:00+00:00,288.2342889177937,294.4140144976951,0.020839939027045885,0.021439939027045885,10,target,0.022965441690843358,-0.003847384606110893,False,False,MSFT,2018-09-07 13:30:00+00:00,438,0.006624942328774674,288.2342889177937,285.0,14.0,0.31467422056996985,0.5867492405484784,1444.0,151.0,0.03494401701787048,10.542946573487825,True,0.023633681116965823,0.0049228058624855645,0.5679012345679012,-0.1792944500278481,-0.051511730643201074,0.29779392533147586,10.727153025729054,0.38461538461538464,0.2707462906294875,13.631489916460078,0.297810111796952,4,5,True,True,0.05,0.03437725355852026,0.1,0.04791456808999464,0.2,0.07498919715294339,0.3,0.10206382621589213,0.2,0.07498919715294339
0.008514311044654657,1.0,0.0,0.42401766285995746,1.07743042770767,0.77421476537196,0.0,0.23199161074270497,0.795496351988292,0.5873259072223622,1.0881847137592744,3.822315381361128,0.0,39.215550990674416,0.13279120429494995,0.06838793210892148,0.8760924878044042,0.36154067259432227,0.4126740927776378,0.36154067259432227,1.0,0.07339194615052214,0.003921555099067442,1.027487962730997,1.0643855094161012,0.002924198743420137,1.3397753826789738,0.007559063237287944,0.034001737061173154,0.010972202051547919,0.09571299463258653,0.01787087864578063,0.02335962759143695,0.0,0.4126740927776378,1.0,1.4888254840569957,0.5471272332801627,0.22578523462803998,0.7643709688408187,True,2018-09-10 14:00:00+00:00,2018-09-10 19:00:00+00:00,298.0347554215908,297.48876645197515,-0.002431964090373561,-0.0018319640903735612,11,momentum_decay,0.0027075443296997737,-0.008266441539041769,False,False,MSFT,2018-09-10 13:30:00+00:00,439,0.006734849233803204,298.0347554215908,300.0,14.0,0.2523684047836728,0.4826954576669838,1559.0,235.0,0.03447946026798933,6.456194880977421,True,0.0530557384312787,0.007710497902891105,0.6049382716049383,-0.22887197475380716,-0.024653637058008132,0.23881516980781273,6.567497938417949,0.38461538461538464,-0.08547449216435499,6.006144387341227,0.2578974162758725,4,2,False,False,0.0,-0.002431964090373561,0.0,-0.002431964090373561,0.0,-0.002431964090373561,0.0,-0.002431964090373561,0.0,-0.002431964090373561
0.007630510638990569,1.0,0.0,0.24146559987595437,2.085170921293536,0.5192412105059632,0.0,0.34275054176669356,0.370186068560105,0.6613084580334982,0.03922817723497299,0.7985944986451983,0.0,101.87488364131082,0.06101608248409183,0.2564060920416976,0.533079944928268,0.18054966853946142,0.33869154196650164,0.18054966853946142,1.0,0.0,0.010187488364131081,0.7129366103267986,1.5523821374792555,0.004477291399799215,1.3784337968386284,0.012052200442499883,0.00724471790358705,0.012958061498234974,0.01272628274750276,0.012217973783919645,-0.0008076942044963342,0.0,0.3386915419665017,0.8258661794038624,1.7466601460401112,1.419459094555181,0.4807587894940369,1.3930299332479568,True,2018-09-11 14:00:00+00:00,2018-09-11 16:00:00+00:00,339.62409010032115,336.5937423719381,-0.0095226524758238,-0.0089226524758238,5,momentum_decay,0.003577155112525876,-0.009937953465199767,False,False,AAPL,2018-09-11 13:30:00+00:00,440,0.004388294865888326,,,,,,,,,,,,,,,,,,,,,,4,1,False,False,0.0,-0.0095226524758238,0.0,-0.0095226524758238,0.0,-0.0095226524758238,0.0,-0.0095226524758238,0.0,-0.0095226524758238
0.006843215824701087,0.8854560256532099,0.4647231720437685,0.2811926017357744,54.13362853280525,0.7952080663028493,0.0,0.16111428796532182,0.6256075572592076,0.642576847913099,0.46398020950142876,1.982671742758694,0.0,0.0,0.2086232503035955,0.06899799647095438,1.2248364764819524,0.43778491421594834,0.357423152086901,0.43778491421594834,0.0,0.29869273571358673,0.0,0.7867218452245294,3.3479220631492828,0.0034078370516789497,1.0981977858674126,0.0019279715837912104,0.018558702528558957,0.010128392639668471,0.009065965380618657,0.008688486009591712,0.015365461939338187,0.0,0.357423152086901,-0.5502936624833141,0.47575994828395585,0.5729677344656333,0.20479193369715065,0.24561931236825674,True,2018-09-12 14:30:00+00:00,2018-09-12 15:30:00+00:00,301.0995786744723,298.31791798231774,-0.009838341363346447,-0.009238341363346447,3,stop,0.006831895166604651,-0.010270195616910005,False,False,MSFT,2018-09-12 14:00:00+00:00,441,0.004111955341230032,301.0995786744723,295.0,14.0,0.26062614306964327,0.6554377277113871,598.0,99.0,0.037873155751723286,11.164148095277142,True,0.0002792027083025569,0.008110869210890107,0.48148148148148145,-0.21939500811144452,-0.10857971971252435,0.24700541023257844,11.37555885510101,0.38461538461538464,-0.1769242836820708,9.362946253179027,0.26762687401131374,4,0,False,False,0.0,-0.009838341363346447,0.0,-0.009838341363346447,0.0,-0.009838341363346447,0.0,-0.009838341363346447,0.0,-0.009838341363346447
0.012429207199995074,1.0,0.0,0.3610726210091794,0.654268924419474,0.8633855504797454,0.0,0.13104259041783076,0.828172125726835,0.6235747690981801,0.8659735570418087,0.8700159246334155,0.0,167.17580853970793,0.23215973759504022,0.03870224405584466,1.2936442076714647,0.48696031957792557,0.3764252309018199,0.48696031957792557,1.0,0.0,0.016717580853970793,0.9592147161446657,0.7189778776557306,0.006824249062519163,1.5194556051500065,0.02130102299454406,0.056498755320568694,0.028506161903576466,0.0446481151408189,0.0437773673088977,0.04090276519942071,0.0,0.3764252309018199,1.0,3.1614716948860093,0.36292585699648955,0.1366144495202546,1.27526091736854,True,2018-09-13 14:00:00+00:00,2018-09-13 15:00:00+00:00,276.39696999388525,271.75918646105373,-0.017379429719993355,-0.016779429719993355,3,stop,0.0046386577362502734,-0.02310240437042188,False,False,NVDA,2018-09-13 13:30:00+00:00,442,0.005873497758928428,,,,,,,,,,,,,,,,,,,,,,4,4,True,False,0.0,-0.017379429719993355,0.0,-0.017379429719993355,0.0,-0.017379429719993355,0.0,-0.017379429719993355,0.0,-0.017379429719993355
0.013773373425760724,1.0,0.0,0.051139247493181786,0.3050201055834884,0.6491330181041717,0.0,0.11148519227999523,0.2062568525188937,0.8390542003166443,-0.017581713436609116,0.6587154482628261,0.0,48.00644129526521,0.5446577854045256,0.31206333291240884,3.033239881865323,0.4881872184208161,0.16094579968335565,0.4881872184208161,1.0,0.0,0.004800644129526521,0.3177420447988889,0.5786844346563846,0.006538299214027434,1.493528118492987,0.005508884319459728,-0.018352976468326898,0.007849055322282306,0.037108858525353616,0.001704911924394148,0.004042818565693107,0.0,0.16094579968335562,-0.590450831900248,-0.2691275058913312,2.1800319274208286,0.3508669818958283,1.059705706580571,True,2018-09-14 14:00:00+00:00,2018-09-14 16:30:00+00:00,271.32426290767063,271.37852776025215,-0.000400000000000022,0.00019999999999997797,6,stop,0.01770573738057246,-0.012739942429586537,False,False,NVDA,2018-09-14 13:30:00+00:00,443,0.004830629762283035,,,,,,,,,,,,,,,,,,,,,,4,0,False,False,0.0,-0.000400000000000022,0.0,-0.000400000000000022,0.0,-0.000400000000000022,0.0,-0.000400000000000022,0.0,-0.000400000000000022
0.008057811782401237,-0.9709418174260521,-0.23931566428755743,0.433981299173335,1.9546387114498647,0.5816277139380502,0.0,0.4538756445865758,1.3472352236897926,0.5999658708088051,-0.10579526950584126,0.19394733486456978,0.0,0.0,0.05280242158745803,0.1711749381279767,0.453945229907901,0.18159358474685536,0.40003412919119485,0.18159358474685536,0.0,0.3774692567994733,0.0,1.0848606843890443,1.6409429697200024,0.0054534771691944475,1.1429191302501995,0.0035092111252599256,-2.2201483358408325e-05,0.005314076300733994,0.008481602605947547,0.0034786301921740925,-0.007043006529370843,0.0,0.40003412919119485,0.5022859945082976,0.43776439018962043,1.045841480844354,0.41837228606194976,0.34441524764877124,True,2018-09-14 17:30:00+00:00,2018-09-14 18:30:00+00:00,342.92471601630166,339.19436521309143,-0.011478045906241751,-0.010878045906241751,3,stop,0.004594435332524904,-0.012105325863688288,False,False,AAPL,2018-09-14 17:00:00+00:00,443,0.00476526006031292,,,,,,,,,,,,,,,,,,,,,,4,0,False,False,0.0,-0.011478045906241751,0.0,-0.011478045906241751,0.0,-0.011478045906241751,0.0,-0.011478045906241751,0.0,-0.011478045906241751
0.009820168240214262,1.0,0.0,0.20828405767661787,1.3962709091864902,0.41285875007765466,0.0,0.34947315260468553,0.2457382256640129,0.650067076535974,-0.2127734249528822,-0.13216926680905908,0.0,157.1174583898527,0.01608727679040459,0.3406972852185991,0.179822538532897,0.06292582661362864,0.34993292346402594,0.06292582661362864,1.0,0.0,0.01571174583898527,0.5952113782686984,1.2555632041618983,0.0059104862608140955,1.477341593208836,0.01779352492699915,0.010712322409785813,0.019313276609437713,-0.012798976310954169,0.007173396697770729,0.007401694640079004,0.0,0.349932923464026,-0.2992029473276975,1.3718720826799418,1.6778679871254516,0.5871412499223454,1.0927454256757911,True,2018-09-17 14:00:00+00:00,2018-09-17 16:00:00+00:00,343.6368277265093,343.6678457516742,-0.0005097360275086554,9.026397249134455e-05,5,momentum_decay,0.005256949971735869,-0.0013133511775568207,False,False,AAPL,2018-09-17 13:30:00+00:00,444,0.0034094336035104377,,,,,,,,,,,,,,,,,,,,,,4,0,False,False,0.0,-0.0005097360275086554,0.0,-0.0005097360275086554,0.0,-0.0005097360275086554,0.0,-0.0005097360275086554,0.0,-0.0005097360275086554
0.006765733439740572,-0.3546048870425359,-0.9350162426854147,0.13365230504505604,0.47024687691430456,0.5600690021166608,0.0,0.345752656590327,0.7846316211181323,0.7464592715410188,0.22925306072797508,0.4190830125645385,0.0,0.0,0.16848032984056022,0.2993990727607458,1.208990269609828,0.3065282736576795,0.25354072845898123,0.3065282736576795,0.0,0.552116981149737,0.0,0.5271433345537572,0.6369851182633949,0.005581940066973409,1.2039013473507043,0.0009050742882792395,0.010105147874095888,0.0028352101565880528,-0.005627222279032229,0.002820351799930565,0.000991765548554957,0.0,0.25354072845898123,0.29275142493926665,0.18204086520073767,1.7351492225956164,0.4399309978833392,0.5031167292242075,True,2018-09-17 18:30:00+00:00,2018-09-18 14:30:00+00:00,344.6371099790182,344.706037401014,-0.000400000000000022,0.00019999999999997797,6,stop,0.00892424611959508,-0.0030399854477266564,False,False,AAPL,2018-09-17 18:00:00+00:00,444,0.003748703973221106,,,,,,,,,,,,,,,,,,,,,,4,0,False,False,0.0,-0.000400000000000022,0.0,-0.000400000000000022,0.0,-0.000400000000000022,0.0,-0.000400000000000022,0.0,-0.000400000000000022
0.013121509106113836,0.8854560256532099,0.4647231720437685,0.5699116048075484,2.3294179875404906,0.8322782076052585,0.0,0.22849414497830878,1.190725253149816,0.5816671981946857,0.33901341535923196,0.3020571884919693,0.0,0.0,0.15967722979850787,0.04555740405160764,0.9895121874578318,0.4139454057999441,0.4183328018053144,0.4139454057999441,0.0,0.4622034577659354,0.0,1.3623402285168555,1.9111249512686306,0.0045651690726202674,1.0907262419584818,0.007534443637479571,0.036905321085323406,0.00645539956475405,0.005307369728277056,0.0023028273402070365,0.023156456248992097,0.0,0.41833280180531435,0.9445292307810474,0.47639120057078016,0.40092909681204975,0.16772179239474153,0.28536298082883343,True,2018-09-20 14:30:00+00:00,2018-09-20 19:30:00+00:00,271.4622157723795,279.1205027352592,0.027611244578144612,0.028211244578144612,11,target,0.031968295752916154,-0.006490192971368214,False,False,NVDA,2018-09-20 14:00:00+00:00,447,0.0055502892225692225,,,,,,,,,,,,,,,,,,,,,,4,1,False,False,0.0,0.027611244578144612,0.0,0.027611244578144612,0.0,0.027611244578144612,0.0,0.027611244578144612,0.0,0.027611244578144612
0.013507520137156503,1.0,0.0,0.15962452785642237,0.7758350235925806,0.6929368647605392,0.0,0.17283307678508916,0.3900253615953652,0.7164037758486497,0.4422352530521719,0.30945843742324075,0.0,38.91904614189423,0.23884419960368464,0.15272176590975223,1.4433924211528335,0.4093406406091889,0.28359622415135033,0.4093406406091889,1.0,0.01669964753837873,0.003891904614189423,0.5628584383804545,0.8614821375421794,0.005766713782965459,1.0829920629847343,0.006061104677461904,0.03184514581619946,0.008881893376593508,0.03828095894305772,0.014353334158129227,0.006284082201650776,0.0,0.28359622415135033,1.0,1.414178602785596,1.0827476147017003,0.30706313523946077,0.325299152346194,True,2018-09-21 14:00:00+00:00,2018-09-21 17:00:00+00:00,120.9470742121922,124.45951854916261,0.028441168294886566,0.029041168294886566,7,target,0.03258736797093098,-0.004073160689728628,False,False,TSLA,2018-09-21 13:30:00+00:00,448,0.005136809580801883,,,,,,,,,,,,,,,,,,,,,,4,0,False,False,0.0,0.028441168294886566,0.0,0.028441168294886566,0.0,0.028441168294886566,0.0,0.028441168294886566,0.0,0.028441168294886566
0.009263252717613952,1.0,0.0,0.45531353515422884,2.3223902352542707,0.5984440605280743,0.0,0.5020331056246976,0.7481864933803787,0.635813151932215,0.7070859674176861,1.418577365438905,0.0,268.42388803250515,0.0815831606585235,0.17894227864956044,0.6432335865586615,0.2342572124602893,0.364186848067785,0.2342572124602893,1.0,0.0,0.026842388803250516,1.2502195990050764,2.1711612766901847,0.00864587815872677,2.1337633805338614,0.031191629592866033,0.03367799433790619,0.03312641017182827,0.05737742465183371,0.0319772044289901,0.03482803468088158,1.0,0.364186848067785,0.6825747733334684,4.250818915851119,1.1026096675432988,0.4015559394719257,2.873068229512992,True,2018-09-24 14:00:00+00:00,2018-09-24 16:00:00+00:00,361.5602042663408,359.4665070779735,-0.006390729078206214,-0.005790729078206214,5,momentum_decay,0.005502427192502379,-0.007848871337649999,False,False,AAPL,2018-09-24 13:30:00+00:00,449,0.003724569321452561,,,,,,,,,,,,,,,,,,,,,,4,3,False,False,0.0,-0.006390729078206214,0.0,-0.006390729078206214,0.0,-0.006390729078206214,0.0,-0.006390729078206214,0.0,-0.006390729078206214
