return_1,return_3,return_6,return_12,ema_spread_atr,ema_fast_slope_atr,atr_pct,volatility_12,volume_zscore,body_fraction,upper_wick_fraction,lower_wick_fraction,regime_spread_bps,momentum_bps,hour_sin,hour_cos,weekend,entry_run_return_bps,relative_volume,candidate_id,timestamp,strategy_version,symbol,entry_price,atr,stop_price,target_price,max_hold_bars,label_status,maturity_timestamp,exit_price,exit_reason,ambiguous_same_bar,target_hit_first,gross_return,net_return,positive_net,bars_held,mfe_return,mae_return,planted_quality,planted_target,resolution_delay_bars
0.0008600000000000829,0.0024219501228799345,0.0024677604815974696,0.0031026321069631546,1.7873406138908943,0.18557534465381068,0.0019417271164691905,0.00032599663542825103,4.584498409019126,0.6400000000000445,0.1799999999999777,0.1799999999999777,34.89554109545434,31.026321069631546,-0.9961946980917455,-0.08715574274765825,1.0,24.219501228799345,1.291735113524279,52da42ab1faeb2ba5601b48b,2022-01-02 17:40:00+00:00,selective_long_5m_v1,BTCUSDT,31604.55525911601,61.36742195057452,31512.504126190146,31757.973813992445,48,MATURED,2022-01-02 18:20:00+00:00,31512.504126190146,stop_loss,False,False,-0.002912590674703841,-0.005812590674703841,0,8.0,,,0,0,8
0.0008600000000000829,0.0024219501228801565,0.002471526237135757,0.003029683815690465,1.7892084226516565,0.1847454349120888,0.001937844750462343,0.00032913193376748594,4.585075663955053,0.64000000000004,0.17999999999998,0.17999999999998,34.86159792431165,30.29683815690465,-0.9659258262890683,-0.25881904510252063,0.0,24.219501228801565,1.2917645122509553,82341f107cadda9bc58e3eb7,2022-01-03 17:00:00+00:00,selective_long_5m_v1,BTCUSDT,32530.701498538707,63.03944912780071,32436.142324847006,32688.30012135821,48,MATURED,2022-01-03 21:00:00+00:00,32511.870674909474,time_exit,False,False,-0.0005788631281153922,-0.003478863128115392,0,48.0,,,0,0,180
0.0012000000000000899,0.003303621320000172,0.0032955401583190103,0.003974085641129221,2.3717948652900502,0.24393312484806914,0.001946828682189644,0.00045243720413853564,5.049471824083661,0.8799999999999617,0.06000000000001912,0.06000000000001912,46.511029852118746,39.740856411292214,-0.9063077870366497,-0.42261826174069994,0.0,33.03621320000172,2.0984743354667654,89f396d7c4eacaf40811147e,2022-01-04 16:20:00+00:00,selective_long_5m_v1,BTCUSDT,33523.46319216976,65.26443966884489,33425.56653266649,33686.62429134187,48,MATURED,2022-01-04 16:30:00+00:00,33425.56653266649,stop_loss,False,False,-0.00292024302328453,-0.00582024302328453,0,2.0,,,1,0,2
0.0008600000000000829,0.0024219501228801565,0.002488046031272173,0.0031280215332403216,1.7876241611528383,0.18525746677189112,0.0019401641206977516,0.00032530193533199746,4.585252548280387,0.6400000000000376,0.17999999999998115,0.17999999999998115,34.872729785278,31.280215332403216,-0.8191520442889916,-0.5735764363510464,0.0,24.219501228801565,1.2917845744375573,74917b14f7783eb9a840567e,2022-01-05 15:40:00+00:00,selective_long_5m_v1,BTCUSDT,34504.876152255805,66.9451226997262,34404.45846820621,34672.23895900512,48,MATURED,2022-01-05 19:40:00+00:00,34489.53768165769,time_exit,False,False,-0.00044453052172777063,-0.0033445305217277704,0,48.0,,,0,0,180
0.0012000000000000899,0.003303621320000172,0.0033954377629232813,0.0040299706504849375,2.405722719229538,0.24582762288579194,0.0019560795984329164,0.0004500580024167496,5.049258547229689,0.87999999999997,0.06000000000001501,0.06000000000001501,47.406311699411674,40.299706504849375,-0.7071067811865471,-0.7071067811865479,0.0,33.03621320000172,2.09850490687441,b2c299552c4d85c9d42199ba,2022-01-06 15:00:00+00:00,selective_long_5m_v1,BTCUSDT,35590.16593540601,69.61719749108985,35485.74013916938,35764.20892913373,48,MATURED,2022-01-06 15:10:00+00:00,35764.20892913373,profit_target,False,True,0.004890198996082118,0.001990198996082118,1,2.0,,,1,1,2
0.0008600000000000829,0.0024219501228799345,0.0025175325486288536,0.0032753640143170504,1.939253598144774,0.18902389256117,0.0019597941166903396,0.00031961159658684327,4.584786471506287,0.6399999999999586,0.1800000000000207,0.1800000000000207,38.22855628587973,32.7536401431705,-0.5735764363510458,-0.819152044288992,0.0,24.219501228799345,1.291800275798045,b3ac9c0d1244f66c426aff3d,2022-01-07 14:20:00+00:00,selective_long_5m_v1,BTCUSDT,36678.44019032407,71.88219129437562,36570.616903382506,36858.14566856001,48,MATURED,2022-01-07 18:20:00+00:00,36657.258717865196,time_exit,False,False,-0.0005774910914686515,-0.0034774910914686513,0,48.0,,,0,0,180
0.0008600000000000829,0.0024219501228799345,0.0024793831328195903,0.003223312485896468,2.430670172963161,0.18803190612274412,0.00195503256420011,0.00032219226458777715,4.585065786604354,0.639999999999977,0.18000000000001146,0.18000000000001146,47.84448651132589,32.23312485896468,-0.4226182617406993,-0.90630778703665,1.0,24.219501228799345,1.291830248654438,41aa52a244e38e429049b13d,2022-01-08 13:40:00+00:00,selective_long_5m_v1,BTCUSDT,37832.08801860788,73.96296404806323,37721.14357253579,38016.995428728034,48,MATURED,2022-01-08 17:40:00+00:00,37866.27574105331,time_exit,False,False,0.0009036699858757657,-0.001996330014124234,0,48.0,,,0,1,180
0.0012000000000000899,0.00330362131999995,0.003387743503938667,0.004058647334792331,2.350054527365743,0.2457600424798327,0.0019565327430009663,0.0004483895386295427,5.04915458826832,0.879999999999989,0.060000000000005466,0.060000000000005466,46.31502590418668,40.58647334792332,-0.2588190451025208,-0.9659258262890683,1.0,33.036213199999494,2.0985862667795927,5c992b281cf8da584473ddc6,2022-01-09 13:00:00+00:00,selective_long_5m_v1,BTCUSDT,39087.260897866654,76.47550578089745,38972.547639195305,39278.4496623189,48,MATURED,2022-01-09 17:00:00+00:00,39127.83291403036,time_exit,False,False,0.0010379856564961543,-0.0018620143435038455,0,48.0,,,1,1,180
0.0008600000000000829,0.0024219501228801565,0.002518350119822932,0.0032261922947209865,2.2338154210300374,0.18792035761687947,0.0019539157402031835,0.0003213174875096295,4.584516512826095,0.6400000000000323,0.17999999999998387,0.17999999999998387,43.92731098354696,32.26192294720987,-0.08715574274765794,-0.9961946980917455,0.0,24.219501228801565,1.2918140880858264,7028e7a5b78353b4c12df540,2022-01-10 12:20:00+00:00,selective_long_5m_v1,BTCUSDT,40299.073948350524,78.74099490329414,40180.962455995585,40495.92643560876,48,MATURED,2022-01-10 12:30:00+00:00,40180.962455995585,stop_loss,False,False,-0.0029308736103047517,-0.0058308736103047515,0,2.0,,,0,0,2
0.001200000000000312,0.003303621320000172,0.0034018911375102157,0.004132343205159206,2.0435295603371406,0.2473034278909863,0.0019669563986971727,0.0004455661344365349,5.049012441459455,0.8799999999999127,0.060000000000043636,0.060000000000043636,40.466254037738736,41.32343205159206,0.0871557427476582,-0.9961946980917455,0.0,33.03621320000172,2.0985867803424574,2c3c1b32479879d0f6781363,2022-01-11 11:40:00+00:00,selective_long_5m_v1,BTCUSDT,41622.378580882076,81.86940387866214,41499.57447506408,41827.052090578734,48,MATURED,2022-01-11 14:40:00+00:00,41827.052090578734,profit_target,False,True,0.004917390996743043,0.002017390996743043,1,36.0,,,1,1,36
0.0008600000000000829,0.0024219501228801565,0.0025118917777915417,0.0031936085996142616,1.9532220922589865,0.18814049535014354,0.001955568582434845,0.00032348692453709825,4.584247136194291,0.6400000000000504,0.17999999999997476,0.17999999999997476,38.421100864027835,31.936085996142616,0.258819045102521,-0.9659258262890682,0.0,24.219501228801565,1.291855898728465,d59dfebc2007effbc83014f0,2022-01-12 11:00:00+00:00,selective_long_5m_v1,BTCUSDT,42954.197913831806,83.99987992397784,42828.19809394584,43164.19761364175,48,MATURED,2022-01-12 11:10:00+00:00,42828.19809394584,stop_loss,False,False,-0.002933352873652262,-0.005833352873652262,0,2.0,,,0,0,2
0.0012000000000000899,0.003303621320000172,0.0034328675975103806,0.004174327971656844,2.037578351721808,0.24810434764353514,0.0019707432502048114,0.00044396911875378947,5.049102433999382,0.8800000000000433,0.05999999999997836,0.05999999999997836,40.426488082498935,41.74327971656844,0.4226182617406995,-0.9063077870366499,0.0,33.03621320000172,2.0986157298263635,a505616853234538aa5005f6,2022-01-13 10:20:00+00:00,selective_long_5m_v1,BTCUSDT,44442.17923910728,87.58412475986307,44310.80305196749,44661.13955100694,48,MATURED,2022-01-13 14:20:00+00:00,44486.77818740308,time_exit,False,False,0.0010035274835611396,-0.0018964725164388602,0,48.0,,,1,1,180
0.001200000000000312,0.003303621320000394,0.0034223089605978085,0.004149098727810108,2.447594187808366,0.24790763617199066,0.0019695250953028205,0.0004457759018600489,5.049001132583412,0.8800000000000604,0.05999999999996977,0.05999999999996977,48.57055378833408,41.49098727810107,0.5735764363510464,-0.8191520442889916,0.0,33.03621320000394,2.0985579116832036,3c3bd934bed4c2a4f5391d9f,2022-01-14 09:40:00+00:00,selective_long_5m_v1,BTCUSDT,45951.51820594877,90.50266827388054,45815.76420353795,46177.77487663347,48,MATURED,2022-01-14 12:40:00+00:00,46177.77487663347,profit_target,False,True,0.0049238127382569274,0.0020238127382569276,1,36.0,,,1,1,36
0.000860000000000305,0.0024219501228803786,0.002547355044926869,0.0032336338864533687,1.9481962087606328,0.18877055321091593,0.0019583553830542946,0.0003210168753996794,4.584681266288762,0.6400000000000456,0.17999999999997715,0.17999999999997715,38.37705350852705,32.33633886453369,0.7071067811865476,-0.7071067811865475,1.0,24.219501228803786,1.2918303270767877,548a3b0fc0f811e3653dfbaa,2022-01-15 09:00:00+00:00,selective_long_5m_v1,BTCUSDT,47446.370304998425,92.91685469318111,47306.995022958654,47678.66244173138,48,MATURED,2022-01-15 09:40:00+00:00,47306.995022958654,stop_loss,False,False,-0.0029375330745814443,-0.005837533074581444,0,8.0,,,0,0,8
0.0012000000000000899,0.0033036213199997277,0.0033905276109886806,0.004110340194735995,2.112549304135992,0.24687449141442872,0.0019648455120683164,0.00044658876817485217,5.0492206018781545,0.8799999999999739,0.06000000000001306,0.06000000000001306,41.793307022588436,41.103401947359956,0.8191520442889917,-0.5735764363510462,1.0,33.03621319999728,2.098499996055516,841c139dd5be4c12ee9afb1f,2022-01-16 08:20:00+00:00,selective_long_5m_v1,BTCUSDT,49103.38815690418,96.4805718474417,48958.66729913301,49344.58958652278,48,MATURED,2022-01-16 09:00:00+00:00,48958.66729913301,stop_loss,False,False,-0.002947268268102543,-0.005847268268102543,0,8.0,,,1,0,8
0.0008600000000000829,0.0024219501228799345,0.002525674732749339,0.003276083184168055,2.0589883482707565,0.18929160121910127,0.0019626168965850097,0.00031958733844143116,4.585325553350788,0.6400000000000213,0.17999999999998934,0.17999999999998934,40.657424917636135,32.76083184168055,0.90630778703665,-0.42261826174069933,0.0,24.219501228799345,1.2918082986324346,25f152abc4fc646bb9f00222,2022-01-17 07:40:00+00:00,selective_long_5m_v1,BTCUSDT,50755.99174797671,99.61456700750841,50606.569897465444,51005.02816549548,48,MATURED,2022-01-17 10:40:00+00:00,50606.569897465444,stop_loss,False,False,-0.0029439253448775293,-0.005843925344877529,0,36.0,,,0,0,36
0.0008600000000000829,0.0024219501228801565,0.002490432772350948,0.003176303369609723,2.0277157832538864,0.18684218199516106,0.0019497035461580499,0.00032245102460313883,4.584883066254787,0.6399999999999711,0.18000000000001445,0.18000000000001445,39.771365447340834,31.76303369609723,0.9659258262890683,-0.25881904510252063,0.0,24.219501228801565,1.2917806944965797,b1052daf5a47a4bd444f53c8,2022-01-18 07:00:00+00:00,selective_long_5m_v1,BTCUSDT,52536.46451162287,102.43053116091765,52382.8187148815,52792.540839525165,48,MATURED,2022-01-18 07:10:00+00:00,52382.8187148815,stop_loss,False,False,-0.0029245553192369655,-0.005824555319236965,0,2.0,,,0,0,2
0.0008600000000000829,0.0024219501228801565,0.002510013639549502,0.003278876723024071,2.0844055310651624,0.18961119003652108,0.0019646361851301947,0.00032104207638844506,4.5851710010190265,0.6400000000000199,0.17999999999999003,0.17999999999999003,41.204141164048465,32.78876723024071,0.9961946980917455,-0.08715574274765801,0.0,24.219501228801565,1.2917631901793392,7a85fdfe1a92c3fbfb76afc6,2022-01-19 06:20:00+00:00,selective_long_5m_v1,BTCUSDT,54389.04009321784,106.8546762416327,54228.75807885539,54656.17678382192,48,MATURED,2022-01-19 06:30:00+00:00,54656.17678382192,profit_target,False,True,0.00491159046282541,0.0020115904628254105,1,2.0,,,0,1,2
0.0012000000000000899,0.00330362131999995,0.003432209288208421,0.00419712022808727,2.14311863788018,0.2487443356630124,0.001975516386854219,0.00044255775054102223,5.04944875942066,0.8799999999999545,0.060000000000022743,0.060000000000022743,42.63338455387622,41.9712022808727,0.9961946980917455,0.08715574274765814,0.0,33.036213199999494,2.098391229689894,598678d3a5bb02f6c4312851,2022-01-20 05:40:00+00:00,selective_long_5m_v1,BTCUSDT,56366.67858679608,111.35329722076045,56199.64864096494,56645.06182984798,48,MATURED,2022-01-20 08:40:00+00:00,56645.06182984798,profit_target,False,True,0.0049387909671356756,0.0020387909671356758,1,36.0,,,1,1,36
0.0008600000000000829,0.0024219501228799345,0.0025511944051623825,0.003302216392989221,2.1074205405023285,0.19002058644519257,0.0019657495782062083,0.0003192190952394166,4.584937285708854,0.6399999999999962,0.18000000000000185,0.18000000000000185,41.68493576459653,33.022163929892216,0.9659258262890683,0.25881904510252074,0.0,24.219501228799345,1.2917260020851373,be7e73c18a114985eee5f865,2022-01-21 05:00:00+00:00,selective_long_5m_v1,BTCUSDT,58344.00417596,114.68970159975461,58171.96962356037,58630.72842995939,48,MATURED,2022-01-21 08:00:00+00:00,58171.96962356037,stop_loss,False,False,-0.0029486243673092494,-0.005848624367309249,0,36.0,,,0,0,36
0.0012000000000000899,0.003303621320000172,0.003422431625873079,0.004159059394532649,2.1884029282964397,0.24814041765492192,0.001972670705714534,0.00044488225941246624,5.04948583636148,0.8800000000000636,0.059999999999968204,0.059999999999968204,43.47470835774914,41.59059394532649,0.9063077870366498,0.4226182617406996,1.0,33.03621320000172,2.0984746316919023,22e3a4e2b9781285ec7b9b13,2022-01-22 04:20:00+00:00,selective_long_5m_v1,BTCUSDT,60489.541034234004,119.32594560035064,60310.55211583348,60787.85589823488,48,MATURED,2022-01-22 07:20:00+00:00,60787.85589823488,profit_target,False,True,0.004931676764286186,0.002031676764286186,1,36.0,,,1,1,36
0.0008599999999998609,0.0024219501228799345,0.0025383738144031387,0.003303906702875059,2.1301555381453947,0.1902867998344467,0.001967802692875124,0.00031859767466294823,4.584766381167985,0.6400000000000139,0.17999999999999308,0.17999999999999308,42.18093883634033,33.039067028750594,0.8191520442889917,0.5735764363510462,1.0,24.219501228799345,1.2916927832500853,292bf65f01fb8685832b677a,2022-01-23 03:40:00+00:00,selective_long_5m_v1,BTCUSDT,62642.44655585891,123.26797502090518,62457.54459332755,62950.61649341117,48,MATURED,2022-01-23 07:40:00+00:00,62700.03840424556,time_exit,False,False,0.0009193741872022265,-0.0019806258127977733,0,48.0,,,0,1,180
0.0008599999999998609,0.0024219501228799345,0.0024999490229284937,0.0032460665203264405,2.5245864993213885,0.1886143360898764,0.001958989675062101,0.00032066859724307815,4.585061489335629,0.6400000000000033,0.17999999999999833,0.17999999999999833,49.80391326218525,32.460665203264405,0.7071067811865475,0.7071067811865476,0.0,24.219501228799345,1.2917342004193642,e97a4e16f42519fc0125aad4,2022-01-24 03:00:00+00:00,selective_long_5m_v1,BTCUSDT,64900.11974962856,127.13866449981627,64709.411752878834,65217.9664108781,48,MATURED,2022-01-24 06:00:00+00:00,65217.9664108781,profit_target,False,True,0.004897474187655293,0.001997474187655293,1,36.0,,,0,1,36
0.0008600000000000829,0.0024219501228799345,0.0025022583025735567,0.0032449875022795283,2.1289021132597656,0.1881992839699652,0.0019573818081344654,0.00032054873263186715,4.585075778535336,0.6399999999999162,0.18000000000004188,0.18000000000004188,41.930424188019174,32.44987502279528,0.5735764363510462,0.8191520442889918,0.0,24.219501228799345,1.2917231434968874,7be695b516989ffab8047a07,2022-01-25 02:20:00+00:00,selective_long_5m_v1,BTCUSDT,67284.62597850764,131.7017028574625,67087.07342422145,67613.88023565129,48,MATURED,2022-01-25 06:20:00+00:00,67243.16674221068,time_exit,False,False,-0.000616176960100745,-0.0035161769601007448,0,48.0,,,0,0,180
0.0012000000000000899,0.003303621320000172,0.0033883817914466263,0.004222944017934438,2.816188813171877,0.24870494503981883,0.001977133307788825,0.00044223352189481734,5.049408602050366,0.8800000000001162,0.059999999999941864,0.059999999999941864,56.14425795430256,42.22944017934438,0.4226182617406994,0.9063077870366499,0.0,33.03621320000172,2.098490148074905,63f068e3a7e36ac021028d91,2022-01-26 01:40:00+00:00,selective_long_5m_v1,BTCUSDT,69839.53462802233,138.08207011353397,69632.41152285202,70184.73980330616,48,MATURED,2022-01-26 05:40:00+00:00,69796.20786504493,time_exit,False,False,-0.0006203758832038497,-0.0035203758832038495,0,48.0,,,1,0,180
0.0008600000000000829,0.0024219501228799345,0.0024665124908218594,0.003302737402087974,2.6833441171278833,0.1889762064507522,0.001961733796233609,0.0003192567214698053,4.585294489017465,0.640000000000012,0.179999999999994,0.179999999999994,53.027325509658056,33.02737402087974,0.25881904510252074,0.9659258262890683,0.0,24.219501228799345,1.2917516029307539,75165738341d47e252cf6f91,2022-01-27 01:00:00+00:00,selective_long_5m_v1,BTCUSDT,72316.57661030692,141.865872364356,72103.77780176039,72671.24129121781,48,MATURED,2022-01-27 01:10:00+00:00,72671.24129121781,profit_target,False,True,0.004904334490584139,0.0020043344905841393,1,2.0,,,0,1,2
0.0008600000000000829,0.0024219501228799345,0.002528824805220209,0.0032962386149650857,2.1192550084731345,0.1894577665162741,0.001962931660839117,0.00031892392406993053,4.58523426655544,0.6400000000000577,0.1799999999999711,0.1799999999999711,41.859279531144544,32.962386149650854,0.08715574274765817,0.9961946980917455,0.0,24.219501228799345,1.2917650482305578,73dad635a8e5f715c1d75762,2022-01-28 00:20:00+00:00,selective_long_5m_v1,BTCUSDT,75009.5356559231,147.23859240385212,74788.67776731732,75377.63213693273,48,MATURED,2022-01-28 01:00:00+00:00,74788.67776731732,stop_loss,False,False,-0.0029443974912587434,-0.005844397491258743,0,8.0,,,0,0,8
0.0012000000000000899,0.003303621320000172,0.003423498267732139,0.004185496901629282,2.2277789201464224,0.24864849888235857,0.001976139125924407,0.00044330914374204184,5.049281732946385,0.880000000000044,0.059999999999978036,0.059999999999978036,44.339035436546936,41.85496901629282,-0.08715574274765743,0.9961946980917455,0.0,33.03621320000172,2.0985507361886246,9da3570caa83f853acbda35a,2022-01-28 23:40:00+00:00,selective_long_5m_v1,BTCUSDT,77830.84444477726,153.80457691106065,77600.13757941067,78215.35588705492,48,MATURED,2022-01-29 00:20:00+00:00,78215.35588705492,profit_target,False,True,0.004940347814811119,0.0020403478148111193,1,8.0,,,1,1,8
0.0012000000000000899,0.003303621320000172,0.003435525550491425,0.004275446664547156,2.268220353909762,0.24976244602226835,0.001982525634288993,0.0004399389948707434,5.049074308919789,0.8800000000000635,0.059999999999968266,0.059999999999968266,45.295088992887145,42.75446664547155,-0.25881904510252157,0.9659258262890681,1.0,33.03621320000172,2.098499172420673,d1a5a9da3fd930d7a9f6d211,2022-01-29 23:00:00+00:00,selective_long_5m_v1,BTCUSDT,80797.20860861544,160.18253724557542,80556.93480274708,81197.66495172938,48,MATURED,2022-01-30 02:00:00+00:00,81197.66495172938,profit_target,False,True,0.004956314085722502,0.002056314085722502,1,36.0,,,1,1,36
0.0012000000000000899,0.00330362131999995,0.0033798811936109896,0.004116545590144405,2.2552687848914332,0.24730490081169704,0.0019687958255539244,0.0004463398226691348,5.048850285919434,0.880000000000107,0.05999999999994649,0.05999999999994649,44.71995768144499,41.16545590144405,-0.4226182617407,0.9063077870366497,1.0,33.036213199999494,2.0985539640778375,6ce0ef4891f01686ab8d85b7,2022-01-30 22:20:00+00:00,selective_long_5m_v1,BTCUSDT,83860.600806355,165.1044007959958,83612.94420516101,84273.36180834498,48,MATURED,2022-01-30 22:30:00+00:00,83612.94420516101,stop_loss,False,False,-0.002953193738330806,-0.005853193738330806,0,2.0,,,1,0,2
0.001200000000000312,0.003303621320000172,0.0033875512119079243,0.00420104374786745,2.313237680089572,0.24844259990329798,0.001976599707368618,0.00044364462768738035,5.049085100418424,0.8799999999999165,0.06000000000004173,0.06000000000004173,46.05844326083685,42.010437478674504,-0.5735764363510465,0.8191520442889916,0.0,33.03621320000172,2.098575104136704,1fd1d90c5418f5ab2dc36f82,2022-01-31 21:40:00+00:00,selective_long_5m_v1,BTCUSDT,87051.09668486602,172.06517223342345,86792.99892651588,87481.25961544957,48,MATURED,2022-01-31 22:20:00+00:00,86792.99892651588,stop_loss,False,False,-0.002964899561052947,-0.005864899561052947,0,8.0,,,1,0,8
0.0012000000000000899,0.00330362131999995,0.003399547888633503,0.004229505755792173,2.278557269545994,0.24907394710736389,0.001979398987749467,0.0004415658708532013,5.049088400984722,0.8800000000000945,0.05999999999995273,0.05999999999995273,45.429823076099666,42.29505755792174,-0.7071067811865477,0.7071067811865474,0.0,33.036213199999494,2.0985575626819,f565f1a383d60485484c2bc2,2022-02-01 21:00:00+00:00,selective_long_5m_v1,BTCUSDT,90413.13926865757,178.9636763476324,90144.69375413613,90860.54845952665,48,MATURED,2022-02-01 21:40:00+00:00,90860.54845952665,profit_target,False,True,0.004948497469373647,0.0020484974693736474,1,8.0,,,1,1,8
0.001200000000000312,0.003303621320000172,0.003386262672765872,0.00417064874284967,2.249449346983478,0.2479118659950873,0.0019722525298888276,0.00044452097899403217,5.0490840760075715,0.880000000000041,0.05999999999997951,0.05999999999997951,44.683219918058015,41.7064874284967,-0.8191520442889918,0.573576436351046,0.0,33.03621320000172,2.0985631817426635,f14dfd7f8f4f77d6a84c8e95,2022-02-02 20:20:00+00:00,selective_long_5m_v1,BTCUSDT,93859.88163151583,185.11538900282298,93582.2085480116,94322.6701040229,48,MATURED,2022-02-02 21:00:00+00:00,94322.6701040229,profit_target,False,True,0.004930631324722157,0.002030631324722157,1,8.0,,,1,1,8
0.0008600000000000829,0.0024219501228801565,0.002579437199597745,0.003383543754723828,2.1822240193210436,0.1913123417373033,0.001972910875260754,0.0003159429198100456,4.584460070264554,0.6400000000000445,0.17999999999997773,0.17999999999997773,43.32983417994374,33.83543754723828,-0.9063077870366499,0.4226182617406996,0.0,24.219501228801565,1.2917925714273686,8c1fdcb3e0bbdf9670c414f6,2022-02-03 19:40:00+00:00,selective_long_5m_v1,BTCUSDT,97359.02259957432,192.0806744914577,97070.90158783714,97839.22428580296,48,MATURED,2022-02-03 23:40:00+00:00,97302.01377367145,time_exit,False,False,-0.0005855525700718678,-0.0034855525700718676,0,48.0,,,0,0,180
0.001200000000000312,0.00330362131999995,0.003469030518615357,0.004303433539456281,2.904463640744573,0.25018775356159345,0.001985023826764232,0.00043813355908336207,5.04891198231924,0.8800000000000295,0.05999999999998522,0.05999999999998522,58.1483754910539,43.0343353945628,-0.9659258262890684,0.2588190451025203,0.0,33.036213199999494,2.098610904019886,e05ca04204185f4b95162514,2022-02-04 19:00:00+00:00,selective_long_5m_v1,BTCUSDT,101202.7109445158,200.88979255799717,100901.3762556788,101704.9354259108,48,MATURED,2022-02-04 19:40:00+00:00,101704.9354259108,profit_target,False,True,0.004962559566910496,0.0020625595669104962,1,8.0,,,1,1,8
0.001200000000000312,0.003303621320000394,0.003433821357240685,0.004235722134274811,2.2623769269271694,0.24915922119523531,0.0019792503836317827,0.0004413322204525039,5.0491004526653605,0.88,0.06,0.06,45.102395963236845,42.357221342748105,-0.9961946980917455,0.08715574274765789,1.0,33.03621320000394,2.0985321306896276,a14e505b4a74381a5731fc89,2022-02-05 18:20:00+00:00,selective_long_5m_v1,BTCUSDT,105061.89323492233,207.9437924903014,104749.97754618688,105581.75271614808,48,MATURED,2022-02-05 21:20:00+00:00,105581.75271614808,profit_target,False,True,0.004948125959079341,0.0020481259590793416,1,36.0,,,1,1,36
0.0012000000000000899,0.003303621320000172,0.003395792917610274,0.004269117060369698,2.3507089820058074,0.24991476121469483,0.001984998611000345,0.0004409203556544312,5.049168796157521,0.8800000000000547,0.0599999999999726,0.0599999999999726,47.00915437271247,42.69117060369698,-0.9961946980917455,-0.08715574274765825,1.0,33.03621320000172,2.0985798669052755,0f704e8023b0f6b3883384d3,2022-02-06 17:40:00+00:00,selective_long_5m_v1,BTCUSDT,109198.65624430266,216.75918096804494,108873.5174728506,109740.55419672278,48,MATURED,2022-02-06 20:40:00+00:00,109740.55419672278,profit_target,False,True,0.004962496527500804,0.002062496527500804,1,36.0,,,1,1,36
0.0008600000000000829,0.0024219501228799345,0.002593524568158534,0.0034444771293067333,2.215958339657464,0.19238543266410058,0.001978130701682844,0.0003132241551748062,4.5848437530218265,0.6400000000000498,0.17999999999997512,0.17999999999997512,44.120299785797016,34.44477129306733,-0.9659258262890683,-0.25881904510252063,0.0,24.219501228799345,1.2917826299225934,28dd6940b86bfb52a92c1121,2022-02-07 17:00:00+00:00,selective_long_5m_v1,BTCUSDT,113298.53545925386,224.11931144765245,112962.35649208238,113858.83373787299,48,MATURED,2022-02-07 20:00:00+00:00,112962.35649208238,stop_loss,False,False,-0.002967196052524268,-0.005867196052524268,0,36.0,,,0,0,36
0.0008599999999998609,0.0024219501228799345,0.0025920042991653958,0.003429444476991339,2.2650904567385224,0.19275034096863283,0.0019806310038656873,0.0003138965032225966,4.585235087111651,0.6399999999999963,0.18000000000000185,0.18000000000000185,45.160512274600165,34.29444476991339,-0.9063077870366497,-0.42261826174069994,0.0,24.219501228799345,1.2917590568980284,4ae76750a31d0016500f6b0d,2022-02-08 16:20:00+00:00,selective_long_5m_v1,BTCUSDT,117741.96402327642,233.20338440053962,117392.15894667561,118324.97248427777,48,MATURED,2022-02-08 19:20:00+00:00,117392.15894667561,stop_loss,False,False,-0.002970946505798544,-0.005870946505798544,0,36.0,,,0,0,36
0.0012000000000000899,0.003303621320000172,0.003493084214781783,0.004373341141592713,2.304463032369389,0.2514564365519724,0.0019929398758000588,0.00043634627057257384,5.049266721944446,0.8799999999999616,0.0600000000000192,0.0600000000000192,46.266571698272415,43.73341141592712,-0.8191520442889916,-0.5735764363510464,0.0,33.03621320000172,2.0984680230327735,8cc79142922bac4c7d745389,2022-02-09 15:40:00+00:00,selective_long_5m_v1,BTCUSDT,122438.08780388448,244.01174750107023,122072.07018263287,123048.11717263715,48,MATURED,2022-02-09 18:40:00+00:00,122072.07018263287,stop_loss,False,False,-0.0029894098137001057,-0.0058894098137001055,0,36.0,,,1,0,36
0.0008600000000000829,0.0024219501228803786,0.002526468130155335,0.003345177232565888,2.196037830195054,0.1902587592418233,0.00196801769763474,0.0003161415574344263,4.5849595605685085,0.6400000000000068,0.17999999999999658,0.17999999999999658,43.4959705300586,33.45177232565888,-0.7071067811865471,-0.7071067811865479,0.0,24.219501228803786,1.2917142329058666,96c3657ce51644c090e6a77f,2022-02-10 15:00:00+00:00,selective_long_5m_v1,BTCUSDT,127053.24088514081,250.04302660380688,126678.1763452351,127678.34845165032,48,MATURED,2022-02-10 15:10:00+00:00,126678.1763452351,stop_loss,False,False,-0.0029520265464521023,-0.005852026546452102,0,2.0,,,0,0,2
0.0012000000000000899,0.003303621320000172,0.003444435989942818,0.004286376723700913,2.2882844261134045,0.24984314733167393,0.001984131567286081,0.00043950318224593167,5.049468139963832,0.8799999999998576,0.0600000000000712,0.0600000000000712,45.734916783228826,42.86376723700913,-0.5735764363510458,-0.819152044288992,0.0,33.03621320000172,2.0984418179685154,9ffcaf714a3f2e648a2fee7e,2022-02-11 14:20:00+00:00,selective_long_5m_v1,BTCUSDT,132054.92253188058,262.01434041102226,131661.90102126406,132709.95838290814,48,MATURED,2022-02-11 14:30:00+00:00,131661.90102126406,stop_loss,False,False,-0.002976197350929022,-0.005876197350929022,0,2.0,,,1,0,2
0.0012000000000000899,0.003303621320000172,0.003380581979217867,0.004222086891747745,2.319518263050361,0.24851879440171293,0.0019767309983043484,0.00044249496506638394,5.049479415712308,0.8799999999998879,0.060000000000056085,0.060000000000056085,46.18720103800378,42.220868917477446,-0.4226182617406993,-0.90630778703665,1.0,33.03621320000172,2.0984599713597696,3352d438c465742b345cb16b,2022-02-12 13:40:00+00:00,selective_long_5m_v1,BTCUSDT,137163.8866062647,271.1361065025061,136757.18244651097,137841.726872521,48,MATURED,2022-02-12 14:20:00+00:00,137841.726872521,profit_target,False,True,0.0049418274957608865,0.0020418274957608867,1,8.0,,,1,1,8
0.0008600000000000829,0.0024219501228801565,0.002520912022291988,0.0033635369860425257,2.178386218258531,0.19032733152405812,0.0019681995963138424,0.00031645462081551686,4.584626609209187,0.6399999999999574,0.18000000000002134,0.18000000000002134,43.148889744375474,33.63536986042526,-0.2588190451025208,-0.9659258262890683,1.0,24.219501228801565,1.2917146021205894,ef8dc9af4f4b00bd93e8210f,2022-02-13 13:00:00+00:00,selective_long_5m_v1,BTCUSDT,142267.07699708917,280.0100035144212,141847.06199181755,142967.10200587523,48,MATURED,2022-02-13 16:00:00+00:00,141847.06199181755,stop_loss,False,False,-0.0029522993944707254,-0.005852299394470725,0,36.0,,,0,0,36
0.0008600000000000829,0.0024219501228799345,0.0025500747438602644,0.0033714412116891967,2.199757798342943,0.19141126249340304,0.001973506675439183,0.0003161985952652145,4.584690019313779,0.6400000000000587,0.17999999999997066,0.17999999999997066,43.692825535623925,33.714412116891964,-0.08715574274765794,-0.9961946980917455,0.0,24.219501228799345,1.2917144501650613,93fc094a23f912a70fb0a401,2022-02-14 12:20:00+00:00,selective_long_5m_v1,BTCUSDT,147712.83402971,291.5122640056728,147275.5656337015,148441.6146897242,48,MATURED,2022-02-14 15:20:00+00:00,147275.5656337015,stop_loss,False,False,-0.002960260013158744,-0.005860260013158744,0,36.0,,,0,0,36
0.0012000000000000899,0.003303621320000172,0.003394783112649291,0.004183413169175587,2.2780566369261983,0.2480273420945735,0.0019730045294819045,0.0004432140849926418,5.049370365601411,0.8800000000000779,0.05999999999996102,0.05999999999996102,45.27148564375416,41.83413169175587,0.0871557427476582,-0.9961946980917455,0.0,33.03621320000172,2.0984780139583057,49288e946b6aa6975ee3d7ab,2022-02-15 11:40:00+00:00,selective_long_5m_v1,BTCUSDT,153487.6589801299,302.8318463873702,153033.41121054883,154244.73859609832,48,MATURED,2022-02-15 15:40:00+00:00,153633.71498100317,time_exit,False,False,0.0009515813964702247,-0.0019484186035297751,0,48.0,,,1,1,180
0.0012000000000000899,0.00330362131999995,0.003428627371374615,0.004176226828580987,2.7111990981333687,0.24854072990409984,0.0019760394143346696,0.00044366624462865355,5.049392825580305,0.8800000000000053,0.05999999999999732,0.05999999999999732,54.009606257166,41.76226828580987,0.258819045102521,-0.9659258262890682,0.0,33.036213199999494,2.0984813390905566,42792283b2486d0adfc87ce4,2022-02-16 11:00:00+00:00,selective_long_5m_v1,BTCUSDT,159294.75217830687,314.7727088010078,158822.59311510535,160081.68395030938,48,MATURED,2022-02-16 15:00:00+00:00,159457.19994754458,time_exit,False,False,0.0010197936028417676,-0.0018802063971582322,0,48.0,,,1,1,180
0.0012000000000000899,0.003303621320000172,0.00339483667230267,0.004207642040588988,2.706021893970804,0.24833417756374224,0.001974630842957323,0.00044251313455455,5.049327108614897,0.8799999999999328,0.0600000000000336,0.0600000000000336,53.86705670033409,42.07642040588988,0.4226182617406995,-0.9063077870366499,0.0,33.03621320000172,2.098441765268393,dee618a4ae3c4513d1f3c2f2,2022-02-17 10:20:00+00:00,selective_long_5m_v1,BTCUSDT,165326.54453260973,326.4588939936486,164836.85619161924,166142.69176759385,48,MATURED,2022-02-17 13:20:00+00:00,166142.69176759385,profit_target,False,True,0.0049365771073932585,0.0020365771073932587,1,36.0,,,1,1,36
0.0012000000000000899,0.003303621320000172,0.0034865641050216833,0.0043626905685014705,2.297553536877192,0.2510987616235388,0.0019912531771654083,0.0004360891718994338,5.049260145707754,0.8799999999999502,0.0600000000000249,0.0600000000000249,46.0877010128069,43.626905685014705,0.5735764363510464,-0.8191520442889916,0.0,33.03621320000172,2.0984690682218123,5ef43cf7ad8ed43d9920bd6e,2022-02-18 09:40:00+00:00,selective_long_5m_v1,BTCUSDT,171603.32676644748,341.7056696358423,171090.7682619937,172457.59094053708,48,MATURED,2022-02-18 10:20:00+00:00,171090.7682619937,stop_loss,False,False,-0.002986879765748185,-0.005886879765748185,0,8.0,,,1,0,8
0.0011999999999998678,0.00330362131999995,0.0034028876045795187,0.004127750039558897,2.236388215737744,0.24787718051971658,0.001972115712045303,0.000446029693912338,5.049311379749674,0.8799999999999376,0.06000000000003121,0.06000000000003121,44.419499633387986,41.27750039558897,0.7071067811865476,-0.7071067811865475,1.0,33.036213199999494,2.0985256782646173,0f7afd554fcdec4ed323ac5f,2022-02-19 09:00:00+00:00,selective_long_5m_v1,BTCUSDT,178019.76067585175,351.0755670833918,177493.14732522666,178897.44959356022,48,MATURED,2022-02-19 09:10:00+00:00,177493.14732522666,stop_loss,False,False,-0.0029581735680679344,-0.005858173568067934,0,2.0,,,1,0,2
0.0012000000000000899,0.00330362131999995,0.003426669030449858,0.0042663556168403005,2.2406889998643105,0.24973742638982654,0.0019828578025504464,0.0004404279468402749,5.049235123546567,0.8799999999999953,0.060000000000002315,0.060000000000002315,44.75038177893964,42.663556168403005,0.8191520442889917,-0.5735764363510462,1.0,33.036213199999494,2.0985270805858693,3ce876a5373bd6823a4bd36d,2022-02-20 08:20:00+00:00,selective_long_5m_v1,BTCUSDT,184633.94958474132,366.10286754981007,184084.7952834166,185549.20675361584,48,MATURED,2022-02-20 09:00:00+00:00,185549.20675361584,profit_target,False,True,0.004957144506376077,0.002057144506376077,1,8.0,,,1,1,8
0.0012000000000000899,0.00330362131999995,0.003393338954162717,0.004215244889895331,2.2610431624991434,0.2482617726763505,0.0019744680230505828,0.00044313047380566915,5.04906428283323,0.8800000000000268,0.05999999999998661,0.05999999999998661,44.96554437028788,42.15244889895331,0.90630778703665,-0.42261826174069933,0.0,33.036213199999494,2.0985232379555283,244a642a08100c73ba041ccd,2022-02-21 07:40:00+00:00,selective_long_5m_v1,BTCUSDT,191523.3777243566,378.1567849833804,190956.14254688154,192468.76968681504,48,MATURED,2022-02-21 08:20:00+00:00,192468.76968681504,profit_target,False,True,0.004936170057626477,0.002036170057626477,1,8.0,,,1,1,8
0.0008600000000000829,0.0024219501228799345,0.002535076514200929,0.003382576650399205,2.161605152112134,0.19133422232506858,0.0019732111063432275,0.0003160842318942861,4.584534695150077,0.6399999999999388,0.18000000000003058,0.18000000000003058,42.92525584189022,33.82576650399205,0.9659258262890683,-0.25881904510252063,0.0,24.219501228799345,1.2918022759614674,47c54ea4bfcde90446376d7b,2022-02-22 07:00:00+00:00,selective_long_5m_v1,BTCUSDT,198447.13363453292,391.57808810963905,197859.76650236847,199426.078854807,48,MATURED,2022-02-22 07:40:00+00:00,199426.078854807,profit_target,False,True,0.004933027765858133,0.0020330277658581336,1,8.0,,,0,1,8
0.0008599999999998609,0.0024219501228799345,0.0025404119312868456,0.003413865386252768,2.1905562248519894,0.19170642287786896,0.001975487830487141,0.0003147514639214776,4.5843421732244645,0.6400000000000042,0.17999999999999788,0.17999999999999788,43.55336362168893,34.138653862527676,0.9961946980917455,-0.08715574274765801,0.0,24.219501228799345,1.2917834459813042,2c85341d5a7bedf76339d3d8,2022-02-23 06:20:00+00:00,selective_long_5m_v1,BTCUSDT,205827.12512012242,406.608980858956,205217.211648834,206843.6475722698,48,MATURED,2022-02-23 10:20:00+00:00,205740.8809697088,time_exit,False,False,-0.0004190125590263216,-0.0033190125590263214,0,48.0,,,0,0,180
0.0012000000000000899,0.003303621320000172,0.0034239163859710597,0.004270458765389673,2.8322049243230416,0.2496872551430177,0.001982754704845615,0.00043974293738082185,5.048945288330427,0.8799999999999639,0.06000000000001801,0.06000000000001801,56.62786471353209,42.70458765389673,0.9961946980917455,0.08715574274765814,0.0,33.03621320000172,2.0985798129228157,b628037c9102d23e90d670ff,2022-02-24 05:40:00+00:00,selective_long_5m_v1,BTCUSDT,213528.21311097208,423.37406916305696,212893.1520072275,214586.6482838797,48,MATURED,2022-02-24 06:20:00+00:00,214586.6482838797,profit_target,False,True,0.004956886762113921,0.0020568867621139214,1,8.0,,,1,1,8
0.001200000000000312,0.003303621320000394,0.003380166711152599,0.004132114003649656,2.1646982322189374,0.24716700831400049,0.0019669651482306103,0.000445680256320803,5.048968724284501,0.8799999999999922,0.06000000000000386,0.06000000000000386,42.8760687635843,41.32114003649656,0.9659258262890683,0.25881904510252074,0.0,33.03621320000394,2.0985195773960252,fb9291c736c16678870e2ab8,2022-02-25 05:00:00+00:00,selective_long_5m_v1,BTCUSDT,221268.99696917224,435.22840542230637,220616.1543610388,222357.067982728,48,MATURED,2022-02-25 05:40:00+00:00,220616.1543610388,stop_loss,False,False,-0.0029504477223458725,-0.005850447722345872,0,8.0,,,1,0,8
0.0008600000000000829,0.0024219501228801565,0.0024934050065563707,0.0032593836440002466,2.076427198954364,0.1883468668186344,0.0019578809025785657,0.0003204981695481721,4.584743149167179,0.6399999999999508,0.1800000000000246,0.1800000000000246,40.90321866829561,32.59383644000246,0.9063077870366498,0.4226182617406996,1.0,24.219501228801565,1.2918232905595584,ecbe59d88e75b5fc72cc9275,2022-02-26 04:20:00+00:00,selective_long_5m_v1,BTCUSDT,229086.9548527823,448.52497393614055,228414.1673918781,230208.26728762267,48,MATURED,2022-02-26 05:00:00+00:00,228414.1673918781,stop_loss,False,False,-0.002936821353867858,-0.005836821353867858,0,8.0,,,0,0,8
0.0008600000000000829,0.0024219501228801565,0.0025310418225641396,0.0032841935764080787,2.0491004418090855,0.1896536225703368,0.0019635508212933373,0.00031945595635293875,4.584479346943601,0.6400000000000073,0.17999999999999636,0.17999999999999636,40.48091583265023,32.84193576408079,0.8191520442889917,0.5735764363510462,1.0,24.219501228801565,1.2918201672898955,bbaf905926633e4ba9f00269,2022-02-27 03:40:00+00:00,selective_long_5m_v1,BTCUSDT,237188.67111770806,465.7320099746509,236490.07310274607,238353.00114264467,48,MATURED,2022-02-27 03:50:00+00:00,236490.07310274607,stop_loss,False,False,-0.002945326231939993,-0.005845326231939993,0,2.0,,,0,0,2
0.0008600000000000829,0.0024219501228801565,0.002485953973139665,0.003186886234178621,2.0310795795433885,0.18819616955399412,0.001956833118885998,0.0003234976074724567,4.584884333207458,0.6399999999999612,0.18000000000001942,0.18000000000001942,39.984744773649,31.86886234178621,0.7071067811865475,0.7071067811865476,0.0,24.219501228801565,1.2917731091419262,9d7b90de35252f9d07096556,2022-02-28 03:00:00+00:00,selective_long_5m_v1,BTCUSDT,245460.00006485824,480.3242574886738,244739.51367862523,246660.81070857993,48,MATURED,2022-02-28 06:00:00+00:00,244739.51367862523,stop_loss,False,False,-0.0029352496783290327,-0.0058352496783290325,0,36.0,,,0,0,36
0.0008600000000000829,0.0024219501228801565,0.002497017520334266,0.0032056386086989352,2.044675123083623,0.18772097433466697,0.00195443501534511,0.00032142126633404055,4.585339432368556,0.6399999999999931,0.1800000000000034,0.1800000000000034,40.20363406957106,32.05638608698935,0.5735764363510462,0.8191520442889918,0.0,24.219501228801565,1.2918103064101703,4288760d1f8ecf9693b76ddd,2022-03-01 02:20:00+00:00,selective_long_5m_v1,BTCUSDT,254184.97468039734,496.78801488997885,253439.79265806236,255426.94471762227,48,MATURED,2022-03-01 06:20:00+00:00,254396.9635165972,time_exit,False,False,0.0008339943636181957,-0.002066005636381804,0,48.0,,,0,1,180
0.0008600000000000829,0.0024219501228801565,0.0025021339247672802,0.003231517330272604,2.454560112998971,0.18808312210825973,0.001956045219928968,0.0003210310807625104,4.584935527524658,0.6399999999999341,0.18000000000003297,0.18000000000003297,48.34222576836966,32.31517330272604,0.4226182617406994,0.9063077870366499,0.0,24.219501228801565,1.2917735678275142,07c4d88a0d4216568665c3c5,2022-03-02 01:40:00+00:00,selective_long_5m_v1,BTCUSDT,263022.0513088423,514.4830261985727,262250.32676954445,264308.25887433876,48,MATURED,2022-03-02 02:20:00+00:00,262250.32676954445,stop_loss,False,False,-0.002934067829893472,-0.005834067829893472,0,8.0,,,0,0,8
0.0012000000000000899,0.003303621320000172,0.0033881968615225855,0.004075965634920742,2.1024534245070448,0.24666206241255917,0.00196360008019338,0.00044823789653664374,5.049223282850986,0.8799999999999059,0.06000000000004708,0.06000000000004708,41.56610570671848,40.75965634920742,0.25881904510252074,0.9659258262890683,0.0,33.03621320000172,2.09850009999054,0420d37785a46740aa15f07b,2022-03-03 01:00:00+00:00,selective_long_5m_v1,BTCUSDT,272315.70618126134,534.7191424954417,271513.62746751815,273652.50403749995,48,MATURED,2022-03-03 01:10:00+00:00,273652.50403749995,profit_target,False,True,0.00490900020048346,0.00200900020048346,1,2.0,,,1,1,2
0.0008600000000000829,0.0024219501228799345,0.002501482293771007,0.0032125840963601604,2.046111310720278,0.18793903573000953,0.0019557430618746645,0.00032144498335192375,4.5851879961596085,0.6399999999999938,0.18000000000000307,0.18000000000000307,40.25917107228105,32.125840963601604,0.08715574274765817,0.9961946980917455,0.0,24.219501228799345,1.2917806832723955,46f2c3389ff098f8413dd2e6,2022-03-04 00:20:00+00:00,selective_long_5m_v1,BTCUSDT,281474.60473955644,550.4920053133011,280648.86673158646,282850.8347528397,48,MATURED,2022-03-04 03:20:00+00:00,280648.86673158646,stop_loss,False,False,-0.0029336145928120505,-0.00583361459281205,0,36.0,,,0,0,36
0.0012000000000000899,0.003303621320000172,0.00337242948828953,0.003991486927156895,2.0648509103313337,0.24547757734412665,0.001956354692229315,0.00045205993625692457,5.04933550779531,0.8799999999999178,0.0600000000000411,0.0600000000000411,40.667503497828775,39.91486927156895,-0.08715574274765743,0.9961946980917455,0.0,33.03621320000172,2.098427446824272,d9132b35424a49f97c3daeb6,2022-03-04 23:40:00+00:00,selective_long_5m_v1,BTCUSDT,291158.2156163253,569.6087413021127,290303.80250437214,292582.2374695806,48,MATURED,2022-03-05 00:20:00+00:00,292582.2374695806,profit_target,False,True,0.004890886730573252,0.001990886730573252,1,8.0,,,1,1,8
0.0012000000000000899,0.003303621320000172,0.0033489530080839103,0.004039008003667632,2.080917688799595,0.24602761110412472,0.00196026877171049,0.00044910040360715797,5.04958742233681,0.8800000000000909,0.05999999999995456,0.05999999999995456,41.06803729639674,40.39008003667632,-0.25881904510252157,0.9659258262890681,1.0,33.03621320000172,2.098423003364709,0c6d29e90df7e967f39211a5,2022-03-05 23:00:00+00:00,selective_long_5m_v1,BTCUSDT,300957.61303259333,589.9578104363227,300072.6763169388,302432.50755868416,48,MATURED,2022-03-05 23:10:00+00:00,302432.50755868416,profit_target,False,True,0.004900671929276346,0.002000671929276346,1,2.0,,,1,1,2
0.0012000000000000899,0.00330362131999995,0.0033969634125137205,0.004252516949210472,2.091364342485279,0.2487678069756162,0.0019763033840989068,0.00044049649067441046,5.0495107278897535,0.8800000000000275,0.05999999999998626,0.05999999999998626,41.616242600697184,42.52516949210472,-0.4226182617407,0.9063077870366497,1.0,33.036213199999494,2.098438394229295,1426978ac636762083dd443a,2022-03-06 22:20:00+00:00,selective_long_5m_v1,BTCUSDT,310992.86223700526,614.6162460695986,310070.9378679009,312529.40285217925,48,MATURED,2022-03-07 02:20:00+00:00,311334.12918449636,time_exit,False,False,0.0010973465597774457,-0.0018026534402225541,0,48.0,,,1,1,180
0.0011999999999998678,0.0033036213199997277,0.0034163512921399075,0.004100128991106455,2.4106439968940943,0.24751084960475994,0.0019679659665404804,0.0004474158596268854,5.049531535913477,0.8800000000000638,0.05999999999996807,0.05999999999996807,47.795442658109536,41.00128991106455,-0.5735764363510465,0.8191520442889916,0.0,33.03621319999728,2.098461220483657,9d1455994190f4c48c543e08,2022-03-07 21:40:00+00:00,selective_long_5m_v1,BTCUSDT,321222.152688656,632.1542641901447,320273.92129237077,322802.53834913136,48,MATURED,2022-03-08 01:40:00+00:00,321529.88746999495,time_exit,False,False,0.0009580123250005901,-0.0019419876749994097,0,48.0,,,1,1,180
0.0008600000000000829,0.0024219501228797125,0.0024978224020950623,0.0031774894101752604,2.246689163502094,0.1869671181906182,0.0019496778744318671,0.0003237182492961617,4.5849338740781596,0.6400000000000629,0.17999999999996857,0.17999999999996857,44.08469159668415,31.774894101752604,-0.7071067811865477,0.7071067811865474,0.0,24.219501228797125,1.2917226399289954,00089e4afe97fc2fac357447,2022-03-08 21:00:00+00:00,selective_long_5m_v1,BTCUSDT,331163.09663842747,645.6613623442843,330194.60459491104,332777.2500442882,48,MATURED,2022-03-09 00:00:00+00:00,330194.60459491104,stop_loss,False,False,-0.002924516811647848,-0.005824516811647848,0,36.0,,,0,0,36
0.0008600000000000829,0.0024219501228801565,0.002489570233769056,0.0031348767536343303,1.9437617487178769,0.18619560695809853,0.001946158319857246,0.00032483102813559404,4.584990556604272,0.6399999999999392,0.18000000000003044,0.18000000000003044,38.04844430832732,31.348767536343303,-0.8191520442889918,0.573576436351046,0.0,24.219501228801565,1.2917422172556419,d4927fc6316a05d0be226415,2022-03-09 20:20:00+00:00,selective_long_5m_v1,BTCUSDT,341942.1224066409,665.473506431329,340943.9121469939,343605.8061727192,48,MATURED,2022-03-09 23:20:00+00:00,340943.9121469939,stop_loss,False,False,-0.002919237479785841,-0.005819237479785841,0,36.0,,,0,0,36
0.0008600000000000829,0.0024219501228801565,0.002480983187301611,0.003049019491638827,1.8374276554599884,0.1850135738273711,0.0019393726539466611,0.00032809185519360015,4.584893532893364,0.6399999999999508,0.18000000000002458,0.18000000000002458,35.8329735578522,30.49019491638827,-0.9063077870366499,0.4226182617406996,0.0,24.219501228801565,1.2917602476715428,13e9f44c92407d696da6a254,2022-03-10 19:40:00+00:00,selective_long_5m_v1,BTCUSDT,352620.16396921384,683.8619032320811,351594.3711143657,354329.81872729404,48,MATURED,2022-03-10 23:40:00+00:00,352413.1271205471,time_exit,False,False,-0.0005871384277525982,-0.003487138427752598,0,48.0,,,0,0,180
0.0008600000000000829,0.0024219501228799345,0.002465952594557841,0.003144378501345635,2.415946513284337,0.18588558880274125,0.0019444261867912417,0.00032411951960465785,4.5853027020517025,0.6399999999999666,0.18000000000001667,0.18000000000001667,47.29247305039985,31.44378501345635,-0.9659258262890684,0.2588190451025203,0.0,24.219501228799345,1.2917646109584808,26d7b3343477545f8d8fc76b,2022-03-11 19:00:00+00:00,selective_long_5m_v1,BTCUSDT,363815.023846984,707.4114595161558,362753.9066577098,365583.5524957744,48,MATURED,2022-03-11 23:00:00+00:00,363596.14009231044,time_exit,False,False,-0.0006016347328351435,-0.0035016347328351433,0,48.0,,,0,0,180
0.0012000000000000899,0.003303621320000172,0.0034203151750826777,0.004063900411390042,2.4437666018018094,0.2464924913664522,0.001959592108330473,0.00044909197835214787,5.049291597804658,0.8800000000000455,0.05999999999997724,0.05999999999997724,48.2470773172361,40.63900411390043,-0.9961946980917455,0.08715574274765789,1.0,33.03621320000172,2.0985210516834023,bc1cf290146164849570d99e,2022-03-12 18:20:00+00:00,selective_long_5m_v1,BTCUSDT,375543.08280240657,735.9112613976932,374439.21591031004,377382.8609559008,48,MATURED,2022-03-12 18:30:00+00:00,377382.8609559008,profit_target,False,True,0.0048989802708261365,0.0019989802708261367,1,2.0,,,1,1,2
0.000860000000000305,0.0024219501228801565,0.0024313033410221507,0.0030658853730254343,1.8106391281498062,0.18470456527662626,0.0019385449362314259,0.0003269810814699747,4.584929830389933,0.639999999999991,0.1800000000000045,0.1800000000000045,35.29343734084867,30.658853730254343,-0.9961946980917455,-0.08715574274765825,1.0,24.219501228801565,1.2917871973578041,55cd01f37712d0affd8931dd,2022-03-13 17:40:00+00:00,selective_long_5m_v1,BTCUSDT,386672.0322177548,749.5811100380433,385547.6605526977,388545.98499284993,48,MATURED,2022-03-13 21:40:00+00:00,386482.3295498369,time_exit,False,False,-0.0004906035402401088,-0.0033906035402401086,0,48.0,,,0,0,180
0.0012000000000000899,0.00330362131999995,0.00337751832792188,0.004032871680924366,2.3875356461612,0.24519888899786252,0.0019527157680830519,0.0004494638802627161,5.048991149045408,0.8799999999999143,0.06000000000004286,0.06000000000004286,46.964418599184654,40.32871680924366,-0.9659258262890683,-0.25881904510252063,0.0,33.036213199999494,2.098493265562199,848cec06847e417040fcd574,2022-03-14 17:00:00+00:00,selective_long_5m_v1,BTCUSDT,398836.9747633003,778.8152495148388,397668.75188902806,400784.0128870874,48,MATURED,2022-03-14 21:00:00+00:00,398622.77403589076,time_exit,False,False,-0.0005370633641393896,-0.0034370633641393894,0,48.0,,,1,0,180
0.0008600000000000829,0.0024219501228801565,0.002503507801029814,0.003082653648125211,2.2555671976879776,0.18574781387473932,0.0019426833322804616,0.0003276876149675594,4.5845342967683,0.6399999999999408,0.18000000000002958,0.18000000000002958,44.09928713698052,30.82653648125211,-0.9063077870366497,-0.42261826174069994,0.0,24.219501228801565,1.2918158049008455,91995fac2fcc048ce8578b75,2022-03-15 16:20:00+00:00,selective_long_5m_v1,BTCUSDT,410421.73358887096,797.3194610487517,409225.75439729786,412415.0322414928,48,MATURED,2022-03-15 19:20:00+00:00,409225.75439729786,stop_loss,False,False,-0.002914024998420639,-0.005814024998420639,0,36.0,,,0,0,36
0.0011999999999998678,0.00330362131999995,0.003451164516860006,0.004072995491476439,1.8468462873864004,0.2466685484031794,0.0019600053431781624,0.00044835644951919163,5.048891820782342,0.8800000000000525,0.05999999999997371,0.05999999999997371,36.42700828563328,40.72995491476439,-0.8191520442889916,-0.5735764363510464,0.0,33.036213199999494,2.0985545936180845,72a35286feadad21dac9abe1,2022-03-16 15:40:00+00:00,selective_long_5m_v1,BTCUSDT,422737.42006871395,828.5676020960308,421494.5686655699,424808.83907395403,48,MATURED,2022-03-16 16:20:00+00:00,424808.83907395403,profit_target,False,True,0.004900013357945321,0.002000013357945321,1,8.0,,,1,1,8
0.0012000000000000899,0.00330362131999995,0.0032904800600559447,0.003823814612934795,1.8374925855585968,0.24256960325490248,0.0019384330455844943,0.00045858699353614195,5.048988069454354,0.8800000000000472,0.059999999999976406,0.059999999999976406,35.838900456952594,38.23814612934795,-0.7071067811865471,-0.7071067811865479,0.0,33.036213199999494,2.098573100846017,7ccc65bd4fa48ef57e55660f,2022-03-17 15:00:00+00:00,selective_long_5m_v1,BTCUSDT,434777.2101061844,842.7865115368606,433513.03033887915,436884.17638502654,48,MATURED,2022-03-17 15:10:00+00:00,436884.17638502654,profit_target,False,True,0.0048460826139611335,0.0019460826139611337,1,2.0,,,1,1,2
0.0008600000000000829,0.0024219501228801565,0.0024569490770787183,0.0030695221393124417,1.7384118766903023,0.18480394094113994,0.0019380991216180192,0.0003273568364303397,4.584277670318041,0.6400000000000349,0.17999999999998254,0.17999999999998254,33.872998007318245,30.695221393124417,-0.5735764363510458,-0.819152044288992,0.0,24.219501228801565,1.291811035235195,f7074b08cf5423253164ae5e,2022-03-18 14:20:00+00:00,selective_long_5m_v1,BTCUSDT,446830.28073790437,866.0013746104654,445531.27867598867,448995.28417443053,48,MATURED,2022-03-18 18:20:00+00:00,447254.0695305393,time_exit,False,False,0.0009484334677027917,-0.0019515665322972081,0,48.0,,,0,1,180
0.0012000000000000899,0.003303621320000172,0.0033551566706147007,0.0039177616543242255,2.083644160992092,0.2439815150957058,0.0019447896609246429,0.0004548616949067848,5.049003041543389,0.8799999999999182,0.06000000000004091,0.06000000000004091,40.7942659662508,39.17761654324225,-0.4226182617406993,-0.90630778703665,1.0,33.03621320000172,2.098639186668645,8f706cf568c7d427876b1e88,2022-03-19 13:40:00+00:00,selective_long_5m_v1,BTCUSDT,459672.0726076695,893.9654942231974,458331.1243663347,461906.9863432275,48,MATURED,2022-03-19 16:40:00+00:00,461906.9863432275,profit_target,False,True,0.004861974152311488,0.001961974152311488,1,36.0,,,1,1,36
0.0012000000000000899,0.00330362131999995,0.003325771668631683,0.003871365312181352,1.7726352940432772,0.24284228085330717,0.001938604911170158,0.0004573446371083297,5.048973430654244,0.8800000000000687,0.05999999999996563,0.05999999999996563,34.57271981927468,38.71365312181352,-0.2588190451025208,-0.9659258262890683,1.0,33.036213199999494,2.0986327189130725,f726f80dce6cc72c357541b3,2022-03-20 13:00:00+00:00,selective_long_5m_v1,BTCUSDT,472509.8890491947,916.0099914872353,471135.87406196387,474799.9140279128,48,MATURED,2022-03-20 16:00:00+00:00,474799.9140279128,profit_target,False,True,0.004846512277925319,0.0019465122779253191,1,36.0,,,1,1,36
0.0008599999999998609,0.0024219501228799345,0.0024923693445928485,0.0030578395268336944,1.65156974053376,0.18448606323269695,0.001935141950230047,0.00032869732541687154,4.584883233099827,0.6399999999999786,0.18000000000001073,0.18000000000001073,32.12597474366863,30.578395268336944,-0.08715574274765794,-0.9961946980917455,0.0,24.219501228799345,1.2918293711773237,0ca39e1be2ec5ac435935a93,2022-03-21 12:20:00+00:00,selective_long_5m_v1,BTCUSDT,484724.38855152193,938.0104985856592,483317.37280364346,487069.4147979861,48,MATURED,2022-03-21 13:00:00+00:00,483317.37280364346,stop_loss,False,False,-0.0029027129253450523,-0.005802712925345052,0,8.0,,,0,0,8
0.001200000000000312,0.003303621320000172,0.0033241136875648003,0.0039120869740492115,1.7687609760346201,0.24349893980972623,0.0019428100816575263,0.00045478831020655014,5.049003373575779,0.8800000000000721,0.05999999999996398,0.05999999999996398,34.57242397656435,39.12086974049211,0.0871557427476582,-0.9961946980917455,0.0,33.03621320000172,2.0986094350144104,dd14ec4198b7b7211c431f23,2022-03-22 11:40:00+00:00,selective_long_5m_v1,BTCUSDT,498319.0551991541,968.13928432297,496866.8462726697,500739.40340996155,48,MATURED,2022-03-22 15:40:00+00:00,498829.58457708306,time_exit,False,False,0.001024503021914036,-0.0018754969780859637,0,48.0,,,1,1,180
0.0008600000000000829,0.0024219501228801565,0.0024425402802858986,0.003075074389553345,1.9277085966388938,0.18428832988736096,0.001934928226471073,0.00032655042999396377,4.584840997034552,0.6399999999999559,0.18000000000002206,0.18000000000002206,37.51327305920871,30.75074389553345,0.258819045102521,-0.9659258262890682,0.0,24.219501228801565,1.2917787022860727,3e562a12f310824b5fdf8518,2022-03-23 11:00:00+00:00,selective_long_5m_v1,BTCUSDT,511268.54105366295,989.267931391417,509784.63915657584,513741.7108821415,48,MATURED,2022-03-23 11:10:00+00:00,509784.63915657584,stop_loss,False,False,-0.002902392339706572,-0.005802392339706572,0,2.0,,,0,0,2
0.0008600000000000829,0.0024219501228801565,0.002462703035338576,0.003027267440389503,1.6559464843515588,0.18385310295722354,0.0019330435034854217,0.000328446188797946,4.585347630952725,0.64,0.18,0.18,32.17605586239625,30.272674403895028,0.4226182617406995,-0.9063077870366499,0.0,24.219501228801565,1.2917923045156154,66977e9a1036fcc348d15ad8,2022-03-24 10:20:00+00:00,selective_long_5m_v1,BTCUSDT,524795.6096649348,1014.4527439204734,523273.9305490541,527331.7415247359,48,MATURED,2022-03-24 14:20:00+00:00,524469.4772439694,time_exit,False,False,-0.0006214465497788035,-0.0035214465497788033,0,48.0,,,0,0,180
0.0012000000000000899,0.003303621320000172,0.0033312848258451044,0.0038567986961950407,2.0943756233813215,0.24271720587290763,0.0019363628854690853,0.0004569259066378085,5.049378040026679,0.8799999999998921,0.06000000000005395,0.06000000000005395,40.825812323228575,38.56798696195041,0.5735764363510464,-0.8191520442889916,0.0,33.03621320000172,2.0984507303066,a284e79d509d21da8947f049,2022-03-25 09:40:00+00:00,selective_long_5m_v1,BTCUSDT,538716.3563922402,1043.1503583130702,537151.6308547705,541324.2322880229,48,MATURED,2022-03-25 10:20:00+00:00,541324.2322880229,profit_target,False,True,0.004840907213672807,0.0019409072136728073,1,8.0,,,1,1,8
0.0012000000000000899,0.00330362131999995,0.003333170430747323,0.0037947871399759414,1.6368239994413178,0.24183458640021543,0.00193093617167834,0.0004599646686662097,5.04954373619522,0.8800000000000557,0.05999999999997215,0.05999999999997215,31.78813843738748,37.947871399759414,0.7071067811865476,-0.7071067811865475,1.0,33.036213199999494,2.098441664665387,20f4fcd7c8683637417cda61,2022-03-26 09:00:00+00:00,selective_long_5m_v1,BTCUSDT,552415.3544321327,1066.6787896635155,550815.3362476374,555082.0514062914,48,MATURED,2022-03-26 13:00:00+00:00,552994.2526831047,time_exit,False,False,0.0010479401890759465,-0.0018520598109240533,0,48.0,,,1,1,180
0.0012000000000000899,0.00330362131999995,0.0033554375554800675,0.00389702361710742,1.6352071417084038,0.24330926683757148,0.0019393986089469386,0.0004553215603375595,5.049506313631008,0.8800000000000884,0.059999999999955804,0.059999999999955804,31.897123261905858,38.970236171074205,0.90630778703665,-0.42261826174069933,0.0,33.036213199999494,2.098479567290917,7dc68d441afe2d364d5aa0e6,2022-03-28 07:40:00+00:00,selective_long_5m_v1,BTCUSDT,580195.8978511676,1125.2311172092745,578508.0511753537,583008.9756441908,48,MATURED,2022-03-28 08:20:00+00:00,583008.9756441908,profit_target,False,True,0.004848496522367407,0.0019484965223674072,1,8.0,,,1,1,8
0.0012000000000000899,0.003303621320000172,0.003312515104069824,0.003771431271587744,1.6088359661000193,0.24101554120300792,0.0019271222891787893,0.00046046078579165954,5.049421488315304,0.8800000000000116,0.059999999999994245,0.059999999999994245,31.180562234494058,37.71431271587744,0.9659258262890683,-0.25881904510252063,0.0,33.03621320000172,2.0984537726348695,517a39dbe954dba3816b138d,2022-03-29 07:00:00+00:00,selective_long_5m_v1,BTCUSDT,594322.7038113761,1145.3325294799067,592604.7050171563,597186.0351350759,48,MATURED,2022-03-29 10:00:00+00:00,597186.0351350759,profit_target,False,True,0.004817805722947099,0.0019178057229470996,1,36.0,,,1,1,36
0.0012000000000000899,0.00330362131999995,0.0032942279470009606,0.0038390602657520922,1.597360092448781,0.24203933662605864,0.0019331968814845692,0.0004577478304468783,5.049428479880866,0.8800000000001154,0.05999999999994233,0.05999999999994233,31.055939153954437,38.39060265752092,0.9961946980917455,0.08715574274765814,0.0,33.036213199999494,2.0984302839150737,5e289fbd6d94ac3bc8ddafed,2022-03-31 05:40:00+00:00,selective_long_5m_v1,BTCUSDT,622451.2287699053,1203.320774334219,620646.2476084039,625459.5307057408,48,MATURED,2022-03-31 05:50:00+00:00,625459.5307057408,profit_target,False,True,0.0048329922037113615,0.0019329922037113617,1,2.0,,,1,1,2
0.0012000000000000899,0.003303621320000172,0.003330830646228966,0.0038465473154862817,1.537535071104785,0.24200450880929048,0.0019313476058773929,0.0004577654368309627,5.049240779498151,0.8800000000000351,0.059999999999982435,0.059999999999982435,29.860579959408717,38.46547315486282,0.7071067811865475,0.7071067811865476,0.0,33.03621320000172,2.0985305733538224,a47058b5d91a942266a65c20,2022-04-04 03:00:00+00:00,selective_long_5m_v1,BTCUSDT,681266.0938037513,1315.7616392333184,679292.4513449013,684555.4979018345,48,MATURED,2022-04-04 03:40:00+00:00,684555.4979018345,profit_target,False,True,0.004828369014693523,0.0019283690146935234,1,8.0,,,1,1,8
0.0012000000000000899,0.003303621320000394,0.003312073167417884,0.0037994571535528987,1.5373528183634273,0.24170553890453098,0.0019298882360681137,0.00045997033292312085,5.04913313911977,0.8800000000000294,0.059999999999985267,0.059999999999985267,29.834248417122122,37.99457153552899,0.5735764363510462,0.8191520442889918,0.0,33.03621320000394,2.0985425615303757,164e1e1a8e013638f8fcf485,2022-04-05 02:20:00+00:00,selective_long_5m_v1,BTCUSDT,696205.6127428797,1343.5990219170762,694190.2142100041,699564.6102976723,48,MATURED,2022-04-05 05:20:00+00:00,694190.2142100041,stop_loss,False,False,-0.0028948323541021503,-0.00579483235410215,0,36.0,,,1,0,36
0.0012000000000000899,0.003303621320000172,0.003313448777317207,0.003817693658469734,1.44107895407692,0.2414276501519,0.001927311680091798,0.00045871722331061445,5.048916518423102,0.8800000000000322,0.05999999999998387,0.05999999999998387,27.923097209596737,38.176936584697344,0.08715574274765817,0.9961946980917455,0.0,33.03621320000172,2.0986205069951054,660aec2b037201539cb3a408,2022-04-08 00:20:00+00:00,selective_long_5m_v1,BTCUSDT,741964.8686087223,1429.9975574873667,739819.8722724913,745539.8625024408,48,MATURED,2022-04-08 01:00:00+00:00,745539.8625024408,profit_target,False,True,0.0048182792002295916,0.0019182792002295918,1,8.0,,,1,1,8
0.0012000000000000899,0.00330362131999995,0.003275160611069694,0.0037282360559427463,1.4151056044068393,0.2396630459307408,0.0019173718984519233,0.0004625229276504575,5.049081325202773,0.8799999999999784,0.060000000000010836,0.060000000000010836,27.2757803175816,37.28236055942746,-0.4226182617407,0.9063077870366497,1.0,33.036213199999494,2.0985905559262275,0ac72dc29d8ce790af5937b4,2022-04-10 22:20:00+00:00,selective_long_5m_v1,BTCUSDT,788549.6722347531,1511.9429820763905,786281.7577616386,792329.5296899441,48,MATURED,2022-04-10 22:30:00+00:00,792329.5296899441,profit_target,False,True,0.00479342974612984,0.0018934297461298405,1,2.0,,,1,1,2
0.0011999999999998678,0.003303621320000172,0.0032599236453190183,0.003663614573407026,1.4074372484643742,0.23902288088138515,0.0019146114283520813,0.00046627903252542257,5.049102696111006,0.879999999999915,0.06000000000004249,0.06000000000004249,27.0881294233849,36.636145734070254,-0.5735764363510465,0.8191520442889916,0.0,33.03621320000172,2.0985548286015074,08ba44344e2fca96f847cc7c,2022-04-11 21:40:00+00:00,selective_long_5m_v1,BTCUSDT,804563.9706875607,1540.4273731187327,802253.3296278827,808415.0391203576,48,MATURED,2022-04-11 21:50:00+00:00,802253.3296278827,stop_loss,False,False,-0.002871917142528102,-0.005771917142528102,0,2.0,,,1,0,2
0.0012000000000000899,0.003303621320000394,0.0033377287019964452,0.0037647946820917877,1.4449151824093545,0.2418313118585505,0.0019299667033970409,0.00046121652093514124,5.049066130539299,0.87999999999995,0.060000000000025,0.060000000000025,28.03653531440853,37.64794682091788,-0.7071067811865477,0.7071067811865474,0.0,33.03621320000394,2.0985798549740475,1739501f444ffb4737074e3e,2022-04-12 21:00:00+00:00,selective_long_5m_v1,BTCUSDT,820594.5817489211,1583.7202197634388,818219.0014192759,824553.8822983297,48,MATURED,2022-04-13 01:00:00+00:00,821294.4644978322,time_exit,False,False,0.0008528971120178586,-0.0020471028879821412,0,48.0,,,1,1,180
0.0012000000000000899,0.003303621320000172,0.003302970282641926,0.0037596464352895875,1.399955420236822,0.24051200267081863,0.0019220273413025877,0.0004611678111200445,5.04940944263263,0.88,0.06,0.06,27.049080302894435,37.59646435289588,-0.9659258262890684,0.2588190451025203,0.0,33.03621320000172,2.0985368370885173,97f612a6c201cbafb26694bd,2022-04-15 19:00:00+00:00,selective_long_5m_v1,BTCUSDT,869821.0148510985,1671.8197725833757,867313.2851922235,874000.564282557,48,MATURED,2022-04-15 22:00:00+00:00,874000.564282557,profit_target,False,True,0.004805068353256559,0.0019050683532565588,1,36.0,,,1,1,36
0.0012000000000000899,0.00330362131999995,0.003305699825346009,0.0036893915172733216,1.3450466860650576,0.23987453242552512,0.001917921459633062,0.00046433146359498815,5.049619615985901,0.8800000000000409,0.059999999999979556,0.059999999999979556,25.9294391612519,36.893915172733216,-0.9659258262890683,-0.25881904510252063,0.0,33.036213199999494,2.098401633198454,eed074ac9185c04b1bb6686e,2022-04-18 17:00:00+00:00,selective_long_5m_v1,BTCUSDT,919669.2373637212,1763.8533661042532,917023.4573145648,924078.8707789818,48,MATURED,2022-04-18 17:40:00+00:00,924078.8707789818,profit_target,False,True,0.00479480364908258,0.0018948036490825798,1,8.0,,,1,1,8
0.0012000000000000899,0.003303621320000172,0.0033271725215946457,0.003722750334897551,1.3407241948547053,0.24016429613927887,0.0019198459525965454,0.0004627990531471573,5.049498139063035,0.8799999999999534,0.0600000000000233,0.0600000000000233,25.87204314219882,37.22750334897551,-0.8191520442889916,-0.5735764363510464,0.0,33.03621320000172,2.09843499696605,35f8f1c11b5ecde5a2b99cd1,2022-04-20 15:40:00+00:00,selective_long_5m_v1,BTCUSDT,953836.1224443527,1831.2184191151734,951089.29481568,958414.1684921406,48,MATURED,2022-04-20 16:20:00+00:00,958414.1684921406,profit_target,False,True,0.0047996148814912765,0.0018996148814912767,1,8.0,,,1,1,8
0.001200000000000312,0.003303621320000172,0.003267829918726095,0.0036603487646600374,1.3249497694802965,0.23902170818772794,0.0019136086959072,0.0004653391616779744,5.049405115844828,0.8799999999999613,0.06000000000001936,0.06000000000001936,25.483071612073527,36.60348764660037,-0.7071067811865471,-0.7071067811865479,0.0,33.03621320000172,2.098436054841941,da8bcab4d9989af192b6372b,2022-04-21 15:00:00+00:00,selective_long_5m_v1,BTCUSDT,971538.775090433,1859.1450484240818,968750.0575177969,976186.6377114932,48,MATURED,2022-04-21 15:10:00+00:00,976186.6377114932,profit_target,False,True,0.004784021739768107,0.0018840217397681075,1,2.0,,,1,1,2
0.0012000000000000899,0.003303621320000172,0.003312685076046318,0.0037845559259692685,1.347365570385013,0.24050620581097984,0.0019212966849852585,0.000460434455101979,5.0494217856766,0.8800000000000519,0.05999999999997408,0.05999999999997408,26.02037847714067,37.845559259692685,-0.5735764363510458,-0.819152044288992,0.0,33.03621320000172,2.0984673155145175,5083f6e2455fc81eb75ad944,2022-04-22 14:20:00+00:00,selective_long_5m_v1,BTCUSDT,989353.0184663711,1900.840674659598,986501.7574543817,994105.1201530201,48,MATURED,2022-04-22 14:30:00+00:00,994105.1201530201,profit_target,False,True,0.004803241712463269,0.001903241712463269,1,2.0,,,1,1,2
0.0012000000000000899,0.003303621320000172,0.0033178859369467073,0.0037331991353721783,1.3178801088107805,0.24006939399671473,0.0019180217885525262,0.00046267590721829177,5.049470633050736,0.8800000000000713,0.05999999999996437,0.05999999999996437,25.405787104826327,37.33199135372178,-0.4226182617406993,-0.90630778703665,1.0,33.03621320000172,2.0984284509335405,e98e34a4d38a51e58757eac9,2022-04-23 13:40:00+00:00,selective_long_5m_v1,BTCUSDT,1007380.8162934529,1932.1783550206724,1004482.5487609218,1012211.2621810045,48,MATURED,2022-04-23 13:50:00+00:00,1012211.2621810045,profit_target,False,True,0.004795054471381288,0.0018950544713812884,1,2.0,,,1,1,2
0.0012000000000000899,0.003303621320000394,0.0032986232774125934,0.0037660696945969185,1.3600964802184274,0.24066084715152733,0.0019221361499111886,0.0004608665296222882,5.049418084161493,0.8800000000000622,0.05999999999996891,0.05999999999996891,26.278463485542858,37.660696945969185,-0.08715574274765794,-0.9961946980917455,0.0,33.03621320000394,2.0984909770511853,0da517911db5763c1382d26b,2022-04-25 12:20:00+00:00,selective_long_5m_v1,BTCUSDT,1044756.2004315401,2008.1636606933225,1041743.9549405002,1049776.6095832735,48,MATURED,2022-04-25 13:00:00+00:00,1049776.6095832735,profit_target,False,True,0.004805340374778089,0.001905340374778089,1,8.0,,,1,1,8
0.0012000000000000899,0.003303621320000172,0.0033052556493959884,0.0038061203986934355,1.3399564202431047,0.24083582724321168,0.001923457822655462,0.0004598311891401239,5.049301101108698,0.8799999999998651,0.06000000000006747,0.06000000000006747,25.906270267432863,38.06120398693436,0.0871557427476582,-0.9961946980917455,0.0,33.03621320000172,2.098511222269545,9c455e8dd8ee717336be20ca,2022-04-26 11:40:00+00:00,selective_long_5m_v1,BTCUSDT,1064148.7700577169,2046.845276236704,1061078.5021433618,1069265.8832483087,48,MATURED,2022-04-26 15:40:00+00:00,1065054.4418894933,time_exit,False,False,0.0008510763318620995,-0.0020489236681379003,0,48.0,,,1,1,180
0.0012000000000000899,0.00330362131999995,0.0032950607773092333,0.0035767476796806363,1.4602610540696597,0.23844847405655206,0.0019103242981936479,0.0004696321968563554,5.049100895185215,0.8800000000001073,0.05999999999994638,0.05999999999994638,28.04421299989368,35.76747679680636,0.258819045102521,-0.9659258262890682,0.0,33.036213199999494,2.098516865612738,d9575204a1f68ddb83327330,2022-04-27 11:00:00+00:00,selective_long_5m_v1,BTCUSDT,1083976.845838577,2070.747307284744,1080870.72487765,1089153.7141067889,48,MATURED,2022-04-27 11:40:00+00:00,1089153.7141067889,profit_target,False,True,0.004775810745484055,0.001875810745484055,1,8.0,,,1,1,8
0.0012000000000000899,0.00330362131999995,0.0032846809012467837,0.0035734951440276053,1.286523384004643,0.23813207083215354,0.0019081681482638752,0.0004695366349819901,5.049165611358632,0.8800000000001054,0.05999999999994733,0.05999999999994733,24.67125282142435,35.73495144027605,0.4226182617406995,-0.9063077870366499,0.0,33.036213199999494,2.09856160108613,4d1c0e750dce4a2904b2f100,2022-04-28 10:20:00+00:00,selective_long_5m_v1,BTCUSDT,1103524.9475589283,2105.71115574651,1100366.3808253086,1108789.2254482945,48,MATURED,2022-04-28 13:20:00+00:00,1108789.2254482945,profit_target,False,True,0.004770420370659778,0.0018704203706597783,1,36.0,,,1,1,36
0.0012000000000000899,0.003303621320000394,0.0033166418654442253,0.003723523931627337,1.3662812536215805,0.23994817314501996,0.0019181450637334309,0.00046238863836562197,5.049000946077906,0.8799999999999284,0.060000000000035816,0.060000000000035816,26.34297888443493,37.23523931627337,0.7071067811865476,-0.7071067811865475,1.0,33.03621320000394,2.0985627054299143,7b506bcb83fd8f74e35c1383,2022-04-30 09:00:00+00:00,selective_long_5m_v1,BTCUSDT,1145555.3568488683,2197.3413529730456,1142259.3448194088,1151048.710231301,48,MATURED,2022-04-30 13:00:00+00:00,1144826.669680494,time_exit,False,False,-0.0006360994813719989,-0.0035360994813719987,0,48.0,,,1,0,180
0.001200000000000312,0.003303621320000172,0.003300067814737684,0.003712518439378032,1.3231669283926326,0.2394117935313237,0.0019151375167495474,0.0004638613943808017,5.048964311548772,0.879999999999904,0.060000000000047994,0.060000000000047994,25.469234435995247,37.125184393780316,0.9659258262890683,-0.25881904510252063,0.0,33.03621320000172,2.0986076822360604,f72906d515072f590bdeea4f,2022-05-03 07:00:00+00:00,selective_long_5m_v1,BTCUSDT,1210961.5599577704,2319.1579148166825,1207482.8230855453,1216759.454744812,48,MATURED,2022-05-03 07:10:00+00:00,1216759.454744812,profit_target,False,True,0.004787843791873803,0.0018878437918738028,1,2.0,,,1,1,2
0.0012000000000000899,0.003303621320000172,0.0033329275741404985,0.003735005748214615,1.3871421441850456,0.24075797770850205,0.0019230839352284222,0.00046259209610679207,5.049086619105012,0.8800000000000907,0.05999999999995466,0.05999999999995466,26.81572704398061,37.35005748214615,0.9659258262890683,0.25881904510252074,0.0,33.03621320000172,2.0984773900811415,23cbbedafebd9d0df6678ebb,2022-05-06 05:00:00+00:00,selective_long_5m_v1,BTCUSDT,1281854.052536074,2465.112935739574,1278156.3831324647,1288016.834875423,48,MATURED,2022-05-06 05:40:00+00:00,1288016.834875423,profit_target,False,True,0.004807709838070995,0.001907709838070995,1,8.0,,,1,1,8
0.0012000000000000899,0.0033036213199997277,0.0033042002862431197,0.003654177262743641,1.4077304587659354,0.239208410891076,0.0019149161968608237,0.00046597544302366255,5.049247142346439,0.8799999999999435,0.06000000000002823,0.06000000000002823,27.098176588806755,36.54177262743641,0.8191520442889917,0.5735764363510462,1.0,33.03621319999728,2.0984905114250028,acf0a61dbd335477a481244b,2022-05-08 03:40:00+00:00,selective_long_5m_v1,BTCUSDT,1332269.3153030577,2551.1840904545047,1328442.539167376,1338647.275529194,48,MATURED,2022-05-08 06:40:00+00:00,1338647.275529194,profit_target,False,True,0.004787290492151985,0.0018872904921519856,1,36.0,,,1,1,36
0.0012000000000000899,0.003303621320000172,0.00328761400481703,0.0037495301817016546,1.41770802471686,0.24041938088432102,0.0019214907842769826,0.00046160991602899504,5.049466745014408,0.8799999999999655,0.060000000000017276,0.060000000000017276,27.385310314802513,37.495301817016546,0.5735764363510462,0.8191520442889918,0.0,33.03621320000172,2.098464753490302,7213300b177ffe407dae8d54,2022-05-10 02:20:00+00:00,selective_long_5m_v1,BTCUSDT,1385200.508354579,2661.650011179115,1381208.0333378105,1391854.633382527,48,MATURED,2022-05-10 03:00:00+00:00,1391854.633382527,profit_target,False,True,0.004803726960692423,0.0019037269606924229,1,8.0,,,1,1,8
0.0012000000000000899,0.00330362131999995,0.0032814061244565984,0.0037207113305486317,1.4001630216032979,0.23959186615826314,0.0019167808930249128,0.0004630187111470039,5.049515680908741,0.879999999999943,0.06000000000002846,0.06000000000002846,26.9786064700428,37.20711330548632,0.25881904510252074,0.9659258262890683,0.0,33.036213199999494,2.0984075011497616,388dacf18e039caf990a124a,2022-05-12 01:00:00+00:00,selective_long_5m_v1,BTCUSDT,1441472.3558583017,2762.9866695328005,1437327.8758540025,1448379.8225321337,48,MATURED,2022-05-12 04:00:00+00:00,1448379.8225321337,profit_target,False,True,0.0047919522325621244,0.0018919522325621246,1,36.0,,,1,1,36
0.0012000000000000899,0.003303621320000172,0.003310419939212439,0.00377429869565149,1.4203877673648078,0.24084808708403457,0.0019235456295336548,0.0004610835170625747,5.049475825901268,0.8800000000000929,0.05999999999995352,0.05999999999995352,27.466838133596294,37.7429869565149,0.08715574274765817,0.9961946980917455,0.0,33.03621320000172,2.0984537164135304,cc40084750803c2ec3532655,2022-05-13 00:20:00+00:00,selective_long_5m_v1,BTCUSDT,1471119.0208171676,2829.7645630166926,1466874.3739726425,1478193.4322247093,48,MATURED,2022-05-13 00:30:00+00:00,1478193.4322247093,profit_target,False,True,0.004808864073834185,0.001908864073834185,1,2.0,,,1,1,2
0.001200000000000312,0.003303621320000172,0.003282447671860922,0.003755539505394978,1.4660920098691677,0.24058950759265688,0.001923231379227206,0.00046148281005653984,5.049475049006861,0.8799999999999317,0.06000000000003412,0.06000000000003412,28.348417668180304,37.55539505394978,-0.08715574274765743,0.9961946980917455,0.0,33.03621320000172,2.0984253047528245,483d7c96d80c20927235f2bb,2022-05-13 23:40:00+00:00,selective_long_5m_v1,BTCUSDT,1502845.170025296,2890.318989112695,1498509.691541627,1510070.9674980778,48,MATURED,2022-05-14 02:40:00+00:00,1510070.9674980778,profit_target,False,True,0.004808078448067965,0.0019080784480679652,1,36.0,,,1,1,36
0.0011999999999998678,0.00330362131999995,0.0033296059102927433,0.0037005693662999217,1.397216277809702,0.24058553434380744,0.0019219060855202883,0.00046444044803143253,5.04948710030083,0.8799999999999376,0.060000000000031195,0.060000000000031195,26.994322431157514,37.00569366299922,-0.25881904510252157,0.9659258262890681,1.0,33.036213199999494,2.098548013145005,9e71b078ea427ebfcc8abc25,2022-05-14 23:00:00+00:00,selective_long_5m_v1,BTCUSDT,1534337.1543158195,2948.851914119455,1529913.8764446403,1541709.284101118,48,MATURED,2022-05-15 03:00:00+00:00,1535705.6988209868,time_exit,False,False,0.0008919450991053957,-0.002008054900894604,0,48.0,,,1,1,180
0.0011999999999998678,0.00330362131999995,0.0033203990234065284,0.003854792476017277,1.6911010314169055,0.24211283097724287,0.0019315915096274293,0.000457420872741421,5.049409391273944,0.8800000000000349,0.05999999999998256,0.05999999999998256,32.85700493361965,38.54792476017277,-0.4226182617407,0.9063077870366497,1.0,33.036213199999494,2.098510950845985,ef9efb18d71af38afe8cca47,2022-05-15 22:20:00+00:00,selective_long_5m_v1,BTCUSDT,1568085.6796637082,3028.9009852067757,1563542.328185898,1575657.932126725,48,MATURED,2022-05-16 02:20:00+00:00,1569543.661017388,time_exit,False,False,0.0009297842411217783,-0.0019702157588782215,0,48.0,,,1,1,180
0.0012000000000000899,0.00330362131999995,0.003294610270125453,0.0037453613474713876,1.5584707400086972,0.2405117687917764,0.001923509299932213,0.00046184170313456305,5.049185758057903,0.8800000000000041,0.05999999999999796,0.05999999999999796,30.144395267088786,37.453613474713876,-0.8191520442889918,0.573576436351046,0.0,33.036213199999494,2.0985057924116397,d573c366e17de9495dc5c918,2022-05-18 20:20:00+00:00,selective_long_5m_v1,BTCUSDT,1674759.6499017575,3221.415761737248,1669927.5262591515,1682813.1893061006,48,MATURED,2022-05-18 20:30:00+00:00,1682813.1893061006,profit_target,False,True,0.0048087732498305336,0.0019087732498305338,1,2.0,,,1,1,2
0.0012000000000000899,0.003303621320000172,0.003335838862517315,0.0038523702889197153,1.5937207371375404,0.2423885707327011,0.0019339855898994525,0.0004584912953781443,5.0490583703161045,0.8800000000000077,0.05999999999999619,0.05999999999999619,30.997792433187232,38.52370288919715,-0.9961946980917455,0.08715574274765789,1.0,33.03621320000172,2.098594502093058,7ab7f56393fcded3a803211f,2022-05-21 18:20:00+00:00,selective_long_5m_v1,BTCUSDT,1793863.1206826228,3469.305425652255,1788659.1625441443,1802536.3842467533,48,MATURED,2022-05-21 19:00:00+00:00,1802536.3842467533,profit_target,False,True,0.004834963974748474,0.0019349639747484743,1,8.0,,,1,1,8
0.0012000000000000899,0.003303621320000172,0.0033320069695679244,0.003796452950969309,1.5952882124534542,0.2419318239082133,0.0019315384347016837,0.0004606090440334439,5.048826774889426,0.8800000000000261,0.05999999999998697,0.05999999999998697,30.98873825238657,37.964529509693094,-0.9961946980917455,-0.08715574274765825,1.0,33.03621320000172,2.0985650759494012,3caf08fa697dfbddb98db5eb,2022-05-22 17:40:00+00:00,selective_long_5m_v1,BTCUSDT,1836185.182504553,3546.66225323727,1830865.1891246971,1845051.8381376462,48,MATURED,2022-05-22 18:20:00+00:00,1845051.8381376462,profit_target,False,True,0.004828846086754268,0.0019288460867542684,1,8.0,,,1,1,8
0.0008600000000000829,0.0024219501228801565,0.0024500303030654536,0.003026663555867559,1.5986104958325793,0.1835017933667931,0.0019301992897115343,0.0003285342154835391,4.584724356165804,0.6400000000000317,0.1799999999999842,0.1799999999999842,31.012476232519237,30.266635558675592,-0.8191520442889916,-0.5735764363510464,0.0,24.219501228801565,1.2918254158644618,1d1df6a9a47a9559e4cedcfe,2022-05-25 15:40:00+00:00,selective_long_5m_v1,BTCUSDT,1974541.3449722235,3811.2583015714436,1968824.4575198663,1984069.4907261522,48,MATURED,2022-05-25 18:40:00+00:00,1968824.4575198663,stop_loss,False,False,-0.002895298934567303,-0.005795298934567303,0,36.0,,,0,0,36
0.0008600000000000829,0.0024219501228801565,0.002432137065282447,0.0030403881599496696,1.5875781389461747,0.18328166445750468,0.0019294124202763753,0.00032837337509941493,4.584689075126177,0.6399999999999555,0.18000000000002228,0.18000000000002228,30.785102682708843,30.403881599496696,-0.7071067811865471,-0.7071067811865479,0.0,24.219501228801565,1.291817995655577,d245e441a41fb0c22664c69c,2022-05-26 15:00:00+00:00,selective_long_5m_v1,BTCUSDT,2024721.4923607372,3906.5227949613245,2018861.7081682952,2034487.7993481406,48,MATURED,2022-05-26 15:40:00+00:00,2018861.7081682952,stop_loss,False,False,-0.002894118630414555,-0.005794118630414555,0,8.0,,,0,0,8
0.0012000000000000899,0.003303621320000172,0.0033368353251930216,0.0038540710236099063,1.7640054828937068,0.24276709704708183,0.0019383153419563392,0.0004571770503254163,5.049241924925764,0.8799999999999679,0.06000000000001602,0.06000000000001602,34.39863092381312,38.54071023609906,-0.4226182617406993,-0.90630778703665,1.0,33.03621320000172,2.0984601644237806,906afee0285e728dc39b0081,2022-05-28 13:40:00+00:00,selective_long_5m_v1,BTCUSDT,2134324.424795348,4136.9937772929625,2128118.9341294086,2144666.9092385806,48,MATURED,2022-05-28 17:40:00+00:00,2136443.1105064605,time_exit,False,False,0.0009926727570086502,-0.0019073272429913496,0,48.0,,,1,1,180
0.0012000000000000899,0.003303621320000394,0.0033181168350120416,0.003915770638635463,2.019560192335766,0.24302416590104264,0.0019402751453466397,0.00045458146727996474,5.049326408175264,0.8799999999999064,0.0600000000000468,0.0600000000000468,39.441867455209945,39.15770638635463,-0.2588190451025208,-0.9659258262890683,1.0,33.03621320000394,2.0984784044733873,0ba12231c4c22c819788206e,2022-05-29 13:00:00+00:00,selective_long_5m_v1,BTCUSDT,2191463.4515082706,4252.042066897058,2185085.388407925,2202093.5566755133,48,MATURED,2022-05-29 16:00:00+00:00,2202093.5566755133,profit_target,False,True,0.004850687863366732,0.0019506878633667318,1,36.0,,,1,1,36
0.0008600000000000829,0.0024219501228801565,0.0024599591987590763,0.0030867625982624602,1.6615009041609168,0.18430963348256904,0.0019346197712828154,0.0003264887393088663,4.585156425770665,0.6400000000000555,0.17999999999997224,0.17999999999997224,32.310950391121196,30.867625982624602,-0.08715574274765794,-0.9961946980917455,0.0,24.219501228801565,1.2917925251202678,a736b66c31623fc4976fbd24,2022-05-30 12:20:00+00:00,selective_long_5m_v1,BTCUSDT,2247721.1292444873,4348.4857369665215,2241198.4006390376,2258592.3435869035,48,MATURED,2022-05-30 15:20:00+00:00,2258592.3435869035,profit_target,False,True,0.004836549428206993,0.0019365494282069934,1,36.0,,,0,1,36
0.0012000000000000899,0.00330362131999995,0.0033882823591777633,0.0040129756775806324,1.7618428640112422,0.2453184716974201,0.0019524346963583385,0.00045075771897136945,5.0495137676488415,0.8799999999999526,0.06000000000002368,0.06000000000002368,34.609053991341284,40.12975677580633,0.0871557427476582,-0.9961946980917455,0.0,33.036213199999494,2.0984628074639278,e72c6add041fc77d96f7476d,2022-05-31 11:40:00+00:00,selective_long_5m_v1,BTCUSDT,2310093.559506216,4510.3068174138725,2303328.099280095,2321369.3265497508,48,MATURED,2022-05-31 15:40:00+00:00,2308799.8208132167,time_exit,False,False,-0.0005600373576539752,-0.003460037357653975,0,48.0,,,1,0,180
0.0012000000000000899,0.003303621320000394,0.00334545201038261,0.003884345627415353,2.248089689222115,0.24347606242113454,0.0019422436936824255,0.0004559238748931692,5.049598016242643,0.8799999999999194,0.06000000000004031,0.06000000000004031,43.96972751770978,38.84345627415353,0.258819045102521,-0.9659258262890682,0.0,33.03621320000394,2.098383778695201,b799c39476fff347eff49296,2022-06-01 11:00:00+00:00,selective_long_5m_v1,BTCUSDT,2374795.9733694782,4612.432503059286,2367877.3246148895,2386327.0546271265,48,MATURED,2022-06-01 14:00:00+00:00,2386327.0546271265,profit_target,False,True,0.004855609234206026,0.0019556092342060266,1,36.0,,,1,1,36
0.0012000000000000899,0.00330362131999995,0.003352481955453568,0.003928039191123389,1.8258110175319173,0.2441220364353099,0.0019459751415715771,0.00045447437405230195,5.049563060811909,0.8799999999999272,0.060000000000036406,0.060000000000036406,35.75025702587942,39.28039191123389,0.4226182617406995,-0.9063077870366499,0.0,33.036213199999494,2.0983643762386417,5f9824cf9429f947b5ef4c0a,2022-06-02 10:20:00+00:00,selective_long_5m_v1,BTCUSDT,2441851.6034573265,4751.782519734654,2434723.9296777244,2453731.059756663,48,MATURED,2022-06-02 10:30:00+00:00,2453731.059756663,profit_target,False,True,0.004864937853928941,0.0019649378539289414,1,2.0,,,1,1,2
0.0012000000000000899,0.00330362131999995,0.0033574504489202184,0.0038453023590374613,1.760642856434654,0.24315201630929414,0.0019395170955705636,0.0004580438108558023,5.049469342199839,0.8799999999999237,0.06000000000003811,0.06000000000003811,34.35439040303079,38.45302359037461,0.5735764363510464,-0.8191520442889916,0.0,33.036213199999494,2.098408136166167,96c40e259ac4e35681f777f9,2022-06-03 09:40:00+00:00,selective_long_5m_v1,BTCUSDT,2511887.12370562,4871.848018570621,2504579.351677764,2524066.7437520465,48,MATURED,2022-06-03 10:20:00+00:00,2524066.7437520465,profit_target,False,True,0.004848792738926466,0.0019487927389264664,1,8.0,,,1,1,8
0.0012000000000000899,0.003303621320000172,0.0033740567728475224,0.004057725817543156,1.8779769485520648,0.2456096245893999,0.001954922563489442,0.00044857418709729196,5.049613365952279,0.8800000000000264,0.059999999999986765,0.059999999999986765,36.946203694607775,40.57725817543157,0.7071067811865476,-0.7071067811865475,1.0,33.03621320000172,2.0984616133281295,03dbdc6e8e6617603027d0f0,2022-06-04 09:00:00+00:00,selective_long_5m_v1,BTCUSDT,2583344.945173955,5050.239322596961,2575769.58619006,2595970.5434804475,48,MATURED,2022-06-04 12:00:00+00:00,2595970.5434804475,profit_target,False,True,0.004887306408723591,0.001987306408723591,1,36.0,,,1,1,36
0.0008600000000000829,0.0024219501228799345,0.0024808072894801914,0.0030740884153306336,1.808925031574259,0.18523794697575674,0.0019409126192822031,0.00032736823592364935,4.5849852690133295,0.6400000000000313,0.17999999999998434,0.17999999999998434,35.3034129012153,30.740884153306336,0.8191520442889917,-0.5735764363510462,1.0,24.219501228799345,1.2917706919780838,920af72d3a93958c27078e5b,2022-06-05 08:20:00+00:00,selective_long_5m_v1,BTCUSDT,2657404.444415741,5157.789820703124,2649667.7596846865,2670298.918967499,48,MATURED,2022-06-05 09:00:00+00:00,2649667.7596846865,stop_loss,False,False,-0.002911368928923297,-0.005811368928923297,0,8.0,,,0,0,8
0.0008600000000000829,0.0024219501228799345,0.0024899287657662583,0.0031230956581602687,1.795909435867883,0.18572384543178586,0.0019426067796016004,0.00032578722147616056,4.585186270638924,0.6400000000000557,0.1799999999999721,0.1799999999999721,35.07945117129596,31.230956581602687,0.90630778703665,-0.42261826174069933,0.0,24.219501228799345,1.291729915513491,238bafcffacbbcc144753701,2022-06-06 07:40:00+00:00,selective_long_5m_v1,BTCUSDT,2736076.0223426917,5315.119830508293,2728103.342596929,2749363.8219189625,48,MATURED,2022-06-06 10:40:00+00:00,2749363.8219189625,profit_target,False,True,0.004856516949004019,0.0019565169490040196,1,36.0,,,0,1,36
0.0008600000000000829,0.0024219501228801565,0.002446637863576573,0.0030109220474756615,1.8091097814878214,0.18432620135036837,0.001936012160022714,0.0003303121721442109,4.585295425099258,0.6399999999999901,0.18000000000000493,0.18000000000000493,35.21705275828735,30.109220474756615,0.9659258262890683,-0.25881904510252063,0.0,24.219501228801565,1.2917677532996534,5469bab8dfc3b430d9758bf7,2022-06-07 07:00:00+00:00,selective_long_5m_v1,BTCUSDT,2818364.1648216033,5456.387294466885,2810179.583879903,2832005.1330577703,48,MATURED,2022-06-07 07:10:00+00:00,2832005.1330577703,profit_target,False,True,0.00484003040005665,0.0019400304000566498,1,2.0,,,0,1,2
0.000860000000000305,0.0024219501228801565,0.0025170220372250363,0.003113990701169911,1.8712501530660963,0.18646735292123146,0.001946742462095048,0.0003258799934796026,4.58523468330566,0.6399999999999474,0.18000000000002628,0.18000000000002628,36.63501949924486,31.13990701169911,0.9961946980917455,-0.08715574274765801,0.0,24.219501228801565,1.2917776020093794,957857d0424e4e11fb33492c,2022-06-08 06:20:00+00:00,selective_long_5m_v1,BTCUSDT,2903688.6832027193,5652.73405629559,2895209.582118276,2917820.5183434584,48,MATURED,2022-06-08 10:20:00+00:00,2906451.462881077,time_exit,False,False,0.0009514724131205465,-0.0019485275868794533,0,48.0,,,0,1,180
0.0012000000000000899,0.00330362131999995,0.0033912225891781222,0.003995342466907026,2.310071383576557,0.24541466629393605,0.001954261122037403,0.00045166884778656904,5.0490945212656895,0.8800000000000822,0.05999999999995893,0.05999999999995893,45.470042625161966,39.95342466907026,0.9961946980917455,0.08715574274765814,0.0,33.036213199999494,2.098516009077156,30e241a2a2809c051c882c5e,2022-06-09 05:40:00+00:00,selective_long_5m_v1,BTCUSDT,2997233.602624819,5857.377103273786,2988447.5369699085,3011877.0453830035,48,MATURED,2022-06-09 08:40:00+00:00,3011877.0453830035,profit_target,False,True,0.0048856528050935655,0.0019856528050935657,1,36.0,,,1,1,36
0.0011999999999998678,0.00330362131999995,0.0034188197818822985,0.004017939593471409,1.9839172139817267,0.2458048290109612,0.001957196400085154,0.00045021677374271115,5.048990995225823,0.8800000000000442,0.059999999999977884,0.059999999999977884,39.08433405703349,40.179395934714094,0.9659258262890683,0.25881904510252074,0.0,33.036213199999494,2.0985428813058777,f1048b6e62f0c9c2384e46e9,2022-06-10 05:00:00+00:00,selective_long_5m_v1,BTCUSDT,3092212.3260805765,6052.0668329038435,3083134.225831221,3107342.493162836,48,MATURED,2022-06-10 05:10:00+00:00,3107342.493162836,profit_target,False,True,0.0048929910002128985,0.0019929910002128987,1,2.0,,,1,1,2
0.001200000000000312,0.003303621320000394,0.003356538643335405,0.004104282265461112,1.9792110082910694,0.24625361716773458,0.001959685955123277,0.0004469813138220483,5.0490344653154455,0.8800000000000086,0.059999999999995716,0.059999999999995716,39.041370423320565,41.04282265461112,0.9063077870366498,0.4226182617406996,1.0,33.03621320000394,2.098577282991115,2933bdb2346786c87a9c8b1f,2022-06-11 04:20:00+00:00,selective_long_5m_v1,BTCUSDT,3191033.0895189564,6253.422727863937,3181652.9554271605,3206666.646338616,48,MATURED,2022-06-11 05:00:00+00:00,3206666.646338616,profit_target,False,True,0.004899214887808201,0.001999214887808201,1,8.0,,,1,1,8
0.0012000000000000899,0.00330362131999995,0.0033902572438748724,0.004098890196085447,2.033084689998202,0.2465940728682159,0.0019623873319005477,0.0004469228884513347,5.048881419419643,0.8800000000000249,0.05999999999998755,0.05999999999998755,40.16413697900623,40.98890196085448,0.8191520442889917,0.5735764363510462,1.0,33.036213199999494,2.0986198727096808,a145be31e3e89b192fe0fa11,2022-06-12 03:40:00+00:00,selective_long_5m_v1,BTCUSDT,3295267.6530854804,6466.591497636596,3285567.7658390254,3311434.131829572,48,MATURED,2022-06-12 04:20:00+00:00,3311434.131829572,profit_target,False,True,0.004905968329751431,0.0020059683297514314,1,8.0,,,1,1,8
0.0008600000000000829,0.0024219501228799345,0.0025136886816710113,0.0031728071911649725,1.9397167651759453,0.1871279945032798,0.0019504212463071259,0.00032308253065134826,4.583847372177015,0.6399999999999878,0.18000000000000613,0.18000000000000613,38.052999357738315,31.728071911649725,0.7071067811865475,0.7071067811865476,0.0,24.219501228799345,1.2918257794671246,5b622f7f360d8e2ec6341542,2022-06-13 03:00:00+00:00,selective_long_5m_v1,BTCUSDT,3400125.5485244505,6631.677109953759,3390178.03285952,3416704.741299335,48,MATURED,2022-06-13 03:10:00+00:00,3390178.03285952,stop_loss,False,False,-0.0029256318694605987,-0.0058256318694605985,0,2.0,,,0,0,2
0.0012000000000000899,0.003303621320000172,0.0033566041976251793,0.0040426080955202615,2.0306542644747836,0.24563784341963443,0.001956958526963637,0.00044948017572121095,5.048929703991614,0.8799999999999534,0.06000000000002334,0.06000000000002334,40.00379783803743,40.426080955202615,0.5735764363510462,0.8191520442889918,0.0,33.03621320000172,2.0986125590047737,caffb00f516bc622a7dd89f2,2022-06-14 02:20:00+00:00,selective_long_5m_v1,BTCUSDT,3515624.837619043,6879.932003583738,3505304.9396136673,3532824.6676280024,48,MATURED,2022-06-14 02:30:00+00:00,3532824.6676280024,profit_target,False,True,0.004892396317409009,0.0019923963174090092,1,2.0,,,1,1,2
0.0012000000000000899,0.003303621320000394,0.0034045496818218,0.004009319182234794,2.019270768870765,0.24604454278239077,0.0019585887270378607,0.00045138097637589645,5.048866747701536,0.8800000000000527,0.05999999999997364,0.05999999999997364,39.8121839059451,40.09319182234794,0.4226182617406994,0.9063077870366499,0.0,33.03621320000394,2.098581043051867,32afc1a5fe96e4ce2b5858c2,2022-06-15 01:40:00+00:00,selective_long_5m_v1,BTCUSDT,3631318.789736561,7112.260045858797,3620650.399667773,3649099.439851208,48,MATURED,2022-06-15 02:20:00+00:00,3620650.399667773,stop_loss,False,False,-0.0029378830905567588,-0.005837883090556759,0,8.0,,,1,0,8
0.001200000000000312,0.003303621320000394,0.0033949290434875934,0.0041119730610676974,2.1130592028636253,0.24734325923720618,0.001967212509141887,0.0004467977524373493,5.048933671280588,0.8800000000000255,0.059999999999987244,0.059999999999987244,41.85435614149968,41.119730610676974,0.25881904510252074,0.9659258262890683,0.0,33.03621320000394,2.0985600716554806,cf1694d3218e72536654d7bc,2022-06-16 01:00:00+00:00,selective_long_5m_v1,BTCUSDT,3753077.9917603116,7383.101973175997,3742003.3388005476,3771535.7466932517,48,MATURED,2022-06-16 01:40:00+00:00,3771535.7466932517,profit_target,False,True,0.004918031272854728,0.0020180312728547284,1,8.0,,,1,1,8
0.001200000000000312,0.003303621320000172,0.003368105047616643,0.004051758122747495,2.0706876996095045,0.24637869863325765,0.001961513184870944,0.00044930985586154543,5.049024913513412,0.8799999999999965,0.06000000000000176,0.06000000000000176,40.89159122911745,40.51758122747495,0.08715574274765817,0.9961946980917455,0.0,33.03621320000172,2.0985696514350973,7fb87062829fed68c6a1c37f,2022-06-17 00:20:00+00:00,selective_long_5m_v1,BTCUSDT,3881508.226576412,7613.629563614668,3870087.78223099,3900542.300485449,48,MATURED,2022-06-17 01:00:00+00:00,3900542.300485449,profit_target,False,True,0.0049037829621774165,0.0020037829621774167,1,8.0,,,1,1,8
0.0008600000000000829,0.0024219501228799345,0.0025333548989454613,0.003341577570403098,2.0008117204105065,0.1897734938979811,0.0019638050849695786,0.0003168993135191131,4.584306886957269,0.6399999999999724,0.18000000000001384,0.18000000000001384,39.52837988323799,33.41577570403098,-0.08715574274765743,0.9961946980917455,0.0,24.219501228799345,1.291809810298874,557da82a60f70d16c89019c1,2022-06-17 23:40:00+00:00,selective_long_5m_v1,BTCUSDT,4009126.5012296806,7873.143009401143,3997316.7867155788,4028809.3587531834,48,MATURED,2022-06-18 00:20:00+00:00,3997316.7867155788,stop_loss,False,False,-0.002945707627454386,-0.005845707627454386,0,8.0,,,0,0,8
0.0008600000000000829,0.0024219501228801565,0.002517908063361718,0.0032818302043156056,2.0960580298378955,0.18927925148641522,0.0019623425472938276,0.0003195863221622128,4.584954490360608,0.6400000000000501,0.17999999999997493,0.17999999999997493,41.38661673581456,32.81830204315605,-0.25881904510252157,0.9659258262890681,1.0,24.219501228801565,1.2917782414372923,d54eefcace825fa1139ad798,2022-06-18 23:00:00+00:00,selective_long_5m_v1,BTCUSDT,4150513.6146014,8144.729459054624,4138296.520412818,4170875.4382490367,48,MATURED,2022-06-18 23:40:00+00:00,4138296.520412818,stop_loss,False,False,-0.002943513820940824,-0.005843513820940824,0,8.0,,,0,0,8
0.0012000000000000899,0.00330362131999995,0.0033891836425621324,0.004107591429560964,2.095241094480356,0.24704390611371857,0.0019653189581187573,0.00044694207096911777,5.049288445078944,0.8800000000000254,0.05999999999998727,0.05999999999998727,41.45960560764772,41.075914295609635,-0.4226182617407,0.9063077870366497,1.0,33.036213199999494,2.09849163896004,192ad5219c8a029e4a90fc1e,2022-06-19 22:20:00+00:00,selective_long_5m_v1,BTCUSDT,4298036.138136162,8447.01190495853,4285365.6202787245,4319153.667898559,48,MATURED,2022-06-20 02:20:00+00:00,4302174.195381569,time_exit,False,False,0.0009627786068826527,-0.001937221393117347,0,48.0,,,1,1,180
0.0012000000000000899,0.00330362131999995,0.003381045459850185,0.004031066950229256,2.491523710294442,0.24621914795296002,0.0019603331466325337,0.00045069634977197115,5.049407611429431,0.8799999999999201,0.060000000000039966,0.060000000000039966,49.2131788793726,40.31066950229256,-0.5735764363510465,0.8191520442889916,0.0,33.036213199999494,2.0985020665419185,c52631bf04f54f2cca52a79d,2022-06-20 21:40:00+00:00,selective_long_5m_v1,BTCUSDT,4448408.785322116,8720.363191638311,4435328.240534659,4470209.693301211,48,MATURED,2022-06-21 01:40:00+00:00,4452308.473075963,time_exit,False,False,0.0008766477952102392,-0.0020233522047897606,0,48.0,,,1,1,180
0.0008600000000000829,0.0024219501228801565,0.002533458494427876,0.003310278937680655,2.4876595498571286,0.18985075221219305,0.0019654898681955046,0.0003181416511317488,4.5849892816778315,0.6399999999999216,0.18000000000003918,0.18000000000003918,49.23648590851704,33.102789376806555,-0.7071067811865477,0.7071067811865474,0.0,24.219501228801565,1.2917142767209207,28f20926164ef20b3c959729,2022-06-21 21:00:00+00:00,selective_long_5m_v1,BTCUSDT,4602878.761932633,9046.911571110857,4589308.3945759665,4625496.04086041,48,MATURED,2022-06-22 01:00:00+00:00,4600441.651019169,time_exit,False,False,-0.0005294753652039796,-0.0034294753652039794,0,48.0,,,0,0,180
0.0012000000000000899,0.00330362131999995,0.0034058429823373704,0.004136324618349896,2.768516156269555,0.24782650302114068,0.0019707686398294493,0.00044576397833070373,5.049404280774921,0.8800000000000687,0.059999999999965616,0.059999999999965616,55.00895047117815,41.36324618349896,-0.8191520442889918,0.573576436351046,0.0,33.036213199999494,2.098434910937495,1643e900c9f980df6d83dbbf,2022-06-22 20:20:00+00:00,selective_long_5m_v1,BTCUSDT,4772412.939843089,9405.321758159029,4758304.957205851,4795926.2442384865,48,MATURED,2022-06-22 23:20:00+00:00,4795926.2442384865,profit_target,False,True,0.0049269215995735305,0.0020269215995735307,1,36.0,,,1,1,36
0.0012000000000000899,0.003303621320000172,0.0034091856113815933,0.004042631927557716,2.167953883894248,0.24665014257289908,0.0019632510038178883,0.00044984081159329926,5.0495201504487115,0.8799999999999668,0.060000000000016596,0.060000000000016596,42.85894038630778,40.42631927557716,-0.9063077870366499,0.4226182617406996,0.0,33.03621320000172,2.0985211778747046,c4f0f09a365c14240ed5dfb8,2022-06-23 19:40:00+00:00,selective_long_5m_v1,BTCUSDT,4944240.312114677,9706.78475587601,4929680.134980863,4968507.274004367,48,MATURED,2022-06-23 23:40:00+00:00,4941161.857429975,time_exit,False,False,-0.000622634518221088,-0.0035226345182210878,0,48.0,,,1,0,180
0.0012000000000000899,0.00330362131999995,0.003407590120846349,0.004152701191083796,2.7491361847250047,0.2477965124767775,0.0019708622713538264,0.0004451213379925017,5.049525160560596,0.8799999999998933,0.06000000000005337,0.06000000000005337,54.624375766172406,41.52701191083796,-0.9659258262890684,0.2588190451025203,0.0,33.036213199999494,2.0984338109747687,4b9dcf5d2a4d1fd8516a2e99,2022-06-24 19:00:00+00:00,selective_long_5m_v1,BTCUSDT,5125011.824659024,10100.692445462702,5109860.7859908305,5150263.555772681,48,MATURED,2022-06-24 19:10:00+00:00,5150263.555772681,profit_target,False,True,0.004927155678384532,0.002027155678384532,1,2.0,,,1,1,2
0.0008600000000000829,0.0024219501228799345,0.002504477338127753,0.0032553919693210087,2.113014981793204,0.1887535956209812,0.0019599436679515274,0.0003203598648150792,4.584890942480175,0.6399999999999738,0.18000000000001307,0.18000000000001307,41.67126908071417,32.55391969321009,-0.9961946980917455,0.08715574274765789,1.0,24.219501228799345,1.291756812733722,80c3d93d7194056ba1918242,2022-06-25 18:20:00+00:00,selective_long_5m_v1,BTCUSDT,5305547.135241449,10398.573512734843,5289949.274972347,5331543.569023286,48,MATURED,2022-06-25 22:20:00+00:00,5302863.904238872,time_exit,False,False,-0.0005057406774795492,-0.003405740677479549,0,48.0,,,0,0,180
0.000860000000000305,0.0024219501228803786,0.002528329906874127,0.003200318503867372,2.7416933196494484,0.18857523079052896,0.0019598541036091985,0.00032242204088419365,4.585136472186128,0.6399999999999697,0.18000000000001512,0.18000000000001512,54.134106691769986,32.00318503867372,-0.9961946980917455,-0.08715574274765825,1.0,24.219501228803786,1.291723566932672,3fac4b1957b37528dc1f3dab,2022-06-26 17:40:00+00:00,selective_long_5m_v1,BTCUSDT,5500433.057920905,10780.046300193977,5484262.988470614,5527383.17367139,48,MATURED,2022-06-26 21:40:00+00:00,5497731.050477393,time_exit,False,False,-0.0004912354018418164,-0.003391235401841816,0,48.0,,,0,0,180
0.0008600000000000829,0.0024219501228799345,0.0025072340535134963,0.0033211559021126824,2.8010121912356944,0.18989366692555462,0.0019664820789031976,0.0003178940397648375,4.584869097381908,0.639999999999932,0.18000000000003405,0.18000000000003405,55.50110008869957,33.211559021126824,-0.9659258262890683,-0.25881904510252063,0.0,24.219501228799345,1.2917438699683548,5bfc9de82acc6909fd2ac9b8,2022-06-27 17:00:00+00:00,selective_long_5m_v1,BTCUSDT,5706256.462347211,11221.25107083135,5689424.585740964,5734309.59002429,48,MATURED,2022-06-27 17:40:00+00:00,5689424.585740964,stop_loss,False,False,-0.002949723118354841,-0.005849723118354841,0,8.0,,,0,0,8
0.0008600000000000829,0.0024219501228797125,0.002480177582942611,0.0032383718518758098,2.143128380683886,0.18880488335143278,0.0019613131827866262,0.0003205787196202192,4.585224420178834,0.6400000000000281,0.17999999999998592,0.17999999999998592,42.29739631696816,32.3837185187581,-0.9063077870366497,-0.42261826174069994,0.0,24.219501228797125,1.2917711299377188,9c853aaeed5b071ac6c0d8e6,2022-06-28 16:20:00+00:00,selective_long_5m_v1,BTCUSDT,5916376.036694682,11603.866315092173,5898970.237222044,5945385.702482413,48,MATURED,2022-06-28 20:20:00+00:00,5913176.110849908,time_exit,False,False,-0.0005408591044463451,-0.003440859104446345,0,48.0,,,0,0,180
0.0012000000000000899,0.00330362131999995,0.003450946823800205,0.004246961877993893,2.847404931973779,0.24973935522054463,0.001982506207136479,0.0004405796440832053,5.049227177968049,0.8799999999999956,0.060000000000002225,0.060000000000002225,56.926344978378566,42.46961877993893,-0.8191520442889916,-0.5735764363510464,0.0,33.036213199999494,2.0985269228242522,cf508419c33afac0fb937d3d,2022-06-29 15:40:00+00:00,selective_long_5m_v1,BTCUSDT,6143189.411283241,12178.911139484117,6124921.044574015,6173636.689131951,48,MATURED,2022-06-29 19:40:00+00:00,6148586.714500703,time_exit,False,False,0.0008785832335804766,-0.002021416766419523,0,48.0,,,1,1,180
0.0012000000000000899,0.00330362131999995,0.003433483043636887,0.0043198980787964025,2.694337118365633,0.2503816269921662,0.001986617318580643,0.0004379369095486588,5.049364199297898,0.8800000000000472,0.0599999999999764,0.0599999999999764,53.96263843133076,43.198980787964025,-0.7071067811865471,-0.7071067811865479,0.0,33.036213199999494,2.0984938015937558,d36799c99b45ae2adaa2f12e,2022-06-30 15:00:00+00:00,selective_long_5m_v1,BTCUSDT,6373209.56765896,12661.128502055144,6354217.874905877,6404862.388914098,48,MATURED,2022-06-30 19:00:00+00:00,6379605.432809734,time_exit,False,False,0.0010035548153366491,-0.0018964451846633507,0,48.0,,,1,1,180
0.0011999999999998678,0.00330362131999995,0.003403184360698086,0.0042004131657638055,2.7334295712477465,0.2487815729402651,0.001978381601697127,0.0004435384372628829,5.0491038379905975,0.880000000000029,0.05999999999998553,0.05999999999998553,54.52008643896722,42.004131657638055,-0.5735764363510458,-0.819152044288992,0.0,33.036213199999494,2.098569703705188,6ee86a50863e42cb208a14e7,2022-07-01 14:20:00+00:00,selective_long_5m_v1,BTCUSDT,6615855.470794556,13088.686742907234,6596222.440680195,6648577.187651824,48,MATURED,2022-07-01 14:30:00+00:00,6596222.440680195,stop_loss,False,False,-0.0029675724025457484,-0.005867572402545748,0,2.0,,,1,0,2
0.0012000000000000899,0.003303621320000172,0.003417712875103618,0.004186908712633164,2.2432081885423893,0.24822381389408577,0.0019737820999594425,0.0004431413392520209,5.049006407092324,0.8799999999999641,0.06000000000001793,0.06000000000001793,44.59364982198899,41.869087126331635,-0.4226182617406993,-0.90630778703665,1.0,33.03621320000172,2.098578813508165,e10885988587a5102eb143f8,2022-07-02 13:40:00+00:00,selective_long_5m_v1,BTCUSDT,6866711.499989775,13553.392244265471,6846381.411623376,6900594.980600439,48,MATURED,2022-07-02 17:40:00+00:00,6873304.804773558,time_exit,False,False,0.0009601837478963038,-0.001939816252103696,0,48.0,,,1,1,180
0.0008599999999998609,0.0024219501228801565,0.002565625025373164,0.0033712540637376165,2.6079831919419876,0.1908318160526452,0.0019702771981003615,0.0003159932935214734,4.584641013023926,0.6399999999999805,0.18000000000000974,0.18000000000000974,51.75748347028719,33.712540637376165,-0.2588190451025208,-0.9659258262890683,1.0,24.219501228801565,1.2918227671745635,389ffcb28894e9e54beb83fb,2022-07-03 13:00:00+00:00,selective_long_5m_v1,BTCUSDT,7121122.194333266,14030.584684381243,7100076.317306694,7156198.656044219,48,MATURED,2022-07-03 13:40:00+00:00,7100076.317306694,stop_loss,False,False,-0.002955415797150529,-0.005855415797150529,0,8.0,,,0,0,8
0.000860000000000305,0.0024219501228801565,0.0025643309885310384,0.0033828954082164575,2.238502702447015,0.19152498752619168,0.0019755191485755137,0.0003156315851162836,4.584126012262773,0.6400000000000563,0.17999999999997188,0.17999999999997188,44.511516465759456,33.82895408216457,-0.08715574274765794,-0.9961946980917455,0.0,24.219501228801565,1.291806033945345,6298239084df326536096525,2022-07-04 12:20:00+00:00,selective_long_5m_v1,BTCUSDT,7398904.666202024,14616.677846566816,7376979.649432173,7435446.360818441,48,MATURED,2022-07-04 15:20:00+00:00,7376979.649432173,stop_loss,False,False,-0.002963278722863283,-0.005863278722863283,0,36.0,,,0,0,36
0.0008600000000000829,0.0024219501228801565,0.0025187785962448306,0.0033942463755989305,2.1943310516334025,0.19077852640631118,0.001971117683049308,0.0003153131835974188,4.584636933729576,0.6399999999999963,0.1800000000000018,0.1800000000000018,43.53116575637639,33.94246375598931,0.0871557427476582,-0.9961946980917455,0.0,24.219501228801565,1.291818601886906,364157b280e8e6c665c7764b,2022-07-05 11:40:00+00:00,selective_long_5m_v1,BTCUSDT,7681239.602453967,15140.627208135653,7658528.6616417635,7719091.170474306,48,MATURED,2022-07-05 15:40:00+00:00,7677658.072315215,time_exit,False,False,-0.000466269811139286,-0.003366269811139286,0,48.0,,,0,0,180
0.0012000000000000899,0.00330362131999995,0.00346158666433638,0.004241983858551013,2.9017548628887084,0.24977159451785055,0.001982473253851167,0.0004410995112691547,5.0488099145450205,0.8800000000000445,0.05999999999997773,0.05999999999997773,58.018280574172465,42.41983858551013,0.258819045102521,-0.9659258262890682,0.0,33.036213199999494,2.0985707956324773,593109699da0d494d562f3be,2022-07-06 11:00:00+00:00,selective_long_5m_v1,BTCUSDT,7983919.0961510865,15827.906069031113,7960177.23704754,8023488.861323664,48,MATURED,2022-07-06 11:40:00+00:00,8023488.861323664,profit_target,False,True,0.004956183134627867,0.0020561831346278675,1,8.0,,,1,1,8
0.0011999999999998678,0.003303621320000172,0.0034588670462551985,0.004267168278801581,2.312407900356146,0.24990925163025124,0.0019835911327614935,0.0004406254707559908,5.0489308518901055,0.8800000000000132,0.059999999999993406,0.059999999999993406,46.20664200406077,42.67168278801581,0.4226182617406995,-0.9063077870366499,0.0,33.03621320000172,2.0985016001757026,98f14ea190da69d6285e8312,2022-07-07 10:20:00+00:00,selective_long_5m_v1,BTCUSDT,8294618.307882366,16453.131325156603,8269938.610894631,8335751.136195257,48,MATURED,2022-07-07 11:00:00+00:00,8269938.610894631,stop_loss,False,False,-0.002975386699142213,-0.005875386699142213,0,8.0,,,1,0,8
0.0012000000000000899,0.003303621320000172,0.003406236421172437,0.00422610181011307,2.3127328514384526,0.24909764355686428,0.001979851328298188,0.0004419433277498671,5.049109439179102,0.8799999999999047,0.06000000000004764,0.06000000000004764,46.12498488165029,42.2610181011307,0.5735764363510464,-0.8191520442889916,0.0,33.03621320000172,2.0985951147008985,aec8449d49b67a55e77af495,2022-07-08 09:40:00+00:00,selective_long_5m_v1,BTCUSDT,8612202.132831832,17050.87983225959,8586625.813083444,8654829.332412481,48,MATURED,2022-07-08 09:50:00+00:00,8654829.332412481,profit_target,False,True,0.004949628320745525,0.002049628320745525,1,2.0,,,1,1,2
0.0012000000000000899,0.00330362131999995,0.003423762612509984,0.00419956010129785,2.249083225884501,0.24841291711537594,0.0019743659683672207,0.0004427301451817763,5.049011307541625,0.8799999999999756,0.06000000000001223,0.06000000000001223,44.72437787197414,41.9956010129785,0.7071067811865476,-0.7071067811865475,1.0,33.036213199999494,2.0985640345660093,b7f2998e77d456671de93835,2022-07-09 09:00:00+00:00,selective_long_5m_v1,BTCUSDT,8944513.210446507,17659.742486316616,8918023.596717032,8988662.566662299,48,MATURED,2022-07-09 13:00:00+00:00,8953705.8819652,time_exit,False,False,0.0010277441938322252,-0.0018722558061677746,0,48.0,,,1,1,180
0.0008600000000000829,0.0024219501228797125,0.002552210806009425,0.0034162419978727154,2.669722700334535,0.19146451044002036,0.0019744185814393653,0.00031455460806014145,4.584959889117799,0.639999999999982,0.18000000000000896,0.18000000000000896,53.1018164696051,34.16241997872716,0.8191520442889917,-0.5735764363510462,1.0,24.219501228797125,1.2917955673120054,35c1576dd0edcfb9b612c309,2022-07-10 08:20:00+00:00,selective_long_5m_v1,BTCUSDT,9281910.806130372,18326.377166886643,9254421.240380041,9327726.749047589,48,MATURED,2022-07-10 08:30:00+00:00,9254421.240380041,stop_loss,False,False,-0.002961627872159145,-0.005861627872159145,0,2.0,,,0,0,2
0.0012000000000000899,0.00330362131999995,0.003429433994193598,0.004320833340605734,2.2682165694677576,0.2498907146935255,0.0019841180014296494,0.00043760015198818626,5.0493992451392185,0.8800000000000398,0.059999999999980146,0.059999999999980146,45.33172280705378,43.20833340605734,0.90630778703665,-0.42261826174069933,0.0,33.036213199999494,2.0984420963049577,c8574d29de5d5d2fd5affca8,2022-07-11 07:40:00+00:00,selective_long_5m_v1,BTCUSDT,9644559.769830443,19135.94465518478,9615855.852847666,9692399.631468404,48,MATURED,2022-07-11 08:20:00+00:00,9615855.852847666,stop_loss,False,False,-0.0029761770021444756,-0.005876177002144475,0,8.0,,,1,0,8
0.0008600000000000829,0.0024219501228801565,0.002551935673867023,0.0033270941783045682,2.227334571951723,0.19089246184660152,0.0019718513379535715,0.00031815711763551354,4.58535474778992,0.6399999999999335,0.18000000000003327,0.18000000000003327,44.205392244409666,33.270941783045686,0.9659258262890683,-0.25881904510252063,0.0,24.219501228801565,1.2917656745995947,410d702425d390fe9916c180,2022-07-12 07:00:00+00:00,selective_long_5m_v1,BTCUSDT,10009293.626045158,19736.8390284873,9979688.367502427,10058635.723616377,48,MATURED,2022-07-12 10:00:00+00:00,9979688.367502427,stop_loss,False,False,-0.002957777006930451,-0.005857777006930451,0,36.0,,,0,0,36
0.0008600000000000829,0.0024219501228801565,0.002560513776542095,0.003370577924290963,2.1781737479215457,0.19183062348748164,0.001975376110077453,0.00031670175713457256,4.584663579391702,0.6399999999999199,0.18000000000004007,0.18000000000004007,43.303698920000855,33.70577924290963,0.9961946980917455,-0.08715574274765801,0.0,24.219501228801565,1.2917097212537065,53ca697a5cc9694ec475a85d,2022-07-13 06:20:00+00:00,selective_long_5m_v1,BTCUSDT,10386602.160089312,20517.445771919294,10355825.991431434,10437895.77451911,48,MATURED,2022-07-13 06:30:00+00:00,10355825.991431434,stop_loss,False,False,-0.0029630641651161582,-0.005863064165116158,0,2.0,,,0,0,2
0.0008600000000000829,0.0024219501228801565,0.0025456266995529386,0.003346913558027298,2.187697151385039,0.19037516690825498,0.0019683978826987416,0.0003167251440256357,4.585169551838738,0.6399999999999485,0.18000000000002572,0.18000000000002572,43.338533673580315,33.469135580272976,0.9961946980917455,0.08715574274765814,0.0,24.219501228801565,1.2917198114684776,7e08e015ba13400d1fc62405,2022-07-14 05:40:00+00:00,selective_long_5m_v1,BTCUSDT,10786735.980189988,21232.588264636306,10754887.097793033,10839817.450851578,48,MATURED,2022-07-14 09:40:00+00:00,10780964.465510203,time_exit,False,False,-0.0005350566371871146,-0.0034350566371871144,0,48.0,,,0,0,180
0.0008600000000000829,0.0024219501228801565,0.002503102675116997,0.0032685884948482347,2.800881823620016,0.18939009295409098,0.0019639205683702936,0.0003199166131686992,4.5844983134223325,0.6400000000000495,0.1799999999999752,0.1799999999999752,55.425357168723544,32.68588494848235,0.9659258262890683,0.25881904510252074,0.0,24.219501228801565,1.2917146057939872,46794ef30be4d5ac0f1600ef,2022-07-15 05:00:00+00:00,selective_long_5m_v1,BTCUSDT,11195951.078326695,21987.958605193362,11162969.140418904,11250920.974839678,48,MATURED,2022-07-15 05:10:00+00:00,11162969.140418904,stop_loss,False,False,-0.002945880852555538,-0.005845880852555538,0,2.0,,,0,0,2
0.0012000000000000899,0.003303621320000172,0.0034509087131775473,0.004263169833758962,2.262001842007689,0.2493344179829119,0.0019799844126541927,0.0004398982735220583,5.049378772931019,0.8799999999999718,0.0600000000000141,0.0600000000000141,45.11181643565676,42.63169833758962,0.9063077870366498,0.4226182617406996,1.0,33.03621320000172,2.0984765062171533,dad97ecc8406545efa10a1d1,2022-07-16 04:20:00+00:00,selective_long_5m_v1,BTCUSDT,11638741.346959924,23044.526449894514,11604174.557285083,11696352.66308466,48,MATURED,2022-07-16 08:20:00+00:00,11650309.164584838,time_exit,False,False,0.0009939062378025998,-0.0019060937621974,0,48.0,,,1,1,180
0.0008600000000000829,0.0024219501228799345,0.0025017056394915915,0.0033438444557223335,2.6559026309562728,0.19024100275184266,0.001968900022113729,0.00031684957583014774,4.5849662258349735,0.6400000000000368,0.17999999999998162,0.17999999999998162,52.67603984509872,33.438444557223335,0.8191520442889917,0.5735764363510462,1.0,24.219501228799345,1.2917227007283552,ddd6b65ca0583f83e5c03de2,2022-07-17 03:40:00+00:00,selective_long_5m_v1,BTCUSDT,12074404.283642467,23773.294861073755,12038744.341350857,12133837.520795152,48,MATURED,2022-07-17 03:50:00+00:00,12038744.341350857,stop_loss,False,False,-0.002953350033170543,-0.005853350033170543,0,2.0,,,0,0,2
0.0012000000000000899,0.00330362131999995,0.003429700044060846,0.004256441525556376,2.291515923308601,0.24956395096561967,0.0019821680032513955,0.0004404742165076198,5.049256852448999,0.8800000000000915,0.059999999999954236,0.059999999999954236,45.754002014826156,42.56441525556376,0.7071067811865475,0.7071067811865476,0.0,33.036213199999494,2.09842490032069,4616927c56d9c882c9418734,2022-07-18 03:00:00+00:00,selective_long_5m_v1,BTCUSDT,12551640.951985925,24879.461083326387,12514321.760360936,12613839.604694242,48,MATURED,2022-07-18 06:00:00+00:00,12613839.604694242,profit_target,False,True,0.0049554200081285416,0.0020554200081285418,1,36.0,,,1,1,36
0.0008600000000000829,0.0024219501228801565,0.002503636262344955,0.0033610735519162827,2.1849141481178904,0.19078403117448778,0.001970974679999111,0.00031664034533066167,4.584839573888276,0.6399999999999659,0.18000000000001704,0.18000000000001704,43.34038128822382,33.61073551916283,0.5735764363510462,0.8191520442889918,0.0,24.219501228801565,1.2917767738006811,c37d127973a00324a5af1570,2022-07-19 02:20:00+00:00,selective_long_5m_v1,BTCUSDT,13020458.647792865,25662.994316775203,12981964.156317702,13084616.133584803,48,MATURED,2022-07-19 03:00:00+00:00,12981964.156317702,stop_loss,False,False,-0.0029564620199986624,-0.005856462019998662,0,8.0,,,0,0,8
0.0011999999999998678,0.0033036213199997277,0.003407679069496794,0.004267037244805927,2.3048217106739326,0.24959878296159488,0.0019829826486505316,0.00044015320740379025,5.049566500177634,0.8799999999999757,0.06000000000001213,0.06000000000001213,46.03996782752695,42.67037244805927,0.4226182617406994,0.9063077870366499,0.0,33.03621319999728,2.098430143208676,ff1eda3d41132b584c6ccf9e,2022-07-20 01:40:00+00:00,selective_long_5m_v1,BTCUSDT,13530459.488798901,26830.666394557164,13490213.489207067,13597536.154785294,48,MATURED,2022-07-20 04:40:00+00:00,13597536.154785294,profit_target,False,True,0.004957456621626388,0.0020574566216263884,1,36.0,,,1,1,36
0.001200000000000312,0.003303621320000172,0.0034033414607148593,0.004133400964579925,2.253297708050234,0.24791601646530803,0.0019722460022685486,0.0004456590719354334,5.049399418441823,0.8800000000000779,0.05999999999996104,0.05999999999996104,44.75985901849056,41.334009645799256,0.25881904510252074,0.9659258262890683,0.0,33.03621320000172,2.098489190766528,7987c054bc0fff8cee7b684a,2022-07-21 01:00:00+00:00,selective_long_5m_v1,BTCUSDT,14042910.995756302,27696.07507159341,14001366.883148912,14112151.183435285,48,MATURED,2022-07-21 04:00:00+00:00,14112151.183435285,profit_target,False,True,0.004930615005671379,0.0020306150056713795,1,36.0,,,1,1,36
0.000860000000000305,0.0024219501228803786,0.0025057801783001654,0.0032549638030527905,2.118238621810338,0.18841153168555566,0.001958516038109357,0.0003196789006066181,4.584801507408401,0.6399999999999771,0.18000000000001143,0.18000000000001143,41.74394317763452,32.5496380305279,0.08715574274765817,0.9961946980917455,0.0,24.219501228803786,1.2917802694182623,582ab3b4aec2afb70bbd0686,2022-07-22 00:20:00+00:00,selective_long_5m_v1,BTCUSDT,14561983.178518215,28519.877601806595,14519203.362115506,14633282.872522732,48,MATURED,2022-07-22 03:20:00+00:00,14519203.362115506,stop_loss,False,False,-0.002937774057164,-0.005837774057164,0,36.0,,,0,0,36
0.0008600000000000829,0.0024219501228801565,0.002511693330449871,0.003296093620351659,2.1076219840396084,0.18976349875492837,0.0019649690760832647,0.0003189537586235716,4.58501938830052,0.6400000000000147,0.17999999999999264,0.17999999999999264,41.67216463692114,32.96093620351659,-0.08715574274765743,0.9961946980917455,0.0,24.219501228801565,1.2918055906132142,28d74f6c88afd4fd3f226c78,2022-07-22 23:40:00+00:00,selective_long_5m_v1,BTCUSDT,15101284.344730861,29673.556746536473,15056774.009611057,15175468.236597203,48,MATURED,2022-07-23 00:20:00+00:00,15056774.009611057,stop_loss,False,False,-0.002947453614124851,-0.005847453614124851,0,8.0,,,0,0,8
0.0008600000000000829,0.0024219501228801565,0.0024893862884158846,0.0033488428540640047,2.1682590686074072,0.1899666510944053,0.0019672457466828916,0.0003165528810521525,4.584911539781882,0.6400000000000425,0.17999999999997873,0.17999999999997873,42.92631766934507,33.488428540640044,-0.25881904510252157,0.9659258262890681,1.0,24.219501228801565,1.2918301976350033,c9440f0db6dcc96f5ed318b2,2022-07-23 23:00:00+00:00,selective_long_5m_v1,BTCUSDT,15664587.26583967,30816.092672266073,15618363.12683127,15741627.497520335,48,MATURED,2022-07-24 02:00:00+00:00,15741627.497520335,profit_target,False,True,0.004918114366707194,0.002018114366707194,1,36.0,,,0,1,36
0.0008599999999998609,0.0024219501228799345,0.0025135067886097318,0.003303765874204334,2.1295026279282343,0.18960733658399806,0.001965326491587199,0.0003187425283176605,4.584838738575203,0.6399999999999931,0.1800000000000034,0.1800000000000034,42.11424855731005,33.03765874204334,-0.4226182617407,0.9063077870366497,1.0,24.219501228799345,1.2917873402298023,9e13e3680c342928234b976e,2022-07-24 22:20:00+00:00,selective_long_5m_v1,BTCUSDT,16236103.303704575,31909.243942917048,16188239.437790198,16315876.413561868,48,MATURED,2022-07-24 22:30:00+00:00,16315876.413561868,profit_target,False,True,0.004913316228968068,0.002013316228968068,1,2.0,,,0,1,2
0.0012000000000000899,0.00330362131999995,0.003395168206007604,0.004163223219666001,2.1584121833332093,0.24788175205274865,0.001971025781198017,0.00044452566442406923,5.049049873082106,0.8800000000000845,0.059999999999957775,0.059999999999957775,42.84023537824977,41.63223219666001,-0.5735764363510465,0.8191520442889916,0.0,33.036213199999494,2.098643060417719,d2b12424bc426884aa620f8f,2022-07-25 21:40:00+00:00,selective_long_5m_v1,BTCUSDT,16840714.977859467,33193.4833951686,16790924.752766714,16923698.686347388,48,MATURED,2022-07-25 21:50:00+00:00,16923698.686347388,profit_target,False,True,0.004927564452994915,0.002027564452994915,1,2.0,,,1,1,2
0.0008600000000000829,0.0024219501228799345,0.0025449247815754195,0.003287306499513809,2.1387733257637755,0.1898690825060384,0.0019657091588892,0.00032062031578950726,4.584536370638707,0.640000000000089,0.17999999999995547,0.17999999999995547,42.30677482265133,32.873064995138094,-0.7071067811865477,0.7071067811865474,0.0,24.219501228799345,1.2918075645981888,f3c1c6713618579b4d53e057,2022-07-26 21:00:00+00:00,selective_long_5m_v1,BTCUSDT,17444587.87535014,34290.98615962326,17393151.396110706,17530315.340749197,48,MATURED,2022-07-26 21:40:00+00:00,17393151.396110706,stop_loss,False,False,-0.0029485637383337426,-0.0058485637383337424,0,8.0,,,0,0,8
0.0008600000000000829,0.0024219501228801565,0.0024812314442324013,0.0032135367018875094,2.055673558121452,0.18783719741295973,0.001955346552772447,0.0003219046655957914,4.584327899960868,0.6400000000000614,0.1799999999999693,0.1799999999999693,40.43978345290134,32.135367018875094,-0.8191520442889918,0.573576436351046,0.0,24.219501228801565,1.2918128278508798,0c4410acc5e1298257ee603e,2022-07-27 20:20:00+00:00,selective_long_5m_v1,BTCUSDT,18072770.311714016,35338.529128058224,18019762.51802193,18161116.63453416,48,MATURED,2022-07-27 21:00:00+00:00,18161116.63453416,profit_target,False,True,0.00488836638193102,0.00198836638193102,1,8.0,,,0,1,8
0.0012000000000000899,0.00330362131999995,0.0034288719106296828,0.00411574038166429,2.192528484504962,0.24778263523782215,0.0019700890247104767,0.0004462608045252321,5.048968995790129,0.8800000000000525,0.05999999999997373,0.05999999999997373,43.499447192711926,41.1574038166429,-0.9063077870366499,0.4226182617406996,0.0,33.036213199999494,2.0985554221129,aa0b9112da175061cb45b4f9,2022-07-28 19:40:00+00:00,selective_long_5m_v1,BTCUSDT,18740658.77963083,36920.76617759473,18685277.630364437,18832960.695074815,48,MATURED,2022-07-28 20:20:00+00:00,18832960.695074815,profit_target,False,True,0.004925222561776188,0.002025222561776188,1,8.0,,,1,1,8
0.0008600000000000829,0.0024219501228799345,0.0025256873130914403,0.003254144450355989,2.027009825144826,0.18861906680620927,0.0019579650994230396,0.0003203967053247041,4.584741840563214,0.6399999999999599,0.18000000000002003,0.18000000000002003,39.92771188904509,32.54144450355989,-0.9659258262890684,0.2588190451025203,0.0,24.219501228799345,1.291848420497475,fa93461898c541ee1a8024b7,2022-07-29 19:00:00+00:00,selective_long_5m_v1,BTCUSDT,19392513.48628287,37969.86459623247,19335558.68938852,19487438.147773452,48,MATURED,2022-07-29 22:00:00+00:00,19335558.68938852,stop_loss,False,False,-0.002936947649134547,-0.005836947649134547,0,36.0,,,0,0,36
0.0008600000000000829,0.0024219501228801565,0.0025071264066165444,0.003238531760004104,2.034535843707681,0.1883201081546618,0.0019568002400835783,0.00032149671830296507,4.58487466693684,0.6400000000000442,0.1799999999999779,0.1799999999999779,40.052435577264674,32.38531760004104,-0.9961946980917455,0.08715574274765789,1.0,24.219501228801565,1.2917860726311121,dce39bdbe270ea322d54121e,2022-07-30 18:20:00+00:00,selective_long_5m_v1,BTCUSDT,20082584.37762435,39297.605931634054,20023637.9687269,20180828.392453436,48,MATURED,2022-07-30 18:30:00+00:00,20023637.9687269,stop_loss,False,False,-0.0029352003601254006,-0.0058352003601254004,0,2.0,,,0,0,2
0.0012000000000000899,0.00330362131999995,0.003365954754898093,0.004100120712383193,2.1531066812529884,0.24698619955772125,0.0019657710470065847,0.00044712067094493895,5.0491647324989914,0.8799999999999527,0.06000000000002365,0.06000000000002365,42.619343347583,41.00120712383193,-0.9961946980917455,-0.08715574274765825,1.0,33.036213199999494,2.0984870142555,3b584ea642ed78887d224ef4,2022-07-31 17:40:00+00:00,selective_long_5m_v1,BTCUSDT,20812774.848730784,40913.15020550183,20751405.12342253,20915057.72424454,48,MATURED,2022-07-31 21:40:00+00:00,20832917.971033454,time_exit,False,False,0.0009678249271936057,-0.0019321750728063941,0,48.0,,,1,1,180
0.0008600000000000829,0.0024219501228801565,0.002544504649177881,0.003201695438801222,2.4014356309881095,0.18835265680120672,0.0019569156908441857,0.00032247237079448184,4.584980151089406,0.6399999999999587,0.18000000000002064,0.18000000000002064,47.3123242823803,32.01695438801222,-0.9659258262890683,-0.25881904510252063,0.0,24.219501228801565,1.2917989976003215,6954eeb765739490880d413e,2022-08-01 17:00:00+00:00,selective_long_5m_v1,BTCUSDT,21506048.75561169,42085.52425791659,21442920.469224818,21611262.566256482,48,MATURED,2022-08-01 20:00:00+00:00,21442920.469224818,stop_loss,False,False,-0.0029353735362662725,-0.005835373536266272,0,36.0,,,0,0,36
0.0008600000000000829,0.0024219501228801565,0.0025085922925991433,0.0032767795345864936,2.007118538707548,0.18892473825582132,0.0019598956907746073,0.00031935830427522774,4.584892784064334,0.6399999999999502,0.18000000000002495,0.18000000000002495,39.57369433099878,32.76779534586494,-0.9063077870366497,-0.42261826174069994,0.0,24.219501228801565,1.2917379558771585,1a767a68dd0f3fb8a79492ff,2022-08-02 16:20:00+00:00,selective_long_5m_v1,BTCUSDT,22246292.906140745,43600.413602454966,22180892.285737064,22355293.940146882,48,MATURED,2022-08-02 17:00:00+00:00,22180892.285737064,stop_loss,False,False,-0.0029398435361618347,-0.0058398435361618345,0,8.0,,,0,0,8
0.0008600000000000829,0.0024219501228799345,0.0025446056940321427,0.0032638441384824635,1.9725942639770984,0.18902096188731432,0.001959820810944364,0.00032103282760417585,4.585104034745814,0.6399999999999517,0.18000000000002414,0.18000000000002414,38.88888921842471,32.63844138482463,-0.8191520442889916,-0.5735764363510464,0.0,24.219501228799345,1.291726648271854,5df898960795445ad6f9d3e6,2022-08-03 15:40:00+00:00,selective_long_5m_v1,BTCUSDT,22995619.63841996,45067.29392793634,22928018.697528057,23108287.8732398,48,MATURED,2022-08-03 16:20:00+00:00,22928018.697528057,stop_loss,False,False,-0.0029397312164164413,-0.005839731216416441,0,8.0,,,0,0,8
0.0008600000000000829,0.0024219501228801565,0.0025114131806514006,0.0031743862924979993,2.0222231557442827,0.18740527976895563,0.0019529881416585847,0.00032273076859671695,4.584893703624476,0.6400000000000187,0.17999999999999067,0.17999999999999067,39.730667745780934,31.743862924979993,-0.7071067811865471,-0.7071067811865479,0.0,24.219501228801565,1.2917369894756023,cae496b98331d88ed1322890,2022-08-04 15:00:00+00:00,selective_long_5m_v1,BTCUSDT,23783769.48886843,46449.4197757013,23714095.359204877,23899893.03830768,48,MATURED,2022-08-04 15:10:00+00:00,23714095.359204877,stop_loss,False,False,-0.0029294822124878994,-0.005829482212487899,0,2.0,,,0,0,2
0.0008600000000000829,0.0024219501228801565,0.0024557953780526276,0.003179410872287125,1.944652348867563,0.18663016011193348,0.0019481149748450327,0.00032385605543844265,4.584061976920357,0.6400000000000226,0.1799999999999887,0.1799999999999887,38.104616180543175,31.79410872287125,-0.5735764363510458,-0.819152044288992,0.0,24.219501228801565,1.291737254525927,501ab055be66a20965c04120,2022-08-05 14:20:00+00:00,selective_long_5m_v1,BTCUSDT,24573355.921742752,47871.72265334392,24501548.337762736,24693035.228376113,48,MATURED,2022-08-05 18:20:00+00:00,24559199.45862474,time_exit,False,False,-0.0005760899391640262,-0.003476089939164026,0,48.0,,,0,0,180
0.0012000000000000899,0.003303621320000172,0.0033650883756990435,0.004085459418613491,2.5862943039477537,0.24619730715614752,0.0019602068928108026,0.00044716620478337036,5.049426844231447,0.8799999999999312,0.060000000000034436,0.060000000000034436,51.09134668359605,40.854594186134904,-0.4226182617406993,-0.90630778703665,1.0,33.03621320000172,2.0984114470107214,00671b8e9852e5d10cbd3205,2022-08-06 13:40:00+00:00,selective_long_5m_v1,BTCUSDT,25416287.023710895,49821.181013535854,25341555.25219059,25540839.976244736,48,MATURED,2022-08-06 17:40:00+00:00,25440072.603617035,time_exit,False,False,0.0009358400730976602,-0.0019641599269023396,0,48.0,,,1,1,180
0.0012000000000000899,0.003303621320000394,0.003371644652566008,0.0039169525003162065,2.3761417026616276,0.24444689032581246,0.001949752923167015,0.00045447273812347985,5.049585986295426,0.8800000000000125,0.059999999999993746,0.059999999999993746,46.66742950414804,39.169525003162065,-0.2588190451025208,-0.9659258262890683,1.0,33.03621320000394,2.0983727505783762,5098dbe62be1ea320ca34882,2022-08-07 13:00:00+00:00,selective_long_5m_v1,BTCUSDT,26247221.517611127,51175.59687897447,26170458.122292664,26375160.509808563,48,MATURED,2022-08-07 16:00:00+00:00,26375160.509808563,profit_target,False,True,0.004874382307917591,0.001974382307917591,1,36.0,,,1,1,36
0.000860000000000305,0.0024219501228801565,0.00250745824842058,0.00324154269225696,1.9338564931137843,0.18808359995582477,0.001955836364288714,0.00032071563149798943,4.5845908359580605,0.6400000000000369,0.17999999999998156,0.17999999999998156,38.043934142903964,32.4154269225696,-0.08715574274765794,-0.9961946980917455,0.0,24.219501228801565,1.2917250938785863,52afa4e472d4facbea18bd9e,2022-08-08 12:20:00+00:00,selective_long_5m_v1,BTCUSDT,27077569.892175913,52959.29585168689,26998130.94839838,27209968.13180513,48,MATURED,2022-08-08 15:20:00+00:00,26998130.94839838,stop_loss,False,False,-0.002933754546433076,-0.005833754546433076,0,36.0,,,0,0,36
0.0008599999999998609,0.0024219501228801565,0.0025387855944378757,0.0032052434527092277,1.9376544819376158,0.1878716910872681,0.0019537271434076436,0.0003218744998269499,4.5850381938545866,0.6399999999999484,0.1800000000000258,0.1800000000000258,38.07749948347316,32.052434527092274,0.0871557427476582,-0.9961946980917455,0.0,24.219501228801565,1.291734120330424,cb296ccef6483b68b320901f,2022-08-09 11:40:00+00:00,selective_long_5m_v1,BTCUSDT,27949264.61027001,54605.23690736717,27867356.754908957,28085777.702538427,48,MATURED,2022-08-09 14:40:00+00:00,27867356.754908957,stop_loss,False,False,-0.0029305907151114807,-0.0058305907151114805,0,36.0,,,0,0,36
0.000860000000000305,0.0024219501228801565,0.0024714263520977386,0.003153171814932687,1.878223056542707,0.18638173833565513,0.0019469948664409395,0.0003244525907538704,4.58473582503755,0.6400000000000039,0.17999999999999808,0.17999999999999808,36.77679668428135,31.53171814932687,0.258819045102521,-0.9659258262890682,0.0,24.219501228801565,1.2917542845261705,45cfb844bb1d4c036e7d8458,2022-08-10 11:00:00+00:00,selective_long_5m_v1,BTCUSDT,28836778.039782014,56145.0588081524,28752560.451569784,28977140.686802395,48,MATURED,2022-08-10 14:00:00+00:00,28752560.451569784,stop_loss,False,False,-0.0029204922996614036,-0.005820492299661403,0,36.0,,,0,0,36
0.0012000000000000899,0.003303621320000394,0.00334240945555786,0.003929981931358517,1.9215335464477443,0.24378266174407984,0.00194462910056285,0.0004541697807767859,5.0494655270682705,0.8800000000000477,0.05999999999997611,0.05999999999997611,37.60526977318435,39.299819313585175,0.4226182617406995,-0.9063077870366499,0.0,33.03621320000394,2.098469335688002,66289614ef1965caa12fdf13,2022-08-11 10:20:00+00:00,selective_long_5m_v1,BTCUSDT,29764549.969577964,57881.0100359984,29677728.454523966,29909252.494667962,48,MATURED,2022-08-11 11:00:00+00:00,29909252.494667962,profit_target,False,True,0.004861572751407195,0.001961572751407195,1,8.0,,,1,1,8
0.0012000000000000899,0.003303621320000394,0.0033382492019100596,0.003959180874620882,1.9071642409777978,0.24408854419369286,0.0019466026238615644,0.00045283056466363246,5.049276933667647,0.8799999999999679,0.060000000000016054,0.060000000000016054,37.36124817848463,39.59180874620883,0.5735764363510464,-0.8191520442889916,0.0,33.03621320000394,2.0985469632392686,ad4c27e429d5893162bec917,2022-08-12 09:40:00+00:00,selective_long_5m_v1,BTCUSDT,30671112.098867517,59704.46728840768,30581555.397934906,30820373.267088536,48,MATURED,2022-08-12 10:20:00+00:00,30820373.267088536,profit_target,False,True,0.004866506559653816,0.001966506559653816,1,8.0,,,1,1,8
0.0008600000000000829,0.0024219501228801565,0.0024928015270098136,0.003096830699306885,1.7749215252429706,0.18548017579745688,0.0019410461348728575,0.0003260299021450785,4.585022173059633,0.6400000000000422,0.1799999999999789,0.1799999999999789,34.6399795109531,30.96830699306885,0.7071067811865476,-0.7071067811865475,1.0,24.219501228801565,1.2917928250236133,fc82d1e1bc58ef576c50df83,2022-08-13 09:00:00+00:00,selective_long_5m_v1,BTCUSDT,31565132.34812815,61269.37814108435,31473228.280916523,31718305.793480862,48,MATURED,2022-08-13 13:00:00+00:00,31546899.451669462,time_exit,False,False,-0.0005776277525973983,-0.003477627752597398,0,48.0,,,0,0,180
0.0012000000000000899,0.003303621320000172,0.003302787983773703,0.003930801833025299,2.3868117781494784,0.2435330192476752,0.0019444438196744886,0.00045434555815555404,5.0492377769607995,0.8799999999999463,0.06000000000002689,0.06000000000002689,46.748932135758366,39.30801833025299,0.8191520442889917,-0.5735764363510462,1.0,33.03621320000172,2.098564233255111,b0ede1a3121b050c2e4f6be5,2022-08-14 08:20:00+00:00,selective_long_5m_v1,BTCUSDT,32546461.09864378,63284.765135534064,32451533.95094048,32704673.011482615,48,MATURED,2022-08-14 09:00:00+00:00,32704673.011482615,profit_target,False,True,0.004861109549186171,0.0019611095491861713,1,8.0,,,1,1,8
0.0012000000000000899,0.003303621320000172,0.003318390038015817,0.0038867338872274892,1.8341757133115326,0.24305361542574797,0.0019403935513406557,0.0004563096495979253,5.048977147938621,0.8800000000000522,0.05999999999997388,0.05999999999997388,35.810567206873145,38.86733887227489,0.90630778703665,-0.42261826174069933,0.0,33.03621320000172,2.0985956487553006,f718aa03bf8e673a7cc82af6,2022-08-15 07:40:00+00:00,selective_long_5m_v1,BTCUSDT,33512210.898696396,65026.87791899853,33414670.5818179,33674778.093493894,48,MATURED,2022-08-15 10:40:00+00:00,33674778.093493894,profit_target,False,True,0.0048509838783517,0.0019509838783517003,1,36.0,,,1,1,36
0.0008600000000000829,0.0024219501228803786,0.0024969430464516496,0.003218098883832843,1.8339708968498554,0.18788294616192278,0.0019537654588189005,0.0003223832560243397,4.5849418329091645,0.6400000000000644,0.17999999999996782,0.17999999999996782,36.03335179436673,32.18098883832843,0.9659258262890683,-0.25881904510252063,0.0,24.219501228803786,1.291842066502549,7f8b7c0d46c31cb1947fa218,2022-08-16 07:00:00+00:00,selective_long_5m_v1,BTCUSDT,34484576.750806235,67374.77491771453,34383514.58842966,34653013.688100524,48,MATURED,2022-08-16 07:40:00+00:00,34383514.58842966,stop_loss,False,False,-0.002930648188228413,-0.005830648188228413,0,8.0,,,0,0,8
0.0012000000000000899,0.003303621320000172,0.0033202255543769432,0.003944214941461244,1.8399518461677058,0.24421986087080952,0.0019477882557287804,0.00045357908341897075,5.049029040080112,0.8799999999998768,0.06000000000006162,0.06000000000006162,36.06195455231776,39.44214941461244,0.9961946980917455,-0.08715574274765801,0.0,33.03621320000172,2.098589143147498,5b235bea9947874bc0e6bce9,2022-08-17 06:20:00+00:00,selective_long_5m_v1,BTCUSDT,35510691.67852671,69167.30820424005,35406940.71622035,35683609.949037306,48,MATURED,2022-08-17 10:20:00+00:00,35543751.80018902,time_exit,False,False,0.0009309906425254422,-0.0019690093574745576,0,48.0,,,1,1,180
0.0008600000000000829,0.0024219501228803786,0.0024829854803767315,0.003094898785442446,2.009645046382471,0.18540931909381117,0.0019407191977035016,0.00032627141363378157,4.584329913381501,0.6399999999999757,0.18000000000001218,0.18000000000001218,39.23222159462058,30.94898785442446,0.9961946980917455,0.08715574274765814,0.0,24.219501228803786,1.2917839758808893,cb05e24897c455a8d0139278,2022-08-18 05:40:00+00:00,selective_long_5m_v1,BTCUSDT,36479895.025188416,70797.23260559162,36373699.17628003,36656888.106702395,48,MATURED,2022-08-18 09:40:00+00:00,36459378.240169644,time_exit,False,False,-0.000562413488432667,-0.003462413488432667,0,48.0,,,0,0,180
0.0012000000000000899,0.003303621320000394,0.003358851370409033,0.003922045207476854,2.296670689259785,0.24400290080359438,0.0019455796092718834,0.0004538528618941484,5.04895861318492,0.8799999999999417,0.06000000000002913,0.06000000000002913,45.002142745851344,39.220452074768545,0.9659258262890683,0.25881904510252074,0.0,33.03621320000394,2.0986141292224896,50c305895cfa2aaeb3acdd69,2022-08-19 05:00:00+00:00,selective_long_5m_v1,BTCUSDT,37558858.01714472,73073.74830569456,37449247.39468618,37741542.38790895,48,MATURED,2022-08-19 09:00:00+00:00,37536630.49820006,time_exit,False,False,-0.000591804972731369,-0.003491804972731369,0,48.0,,,1,0,180
0.0008600000000000829,0.0024219501228799345,0.002430372751351051,0.003034643905948098,2.117518697695797,0.18350946770746368,0.0019310708060916995,0.0003288327038180556,4.584360520474963,0.6400000000000403,0.17999999999997987,0.17999999999997987,41.13918842458153,30.34643905948098,0.9063077870366498,0.4226182617406996,1.0,24.219501228799345,1.2918042289155358,4fae3fede38de6a948b20843,2022-08-20 04:20:00+00:00,selective_long_5m_v1,BTCUSDT,38571548.0409703,74484.39036768123,38459821.45541878,38757759.016889505,48,MATURED,2022-08-20 05:00:00+00:00,38459821.45541878,stop_loss,False,False,-0.0028966062091375644,-0.005796606209137564,0,8.0,,,0,0,8
0.0008600000000000829,0.0024219501228801565,0.00250358180445609,0.0030152387515731682,1.640315554656163,0.1847584477793467,0.0019362738188183296,0.00033036723583210095,4.584309359909775,0.6400000000000841,0.17999999999995797,0.17999999999995797,31.92521391503611,30.152387515731682,0.8191520442889917,0.5735764363510462,1.0,24.219501228801565,1.2918213431517804,5d8497ef77cd4251f1e13049,2022-08-21 03:40:00+00:00,selective_long_5m_v1,BTCUSDT,39623172.09834695,76721.31075256213,39508090.13221811,39814975.37522835,48,MATURED,2022-08-21 07:40:00+00:00,39600240.28284757,time_exit,False,False,-0.0005787475935158382,-0.003478747593515838,0,48.0,,,0,0,180
0.0008600000000000829,0.0024219501228801565,0.002468200891288852,0.003058431246719673,1.6310947016413515,0.1843747980641014,0.0019351081266937703,0.00032721213846727146,4.5849675485952845,0.6400000000000107,0.1799999999999947,0.1799999999999947,31.725840010463635,30.584312467196728,0.5735764363510462,0.8191520442889918,0.0,24.219501228801565,1.2917617805463582,e362be5574be634ea5d4dbf3,2022-08-23 02:20:00+00:00,selective_long_5m_v1,BTCUSDT,41759210.884260826,80808.58834645207,41637998.00174115,41961232.355126955,48,MATURED,2022-08-23 03:00:00+00:00,41637998.00174115,stop_loss,False,False,-0.00290266219004065,-0.00580266219004065,0,8.0,,,0,0,8
0.0012000000000000899,0.003303621320000172,0.003351372527296892,0.003926756178774804,1.6704700886404675,0.2437273068725376,0.0019423507689516203,0.000454670036807666,5.049421483943614,0.8799999999999801,0.06000000000000995,0.06000000000000995,32.63726308986969,39.267561787748036,0.25881904510252074,0.9659258262890683,0.0,33.03621320000172,2.0984734658284894,2aa8819d7bff2cf34dbeac1d,2022-08-25 01:00:00+00:00,selective_long_5m_v1,BTCUSDT,43975808.81572205,85416.44606848716,43847684.14661932,44189349.930893265,48,MATURED,2022-08-25 01:40:00+00:00,44189349.930893265,profit_target,False,True,0.004855876922378988,0.001955876922378988,1,8.0,,,1,1,8
0.0012000000000000899,0.003303621320000394,0.003301581443651447,0.0038975867402537556,1.6836691490608502,0.24289080211352848,0.0019383174497348327,0.0004556602074404,5.0493685622510345,0.8799999999999515,0.06000000000002427,0.06000000000002427,32.82698539817552,38.97586740253756,0.08715574274765817,0.9961946980917455,0.0,33.03621320000394,2.0984812793461476,7ce5f1fa3881974285666d4f,2022-08-26 00:20:00+00:00,selective_long_5m_v1,BTCUSDT,45074802.369798146,87369.27597672874,44943748.455833055,45293225.55973997,48,MATURED,2022-08-26 04:20:00+00:00,45121142.94628526,time_exit,False,False,0.001028081634322664,-0.0018719183656773358,0,48.0,,,1,1,180
0.0012000000000000899,0.003303621320000172,0.003350503692715945,0.003891181680944822,1.6854260484335994,0.24326854844125656,0.0019394305279988846,0.00045614351918452675,5.0493351342514705,0.8799999999999908,0.060000000000004626,0.060000000000004626,32.880467858595885,38.91181680944822,-0.25881904510252157,0.9659258262890681,1.0,33.03621320000172,2.0984911577266923,81002b5fc05aeb09f288889f,2022-08-27 23:00:00+00:00,selective_long_5m_v1,BTCUSDT,47318836.34480975,91771.59575650719,47181178.95117499,47548265.334201016,48,MATURED,2022-08-28 02:00:00+00:00,47548265.334201016,profit_target,False,True,0.004848576319997244,0.0019485763199972445,1,36.0,,,1,1,36
0.0012000000000000899,0.003303621320000172,0.0033217479973803865,0.003806809783584386,1.621760996958931,0.24208618225944778,0.001933705927658607,0.00045895687355574255,5.04948070717807,0.8800000000000361,0.05999999999998193,0.05999999999998193,31.54020480048203,38.06809783584386,-0.4226182617407,0.9063077870366497,1.0,33.03621320000172,2.098436990059082,8e913b716db34bfefc0f716d,2022-08-28 22:20:00+00:00,selective_long_5m_v1,BTCUSDT,48442685.35456573,93673.90782182454,48302174.492832996,48676870.124120295,48,MATURED,2022-08-29 01:20:00+00:00,48676870.124120295,profit_target,False,True,0.004834264819146616,0.0019342648191466166,1,36.0,,,1,1,36
0.001200000000000312,0.003303621320000172,0.0033391045913071515,0.0038957210655456986,1.5827240648428866,0.24273660862784727,0.0019357223570618325,0.00045529457863830705,5.0494373438226905,0.8799999999999736,0.06000000000001323,0.06000000000001323,30.81116512988258,38.95721065545699,-0.5735764363510465,0.8191520442889916,0.0,33.03621320000172,2.0984302663685406,431c731ab17614a60dde4487,2022-08-29 21:40:00+00:00,selective_long_5m_v1,BTCUSDT,49607419.775056295,96026.19153472774,49463380.4877542,49847485.253893115,48,MATURED,2022-08-29 22:20:00+00:00,49463380.4877542,stop_loss,False,False,-0.002903583535592724,-0.005803583535592724,0,8.0,,,1,0,8
0.001200000000000312,0.003303621320000172,0.0032789399981421052,0.003742140134274319,1.5344996021123511,0.2402159281671648,0.0019220937054289931,0.0004623757052828314,5.049223851299365,0.8800000000000886,0.05999999999995569,0.05999999999995569,29.657306202757194,37.42140134274319,-0.9659258262890684,0.2588190451025203,0.0,33.03621320000172,2.098475673675485,368dd0fb4c25f8c2e3a18b7c,2022-09-02 19:00:00+00:00,selective_long_5m_v1,BTCUSDT,54322105.09653651,104412.17627170506,54165486.83212895,54583135.53721577,48,MATURED,2022-09-02 19:40:00+00:00,54165486.83212895,stop_loss,False,False,-0.0028831405581435376,-0.0057831405581435374,0,8.0,,,1,0,8
0.0012000000000000899,0.003303621320000172,0.0033290979089291017,0.00375084419435745,1.52067283546924,0.2410581459333011,0.001925961254289405,0.00046143703668419147,5.049222467505137,0.879999999999917,0.060000000000041534,0.060000000000041534,29.449016028233466,37.508441943574496,-0.9659258262890683,-0.25881904510252063,0.0,33.03621320000172,2.098613581546469,3b23dd3ec91c01cd5ffe2f82,2022-09-05 17:00:00+00:00,selective_long_5m_v1,BTCUSDT,57948458.038193904,111606.48492737688,57781048.31080284,58227474.25051235,48,MATURED,2022-09-05 17:40:00+00:00,58227474.25051235,profit_target,False,True,0.004814903135723414,0.0019149031357234142,1,8.0,,,1,1,8
0.0012000000000000899,0.003303621320000172,0.003333652864339731,0.003772998704765662,1.4126439844931646,0.24155175128357684,0.0019273078029473426,0.00046125808488419834,5.049084414629424,0.8800000000000477,0.05999999999997614,0.05999999999997614,27.370599215137403,37.72998704765662,-0.4226182617406993,-0.90630778703665,1.0,33.03621320000172,2.098567365747889,b3fa952a745872055d232865,2022-09-10 13:40:00+00:00,selective_long_5m_v1,BTCUSDT,64207616.831840836,123747.84092865998,64021995.07044785,64516986.43416248,48,MATURED,2022-09-10 16:40:00+00:00,64021995.07044785,stop_loss,False,False,-0.0028909617044209357,-0.0057909617044209355,0,36.0,,,1,0,36
0.0011999999999998678,0.00330362131999995,0.003272095260528074,0.0036994865071313665,1.3625463424813384,0.23952501409566476,0.0019164738607042341,0.0004641777731431512,5.049089464608763,0.8799999999999967,0.060000000000001635,0.060000000000001635,26.247653051438835,36.99486507131367,-0.08715574274765794,-0.9961946980917455,0.0,33.036213199999494,2.098551315946786,904f12bad075d658ba898e30,2022-09-12 12:20:00+00:00,selective_long_5m_v1,BTCUSDT,66765149.97102325,127953.66472546411,66573219.47393505,67085034.13283691,48,MATURED,2022-09-12 15:20:00+00:00,67085034.13283691,profit_target,False,True,0.004791184651760538,0.0018911846517605385,1,36.0,,,1,1,36
0.0012000000000000899,0.003303621320000172,0.0032927393351551704,0.003675668840872337,1.3827603313503325,0.23971310804341656,0.001917108090302444,0.00046479753079582675,5.049223558459701,0.8800000000000258,0.05999999999998715,0.05999999999998715,26.647000573263302,36.75668840872337,0.0871557427476582,-0.9961946980917455,0.0,33.03621320000172,2.0985493093053487,e2bce553acb95840520d3c79,2022-09-13 11:40:00+00:00,selective_long_5m_v1,BTCUSDT,68080618.3630426,130517.90425658209,67884841.50665772,68406913.12368405,48,MATURED,2022-09-13 11:50:00+00:00,68406913.12368405,profit_target,False,True,0.004792770225756193,0.0018927702257561935,1,2.0,,,1,1,2
0.0012000000000000899,0.003303621320000172,0.0032697017271599016,0.0037425024872146384,1.3566265955301104,0.23987328140556402,0.001918452071803394,0.00046281085804614436,5.049242022605889,0.8799999999999433,0.060000000000028385,0.060000000000028385,26.160529843424207,37.42502487214638,0.258819045102521,-0.9659258262890682,0.0,33.03621320000172,2.0984855002515745,0f9c49e8dc61d849d65c0657,2022-09-14 11:00:00+00:00,selective_long_5m_v1,BTCUSDT,69382073.05425939,133106.18179695835,69182413.78156395,69714838.50875178,48,MATURED,2022-09-14 15:00:00+00:00,69450487.11054252,time_exit,False,False,0.0009860480275594163,-0.0019139519724405835,0,48.0,,,1,1,180
0.0012000000000000899,0.00330362131999995,0.003308111797465152,0.0036948827209284385,1.3884655426426966,0.2401847299620036,0.0019220352667918932,0.0004647132819581012,5.0493470449537226,0.8799999999998723,0.060000000000063815,0.060000000000063815,26.826502285401954,36.94882720928439,0.5735764363510464,-0.8191520442889916,0.0,33.036213199999494,2.098463022829147,d0bd10bae4b26644fb6dc931,2022-09-16 09:40:00+00:00,selective_long_5m_v1,BTCUSDT,72004256.02802338,138394.71944497369,71796663.94885592,72350242.82663581,48,MATURED,2022-09-16 12:40:00+00:00,72350242.82663581,profit_target,False,True,0.004805088166979665,0.0019050881669796654,1,36.0,,,1,1,36
0.0012000000000000899,0.00330362131999995,0.003280418883803815,0.0036793170036886202,1.3595979906042819,0.23926778404772475,0.0019151639411495607,0.0004647505574475388,5.0495440579431135,0.8799999999999707,0.06000000000001464,0.06000000000001464,26.17264318620638,36.7931700368862,0.8191520442889917,-0.5735764363510462,1.0,33.036213199999494,2.098410402277898,fda63c99e2aec79c9209275a,2022-09-18 08:20:00+00:00,selective_long_5m_v1,BTCUSDT,74729614.663188,143119.46333893912,74514935.46817958,75087413.32153535,48,MATURED,2022-09-18 09:00:00+00:00,74514935.46817958,stop_loss,False,False,-0.0028727459117243725,-0.005772745911724372,0,8.0,,,1,0,8
0.0012000000000000899,0.003303621320000172,0.0032584892146847455,0.0037083022905901597,1.3918705172410135,0.2394396371863815,0.0019169702607367794,0.00046381446760174205,5.04967593382034,0.8799999999999253,0.06000000000003737,0.06000000000003737,26.821016491758165,37.0830229059016,0.90630778703665,-0.42261826174069933,0.0,33.03621320000172,2.0984145728643737,4dce89b0dd2e627762a11244,2022-09-19 07:40:00+00:00,selective_long_5m_v1,BTCUSDT,76113549.65276891,145907.41112347023,75894688.5360837,76478318.18057759,48,MATURED,2022-09-19 07:50:00+00:00,76478318.18057759,profit_target,False,True,0.004792425651842125,0.001892425651842125,1,2.0,,,1,1,2
0.0012000000000000899,0.003303621320000172,0.003280413714388697,0.0037377904604301015,1.2898967433573194,0.23976237017195934,0.001916708771714462,0.00046224457136809547,5.04957234647196,0.8800000000000167,0.059999999999991685,0.059999999999991685,24.847800716534252,37.377904604301015,0.9961946980917455,-0.08715574274765801,0.0,33.03621320000172,2.0984125928745403,195e23e4122f8f36d0bc88ed,2022-09-21 06:20:00+00:00,selective_long_5m_v1,BTCUSDT,78938085.9601366,151301.32178214405,78711133.9774634,79316339.26459196,48,MATURED,2022-09-21 06:30:00+00:00,79316339.26459196,profit_target,False,True,0.004791771929286037,0.0018917719292860374,1,2.0,,,1,1,2
0.0012000000000000899,0.00330362131999995,0.0032740885212192428,0.003652764456563151,1.2943237293252132,0.23855734175378318,0.0019121496372393096,0.0004661188503272262,5.049053913183008,0.8800000000000607,0.05999999999996961,0.05999999999996961,24.873370548104123,36.52764456563151,0.7071067811865475,0.7071067811865476,0.0,33.036213199999494,2.0985113122790238,8adb51920c297a8f306ca379,2022-09-26 03:00:00+00:00,selective_long_5m_v1,BTCUSDT,86416936.59798108,165242.11396716195,86169073.42703034,86830041.88289899,48,MATURED,2022-09-26 03:10:00+00:00,86830041.88289899,profit_target,False,True,0.004780374093098283,0.0018803740930982832,1,2.0,,,1,1,2
0.0012000000000000899,0.003303621320000172,0.003351750707831558,0.003769576806071484,1.348838871337441,0.24136465703953106,0.0019257377214582506,0.00046125978722669984,5.0489611958830904,0.8800000000001056,0.05999999999994722,0.05999999999994722,26.109666537312837,37.69576806071484,0.25881904510252074,0.9659258262890683,0.0,33.03621320000172,2.0985651607804336,12a13e4dfd91878403397a08,2022-09-29 01:00:00+00:00,selective_long_5m_v1,BTCUSDT,91208771.04702713,175644.17093310927,90945304.79062746,91647881.4743599,48,MATURED,2022-09-29 01:40:00+00:00,91647881.4743599,profit_target,False,True,0.00481434430364569,0.0019143443036456903,1,8.0,,,1,1,8
0.0011999999999998678,0.00330362131999995,0.0033290130093661663,0.003647510600604642,1.3481972046137212,0.2394193276365918,0.00191694097268828,0.00046654122566035217,5.04901772383417,0.8800000000000424,0.059999999999978806,0.059999999999978806,25.97685136426664,36.47510600604642,0.08715574274765817,0.9961946980917455,0.0,33.036213199999494,2.098578948326443,dbe2f8aa12424e90cac373bc,2022-09-30 00:20:00+00:00,selective_long_5m_v1,BTCUSDT,92915239.87215482,178113.0302980933,92648070.32670768,93360522.44790006,48,MATURED,2022-09-30 03:20:00+00:00,93360522.44790006,profit_target,False,True,0.0047923524317208255,0.0018923524317208257,1,36.0,,,1,1,36
0.001200000000000312,0.003303621320000172,0.00326384833459592,0.003733953710956417,1.361851527470176,0.23977883641334383,0.0019182961980436326,0.0004635433540537782,5.048904433137452,0.8800000000000757,0.059999999999962146,0.059999999999962146,26.259378420225854,37.33953710956417,-0.4226182617407,0.9063077870366497,1.0,33.03621320000172,2.0985634927023744,0dc400bd6190fc953088add0,2022-10-02 22:20:00+00:00,selective_long_5m_v1,BTCUSDT,98263714.65585598,188498.9102299729,97980966.29051103,98734961.93143092,48,MATURED,2022-10-02 23:00:00+00:00,97980966.29051103,stop_loss,False,False,-0.002877444297065379,-0.005777444297065379,0,8.0,,,1,0,8
0.0012000000000000899,0.00330362131999995,0.0032966330020980372,0.003711113311507974,1.347849522859785,0.24000244851355987,0.0019182208748671234,0.0004636514895941684,5.049217360191666,0.880000000000073,0.059999999999963534,0.059999999999963534,25.9877244007245,37.11113311507974,-0.7071067811865477,0.7071067811865474,0.0,33.036213199999494,2.098606244236391,489ea7270932ec3e44c12d05,2022-10-04 21:00:00+00:00,selective_long_5m_v1,BTCUSDT,102003340.50039442,195664.93705403566,101709843.09481336,102492502.84302951,48,MATURED,2022-10-05 01:00:00+00:00,102097622.0850782,time_exit,False,False,0.0009242989908100352,-0.0019757010091899646,0,48.0,,,1,1,180
0.0012000000000000899,0.00330362131999995,0.00332381213052102,0.0037124060350299803,1.3798549206408164,0.2401930478328324,0.0019191382016571132,0.0004631482329339263,5.049317702980532,0.8799999999999514,0.06000000000002432,0.06000000000002432,26.61930226293796,37.1240603502998,-0.9659258262890684,0.2588190451025203,0.0,33.036213199999494,2.0984850102277948,7f03d794fb3abbb99664bad1,2022-10-07 19:00:00+00:00,selective_long_5m_v1,BTCUSDT,107976751.05687438,207222.3078440677,107665917.59510827,108494806.82648455,48,MATURED,2022-10-07 23:00:00+00:00,108071416.99948093,time_exit,False,False,0.0008767252364973999,-0.0020232747635026,0,48.0,,,1,1,180
0.0011999999999998678,0.00330362131999995,0.003347112716886258,0.003814478697850898,1.4319273906957284,0.24135399166993768,0.0019268714817339493,0.00045891398586377807,5.049578761307948,0.879999999999958,0.060000000000021,0.060000000000021,27.73888707606309,38.14478697850898,-0.9659258262890683,-0.25881904510252063,0.0,33.036213199999494,2.098426922753402,86adc2366ed1d9a8bd0d2a53,2022-10-10 17:00:00+00:00,selective_long_5m_v1,BTCUSDT,114616119.78173448,220850.53255442655,114284843.98290284,115168246.11312054,48,MATURED,2022-10-10 17:10:00+00:00,115168246.11312054,profit_target,False,True,0.004817178704334735,0.001917178704334735,1,2.0,,,1,1,2
0.0012000000000000899,0.00330362131999995,0.0032878417223163314,0.0037068681587058006,1.4359655995403817,0.23984670549023707,0.0019188904827665426,0.0004634255174737213,5.049315986793208,0.8800000000000786,0.05999999999996072,0.05999999999996072,27.70105657028843,37.06868158705801,-0.9063077870366497,-0.42261826174069994,0.0,33.036213199999494,2.0984118863227086,4933063d88ff9244e4a1b919,2022-10-11 16:20:00+00:00,selective_long_5m_v1,BTCUSDT,116974881.84428458,224461.9874937385,116638188.86304398,117536036.81301892,48,MATURED,2022-10-11 16:30:00+00:00,117536036.81301892,profit_target,False,True,0.00479722620691625,0.0018972262069162499,1,2.0,,,1,1,2
0.001200000000000312,0.003303621320000172,0.003288306159654697,0.003742695165622978,1.4319607565634842,0.24013997770734857,0.0019205640838324393,0.0004624009406394996,5.049390903971874,0.8799999999999341,0.06000000000003299,0.06000000000003299,27.6478927425039,37.426951656229775,-0.8191520442889916,-0.5735764363510464,0.0,33.03621320000172,2.0985277345448163,6b820794c8b7edf38a8ccd14,2022-10-12 15:40:00+00:00,selective_long_5m_v1,BTCUSDT,119388555.16025348,229293.37106143087,119044615.10366133,119961788.58790706,48,MATURED,2022-10-12 15:50:00+00:00,119044615.10366133,stop_loss,False,False,-0.0028808461257486817,-0.0057808461257486815,0,2.0,,,1,0,2
0.0012000000000000899,0.00330362131999995,0.003294174692409557,0.003696956694979825,1.4571568348320818,0.23931090795061802,0.0019157185323184186,0.0004641174326204911,5.049448074791987,0.8800000000000175,0.059999999999991206,0.059999999999991206,28.064127967539765,36.96956694979825,-0.5735764363510458,-0.819152044288992,0.0,33.036213199999494,2.0985121801097844,729485bd477f056dc0621899,2022-10-14 14:20:00+00:00,selective_long_5m_v1,BTCUSDT,124456467.89074309,238423.56200518875,124098832.5477353,125052526.79575606,48,MATURED,2022-10-14 17:20:00+00:00,125052526.79575606,profit_target,False,True,0.004789296330796056,0.0018892963307960559,1,36.0,,,1,1,36
0.0012000000000000899,0.00330362131999995,0.0032642533841942267,0.003735567582174415,1.5351015250115791,0.24040841160477355,0.0019238653211990449,0.00046257217170619,5.049493058425271,0.8800000000000034,0.05999999999999828,0.05999999999999828,29.696532246072938,37.35567582174415,-0.4226182617406993,-0.90630778703665,1.0,33.036213199999494,2.0984524552613957,f3deffa7d234f2f5d2a685e7,2022-10-15 13:40:00+00:00,selective_long_5m_v1,BTCUSDT,127168067.47001094,244654.2349694544,126801086.11755675,127779703.05743457,48,MATURED,2022-10-15 17:40:00+00:00,127283976.6129258,time_exit,False,False,0.0009114642159848696,-0.00198853578401513,0,48.0,,,1,1,180
0.0012000000000000899,0.003303621320000172,0.003324463262120325,0.003888535245339053,1.6084985323413108,0.24283023265463205,0.0019372950739806158,0.0004559772758828323,5.048867204470427,0.8800000000000293,0.059999999999985315,0.059999999999985315,31.340111857636188,38.88535245339053,0.7071067811865476,-0.7071067811865475,1.0,33.03621320000172,2.098627468765287,7558288222d45938b1384dcd,2022-10-22 09:00:00+00:00,selective_long_5m_v1,BTCUSDT,149009276.10760567,288674.93658068194,148576263.70273465,149730963.44905737,48,MATURED,2022-10-22 13:00:00+00:00,148925423.46815714,time_exit,False,False,-0.0005627343588191502,-0.00346273435881915,0,48.0,,,1,0,180
0.0008600000000000829,0.0024219501228801565,0.002446076661215324,0.0030137900726521227,1.946295875099088,0.1833239539630676,0.0019293043049101127,0.00032976992457532607,4.584336220896226,0.6400000000000582,0.17999999999997088,0.17999999999997088,37.76524253580993,30.137900726521227,0.8191520442889917,-0.5735764363510462,1.0,24.219501228801565,1.2918063713886092,a958f3d6224e155480e1c5fc,2022-10-23 08:20:00+00:00,selective_long_5m_v1,BTCUSDT,152501441.28923914,294221.6871843259,152060108.75846264,153236995.50719994,48,MATURED,2022-10-23 08:30:00+00:00,153236995.50719994,profit_target,False,True,0.004823260762275128,0.001923260762275128,1,2.0,,,0,1,2
0.0012000000000000899,0.003303621320000172,0.003303944543271875,0.0038430307463208635,1.5663016206196094,0.2417844960180113,0.001930267610900886,0.0004577213614588466,5.048946653366365,0.8799999999999608,0.06000000000001959,0.06000000000001959,30.403778494068057,38.430307463208635,0.90630778703665,-0.42261826174069933,0.0,33.03621320000172,2.098556876431628,8e4dd0818890eeaea6943d44,2022-10-24 07:40:00+00:00,selective_long_5m_v1,BTCUSDT,156341229.35960633,301780.41128127475,155888558.74268442,157095680.38780951,48,MATURED,2022-10-24 08:20:00+00:00,157095680.38780951,profit_target,False,True,0.004825669027252122,0.001925669027252122,1,8.0,,,1,1,8
0.0008600000000000829,0.0024219501228801565,0.002458138794119158,0.003029897217501132,1.5823317670731594,0.18333182095989667,0.0019293031970272368,0.0003290978368680457,4.584564236322164,0.6400000000000111,0.17999999999999444,0.17999999999999444,30.681327628239163,30.29897217501132,0.9659258262890683,-0.25881904510252063,0.0,24.219501228801565,1.2918104650712385,aafdaa22557aae1bbf34e6e5,2022-10-25 07:00:00+00:00,selective_long_5m_v1,BTCUSDT,160067208.55240017,308818.1771993711,159603981.28660113,160839253.9953986,48,MATURED,2022-10-25 07:40:00+00:00,159603981.28660113,stop_loss,False,False,-0.0028939547955407763,-0.005793954795540776,0,8.0,,,0,0,8
0.0012000000000000899,0.00330362131999995,0.003350711260262873,0.003874684464608702,1.6584475819565034,0.24277929903719386,0.0019367078902923483,0.00045666783702747376,5.049120298755376,0.880000000000016,0.05999999999999201,0.05999999999999201,32.30659843744821,38.74684464608702,0.9961946980917455,-0.08715574274765801,0.0,33.036213199999494,2.098531681565252,0bc824f663fcfb613ccf2082,2022-10-26 06:20:00+00:00,selective_long_5m_v1,BTCUSDT,164273847.453197,318150.4565312882,163796621.76840007,165069223.59452522,48,MATURED,2022-10-26 09:20:00+00:00,165069223.59452522,profit_target,False,True,0.0048417697257308046,0.0019417697257308048,1,36.0,,,1,1,36
0.0011999999999998678,0.0033036213199995057,0.0033502763287969195,0.0038728413758977176,1.7152530686366396,0.2428359438849664,0.0019376671934821885,0.0004564638672927637,5.049165663863674,0.8800000000000935,0.05999999999995326,0.05999999999995326,33.433539482499164,38.728413758977176,0.9961946980917455,0.08715574274765814,0.0,33.03621319999506,2.098478072406591,d9a5b04ea7ca549502306180,2022-10-27 05:40:00+00:00,selective_long_5m_v1,BTCUSDT,168514400.7461823,326524.82595518784,168024613.5072495,169330712.81107026,48,MATURED,2022-10-27 06:20:00+00:00,169330712.81107026,profit_target,False,True,0.004844167983705461,0.001944167983705461,1,8.0,,,1,1,8
0.0012000000000000899,0.00330362131999995,0.003328648965001957,0.0038261521023554845,1.6768734328809565,0.24231651400686444,0.0019346742424021378,0.0004590472325183613,5.049238358666878,0.8800000000000148,0.0599999999999926,0.0599999999999926,32.63204247080154,38.26152102355485,0.9063077870366498,0.4226182617406996,1.0,33.036213199999494,2.098505594510402,24d88c01cd1c39b0521f8823,2022-10-29 04:20:00+00:00,selective_long_5m_v1,BTCUSDT,177370632.30062693,343154.3936706036,176855900.71012104,178228518.28480345,48,MATURED,2022-10-29 04:30:00+00:00,178228518.28480345,profit_target,False,True,0.004836685606005364,0.0019366856060053644,1,2.0,,,1,1,2
0.001200000000000312,0.003303621320000394,0.003367306605719378,0.003921611519002166,1.7468733617334136,0.2438352433604423,0.0019426555864933573,0.0004549697980884095,5.049280998862414,0.8799999999999183,0.06000000000004083,0.06000000000004083,34.14053714176024,39.21611519002166,0.8191520442889917,0.5735764363510462,1.0,33.03621320000394,2.0984659204073126,b7ff83258ad9b2434e4a8661,2022-10-30 03:40:00+00:00,selective_long_5m_v1,BTCUSDT,182191820.88390455,353935.9586535143,181660916.94592428,183076660.78053832,48,MATURED,2022-10-30 07:40:00+00:00,182358757.51523265,time_exit,False,False,0.0009162685268648829,-0.001983731473135117,0,48.0,,,1,1,180
0.0008600000000000829,0.0024219501228801565,0.002493298157209889,0.0032089318432386715,1.9896526202194131,0.18704647828800752,0.0019481346914976823,0.000322139258626737,4.584730277146475,0.6400000000000664,0.17999999999996677,0.17999999999996677,38.99038677369404,32.08931843238672,0.7071067811865475,0.7071067811865476,0.0,24.219501228801565,1.2917291097253585,62a226c7e9f95cb71d73184d,2022-10-31 03:00:00+00:00,selective_long_5m_v1,BTCUSDT,187090724.37619644,364477.9306146994,186544007.4802744,188001919.2027332,48,MATURED,2022-10-31 06:00:00+00:00,188001919.2027332,profit_target,False,True,0.004870336728744151,0.0019703367287441514,1,36.0,,,0,1,36
0.0008600000000000829,0.0024219501228799345,0.002494355289526018,0.0030608528769955345,1.7485524900240226,0.18502088741925174,0.0019387269592369446,0.00032751824475781916,4.584561455854027,0.6400000000000139,0.17999999999999308,0.17999999999999308,34.082437289455484,30.608528769955345,0.5735764363510462,0.8191520442889918,0.0,24.219501228799345,1.2917442469079587,678aaed79ac7eb23fb3898b9,2022-11-01 02:20:00+00:00,selective_long_5m_v1,BTCUSDT,192278866.18258688,372776.22155969404,191719701.85024732,193210806.7364861,48,MATURED,2022-11-01 06:20:00+00:00,192178556.5898604,time_exit,False,False,-0.0005216880810562374,-0.0034216880810562372,0,48.0,,,0,0,180
0.0012000000000000899,0.00330362131999995,0.003304976542544358,0.003874825782504976,2.2925780553627546,0.24277594022264032,0.0019389383073786068,0.0004566375277033503,5.049484773442084,0.8800000000000752,0.05999999999996242,0.05999999999996242,44.76656976158955,38.74825782504976,0.4226182617406994,0.9063077870366499,0.0,33.036213199999494,2.098487158105426,ff8cf00f1e6f918322fcee70,2022-11-02 01:40:00+00:00,selective_long_5m_v1,BTCUSDT,197953958.65714043,383820.5135375706,197378227.88683408,198913509.94098437,48,MATURED,2022-11-02 02:20:00+00:00,197378227.88683408,stop_loss,False,False,-0.002908407461067908,-0.005808407461067908,0,8.0,,,1,0,8
0.001200000000000312,0.003303621320000172,0.0033476621159904685,0.0038563652123213554,1.8499081113605045,0.24360931921455825,0.0019436496021172096,0.00045783102794171027,5.049568319808684,0.8799999999999313,0.06000000000003439,0.06000000000003439,36.18003973463901,38.56365212321356,0.25881904510252074,0.9659258262890683,0.0,33.03621320000172,2.098492005255348,869e08e35a208fdf448719a6,2022-11-03 01:00:00+00:00,selective_long_5m_v1,BTCUSDT,203636502.39387646,395798.0068543982,203042805.38359487,204625997.41101247,48,MATURED,2022-11-03 04:00:00+00:00,204625997.41101247,profit_target,False,True,0.004859124005293092,0.001959124005293092,1,36.0,,,1,1,36
0.0008599999999998609,0.0024219501228797125,0.0024723799432238014,0.003081870574335621,1.7787475536590904,0.1852647656504256,0.0019406255341752332,0.00032712868378991715,4.584697921382813,0.6400000000000594,0.1799999999999703,0.1799999999999703,34.70726520888423,30.81870574335621,0.08715574274765817,0.9961946980917455,0.0,24.219501228797125,1.2917332745599153,e9938f77c682b812b793735f,2022-11-04 00:20:00+00:00,selective_long_5m_v1,BTCUSDT,209194765.55208293,405968.7036461736,208585812.49661365,210209687.31119835,48,MATURED,2022-11-04 03:20:00+00:00,208585812.49661365,stop_loss,False,False,-0.0029109383012628776,-0.005810938301262877,0,36.0,,,0,0,36
0.0012000000000000899,0.00330362131999995,0.0033444878012263146,0.003910630098007184,1.850005694302609,0.24379920819475778,0.0019444252074037347,0.000454770062895522,5.049575421737202,0.8799999999999878,0.06000000000000609,0.06000000000000609,36.19655747714834,39.106300980071836,-0.08715574274765743,0.9961946980917455,0.0,33.036213199999494,2.0984252331016484,3439fe345653b6240113e9ad,2022-11-04 23:40:00+00:00,selective_long_5m_v1,BTCUSDT,215551569.6838523,419123.90558872506,214922883.8254692,216599379.4478241,48,MATURED,2022-11-05 03:40:00+00:00,215749193.64363778,time_exit,False,False,0.0009168291378036653,-0.0019831708621963345,0,48.0,,,1,1,180
0.0011999999999998678,0.00330362131999995,0.0032972391598613537,0.003996684588736477,2.1660492096761166,0.24403428397267207,0.0019459064607881883,0.0004515968567631811,5.049385948375642,0.8800000000000828,0.059999999999958586,0.059999999999958586,42.43901001262485,39.96684588736477,-0.25881904510252157,0.9659258262890681,1.0,33.036213199999494,2.098541034602988,ab178b4f38c444c926716670,2022-11-05 23:00:00+00:00,selective_long_5m_v1,BTCUSDT,221912640.41076815,431821.24070587975,221264908.54970932,222992193.51253286,48,MATURED,2022-11-06 03:00:00+00:00,222120727.95940262,time_exit,False,False,0.0009377002961583614,-0.0019622997038416384,0,48.0,,,1,1,180
0.0012000000000000899,0.003303621320000172,0.0033532652545245067,0.0040476828369813145,2.240427115050917,0.24537009168093285,0.0019544056278138783,0.00044894476798452645,5.049434241536931,0.8800000000000114,0.05999999999999426,0.05999999999999426,44.09642486236098,40.47682836981315,-0.4226182617407,0.9063077870366497,1.0,33.03621320000172,2.0985437749508904,955c7774c22a2b9baaf5a057,2022-11-06 22:20:00+00:00,selective_long_5m_v1,BTCUSDT,228630815.80343696,446837.35309791536,227960559.7737901,229747909.18618175,48,MATURED,2022-11-07 02:20:00+00:00,228827455.52704513,time_exit,False,False,0.0008600753267540284,-0.0020399246732459714,0,48.0,,,1,1,180
0.0008600000000000829,0.0024219501228801565,0.002463783208979997,0.0030163623189924937,2.146652483118803,0.1847637137539615,0.001937620189709094,0.00033005998844272107,4.585216588366614,0.6400000000000076,0.17999999999999622,0.17999999999999622,41.85044852482722,30.163623189924937,-0.5735764363510465,0.8191520442889916,0.0,24.219501228801565,1.2918221705245496,07363fdd582a6097f66252d0,2022-11-07 21:40:00+00:00,selective_long_5m_v1,BTCUSDT,235423748.3061229,456161.8078549359,234739505.5943405,236564152.82576025,48,MATURED,2022-11-08 01:40:00+00:00,235284863.8803078,time_exit,False,False,-0.0005899337973096497,-0.0034899337973096495,0,48.0,,,0,0,180
0.0012000000000000899,0.00330362131999995,0.0033636254701903123,0.004085792915921926,2.483643286450472,0.24626332415267413,0.001959997280495142,0.00044776194188739867,5.049194357234615,0.8799999999999676,0.060000000000016214,0.060000000000016214,49.04831412470001,40.85792915921927,-0.7071067811865477,0.7071067811865474,0.0,33.036213199999494,2.0985389472858422,e6e3aeac325464c0470b5f4d,2022-11-08 21:00:00+00:00,selective_long_5m_v1,BTCUSDT,242871535.0811553,476027.54826874484,242157493.7587522,244061603.95182717,48,MATURED,2022-11-09 00:00:00+00:00,244061603.95182717,profit_target,False,True,0.004899993201237907,0.001999993201237907,1,36.0,,,1,1,36
0.001200000000000312,0.003303621320000172,0.0034020769498397385,0.004136322046043528,1.962692197346006,0.24716396191651857,0.0019647672452419913,0.0004457055713959477,5.048946122065559,0.8800000000000734,0.059999999999963305,0.059999999999963305,38.815688910489584,41.36322046043528,-0.8191520442889918,0.573576436351046,0.0,33.03621320000172,2.0985466949340115,8dd3f41aeee887ad3952b5bb,2022-11-09 20:20:00+00:00,selective_long_5m_v1,BTCUSDT,250439335.13584304,492055.0025950861,249701252.6319504,251669472.64233077,48,MATURED,2022-11-09 20:30:00+00:00,249701252.6319504,stop_loss,False,False,-0.002947150867863013,-0.005847150867863013,0,2.0,,,1,0,2
0.0008599999999998609,0.0024219501228799345,0.0025136664871860948,0.0031161278622628963,1.8915581119169156,0.18639849373504389,0.0019461340381855918,0.0003267418553400265,4.584821519147408,0.6400000000000379,0.1799999999999811,0.1799999999999811,37.022409760976146,31.161278622628963,-0.9063077870366499,0.4226182617406996,0.0,24.219501228799345,1.2918308974551533,d56c2a6bbdb29c23e5d51f9d,2022-11-10 19:40:00+00:00,selective_long_5m_v1,BTCUSDT,258118096.54763415,502332.4135630257,257364597.9272896,259373927.58154172,48,MATURED,2022-11-10 20:20:00+00:00,257364597.9272896,stop_loss,False,False,-0.0029192010572783866,-0.0058192010572783864,0,8.0,,,0,0,8
0.0008600000000000829,0.0024219501228801565,0.0024967344952211423,0.0031471011886692324,1.9108668056634437,0.18689749959993815,0.0019487391060967682,0.0003252646644100115,4.58422014604356,0.6399999999999967,0.18000000000000166,0.18000000000000166,37.452296527815676,31.471011886692324,-0.9659258262890684,0.2588190451025203,0.0,24.219501228801565,1.291814183381086,8fe396399659bf8fc84b0df9,2022-11-11 19:00:00+00:00,selective_long_5m_v1,BTCUSDT,266429403.53158128,519201.39767602884,265650601.43506724,267727407.02577135,48,MATURED,2022-11-11 19:40:00+00:00,265650601.43506724,stop_loss,False,False,-0.002923108659145135,-0.005823108659145135,0,8.0,,,0,0,8
0.0008600000000000829,0.0024219501228801565,0.0025154152721345024,0.0031424435164204567,1.8496354803567396,0.18684559513199964,0.0019483253580296251,0.00032410268437130387,4.584455740405577,0.6400000000000065,0.17999999999999677,0.17999999999999677,36.24007496039417,31.424435164204567,-0.9961946980917455,0.08715574274765789,1.0,24.219501228801565,1.2918032476156656,99fc5c84cb33e058e35d83a5,2022-11-12 18:20:00+00:00,selective_long_5m_v1,BTCUSDT,274933559.8034491,535660.0263384143,274130069.76394147,276272709.8692951,48,MATURED,2022-11-12 19:00:00+00:00,274130069.76394147,stop_loss,False,False,-0.002922488037044424,-0.005822488037044424,0,8.0,,,0,0,8
0.0008600000000000829,0.0024219501228801565,0.0024704131408843644,0.0031454486924842318,1.904441285876881,0.18638824153444108,0.001946784546450615,0.0003243751264196881,4.584251611219703,0.6400000000000563,0.17999999999997185,0.17999999999997185,37.288031784012965,31.454486924842318,-0.9961946980917455,-0.08715574274765825,1.0,24.219501228801565,1.291803635275845,b57e7446d80d818330bb8afa,2022-11-13 17:40:00+00:00,selective_long_5m_v1,BTCUSDT,283818449.47251827,552533.3714306733,282989649.41537225,285199782.901095,48,MATURED,2022-11-13 21:40:00+00:00,283669853.2727683,time_exit,False,False,-0.0005235607481688387,-0.0034235607481688385,0,48.0,,,0,0,180
0.0012000000000000899,0.003303621320000172,0.003388899820093272,0.004068154526668755,2.551449237355855,0.2465788747214939,0.0019623014110878405,0.0004483456211450989,5.048896956471116,0.8799999999998747,0.06000000000006265,0.06000000000006265,50.45400335684569,40.68154526668755,-0.9659258262890683,-0.25881904510252063,0.0,33.03621320000172,2.09860176739094,7af30b860dee29f6d6bdac2e,2022-11-14 17:00:00+00:00,selective_long_5m_v1,BTCUSDT,293397696.3503892,575734.7135582904,292534094.28005177,294837033.1342849,48,MATURED,2022-11-14 20:00:00+00:00,294837033.1342849,profit_target,False,True,0.004905753527719714,0.002005753527719714,1,36.0,,,1,1,36
0.0008600000000000829,0.0024219501228801565,0.002520379112696869,0.0032281034206194104,1.9715625055588957,0.18804315459669738,0.001954647940343899,0.0003217503698235976,4.584678815090438,0.6400000000000703,0.17999999999996485,0.17999999999996485,38.7648603354096,32.28103420619411,-0.9063077870366497,-0.42261826174069994,0.0,24.219501228801565,1.291810836031162,4b799ef73a67f804c38be67d,2022-11-15 16:20:00+00:00,selective_long_5m_v1,BTCUSDT,303081774.4905917,592418.1662638091,302193147.241196,304562819.90625125,48,MATURED,2022-11-15 20:20:00+00:00,302898238.68930936,time_exit,False,False,-0.0006055652854443094,-0.0035055652854443092,0,48.0,,,0,0,180
0.0012000000000000899,0.00330362131999995,0.0033830008064632544,0.0041000562614526,2.5773884237355023,0.24715720787591414,0.0019656956834420564,0.00044710499326239495,5.0491115366710675,0.8800000000001117,0.05999999999994414,0.05999999999994414,51.05872884568541,41.000562614526004,-0.8191520442889916,-0.5735764363510464,0.0,33.036213199999494,2.098508410182376,be4c0efa2330012aa97f96b7,2022-11-16 15:40:00+00:00,selective_long_5m_v1,BTCUSDT,313373892.7276081,615997.7082380932,312449896.16525096,314913886.99820334,48,MATURED,2022-11-16 19:40:00+00:00,313672597.7109485,time_exit,False,False,0.0009531903910071637,-0.001946809608992836,0,48.0,,,1,1,180
0.0012000000000000899,0.003303621320000394,0.003427003015407104,0.0041657732382403,2.478451225249277,0.2482436037546929,0.0019725022786702896,0.00044456509813667295,5.049072994422126,0.879999999999919,0.06000000000004051,0.06000000000004051,49.26099819573704,41.657732382403,-0.7071067811865471,-0.7071067811865479,0.0,33.03621320000394,2.098553217574406,788bd12c3f502a454698d1d1,2022-11-17 15:00:00+00:00,selective_long_5m_v1,BTCUSDT,324099026.36696714,639286.068023665,323140097.2649316,325697241.5370263,48,MATURED,2022-11-17 15:10:00+00:00,325697241.5370263,profit_target,False,True,0.004931255696675629,0.0020312556966756296,1,2.0,,,1,1,2
0.0012000000000000899,0.00330362131999995,0.0034380369657054377,0.0040193750633172876,2.0659249725246487,0.24629281759479554,0.0019602282560956526,0.00045071765656189925,5.04933556450395,0.8799999999999948,0.060000000000002614,0.060000000000002614,40.77021055738817,40.193750633172876,-0.5735764363510458,-0.819152044288992,0.0,33.036213199999494,2.098521736803984,1f76b6f0d3fd44698117cf28,2022-11-18 14:20:00+00:00,selective_long_5m_v1,BTCUSDT,335168694.1370381,657007.1448061033,334183183.41982895,336811211.99905336,48,MATURED,2022-11-18 15:00:00+00:00,336811211.99905336,profit_target,False,True,0.004900570640239188,0.002000570640239188,1,8.0,,,1,1,8
0.0008600000000000829,0.0024219501228801565,0.002553506159183483,0.003300175361672819,2.015667709340352,0.1894522638493592,0.0019619571577379723,0.00031839407043054584,4.58490347164651,0.6400000000000153,0.1799999999999923,0.1799999999999923,39.78520790142382,33.001753616728195,-0.4226182617406993,-0.90630778703665,1.0,24.219501228801565,1.2917732038024765,46f19664a0a736026b26d900,2022-11-19 13:40:00+00:00,selective_long_5m_v1,BTCUSDT,346517105.8168558,679851.7160360266,345497328.2428017,348216735.1069459,48,MATURED,2022-11-19 16:40:00+00:00,345497328.2428017,stop_loss,False,False,-0.0029429357366069775,-0.005842935736606977,0,36.0,,,0,0,36
0.0008600000000000829,0.0024219501228801565,0.0025533411262477212,0.003283289432420622,2.0075469978464966,0.18948548815973867,0.0019618166463844008,0.00031915942448972686,4.584376928341117,0.6400000000000743,0.17999999999996286,0.17999999999996286,39.62144574036542,32.83289432420622,-0.2588190451025208,-0.9659258262890683,1.0,24.219501228801565,1.2917218669546713,0d9cdd757717203d9d867614,2022-11-20 13:00:00+00:00,selective_long_5m_v1,BTCUSDT,358597227.2351697,703502.0097372455,357541974.2205638,360355982.25951284,48,MATURED,2022-11-20 13:40:00+00:00,357541974.2205638,stop_loss,False,False,-0.0029427249695765934,-0.005842724969576593,0,8.0,,,0,0,8
0.0008600000000000829,0.0024219501228803786,0.0025236093269762616,0.0032844998950594118,2.0681532339236686,0.18913468903108063,0.00196127370688826,0.0003194366912791391,4.58486915399777,0.6399999999999378,0.18000000000003108,0.18000000000003108,40.81094591383838,32.84499895059412,-0.08715574274765794,-0.9961946980917455,0.0,24.219501228803786,1.291739514398981,396afe3c4be4d6ecf4cf258b,2022-11-21 12:20:00+00:00,selective_long_5m_v1,BTCUSDT,371367096.9607618,728352.5228725652,370274568.17645293,373187978.2679432,48,MATURED,2022-11-21 13:00:00+00:00,373187978.2679432,profit_target,False,True,0.004903184267220695,0.002003184267220695,1,8.0,,,0,1,8
0.0012000000000000899,0.0033036213199997277,0.0034098736577026223,0.004257436341728704,2.18114154987489,0.24887958462921655,0.001977498982667301,0.00044028037516311973,5.049623380309151,0.8799999999999727,0.06000000000001365,0.06000000000001365,43.436983072189236,42.574363417287046,0.0871557427476582,-0.9961946980917455,0.0,33.03621319999728,2.098403096758476,a55fb700bac250f6569069d8,2022-11-22 11:40:00+00:00,selective_long_5m_v1,BTCUSDT,384900914.000636,761141.1658639719,383759202.25184,386803766.9152959,48,MATURED,2022-11-22 12:20:00+00:00,386803766.9152959,profit_target,False,True,0.004943747456668257,0.0020437474566682573,1,8.0,,,1,1,8
0.0011999999999998678,0.00330362131999995,0.0034215033152948937,0.004114736146266562,2.155829692661718,0.24739358547278478,0.001967955116767021,0.0004470107195444225,5.04958376740739,0.8799999999999517,0.060000000000024145,0.060000000000024145,42.72140582579631,41.14736146266562,0.258819045102521,-0.9659258262890682,0.0,33.036213199999494,2.0984192410210367,cfe1ad4368647a2603432185,2022-11-23 11:00:00+00:00,selective_long_5m_v1,BTCUSDT,398718452.56454515,784660.0188738254,397541462.53623444,400680102.61172974,48,MATURED,2022-11-23 14:00:00+00:00,400680102.61172974,profit_target,False,True,0.004919887791917654,0.0020198877919176544,1,36.0,,,1,1,36
0.0008600000000000829,0.0024219501228801565,0.0024992820621787537,0.003284564552501257,2.139583823686706,0.18894800024159622,0.0019616769267921472,0.00031878150523085804,4.584533680545704,0.6400000000000301,0.17999999999998495,0.17999999999998495,42.23509069378517,32.84564552501257,0.4226182617406995,-0.9063077870366499,0.0,24.219501228801565,1.2917178618374185,df81128931317c7415ce2371,2022-11-24 10:20:00+00:00,selective_long_5m_v1,BTCUSDT,412967200.16947156,810108.2280944064,411752037.82732993,414992470.7397076,48,MATURED,2022-11-24 14:20:00+00:00,412747102.7121747,time_exit,False,False,-0.0005329659527597563,-0.003432965952759756,0,48.0,,,0,0,180
0.0012000000000000899,0.003303621320000172,0.0034222576997777754,0.004214596384841451,2.7341887776775966,0.2485979253437838,0.0019744787189146787,0.00044260337757724965,5.04951294002226,0.8800000000000777,0.059999999999961154,0.059999999999961154,54.42673850599044,42.14596384841451,0.5735764363510464,-0.8191520442889916,0.0,33.03621320000172,2.0984551602276147,564e3ae8b703394e5cd14056,2022-11-25 09:40:00+00:00,selective_long_5m_v1,BTCUSDT,428121871.7377589,845317.5248481246,426853895.45048666,430235165.5498792,48,MATURED,2022-11-25 12:40:00+00:00,430235165.5498792,profit_target,False,True,0.0049361967972867404,0.0020361967972867406,1,36.0,,,1,1,36
0.0012000000000000899,0.003303621320000172,0.0034146072213636636,0.004245399305380149,2.226822130175274,0.24880379435121303,0.0019772617079909273,0.0004411456840235401,5.049458325346163,0.879999999999996,0.060000000000001975,0.060000000000001975,44.3453406181904,42.45399305380148,0.7071067811865476,-0.7071067811865475,1.0,33.03621320000172,2.0984288340506456,a47734b4fa2ee5c55e731a53,2022-11-26 09:00:00+00:00,selective_long_5m_v1,BTCUSDT,443758786.09263915,877427.2553255123,442442645.2096509,445952354.2309529,48,MATURED,2022-11-26 12:00:00+00:00,445952354.2309529,profit_target,False,True,0.004943154269977379,0.002043154269977379,1,36.0,,,1,1,36
0.001200000000000312,0.003303621320000172,0.0033869606979817224,0.004182386334314447,2.219416309193326,0.24791654905641175,0.0019724452283234437,0.00044361449626915603,5.049392554910672,0.8799999999999392,0.06000000000003043,0.06000000000003043,44.088351717253005,41.823863343144474,0.8191520442889917,-0.5735764363510462,1.0,33.03621320000172,2.0984268914399324,bb63b4bc84d1a6801e33da88,2022-11-27 08:20:00+00:00,selective_long_5m_v1,BTCUSDT,460167326.24678993,907654.8468858382,458805843.9764612,462436463.36400455,48,MATURED,2022-11-27 11:20:00+00:00,458805843.9764612,stop_loss,False,False,-0.0029586678424852186,-0.0058586678424852184,0,36.0,,,1,0,36
0.0008599999999998609,0.0024219501228799345,0.002537121054867697,0.0032533719036533792,2.1260519216210465,0.18953159787526166,0.0019636119946120838,0.00032215154259244543,4.584908214211214,0.639999999999959,0.18000000000002048,0.18000000000002048,42.008774728143905,32.533719036533796,0.90630778703665,-0.42261826174069933,0.0,24.219501228799345,1.29174091103946,42e42b4af7a25a84e336c1b2,2022-11-28 07:40:00+00:00,selective_long_5m_v1,BTCUSDT,476937242.23649913,936519.6895327987,475532462.70219994,479278541.46033114,48,MATURED,2022-11-28 07:50:00+00:00,475532462.70219994,stop_loss,False,False,-0.0029454179919181644,-0.005845417991918164,0,2.0,,,0,0,2
0.0008600000000000829,0.0024219501228799345,0.0025672633932243283,0.003366058294862029,2.172299337516983,0.19131997323294533,0.0019728902745497147,0.0003158917353453227,4.584791504648467,0.6400000000000359,0.17999999999998204,0.17999999999998204,43.13147191208566,33.66058294862029,0.9659258262890683,-0.25881904510252063,0.0,24.219501228799345,1.2917413317067774,81eb4f410f7a07582f499572,2022-11-29 07:00:00+00:00,selective_long_5m_v1,BTCUSDT,494616901.3758456,975824.8743523213,493153164.0643171,497056463.5617264,48,MATURED,2022-11-29 11:00:00+00:00,494331751.68491334,time_exit,False,False,-0.0005765061609077637,-0.0034765061609077635,0,48.0,,,0,0,180
0.0012000000000000899,0.003303621320000172,0.0034329927653315995,0.00425031084569838,2.8568451683316827,0.24950189517902033,0.001981466300721662,0.0004417844735795786,5.0491449571265985,0.8800000000000306,0.05999999999998466,0.05999999999998466,57.085793531621576,42.503108456983796,0.9961946980917455,-0.08715574274765801,0.0,33.03621320000172,2.0984822046840814,557815833816dabc3dc82597,2022-11-30 06:20:00+00:00,selective_long_5m_v1,BTCUSDT,513559831.09182316,1017601.4987127564,512033428.84375405,516103834.83860505,48,MATURED,2022-11-30 10:20:00+00:00,514032896.436815,time_exit,False,False,0.0009211494286578414,-0.0019788505713421584,0,48.0,,,1,1,180
0.0012000000000000899,0.003303621320000172,0.003419565044758377,0.004146260499093168,2.68532283607736,0.24822637160269873,0.0019740359852507133,0.00044481404005682177,5.049256923918004,0.8799999999999836,0.06000000000000821,0.06000000000000821,53.43651570745456,41.46260499093168,0.9961946980917455,0.08715574274765814,0.0,33.03621320000172,2.0984875946189514,0a833dd6be8cfe1f7f58b43c,2022-12-01 05:40:00+00:00,selective_long_5m_v1,BTCUSDT,532925262.6305848,1052013.6458819616,531347242.1617618,535555296.7452897,48,MATURED,2022-12-01 06:20:00+00:00,535555296.7452897,profit_target,False,True,0.00493508996312686,0.00203508996312686,1,8.0,,,1,1,8
0.0012000000000000899,0.003303621320000172,0.003459002728368521,0.004284481430863574,2.2527509098055845,0.25001223715086335,0.0019837334220163985,0.00043892715029917613,5.049065434924871,0.8799999999999873,0.06000000000000633,0.06000000000000633,45.01251083921743,42.84481430863573,0.9659258262890683,0.25881904510252074,0.0,33.03621320000172,2.098576415099864,0ae332eb266717eca187452c,2022-12-02 05:00:00+00:00,selective_long_5m_v1,BTCUSDT,553107936.9926697,1097218.7005948992,551462108.9417773,555850983.744157,48,MATURED,2022-12-02 05:40:00+00:00,551462108.9417773,stop_loss,False,False,-0.0029756001330245585,-0.005875600133024558,0,8.0,,,1,0,8
0.0008600000000000829,0.0024219501228799345,0.0025320450497019475,0.003321385608449523,2.1844082498390436,0.19053723341090625,0.001969425441042469,0.0003174241592673592,4.5848174271301145,0.6400000000000372,0.17999999999998142,0.17999999999998142,43.29590914972536,33.213856084495234,0.9063077870366498,0.4226182617406996,1.0,24.219501228799345,1.291828780336433,e82023c5e27b7289c090c122,2022-12-03 04:20:00+00:00,selective_long_5m_v1,BTCUSDT,573547886.2366557,1129559.7988106015,571853546.5384398,576371785.7336823,48,MATURED,2022-12-03 05:00:00+00:00,571853546.5384398,stop_loss,False,False,-0.0029541381615637574,-0.005854138161563757,0,8.0,,,0,0,8
0.0012000000000000899,0.003303621320000172,0.0034364749049740073,0.004305841009378364,2.2974265933057856,0.2500159214394904,0.0019845759310264193,0.0004386800621769119,5.049100890939127,0.8800000000000529,0.059999999999973574,0.059999999999973574,45.928922793521124,43.058410093783635,0.8191520442889917,0.5735764363510462,1.0,33.03621320000172,2.098519474227114,07674fc43f7472b07c94316b,2022-12-04 03:40:00+00:00,selective_long_5m_v1,BTCUSDT,596200215.2089508,1183204.597176455,594425408.313186,599158226.7018919,48,MATURED,2022-12-04 07:40:00+00:00,596752012.1180799,time_exit,False,False,0.0009255228278235439,-0.001974477172176456,0,48.0,,,1,1,180
0.0012000000000000899,0.003303621320000172,0.003430022108342312,0.0042248978256249625,2.724032835598798,0.24848250753844348,0.0019754364821695175,0.00044126642742032857,5.048857512385995,0.8799999999998869,0.06000000000005656,0.06000000000005656,54.24992619358582,42.24897825624963,0.7071067811865475,0.7071067811865476,0.0,33.03621320000172,2.0985686757156388,eb100694a26918c905b02715,2022-12-05 03:00:00+00:00,selective_long_5m_v1,BTCUSDT,619021906.9622929,1222838.4582754583,617187649.2748797,622079003.1079816,48,MATURED,2022-12-05 07:00:00+00:00,618713217.4375376,time_exit,False,False,-0.0004986730215578161,-0.003398673021557816,0,48.0,,,1,0,180
0.0012000000000000899,0.0033036213199997277,0.003458932935468395,0.0042497656489037805,2.857825028725226,0.24967014591920064,0.0019820591547245196,0.0004411190733570647,5.048996676009494,0.8800000000000218,0.05999999999998911,0.05999999999998911,57.12282108329081,42.49765648903781,0.5735764363510462,0.8191520442889918,0.0,33.03621319999728,2.0985912551682704,719b3d59b1aa3d496e2bf399,2022-12-06 02:20:00+00:00,selective_long_5m_v1,BTCUSDT,642833307.236253,1274133.6415694552,640922106.7738988,646018641.3401767,48,MATURED,2022-12-06 06:20:00+00:00,643430550.7096542,time_exit,False,False,0.0009290798511498721,-0.0019709201488501277,0,48.0,,,1,1,180
0.0008600000000000829,0.0024219501228799345,0.0025776533800583312,0.00341135580084595,2.6331293872765738,0.19182250011841537,0.0019758132863356287,0.00031393357007870334,4.584596789666707,0.6399999999999947,0.18000000000000266,0.18000000000000266,52.407619950909364,34.1135580084595,0.4226182617406994,0.9063077870366499,0.0,24.219501228799345,1.2918319270151981,7d926bbd4591687ddb5f3820,2022-12-07 01:40:00+00:00,selective_long_5m_v1,BTCUSDT,666732187.0157229,1317338.3135332763,664756179.5454229,670025532.799556,48,MATURED,2022-12-07 01:50:00+00:00,664756179.5454229,stop_loss,False,False,-0.0029637199295035055,-0.005863719929503505,0,2.0,,,0,0,2
0.0012000000000000899,0.003303621320000172,0.0034590958243663206,0.004225358154178904,2.251364236901566,0.24924257115065065,0.001978942341694818,0.00044152920070635374,5.0491046221995095,0.8799999999999848,0.06000000000000758,0.06000000000000758,44.8748686715561,42.253581541789046,0.25881904510252074,0.9659258262890683,0.0,33.03621320000172,2.0985906810945063,bf04e4e8fe0346eaa8483d15,2022-12-08 01:00:00+00:00,selective_long_5m_v1,BTCUSDT,692441640.3718976,1370302.081284564,690386187.2499707,695867395.575109,48,MATURED,2022-12-08 01:40:00+00:00,690386187.2499707,stop_loss,False,False,-0.0029684135125422895,-0.005868413512542289,0,8.0,,,1,0,8
0.0012000000000000899,0.00330362131999995,0.003454951175444698,0.004134531105964179,2.2374876270627895,0.24837626371493002,0.0019735059235308325,0.00044639545530481657,5.049125523564374,0.8800000000000877,0.059999999999956165,0.059999999999956165,44.473228504180454,41.34531105964179,0.08715574274765817,0.9961946980917455,0.0,33.036213199999494,2.0985514313941,4819268ff7b60555ea6d336d,2022-12-09 00:20:00+00:00,selective_long_5m_v1,BTCUSDT,718785786.8458863,1418528.008090127,716657994.8337512,722332106.8661116,48,MATURED,2022-12-09 03:20:00+00:00,722332106.8661116,profit_target,False,True,0.0049337648088270125,0.0020337648088270127,1,36.0,,,1,1,36
0.0012000000000000899,0.00330362131999995,0.00346022338889429,0.004281147228746729,2.3182447562271262,0.2497694667485334,0.0019829761541488057,0.0004395264984220645,5.0491846236475775,0.8800000000000797,0.059999999999960134,0.059999999999960134,46.30927564141629,42.81147228746729,-0.08715574274765743,0.9961946980917455,0.0,33.036213199999494,2.098507590102646,3ff514df42a18d0a8f88e74f,2022-12-09 23:40:00+00:00,selective_long_5m_v1,BTCUSDT,746514790.6597992,1480321.0285977696,744294309.1169026,750215593.2312937,48,MATURED,2022-12-10 03:40:00+00:00,747282808.4507675,time_exit,False,False,0.0010288045201214402,-0.0018711954798785596,0,48.0,,,1,1,180
0.000860000000000305,0.0024219501228803786,0.00250904924019979,0.0032262203812336576,2.6043208642413007,0.18793325238786387,0.001956379246893765,0.00032103472267297435,4.585231197840299,0.6400000000000688,0.1799999999999656,0.1799999999999656,51.3156173058027,32.26220381233658,-0.25881904510252157,0.9659258262890681,1.0,24.219501228803786,1.291768882570042,0d813d5f6f96c107956aabfa,2022-12-10 23:00:00+00:00,selective_long_5m_v1,BTCUSDT,774244323.2333357,1514715.5259990061,771972249.9443372,778031112.0483333,48,MATURED,2022-12-10 23:40:00+00:00,778031112.0483333,profit_target,False,True,0.0048909481172345615,0.0019909481172345617,1,8.0,,,0,1,8
0.0012000000000000899,0.00330362131999995,0.0033949855938673057,0.00417047933719239,2.2526312212405917,0.24833574983483223,0.001974988474771903,0.0004442206681141292,5.0493863484923995,0.880000000000087,0.0599999999999565,0.0599999999999565,44.809435480248624,41.7047933719239,-0.4226182617407,0.9063077870366497,1.0,33.036213199999494,2.0984545624602413,ef46e7ef6116ee18a3709be9,2022-12-11 22:20:00+00:00,selective_long_5m_v1,BTCUSDT,804725270.0894052,1589323.1337842818,802341285.3887287,808698577.9238659,48,MATURED,2022-12-12 02:20:00+00:00,805495224.163145,time_exit,False,False,0.0009567912210017848,-0.001943208778998215,0,48.0,,,1,1,180
0.0008600000000000829,0.0024219501228801565,0.0025383145560511355,0.003289755079290302,2.6061997232976606,0.18993985213610803,0.00196562616933157,0.0003190012461690671,4.584910976808305,0.6399999999999362,0.1800000000000319,0.1800000000000319,51.59842665857673,32.89755079290302,-0.5735764363510465,0.8191520442889916,0.0,24.219501228801565,1.29175023383143,462648cb1b93f2401184fe1b,2022-12-12 21:40:00+00:00,selective_long_5m_v1,BTCUSDT,834591017.238712,1640493.9441734676,832130276.3224517,838692252.0991457,48,MATURED,2022-12-13 00:40:00+00:00,832130276.3224517,stop_loss,False,False,-0.002948439253997459,-0.005848439253997459,0,36.0,,,0,0,36
