atr_pct,bar_cos,bar_sin,body_atr,body_change_ratio,close_location,closing_bar,distance_session_high_atr,distance_session_low_atr,doji_score,ema_slope_atr,ema_spread_atr,engulfing_strength_signed,gap_bps,hammer_score,inverted_hammer_score,lower_wick_body,lower_wick_range,marubozu_score,open_location,opening_bar,overlap_fraction,overnight_gap_abs,range_atr,range_change_ratio,realized_vol_13,relative_volume,return_1,return_13,return_2,return_26,return_4,return_8,shock_volume_flag,signed_body_fraction,three_bar_body_balance,three_bar_close_progress,upper_wick_body,upper_wick_range,volume_zscore,valid,entry_time,exit_time,entry_price,exit_price,net_return,gross_return,bars_held,exit_reason,mfe,mae,gap_through_stop,gap_through_target,symbol,signal_time,session,predicted_net_return,spot,strike,dte,iv,delta,open_interest,option_volume,spread_fraction,premium_mid,liquid,expected_option_return,option_downside_semivariance,option_probability_profit,option_cvar10,option_utility,expected_exit_iv,entry_fill,expected_hold_sessions,realized_option_return,option_exit_fill,realized_exit_iv,fold,bull_regime_score,extreme_bull_regime,option_overlay_eligible,stress_scenario
0.011570453016215078,-0.35460488704253545,0.9350162426854148,0.19366593867538323,1.0147787053540214,0.6750286499402175,0.0,0.22567650838986245,1.6383581052010918,0.721123470045846,0.5049260087291106,0.31580646509014565,0.0,0.0,0.23049451765916315,0.16914105319704908,1.4205287194647858,0.39615211998606353,0.2788765299541539,0.39615211998606353,0.0,0.513396959066539,0.0,0.6944504749367796,1.0091773602387866,0.003848430826012272,1.4397546771644638,0.0022458351175547175,0.01825965961815279,0.004468853213150714,0.04575581256866523,0.009142897889527601,0.0204339054288043,0.0,0.27887652995415396,1.0,0.9769431772568882,1.1652875561524332,0.3249713500597825,0.9970702613601192,True,2017-05-10 16:00:00+00:00,2017-05-10 17:00:00+00:00,117.36660955398709,120.28627696324835,0.02427647398486237,0.02487647398486237,3,target,0.0365593535754114,-0.012189804075205535,False,False,NVDA,2017-05-10 15:30:00+00:00,91,0.006707136007799455,117.36660955398709,117.5,21.0,0.2920171939962453,0.5271934206338772,2179.0,355.0,0.027501442110305856,4.071699505059627,True,0.01871960467775528,0.005089927403051188,0.5432098765432098,-0.18016667448977622,-0.04526072195799469,0.2763391048262212,4.127688309174106,0.38461538461538464,0.3525354991285965,5.582844967496072,0.2846869931862984,1,0,False,False,mixed_control
0.014302128331224821,-0.9709418174260521,-0.23931566428755743,1.544386594715374,5.9292791381875105,0.8270031221625493,0.0,0.5735329981657913,3.2019316352889446,0.5341609638604613,0.6479753635374402,0.6163905618729177,0.0,0.0,0.11416335429977742,0.042241818108332434,0.7752980278679157,0.3611640860230106,0.4658390361395387,0.3611640860230106,0.0,0.23020687840773596,0.0,3.31527947403009,4.343918856447325,0.006025211618291676,1.6901997697073432,0.0225869154029803,0.049644897221141404,0.026497240044791814,0.0897210764659424,0.03043490275951588,0.037053904829923434,0.0,0.4658390361395387,1.0,2.3487359922074087,0.3713662111080915,0.1729968778374507,1.4381102078577397,True,2017-05-10 17:30:00+00:00,2017-05-11 13:30:00+00:00,120.66765125423713,137.69846556605142,0.14053819349919822,0.1411381934991982,6,gap_through_target,0.1411381934991982,-0.007443209923837735,False,True,NVDA,2017-05-10 17:00:00+00:00,91,0.011065032335329284,120.66765125423713,120.0,14.0,0.3984846799062536,0.5515959502133393,1629.0,202.0,0.03432487754066033,4.984680269804258,True,0.055878646544229506,0.0020739085772333446,0.691358024691358,-0.1256481536930028,-0.011088862401023213,0.37613536068337805,5.070229539724447,0.38461538461538464,2.525406801678668,17.87462170541667,0.3674437073862693,1,4,True,True,mixed_control
0.02197214596405832,1.0,0.0,0.3262414311609879,2.3385917086830794,0.8194427050406867,0.0,0.16993827429653421,0.7712492547635794,0.6533725521344527,1.316863482656906,1.3768660961154686,0.0,1181.9080862343912,0.24343709528861332,0.0598073492599173,1.3640444808573355,0.4728152571751393,0.34662744786554733,0.4728152571751393,1.0,0.0,0.11819080862343911,0.9411875290601137,2.2287748144467217,0.03291279452550233,1.994097208384477,0.1262641225254173,0.19250865976921827,0.13016569387453192,0.20824667682162334,0.1455361906483965,0.1798325102596836,0.0,0.3466274478655474,1.0,8.759171269696303,0.5208972805557156,0.18055729495931333,2.1613448892735327,True,2017-05-11 14:00:00+00:00,2017-05-11 14:30:00+00:00,138.692645564458,134.57868924360503,-0.030262397051478773,-0.029662397051478773,2,stop,0.01575941022430727,-0.03325180289484386,False,False,NVDA,2017-05-11 13:30:00+00:00,92,0.005062286031841801,,,,,,,,,,,,,,,,,,,,,,1,5,True,False,mixed_control
0.007439920894332958,1.0,0.0,0.48181784515457304,0.616687554401382,0.6656574262307553,0.0,0.4046449244916455,0.8056254874688782,0.6018924032241079,0.5260421992280401,0.446822841463536,0.0,-83.84919046097616,0.08975374985329342,0.12341470459589873,0.6720540668437606,0.2675498294548632,0.39810759677589214,0.2675498294548632,1.0,0.46190529085692494,0.008384919046097616,1.2102704119605237,0.6692183339783603,0.002540807921824494,1.4531689934887124,-0.00481750162645278,0.01132554343961134,0.0009729318730871128,0.021226280260590924,0.004869802652165411,0.0056374806684098555,0.0,0.39810759677589214,1.0,0.38540373374350656,0.8398296753859009,0.33434257376924464,1.4032492940394676,True,2017-05-12 14:00:00+00:00,2017-05-12 15:30:00+00:00,326.09153385668765,322.8163053148103,-0.010643893207349552,-0.010043893207349552,4,stop,0.0029829954098568034,-0.011820187716180652,False,False,MSFT,2017-05-12 13:30:00+00:00,93,0.008548776030449342,326.09153385668765,325.0,14.0,0.2526643480986627,0.5491019270890666,1359.0,134.0,0.0345581461047339,8.665037476151184,True,0.09340670916985619,0.004623814223224297,0.691358024691358,-0.187797711612258,0.01610898368827765,0.23884314668620335,8.814761291703096,0.38461538461538464,-0.19342109168798116,7.109800539692924,0.26433206532234294,1,0,False,False,mixed_control
0.016514887750058847,0.120536680255323,0.992708874098054,0.3297991416109729,0.30289869981281003,0.7946148737117114,0.0,0.23724403131210536,2.164639245163953,0.6324031326412034,0.5146559494197828,0.865863689736065,0.0,0.0,0.1945825250048735,0.067485569893828,1.1616475663150405,0.42701800635291476,0.3675968673587966,0.42701800635291476,0.0,0.3735302864880982,0.0,0.8971761483730741,0.3735302864880338,0.0076381359702512915,2.382183225468228,0.00547642366995138,0.02568526620448708,0.02399021812264812,0.06332417917691124,0.03124591007590105,0.02018797127461447,1.0,0.36759686735879654,0.9002380517452933,1.43430491543731,0.5587238209175561,0.2053851262882887,3.0250259159297674,True,2017-05-15 15:30:00+00:00,2017-05-15 18:30:00+00:00,146.26781551532727,146.28733751757395,-0.0004665324823654554,0.00013346751763454456,7,momentum_decay,0.02016050438822692,-0.012265842179803754,False,False,TSLA,2017-05-15 15:00:00+00:00,94,0.010274527856593368,,,,,,,,,,,,,,,,,,,,,,1,1,False,False,mixed_control
0.015677994692673558,1.0,0.0,0.40391013723977565,1.307178619874775,0.6871165587844803,0.0,0.3308812867044402,0.7266412380383228,0.618060014997766,0.242300775329855,1.2328905311805358,0.0,-28.41642270256517,0.11310866441103518,0.11726578052738158,0.7990170858391156,0.3051765737822462,0.38193998500223414,0.3051765737822462,1.0,0.5275412241280103,0.002841642270256517,1.0575225247427629,1.2187499276574372,0.007333104942583404,2.013349632865388,0.003513105461511623,0.034795926749982664,0.008415439103510503,0.016594771142943276,-0.002428479450390819,0.005996386154821343,1.0,0.3819399850022341,1.0,0.7453571389758281,0.8191953016214201,0.31288344121551964,2.0068313636737747,True,2017-05-16 14:00:00+00:00,2017-05-16 16:30:00+00:00,147.9974793670057,148.0270788628791,-0.000400000000000022,0.00019999999999997797,6,stop,0.0194523347107054,-0.013649459106363504,False,False,TSLA,2017-05-16 13:30:00+00:00,95,0.007404290818667945,,,,,,,,,,,,,,,,,,,,,,1,0,False,False,mixed_control
0.008627575859358505,1.0,0.0,0.3184033189435725,0.597917068142403,0.6037129803859811,0.0,0.33683500757393114,0.5131423848271784,0.6253978967086269,0.04711418827344496,-0.057826378576259115,0.0,-191.0099799170506,0.07697348887763081,0.1700069653697627,0.6116112939070784,0.22911087709460798,0.3746021032913731,0.22911087709460798,1.0,0.0,0.01910099799170506,0.8499773924011096,0.6637229987486162,0.0055059393430765295,1.1205435047340389,-0.01639899805137013,-0.0006701830441997458,-0.01193390637181202,-0.024718589076641262,-0.01221308173643354,-0.0045881174577715456,0.0,0.3746021032913731,1.0,-1.5478916827763236,1.0578878659026965,0.39628701961401885,0.2763351855752699,True,2017-05-18 14:00:00+00:00,2017-05-18 19:30:00+00:00,322.9720240439547,323.03661844876353,-0.000400000000000022,0.00019999999999997797,12,stop,0.009665173467930055,-0.0027197753068054498,False,False,MSFT,2017-05-18 13:30:00+00:00,97,0.005875174669517292,,,,,,,,,,,,,,,,,,,,,,1,0,False,False,mixed_control
0.01486436377214207,-0.970941817426052,0.23931566428755768,0.09441164048671705,0.4198981598873252,0.4108885720840082,0.0,2.879874687847733,0.7774859003571964,0.792407041092708,-0.37188903103109616,0.05742015951258713,0.0,0.0,0.1062836650062035,0.5971852989409872,0.979299173949914,0.20329561317671613,0.207592958907292,0.20329561317671613,0.0,0.5680682866681801,0.0,0.45479211329551833,0.636556913509266,0.008466313537507056,1.1651711025372569,0.0014053411807224414,-0.02867373039256682,0.0047681615246970566,0.029135367626774267,0.007288935382888662,-0.03199161097537173,0.0,0.20759295890729207,0.30987485559167294,0.14414216733061241,2.837819890491668,0.5891114279159918,0.3987200232348208,True,2017-05-22 17:00:00+00:00,2017-05-23 14:30:00+00:00,146.83244980915612,151.52497734632001,0.031358382110105484,0.03195838211010549,9,target,0.033463320537379104,-0.00362943697225504,False,False,TSLA,2017-05-22 16:30:00+00:00,99,0.0022132074007439476,,,,,,,,,,,,,,,,,,,,,,1,0,False,False,mixed_control
0.013206872824993736,-0.9709418174260521,-0.23931566428755743,0.13375135443545375,0.19853749986100117,0.6913930691964696,0.0,0.16565011221577833,2.994998366633456,0.7508206035539956,0.7554177245460311,0.1949314301115861,0.0,0.0,0.3070859773889893,0.17289257288097717,1.7746799256104344,0.44221367275046525,0.2491793964460044,0.44221367275046525,0.0,0.3259459034825711,0.0,0.5367673103921208,0.33311926672221176,0.008159093177901165,1.1883441176505702,0.0017695629498950538,0.05224101212375154,0.010778623728572523,0.023021697396596208,0.018420083888583072,0.0451130954102994,0.0,0.24917939644600437,1.0,1.0317923932440913,1.2384929701400726,0.3086069308035304,0.6495079921420669,True,2017-05-26 17:30:00+00:00,2017-05-26 18:00:00+00:00,124.10283684310306,121.89017282550252,-0.018429278313741592,-0.017829278313741592,2,stop,0.013443246510316698,-0.01859899205874993,False,False,NVDA,2017-05-26 17:00:00+00:00,103,0.006052107883143552,,,,,,,,,,,,,,,,,,,,,,1,2,False,False,mixed_control
0.015121759494779523,1.0,0.0,0.4028162686288536,1.4665710900788842,0.6830233225249442,0.0,0.3292292287116051,0.7094251963841137,0.6121748881089767,0.6381549150315174,0.7216842921254258,0.0,97.26553297773944,0.10608832276538273,0.11754729408420905,0.7611632191483475,0.29519821063392093,0.3878251118910233,0.29519821063392093,1.0,0.0,0.009726553297773943,1.0386544250957188,1.3320074643013726,0.00763135121853415,1.9824707107196573,0.015914785618749594,0.04136491764137351,0.0202196271048809,0.06337145764819785,0.032738439780694906,0.034374900737203395,0.0,0.3878251118910233,1.0,1.8433460615890265,0.8173185999459331,0.31697667747505576,3.0750452373290154,True,2017-05-29 14:00:00+00:00,2017-05-29 16:00:00+00:00,126.99997460102735,124.40734945415156,-0.021014375317952316,-0.020414375317952316,5,stop,0.012130112624406664,-0.029108385439483575,False,False,NVDA,2017-05-29 13:30:00+00:00,104,0.008200242445609147,,,,,,,,,,,,,,,,,,,,,,1,4,True,False,mixed_control
0.013007494366588004,-0.3546048870425359,-0.9350162426854147,0.11944655422178149,2.24220317587359,0.46627062192849555,0.0,3.0312440578467603,0.3979220102910467,0.7668746236858419,-0.24320115671199546,0.5616939591632798,0.0,0.0,0.11920052784939557,0.4487947675203719,1.0000852300992715,0.23314524561433747,0.23312537631415808,0.23314524561433747,0.0,0.6216523226546296,0.0,0.5123704510864411,1.348677806010993,0.006873035777221357,1.6683373508267445,0.001556118122468142,0.005615375343818618,0.002251693813726474,0.04345895116379617,-0.0014322612140577062,-0.029975562222089636,0.0,0.23312537631415806,-0.19068133127232711,-0.07686051843053922,2.289452081567803,0.5337293780715044,2.0078504106430115,True,2017-05-29 18:30:00+00:00,2017-05-29 19:30:00+00:00,123.6645429351771,121.4929790436495,-0.018160117394893826,-0.017560117394893826,3,stop,0.006732574308479178,-0.017572175108497734,False,False,NVDA,2017-05-29 18:00:00+00:00,104,0.0062885271475258495,,,,,,,,,,,,,,,,,,,,,,1,0,False,False,mixed_control
0.017489500864035015,1.0,0.0,1.619706813384138,13.240644999954428,0.9412733996978018,0.0,0.20179986628225496,3.2344601120550465,0.5286425289136989,0.53172267033355,1.1030753874069907,0.0,-188.4909393894163,0.16535845323010562,0.011637777866144384,0.9969417213827423,0.4699159286115007,0.4713574710863011,0.4699159286115007,1.0,0.13627439822142856,0.01884909393894163,3.436259978337301,7.338135504912195,0.006622045509174777,1.7901900036138985,0.009755111234779568,0.0298950255503172,0.011941241509846101,0.0696577050987941,0.01829540196585322,0.03617395673120516,0.0,0.47135747108630105,1.0,1.338558853937877,0.12459036698165009,0.058726600302198215,1.765521098218474,True,2017-05-30 14:00:00+00:00,2017-05-30 14:30:00+00:00,154.24570504648094,150.60383651770738,-0.024210826166447274,-0.023610826166447274,2,stop,0.00867229361339672,-0.030729265824081642,False,False,TSLA,2017-05-30 13:30:00+00:00,105,0.01471137895010633,154.24570504648094,152.5,14.0,0.4362614416400486,0.5728822912388852,1150.0,139.0,0.047868282507739696,7.378965225087356,True,0.0725182571142729,0.0010409005496630596,0.7654320987654321,-0.09216833555622844,-0.0036554648256512945,0.41091846549393857,7.55557442109199,0.38461538461538464,-0.1676326327714086,6.289013588784028,0.5086921029624923,1,2,False,False,mixed_control
0.009037181954283201,-0.9709418174260521,-0.23931566428755743,0.7457752027706342,4.621220334059234,0.8873871258385494,0.0,0.19382451331732456,3.942335161411574,0.5667014062104547,0.5676726187606742,1.581090026618957,0.0,0.0,0.17567073310033032,0.026801309655082286,1.0479806271168095,0.45408853204900423,0.43329859378954516,0.45408853204900423,0.0,0.3221249742298281,0.0,1.721157680776735,3.104385192079932,0.003695198117848726,1.1473695002447422,0.006785438063446669,0.03343251537019154,0.008265896751691537,0.051428005722550685,0.011064757282948312,0.016409908895626213,0.0,0.4332985937895452,1.0,1.3377448406697283,0.25989669889396655,0.11261287416145056,0.3445894921019431,True,2017-05-30 17:30:00+00:00,2017-05-31 15:00:00+00:00,111.37244949160878,112.04985060936413,0.00548230420402478,0.00608230420402478,9,stop,0.016475063451450556,-0.008368639056290594,False,False,AAPL,2017-05-30 17:00:00+00:00,105,0.010064822591234836,111.37244949160878,112.5,14.0,0.2730392648086061,0.4642168861830102,1614.0,174.0,0.0346373743724228,2.4525948824237034,True,0.11165287939800496,0.0040572429489062495,0.7283950617283951,-0.1786405841770094,0.039677744322760514,0.25787585109976885,2.4950706059869026,0.38461538461538464,0.05566436613425507,2.6339571297293753,0.2709465099845848,1,0,False,False,mixed_control
0.009733783121553987,-0.970941817426052,0.23931566428755768,0.21904515010930806,0.32979911096006853,0.8332572128676542,0.0,0.4786662143035881,1.7984016276144101,0.6652580950313092,0.3548918410887713,1.527876113477043,0.0,0.0,0.27517971102923094,0.0553941071835252,1.4892527660781387,0.4985153078989633,0.33474190496869083,0.4985153078989633,0.0,0.4156520602830319,0.0,0.654370268131789,0.424554686975464,0.004582773533454749,1.1937200089538353,0.002136693710815374,0.01862627476365475,0.00867164876853077,0.04573940030601342,-0.0023245131526575813,0.01693794276935212,0.0,0.3347419049686909,0.5881225833199554,0.654075773322826,0.49812343377578494,0.1667427871323458,0.43649853712358655,True,2017-05-31 17:00:00+00:00,2017-06-01 13:30:00+00:00,112.68230453864732,111.20159063472559,-0.013740607214097932,-0.013140607214097932,7,stop,0.011404826958518965,-0.01336408750983975,False,False,AAPL,2017-05-31 16:30:00+00:00,106,0.007725868979177616,112.68230453864732,112.5,14.0,0.3142210273402228,0.5354185815763338,1466.0,190.0,0.03428405984049445,3.542728151365779,True,0.04082676815649602,0.005018070394829983,0.6049382716049383,-0.18524133519127972,-0.03428885728722147,0.2971747792049584,3.603457703335793,0.38461538461538464,-0.22041893284645753,2.8091874018091705,0.32630533749186624,1,0,False,False,mixed_control
0.009034531430138342,1.0,0.0,0.5971675422479403,24.621064736599713,0.8400213186951816,0.0,0.22800638345507349,1.1972234133866517,0.5810026259826667,0.17515728914778278,1.037667897097342,0.0,134.6818920526993,0.16347172424950582,0.042812269938663494,1.0048367144653048,0.42102394467784826,0.4189973740173333,0.42102394467784826,1.0,0.0,0.013468189205269931,1.4252297968417253,5.129061691304366,0.006179285639713843,1.1603223797319735,0.018965640208925105,0.02250775040575248,0.019193208138448714,0.029160087239265442,0.014257422036374257,0.010635389316097088,0.0,0.4189973740173333,0.386056825474358,1.9772789265410542,0.38181308816017,0.15997868130481843,0.5063431982869409,True,2017-06-02 14:00:00+00:00,2017-06-02 15:00:00+00:00,114.64966123813728,113.25132318145789,-0.012796617430686674,-0.012196617430686674,3,stop,0.0016665401920872291,-0.013116189976456027,False,False,AAPL,2017-06-02 13:30:00+00:00,108,0.009413706267798444,114.64966123813728,115.0,14.0,0.4054203813458949,0.5155968577087211,2079.0,317.0,0.03370739550421528,4.323491598319237,True,0.030023758689104566,0.003386956053751881,0.5925925925925926,-0.15181190186171045,-0.03353898834422705,0.38305028266686714,4.396358418951086,0.38461538461538464,-0.13927784951396038,3.7840430726669836,0.42899433650748875,1,1,False,False,mixed_control
0.0077909150599813045,-0.970941817426052,0.23931566428755768,0.18387484269087162,4.760432119531827,0.781226406530054,0.0,1.360619668297752,0.6039078026395736,0.7119369382324705,0.049379950315139164,1.1274243556329393,0.0,0.0,0.3173952356848481,0.09134727912773322,1.7119978581547033,0.49316334476252466,0.2880630617675294,0.49316334476252466,0.0,0.54496730094278,0.0,0.6383145466920745,1.834972480489708,0.0057824385963647675,1.2087751567468559,0.0014346084340912668,0.0033091679606154223,0.0017364927137233366,0.00886081726221577,-0.0034241316222195506,0.010580049867535468,0.0,0.28806306176752944,0.1708514920778505,0.061897649378746575,0.7594642371924646,0.21877359346994593,0.7365491032121019,True,2017-06-02 17:00:00+00:00,2017-06-02 18:30:00+00:00,113.68076184784962,112.48509768251037,-0.011117735330974775,-0.010517735330974776,4,stop,0.00330877122872808,-0.010582408804865162,False,False,AAPL,2017-06-02 16:30:00+00:00,108,0.006723630771815687,113.68076184784962,112.5,14.0,0.3867927761193469,0.5731829269768609,1645.0,274.0,0.03462357202939259,4.861988353382763,True,0.0033115608356688053,0.004876697079998202,0.49382716049382713,-0.1714548986881177,-0.06781132003661249,0.3660227788168719,4.9461580553624716,0.38461538461538464,-0.14475374834233712,4.230183136955109,0.401025808413384,1,0,False,False,mixed_control
0.008033943451959534,1.0,0.0,0.08144028015016633,2.27087850618376,0.6766230031721155,0.0,0.13761841951152604,0.2879480891191811,0.8086308990521678,-0.22295355600762387,0.5685917374984805,0.0,-96.23113838448383,0.46245880862526856,0.23445497224074047,2.535696200767338,0.48525390222428333,0.19136910094783222,0.48525390222428333,1.0,0.0,0.009623113838448383,0.42556650863070716,1.2631452042539049,0.00351163917073839,1.1865626587463445,-0.0089746992585229,-0.02044294236804356,-0.008691646339599624,0.0016046833933298643,-0.007446226266948575,-0.01067693458090646,0.0,0.19136910094783227,-0.56105857335164,-1.501580060827526,1.689807786219558,0.3233769968278844,0.7334971816092607,True,2017-06-05 14:00:00+00:00,2017-06-05 17:00:00+00:00,112.30588482093033,114.24574194607365,0.016672978421712937,0.017272978421712937,7,target,0.0204106769854826,-0.006357742513925846,False,False,AAPL,2017-06-05 13:30:00+00:00,109,0.007078791163746712,112.30588482093033,112.5,14.0,0.2715167337381019,0.5158487569821018,2030.0,323.0,0.033663426401515525,2.8939890825743575,True,0.05093072796168632,0.006697695864139589,0.6049382716049383,-0.21418234676694087,-0.018933668229213087,0.25688379141061973,2.942699876818373,0.38461538461538464,0.2879597695346119,3.7900790551565224,0.26326281732860224,1,0,False,False,mixed_control
0.009115673164924312,0.5680647467311559,0.8229838658936564,0.6290459009604478,2.525376497377294,0.8251983544655941,0.0,0.2749682777909224,1.3923483374184218,0.6001056576854725,0.32789219058007135,0.880985554241866,0.0,0.0,0.1755573593138367,0.050251020811223804,1.0635409585662814,0.42530401215106656,0.3998943423145275,0.42530401215106656,0.0,0.517420015803068,0.0,1.5730302592420438,1.9326658603393465,0.003582698714752488,1.0518579776478252,0.005767247254521823,0.016799374842128456,0.00806939326986611,0.013821680876849651,0.00478292117383039,0.012207256195522431,0.0,0.3998943423145275,0.35312461441191545,0.5028875757597844,0.43711957644215993,0.17480164553440597,0.19796899247408845,True,2017-06-06 15:00:00+00:00,2017-06-06 17:00:00+00:00,115.64801508544876,114.99231545983224,-0.0062697871133546405,-0.005669787113354641,5,momentum_decay,0.006689661835066252,-0.007543346974641318,False,False,AAPL,2017-06-06 14:30:00+00:00,110,0.00914323749367176,115.64801508544876,117.5,14.0,0.2742562515287739,0.42894167576749087,1562.0,235.0,0.03508102522611198,2.2736402179141137,True,0.08957569915609065,0.005679936471947341,0.6666666666666666,-0.20531212853525055,0.01416679913785511,0.2591642644293167,2.3135210328339872,0.38461538461538464,-0.15737870787118724,1.9494220820537598,0.2764739349660962,1,0,False,False,mixed_control
0.009393750682232985,1.0,0.0,0.12914081954630202,0.6706345488761207,0.8037328602292806,0.0,0.10370247559036379,0.42467163589620366,0.7555882910633764,0.11892426294623074,1.2580128498647947,0.0,-110.66638192627099,0.4632494628818548,0.08912750650167035,2.288438445623299,0.559321151292657,0.24441170893662356,0.559321151292657,1.0,0.0,0.011066638192627098,0.5283741114865674,0.8034121940537559,0.004048116168370847,1.0649347263819864,-0.009865489520623272,-0.007906284401871688,-0.008088914357205268,0.07832643811196327,-0.007050388727855794,-0.002880406863266294,0.0,0.2444117089366236,0.2644298213107766,-1.070428519972221,0.8030185649618438,0.19626713977071936,0.1906105654123741,True,2017-06-07 14:00:00+00:00,2017-06-07 17:30:00+00:00,288.8840185421239,294.7184831015964,0.019596563966800918,0.020196563966800918,8,target,0.021093448443471274,-0.0032623704891950878,False,False,MSFT,2017-06-07 13:30:00+00:00,111,0.00718393839704157,288.8840185421239,290.0,14.0,0.28357930303381973,0.5035834850924785,1997.0,298.0,0.03383101136526798,7.474248070036225,True,0.04552743999881356,0.006615233810199813,0.5925925925925926,-0.2115822895767741,-0.024507939905364373,0.26827986894810973,7.600678755738339,0.38461538461538464,0.31725012384705087,10.011995032317975,0.2683882452917588,1,1,False,False,mixed_control
0.008393513817161283,-0.7485107481711013,-0.663122658240795,0.4688922847649131,1.1694307373898085,0.7794234933738537,0.0,0.2731625993308703,2.6601593333390623,0.6213734149157057,0.47794460647485604,1.256192542934428,0.0,0.0,0.17089059583462043,0.07230254907957694,1.0585545867044266,0.40079690828955955,0.37862658508429414,0.40079690828955955,0.0,0.5038644459650367,0.0,1.2384029628044289,1.1240216380893926,0.0035229674108720435,1.1907944421408272,0.003951204443999545,0.010972624571716327,0.0073547961403095385,0.036724654401952384,0.01262547432490968,0.018757646970256614,0.0,0.3786265850842942,1.0,1.1979131680914623,0.5825700447760385,0.22057650662614625,0.4991719821703695,True,2017-06-07 18:00:00+00:00,2017-06-08 13:30:00+00:00,294.3028029772861,299.6138074602072,0.017446054706896575,0.018046054706896575,5,target,0.024531922493062464,-0.010191901927716795,False,False,MSFT,2017-06-07 17:30:00+00:00,111,0.006758315199790756,294.3028029772861,295.0,14.0,0.2532657829581722,0.5109440744035724,1346.0,142.0,0.0345149156347251,6.987116777031645,True,0.05451924164852638,0.007736278536376558,0.6049382716049383,-0.22974146318598282,-0.027133692062099382,0.23966108631545938,7.107696650076255,0.38461538461538464,0.3587590476850986,9.657647131492178,0.25006781719343546,1,0,False,False,mixed_control
0.011373958055996856,-0.3546048870425359,-0.9350162426854147,0.27515005047279484,0.6206085569531109,0.6470693691462959,0.0,1.3953134993974923,1.4268885030022338,0.6438532945701978,0.1436501800358056,1.4159478147015518,0.0,0.0,0.11343971676070706,0.15080637243206435,0.8168618697878886,0.29092266371649356,0.3561467054298023,0.29092266371649356,0.0,0.31277341426480004,0.0,0.7725750267456225,0.6977947619448259,0.008565058467720016,1.0655080152530318,0.0031393699330783953,0.021922663000505827,0.008239584879594863,0.0343909378614522,-0.00215441668757832,0.002700149393077389,0.0,0.35614670542980226,0.27096615189269835,0.30348041432801115,0.9909698039391053,0.3529306308537042,0.14350307284536457,True,2017-06-08 18:30:00+00:00,2017-06-09 14:30:00+00:00,300.9407602165559,299.57975447849356,-0.0051225038212933775,-0.004522503821293378,6,momentum_decay,0.004029288558774491,-0.009950748331622128,False,False,MSFT,2017-06-08 18:00:00+00:00,112,0.004954554626861965,,,,,,,,,,,,,,,,,,,,,,1,0,False,False,mixed_control
0.017320613160309254,-0.7485107481711013,-0.663122658240795,1.055415779627851,4.947547911941122,0.6160059311149432,0.0,0.9134766610405216,2.103028431988668,0.5563396232552293,0.135577662205593,-0.11608631542589126,0.0,0.0,0.044376502712757934,0.13284391382245309,0.3884628048928527,0.17234555437017254,0.44366037674477066,0.17234555437017254,0.0,0.295496498631248,0.0,2.3788822147509725,3.384134853141582,0.010029531770699672,1.530446880444082,0.018620845854819823,0.022468253961006157,0.0224690630227371,0.009520711326328923,0.015510165414680976,0.03369866862227311,0.0,0.4436603767447706,0.5048336130607444,0.9509457450134815,0.8655135527367251,0.3839940688850568,1.6264763780847047,True,2017-06-09 18:00:00+00:00,2017-06-09 19:00:00+00:00,119.04893716007457,116.26523636668549,-0.023982827766417535,-0.023382827766417535,3,stop,0.012351159132644174,-0.03280045802648823,False,False,NVDA,2017-06-09 17:30:00+00:00,113,0.006354838783483483,,,,,,,,,,,,,,,,,,,,,,1,1,False,False,mixed_control
0.02738870320994561,1.0,0.0,0.3611375568581851,0.9822466098790845,0.6648376552774661,0.0,0.3074515822839129,0.6098697908507645,0.60631293739063,0.3264236199109888,-0.02157404445710268,0.0,703.8282349283231,0.09254449811836453,0.1254057535855713,0.6887465157496642,0.27115059266809605,0.39368706260937003,0.27115059266809605,1.0,0.0,0.07038282349283231,0.9173213731346774,1.0023022077788644,0.023737891600317054,2.2729959743110215,0.08107584124651579,0.09941369541572476,0.09297427202502906,0.09430442281741036,0.08774211102947005,0.05318856027810703,1.0,0.3936870626093701,0.2547887455011615,3.3857195399344726,0.8513420342056817,0.33516234472253387,3.700599269741766,True,2017-06-12 14:00:00+00:00,2017-06-13 13:30:00+00:00,158.9344841573683,158.96627105419978,-0.000400000000000022,0.00019999999999997797,13,stop,0.044126183790516915,-0.005817666825341239,False,False,TSLA,2017-06-12 13:30:00+00:00,114,0.0074770391065718585,,,,,,,,,,,,,,,,,,,,,,1,4,True,False,mixed_control
0.01036134697256502,-0.3546048870425359,-0.9350162426854147,0.057648123516505216,0.07663461657893861,0.8296239510902153,0.0,0.225865890244462,3.0210358891640423,0.8541971469567253,0.573789669811411,0.13276366847629462,0.0,0.0,0.7086624120682277,0.10519915925718624,4.690039212286745,0.6838210980469406,0.14580285304327467,0.6838210980469406,0.0,0.22219171786372646,0.0,0.39538405671249177,0.2221917178636138,0.0036970410900851063,1.4662121603426563,0.0005976692051856691,0.0351477497497672,0.008462614265699386,0.02179162083912578,0.006403402058461349,0.021410737755045206,0.0,0.14580285304327467,0.5479930114969872,0.5670197374076916,1.168537140055487,0.17037604890978472,1.2335559744587794,True,2017-06-13 18:30:00+00:00,2017-06-14 14:00:00+00:00,106.98737248640225,109.37071905563378,0.021676895991014678,0.022276895991014678,5,target,0.02288183273257327,-0.006452288198903533,False,False,AAPL,2017-06-13 18:00:00+00:00,115,0.01295811221323,106.98737248640225,107.5,14.0,0.2720429718858243,0.4968764200923445,1462.0,144.0,0.03449522847175465,2.6050170598359443,True,0.17486800699841373,0.0017085118979991826,0.8395061728395061,-0.11825648385754137,0.10579182164334555,0.2565019834454487,2.649947389161874,0.38461538461538464,0.41656942440626965,3.7538344477719328,0.2624741284156246,1,1,False,False,mixed_control
0.010134041370660962,-0.7485107481711013,-0.663122658240795,0.5140287462046284,0.9017652598304003,0.7854831876121476,0.0,0.9569654586511224,1.5126545623990828,0.597203265021268,-0.05359771816905686,0.6525041565662069,0.0,0.0,0.14855762893877975,0.0654458511191778,0.9500733729963962,0.38268645263341555,0.40279673497873214,0.38268645263341555,0.0,0.49043356679871974,0.0,1.2761492374851782,0.9204927251571715,0.004194161763236261,2.6794618355202195,0.0052364663203006145,0.010798716643521278,0.011107874955389896,0.02295591780138051,0.0064230918783187985,-0.006689017050996671,1.0,0.4027967349787321,0.7511157629814277,0.9718254489844917,0.5325683992921308,0.2145168123878523,3.591770623976655,True,2017-06-14 18:00:00+00:00,2017-06-14 19:00:00+00:00,311.21664232481356,317.99748933121293,0.021188188946920917,0.021788188946920917,3,target,0.022037474151202163,-0.008830512325554984,False,False,MSFT,2017-06-14 17:30:00+00:00,116,0.011296338769392015,311.21664232481356,310.0,14.0,0.3929675522209696,0.5448233626413758,1280.0,156.0,0.03472673908967189,12.438121773008703,True,0.060616790340345506,0.0020346009290139132,0.7037037037037037,-0.12517418054813606,-0.012732495581897832,0.37087767258252435,12.654089477797122,0.38461538461538464,0.13677049420197385,14.384795549351432,0.33140177503389007,1,0,False,False,mixed_control
0.011921680952908548,1.0,0.0,0.5881141726566971,1.5779869731623961,0.8533910461472546,0.0,0.20317193008606815,1.1826365403170074,0.5756165550888583,0.9670540134395773,1.075967630218263,0.0,116.23995919168406,0.16552616626332367,0.037848128459145994,1.0108961750987968,0.429007601236113,0.42438344491114166,0.429007601236113,1.0,0.0,0.011623995919168406,1.3858084704030755,1.4544269508588672,0.007059851977090812,1.7479283320791374,0.018766885895397767,0.03415802945481161,0.02339938879957626,0.04151409758995572,0.04081024258176025,0.05102745708421885,0.0,0.42438344491114166,1.0,3.35888378205146,0.3454634143030206,0.1466089538527454,1.5719665946524253,True,2017-06-15 14:00:00+00:00,2017-06-15 16:30:00+00:00,324.01452826450407,327.4896263214219,0.01012513036847833,0.01072513036847833,6,stop,0.024435063464323337,-0.003773506936021853,False,False,MSFT,2017-06-15 13:30:00+00:00,117,0.009986571983230379,324.01452826450407,325.0,21.0,0.44641658951797464,0.5266038683663845,1529.0,195.0,0.028289211123611033,16.69213923081685,True,0.011210277703437693,0.002378156186497339,0.5432098765432098,-0.12351047222152964,-0.05604687671252269,0.4216437657689247,16.928242956219492,0.38461538461538464,0.015611199515945806,17.19251313446344,0.42081790557866783,1,3,False,False,mixed_control
0.01382458253743847,1.0,0.0,0.880925710680893,1.5498152592027001,0.8187869342870745,0.0,0.35589661700066505,1.6080711333406381,0.5514561221650389,0.8264484035841212,1.2644300934166484,0.0,197.24859718937228,0.12423460994309335,0.046767832951280584,0.8254333070801121,0.37024305645211336,0.4485438778349611,0.37024305645211336,1.0,0.0,0.019724859718937227,1.9639677503413033,1.469661589647927,0.009437192609250812,1.272773729289789,0.032296611949816256,0.06182933417370373,0.04073885104553332,0.062231246372419724,0.04346276672954841,0.04880002139756279,0.0,0.44854387783496114,0.8260472784658172,3.220783531976749,0.4040029853656205,0.1812130657129255,0.6888117425684034,True,2017-06-16 14:00:00+00:00,2017-06-16 18:30:00+00:00,115.32074406758997,116.86604624172912,0.012800036451667763,0.013400036451667763,10,stop,0.029298306369722082,-0.006604679234432642,False,False,AAPL,2017-06-16 13:30:00+00:00,118,0.009735435213642772,,,,,,,,,,,,,,,,,,,,,,1,5,True,False,mixed_control
0.013380336334973798,-0.970941817426052,0.23931566428755768,1.1019726292564216,1.810881120607809,0.9352697243760464,0.0,0.1559750847236853,2.3433171259233063,0.5426770105739251,0.32099619663149304,0.5176005519184472,0.0,0.0,0.17681272222601113,0.013366552486273947,1.0450966734681337,0.47794673494997153,0.45732298942607486,0.47794673494997153,0.0,0.5920458760367164,0.0,2.4096156430695967,1.6890582984780962,0.005789533205221181,1.2248300857803505,0.014965426093450196,0.01920876406645,0.023423167243543652,-0.014512751855894512,0.020646733810249396,0.026530212404344944,0.0,0.4573229894260748,1.0,2.1445766773898334,0.1415417049231448,0.06473027562395364,0.6706910887417037,True,2017-06-20 17:00:00+00:00,2017-06-20 19:30:00+00:00,116.47286649630281,115.7885890329888,-0.006474994613751849,-0.005874994613751849,6,momentum_decay,0.005695701728876124,-0.011247291335355514,False,False,AAPL,2017-06-20 16:30:00+00:00,120,0.008689735319286244,116.47286649630281,115.0,14.0,0.3882592410636243,0.5828162438917857,1600.0,150.0,0.03482720377380204,5.139440286313011,True,0.028855325548881858,0.0031695593638608483,0.5925925925925926,-0.14704670378765491,-0.040634545756217555,0.3669906504883827,5.228936453380367,0.38461538461538464,-0.09345420634273915,4.740270347113087,0.40231441798964973,1,2,False,False,mixed_control
0.011100618162409702,0.5680647467311559,0.8229838658936564,0.5112790921212679,19.802099571720532,0.7572221413347429,0.0,0.31105350963384254,0.9701733342964524,0.6009456915897369,0.7371018471472303,1.180921188823475,0.0,0.0,0.13614191359830458,0.07821904744350841,0.8975415761097815,0.35816783292447985,0.3990543084102631,0.35816783292447985,0.0,0.2432687665250488,0.0,1.281226843930295,4.110679781387345,0.006641754278349572,1.0642080111906016,0.005707909295039837,0.03658996325672925,0.005997885853459062,0.04616200869632414,0.021056881165243402,0.012453441991624237,0.0,0.39905430841026307,1.0,1.9413291991446837,0.6083830033863421,0.24277785866525708,0.2162020986454357,True,2017-06-21 15:00:00+00:00,2017-06-22 13:30:00+00:00,118.29225568682855,118.31591413796592,-0.000400000000000022,0.00019999999999997797,11,ambiguous_stop_first,0.025841212767126143,-0.008617528388974116,False,False,AAPL,2017-06-21 14:30:00+00:00,121,0.007463646999545352,118.29225568682855,117.5,14.0,0.4342927286155461,0.5550927376695711,1787.0,300.0,0.034221726906613306,5.351980691709805,True,0.0002249614065317029,0.004284467335328131,0.49382716049382713,-0.15962184984854685,-0.0677290132733454,0.4107953179932981,5.443557702530385,0.38461538461538464,-0.08146322124034355,5.000107957074576,0.4227718244154519,1,2,False,False,mixed_control
0.016611766468687936,1.0,0.0,0.6238208339883458,1.2598218870773226,0.7015019103079402,0.0,0.4230919265848957,0.9943105332478316,0.5598844705956239,0.647922996149587,0.5356975641120032,0.0,280.4810381748779,0.07775391900207462,0.09349090019581534,0.5939040171045619,0.26138638090356403,0.44011552940437615,0.26138638090356403,1.0,0.0,0.02804810381748779,1.4174024598327273,1.227128313110747,0.012402798836792224,1.0568187875892932,0.038813080703560265,0.03995030148512457,0.0477660745275168,0.05090598292658899,0.06419720181198652,0.06037915412207906,0.0,0.4401155294043761,1.0,4.319455794467046,0.6782266694742508,0.2984980896920598,0.1872235513662514,True,2017-06-23 14:00:00+00:00,2017-06-23 16:30:00+00:00,123.57286330647261,122.84947163390729,-0.006453968688669497,-0.0058539686886694975,6,momentum_decay,0.010387195000850058,-0.015199415484184686,False,False,AAPL,2017-06-23 13:30:00+00:00,123,0.005977901270071724,,,,,,,,,,,,,,,,,,,,,,1,3,False,False,mixed_control
0.01440384371228112,-0.7485107481711013,-0.663122658240795,0.16289230401656662,5.587034509994735,0.7656282533601358,0.0,0.9390120086498849,0.9346554045290586,0.6907498679638537,0.3652912456790867,1.4179447202475033,0.0,0.0,0.26015515138090606,0.0948619058669062,1.4757572399971275,0.4563781213239895,0.3092501320361464,0.4563781213239895,0.0,0.4923932032733983,0.0,0.5267331753233565,2.0308972450267215,0.011668729138728228,1.2076998971860957,0.0023517932433596567,0.06126859232875881,0.0027738985435772356,0.03876335267408049,0.0029932909064056545,-0.0030963084603119473,0.0,0.3092501320361463,-0.49002995129911586,-0.34603556389995005,0.7578711287717707,0.23437174663986418,0.6338245424181566,True,2017-06-23 18:00:00+00:00,2017-06-26 13:30:00+00:00,123.1902436043518,122.90430474734669,-0.002921116093604525,-0.002321116093604525,5,gap_through_stop,0.02443022553455121,-0.011614207485332928,True,False,AAPL,2017-06-23 17:30:00+00:00,123,0.0007270996172152756,,,,,,,,,,,,,,,,,,,,,,2,1,False,False,mixed_control
0.014663866565756894,-0.35460488704253545,0.9350162426854148,0.019681685068839817,0.6146108636689058,0.8601173061397094,0.0,0.04661223071810275,1.7521667624365405,0.91707429428201,0.12420046689744649,1.2164697453083526,0.0,0.0,0.7887914715278176,0.1148919593467125,9.37214333807439,0.7771916004217194,0.08292570571798996,0.7771916004217194,0.0,0.7475783211855187,0.0,0.23734118266985177,0.9061378223255732,0.010949718695836604,1.0518378267400292,0.0002886929231888935,0.00837074528254833,0.0007587659248473599,0.05646346504246669,0.01652928488065797,0.004126121658762472,0.0,0.08292570571798992,1.0,0.4953373403837264,1.6868435745615975,0.13988269386029062,0.13557643826195184,True,2017-06-26 16:00:00+00:00,2017-06-26 18:00:00+00:00,123.8507165313139,123.0804358676768,-0.006819428399046434,-0.006219428399046434,5,momentum_decay,0.00978639532461667,-0.009281671340386155,False,False,AAPL,2017-06-26 15:30:00+00:00,124,0.0006175813094992583,,,,,,,,,,,,,,,,,,,,,,2,1,False,False,mixed_control
0.014855117966853602,0.5680647467311559,0.8229838658936564,0.2693764860720206,0.3197387545839137,0.6958422342514278,0.0,0.5016159147488268,1.3703065632074314,0.6324608652281043,0.2897566345034559,0.6305266834052745,0.0,0.0,0.13103719325665752,0.11718744029347868,0.8932466461908303,0.3283030994795322,0.3675391347718956,0.3283030994795322,0.0,0.39153287685936516,0.0,0.7329191930519253,0.3915328768592524,0.007142008760870836,1.2368947136954198,0.004017696771755341,0.009271010352238429,0.016794287243913297,0.0052064350970606466,0.023407795099679163,0.009649621255825025,0.0,0.36753913477189565,0.8336654885275789,2.2527524239042958,0.8275520535703821,0.3041577657485722,0.549977125160679,True,2017-06-27 15:00:00+00:00,2017-06-27 16:30:00+00:00,124.90416478229955,124.929145615256,-0.000400000000000022,0.00019999999999997797,4,stop,0.02339945421639844,-0.0029275662605297015,False,False,AAPL,2017-06-27 14:30:00+00:00,125,0.0009157291955675421,,,,,,,,,,,,,,,,,,,,,,2,1,False,False,mixed_control
0.01159221433312839,-0.3546048870425359,-0.9350162426854147,0.2696480986958252,0.606710340487103,0.7675704968366328,0.0,0.9955716212938981,1.2645041265954446,0.6439762689839152,0.15148410404425927,1.9308437841927446,0.0,0.0,0.19046146835130756,0.08246560883628637,1.1559531850464972,0.4115467658205481,0.35602373101608475,0.4115467658205481,0.0,0.3987316994696397,0.0,0.7573879918797963,0.6853447877436367,0.005614481983873291,1.1472155120546388,0.003135619933571032,0.02352500053646689,0.008346991349279964,0.060274112119872214,0.004192201603824275,-0.008006146045435036,0.0,0.35602373101608475,-0.006377343933473575,-0.009036869100018833,0.6528483438444126,0.23242950316336713,0.43558698060152856,True,2017-06-28 18:30:00+00:00,2017-06-28 19:00:00+00:00,358.2534105466034,352.64692761375227,-0.016249489349723322,-0.015649489349723322,2,stop,0.007245517725587902,-0.019690801382791,False,False,MSFT,2017-06-28 18:00:00+00:00,126,0.0005462040587158075,,,,,,,,,,,,,,,,,,,,,,2,1,False,False,mixed_control
0.012047045170507772,0.5680647467311559,0.8229838658936564,0.1557330201556677,0.35051592573238227,0.6843580321652358,0.0,0.16471688808122753,1.0223483118384475,0.7015735453031051,0.32891990025700335,1.468526723787683,0.0,0.0,0.20697043556929381,0.15188893519470045,1.2932217348483799,0.3859315774683409,0.2984264546968949,0.3859315774683409,0.0,0.36356904485734665,0.0,0.5218472347360835,0.4757915083158578,0.006335360878586003,1.5613358505722683,0.0018796491809045524,0.004204077864138345,0.007281216340163654,0.05524131383862363,0.016605260186003834,0.013864111813989277,0.0,0.2984264546968949,0.7284209818857278,1.6869440196143233,1.0576876240911273,0.3156419678347642,1.5851669492307963,True,2017-06-29 15:00:00+00:00,2017-06-29 16:00:00+00:00,360.21357628303673,360.28561899829333,-0.000400000000000022,0.00019999999999997797,3,ambiguous_stop_first,0.03127224287743924,-0.003352581863472648,False,False,MSFT,2017-06-29 14:30:00+00:00,127,0.0009330722175737247,,,,,,,,,,,,,,,,,,,,,,2,2,False,False,mixed_control
0.01181454315207307,0.120536680255323,0.992708874098054,0.01344576953531717,0.018463882989373733,0.34442797861262603,0.0,0.3400573096000009,1.9372592182411352,0.9444229424927555,0.6907608371220102,2.086148147570319,0.0,0.0,0.3252856850381682,0.6716255056406683,5.197305040176084,0.2888509211053816,0.05557705750724451,0.2888509211053816,0.0,0.1451737590077698,0.0,0.24193021614295643,0.14517375900775023,0.005988813622863816,1.0519098860964298,0.00015888086350668296,0.04510207829122592,0.00883990179662053,0.052608604971498885,0.023511070598728034,0.011659426682985474,0.0,0.05557705750724446,1.0,1.2849468149578724,11.79573102248121,0.6555720213873739,0.16582584054290106,True,2017-06-30 15:30:00+00:00,2017-06-30 19:00:00+00:00,376.93934052689826,382.6600741976682,0.014576801823798325,0.015176801823798325,8,momentum_decay,0.02333842602720404,-0.0077177382704638475,False,False,MSFT,2017-06-30 15:00:00+00:00,128,0.0017563853507584215,,,,,,,,,,,,,,,,,,,,,,2,1,False,False,mixed_control
0.01979357816100676,1.0,0.0,0.00239531208354474,0.003965405186211647,0.4393705801453198,0.0,0.14147995163080848,0.11087917655672273,0.990508320024926,0.5578582234473283,0.5359393605477193,0.0,-88.07429485922059,0.4352002152081178,0.564709692803133,45.29007522576142,0.42987890017024577,0.009491679975074052,0.42987890017024577,1.0,0.17388259556145627,0.008807429485922058,0.2523591281875312,0.17388259556140268,0.010596824580282074,1.197139489051988,-0.008760433036848703,0.020983906429636434,0.003128255191796381,0.028731955669524467,0.013840508186705458,0.053910209361757166,0.0,0.009491679975074068,1.0,0.6574034194983693,59.065352100179425,0.5606294198546802,0.49891122416979355,True,2017-07-04 14:00:00+00:00,2017-07-04 19:30:00+00:00,112.92999208017864,115.37792503293016,0.02107655294807358,0.02167655294807358,12,momentum_decay,0.038772509802944555,-0.004576493044573859,False,False,NVDA,2017-07-04 13:30:00+00:00,130,0.00416790867601173,,,,,,,,,,,,,,,,,,,,,,2,1,False,False,mixed_control
0.0207394075860848,-0.9709418174260521,-0.23931566428755743,0.008958591341443563,0.016418724355763123,0.4729069252480783,0.0,0.48239805759889176,2.056995722230883,0.9647524005694046,0.2928246998788919,0.8324150274130854,0.0,0.0,0.4562380913789795,0.5425195153554008,12.416712992304532,0.4376593258174829,0.03524759943059541,0.4376593258174829,0.0,0.19229370179683367,0.0,0.2541617439531892,0.1922937017967739,0.010055528386874447,1.0842980549629013,0.0001858304037503089,0.009940694495790048,0.011635725735938962,0.0566816172257123,0.009662077160118576,0.017597628468086546,0.0,0.0352475994305954,1.0,1.470027673341911,14.954013414889033,0.5270930747519217,0.19141661848755712,True,2017-07-05 17:30:00+00:00,2017-07-05 18:30:00+00:00,117.4083028910784,122.64350698352284,0.043989726310082286,0.04458972631008229,3,target,0.04769930155146529,-0.002567957446904745,False,False,NVDA,2017-07-05 17:00:00+00:00,131,0.001138563432348962,,,,,,,,,,,,,,,,,,,,,,2,1,False,False,mixed_control
0.009168464628047717,-0.9709418174260521,-0.23931566428755743,0.12184663614126537,25.097349389530848,0.8254421000686598,0.0,1.2607331014883996,0.7557714642899986,0.7658871925318675,-0.10048656660315256,0.6437486689893349,0.0,0.0,0.5322729401707801,0.0777913659383173,2.5258305984806597,0.5913292926005275,0.23411280746813234,0.5913292926005275,0.0,0.5505376692938786,0.0,0.5204612146554657,1.8164061349002025,0.003917711966920683,1.052791651844424,0.0011183959857510306,0.002683361474319801,0.0011630101270361237,-0.023152869140477206,0.0010960498160199617,0.003151572934287694,0.0,0.2341128074681324,1.0,0.3295952038035684,0.7456144831150054,0.17455789993134016,0.13314246780064548,True,2017-07-06 17:30:00+00:00,2017-07-06 18:30:00+00:00,404.9462977070636,399.93410436790236,-0.012977427247864392,-0.012377427247864392,3,stop,0.003377979319634683,-0.01619215445648936,False,False,MSFT,2017-07-06 17:00:00+00:00,132,0.0009782452811679626,,,,,,,,,,,,,,,,,,,,,,2,0,False,False,mixed_control
0.018305071293364405,1.0,0.0,0.03333859373446483,0.1423939279215683,0.3691106673712854,0.0,0.2296084099846726,0.13433562601284157,0.9083963729668246,-0.3351772723746216,-7.418184281992977e-05,0.0,-0.34222023436947246,0.3352987914634397,0.6563099840509271,3.029432887354057,0.2775070403381101,0.09160362703317537,0.2775070403381101,1.0,0.476511059734699,3.4222023436947246e-05,0.3639440359975142,0.4765110597344821,0.006495045868904531,1.8775018447191272,0.0005763950656207939,-0.031473251376147426,0.004885569693766634,-0.026692054778744367,-0.006428984176797048,-0.017204160542867775,0.0,0.09160362703317534,1.0,0.5381007132231755,6.887165421885012,0.6308893326287146,1.5340123610846934,True,2017-07-07 14:00:00+00:00,2017-07-07 14:00:00+00:00,157.1537878570351,153.27022761452895,-0.025311846246041946,-0.024711846246041946,1,stop,0.014729343875018008,-0.030367407457569606,False,False,TSLA,2017-07-07 13:30:00+00:00,133,0.0013711042688310203,,,,,,,,,,,,,,,,,,,,,,2,0,False,False,mixed_control
0.009820823370577832,-0.35460488704253545,0.9350162426854148,0.24800029518693922,2.198931330876263,0.7210059820278795,0.0,0.21030683710082784,1.6336561342088058,0.6710016670580048,0.5574286054899478,1.4642434383050804,0.0,0.0,0.192150737801929,0.11531920879951059,1.1915186486814802,0.39200764908588426,0.3289983329419952,0.39200764908588426,0.0,0.38632779614210183,0.0,0.7538041088818023,1.559634687781126,0.003972027154524015,1.3735862918258628,0.002441513564982678,0.02128113447223412,0.0035557798521177464,0.04871335286119072,0.009989269035830084,0.022388267472310375,0.0,0.32899833294199526,1.0,0.5728351488302851,0.8480104305605702,0.27899401797212053,1.4543726298080177,True,2017-07-11 16:00:00+00:00,2017-07-11 19:00:00+00:00,425.40305045110335,434.38533812364176,0.020514770246742465,0.021114770246742465,7,target,0.026791804925274887,-0.010754716925013619,False,False,MSFT,2017-07-11 15:30:00+00:00,135,0.0005594087582032289,,,,,,,,,,,,,,,,,,,,,,2,0,False,False,mixed_control
0.020411871100643735,0.5680647467311559,0.8229838658936564,0.48653938370185207,1.898864788666153,0.7751644719173864,0.0,0.2716803183165581,1.1278814838359499,0.5973527271116708,1.6183166532808422,2.4210034337702693,0.0,0.0,0.14279895271526474,0.06976724910084159,0.9251700535722437,0.3725171990290571,0.40264727288832924,0.3725171990290571,0.0,0.39798561798061943,0.0,1.2083513697031536,1.614976864024417,0.018569908032434936,1.1315808706856623,0.010030796826162813,0.0944330716883468,0.015394642328143027,0.15278607505515618,0.08289873237893652,0.10415934152149542,0.0,0.4026472728883292,1.0,4.153173404756314,0.5583932717826273,0.22483552808261364,0.2377762603353357,True,2017-07-12 15:00:00+00:00,2017-07-12 17:00:00+00:00,153.87210164834806,149.6319980168259,-0.028156025985869148,-0.027556025985869148,5,stop,0.0059453713667310115,-0.03146503250692967,False,False,NVDA,2017-07-12 14:30:00+00:00,136,0.0011372185221444756,,,,,,,,,,,,,,,,,,,,,,2,5,True,False,mixed_control
0.011183593335016624,-0.3546048870425359,-0.9350162426854147,0.04418790539544057,0.05097937375241549,0.7274451209892031,0.0,0.42765080270571143,1.652392750580996,0.8599256845635836,-0.11678520356905701,0.4727740740488435,0.0,0.0,0.6255487436490795,0.23014156931573243,4.1932798580522155,0.5873708055527868,0.14007431543641635,0.5873708055527868,0.0,0.16142389648284486,0.0,0.3154604415361122,0.1614238964828274,0.0077855214401273964,1.1574233717695555,0.0004944238984554428,-0.009578529100068733,0.010292756963610428,0.016787364420516537,0.0037486603617800096,0.0047932283209197735,0.0,0.1400743154364164,0.34577191639043114,0.46267288171983467,1.945787692485375,0.27255487901079684,0.39239466843197446,True,2017-07-12 18:30:00+00:00,2017-07-13 15:00:00+00:00,423.0725843069596,427.28720550409827,0.009361934082877822,0.009961934082877821,7,stop,0.02282306641814702,-0.003693598296997447,False,False,MSFT,2017-07-12 18:00:00+00:00,136,0.0006338739046623943,,,,,,,,,,,,,,,,,,,,,,2,0,False,False,mixed_control
0.01631910634089918,-0.9709418174260521,-0.23931566428755743,0.4443995528326472,21.523478358089804,0.5575163132000159,0.0,0.9342231697884209,0.6899049431651166,0.635266303034311,-0.15058466813504037,-0.024259382216712956,0.0,0.0,0.06239993326141526,0.20737024747646923,0.5285571852503596,0.1927826162343269,0.364733696965689,0.1927826162343269,0.0,0.3056549358210944,0.0,1.2184219789115138,3.2716631822499855,0.00803312321802235,1.205468244689304,0.007305182229096152,0.007022978794273271,0.00764718300480105,8.458981951231515e-05,-0.004807835816430295,-0.008443908519256582,0.0,0.364733696965689,0.00942265284497945,0.008632559519966177,1.2131691984609394,0.44248368679998407,0.5759373885967708,True,2017-07-20 17:30:00+00:00,2017-07-20 19:30:00+00:00,143.9268311292425,140.75600882485838,-0.022630793560213868,-0.022030793560213868,5,stop,0.02163475411269644,-0.03261243287657645,False,False,TSLA,2017-07-20 17:00:00+00:00,142,0.0007534157183800481,,,,,,,,,,,,,,,,,,,,,,2,0,False,False,mixed_control
0.013334613762584631,1.0,0.0,0.007130817870603549,0.012026686835796507,0.5919771766457781,0.0,0.05966765474340598,0.08656841669224985,0.9512376269370644,0.33394720422841556,1.0963419248516708,0.0,141.71104861226524,0.5631109647134332,0.43451126625983777,11.140040351109876,0.5432148035828425,0.04876237306293563,0.5432148035828425,1.0,0.0,0.014171104861226524,0.14623607143565584,0.10472043515127054,0.007390394286011578,1.3141674138864636,0.014267548217449688,0.050098511024702086,0.022466824839562083,0.005995837813551841,0.018492899974892563,0.008486731609326892,0.0,0.048762373062935585,0.9648827644880331,1.7119434054422944,8.367575195595013,0.40802282335422196,0.797561134547594,True,2017-07-24 14:00:00+00:00,2017-07-24 15:00:00+00:00,124.55284379695544,122.31067730911913,-0.01860172857948923,-0.01800172857948923,3,stop,0.0014689043273312663,-0.018899956849095845,False,False,AAPL,2017-07-24 13:30:00+00:00,144,0.0010916583347657042,,,,,,,,,,,,,,,,,,,,,,2,2,False,False,mixed_control
0.015451381907468104,-0.7485107481711013,-0.663122658240795,0.5433988635677544,2.6589190159653002,0.5327227606134414,0.0,1.5270230112974763,0.8658443245113732,0.5808045450002817,-0.13986924454441002,0.20729690245652485,0.0,0.0,0.027931468497414888,0.19130757931329764,0.2708218905038161,0.11352730561372307,0.41919545499971833,0.11352730561372307,0.0,0.3018782198544549,0.0,1.2962899694800354,2.0924222804423667,0.006994532522340432,1.0919819432174391,0.008467357532956354,-0.012215297189359653,0.011689092835828863,0.025947696731533965,0.010391757132270918,-0.015572903520412518,0.0,0.4191954549997183,0.8366109976606712,0.6944191162473697,1.1147001567240133,0.46727723938655863,0.20112736991227745,True,2017-07-24 18:00:00+00:00,2017-07-25 16:30:00+00:00,147.00725884892552,147.0366603006953,-0.000400000000000022,0.00019999999999997797,11,stop,0.018893467947266318,-0.013607839466690419,False,False,TSLA,2017-07-24 17:30:00+00:00,144,0.0007377213604757373,,,,,,,,,,,,,,,,,,,,,,2,0,False,False,mixed_control
0.016760335844479758,1.0,0.0,0.03119754189349058,0.039339104141778165,0.7929030789562299,0.0,0.04959937205967812,0.18989898363627764,0.8697379704222438,-0.2412840417347137,0.12093378156354792,0.0,-289.1274281014533,0.6896179146329395,0.15549456533441397,5.086985451702826,0.6626410493784736,0.13026202957775623,0.6626410493784736,1.0,0.0,0.02891274281014533,0.23949835569595576,0.13600369862741776,0.010379303860254823,1.1328911359482474,-0.028404713823600547,-0.020704252181587335,-0.015693281894548772,-0.039520673480502255,-0.01930622283775474,-0.034025114933298184,0.0,0.13026202957775626,0.6684000891661492,-1.2104796402108902,1.5898487204048715,0.20709692104377012,0.33187484219535573,True,2017-07-26 14:00:00+00:00,2017-07-26 16:30:00+00:00,177.38736236039847,175.59782368641632,-0.01068830984445408,-0.01008830984445408,6,momentum_decay,0.002962221556049416,-0.015838761986400995,False,False,NVDA,2017-07-26 13:30:00+00:00,146,0.0007819616592397284,,,,,,,,,,,,,,,,,,,,,,2,0,False,False,mixed_control
0.010718793021931083,-0.9709418174260521,-0.23931566428755743,0.2675554609232773,5.7421687552209,0.7203975333638997,0.0,0.28136663161631903,2.160820141092984,0.6821303693088883,0.5808138662982706,1.3249708156030922,0.0,0.0,0.2074270069621444,0.11949664706516246,1.2663301674862546,0.40252790267278804,0.3178696306911116,0.40252790267278804,0.0,0.4752345729811512,0.0,0.8417144485981836,2.1042240124186744,0.0049843084274332865,1.054973830909281,0.0028761199502691515,0.037177574518187484,0.00337868920392137,0.0480049754635099,0.007772882216242616,0.023529216873803493,0.0,0.3178696306911117,0.04025037701737142,0.023546144607819244,0.8796136517589015,0.2796024666361003,0.14699149592816238,True,2017-07-26 17:30:00+00:00,2017-07-26 19:30:00+00:00,152.77077393939473,151.57246912448193,-0.008443809283758496,-0.007843809283758496,5,momentum_decay,0.010896165690726711,-0.01425625856636814,False,False,TSLA,2017-07-26 17:00:00+00:00,146,0.0006134697693264415,,,,,,,,,,,,,,,,,,,,,,2,1,False,False,mixed_control
0.009917417489802677,-0.35460488704253545,0.9350162426854148,0.07275291661104777,1.2157805893410545,0.7161922536622537,0.0,0.08532677105210275,1.4720544215608071,0.7580145006275775,1.143679615060735,1.0098406310061683,0.0,0.0,0.35462085413007005,0.15581388800117552,1.9596494646080205,0.4742067542898312,0.24198549937242253,0.4742067542898312,0.0,0.7119758354813165,0.0,0.30064990174919104,1.094301446795957,0.004126970012359601,1.265828487934351,0.000722042016144453,0.06991500488630287,0.0013167157151239284,0.04051629479713115,0.009120222241986609,0.031114825794430256,0.0,0.24198549937242253,1.0,0.5998483858909853,1.1728295582699582,0.28380774633774625,0.5918418990401071,True,2017-07-31 16:00:00+00:00,2017-07-31 19:00:00+00:00,373.6539085388799,381.6211244253846,0.02072244760307578,0.021322447603075778,7,target,0.023777491111942384,-0.0029344314872217225,False,False,MSFT,2017-07-31 15:30:00+00:00,149,0.006250926721193127,373.6539085388799,370.0,14.0,0.29175827855733855,0.5830097274393924,1266.0,139.0,0.035135549450783114,12.581139685454389,True,0.03203427936614884,0.012779892057494531,0.5432098765432098,-0.2835788420805696,-0.05695625471618631,0.2761672968387118,12.802162313237135,0.38461538461538464,0.30025523066175475,16.646078511567374,0.2737365272299002,3,3,False,False,mixed_control
0.01151466051783726,0.8854560256532099,0.4647231720437685,0.04362868924538085,0.0743854162221586,0.8085465399841822,0.0,0.2969002756737465,1.1302183502878707,0.8735579497500083,0.3883745633743289,-0.12575416675846615,0.0,0.0,0.7063122577460453,0.1401607943286878,5.3946016248385,0.6821044897341905,0.12644205024999178,0.6821044897341905,0.0,0.2417801050081064,0.0,0.3450488912440243,0.24178010500802322,0.005264350245085892,1.0836355751785658,0.0005026220475083942,0.018386193561109376,0.01377396987075441,0.006025745648571279,0.02248830549966674,0.011994786067465846,0.0,0.12644205024999172,1.0,1.6092586606544228,1.5141597248315453,0.19145346001581778,0.27245993178415795,True,2017-08-01 14:30:00+00:00,2017-08-01 17:00:00+00:00,176.9373634307512,176.84186226146122,-0.0011397456333600113,-0.0005397456333600115,6,momentum_decay,0.011273634855294201,-0.009262969917471553,False,False,NVDA,2017-08-01 14:00:00+00:00,150,0.0075580916646660065,176.9373634307512,177.5,30.0,0.3368393259800525,0.5286059810791177,2402.0,330.0,0.02387098950910483,8.333699724967786,True,0.006617485476873184,0.006441174155240209,0.5061728395061729,-0.19670425769506739,-0.05624676416284945,0.318597135304938,8.433166554321154,0.38461538461538464,-0.02807582232374417,8.196398468515492,0.3402207861604677,3,1,False,False,mixed_control
0.013841579250464047,-0.7485107481711013,-0.663122658240795,0.7145877680200913,2.3657998682796837,0.8624643286410533,0.0,0.22854079514955727,4.995628244726972,0.5699616413987746,0.9114228648489192,0.6497184646253693,0.0,0.0,0.16476694460428726,0.034486970498946605,1.0055520894602672,0.43242597003982786,0.4300383586012254,0.43242597003982786,0.0,0.5046187670398946,0.0,1.6616837864055019,1.9816940338256304,0.010183966435065204,1.2707656746575746,0.009989832891581507,0.06964596770103282,0.014272703539555565,0.058701496920530616,0.01887383784924368,0.04060129169244764,0.0,0.4300383586012254,0.6968160796617956,0.882901037502893,0.31982186846356997,0.1375356713589467,0.6100761135232523,True,2017-08-01 18:00:00+00:00,2017-08-02 13:30:00+00:00,144.80079384497648,144.2547955010877,-0.004370686122572808,-0.0037706861225728083,5,momentum_decay,0.007494595369222479,-0.009314882739581254,False,False,TSLA,2017-08-01 17:30:00+00:00,150,0.01001280852503537,,,,,,,,,,,,,,,,,,,,,,3,4,True,False,mixed_control
0.010196281022266253,1.0,0.0,0.3695139031478873,0.5871259735489683,0.775410211453735,0.0,0.20444238618169194,0.7058500518895843,0.5940712152560426,1.0694191645872153,0.6899387926080534,0.0,-8.406994392441414,0.1397627812598433,0.06908047211347806,0.9102124328088627,0.3694814267097776,0.40592878474395744,0.3694814267097776,1.0,0.44646639009404593,0.0008406994392441414,0.9102924380712762,0.6375980997822059,0.003306566818361932,1.476218738731148,0.0029380377083620957,0.06172640118580386,0.009434750100813183,0.038952886028088995,0.018507025876140615,0.030716316014111955,0.0,0.40592878474395744,1.0,1.6585841033856605,0.5532738672065818,0.22458978854626496,1.0475924753552632,True,2017-08-02 14:00:00+00:00,2017-08-02 16:00:00+00:00,117.44165864910268,116.42798032208115,-0.009231335240676718,-0.008631335240676719,5,momentum_decay,0.009327728946913139,-0.009953077712032132,False,False,AAPL,2017-08-02 13:30:00+00:00,151,0.009785573770400322,117.44165864910268,117.5,14.0,0.27131468574843776,0.5235072902096826,1301.0,111.0,0.034468177737821376,3.0954258552139535,True,0.11337231935093846,0.009482690099012191,0.6666666666666666,-0.2636859179081592,0.027659267446815752,0.25628871803120445,3.1487726994898346,0.38461538461538464,-0.1872946202554553,2.559024512468141,0.27651050857212073,3,4,True,True,mixed_control
0.012472740485005457,-0.7485107481711013,-0.663122658240795,1.04566934753081,2.10452670288229,0.836688390505348,0.0,0.37880184964376706,2.1929477165784936,0.5491839749328714,0.06771689239937462,0.19980361137319602,0.0,0.0,0.13110059908759628,0.0407261123666177,0.8559419895967447,0.38587236543821946,0.4508160250671286,0.38587236543821946,0.0,0.5284355980322886,0.0,2.3195034989608123,1.8923781889851634,0.006308038505253821,1.1334781109013548,0.013214713487254226,0.015226835987649956,0.019617078226561002,0.02384565700583785,0.012110779981567621,0.0029460118543449543,0.0,0.4508160250671286,1.0,1.8171340694466513,0.36225777349033694,0.16331160949465195,0.4156083383929818,True,2017-08-02 18:00:00+00:00,2017-08-03 13:30:00+00:00,178.7773364946767,177.71413871453566,-0.006547050118249697,-0.005947050118249697,5,gap_through_stop,0.015689896794951474,-0.013450670924615382,True,False,NVDA,2017-08-02 17:30:00+00:00,151,0.00919322776162954,178.7773364946767,177.5,14.0,0.4153931638187865,0.5576001741395042,1200.0,137.0,0.035084884159814506,7.815232231709842,True,0.02869336931685745,0.00661522629859641,0.5555555555555556,-0.20701792298052857,-0.05420772258417343,0.39252316344676164,7.952330490475637,0.38461538461538464,-0.09364297223877427,7.207650627122469,0.42770413924703304,3,1,False,False,mixed_control
0.010332389419354776,1.0,0.0,0.3149384532577865,0.8148774325885658,0.7554688610310085,0.0,0.19541651762742807,0.603731265560252,0.6059071177028803,0.42625556463635034,0.8644619521083065,0.0,39.219945016553126,0.13991428503402784,0.08003236103381788,0.9169817445738442,0.3613759787338888,0.3940928822971197,0.3613759787338888,1.0,0.03759096642876826,0.003921994501655313,0.7991477831876801,0.8495847312392166,0.004864656711332151,1.069418988416542,0.007199488861107772,0.004458791706339449,0.011266875375184338,0.06646041805781278,0.02058626388144602,0.013204095925499093,0.0,0.3940928822971197,1.0,1.5972194914892244,0.6204911328086213,0.24453113896899148,0.14875457570122327,True,2017-08-03 14:00:00+00:00,2017-08-03 15:00:00+00:00,117.96530654266604,116.31984083768332,-0.01454872571612904,-0.01394872571612904,3,stop,0.0021072315875740877,-0.019045475981237736,False,False,AAPL,2017-08-03 13:30:00+00:00,152,0.008484173003456944,117.96530654266604,117.5,14.0,0.3313595752701516,0.5470086516213549,1925.0,311.0,0.03390363374127722,4.037851117197,True,0.05153770304889285,0.008950917698540294,0.5925925925925926,-0.24488379857377957,-0.022566178416769812,0.3132453749270248,4.1063000298866275,0.38461538461538464,-0.15760201203300517,3.4591388831653056,0.36405894083529305,3,2,False,False,mixed_control
0.0175311925250357,0.120536680255323,0.992708874098054,0.495047703804949,0.663021234131232,0.7650347682979308,0.0,0.2759768187751249,1.8515755544632029,0.5785189533513402,0.9359637149686915,1.3692700978435939,0.0,0.0,0.12025250101822124,0.07057015662043803,0.8151107253356381,0.343553721649271,0.4214810466486598,0.343553721649271,0.0,0.3381756948956374,0.0,1.174543215504571,0.7022698136735437,0.012077008845147178,1.4188250501653723,0.00875475718632801,0.06787865888421374,0.0222529315096609,0.08529660400051031,0.04919410524004375,0.05663183473771527,0.0,0.42148104664865976,0.37464477517058037,0.7108928980941748,0.5574752021951682,0.2349652317020692,0.9723554306375696,True,2017-08-03 15:30:00+00:00,2017-08-03 17:30:00+00:00,153.43088430652202,159.21401100645986,0.03709206392882673,0.037692063928826736,5,target,0.03807140696438904,-0.007447759294645584,False,False,TSLA,2017-08-03 15:00:00+00:00,152,0.006284094420969393,,,,,,,,,,,,,,,,,,,,,,3,4,True,False,mixed_control
0.017190456389775507,1.0,0.0,0.5594523053319181,2.721314422789085,0.6900828498926573,0.0,0.4048529979870996,0.9014735407245368,0.571736247597268,1.1827509081278025,2.540610504704565,0.0,313.97388994034213,0.08040178861953003,0.10180557695161774,0.6113501224907605,0.2618190974899253,0.42826375240273196,0.2618190974899253,1.0,0.0,0.031397388994034214,1.3063265387116365,2.197577652698187,0.01132808654364136,1.219269466064672,0.04141290733890224,0.1057610232331454,0.04525987901027384,0.1621437332421709,0.05278167162628211,0.07680397370542336,0.0,0.428263752402732,1.0,3.0922291493233374,0.7236595401044111,0.30991715010734266,0.5432460360234006,True,2017-08-04 14:00:00+00:00,2017-08-04 17:30:00+00:00,167.64480658172,173.84087166522812,0.036359481238017397,0.0369594812380174,8,target,0.03699511554549906,-0.010325976201700171,False,False,TSLA,2017-08-04 13:30:00+00:00,153,0.007534020981326456,,,,,,,,,,,,,,,,,,,,,,3,5,True,False,mixed_control
0.012164310672050796,1.0,0.0,0.04469852474180607,1.549494513509015,0.7732022019103217,0.0,0.08176577710968212,0.2787570224871246,0.8760174813027221,0.7968363883786443,4.248410867642197,0.0,62.67902493350519,0.6773386454551988,0.1873721814682749,5.236380822294327,0.6492196832130438,0.12398251869727794,0.6492196832130438,1.0,0.0,0.006267902493350519,0.3605227995968067,1.102371034140709,0.005105181040367113,1.3707010462848528,0.006815334914737958,0.03676214971646363,0.007171165893990139,0.14641117551987248,0.012704596955261938,0.015419166487430802,0.0,0.12398251869727792,1.0,0.9834489143273192,1.8292723883198367,0.2267977980896783,0.9433129595670786,True,2017-08-07 14:00:00+00:00,2017-08-07 14:30:00+00:00,173.80779006046478,170.95354992051537,-0.01702181940726861,-0.016421819407268612,2,stop,0.0019132208861265543,-0.02025928055751891,False,False,TSLA,2017-08-07 13:30:00+00:00,154,0.0070285492602355695,,,,,,,,,,,,,,,,,,,,,,3,2,False,False,mixed_control
0.01525013497925759,0.120536680255323,0.992708874098054,0.42838371026233607,1.2843030718136939,0.7311318512081185,0.0,0.282001051795159,1.3810141794899609,0.5915662923324982,-0.5313899670870844,0.3212011088912467,0.0,0.0,0.11390761513300893,0.0879188930042566,0.790086952869832,0.3226981435406167,0.40843370766750176,0.3226981435406167,0.0,0.35683036155761083,0.0,1.048845142358023,1.2213755302499063,0.006605327511857357,1.0626356548866254,0.006575868960590592,-0.03106873953442646,0.011756247838327738,0.01423754593599802,-0.01020859274535213,-0.02484116273028847,0.0,0.4084337076675018,0.41314266677890554,0.44795950249683264,0.6582907917348853,0.2688681487918815,0.18252353158355816,True,2017-08-07 15:30:00+00:00,2017-08-08 13:30:00+00:00,181.29315594042333,162.57347716799723,-0.10385640080190224,-0.10325640080190224,10,gap_through_stop,0.004914298593026611,-0.10325640080190224,True,False,NVDA,2017-08-07 15:00:00+00:00,154,0.005461740151216301,,,,,,,,,,,,,,,,,,,,,,3,0,False,False,mixed_control
0.0063750036243585325,1.0,0.0,0.4050368977672851,5.269793404897169,0.760030169412676,0.0,0.2520871438752892,0.7984080090291746,0.614432397286729,-0.1726022483424729,0.5061481678511914,0.0,11.088237366267961,0.15117903142016328,0.0797374358042481,0.9711982128786792,0.3744625666994051,0.38556760271327095,0.3744625666994051,1.0,0.3009000693638002,0.0011088237366267961,1.0504951529044637,2.664467560375474,0.0031596170967210773,1.2323614680510733,0.0037004905076956085,0.0004883127762409512,0.004194349930339625,-0.005433640036069942,-0.0022732524876707405,0.0013939483479119552,0.0,0.38556760271327095,-0.31213895872398234,-0.2590767762726788,0.6223806899189818,0.239969830587324,0.5167215085006109,True,2017-08-08 14:00:00+00:00,2017-08-08 17:30:00+00:00,403.15772238178147,403.23835392625784,-0.000400000000000022,0.00019999999999997797,8,stop,0.011295007596457962,-0.0026532065596451826,False,False,MSFT,2017-08-08 13:30:00+00:00,155,0.0056949167318407585,403.15772238178147,405.0,30.0,0.23576896793843197,0.5172152752788459,2965.0,259.0,0.02363472651583171,13.11970733961138,True,0.018223092351950246,0.011821902836893003,0.5185185185185185,-0.2680668291379348,-0.04751617843207513,0.2232420429893116,13.274747687081115,0.38461538461538464,-0.06664958583344627,12.38999125169366,0.22721607828182214,3,0,False,False,mixed_control
0.0059019244876509745,0.120536680255323,0.992708874098054,0.4467463548727326,22.969698233088852,0.8033235365826711,0.0,0.2267968893899766,0.9263501900789836,0.6125851048606347,0.39214421168903274,1.154632491946713,0.0,0.0,0.1760991659825163,0.060548311287549256,1.0735484016258732,0.41590864144330575,0.38741489513936533,0.41590864144330575,0.0,0.2593871492019889,0.0,1.1531470794689602,3.85524110610392,0.002725172198952697,1.6678914354864902,0.0026436336232171787,0.012231827598381262,0.0027590433902997535,0.017583862535876404,0.002028535184361635,0.013023462356038795,0.0,0.38741489513936533,0.054388146169559955,0.04747838650026765,0.5076636595151981,0.19667646341732892,1.9220339974234624,True,2017-08-09 15:30:00+00:00,2017-08-09 18:30:00+00:00,409.9624294398236,408.49919389975213,-0.00416919423584956,-0.00356919423584956,7,momentum_decay,0.0012006089126965769,-0.005585535234235328,False,False,MSFT,2017-08-09 15:00:00+00:00,156,0.006853980536985568,409.9624294398236,410.0,21.0,0.24184767963642004,0.5324142401869743,2023.0,356.0,0.027563269268387675,12.073301864108856,True,0.05127801160544877,0.012009258176274632,0.5679012345679012,-0.28018468524443724,-0.02399804761941051,0.2288436050455703,12.239691699228336,0.38461538461538464,-0.09610506196105584,11.063395370089776,0.24340938854350813,3,0,False,False,mixed_control
0.01298380492757204,-0.3546048870425359,-0.9350162426854147,0.11102975730776653,0.35391944883248483,0.7478342767251436,0.0,2.049200944007568,1.4905148870299507,0.7666343056980487,-0.3327181960292111,1.447530666823056,0.0,0.0,0.421302665364355,0.13407054397002757,2.2045596031589625,0.5144685824231923,0.2333656943019513,0.5144685824231923,0.0,0.3542840952967828,0.0,0.4757758317471693,0.5409309959465054,0.009433934718609776,1.4509759334646541,0.0014436698882516197,-0.0036200549496224754,0.005545381714597175,0.04231358693604226,-0.00950572481653944,-0.0237516478159312,0.0,0.23336569430195128,-0.5345132213652215,-0.9235904963449246,1.080560379828647,0.25216572327485637,1.361198880838237,True,2017-08-10 18:30:00+00:00,2017-08-10 18:30:00+00:00,181.448577208782,178.26812175211518,-0.018128136652222303,-0.017528136652222304,1,stop,0.003581529172433262,-0.020350350016629437,False,False,TSLA,2017-08-10 18:00:00+00:00,157,0.007976168156970302,,,,,,,,,,,,,,,,,,,,,,3,0,False,False,mixed_control
0.0064674469961480165,1.0,0.0,0.20723713522002282,1.3612601259034087,0.5640972814538511,0.0,0.284266015883693,0.3678657644176446,0.6822158626830569,0.09165940387852084,0.5470251941604665,0.0,59.975005227868024,0.09942828266465499,0.235097960991069,0.7750957811050253,0.24631314413690802,0.3177841373169431,0.24631314413690802,1.0,0.0,0.005997500522786803,0.6521317803013377,1.2064289908960348,0.003369933042035785,1.3637167933219565,0.0073476437219770485,-0.003947659842597151,0.00834775666157328,0.006652155462430587,0.007423417465844295,0.0048684702869230545,0.0,0.3177841373169431,0.237287506564642,1.0812307248901891,1.3716943904931653,0.43590271854614887,1.1514621861148728,True,2017-08-11 14:00:00+00:00,2017-08-11 17:00:00+00:00,412.5724194924941,418.3092435410456,0.013305011041718263,0.013905011041718263,7,target,0.01618409678519983,-0.0006193428816569924,False,False,MSFT,2017-08-11 13:30:00+00:00,158,0.004416317419963615,412.5724194924941,410.0,30.0,0.23770125696629454,0.5695901346089373,1713.0,173.0,0.024672365635396466,15.802213356834159,True,0.0006021437115653321,0.012174489333957391,0.48148148148148145,-0.2660785555068009,-0.07686320486672707,0.22523882380694168,15.997152349728337,0.38461538461538464,0.1322937570593663,18.11347573632497,0.2231373930003931,3,0,False,False,mixed_control
0.011074375597021254,-0.3546048870425359,-0.9350162426854147,0.1580190766707477,0.20573718284664705,0.6273678463539953,0.0,0.21747452296808514,2.7582076289845947,0.7292418989896345,0.7553311953592237,1.1302092279550664,0.0,0.0,0.200855793489354,0.2152403571929836,1.3170787651845244,0.35660974534362977,0.27075810101036557,0.35660974534362977,0.0,0.32218252818951926,0.0,0.5836171700166349,0.3245418331222537,0.003704080569745533,1.1154794748128403,0.0017530303440966843,0.035092607920806485,0.010362049417089736,0.07627043590117788,0.01551905838808576,0.0265652168874968,0.0,0.2707581010103655,0.8840472642886891,0.8751277638271524,1.3762548645977346,0.3726321536460047,0.28043163630930384,True,2017-08-11 18:30:00+00:00,2017-08-14 15:00:00+00:00,171.12006662059653,172.57884234882255,0.007924866528134112,0.008524866528134112,7,ambiguous_stop_first,0.025438433210043243,-0.007407003359788056,False,False,NVDA,2017-08-11 18:00:00+00:00,158,0.008486076879184772,171.12006662059653,170.0,14.0,0.3040748398430325,0.562956171540431,1553.0,185.0,0.03448693296462146,5.6555975624008,True,0.06487342631773495,0.009312162495883328,0.6049382716049383,-0.2527595839858031,-0.015230606701985179,0.28745187649351733,5.753119669405496,0.38461538461538464,0.06788336321869193,6.14366078156435,0.2937011656609086,3,3,False,False,mixed_control
0.006856179527195607,0.120536680255323,0.992708874098054,0.4493488729708176,1.8507720207758387,0.7142718074129721,0.0,0.32056638665686904,1.470543637877036,0.5994850157125214,1.459437035880849,2.5043315487957534,0.0,0.0,0.11181369423171961,0.09782941176379287,0.7833834823519408,0.31375682312549363,0.40051498428747856,0.31375682312549363,0.0,0.5833985574196309,0.0,1.1219277445267501,1.582573596699051,0.0023249643047408763,1.177385683938859,0.0030903373057271644,0.04295897435393936,0.004768054586857584,0.05081160320814382,0.018382896387174386,0.030431520371933862,0.0,0.40051498428747856,1.0,1.266252181036983,0.7134020044097159,0.2857281925870278,0.5665227647768993,True,2017-08-14 15:30:00+00:00,2017-08-14 16:00:00+00:00,431.8483094209718,427.85118954479856,-0.009855842361714173,-0.009255842361714173,2,stop,0.005182041079637267,-0.012278102294726034,False,False,MSFT,2017-08-14 15:00:00+00:00,159,0.005456888124537375,431.8483094209718,435.0,21.0,0.24309692956847734,0.49160991611172894,2256.0,208.0,0.0278412642912026,11.278483227982747,True,0.023513335812411038,0.01617928812992041,0.5185185185185185,-0.3123868134004546,-0.053036487322372705,0.23021247907861292,11.43548684415983,0.38461538461538464,-0.1466211973043139,9.758802071311385,0.2539259802570654,3,3,False,False,mixed_control
0.00677471326657014,-0.9709418174260521,-0.23931566428755743,0.6912644605692565,2.420850021877969,0.762403373372341,0.0,0.5270345311052306,2.2384667809254433,0.578363775451448,0.12273458351851309,0.316746577869311,0.0,0.0,0.11879124752953904,0.07161780807437153,0.8082017838671555,0.34076714882378895,0.421636224548552,0.34076714882378895,0.0,0.45017599056978636,0.0,1.6394807189761669,1.977934889239916,0.002977571592942626,1.6856361186675632,0.004705153302257292,0.0033431104751273644,0.006661696484463242,0.0113990798662984,0.010005983571824695,-0.0007031084063038318,0.0,0.421636224548552,1.0,1.251267066812933,0.5635109433057158,0.23759662662765907,2.048597352934422,True,2017-08-15 17:30:00+00:00,2017-08-16 13:30:00+00:00,114.28254624947094,115.9471439362304,0.013965633523125676,0.014565633523125676,6,target,0.01810958630886428,-0.008148730695251682,False,False,AAPL,2017-08-15 17:00:00+00:00,160,0.009317649510147775,114.28254624947094,115.0,14.0,0.2723104924053101,0.48771843890048927,1586.0,167.0,0.034424403266993336,2.706410348975794,True,0.10458935978046315,0.011191611745761434,0.6419753086419753,-0.28228972237570016,0.022215118422843183,0.2572994562356519,2.752993629605347,0.38461538461538464,0.2506589384672857,3.4430560904094234,0.26882492490681525,3,0,False,False,mixed_control
0.011667045648106214,-0.3546048870425359,-0.9350162426854147,0.27963023450632535,5.576137957667878,0.4592201599947108,0.0,0.45464929741902765,2.9994162596799874,0.6673955192817517,0.48383416327471707,-0.149085308153587,0.0,0.0,0.038890396515820956,0.31590741536868927,0.38067941539097827,0.12661567927646247,0.33260448071824833,0.12661567927646247,0.0,0.4407303139136489,0.0,0.8407290061230478,2.200629262229359,0.005818041195408914,1.2589608480256271,0.00327313718549771,0.02363909851595225,0.0038623943661908466,0.013900099017488232,0.011391752450478965,0.016294190102699835,0.0,0.33260448071824833,1.0,0.7207626977882486,1.625894632677691,0.5407798400052892,0.7122225544268417,True,2017-08-18 18:30:00+00:00,2017-08-21 13:30:00+00:00,176.57052094283037,181.95724265736803,0.029907480443362045,0.030507480443362045,4,gap_through_target,0.030507480443362045,-0.0015199250748652027,False,True,TSLA,2017-08-18 18:00:00+00:00,163,0.005544568812229444,,,,,,,,,,,,,,,,,,,,,,3,0,False,False,mixed_control
0.012360704253391067,0.8854560256532099,0.4647231720437685,0.09449039167549494,0.31916176281473335,0.5775256588305264,0.0,0.2707195289861142,0.5865397244390911,0.7925972215820439,1.0147937858852527,0.7337816560059064,0.0,0.0,0.2722914084849661,0.3389790756062347,1.7845608589918165,0.3701228804125703,0.20740277841795607,0.3701228804125703,0.0,0.5314481474734484,0.0,0.4555888421372967,0.531448147473174,0.007592569475637845,1.416069081801843,0.0011693335301825591,0.05237907587262147,0.028769449402378244,0.04828897810597921,0.03235135948996093,0.0445053454652522,0.0,0.2074027784179561,0.30434738366245856,2.1366380479910654,2.0369753211122803,0.4224743411694736,0.8845269840354174,True,2017-08-21 14:30:00+00:00,2017-08-21 17:00:00+00:00,182.83989367034124,181.02931573342482,-0.010502532213133308,-0.009902532213133308,6,momentum_decay,0.005842324877219474,-0.015764884374677712,False,False,TSLA,2017-08-21 14:00:00+00:00,164,0.0059141791098617945,,,,,,,,,,,,,,,,,,,,,,3,4,True,False,mixed_control
0.011305464331640029,-0.970941817426052,0.23931566428755768,0.6673893880094852,1.4263151642474035,0.4846722782129542,0.0,0.8209053732619268,2.1186470370337607,0.5810427558767572,0.9378848464986294,0.0391327898452105,0.0,0.0,0.014724143784604966,0.22257685333995808,0.15685379596950214,0.06571503408971147,0.41895724412324276,0.06571503408971147,0.0,0.21923762638389374,0.0,1.5929773201705575,1.334255895532941,0.004948661482058895,1.2936145091070617,0.0076025089685960445,0.059687257566901186,0.013001986503881957,0.03277162833460334,0.01877010087178621,0.04383030939467325,0.0,0.41895724412324276,1.0,1.5523975726027057,1.2300246123324892,0.5153277217870458,0.8291121448102041,True,2017-08-22 17:00:00+00:00,2017-08-22 17:30:00+00:00,146.5407952952384,144.30423445387876,-0.015862376847714032,-0.015262376847714032,2,stop,0.0044661841279569625,-0.01582380584694898,False,False,NVDA,2017-08-22 16:30:00+00:00,165,0.007316193049008412,146.5407952952384,145.0,30.0,0.32289506045306504,0.5766471599452341,2295.0,238.0,0.024426920260111507,7.636078241069612,True,0.010981525652638567,0.005953150601617861,0.5185185185185185,-0.1913484960721377,-0.05238878030188633,0.3054510080021466,7.729341178216902,0.38461538461538464,-0.12560320339467657,6.758511166102476,0.34580157051152954,3,4,True,False,mixed_control
0.00718539483364135,0.5680647467311559,0.8229838658936564,0.012016526662514656,0.012043041649506208,0.3597829990424989,0.0,0.5959673145734388,2.1358704755418785,0.9495819249330557,0.5056053392907113,-0.054333194524137145,0.0,0.0,0.3416434327889638,0.6558145849175802,6.135992370913107,0.3093649239755546,0.05041807506694429,0.3093649239755546,0.0,0.10810046361703417,0.0,0.23833767248272192,0.10810046361701767,0.003529482952019666,2.043910233116597,8.635094444087166e-05,0.01716064197951872,0.007308951499787275,-0.005472533869274043,0.014385915139991656,0.009042369615558155,1.0,0.05041807506694428,1.0,1.8619518924281566,12.69816430098749,0.6402170009575011,1.998231879278127,True,2017-08-23 15:00:00+00:00,2017-08-23 15:30:00+00:00,413.7294486686429,409.7161559206078,-0.010300283025415812,-0.009700283025415812,2,stop,0.0037324438004748828,-0.010319232393906863,False,False,MSFT,2017-08-23 14:30:00+00:00,166,0.0060478806411439455,413.7294486686429,410.0,14.0,0.3572084126059508,0.5698689459319342,1558.0,151.0,0.034642137901910945,16.258146282708623,True,0.005713114184305459,0.011093711440538211,0.49382716049382713,-0.2563064722002977,-0.0750517811116437,0.33815979736175394,16.53975475548614,0.38461538461538464,-0.2553023769611763,12.317116052055608,0.3193526261068759,3,1,False,False,mixed_control
0.009449324052631465,0.120536680255323,0.992708874098054,0.5169754093539619,0.5277611463502062,0.8418880107585761,0.0,0.19258559840607914,2.202099765215156,0.5755653016717259,0.5674438916445116,0.9891438181552409,0.0,0.0,0.1588637115605425,0.04163494625238278,0.9835513309204269,0.41745331243030204,0.4244346983282741,0.41745331243030204,0.0,0.4015253063099514,0.0,1.2180328596841377,0.5696589019311633,0.0047420432479003275,1.408378757369692,0.004909049210270577,0.018670061482059408,0.014344122726088537,0.03905962273535901,0.015074249043761423,0.014741222202557802,0.0,0.4244346983282741,0.6773812910061003,1.2952554961389535,0.37252371180751576,0.1581119892414239,0.7075756798582719,True,2017-08-24 15:30:00+00:00,2017-08-24 16:00:00+00:00,118.97767386186169,121.3948298418621,0.019716046713157565,0.020316046713157565,2,target,0.02150765686541667,-0.004684724788983297,False,False,AAPL,2017-08-24 15:00:00+00:00,167,0.009667477615853364,118.97767386186169,120.0,14.0,0.3241600377875315,0.48217601571339164,1781.0,170.0,0.0343474312051614,3.2717349126459965,True,0.07393532049241944,0.009258541975635833,0.6172839506172839,-0.25323148393872985,-0.0028059705760652767,0.3062284404480591,3.327922757562813,0.38461538461538464,0.29437078601548694,4.307565995505405,0.30972721030938016,3,0,False,False,mixed_control
0.01086524147022486,-0.7485107481711012,0.6631226582407952,0.8592177227593719,1.3781834876619952,0.7520149070908592,0.0,0.46494339653339034,3.366938596819064,0.5417223077124373,0.8916540406053876,1.1781762847070263,0.0,0.0,0.08703865472224666,0.06901105161003537,0.640959007489111,0.29373721480329656,0.45827769228756254,0.29373721480329656,0.0,0.3824836706901483,0.0,1.8748844580901514,1.3352708161583986,0.00505020263231225,1.3531043568802519,0.009423582909590333,0.039389174448737574,0.016373221623732226,0.05377895366876606,0.030952203850213023,0.04257776535621072,0.0,0.4582776922875626,1.0,2.1343460208478433,0.5411240762583619,0.24798509290914084,0.6499944247008966,True,2017-08-24 16:30:00+00:00,2017-08-24 18:30:00+00:00,120.92572168427809,120.30344099413011,-0.005745974582419055,-0.005145974582419055,5,momentum_decay,0.009585517084192974,-0.00652170683741482,False,False,AAPL,2017-08-24 16:00:00+00:00,167,0.0091018540450165,120.92572168427809,122.5,21.0,0.3332755787900693,0.4793871335106556,2450.0,210.0,0.028073233454562828,4.1017764067291225,True,0.036919788166423946,0.007602212316425903,0.5679012345679012,-0.2225937887917027,-0.028732994365855483,0.31494341572936224,4.1593514700513845,0.38461538461538464,-0.11344184006128333,3.687506985827152,0.3314638295136169,3,4,True,True,mixed_control
0.009562998196907452,-0.9709418174260521,-0.23931566428755743,0.22546191929649567,10.652996734534213,0.6348959313608626,0.0,0.5827945459937273,2.085378070881566,0.7035669901338026,0.13798920752793303,1.3732851253942877,0.0,0.0,0.1700087520564558,0.19108583758813744,1.1417855307221378,0.3384629214946653,0.29643300986619736,0.3384629214946653,0.0,0.46302082358964475,0.0,0.7605830383001667,2.1597300791903717,0.004071118739898935,1.6551645059998095,0.002160750704856218,0.0004888055098912769,0.0023640605250132563,0.023691530813696016,-0.001138777384111389,0.003910940378787364,0.0,0.29643300986619736,0.3395057689614302,0.12030506131896848,1.2316579344615737,0.36510406863913736,1.560493318872513,True,2017-08-25 17:30:00+00:00,2017-08-25 19:30:00+00:00,152.6342204629256,152.6647473070182,-0.000400000000000022,0.00019999999999997797,5,stop,0.013831837782924072,-0.009196609957317081,False,False,NVDA,2017-08-25 17:00:00+00:00,168,0.004257947828594182,,,,,,,,,,,,,,,,,,,,,,3,0,False,False,mixed_control
0.00836508768628475,1.0,0.0,0.07168696171061771,0.4050029940056214,0.6874898561559674,0.0,0.11051125229053374,0.24311327628056964,0.7972794421238696,0.7038840461399702,1.0343210592281298,0.0,48.0066009758362,0.4369109407826723,0.2110849992562484,2.391317897661746,0.48476929827983695,0.20272055787613041,0.48476929827983695,1.0,0.0,0.00480066009758362,0.3536245285711034,0.6282958744220287,0.0037623126141493766,1.3411048653332107,0.005403568163660388,0.020382739886959822,0.006902494454678942,0.03008445802282944,0.010078199997320292,0.030278878589437452,0.0,0.20272055787613044,1.0,1.1547009437009386,1.541580918649041,0.31251014384403264,0.8437772952352561,True,2017-08-28 14:00:00+00:00,2017-08-28 15:30:00+00:00,121.1572772162141,123.33628339886614,0.017384938525512195,0.017984938525512195,4,target,0.01977997531912634,-0.004948107311983474,False,False,AAPL,2017-08-28 13:30:00+00:00,169,0.0062562073232159555,121.1572772162141,120.0,14.0,0.27544084011480574,0.5849313399426377,1606.0,217.0,0.03461637611022343,3.882362894824084,True,0.040317464292006076,0.01345905043780941,0.5555555555555556,-0.29303119402661654,-0.04318499140783716,0.260721029858494,3.9495595619058874,0.38461538461538464,0.2757630813311809,5.038702276598084,0.26473192211372754,3,1,False,False,mixed_control
0.00880411227271361,-0.35460488704253545,0.9350162426854148,0.9574131198349534,7.051768890634684,0.808567890986058,0.0,0.4037305648056429,2.3602777765945806,0.5460348343557925,0.9080763918500454,1.5029662180879626,0.0,0.0,0.11495692168247111,0.049535719645363505,0.7811232054298776,0.35460272534185044,0.4539651656442075,0.35460272534185044,0.0,0.2225883622398498,0.0,2.109001289727415,4.492597860621689,0.0028436344998158942,1.0905014189346174,0.008500827540967926,0.04860678813349728,0.009718031193163723,0.027708114189076705,0.016168017056308326,0.02640916156308215,0.0,0.4539651656442075,1.0,1.342054812277009,0.4216889829908036,0.19143210901394203,0.3128427218129847,True,2017-08-28 16:00:00+00:00,2017-08-28 19:00:00+00:00,123.11615014074172,123.53741411129798,0.0028216792035381973,0.003421679203538197,7,momentum_decay,0.0107783230764118,-0.004861786808425084,False,False,AAPL,2017-08-28 15:30:00+00:00,169,0.008439031159810885,123.11615014074172,122.5,14.0,0.2733898007550004,0.557472913066961,1819.0,216.0,0.03407760596101245,3.6169260989109233,True,0.08353230003127637,0.010542711303278527,0.6296296296296297,-0.2715650049057085,0.005567720010606354,0.2584513809412101,3.6785541901053174,0.38461538461538464,-0.0033335058449299737,3.6662917082117095,0.2680095433040976,3,3,False,False,mixed_control
0.009062929354135659,1.0,0.0,0.6811055070793021,6.01276875375398,0.5558816897264037,0.0,0.748690311193385,0.9370999250437994,0.5959725638228972,0.2007621044827584,1.536189604550393,0.0,-41.02943453629271,0.04150529309166333,0.18520952668462443,0.3758513406564287,0.15185425354930093,0.4040274361771028,0.15185425354930093,1.0,0.32814629586579686,0.004102943453629271,1.6857902362371844,3.047421264836399,0.003010983176431605,1.4978739786701838,0.0020827239009433285,0.014169585786464989,0.003114683386497008,0.029168599572267917,0.0015674060678176893,-0.0016990456874195203,0.0,0.4040274361771028,1.0,0.4329618995643623,1.099228098159305,0.4441183102735963,1.1998457730027976,True,2017-08-29 14:00:00+00:00,2017-08-29 15:00:00+00:00,156.53980138349033,157.39552399523848,0.004866485866120419,0.0054664858661204185,3,stop,0.018579472920087436,-0.005213334327225039,False,False,NVDA,2017-08-29 13:30:00+00:00,170,0.006062798156143125,156.53980138349033,155.0,30.0,0.28933743870869977,0.5779431855091315,1892.0,172.0,0.024720940792254155,7.391062126716065,True,0.006272467830520561,0.0077842474189503165,0.5061728395061729,-0.21608659575349176,-0.06380691635592797,0.2739057598038163,7.482419131329275,0.38461538461538464,0.011118547741634677,7.56561276566388,0.2793895835210762,3,0,False,False,mixed_control
0.007100189715091773,0.120536680255323,0.992708874098054,0.06613940730112502,0.14925623571916244,0.73767318617825,0.0,0.11639369948331495,1.8487911842060216,0.8259615586133722,0.6171375068079393,2.338538846735008,0.0,0.0,0.6092896946030796,0.1810865700711704,3.238564654402249,0.5636347447916221,0.17403844138662783,0.5636347447916221,0.0,0.33555351061083794,0.0,0.380027577667142,0.335553510610503,0.003341604661582454,1.1340447778491163,0.00046982296944730884,0.020742087679822774,0.0036290072953670816,0.06033617930308366,0.006800640135984581,0.0071023491002732975,0.0,0.17403844138662777,1.0,1.1618963044358974,1.5072923644179628,0.2623268138217501,0.40747931057817655,True,2017-08-29 15:30:00+00:00,2017-08-29 17:30:00+00:00,124.61054338268073,124.00408802989004,-0.0054668061010556095,-0.00486680610105561,5,momentum_decay,0.002893180003258111,-0.00917642688061282,False,False,AAPL,2017-08-29 15:00:00+00:00,170,0.005822380039905804,124.61054338268073,125.0,21.0,0.26235078548354035,0.5162233500825438,2506.0,370.0,0.02739900048307489,3.776900348497797,True,0.022071164859227204,0.013279678102119219,0.5185185185185185,-0.2845603788689397,-0.04931267451897366,0.24839311792209418,3.8286419957343054,0.38461538461538464,-0.0888072009367401,3.488631016704287,0.26966249981738133,3,1,False,False,mixed_control
0.008591346534464618,-0.7485107481711013,-0.663122658240795,0.20841950381031027,1.337214635749321,0.4736733213260979,0.0,0.7051791960897925,2.407202847025751,0.7263866321560208,0.3538297431467479,1.6589447204502705,0.0,0.0,0.0838587462044423,0.3725821975514771,0.7311775556064668,0.20005995348211872,0.27361336784397916,0.20005995348211872,0.0,0.6775505943579329,0.0,0.7617299748642252,1.160763186401286,0.0031163001362786934,1.2004825398220464,0.0017938161965584953,0.014805658388860499,0.003139484877760168,0.03238860013179212,0.0037418098542532086,0.012445632971371579,0.0,0.2736133678439792,1.0,0.49383463377485287,1.9236146348382048,0.526326678673902,0.5880605733839072,True,2017-08-29 18:00:00+00:00,2017-08-29 18:30:00+00:00,158.48803829692065,161.4155334628598,0.017871395049098893,0.018471395049098893,2,target,0.01857525674607019,-0.0027289969953526727,False,False,NVDA,2017-08-29 17:30:00+00:00,170,0.002704273913171308,,,,,,,,,,,,,,,,,,,,,,3,0,False,False,mixed_control
0.007145739350646628,1.0,0.0,0.13651200547359982,0.7375880915498927,0.775291363017838,0.0,0.11662777371309707,0.4023899875950956,0.7369800888325688,0.6967457529245319,1.9588310065834145,0.0,71.11301983628194,0.37094623961341733,0.10236319089520904,1.9476527445108602,0.5122714518504069,0.2630199111674312,0.5122714518504069,1.0,0.0,0.007111301983628193,0.5190177613081927,0.845262346306152,0.0035715413168343974,1.3865133983378706,0.008094677382469495,0.02252582513769852,0.009440494865983418,0.04271420128674541,0.018464294624697786,0.012829473012294423,0.0,0.2630199111674312,1.0,2.452016912580085,0.854340783490324,0.224708636982162,1.2783475073646764,True,2017-08-30 14:00:00+00:00,2017-08-30 15:30:00+00:00,126.33241354258148,126.35768002529,-0.000400000000000022,0.00019999999999997797,4,stop,0.009934936484988555,-0.0022441607484599,False,False,AAPL,2017-08-30 13:30:00+00:00,171,0.0054524381454477975,126.33241354258148,127.5,14.0,0.2728675169716514,0.4695778830087212,2121.0,344.0,0.034072141038619844,2.829075861152866,True,0.02339520289465685,0.02030428669347233,0.5061728395061729,-0.3469812885832414,-0.059477740476954526,0.25840585483106443,2.877272197027944,0.38461538461538464,-0.08206696089042143,2.6411432121633545,0.26300397427047856,3,1,False,False,mixed_control
0.006393873727508351,0.5680647467311559,0.8229838658936564,0.40187291760807736,0.6040283696664578,0.49051285721161925,0.0,0.5316323841345937,1.3753042900376613,0.6148671701227041,1.0130781735026984,0.44473708178633287,0.0,0.0,0.027507949101108865,0.2425611975994749,0.27361995436170694,0.10538002733432338,0.3851328298772959,0.10538002733432338,0.0,0.36968342389364467,0.0,1.0434657511179062,0.665291547431883,0.0029516096896756764,1.8673264959363582,0.00257614415570373,0.018423684678803953,0.006870384936373819,0.040684805971616944,0.013786897200780635,0.019190066836042297,0.0,0.3851328298772959,0.6763974841760358,2.232983458936017,1.322886815310469,0.5094871427883807,2.568349040710858,True,2017-08-30 15:00:00+00:00,2017-08-30 17:00:00+00:00,399.6825320987829,397.7093467402811,-0.0055368816498943645,-0.004936881649894365,5,momentum_decay,0.004623246537174497,-0.007902571569395,False,False,MSFT,2017-08-30 14:30:00+00:00,171,0.0033029485428080698,,,,,,,,,,,,,,,,,,,,,,4,2,False,False,mixed_control
0.007370924831675536,1.0,0.0,0.01675628793806271,0.19602092723111408,0.6795214825630997,0.0,0.08725285849825579,0.18500519859736592,0.9384543909671051,0.08046592481357567,1.4212979647012414,0.0,-30.116073433898993,0.6376999190678181,0.3585122189409519,10.040941721125249,0.6179758735302049,0.061545609032894855,0.6179758735302049,1.0,0.0,0.0030116073433898993,0.2722580570956217,0.6636318328105775,0.0037077964971250752,1.2936744077597466,-0.002888454755677783,-0.003569616656267427,-0.002261613193763501,0.018875799920823333,0.0025270463142390565,-0.011306378487107915,0.0,0.061545609032894896,1.0,0.3984371410845455,5.20717111183347,0.32047851743690026,1.0456829144497788,True,2017-08-31 14:00:00+00:00,2017-08-31 15:00:00+00:00,125.88145525497342,124.62884055005186,-0.01055074852276201,-0.00995074852276201,3,stop,0.0022758063293308872,-0.013998123332683465,False,False,AAPL,2017-08-31 13:30:00+00:00,172,0.0035178917841974296,,,,,,,,,,,,,,,,,,,,,,4,0,False,False,mixed_control
0.012711488106344487,-0.3546048870425359,-0.9350162426854147,0.9360600983897897,1.415196793777623,0.5728814335023343,0.0,0.8958367035308082,2.223308071570541,0.5537036540207338,0.5442661299241092,0.5759231173897763,0.0,0.0,0.029990250780461025,0.15427723853563563,0.28363460436864996,0.12658508752306818,0.44629634597926615,0.12658508752306818,0.0,0.2968511574763718,0.0,2.097395837592802,1.354076399077043,0.005060933699417127,1.10889525086798,0.012042001169213501,0.04262141202091119,0.020727437035279905,0.03172552742620649,0.019428203398376365,0.021595049347439943,0.0,0.44629634597926615,1.0,2.130132886062855,0.9570290466086171,0.42711856649766566,0.2810834290098826,True,2017-09-05 18:30:00+00:00,2017-09-06 14:00:00+00:00,163.8342581442149,168.31179917541064,0.02672969942864072,0.02732969942864072,5,target,0.02805297872488488,-0.005587362826780629,False,False,NVDA,2017-09-05 18:00:00+00:00,175,0.0045294716263499105,,,,,,,,,,,,,,,,,,,,,,4,2,False,False,mixed_control
0.013765128557913208,-0.7485107481711012,0.6631226582407952,0.30639035614204196,0.7854582499275735,0.5176617781014263,0.0,0.8557581611856064,1.5494383031611505,0.6295097679799753,0.33055077001466726,1.2235882121189186,0.0,0.0,0.04314936495165602,0.23297955757473093,0.3972346187881073,0.14717154608140157,0.37049023202002473,0.14717154608140157,0.0,0.38237232449291586,0.0,0.8269863269309669,0.8329859480913366,0.00584519509439424,1.494529894034476,0.004235365305562677,0.035824580017863594,0.009679782908469159,0.06278152624602118,-0.004883704208594297,0.01578602350152769,0.0,0.37049023202002473,0.11695369337564361,0.14426455268498567,1.3018918724740267,0.48233822189857367,1.6055321003451777,True,2017-09-06 16:30:00+00:00,2017-09-06 19:00:00+00:00,166.469351219678,165.67580978592935,-0.005366892091154218,-0.004766892091154218,6,momentum_decay,0.006453844428255362,-0.0066945408262480965,False,False,NVDA,2017-09-06 16:00:00+00:00,176,0.002062713325454365,,,,,,,,,,,,,,,,,,,,,,4,2,False,False,mixed_control
0.009963747576260808,-0.7485107481711012,0.6631226582407952,0.8293836257914448,0.9195502227674042,0.8886138173441175,0.0,0.201454600790159,4.282138700186103,0.5414258315677207,0.9545049803656352,0.0877230860293067,0.0,0.0,0.15039371623020437,0.024985272823016987,0.9377755628535979,0.43003964891183816,0.4585741684322794,0.43003964891183816,0.0,0.5296098522301221,0.0,1.808613923079981,0.9266936048521706,0.005346542396271197,1.7617531316603683,0.008332628005026876,0.02520077344978655,0.01755332429402423,0.025274935759821426,0.03775041319083616,0.03490637016169362,0.0,0.4585741684322793,1.0,3.1498607729956944,0.24289676637618154,0.11138618265588252,1.137891446455142,True,2017-09-11 16:30:00+00:00,2017-09-11 19:00:00+00:00,380.44898237605224,388.5989822720388,0.02082205728896074,0.02142205728896074,6,target,0.02365947839425564,-0.006513694821143612,False,False,MSFT,2017-09-11 16:00:00+00:00,179,0.005304496290314161,,,,,,,,,,,,,,,,,,,,,,4,3,False,False,mixed_control
0.008741086328738523,1.0,0.0,0.16431069651356925,0.3451140025785114,0.7154266804502047,0.0,0.14354725613193556,0.3608825209077118,0.6742644784416549,1.249383903496704,1.870398685878466,0.0,31.013209967616362,0.19236656503254165,0.11983612195029061,1.1963422258243528,0.3896911588918596,0.32573552155834506,0.3896911588918596,1.0,0.04213655134088327,0.003101320996761636,0.5044297770396473,0.44803799000637096,0.003352805575380534,1.0853658282755503,0.004544101463547889,0.06883698090492163,0.008761319881518626,0.055616382466811,0.01709345530762385,0.029538091388614962,0.0,0.32573552155834506,1.0,1.5357604702667704,0.8736330572357222,0.2845733195497953,0.15622866961745838,True,2017-09-12 14:00:00+00:00,2017-09-12 18:30:00+00:00,391.6867191861817,399.0478191525693,0.018193335606787975,0.018793335606787975,10,target,0.023546281190413687,-0.003134428710797388,False,False,MSFT,2017-09-12 13:30:00+00:00,180,0.0029243799756304327,,,,,,,,,,,,,,,,,,,,,,4,4,True,False,mixed_control
0.0067287271927748155,0.120536680255323,0.992708874098054,0.19347207944493044,0.2820018283125177,0.7950266035280791,0.0,0.14541911534729093,1.485143400579288,0.7014516630667913,-0.20430421875851879,-0.12401896653242257,0.0,0.0,0.3091318419457322,0.08083092643467828,1.6629744841039455,0.49647826659487043,0.2985483369332087,0.49647826659487043,0.0,0.3974350717283741,0.0,0.6480427304748781,0.39743507172806286,0.0034744283193555215,1.677232544004106,0.0013035177886289162,0.0009454568799462937,0.005953410211621213,0.007125584443758992,-0.0044162533358322875,-0.005759375788732646,0.0,0.29854833693320865,0.5506035817338645,0.6248465351442825,0.6865668674497583,0.2049733964719209,1.8946414825232856,True,2017-09-14 15:30:00+00:00,2017-09-14 18:30:00+00:00,116.38469241594144,118.06840223200749,0.01386676346446596,0.01446676346446596,7,target,0.022779646775950457,-0.005308458829717755,False,False,AAPL,2017-09-14 15:00:00+00:00,182,0.00404572770290435,,,,,,,,,,,,,,,,,,,,,,4,0,False,False,mixed_control
0.00874824343222578,-0.9709418174260521,-0.23931566428755743,0.3526918939158987,0.9194353441782651,0.7682021320234035,0.0,0.20987016762601848,2.8535363181261193,0.6104580751657149,0.2668828280982321,0.3711764484416297,0.0,0.0,0.15195169841310882,0.07523483757893361,0.9720653491897462,0.3786602071891184,0.38954192483428507,0.3786602071891184,0.0,0.35638748680649707,0.0,0.9054016305586038,0.9368484446577839,0.005371611120448321,1.379067987511844,0.003094983914834648,0.009394663432116479,0.006482985769699523,0.011162280945714587,0.007804083658441208,-0.00031696174493434093,0.0,0.389541924834285,1.0,1.186251050366675,0.5950524274750995,0.23179786797659657,1.0296361073863343,True,2017-09-18 17:30:00+00:00,2017-09-19 13:30:00+00:00,118.76890595975411,119.4024615134644,0.004734355390332446,0.005334355390332446,6,gap_through_stop,0.016534165485560193,-0.0036320451978231194,True,False,AAPL,2017-09-18 17:00:00+00:00,184,0.0018312562039523273,,,,,,,,,,,,,,,,,,,,,,4,0,False,False,mixed_control
0.008789184696960588,1.0,0.0,0.057346699378545626,0.19849135147008126,0.7121957770287296,0.0,0.0906077108537757,0.22421640784173238,0.8178452794018292,0.596162456043886,0.8610109200027495,0.0,-100.14038024306227,0.5649608726546039,0.20242611815567607,2.909839803663473,0.5300410564305589,0.18215472059817084,0.5300410564305589,1.0,0.0,0.010014038024306227,0.3148241186955081,0.40407485441741187,0.004735251929905604,1.5254413481198053,-0.009514803044856301,0.01845651681170435,-0.007017305337824742,0.02147616958936771,0.002318952587735179,0.012362185364062528,0.0,0.18215472059817078,1.0,0.05057412675533142,1.5799987067114238,0.28780422297127034,1.4208828439241195,True,2017-09-19 14:00:00+00:00,2017-09-19 14:30:00+00:00,119.46267437274675,119.4865669076213,-0.000400000000000022,0.00019999999999997797,2,stop,0.012636605672775136,-0.0070340256457135375,False,False,AAPL,2017-09-19 13:30:00+00:00,185,0.005446197600116327,119.46267437274675,117.5,14.0,0.3297422684300004,0.6104895542253819,1407.0,156.0,0.035342295986127883,4.887050542212293,True,0.0037548901557444988,0.00812232154662008,0.49382716049382713,-0.22029048912109922,-0.07620528213983062,0.31226744215546115,4.973410335593311,0.38461538461538464,-0.04203036335429855,4.7643760920783,0.3269188987418352,4,0,False,False,mixed_control
0.007131978651838362,0.5680647467311559,0.8229838658936564,1.1575538820589208,5.341824776492963,0.7699956144167338,0.0,0.5806374704396363,1.9438251347720108,0.541465229205931,0.3039051282357246,0.14273819730611348,0.0,0.0,0.094399295186616,0.062336412477115945,0.6792524001684732,0.31146084362266485,0.458534770794069,0.31146084362266485,0.0,0.256306534759159,0.0,2.5244626052116472,3.9015782447338974,0.003249936075952266,2.04974603931716,0.008324372678967684,0.023323656361497802,0.00989813610335033,0.0007525685938178928,0.007131444072042248,0.01206254804299478,1.0,0.458534770794069,0.6381981608970398,1.2024227779806769,0.5016072940005986,0.23000438558326616,1.6913281489979828,True,2017-09-19 15:00:00+00:00,2017-09-19 16:00:00+00:00,406.7911804737951,413.0288164058199,0.014733754101452435,0.015333754101452435,3,target,0.0204251772345716,-0.0042306028966666576,False,False,MSFT,2017-09-19 14:30:00+00:00,185,0.004962717805928485,,,,,,,,,,,,,,,,,,,,,,4,0,False,False,mixed_control
0.008446610581634734,-0.7485107481711012,0.6631226582407952,0.7496777896998744,1.1756444790025742,0.7376437649215418,0.0,0.44027157686088975,3.552705948388821,0.5532697254046359,0.9174006208336847,0.6682503670915187,0.0,0.0,0.08858920477882233,0.07679993978104044,0.6512061234031387,0.29091349032617775,0.4467302745953641,0.29091349032617775,0.0,0.2914591014685285,0.0,1.6781441337928393,1.1543144682986095,0.0031626820071560522,1.1577461908844515,0.006372589091593106,0.03389421876270915,0.011857369012034713,0.03277300049339282,0.025107404660244637,0.024853095811770975,0.0,0.446730274595364,1.0,2.109835193444229,0.5872810731620843,0.26235623507845823,0.2615857013656293,True,2017-09-19 16:30:00+00:00,2017-09-19 17:30:00+00:00,413.5620069821877,421.07238101451406,0.017560212750514715,0.018160212750514715,3,target,0.021538961009949453,-0.006148927189521425,False,False,MSFT,2017-09-19 16:00:00+00:00,185,0.004439653463331007,413.5620069821877,415.0,21.0,0.24241126271700383,0.5131710411916102,2045.0,336.0,0.027763745194603062,11.515483996245194,True,0.0020631154612728076,0.01243563595138466,0.48148148148148145,-0.2690265385303958,-0.07222288749709643,0.22969877748001402,11.675340477977334,0.38461538461538464,0.29202796664505826,15.084866417649797,0.23408607844678622,4,2,False,False,mixed_control
0.009012237227049972,-0.7485107481711013,-0.663122658240795,0.24473863502883686,4.4747760388617435,0.7870429007655904,0.0,0.14567680681524448,2.1646904210453304,0.6422297349472383,0.4468225743836165,1.0060896705271807,0.0,0.0,0.20216060226017346,0.07272533496977361,1.1998555431875082,0.42927263571282875,0.35777026505276166,0.42927263571282875,0.0,0.44459917688495443,0.0,0.6840664497166761,2.2492169396340267,0.005240912049342113,1.0832743586167404,0.0022105182508092014,0.016412316079910116,0.002705850209949956,0.02493065642718406,0.012737114968294438,0.01272288494313134,0.0,0.35777026505276166,1.0,0.45484728539346514,0.5952342048387002,0.2129570992344096,0.23184353947918335,True,2017-09-19 18:00:00+00:00,2017-09-20 16:00:00+00:00,120.98258423378998,121.9609368382311,0.0074867226521672554,0.008086722652167255,10,momentum_decay,0.014375496284221745,-0.007483927398908019,False,False,AAPL,2017-09-19 17:30:00+00:00,185,0.0006206811050533745,,,,,,,,,,,,,,,,,,,,,,4,0,False,False,mixed_control
0.011207843631559699,-0.7485107481711012,0.6631226582407952,0.12931935356601423,0.5734153599095925,0.8735833728108872,0.0,0.066135346051607,2.90632695388358,0.7528081807368927,0.4842678784799658,1.5139959422411198,0.0,0.0,0.555493822562427,0.04794572240456202,2.534030274192153,0.6263915535477798,0.2471918192631074,0.6263915535477798,0.0,0.6609523427482612,0.0,0.5231538565941318,0.7319878561664047,0.0034410755913812114,1.1251223516838247,0.0014514948770489866,0.019098533851096056,0.0039929171648733774,0.09110267884132806,0.00889651410340142,0.012813837777464254,0.0,0.24719181926310735,1.0,0.6635898870885936,0.5114110473618316,0.12641662718911287,0.3549026349857218,True,2017-09-20 16:30:00+00:00,2017-09-21 13:30:00+00:00,177.79494757191728,176.94038041914803,-0.005406476024430184,-0.004806476024430184,8,gap_through_stop,0.014683127042698363,-0.010068590081394713,True,False,NVDA,2017-09-20 16:00:00+00:00,186,0.009532816468607147,177.79494757191728,180.0,14.0,0.3034955698891455,0.4579993846771403,1366.0,121.0,0.03513025664304667,4.246621103114492,True,0.07905400269025575,0.006646849734178506,0.6419753086419753,-0.21872147230222522,-0.0011783884336285314,0.28672954923295446,4.321213547723587,0.38461538461538464,-0.138613839727312,3.72223354559194,0.30597732936453015,4,1,False,False,mixed_control
0.012501624281500251,1.0,0.0,0.7585721520659628,4.892959903481653,0.819347077183673,0.0,0.31593524966321457,1.432916884793704,0.5662456893180814,0.2705411382771733,1.3408606998746149,0.0,-131.35539532650787,0.13747908635295478,0.048299336282086276,0.8889658431182487,0.3855927665017542,0.4337543106819187,0.3855927665017542,1.0,0.264475573776597,0.013135539532650786,1.7488521344569186,3.19189015465056,0.0038140409758396173,1.0976746114528897,-0.0036871218899816594,0.015207180193168135,-0.0017594966141072366,0.02884795142352692,0.00010838081937314392,0.004721685568650047,0.0,0.43375431068191866,0.3549699572344028,-0.5952783863679311,0.416486749220337,0.18065292281632708,0.31136274054636026,True,2017-09-21 14:00:00+00:00,2017-09-21 15:30:00+00:00,178.6344394100465,175.61959153897138,-0.01747719278002542,-0.01687719278002542,4,stop,0.005241868017242801,-0.022548269643498653,False,False,NVDA,2017-09-21 13:30:00+00:00,187,0.003593407192420603,,,,,,,,,,,,,,,,,,,,,,4,0,False,False,mixed_control
0.007492534164001717,-0.3546048870425359,-0.9350162426854147,0.7740668603747216,1.1885122175591412,0.8025505085603583,0.0,0.3513461311848657,2.060267360866617,0.5649899220297647,0.3342479923832764,-0.016550296316285996,0.0,0.0,0.12770197738165115,0.054064092257343724,0.8449009556389032,0.36754043059012304,0.4350100779702353,0.36754043059012304,0.0,0.4354534989884093,0.0,1.7794228216195158,1.1604637829899893,0.0036886030608014315,1.4816606586075423,0.00583355539847541,0.009844219913883956,0.010794823369889572,0.00516718861322274,0.0130070579384709,0.012061050121526806,0.0,0.4350100779702352,1.0,1.7636405668861714,0.45389636111573906,0.19744949143964172,1.0527068525906245,True,2017-09-25 18:30:00+00:00,2017-09-26 13:30:00+00:00,122.45118747143162,122.00195786803954,-0.004268642278351841,-0.0036686422783518413,4,gap_through_stop,0.013343693880854657,-0.00431459726889194,True,False,AAPL,2017-09-25 18:00:00+00:00,189,0.005602419859953107,122.45118747143162,122.5,14.0,0.27129882347329837,0.5241180835763996,2247.0,377.0,0.033401252839879415,3.2332555371435134,True,0.025022344448995985,0.0118784844298451,0.5308641975308642,-0.27138183154556916,-0.04841112831652731,0.2568979208454986,3.2872529299895485,0.38461538461538464,-0.13972161551197282,2.8279526400149426,0.26338939231731967,4,1,False,False,mixed_control
0.009281198372508757,1.0,0.0,0.9274435227873364,2.447196738994609,0.9083329273317176,0.0,0.18689837274375926,1.8519839358480317,0.5451215997710528,0.5994845997432826,0.482264686107392,0.0,-144.43498092309716,0.16453398670380437,0.020013197676102448,0.9968697719524859,0.45345452710277034,0.4548784002289472,0.45345452710277034,1.0,0.0865314036307661,0.014443498092309714,2.038882308591791,2.152110971772972,0.0034763758283340987,2.7574536078120278,-0.005886379480642634,0.016179535252833777,-0.0023980624316060073,0.023889700802671276,0.004982029284409606,0.01805388876643388,1.0,0.45487840022894716,1.0,-0.05701206016379142,0.20151995043523394,0.09166707266828249,3.075519241632346,True,2017-09-26 14:00:00+00:00,2017-09-26 16:00:00+00:00,123.06124287332501,125.51687785853585,0.019354576500893717,0.019954576500893717,5,target,0.02227941300676428,-0.0029087621882106784,False,False,AAPL,2017-09-26 13:30:00+00:00,190,0.01307801401338651,123.06124287332501,122.5,14.0,0.3731943210605977,0.5482380586044078,1754.0,247.0,0.03411749012292342,4.73186403645002,True,0.09726956764092609,0.0021479397382940957,0.7530864197530864,-0.13180698999555013,0.03163140603943401,0.35185025269926706,4.812583698713319,0.38461538461538464,0.08690593808763092,5.230825799675241,0.2990580102864745,4,0,False,False,mixed_control
0.00930583058549212,-0.7485107481711012,0.6631226582407952,1.017940732221148,5.5844952692998815,0.8389931030154165,0.0,0.35717479643804095,3.805399106017957,0.5411336963201077,0.6359077365420256,0.9309068369085186,0.0,0.0,0.12536723172284928,0.039232365753201444,0.8284042569409992,0.3801267993355242,0.45886630367989234,0.3801267993355242,0.0,0.24856846682636416,0.0,2.218381964545536,4.023036440486995,0.003464234336310502,1.211956676409653,0.009563375793324003,0.037287786224778685,0.01129520573031173,0.03838703569424795,0.01566458489781075,0.018412014889102712,0.0,0.4588663036798924,1.0,1.3863223319225733,0.35087975668129945,0.16100689698458345,0.3982555449001254,True,2017-09-26 16:30:00+00:00,2017-09-27 13:30:00+00:00,125.3862154043862,125.2202948596414,-0.0019232758019666722,-0.0013232758019666724,8,gap_through_stop,0.011975085568235677,-0.006581963230870347,True,False,AAPL,2017-09-26 16:00:00+00:00,190,0.0071306672180994415,125.3862154043862,125.0,14.0,0.2725485192233758,0.5456722862378562,1515.0,181.0,0.0343112023545225,3.5471315806504293,True,0.05393972371006899,0.008576728214952567,0.5925925925925926,-0.24092528075678443,-0.025638453546837678,0.25785219422695477,3.6079847553713367,0.38461538461538464,-0.08799612843030546,3.2904960654630964,0.2697490519255386,4,1,False,False,mixed_control
0.013200514877334332,1.0,0.0,0.1923170322556916,2.6287518133815073,0.9360415656812864,0.0,0.038938520584968314,0.5698712634527767,0.6841098200160194,0.5665795246382166,0.8267700535486441,0.0,346.1789285107586,0.4190456119885518,0.017537868717059032,1.9631866547020895,0.6201513856973059,0.3158901799839805,0.6201513856973059,1.0,0.0,0.03461789285107586,0.6088097840377451,1.677276353922287,0.010959591970170627,1.547458900057521,0.03725114557803555,0.04491141039296065,0.03829121454085471,0.05597246794243915,0.04040862387743105,0.037120832084505784,0.0,0.31589017998398056,1.0,3.542772773064771,0.20247047351019748,0.06395843431871358,1.4560897503018382,True,2017-09-27 14:00:00+00:00,2017-09-27 18:30:00+00:00,185.87960817090482,185.916784092539,-0.000400000000000022,0.00019999999999997797,10,stop,0.016120525732836732,-0.006929137931137808,False,False,NVDA,2017-09-27 13:30:00+00:00,191,0.0012057866580883609,,,,,,,,,,,,,,,,,,,,,,4,4,True,False,mixed_control
0.012593816268070058,1.0,0.0,0.4650582351049571,1.106051420829772,0.9109841574001493,0.0,0.10354329177630002,1.059657423423959,0.600190896525634,-0.1545515605444394,1.4165937403605688,0.0,-59.26393697485821,0.2330214747323918,0.02177389572516213,1.2785478106505552,0.5111750539257832,0.39980910347436616,0.5111750539257832,1.0,0.700640934388034,0.005926393697485821,1.1632007152002592,1.0826345206774621,0.0045920432682822025,1.2752241973837803,-6.994539084059781e-05,-0.003289511968917025,0.005252782690386315,0.04147416180201513,-0.010224099369098738,-0.016199379595320695,0.0,0.3998091034743661,0.05063064923044946,-0.38911102792020363,0.22264586230332278,0.0890158425998507,0.6629533554327812,True,2017-09-28 14:00:00+00:00,2017-09-28 16:00:00+00:00,185.26815497504901,182.11829028454088,-0.017601651961894626,-0.017001651961894626,5,stop,0.011146196199450564,-0.017484164760979692,False,False,NVDA,2017-09-28 13:30:00+00:00,192,0.0020031517899789775,,,,,,,,,,,,,,,,,,,,,,4,0,False,False,mixed_control
0.01260685113054147,-0.7485107481711013,-0.663122658240795,0.12618410436756924,1.549515631308028,0.6684816098212493,0.0,0.1616083232099735,3.2661272421903242,0.7411497730118001,0.4994177231390403,-0.05158444266814369,0.0,0.0,0.2613478073366705,0.18679578105695627,1.5825034715935804,0.40963138283304934,0.2588502269881999,0.40963138283304934,0.0,0.5005666994854963,0.0,0.48747921079984813,1.2254478765984487,0.007454446839839693,1.1030116173221143,0.0015933188452772473,0.015100654635620048,0.002624286289419908,0.025709729108760015,0.0236684057299561,0.024583179555904833,0.0,0.2588502269881999,1.0,0.943414822227108,1.280734400100413,0.3315183901787507,0.3343256638041605,True,2017-10-03 18:00:00+00:00,2017-10-04 13:30:00+00:00,179.23775485467752,179.71411591492608,0.0020577049050564573,0.002657704905056457,5,momentum_decay,0.011599500086113101,-0.006647463408111953,False,False,NVDA,2017-10-03 17:30:00+00:00,195,0.0010475160621643135,,,,,,,,,,,,,,,,,,,,,,4,0,False,False,mixed_control
0.01015282404824408,-0.7485107481711013,-0.663122658240795,0.6111434195181289,2.693843871119577,0.5031124821452302,0.0,0.7668976009786334,2.880760400585918,0.6040285738407207,0.8146732104436696,2.2418640577169247,0.0,0.0,0.027409012935323964,0.22558661193126892,0.2705777460384062,0.10714105598595086,0.39597142615927927,0.10714105598595086,0.0,0.3436367440780695,0.0,1.5434028294564284,1.989594100465818,0.0048586884992960514,1.2761196233855798,0.006243571918990831,0.041356089209241054,0.008581179230294556,0.09469380947605566,0.01312665474295227,0.025070604453737655,0.0,0.3959714261592793,1.0,1.1767292940455087,1.2548570048944785,0.4968875178547698,1.1175782638922813,True,2017-10-04 18:00:00+00:00,2017-10-04 18:30:00+00:00,108.00427472083908,106.52393438394557,-0.014306312465129433,-0.013706312465129433,2,stop,0.013043360804974924,-0.014753453563529084,False,False,TSLA,2017-10-04 17:30:00+00:00,196,0.0047917807494356765,,,,,,,,,,,,,,,,,,,,,,4,4,True,False,mixed_control
0.012057575433183922,-0.7485107481711012,0.6631226582407952,0.0005251849084391327,0.004722534876093581,0.39259906091544816,0.0,0.30894652512423776,1.1100037252044987,0.9980883980719787,0.07290915928054977,-0.022168823666862427,0.0,0.0,0.39184856779366284,0.608147777984406,204.37699537234207,0.39068745898742685,0.0019116019280213115,0.39068745898742685,0.0,0.5542820778747547,0.0,0.2747354984009398,0.5542820778738671,0.006947032977663173,1.1322079763108646,6.332496750083294e-06,-0.003124761410630894,0.001349051986130334,0.005244769900270896,0.0056616882401372415,-0.0021332238122325764,0.0,0.0019116019280213125,1.0,0.5990957430386413,317.7444682718488,0.6074009390845518,0.5054474810431909,True,2017-10-09 16:30:00+00:00,2017-10-09 19:00:00+00:00,104.48898991280326,107.19774025009653,0.02532378718134558,0.02592378718134558,6,target,0.028667748671513227,-0.0019331472496895152,False,False,TSLA,2017-10-09 16:00:00+00:00,199,0.012223097528853982,104.48898991280326,105.0,14.0,0.44968338454149964,0.5111422363268587,1659.0,224.0,0.04623121006439077,4.284484846365757,True,0.03843402757876621,0.0033977552158707762,0.6172839506172839,-0.15421142559792678,-0.0330674513477787,0.4241761271879289,4.383523305840774,0.38461538461538464,0.19919303382725007,5.256690611983655,0.41391690984211643,4,0,False,False,mixed_control
