atr_pct,bar_cos,bar_sin,body_atr,body_change_ratio,close_location,closing_bar,distance_session_high_atr,distance_session_low_atr,doji_score,ema_slope_atr,ema_spread_atr,engulfing_strength_signed,gap_bps,hammer_score,inverted_hammer_score,lower_wick_body,lower_wick_range,marubozu_score,open_location,opening_bar,overlap_fraction,overnight_gap_abs,range_atr,range_change_ratio,realized_vol_13,relative_volume,return_1,return_13,return_2,return_26,return_4,return_8,shock_volume_flag,signed_body_fraction,three_bar_body_balance,three_bar_close_progress,upper_wick_body,upper_wick_range,volume_zscore,valid,entry_time,exit_time,entry_price,exit_price,net_return,gross_return,bars_held,exit_reason,mfe,mae,gap_through_stop,gap_through_target,symbol,signal_time,session,rank_probability,fold
0.006207300868683843,-0.7485107481711012,0.6631226582407952,0.12542355049864107,0.9466233442752757,0.4790003415983897,0.0,0.29139402746574933,1.6508197755172414,0.7420886942251392,0.15618626629474708,-0.10727060319696746,0.0,0.0,0.10157041081490797,0.3892148804569387,0.8572289421704937,0.22108903582352898,0.25791130577486077,0.22108903582352898,0.0,0.5601827159204836,0.0,0.4863049726409722,0.9721243044519763,0.003146704291142603,1.3082548429090115,0.0007791483134269583,0.00027882637723686265,0.0016035498256943281,0.0005965938719156849,0.0009582059773713958,0.009482238290986489,0.0,0.25791130577486077,0.09029722445098866,0.04048629076779258,2.0200729736742136,0.5209996584016102,0.5903537138744934,True,2020-11-23 17:30:00+00:00,2020-11-23 18:30:00+00:00,849.3281181357779,849.4979837594051,-0.000400000000000022,0.00019999999999997797,3,stop,0.006852203875102658,-0.0019571726857553484,False,False,MSFT,2020-11-23 17:00:00+00:00,493,0.626839155959932,1
0.006749931550910281,1.0,0.0,0.12458664979597076,6.049697665049186,0.46120606463700636,0.0,0.2816120820132581,0.2410591351813671,0.7616347606346594,0.21779982546661128,0.17233981745182217,0.0,77.77033385648613,0.10946426034273622,0.4459798697727106,0.9348713170791128,0.22284082527166577,0.2383652393653406,0.22284082527166577,1.0,0.0,0.007777033385648613,0.5226712171946252,1.6720794364157128,0.0038098933254392267,1.3124316070773687,0.008625238149666092,0.009326299904220958,0.008766673432146987,0.02091729242407414,0.008344203230443048,0.008401356123436177,0.0,0.2383652393653406,-0.0720142279575341,1.1471181017681285,2.260371255459922,0.5387939353629936,0.8802399520656049,True,2020-11-26 15:00:00+00:00,2020-11-26 19:30:00+00:00,849.7535863732645,847.2607660868463,-0.0035335801888845657,-0.002933580188884566,10,momentum_decay,0.008830771694620099,-0.009036351998765735,False,False,MSFT,2020-11-26 14:30:00+00:00,496,0.7100974219572503,1
0.017842190000371166,1.0,0.0,1.0289873185921372,1.5549732035429975,0.5350858820124318,0.0,1.0536541896528155,1.2126873751369853,0.5459698861907544,0.12280876065112548,1.0174285592394443,0.0,-429.7437549942806,0.017384819840889704,0.1712476681196617,0.17852509280301215,0.0810557682031861,0.45403011380924563,0.0810557682031861,1.0,0.1566436180820785,0.042974375499428064,2.266341564789801,1.4671823600238525,0.00983218080990136,1.16818835720241,-0.025075356432212592,0.014476315842065546,-0.01372249203532605,0.057978639549451705,-0.019298064266389803,-0.013948004696467842,0.0,0.45403011380924563,0.6903902750613944,-1.2445695210070822,1.023971987423576,0.46491411798756827,0.33984077462522516,True,2020-12-01 15:00:00+00:00,2020-12-01 16:30:00+00:00,155.76259915346117,152.01075220324677,-0.024686956500501078,-0.024086956500501078,4,stop,0.006367504452481354,-0.029324219229894366,False,False,TSLA,2020-12-01 14:30:00+00:00,499,0.8583794249483939,1
0.00870045071664048,-0.3546048870425359,-0.9350162426854147,0.39956692097587837,1.5341452431573612,0.7417157077006905,0.0,0.34475001309848546,1.7182183893797174,0.6044294866357622,-0.044404632938292034,0.3030527645350685,0.0,0.0,0.1307664278201658,0.0860161088761879,0.8750530756007402,0.3461451943364527,0.3955705133642379,0.3461451943364527,0.0,0.341717634177008,0.0,1.010102895632063,1.3803271132491268,0.0038721712942500373,1.6324945741467363,0.0034885399070059275,-0.017615766755638806,0.005775603890884939,0.0013470965924260447,0.009420924198651148,0.0030081963565760095,0.0,0.3955705133642378,0.26757073987618074,0.27692251575753485,0.6529412167316919,0.2582842922993095,1.5412146861935871,True,2020-12-02 19:30:00+00:00,2020-12-03 14:30:00+00:00,884.0552829377348,869.6529176478473,-0.01689124961736339,-0.01629124961736339,4,gap_through_stop,0.011108918719824334,-0.01629124961736339,True,False,MSFT,2020-12-02 19:00:00+00:00,500,0.6348829986148254,1
0.007879848361928017,1.0,0.0,0.6282883724541729,6.9993723337359475,0.4767905113576008,0.0,0.7787345931716511,0.70964551092829,0.5778710218421564,0.0876051480639196,-0.008161334687706807,0.0,-5.544450937400303,0.011892520492604738,0.22569785788436175,0.1294901227541518,0.05466153319975726,0.42212897815784356,0.05466153319975726,1.0,0.23923579737958353,0.0005544450937400303,1.4883801040999411,3.605397759941707,0.004100898905061792,1.5394310275110525,0.00441824593630602,-0.012953663997338327,0.0051323403342693474,0.015195561610036767,0.010530433634244885,0.006519150400605245,0.0,0.42212897815784356,1.0,0.982892295214381,1.2394540903719498,0.5232094886423991,1.3193519034062868,True,2020-12-17 15:00:00+00:00,2020-12-17 17:00:00+00:00,822.3289033125627,816.8765363456984,-0.007230396845958786,-0.006630396845958786,5,momentum_decay,0.0020205142113209895,-0.009752443240717446,False,False,MSFT,2020-12-17 14:30:00+00:00,511,0.609225408647064,1
0.00879117251021125,1.0,0.0,0.24357562439984645,1.6914339833323537,0.44879077571658443,0.0,0.384000466195817,0.312650549931546,0.6503620625519686,0.2577199033180278,0.4951083166079404,0.0,213.9194542194711,0.027590811101773062,0.30788106959424727,0.2835871844806201,0.09915283826855306,0.3496379374480314,0.09915283826855306,1.0,0.0,0.02139194542194711,0.696651016127363,1.4130311703231575,0.0071031532402059975,2.2059406719422223,0.023583761024429162,0.020908953071572256,0.024911875430235764,0.026777101429093175,0.02658027083440273,0.01460625327438847,1.0,0.34963793744803134,0.7239089781974445,3.183389877014188,1.5765143459726558,0.5512092242834156,2.8001401708566798,True,2020-12-23 15:00:00+00:00,2020-12-23 18:00:00+00:00,846.7618031190906,862.7664656545871,0.018301020896954224,0.018901020896954224,7,target,0.018973922148580513,-0.003838223379119543,False,False,MSFT,2020-12-23 14:30:00+00:00,515,0.6962447839106579,1
0.01252138088164314,1.0,0.0,0.27929091140352613,0.47282571641812166,0.7082597249948859,0.0,0.2057248336733326,0.499439489866591,0.6039349948938337,1.432202597645574,2.073389606175149,0.0,167.02675321293992,0.11238816215817098,0.10199159012489979,0.7882411115946408,0.3121947198887195,0.39606500510616627,0.3121947198887195,1.0,0.0,0.01670267532129399,0.7051643235399235,0.5331254075931948,0.005477479721736538,1.9622764085323587,0.020270671926253758,0.07703291069252804,0.028028290266601807,0.09955254127873703,0.04302935876989045,0.07006721302347962,0.0,0.3960650051061663,1.0,2.895107747317589,0.7365969506112284,0.2917402750051142,1.9287606861394215,True,2020-12-24 15:00:00+00:00,2020-12-25 16:00:00+00:00,911.9903294766076,929.71310656092,0.018833075671409173,0.019433075671409172,16,momentum_decay,0.025960314144083618,-0.005316901485997616,False,False,MSFT,2020-12-24 14:30:00+00:00,516,0.6776733710957665,1
0.014656919964141011,1.0,0.0,0.033637614581708344,51.48435210219012,0.7127639192651921,0.0,0.09688854395957097,0.24042473406493944,0.9002778225075856,0.05296772000794938,0.3136883286152795,0.0,211.52461434801984,0.6416855491980397,0.334477305469365,6.14749654670928,0.6130417417727777,0.09972217749241441,0.6130417417727777,1.0,0.0,0.021152461434801983,0.33731327802451044,1.2692562458318208,0.008829354825243727,1.2985865623229285,0.021656162263458345,0.010799015206764295,0.021666157807132214,0.06210653669005284,0.01095342837105262,0.021853037125802333,0.0,0.09972217749241438,-0.9075152865667604,0.7586103486594884,2.8803631043153697,0.2872360807348079,0.6981537420125752,True,2021-01-01 15:00:00+00:00,2021-01-01 16:00:00+00:00,158.7945214065814,155.65247930873093,-0.020386841951590417,-0.019786841951590417,3,stop,0.013494807773650752,-0.03319022043025199,False,False,TSLA,2021-01-01 14:30:00+00:00,522,0.7683605437823426,1
0.017396801897411097,1.0,0.0,0.0793009243977316,0.19855589149820177,0.7820126848001109,0.0,0.08411283298579243,0.3017483025975463,0.7944832555425783,0.38670910077813775,-0.06742515519970806,0.0,336.19607887603433,0.5809333821691212,0.11896113039594194,2.8051044787717183,0.576495940342689,0.20551674445742174,0.576495940342689,1.0,0.0,0.03361960788760343,0.3858611355833388,0.3799057073705523,0.011784757134282155,1.2547864874258752,0.035047541333343535,0.02556230337206644,0.04254510290097402,0.015036996478401399,0.04685303647200678,0.046509439822067566,0.0,0.20551674445742177,1.0,3.1435372398242762,1.0606790983109928,0.21798731519988915,0.6539364440352837,True,2021-01-05 15:00:00+00:00,2021-01-05 16:30:00+00:00,161.1823140657616,161.21455052857476,-0.000400000000000022,0.00019999999999997797,4,stop,0.026309562361914507,-0.016398987570968804,False,False,TSLA,2021-01-05 14:30:00+00:00,524,0.8921698570172847,1
0.008121769814776785,1.0,0.0,0.20685922133607454,0.5622501806794267,0.7683039751693581,0.0,0.1484473916641452,0.4922515230999416,0.6771350527224747,0.46781203809811545,0.3246747654424683,0.0,184.02519481985013,0.23925140137636872,0.08982578666530061,1.3796450548366515,0.44543902789183276,0.32286494727752524,0.44543902789183276,1.0,0.0,0.018402519481985014,0.6406989147640868,0.6690431276931972,0.005843681314001683,2.331274996853153,0.02011637924579812,0.017250780699861412,0.023235421405170875,0.0029582361070545904,0.026182284786228527,0.026213312248940523,1.0,0.3228649472775253,1.0,3.802001957203767,0.7176252076423996,0.23169602483064192,3.7082873386099577,True,2021-01-12 15:00:00+00:00,2021-01-12 16:30:00+00:00,887.266687664337,887.4441410018699,-0.000400000000000022,0.00019999999999997797,4,stop,0.010629646760661693,-0.006081770711720558,False,False,MSFT,2021-01-12 14:30:00+00:00,529,0.7294867192058565,1
0.011450192870494152,1.0,0.0,0.06078366282704018,0.09470213355060253,0.703192984189157,0.0,0.09078401610764918,0.215084818763513,0.8012753968456988,0.33100779149356296,0.27907699023108595,0.0,-188.58851566569413,0.4767793033536861,0.1976762294067094,2.5385300713785397,0.5044683810348558,0.19872460315430118,0.5044683810348558,1.0,0.0,0.018858851566569412,0.3058688348711622,0.20837600403691797,0.006915131996989171,1.3147810181766937,-0.018175516784744383,0.007125682526699428,-0.011039552192410373,-0.009719396808255287,-0.0007283599494862791,0.007209182662128555,0.0,0.19872460315430118,1.0,-0.6664765304654742,1.493559484315612,0.29680701581084307,0.6905128103584921,True,2021-01-26 15:00:00+00:00,2021-01-26 20:00:00+00:00,148.05712035394433,147.88689438712618,-0.0017497317144303352,-0.0011497317144303354,11,momentum_decay,0.008338731380499897,-0.0050012908174887905,False,False,AAPL,2021-01-26 14:30:00+00:00,539,0.804387533631008,1
0.008473257558603694,1.0,0.0,0.19234512109461113,0.4760342867235638,0.8974027429907954,0.0,0.06179185529589776,0.5404840446373144,0.6806361982673709,0.9557312289855519,1.96108437112995,0.0,139.5253664195706,0.3685128088667325,0.03075503470319384,1.8099701284923764,0.5780389412581662,0.3193638017326291,0.5780389412581662,1.0,0.0,0.013952536641957058,0.6022758999332121,0.5896509962249008,0.00505594588850384,1.5856691330266621,0.015607763766557925,0.034631777767525795,0.019151473136787,0.04573727406968664,0.027786497133356125,0.03147757799621065,0.0,0.3193638017326291,1.0,3.4384390989256364,0.3212551217530831,0.1025972570092046,1.9092388223862202,True,2021-01-29 15:00:00+00:00,2021-01-29 16:00:00+00:00,1026.0928593656072,1026.2980779374802,-0.000400000000000022,0.00019999999999997797,3,stop,0.010681413757780645,-0.005192876043089711,False,False,MSFT,2021-01-29 14:30:00+00:00,542,0.696481030729129,1
0.01756748510941094,1.0,0.0,0.6836763153689523,2.1536060884356028,0.9021867493639165,0.0,0.155125901793708,1.4308136389629698,0.5689140110330062,0.3340390693966287,0.4358339378951525,0.0,-175.37376794137805,0.1869699089412594,0.022757895652593486,1.0928231778664281,0.4711007603969228,0.4310859889669938,0.4711007603969228,1.0,0.31285595446229986,0.017537376794137804,1.5859395407566779,1.845277465622483,0.007524965813025189,1.3545751964436585,-0.005594090985720834,-0.0023946827115838287,-4.864565868345494e-05,0.04061449896974989,0.009007327314366487,0.017437845964652476,0.0,0.43108598896699374,1.0,0.1460489436253427,0.2268996282398451,0.09781325063608344,0.8930155088701689,True,2021-02-01 15:00:00+00:00,2021-02-01 16:30:00+00:00,122.3095485849868,119.40884250075433,-0.024316104897704815,-0.023716104897704815,4,stop,0.004329288103441353,-0.027044967788091068,False,False,TSLA,2021-02-01 14:30:00+00:00,543,0.7413444332288522,1
0.007653539212802441,0.5680647467311559,0.8229838658936564,0.18837733818018682,0.2449387474369005,0.786796207724031,0.0,0.2164993075033539,1.8498480407301445,0.6950478909120954,-0.03818368526785667,-0.14051800945945822,0.0,0.0,0.28802529898624635,0.08392999704092262,1.580064817642886,0.48184409863612643,0.3049521090879046,0.48184409863612643,0.0,0.20779329326572832,0.0,0.6177276121933156,0.3479028396299158,0.0036572585166946216,1.5897749341398242,0.0014438349985035348,-0.0022828768948806033,0.00738202747869332,-0.0011969833712541789,0.004814378418640741,0.006122483318886429,0.0,0.3049521090879046,0.0896278937504954,-0.04953628249858316,0.699138605446943,0.21320379227596897,1.4304264850004265,True,2021-02-03 16:00:00+00:00,2021-02-03 19:00:00+00:00,1003.8685576222683,1020.3873244683305,0.01585510930752514,0.01645510930752514,7,target,0.017101805337312648,-0.0036185667283826772,False,False,MSFT,2021-02-03 15:30:00+00:00,545,0.6285404818420047,1
0.008126096701720719,1.0,0.0,0.29798222031457855,0.6051889234570815,0.8065780741203877,0.0,0.16535203674780655,0.6895253821169156,0.6514328092672057,-0.03782170118316048,-0.11612699453987434,0.0,-60.081470602069146,0.23013574384884367,0.0653067596792354,1.313981624097867,0.4580108833875934,0.3485671907327944,0.4580108833875934,1.0,0.6874346936852017,0.006008147060206914,0.8548774188647221,0.6874346936847394,0.003373719425368306,1.528727405256215,-0.0035954207907074043,-0.0010849571552405957,0.00039287787556485654,-0.01685280170026382,0.0011124116312060117,0.007683655320599225,0.0,0.34856719073279435,0.6576702861702569,-0.11693685516747104,0.5549057140818037,0.19342192587961227,2.234289852392124,True,2021-02-15 15:00:00+00:00,2021-02-15 16:00:00+00:00,147.16898266314175,147.19841645967438,-0.000400000000000022,0.00019999999999997797,3,stop,0.012433885812080936,-0.0171263176464429,False,False,AAPL,2021-02-15 14:30:00+00:00,553,0.6673080046093957,1
0.01405382832086395,1.0,0.0,0.04906047253942662,0.0956246110977528,0.7209378039160372,0.0,0.06928549200283887,0.17899425701050517,0.802398412539116,0.9581355658344329,0.303647521842525,0.0,-107.96809365257177,0.5106895443847607,0.18004934274290368,2.648441357049198,0.5233362164551533,0.19760158746088397,0.5233362164551533,1.0,0.19382479487012827,0.010796809365257176,0.24827974901334404,0.2113016409364914,0.007407649910614133,1.8154003861302015,-0.010114295586805322,0.03891817648264295,-0.0029982674872607307,0.02110872261891439,0.016098617381456126,0.049738515452646404,0.0,0.19760158746088397,1.0,0.6059568280474903,1.412246731754851,0.27906219608396277,1.5702594119921378,True,2021-02-18 15:00:00+00:00,2021-02-18 19:30:00+00:00,146.69828162884556,148.7292990602059,0.013244861772129846,0.013844861772129846,10,stop,0.030006764341123482,-0.0068501833095948594,False,False,AAPL,2021-02-18 14:30:00+00:00,556,0.6817847088081814,1
0.009540129528346243,1.0,0.0,0.1349296193220963,0.8930662243673463,0.8434562432869879,0.0,0.07684232518755173,0.4140257030304303,0.7251203754053066,0.3922851901335856,0.3358793353765633,0.0,130.96820585649203,0.42169442415666253,0.05938622713328161,2.0684567636744093,0.5685766186922945,0.2748796245946935,0.5685766186922945,1.0,0.0,0.013096820585649205,0.49086802821798203,0.9440143020705567,0.005297091062344384,1.5966848168099057,0.01440260632923529,0.00731820358614077,0.015887974376778358,0.013210609466893342,0.02168560281286802,0.01891511332665985,0.0,0.27487962459469345,1.0,2.433361040954574,0.569499310627244,0.15654375671301207,2.068545042859832,True,2021-03-02 15:00:00+00:00,2021-03-02 17:30:00+00:00,141.65200669371137,144.55747045109894,0.01991127848594425,0.02051127848594425,6,target,0.021796313643870135,-0.006593283917368686,False,False,AAPL,2021-03-02 14:30:00+00:00,564,0.7621114843649114,1
0.007656395245870069,1.0,0.0,0.038601738984661405,0.07335877115444632,0.42132771723459933,0.0,0.18430323722890468,0.13419004941711046,0.8787988927767738,0.8546175195621993,1.5450004764706087,0.0,-65.9786503697557,0.3056231109985093,0.6150479602059326,2.476269539825906,0.3001266100113731,0.12120110722322619,0.3001266100113731,1.0,0.07339983866297374,0.00659786503697557,0.3184932866460151,0.24626773411869302,0.003017414095719498,1.3570423423625986,-0.0063041780670357594,0.01727344958951793,-0.002309992359287638,0.04776590513591161,0.004857064847530346,0.016764942423872276,0.0,0.12120110722322622,1.0,0.028096987407978904,4.774480167883763,0.5786722827654007,0.9802569056216403,True,2021-03-31 14:00:00+00:00,2021-03-31 16:00:00+00:00,766.7687927106102,758.8433680427023,-0.010936133581924645,-0.010336133581924645,5,stop,0.0025574622962303284,-0.016826981212067382,False,False,MSFT,2021-03-31 13:30:00+00:00,585,0.6467241293655437,1
0.008797014305428353,1.0,0.0,0.6266447988536501,1.2662592175857519,0.8763178944974955,0.0,0.18063430481739598,1.279838122325578,0.5709300722099122,0.7385299456335531,0.9511032526934151,0.0,64.78750011864376,0.17383756975575623,0.030322905022046816,1.0423661453293622,0.4472479667074078,0.4290699277900878,0.4472479667074078,1.0,0.06415650239977756,0.006478750011864376,1.4604724271429739,1.2218258475149737,0.004373101238497999,1.3197753252919227,0.012057823267655365,0.02664386635966265,0.01653663160020491,0.06096312921829794,0.022681534168614625,0.02068302805698874,0.0,0.4290699277900878,1.0,2.836827598605043,0.2882562899234075,0.12368210550250441,0.7899739915295491,True,2021-04-06 14:00:00+00:00,2021-04-06 16:30:00+00:00,764.4172632203434,765.0116474840288,0.0001775652019963442,0.0007775652019963442,6,momentum_decay,0.00809828538055557,-0.0053502326325616245,False,False,MSFT,2021-04-06 13:30:00+00:00,589,0.6253120049548647,1
0.022378794695578987,1.0,0.0,0.265903968424221,2.4204315484309133,0.5276541439053399,0.0,0.33390859168948084,0.37300687582456926,0.6238532319015413,-0.30985679643683917,0.21005815310898612,0.0,-314.8929665890854,0.04419640749597867,0.22157054247131217,0.40278792390703266,0.1515073758068812,0.3761467680984588,0.1515073758068812,1.0,0.0,0.03148929665890854,0.7069154675140501,1.763898618906327,0.010653139044458965,1.371184935256942,-0.025691566843550673,-0.0607614403649851,-0.023352174009448112,0.008846022172925405,-0.028496224270774473,-0.044403923079549656,0.0,0.37614676809845876,0.4729262144687144,-1.1949149910448897,1.255748809120467,0.47234585609466,0.6606164470840215,True,2021-04-21 14:00:00+00:00,2021-04-21 17:30:00+00:00,156.26890843405894,155.88812238540424,-0.003036735832293757,-0.002436735832293757,8,momentum_decay,0.0166736720726417,-0.004972227472123669,False,False,TSLA,2021-04-21 13:30:00+00:00,600,0.9256246814453934,1
0.010337335798422208,1.0,0.0,0.44715020729700794,0.911416754086903,0.8176618670488887,0.0,0.19995727672104902,0.896671681164912,0.5922502282275977,0.9185810291570524,1.2711795477299876,0.0,153.6447333815638,0.16227616394949385,0.0520936120870394,1.0053030649018884,0.4099120952764864,0.40774977177240224,0.4099120952764864,1.0,0.0,0.015364473338156381,1.096628957885961,0.9299779130796013,0.006061701456558166,1.0989456749474122,0.02007963009775593,0.04175711786820302,0.02538439119816238,0.045903194640515066,0.033868729960604194,0.04240769402959077,0.0,0.4077497717724023,1.0,3.0087927023177574,0.44718144698950785,0.18233813295111131,0.30290226247798335,True,2021-04-26 14:00:00+00:00,2021-04-26 15:00:00+00:00,137.5101962778708,135.59118602711854,-0.01455540332786993,-0.01395540332786993,3,stop,0.0027114814209898697,-0.02020083272696227,False,False,AAPL,2021-04-26 13:30:00+00:00,603,0.681456383680058,1
0.009051848244090055,1.0,0.0,0.7984525493186688,4.151628725476535,0.5871405221319562,0.0,0.7417823061437933,1.0549120799806748,0.5555991294429552,0.11343237654813004,-0.148456017945094,0.0,73.9297355504398,0.03492626041643278,0.1474960521494392,0.3211957064709743,0.14273965157491145,0.4444008705570448,0.14273965157491145,1.0,0.0,0.00739297355504398,1.7966943861244682,3.069623233933867,0.005152517167687873,1.555787718650807,0.014726882985798051,0.012325694694913958,0.016522584157430575,0.0059729536989769905,0.006758408237900415,0.017508552422001333,0.0,0.4444008705570448,0.39022626204113026,1.5057756919646124,0.9290249079630777,0.4128594778680437,1.534553503422941,True,2021-04-27 14:00:00+00:00,2021-04-27 17:30:00+00:00,776.3426158516602,776.4978843748305,-0.000400000000000022,0.00019999999999997797,8,stop,0.014963405064550406,-0.002334173614609636,False,False,MSFT,2021-04-27 13:30:00+00:00,604,0.6863036738253626,1
0.01564569417217813,1.0,0.0,0.3647652584896019,0.6805376004334021,0.6931008484135797,0.0,0.30080658450761777,0.6793413988044608,0.6278467489602936,0.3792135110950842,0.7020983445510475,0.0,-226.3849344573543,0.1250953415381219,0.11719512749910788,0.8624070768609636,0.32094759737387324,0.3721532510397064,0.32094759737387324,1.0,0.14995911241972118,0.02263849344573543,0.9801479833120785,0.7396544046364552,0.007987390185227448,1.6009381926405781,-0.017028670485940034,-0.0031656982140696455,-0.008858470181301925,0.02750037511452308,0.009221903454234903,0.014064851025575198,0.0,0.3721532510397064,1.0,-0.05104150799923926,0.8246579889564869,0.30689915158642034,1.421310584057751,True,2021-05-20 14:00:00+00:00,2021-05-20 16:00:00+00:00,135.29280654972624,135.3198651110362,-0.000400000000000022,0.00019999999999997797,5,stop,0.01849335533532659,-0.012076691944426843,False,False,TSLA,2021-05-20 13:30:00+00:00,621,0.7641290251884062,1
0.008331777760442931,1.0,0.0,0.7243367641782845,2.630274899839528,0.8341483394508103,0.0,0.2764658046579556,1.3904804516682452,0.5654708354097406,0.7179982437295913,2.1406056616070814,0.0,114.30293481949016,0.14459711691565538,0.04319332757205801,0.9196601918246402,0.39961917486055093,0.43452916459025936,0.39961917486055093,1.0,0.0,0.011430293481949017,1.666946256326201,2.170758507252853,0.005062715822902766,1.57480737094685,0.017571349747953047,0.02103851274297308,0.019952692806645356,0.06443604408911674,0.02401310751658836,0.0228976078879064,0.0,0.4345291645902594,1.0,2.6702780463562856,0.3816813094825292,0.16585166054918968,1.651574166180696,True,2021-05-26 14:00:00+00:00,2021-05-26 17:30:00+00:00,916.2703268408574,914.9647535349744,-0.0020248778637024893,-0.0014248778637024895,8,momentum_decay,0.003207833608535049,-0.006609367148779133,False,False,MSFT,2021-05-26 13:30:00+00:00,625,0.6453121032490428,1
0.0084906475338647,1.0,0.0,0.37784946529653546,1.158620028491534,0.7862860729214725,0.0,0.20773958715762234,0.7643055668359686,0.6112840398985964,-0.10510262855526892,0.47315031510938377,0.0,-73.6429636293423,0.16386407169555328,0.06748834278621581,1.0227779500389376,0.3975701128200688,0.38871596010140363,0.3975701128200688,1.0,0.3381263608227245,0.007364296362934231,0.9720451539935909,1.1176139870401822,0.0033039252529091082,1.1779950500432366,-0.0041694862221969275,0.002806400424338662,-0.0014159636459694092,0.03917759836539947,-0.012447915711832347,-0.00791741520402911,0.0,0.3887159601014037,0.18055610764932736,-0.6615684866566269,0.5497945775694475,0.21371392707852752,0.5255547766208951,True,2021-06-03 14:00:00+00:00,2021-06-03 15:30:00+00:00,899.5865443288793,916.0083997182027,0.01765489219780918,0.01825489219780918,4,target,0.02737445448411524,-0.008107456963770021,False,False,MSFT,2021-06-03 13:30:00+00:00,631,0.6924437057886096,1
0.008664206337200222,1.0,0.0,0.38805270765438454,1.219326691800138,0.8185268102093535,0.0,0.18481125737490042,0.8335830166669277,0.6189563143218869,-0.467141531220202,0.047367451241900345,0.0,-71.20436206718539,0.193891239929645,0.055272868342755285,1.1481180268130942,0.43748312453124033,0.3810436856781131,0.43748312453124033,1.0,0.310544941670664,0.007120436206718539,1.0183942740418281,1.1571639264212914,0.0032881400432434042,1.3771009834864294,-0.003770946034727718,-0.022205808192874543,-0.0010267667681822523,0.013455248446991419,-0.008315116854542226,-0.011248453847068851,0.0,0.3810436856781131,-0.12763591803690258,-1.03885704392935,0.4762529773123557,0.18147318979064658,0.9267334075059727,True,2021-06-07 14:00:00+00:00,2021-06-07 17:00:00+00:00,145.17970304085907,145.20873898146723,-0.000400000000000022,0.00019999999999997797,7,stop,0.01169709282552045,-0.008793066601952115,False,False,AAPL,2021-06-07 13:30:00+00:00,633,0.7221697929256372,1
0.00830775424966244,1.0,0.0,0.37357849371025625,0.613383926841236,0.7941915549808957,0.0,0.20581009085686802,0.7941979060830222,0.6264244937506117,0.14650100059490598,0.03688429846389613,0.0,-90.92769314924753,0.1867154201749006,0.06664978225341744,1.1259197717576541,0.4206160487315074,0.3735755062493883,0.4206160487315074,1.0,0.39925990120953186,0.009092769314924753,1.0000079969398903,0.679802757532623,0.004020029392075318,1.9760988687445011,-0.00600781684648477,0.009949422309622369,-0.0009833636394698253,0.004369657701674523,-0.00287046542617031,0.002113140131545288,0.0,0.3735755062493883,0.6575243978962929,-0.3393418500714257,0.5509152542812847,0.2058084450191043,2.7022578250943607,True,2021-06-11 14:00:00+00:00,2021-06-11 17:30:00+00:00,143.26244778003164,141.65569234739348,-0.011815468237044224,-0.011215468237044224,8,stop,0.006346294813790676,-0.012224021136924224,False,False,AAPL,2021-06-11 13:30:00+00:00,637,0.6752469440899357,1
0.016523218774628225,1.0,0.0,0.20593833166536582,10.7124390436617,0.8028192279748977,0.0,0.1282410732373615,0.5221320433717755,0.6833535605852368,0.17553053777945138,1.8143023249914203,0.0,-310.9554635175782,0.2807747252710471,0.072883842467597,1.5353805634375326,0.4861727885601345,0.3166464394147632,0.4861727885601345,1.0,0.0,0.03109554635175782,0.650373116609137,2.2829559219389117,0.010013803925844724,1.2123934773182914,-0.027787335993148643,0.0048328192387974145,-0.02748700499002321,0.05414500478212725,-0.02141231698377366,-0.01704086396029436,0.0,0.31664643941476317,1.0,-1.2305910226934196,0.6227158984927486,0.19718077202510229,0.4763511252755615,True,2021-06-14 14:00:00+00:00,2021-06-14 16:00:00+00:00,141.8992090836157,138.73395632150803,-0.022906345345748157,-0.022306345345748158,5,stop,0.0068867214517081,-0.029882474243648538,False,False,TSLA,2021-06-14 13:30:00+00:00,638,0.7469571706195716,1
0.009159489738031613,1.0,0.0,0.3055378357438009,0.7211989072094942,0.5433826963574012,0.0,0.3838247300532868,0.4567582417074859,0.6365167437263338,0.15116376509500093,-0.005794886261656398,0.0,-24.397258952638666,0.05706105325337111,0.21858665349575832,0.4949318489319031,0.17989944008373498,0.3634832562736662,0.17989944008373498,1.0,0.7714636527661399,0.0024397258952638667,0.8405829717607727,0.7811493703478841,0.004398930678351499,1.3601817600933264,0.0003598518466356726,-0.008068215291132552,0.004258220149945036,0.014822424241050625,0.006530780119087032,0.004491300636107365,0.0,0.3634832562736662,1.0,1.0421808473641314,1.2562265132172816,0.45661730364259884,0.8931488690167771,True,2021-06-29 14:00:00+00:00,2021-06-29 18:00:00+00:00,152.83343008975154,152.8639967757695,-0.000400000000000022,0.00019999999999997797,9,stop,0.011634384334292314,-0.017957802118953592,False,False,AAPL,2021-06-29 13:30:00+00:00,649,0.6174989628766241,1
0.016875905540149998,1.0,0.0,0.26726953371138945,1.6808258817258748,0.7307597970072767,0.0,0.20665022869294708,0.5608808695454991,0.6517801893307028,-0.2049524947058556,-0.08375983532224848,0.0,282.2742745848883,0.1744126219128977,0.10372302492352704,1.0985589406935703,0.3825399863379795,0.3482198106692972,0.3825399863379795,1.0,0.0,0.02822742745848883,0.7675310982384461,1.4099843860463637,0.010844697435475451,1.3003908094501562,0.032886173165207255,-0.022436555212827503,0.0357569811659999,0.04331190638067106,0.022877388822892364,0.0032638959546023028,0.0,0.3482198106692972,0.28464919618524825,1.9944053888264701,0.7731903663803801,0.2692402029927233,0.6500094486270849,True,2021-07-05 14:00:00+00:00,2021-07-05 15:00:00+00:00,141.18228554485862,137.96580400988196,-0.02338247247920251,-0.02278247247920251,3,stop,0.005930464234525923,-0.026670807006590636,False,False,TSLA,2021-07-05 13:30:00+00:00,653,0.8944548737344534,1
0.017626616430514008,1.0,0.0,0.13461120589202388,0.2604014115900961,0.7288222466796357,0.0,0.1337420946538152,0.35944767853460263,0.727060021902366,0.11993909468920606,0.00029505025498964376,0.0,-252.63406054396253,0.295023206925996,0.13101734521337152,1.6702656450625755,0.4558822685820016,0.27293997809763404,0.4558822685820016,1.0,0.0,0.025263406054396254,0.49318977318841783,0.3915895965254323,0.008859739911014282,1.471797504089222,-0.02294510874034672,-0.022074045960816857,-0.014168464299898598,-0.0440153356226739,-0.009062954660257305,-0.0033030326366483287,0.0,0.2729399780976341,1.0,-0.39079671918210357,0.9935435446636286,0.2711777533203643,1.4364259823863417,True,2021-07-06 14:00:00+00:00,2021-07-06 19:00:00+00:00,138.06582128488824,140.26302912509433,0.015314205411289517,0.015914205411289517,11,momentum_decay,0.02833876889735598,-0.022069209378724475,False,False,TSLA,2021-07-06 13:30:00+00:00,654,0.8693838020113758,1
0.007917239261784677,1.0,0.0,0.2640248069046069,1.2409186428072492,0.8362597354747179,0.0,0.12455725987369966,0.6361429883811672,0.652918731773376,0.7334611310750375,1.0022995498172214,0.0,-30.677799636306126,0.25651644743803703,0.05244829583197623,1.4094061305793524,0.4891784672480939,0.347081268226624,0.4891784672480939,1.0,0.594560132154737,0.0030677799636306124,0.7607002482548668,1.1550219133917905,0.0034603962397294374,1.1132724278723676,-0.000979479849641307,0.01598039681312824,0.0007045721098635216,0.0353379032453216,0.009162635392324647,0.013680297134671227,0.0,0.347081268226624,1.0,0.8818329065486874,0.47176347303851335,0.1637402645252821,0.255514265853515,True,2021-07-19 14:00:00+00:00,2021-07-19 16:30:00+00:00,1002.4190803504679,1002.619564166538,-0.000400000000000022,0.00019999999999997797,6,stop,0.010464817238418522,-0.005147561611781537,False,False,MSFT,2021-07-19 13:30:00+00:00,663,0.6045346499997412,1
0.008413278137586376,-0.35460488704253545,0.9350162426854148,0.1611950865777036,0.17400165400386144,0.9317427596528666,0.0,0.18246741240440192,1.884350423841515,0.7023920671298298,0.742436840369986,0.034712696745764014,0.0,0.0,0.4648271341269592,0.01964642960587201,2.1307725928759624,0.6341348267826965,0.29760793287017007,0.6341348267826965,0.0,0.2620626303342112,0.0,0.541635718588268,0.2620626303341961,0.005759679607768928,1.4059609902755004,0.0013580208172372377,0.016461347098121637,0.009234737801680604,0.007288575130428798,0.01066655106903891,0.026087520486394622,0.0,0.2976079328701701,1.0,1.212543108175801,0.22935289287755597,0.06825724034713346,1.021496811946542,True,2021-07-26 16:00:00+00:00,2021-07-27 13:30:00+00:00,997.5621478003419,997.761660229902,-0.000400000000000022,0.00019999999999997797,9,stop,0.012838860790787221,-0.009824614093396744,False,False,MSFT,2021-07-26 15:30:00+00:00,668,0.6017237005504203,1
0.012189451111104425,1.0,0.0,0.04288946377810711,0.06834794397215511,0.5669184783401131,0.0,0.11214286603521348,0.14679883529944415,0.8343663320467778,0.6560786406515945,1.6090266231981118,0.0,-164.36725282136467,0.3819972451311899,0.43538837364485333,2.422724892470374,0.401284810386891,0.1656336679532222,0.401284810386891,1.0,0.0,0.016436725282136466,0.25894170133465766,0.1814069300301851,0.006840421408240911,1.882654911547318,-0.015922250397165882,0.020240482589475972,-0.008458629652989935,0.05927094406039246,-0.0009822368985021868,0.015510607766612283,0.0,0.16563366795322215,0.7047351232396003,-0.8504735558974683,2.6146949892839286,0.43308152165988684,1.9250530990560446,True,2021-08-05 14:00:00+00:00,2021-08-05 16:30:00+00:00,140.91123288472446,144.60413864087013,0.025607319888874592,0.026207319888874592,6,target,0.027182804416544082,-0.004219679711822244,False,False,AAPL,2021-08-05 13:30:00+00:00,676,0.6990831756631053,1
0.014664281961571733,1.0,0.0,0.01798708994362834,0.025843802413178903,0.7324359548356583,0.0,0.04333442056111554,0.1186246368843604,0.8889405123286559,-0.06599291830828559,0.9442748242260601,0.0,-22.160587394637332,0.6510919929395383,0.27029072010183686,5.5949876970499295,0.6213764671643142,0.1110594876713441,0.6213764671643142,1.0,0.10038410385106666,0.0022160587394637332,0.16195905744547592,0.10038410385106221,0.006941955099568112,1.0725697726100998,-0.0019528060681418546,-0.002815071393820423,0.00831822377911684,0.05403237596883126,-0.011141023937343064,-0.010806358792510906,0.0,0.11105948767134406,-0.007995784045545422,-0.15723343839106035,2.4091957452124406,0.26756404516434174,0.14609023830116977,True,2021-08-10 14:00:00+00:00,2021-08-10 16:00:00+00:00,951.4929182598054,948.3022870986122,-0.00395328944647173,-0.00335328944647173,5,momentum_decay,0.00033937643205361745,-0.010946365220560472,False,False,MSFT,2021-08-10 13:30:00+00:00,679,0.6174301048010024,1
0.009137517989147435,1.0,0.0,0.029442506490404835,0.14743668937230442,0.5584807315731626,0.0,0.1280202097203419,0.1619336357290004,0.8984579547659466,-0.03527929258978062,-0.06268273217722703,0.0,-67.98789033133579,0.5017714558654133,0.48791775718427216,4.499994906288376,0.4569386863391092,0.10154204523405341,0.4569386863391092,1.0,0.0,0.006798789033133579,0.2899538454493423,0.45919203271750125,0.0041568542628279154,1.6170544961798692,-0.006531514783211789,-0.016266567218887418,-0.004727277510233052,0.012735199596717761,0.005047988737905573,-0.007697312380507859,0.0,0.10154204523405337,1.0,0.41178069901640985,4.348142362090225,0.4415192684268374,1.460163007261661,True,2021-08-16 14:00:00+00:00,2021-08-17 13:30:00+00:00,144.3632478719512,144.45668651754505,4.724676793592733e-05,0.0006472467679359273,13,gap_through_stop,0.019090781640494825,-0.004368150970455065,True,False,AAPL,2021-08-16 13:30:00+00:00,683,0.7048479988844217,1
0.008325599381518457,1.0,0.0,0.20549179871717813,0.4300430816135527,0.7564284952834349,0.0,0.15403315015041258,0.4783608169914135,0.6750573070044914,-0.08874889783744044,1.4717014379544064,0.0,-181.3477564112842,0.22602006906186023,0.0958915649691366,1.3278827669889277,0.4314858022879263,0.3249426929955086,0.4314858022879263,1.0,0.0,0.01813477564112842,0.632393967141826,0.5361361758974105,0.005061955516530534,1.6563924819525664,-0.01645208016500954,-0.016032490765476193,-0.012588483789593985,-0.002886051569814585,-0.012250833881156109,-0.010389675346594629,0.0,0.3249426929955086,0.4957017974767495,-1.964457824911314,0.74958295713949,0.24357150471656508,1.8231333644283534,True,2021-09-06 14:00:00+00:00,2021-09-06 16:30:00+00:00,1163.9338788753255,1164.1666656511006,-0.000400000000000022,0.00019999999999997797,6,stop,0.013865204278448617,-0.0035796770753009355,False,False,MSFT,2021-09-06 13:30:00+00:00,698,0.818655133056919,1
0.008740239128732025,-0.3546048870425359,-0.9350162426854147,0.1774251358988803,0.47862443651078107,0.5602884621550323,0.0,0.3291512034165344,2.39044374029612,0.7022962767910718,0.4368010676799813,0.003991161153643766,0.0,0.0,0.11569004934732337,0.2549733722039861,0.8820337754412674,0.26258473894610407,0.29770372320892824,0.26258473894610407,0.0,0.4645052539541947,0.0,0.5959788946756419,0.6073501306113729,0.006172738654849504,1.1412131505148893,0.0015531466388953863,0.012573550835865532,0.0048137890971571284,0.013088683897189535,0.013597324635204133,0.018778485527425337,0.0,0.29770372320892824,1.0,1.5253310902231112,1.4770105429093023,0.4397115378449677,0.48520527463541513,True,2021-09-07 18:30:00+00:00,2021-09-08 13:30:00+00:00,139.81791390669935,142.44530421105313,0.018191514126773823,0.018791514126773823,4,target,0.022909642959330734,-0.009077777030293888,False,False,AAPL,2021-09-07 18:00:00+00:00,699,0.7257569490234438,2
0.0071502626964721015,-0.7485107481711013,-0.663122658240795,0.08217750153157537,0.38576517944971883,0.6855444668706906,0.0,0.1328986670118922,2.647236748108642,0.805557342023349,0.49852241535060743,1.1774554828935866,0.0,0.0,0.46493347908917415,0.22099060176670454,2.5256896506337636,0.49110180889403965,0.19444265797665095,0.49110180889403965,0.0,0.4744048947161236,0.0,0.42263103367700017,0.6180682765202631,0.00412839146767545,1.2918003630865584,0.0005879361895415602,0.0032820388220697883,0.0021152378897275614,0.031981887015605226,0.008421457319776282,0.008315506516825444,0.0,0.1944426579766509,1.0,1.2968796608903976,1.6172147429018735,0.3144555331293094,0.9674943038028302,True,2021-09-08 18:00:00+00:00,2021-09-09 14:00:00+00:00,1207.9091935829742,1196.2494217187116,-0.01025285464023724,-0.00965285464023724,6,stop,0.0053292014712496005,-0.011410152153759068,False,False,MSFT,2021-09-08 17:30:00+00:00,700,0.7747004507250091,2
0.007650720470986222,0.5680647467311559,0.8229838658936564,0.433121593403655,4.515020206158404,0.7297973217421481,0.0,0.29891718365753983,1.195009124157914,0.6084848213910167,-0.5105015106677194,0.33273161879553714,0.0,0.0,0.12789725669269317,0.09262802296658282,0.864033277930537,0.3382821431331647,0.3915151786089833,0.3382821431331647,0.0,0.3908547334717156,0.0,1.1062702471523465,2.5584953036576525,0.0038753896663726852,1.7304979065883552,0.0033247093045056797,-0.004544034547068754,0.00406406837667439,-0.0009924499522849795,-0.010346673776619797,-0.007865901377553164,0.0,0.3915151786089833,-0.046385764775226206,-0.6099696289727234,0.6901461118769103,0.270202678257852,2.28534993892388,True,2021-09-10 15:00:00+00:00,2021-09-10 15:30:00+00:00,1198.610428580591,1218.326430267351,0.015849049012620343,0.016449049012620343,2,target,0.0213983923512564,-0.006258009809728793,False,False,MSFT,2021-09-10 14:30:00+00:00,702,0.7397035287742502,2
0.00941292516260633,-0.35460488704253545,0.9350162426854148,0.9321895268113853,1.2057815336738227,0.7413381927344035,0.0,0.5315190615630827,2.660988536796578,0.5463533762834263,0.17904981013711616,0.3987779496102478,0.0,0.0,0.0856205874599086,0.07396650289507346,0.6341754880943298,0.28769156901782983,0.4536466237165737,0.28769156901782983,0.0,0.31146703475449944,0.0,2.0548803365365558,1.1833260523836215,0.004675917159908663,2.129822859487264,0.008852305964972107,0.008056189292974691,0.016313623709684366,0.01698275967903906,0.020443991768586134,0.007458214929590756,1.0,0.4536466237165737,1.0,2.3342984569115273,0.5701834726475938,0.25866180726559646,2.910927949077194,True,2021-09-10 16:00:00+00:00,2021-09-10 18:00:00+00:00,1218.164108086958,1218.4077409085755,-0.000400000000000022,0.00019999999999997797,5,stop,0.013693839788856632,-0.004069047662485059,False,False,MSFT,2021-09-10 15:30:00+00:00,702,0.7016832418563771,2
0.009421100118103756,1.0,0.0,0.07344552763230505,0.35856630642984716,0.42232363610258333,0.0,0.21425332574553857,0.1566348378276304,0.8019739240941948,0.0623774567061817,0.6667870907100084,0.0,10.37288278520565,0.12787526568009486,0.6049178043057547,1.132666792332557,0.22429756019677813,0.19802607590580523,0.22429756019677813,1.0,0.38520959344194045,0.001037288278520565,0.37088816357316895,0.5860862045445683,0.004708703509432546,1.095537130961889,0.001730423292630956,-0.015281622370776127,0.003670592286955099,-0.012651253663457984,0.004040756804477574,-0.0007934110396414784,0.0,0.19802607590580518,1.0,0.42513908322213495,2.9171732119064786,0.5776763638974167,0.1603143697746286,True,2021-09-17 14:00:00+00:00,2021-09-17 17:00:00+00:00,138.1584815712183,138.18611326753253,-0.000400000000000022,0.00019999999999997797,7,stop,0.01604833409423234,-0.007410553204689085,False,False,AAPL,2021-09-17 13:30:00+00:00,707,0.8335682881820191,2
0.015630807031382664,1.0,0.0,0.09898351117547498,0.15811603102057373,0.43573654018328495,0.0,0.25439495264137907,0.19644932624212696,0.7804485588225655,-0.20954014499337786,0.0015961606573646305,0.0,-151.9195720139388,0.11161857475618275,0.5240614075823227,0.9846671825310055,0.2161850990058504,0.21955144117743453,0.2161850990058504,1.0,0.2336237953861525,0.01519195720139388,0.45084427888350603,0.29988658803163115,0.006692733452180799,1.1665223549562511,-0.013665908825949868,-0.03156414639267702,-0.004053585533909221,-0.0015466957332826992,0.002816764437989283,-0.02755976342042199,0.0,0.21955144117743455,1.0,0.009129798302197867,2.5700740418186085,0.564263459816715,0.44918578038691714,True,2021-09-22 14:00:00+00:00,2021-09-22 19:30:00+00:00,133.82126808960737,133.8480323432253,-0.000400000000000022,0.00019999999999997797,12,ambiguous_stop_first,0.03509736251824358,-0.02020703474751795,False,False,TSLA,2021-09-22 13:30:00+00:00,710,0.8491735849373406,2
0.010526336212219399,1.0,0.0,0.03589654801629903,0.03808476446758923,0.4052419937608363,0.0,0.16198240870598585,0.11036770177045822,0.8681970499167329,0.38587083238939435,1.2567774897337036,0.0,-69.3720614821436,0.24330267843953834,0.6307980788638146,2.074604881755391,0.2734390436775692,0.13180295008326703,0.2734390436775692,1.0,0.1309123230493173,0.006937206148214359,0.2723501104764441,0.13091232304927547,0.005312020553654686,1.0879350819401368,-0.006561826460996012,0.01064624775093681,0.0033273964214657337,0.02451588734943022,-0.0008695353116197069,0.007424233864401941,0.0,0.1318029500832671,0.5319563112150351,0.016427859216377926,4.512478710472066,0.5947580062391638,0.2369897983406442,True,2021-09-23 14:00:00+00:00,2021-09-23 18:30:00+00:00,142.98039912608476,142.17065826485984,-0.006263299768179142,-0.005663299768179142,10,momentum_decay,0.008124992536470144,-0.012279582782597886,False,False,AAPL,2021-09-23 13:30:00+00:00,711,0.8081421529137531,2
0.01217100348315434,0.8854560256532099,0.4647231720437685,0.07470161221950192,0.15154371929500057,0.4375344984640641,0.0,0.6747030678827406,0.6328049351290547,0.8425467955286079,0.6878481824475613,1.5754185387161133,0.0,0.0,0.21858365246291853,0.6065651987875762,1.7788224439814937,0.28008129399267206,0.1574532044713921,0.28008129399267206,0.0,0.36285583841763486,0.0,0.4744369126706124,0.3628558384174755,0.004057466932113244,1.1735299502009593,0.000910020967744618,0.02508201970480628,0.005525888632498477,0.06778124958171294,0.013868866397247048,0.02033917386835471,0.0,0.15745320447139208,1.0,0.512670845037056,3.572270906901792,0.5624655015359359,0.4545522379492262,True,2021-09-24 14:30:00+00:00,2021-09-24 16:00:00+00:00,143.11224930079885,146.8571616229513,0.025567657488781915,0.026167657488781915,4,target,0.02642139176488678,-0.011625961920754158,False,False,TSLA,2021-09-24 14:00:00+00:00,712,0.6095079736668882,2
0.013613990089018483,-0.970941817426052,0.23931566428755768,0.2570487043980271,0.3975122938869365,0.8738563884605627,0.0,0.10135720610675614,2.638250422740459,0.6800913012524421,0.8698576102373108,1.7455165590889736,0.0,0.0,0.34302734110432126,0.039872270772641404,1.7315805787108334,0.5539476897130048,0.3199086987475579,0.5539476897130048,0.0,0.49641373759868157,0.0,0.8035064548240558,0.5092830874690244,0.0037232218497513327,1.7701549692286638,0.0035117477295611987,0.0460477675622224,0.012456101071312675,0.09980622733696909,0.02854625561120594,0.03177238600585719,0.0,0.31990869874755784,1.0,1.54887774469678,0.39431128954305933,0.12614361153943732,1.772972311448359,True,2021-09-24 17:00:00+00:00,2021-09-24 17:00:00+00:00,146.71812346903346,144.02160771267125,-0.01897888662017495,-0.01837888662017495,1,stop,0.015322940807958707,-0.020969070270677515,False,False,TSLA,2021-09-24 16:30:00+00:00,712,0.6216415058082275,2
0.008886889334922161,-0.9709418174260521,-0.23931566428755743,0.7252706060609896,1.2121257891382142,0.818138111960701,0.0,0.30094602024549927,2.2856128927709993,0.5617184714718593,0.8324203339751611,0.8489935931244244,0.0,0.0,0.13276712929548345,0.048181255896315965,0.8666953971529784,0.3798565834325602,0.43828152852814084,0.3798565834325602,0.0,0.7408599286389144,0.0,1.6548053222699803,1.1815069793128778,0.005739852619096367,1.2399620234588897,0.006487212289522315,0.03080146509107462,0.011902845413901186,0.0298113314677122,0.017875556669708192,0.03829644012164235,0.0,0.4382815285281408,1.0,2.02166393463729,0.41494308156224025,0.181861888039299,0.7093692351550759,True,2021-09-24 17:30:00+00:00,2021-09-24 19:30:00+00:00,1208.2659163908304,1231.3520261859962,0.01850681207008258,0.01910681207008258,5,target,0.02167065038060434,-0.0026642013721250857,False,False,MSFT,2021-09-24 17:00:00+00:00,712,0.7838921453134403,2
0.00990071680750203,1.0,0.0,0.20240341314068333,0.4381322439685305,0.7757907265600953,0.0,0.132481447942948,0.45840155127633836,0.6574560219060084,1.2888463431245412,1.7226236046243213,0.0,150.98984642942125,0.215034929947738,0.08129740956212118,1.2647916068372718,0.43324674846610356,0.3425439780939916,0.43324674846610356,1.0,0.0,0.015098984642942126,0.5908829992192863,0.5344862144453496,0.004643938571468855,1.6680806822338115,0.017137265549955982,0.05589142555072768,0.021891313172233806,0.0679306886130282,0.035317307847397394,0.04890487666399945,0.0,0.3425439780939917,1.0,3.24346056074168,0.6545415706543057,0.22420927343990477,1.7630372348690966,True,2021-09-27 14:00:00+00:00,2021-09-27 16:30:00+00:00,1252.4483133465728,1243.223612129492,-0.007965334855561567,-0.007365334855561567,6,momentum_decay,0.0008656386291601148,-0.010304193620301993,False,False,MSFT,2021-09-27 13:30:00+00:00,713,0.8740141116297433,2
0.008692333884993736,-0.35460488704253545,0.9350162426854148,0.020916771667138467,0.06999712263819419,0.5989534884166625,0.0,0.19113611561388644,2.867980338473421,0.9373946248862643,1.1341672552845117,1.6633586196861812,0.0,0.0,0.5614557805986569,0.4346247864082116,8.567125623418265,0.5363481133029269,0.06260537511373565,0.5363481133029269,0.0,0.37591752098999714,0.0,0.33410504496041743,0.37591752098995873,0.004262563433113946,1.077393087835589,0.00018184862603720653,0.04971658745631635,0.0027870334875670366,0.018339605888128663,0.011088735385565318,0.03303164164321171,0.0,0.0626053751137357,1.0,0.5978709419182077,6.405943752481494,0.40104651158333743,0.1998262890264999,True,2021-09-29 16:00:00+00:00,2021-09-29 16:30:00+00:00,1266.3827247465065,1251.522165762432,-0.01233465074474156,-0.01173465074474156,2,stop,0.0025686568717075975,-0.012006359445461134,False,False,MSFT,2021-09-29 15:30:00+00:00,715,0.7220278120305048,2
0.011393916911171505,1.0,0.0,0.4652350621695689,1.2311157096082797,0.7469150483089707,0.0,0.2913175955881679,0.8597488492623886,0.5958225832654078,0.3080624177758786,1.3497261499503312,0.0,-181.99902142546853,0.12579305435123544,0.08173889305715129,0.8479880799460668,0.34273763157437853,0.4041774167345922,0.34273763157437853,1.0,0.0,0.018199902142546853,1.1510664448505565,1.1745892973041978,0.005509024025750481,1.1152348227281303,-0.01296779281995708,0.005897884506398388,-0.008755108669782796,0.023998271385011316,-0.005449831523350879,0.00229115553315018,0.0,0.4041774167345922,1.0,-0.2399600564513443,0.6261729161804783,0.25308495169102924,0.2550941225368785,True,2021-10-01 14:00:00+00:00,2021-10-01 16:30:00+00:00,1282.551843046452,1313.9704146844254,0.02389692135901871,0.02449692135901871,6,target,0.025819463667171805,-0.009749526677883091,False,False,MSFT,2021-10-01 13:30:00+00:00,717,0.8774621796827096,2
0.015562356936294465,-0.970941817426052,0.23931566428755768,0.7154550682728091,1.0164236650865859,0.8550221031547789,0.0,0.23362299603159786,3.8023658783814285,0.5560147209505995,1.2465845728786293,1.775682477537849,0.0,0.0,0.146708250366181,0.03564399727981829,0.9257893076662219,0.4110368241053784,0.44398527904940055,0.4110368241053784,0.0,0.39311064139628393,0.0,1.6114387166273665,1.0158101173723932,0.005384120818435502,1.1677031900443853,0.011259532662979188,0.09154333787805524,0.022587344083494942,0.10320440047955692,0.03896397775578908,0.07351336744375492,0.0,0.4439852790494005,1.0,1.8615111422299657,0.3265376211471316,0.1449778968452211,0.4365652613588026,True,2021-10-01 17:00:00+00:00,2021-10-01 19:30:00+00:00,154.1222607040367,154.15308515617753,-0.000400000000000022,0.00019999999999997797,6,stop,0.017846208005874997,-0.011012343531935698,False,False,AAPL,2021-10-01 16:30:00+00:00,717,0.6610677172085548,2
0.02230302946876281,1.0,0.0,0.11669837191488372,0.23827360927407262,0.39878318292232023,0.0,0.28662804914243367,0.19011851050245415,0.7552192678604575,0.2642434272175201,0.7039941845572151,0.0,-325.3606931143049,0.06315955261083227,0.5230880545220046,0.6291444977562974,0.1540024507827777,0.24478073213954255,0.1540024507827777,1.0,0.0,0.03253606931143049,0.4767465596448878,0.3888784262246215,0.012195346350151808,1.093053024709884,-0.030011453711375924,0.031477415093877026,-0.019623930194651806,0.04152301520539381,-0.01306746399841685,-0.0013368270000666538,0.0,0.24478073213954252,1.0,-0.6788798710525128,2.456144369783478,0.6012168170776798,0.24722580192693405,True,2021-10-04 14:00:00+00:00,2021-10-05 13:30:00+00:00,138.75264651709486,145.40604589999498,0.04735151335783987,0.04795151335783987,13,target,0.05502639722493052,-0.0056806667321046556,False,False,TSLA,2021-10-04 13:30:00+00:00,718,0.7868394200473211,2
0.009678413814692094,0.5680647467311559,0.8229838658936564,0.5661118335969161,1.8836009014315163,0.8118432704797354,0.0,0.2618717336308985,1.3104981545579109,0.5932445641405116,-0.15376278010478156,0.3825206311271585,0.0,0.0,0.15988235742761245,0.05441914985210924,0.9959002361313878,0.40508783462024706,0.40675543585948837,0.40508783462024706,0.0,0.4327231042433962,0.0,1.3917744759838355,1.6164699567112668,0.0044751655253819226,1.5249924758350903,0.005509250128245435,-0.0008590848832903397,0.008458840986271587,0.007236185026120001,0.0009408205236554057,0.00045764185927854584,0.0,0.40675543585948837,0.8851511428901376,0.6739123622744299,0.4625795083049262,0.18815672952026458,1.2391844246200292,True,2021-10-05 15:00:00+00:00,2021-10-05 15:30:00+00:00,1295.6354311943223,1278.70684178862,-0.01366585864983445,-0.01306585864983445,2,stop,0.0028062442435738966,-0.02652380472875604,False,False,MSFT,2021-10-05 14:30:00+00:00,719,0.8068290254234055,2
0.014011423277378848,-0.3546048870425359,-0.9350162426854147,0.4845131849069666,0.550019244198206,0.9179188567286793,0.0,0.09418802174773881,3.794759021212438,0.5777658835036807,0.4643104830058004,-0.13149879326406574,0.0,0.0,0.20753299729160657,0.01888090572891487,1.1739571031007006,0.4956847402323602,0.42223411649631915,0.4956847402323602,0.0,0.5292089650899102,0.0,1.147498901622248,0.5932708314113891,0.009629222206375422,1.0531837729865159,0.0068351210354109515,0.009282055503132325,0.01950456335067674,0.025122140746365762,0.030844871304136268,0.031570540304580064,0.0,0.4222341164963192,1.0,1.5396717471935246,0.19439723145163387,0.08208114327132063,0.15365499679195468,True,2021-10-11 18:30:00+00:00,2021-10-12 14:00:00+00:00,1269.0034224477502,1307.2315922463195,0.029524560046364435,0.030124560046364435,5,target,0.039439304420818555,-0.006131074200643516,False,False,MSFT,2021-10-11 18:00:00+00:00,723,0.8481330539330101,2
0.024747923034764335,1.0,0.0,0.1663404462334481,0.5362186490633672,0.9078127244315701,0.0,0.05083674543305886,0.5006140390661873,0.6983584919831127,0.6618791693005589,0.21954690642205169,0.0,-224.87233452970324,0.4246759203044362,0.028018475078497678,2.009574943444377,0.6061712164146829,0.30164150801688727,0.6061712164146829,1.0,0.0,0.022487233452970323,0.5514507844992461,0.6551532009798446,0.011704762970453076,2.2071316011350652,-0.01844658976485858,0.04915809452752096,-0.010993993919957923,0.05959838817588836,0.012556605218851935,0.06490987806034454,1.0,0.3016415080168872,1.0,0.06848161615928634,0.3056186669213009,0.09218727556842991,1.9550210934609153,True,2021-10-15 14:00:00+00:00,2021-10-15 16:00:00+00:00,125.84621011581453,125.10564526047803,-0.006484681427076543,-0.0058846814270765435,5,momentum_decay,0.015933800593207037,-0.01918647249569516,False,False,TSLA,2021-10-15 13:30:00+00:00,727,0.842863866703086,2
0.01286516725320515,-0.7485107481711013,-0.663122658240795,0.641140335072318,0.8642483727226802,0.7794050526458478,0.0,0.3316629815414848,2.853751440435308,0.5735661610332266,0.5541249453433265,0.40908865367618596,0.0,0.0,0.12334260355152313,0.06399260209775617,0.8277279648679812,0.3529712136790744,0.42643383896677345,0.3529712136790744,0.0,0.3422589588981649,0.0,1.503493101358389,0.8834602314107752,0.0060504647708498034,1.1866203706920813,0.008316979229015198,0.02091288417404935,0.018114670301282,0.034662963258297985,0.022668871029263737,0.02904442239762073,0.0,0.4264338389667734,1.0,1.9148237033156614,0.517301694181858,0.22059494735415217,0.5054673221086967,True,2021-10-15 18:00:00+00:00,2021-10-18 14:30:00+00:00,160.48282711320377,164.9217996991727,0.027060109594391136,0.027660109594391136,7,target,0.0345111916738039,-0.010502150985162162,False,False,AAPL,2021-10-15 17:30:00+00:00,727,0.7996648515465817,2
0.011383108473371694,0.120536680255323,0.992708874098054,0.06374953865342711,0.18276270492412364,0.7918672523219428,0.0,0.5645313527102513,2.023690620320425,0.8332934235729543,0.3899960991287203,1.5660250057489045,0.0,0.0,0.6598577737026602,0.12998987635624337,3.750066069908842,0.6251606758948971,0.16670657642704567,0.6251606758948971,0.0,0.40217508516974687,0.0,0.38240566161062794,0.40217508516952394,0.006288622357953083,1.1043572522907363,0.0007261948899499604,0.007319654809608389,0.004718373430566469,0.07009727449536873,0.014382693850696349,0.009823144733128064,0.0,0.16670657642704567,-0.07876185928885292,-0.06730114350075238,1.2484975226362467,0.2081327476780572,0.24977840024813908,True,2021-10-19 15:30:00+00:00,2021-10-20 13:30:00+00:00,166.69920261572142,164.13750322289232,-0.015967196439051822,-0.015367196439051822,10,ambiguous_stop_first,0.024560654393976256,-0.0165704955881657,False,False,AAPL,2021-10-19 15:00:00+00:00,729,0.6997822511024581,2
0.009264123804232211,-0.7485107481711012,0.6631226582407952,0.05491580668627478,0.05165011774089984,0.5389853516573543,0.0,0.9974511865442964,1.8676047644899545,0.8569759333497364,0.08110722551503541,0.7431203594918214,0.0,0.0,0.42625347828035287,0.5176466415604238,2.768494102287948,0.3959612850070907,0.14302406665026357,0.3959612850070907,0.0,0.16047624815827163,0.0,0.3839620000496858,0.1604762481582661,0.003914473384698355,1.2785383162610715,0.0005090057870325015,-0.0023091994240335145,0.01046703865857257,0.003329637571759747,0.007866970415196572,0.0015035073568259172,0.0,0.1430240666502636,0.5306052003283577,0.7834783702697143,3.2233361778844394,0.46101464834264566,0.7358932836633063,True,2021-10-20 16:30:00+00:00,2021-10-20 18:30:00+00:00,1302.541884038485,1292.9242997900014,-0.007983704406237257,-0.007383704406237257,5,momentum_decay,0.004291453085782937,-0.009407846175847112,False,False,MSFT,2021-10-20 16:00:00+00:00,730,0.7973811743778846,2
0.009553649477028156,1.0,0.0,0.36999389275738753,3.3244445894285604,0.4726247115447585,0.0,0.5296770666087993,0.4746875257487609,0.6316139621281398,0.3512215473769408,0.6895231793885614,0.0,250.41878005717112,0.028156107028271808,0.26998484672756795,0.28296043540372917,0.10423867367289835,0.3683860378718602,0.10423867367289835,1.0,0.0,0.02504187800571711,1.0043645923575601,2.088931761452649,0.008252246261191483,1.2778619110727854,0.028678040874073885,0.03047143310610556,0.029804405426091085,0.027884786590681943,0.02621967927434743,0.022440610620081847,0.0,0.36838603787186014,1.0,3.755653015529257,1.431583269283871,0.5273752884552415,0.8549069248382806,True,2021-10-21 14:00:00+00:00,2021-10-21 16:30:00+00:00,1331.7717192745404,1344.1571739047122,0.008699983211025431,0.009299983211025431,6,ambiguous_stop_first,0.021919408882867808,-0.0018812069306424206,False,False,MSFT,2021-10-21 13:30:00+00:00,731,0.869455225217025,2
0.0165395530607311,1.0,0.0,0.1672234957726563,0.5142971555286159,0.6191287474592945,0.0,0.2523332313844947,0.4101825917479604,0.7475932046694321,0.027076407388489876,0.09960149254988222,0.0,139.16009002060247,0.22416144888761524,0.23813085731147632,1.4529004722214562,0.3667219521287266,0.25240679533056787,0.3667219521287266,1.0,0.0,0.013916009002060248,0.6625158231324552,0.6819988160217014,0.006865621960634162,1.2210869731019187,0.016728077431424015,-0.006137485287060818,0.022317896176683893,0.04827123601431338,0.016488836410867957,0.011757393331838228,0.0,0.25240679533056787,0.7235384040171849,1.2891704213835378,1.5089579979049783,0.38087125254070553,0.7498612797340816,True,2021-10-22 14:00:00+00:00,2021-10-22 14:30:00+00:00,127.48009805688362,124.63367186478493,-0.022928396631986935,-0.022328396631986935,2,stop,0.03031307873753164,-0.027998242651213978,False,False,TSLA,2021-10-22 13:30:00+00:00,732,0.8593606658376833,2
0.018541515249325107,-0.7485107481711012,0.6631226582407952,0.13635414955322217,0.2358683891100994,0.7155405792400134,0.0,0.16085004251723362,3.2314366325196824,0.7588609751472433,0.7304705450414014,0.6839709287540316,0.0,0.0,0.3560851283556404,0.1568367586188332,1.9673362894102695,0.4744015543872567,0.24113902485275673,0.4744015543872567,0.0,0.34143172357460755,0.0,0.5654586586989898,0.39190498483668146,0.00935482990807609,1.3743996573891901,0.002534620602850257,0.04610830899446561,0.013424792739979097,0.05467088821332311,0.03985058187649382,0.0556176663038479,0.0,0.24113902485275668,0.9032980498120808,0.6755962481628739,1.179649046573148,0.28445942075998665,1.1396389631762258,True,2021-10-22 16:30:00+00:00,2021-10-25 14:00:00+00:00,131.8082681556409,130.544393990318,-0.010188732050029525,-0.009588732050029525,9,momentum_decay,0.01716449136393261,-0.020135688574809296,False,False,TSLA,2021-10-22 16:00:00+00:00,732,0.6678789645164511,2
0.014134111986305972,0.5680647467311559,0.8229838658936564,0.7931673168995098,2.7633438479463526,0.792163134616332,0.0,0.3709948236426091,1.4140341362474016,0.5556557710142793,-0.14645612933980715,1.013126607164863,0.0,0.0,0.11485048732752913,0.05650095902070551,0.782769040174963,0.3478189056306113,0.4443442289857207,0.3478189056306113,0.0,0.43461326388634913,0.0,1.7850289598900109,2.3008961830971293,0.00695103120266426,1.575257103239572,0.011337820765984441,-0.007219220998154752,0.015504369397216111,0.03016955388367193,0.0028687737412564918,-0.009295391359360194,0.0,0.4443442289857207,0.9847507210566938,0.1645844796212814,0.46773841500761915,0.20783686538366802,1.4303174737710351,True,2021-10-25 15:00:00+00:00,2021-10-25 17:30:00+00:00,177.5255097906309,182.9202154776156,0.029788340770557854,0.030388340770557853,6,target,0.03298434669460004,-0.0071715690504432494,False,False,AAPL,2021-10-25 14:30:00+00:00,733,0.7869218045369909,2
0.01380956435475167,-0.3546048870425359,-0.9350162426854147,0.18933031907795217,0.39346264044385065,0.7960785400763152,0.0,0.1607179902358158,3.560823622012249,0.6780929499876243,0.7113941942790166,1.3402724661053436,0.0,0.0,0.265050630178801,0.0752912569222234,1.4730074723269302,0.4741714900639395,0.32190705001237574,0.4741714900639395,0.0,0.50307445690642,0.0,0.588152136061243,0.5030744569062497,0.006574482606648106,1.3738206929293986,0.0026214231178238734,0.03387710400192856,0.009346136020331963,0.046741645137661214,0.026757698610940128,0.042382626715225635,0.0,0.32190705001237574,1.0,1.345458215200897,0.6334793224175077,0.2039214599236848,1.0451896546712933,True,2021-10-25 18:30:00+00:00,2021-10-26 14:00:00+00:00,182.97496979235027,188.4075997267611,0.029090563362716027,0.029690563362716027,5,target,0.03558487106465713,-0.0057226259271043745,False,False,AAPL,2021-10-25 18:00:00+00:00,733,0.769673704973704,2
0.012528140795945322,-0.7485107481711012,0.6631226582407952,0.4305356658314048,1.4828030063548763,0.8693907584654113,0.0,0.14242363238647987,1.1101083389733901,0.6051783273211407,0.7322872503996397,2.2560415009907877,0.0,0.0,0.21080241957221457,0.035063127959457735,1.2019833728127007,0.47456908578655205,0.39482167267885926,0.47456908578655205,0.0,0.5171942079492693,0.0,1.0904560099505851,1.3464443826721786,0.004977582629239867,1.1674710127559447,0.005423062415303104,0.06266305221219515,0.00911369869584977,0.06183950842140007,0.0019680182298302817,0.03515956436212586,0.0,0.39482167267885926,0.5872353742380217,0.537013974746907,0.3308056537228037,0.13060924153458872,0.5338389853511212,True,2021-10-26 16:30:00+00:00,2021-10-26 18:00:00+00:00,189.37353977576632,189.41141448372147,-0.000400000000000022,0.00019999999999997797,4,stop,0.014594165701121042,-0.005850920201133536,False,False,AAPL,2021-10-26 16:00:00+00:00,734,0.6235171869735651,2
0.010573110206975421,1.0,0.0,0.14750393433873618,0.30024383381055536,0.8128989559023162,0.0,0.1000699858632718,0.43477462895900654,0.7242116116514519,0.8546686777175697,1.4277686599882935,0.0,18.08788775560677,0.3821804918677406,0.07580916783289036,1.9475459817933156,0.5371105675537681,0.27578838834854824,0.5371105675537681,1.0,0.2635363088885739,0.0018087887755606769,0.5348446148222784,0.4385594478779574,0.004456520493387352,2.1948884385049223,0.0033736255525511627,0.030474272847243133,0.008630493179403675,0.055875829687416,0.022086763030263912,0.027170666856982217,1.0,0.2757883883485482,1.0,1.1337735079083935,0.6784224862328752,0.18710104409768377,2.4885332773800912,True,2021-11-03 14:00:00+00:00,2021-11-03 16:30:00+00:00,1153.6720153238455,1179.8975032493988,0.022132186944997235,0.022732186944997235,6,target,0.028233159374692285,-0.006729319771699771,False,False,MSFT,2021-11-03 13:30:00+00:00,740,0.7588702268811383,2
0.012409716929814645,-0.970941817426052,0.23931566428755768,1.0474674709745655,3.785492433775214,0.7931202685656973,0.0,0.4737948520270384,2.2823038476555775,0.5426294984964932,0.7009973697732685,1.6117847876392448,0.0,0.0,0.1053097937482902,0.05434550799301013,0.7340870606181723,0.33574976706219056,0.4573705015035068,0.33574976706219056,0.0,0.3293710231699843,0.0,2.2901946398625235,3.036089788274489,0.004870332596040217,1.3284129103883249,0.013169968259618248,0.051770820555562924,0.01670715693994773,0.07348554866349533,0.023060339554983544,0.031045123874125613,0.0,0.4573705015035068,1.0,1.667108856901731,0.45232416772445255,0.20687973143430266,0.7067189476530382,True,2021-11-03 17:00:00+00:00,2021-11-03 19:00:00+00:00,1179.3098800733103,1179.5457420493249,-0.000400000000000022,0.00019999999999997797,5,stop,0.017154080133304328,-0.006517950995966082,False,False,MSFT,2021-11-03 16:30:00+00:00,740,0.7015363074816868,2
0.013741225869339683,1.0,0.0,0.9437689875378745,1.668806733833168,0.7200936120849465,0.0,0.6185728191255512,1.5913546631771274,0.5729411959914199,0.6918482817403624,1.9531698954266288,0.0,64.1609418970579,0.09436463956963717,0.08849361924948726,0.6861696921496092,0.2930348080763663,0.4270588040085801,0.2930348080763663,1.0,0.17126337106355236,0.00641609418970579,2.2099274823026787,1.6885875858265504,0.00707221590174537,2.6185517970223535,0.01963933051480149,0.05589998196061696,0.027783245849819282,0.08807776611028384,0.020088124791003192,0.04654886669285241,1.0,0.42705880400858015,0.4786234485633382,1.6269401122673892,0.6554282110278475,0.27990638791505357,3.4424015369175027,True,2021-11-04 14:00:00+00:00,2021-11-04 14:00:00+00:00,1218.162260168917,1195.5645524395604,-0.019150654923608523,-0.018550654923608523,1,stop,0.008381300471259623,-0.020139964403321664,False,False,MSFT,2021-11-04 13:30:00+00:00,741,0.7280273158129114,2
0.016003111528168263,-0.970941817426052,0.23931566428755768,1.2879371226567382,8.783613887887775,0.8617465202335155,0.0,0.3929752053201004,2.449450214885242,0.5468879804193085,0.5367026170890943,1.7255362207033058,0.0,0.0,0.141672680293367,0.032893008404818645,0.9018399049112783,0.4086345006528241,0.45311201958069147,0.4086345006528241,0.0,0.2013522485908861,0.0,2.8424254202053425,4.9664208222066755,0.008859799226981805,1.339542140964834,0.021044754887920236,0.046722011762735605,0.0234969622565655,0.10091166920526207,0.02783518416212183,0.04149139841566796,0.0,0.45311201958069147,1.0,1.7570934572700379,0.30511986835930416,0.13825347976648444,0.7364067624996976,True,2021-11-04 17:00:00+00:00,2021-11-04 19:30:00+00:00,1234.4096101620057,1207.7411773671377,-0.022204200563027143,-0.021604200563027143,6,stop,0.006070712725023686,-0.024040780009824347,False,False,MSFT,2021-11-04 16:30:00+00:00,741,0.720449418325379,2
0.020227683714852323,-0.970941817426052,0.23931566428755768,0.06468918120752175,0.12217047793529034,0.7798690652507985,0.0,0.2900798243434887,1.6982211258766764,0.8375334905077575,0.5794116301031569,2.3899777607458033,0.0,0.0,0.6531664603585233,0.14472388752113594,3.800183543580536,0.6174025557585561,0.1624665094922425,0.6174025557585561,0.0,0.3011644819326956,0.0,0.39816932984955006,0.3011644819326201,0.007963499318117342,1.2105353328553616,0.001310226745046661,0.017903959459456775,0.012165271528166155,0.15431345274141273,0.011539672054071914,0.03571403344009272,0.0,0.16246650949224248,1.0,0.8445703652843731,1.354931151263417,0.2201309347492015,0.7764029217578599,True,2021-11-05 17:00:00+00:00,2021-11-05 19:00:00+00:00,149.0672978970339,148.60331414126136,-0.0037125790989585676,-0.0031125790989585678,5,momentum_decay,0.015444550146313851,-0.011099104048214126,False,False,TSLA,2021-11-05 16:30:00+00:00,742,0.6976380788576181,2
0.01345810805032675,1.0,0.0,1.0287878975170421,31.97948699568247,0.6541752355026975,0.0,0.7826753574024787,1.4805383790116575,0.5454305172488629,0.6685717124497227,0.9921963018093422,0.0,353.38529070542137,0.05222579450431997,0.11070773124836067,0.43910944382680656,0.19960575275156045,0.45456948275113707,0.19960575275156045,1.0,0.0,0.035338529070542135,2.2632137364141363,8.389428107523791,0.013653555951983998,1.807442382042216,0.04987460857870318,0.0579319669838656,0.05035203965074664,0.03177763697368907,0.055220510541567736,0.05696367481353004,0.0,0.45456948275113707,1.0,5.1381740165622105,0.7607742658046198,0.3458247644973025,1.968288607919875,True,2021-11-08 15:00:00+00:00,2021-11-08 20:30:00+00:00,207.45244764066993,213.45507017032364,0.028334932308202432,0.028934932308202432,12,target,0.029499716694025402,-0.009318794391306784,False,False,AAPL,2021-11-08 14:30:00+00:00,743,0.8923764462542552,2
0.0248400444760657,1.0,0.0,0.6109668948364109,8.19258898392768,0.6541890828929455,0.0,0.4955988450518487,0.9375509502116235,0.5736894378692006,-0.6874675621442806,0.21610296069978485,0.0,-61.96549051403433,0.06687074948033554,0.11977159702794142,0.5345364178242502,0.22787852076214607,0.42631056213079943,0.22787852076214607,1.0,0.2553097539437056,0.006196549051403433,1.4331497952634722,3.916810793761201,0.010504732681338568,1.4464062165443272,0.009118278845684502,-0.04415763360604541,0.011008208481573023,-0.024061437320428536,-0.02283534913056884,-0.05159872302803781,0.0,0.42631056213079943,-0.07379297549566867,-0.3567907843681045,0.8111713568119214,0.3458109171070545,0.611668608071669,True,2021-11-09 15:00:00+00:00,2021-11-09 17:00:00+00:00,141.53703628475768,138.97824347739666,-0.018678609489978303,-0.018078609489978303,5,momentum_decay,0.015674285457359494,-0.022175653381923732,False,False,TSLA,2021-11-09 14:30:00+00:00,744,0.8642246996986938,2
0.012786607723347975,0.8854560256532099,0.4647231720437685,0.01539325583510753,0.0684682812208719,0.6036447261146163,0.0,0.18321889038467498,0.4925189506548729,0.9403021844168167,0.5146261020180082,1.2585627898203247,0.0,0.0,0.5676084545772647,0.4288277162373315,9.111671929786354,0.543946910531433,0.05969781558318332,0.543946910531433,0.0,0.3815872080508334,0.0,0.25785291613657896,0.38158720805063234,0.006122368000379157,1.4792655927458225,0.00019686627264969836,0.01966246862066634,0.011677081700869119,0.007754156949082214,0.020226659491730636,0.026941585190350503,0.0,0.05969781558318334,-0.15868477095722883,0.5476912266533247,6.6393597488325815,0.3963552738853837,1.2373191374677333,True,2021-11-11 15:30:00+00:00,2021-11-11 17:00:00+00:00,219.69881397683517,215.90639053216628,-0.01786192042651975,-0.01726192042651975,4,stop,0.00973609564022171,-0.02578175205714739,False,False,AAPL,2021-11-11 15:00:00+00:00,746,0.8241084369267194,2
0.010926199375172464,-0.970941817426052,0.23931566428755768,0.14230167929242868,0.43897174233795266,0.5102739631841082,0.0,0.7610451445272315,1.0400854631563605,0.7412050266683414,-0.2222344722446495,-0.08728672730943225,0.0,0.0,0.12250854467193217,0.34996003715945023,0.9717305812173131,0.2514789898524496,0.2587949733316587,0.2514789898524496,0.0,0.5010221691987835,0.0,0.5498626092326068,0.602791417855545,0.003772636850329197,1.4347902206896048,0.001557237738331052,-0.017583542158707388,0.005122877906414303,-0.0024485730045049614,0.0007241388770173884,-0.00028972536932247994,0.0,0.25879497333165863,0.22460654050419274,0.16542278605740188,1.8923321056425915,0.4897260368158918,1.3818971227318047,True,2021-11-12 18:00:00+00:00,2021-11-12 19:00:00+00:00,213.4112285960129,210.26333419208316,-0.015350369156482867,-0.014750369156482868,3,stop,0.007580691462192757,-0.01681209030838915,False,False,AAPL,2021-11-12 17:30:00+00:00,747,0.8206400206453207,2
0.01893862735652385,-0.7485107481711013,-0.663122658240795,0.2415178727842562,0.4272982413714561,0.7300257697849546,0.0,0.20752247388086334,1.8959640998131133,0.6857998048657727,0.46717188689642114,1.7740603773928587,0.0,0.0,0.22086100261264255,0.11474519375121152,1.3234414907747427,0.4158255746507272,0.31420019513422726,0.4158255746507272,0.0,0.3851724200576615,0.0,0.7686751202718988,0.5449638691386427,0.006733056101066088,1.1884609809112492,0.004595034759673711,0.030857046739606542,0.015515579084649955,0.11559554641318481,0.007774369386166713,0.027829582629721905,0.0,0.3142001951342273,0.9491649636790148,0.795431551100091,0.859242719754968,0.26997423021504546,0.407044468574825,True,2021-11-15 19:00:00+00:00,2021-11-16 14:30:00+00:00,159.38042008808745,168.29457723238392,0.05533006430381941,0.055930064303819416,5,gap_through_target,0.055930064303819416,-0.0103219843640584,False,True,TSLA,2021-11-15 18:30:00+00:00,748,0.6637884161902932,2
0.02234634700366682,0.8854560256532099,0.4647231720437685,0.7426086083707594,2.8037649990162907,0.7358779777730182,0.0,0.4539311181417805,1.3842621561128265,0.5679095802707501,-0.22517789268904545,0.9198451007261806,0.0,0.0,0.09793977277896605,0.08056189940774547,0.7030647849910928,0.30378755804376834,0.4320904197292499,0.30378755804376834,0.0,0.35227553300512005,0.0,1.7186416880894553,2.2404340758031926,0.009693474544022125,1.3244963570945412,0.016874616995107283,-0.03349371013544866,0.022144170317836664,0.04198715675114806,-0.0009184633532589581,-0.008042171219922123,0.0,0.4320904197292499,0.5356113648910749,0.7065723694011953,0.6112656290606591,0.2641220222269817,0.6979273878252941,True,2021-11-17 15:30:00+00:00,2021-11-17 17:00:00+00:00,163.11514595627315,165.55554685221568,0.014361215781867043,0.014961215781867043,4,stop,0.0454247466017339,-0.010010091315643566,False,False,TSLA,2021-11-17 15:00:00+00:00,750,0.8492245512689919,2
0.02517342273038031,-0.35460488704253545,0.9350162426854148,0.42474737307150706,1.4298116585412768,0.8051543193481979,0.0,0.2067707500673326,1.1327069003488741,0.5997490409826691,0.5320503228794161,0.766737268521373,0.0,0.0,0.16283450355081755,0.05791541957760463,1.0116237105958152,0.40490336033086693,0.400250959017331,0.40490336033086693,0.0,0.4026282849296443,0.0,1.0612026367514973,1.3176516294091134,0.017497569510328815,1.565671780099988,0.010807907048742349,0.009674249389281409,0.018506771757180962,0.02881522606162923,0.021444563240084147,0.061066203278617115,0.0,0.40025095901733093,0.9071072599529356,0.6971229906786734,0.4868087789972263,0.1948456806518021,1.3681784914231727,True,2021-11-18 17:00:00+00:00,2021-11-18 19:00:00+00:00,171.33415292175215,167.91819971956937,-0.02053737467942447,-0.01993737467942447,5,momentum_decay,0.0052201070071615785,-0.02744280209351624,False,False,TSLA,2021-11-18 16:30:00+00:00,751,0.8431408265466944,2
0.012368438164030241,-0.970941817426052,0.23931566428755768,0.7350950547647481,14.08704857084152,0.7988423869231944,0.0,0.34186628725921564,1.3576283628820396,0.5674625661789227,0.20039859533123033,0.6068055304405752,0.0,0.0,0.1279664598412976,0.055745401777451124,0.846874569597255,0.3663049531021171,0.43253743382107734,0.3663049531021171,0.0,0.19820749567795892,0.0,1.6994946501412551,5.045217874220203,0.006476869946399986,1.3436209217063826,0.009175400264405775,0.018810798645311433,0.009833140828065856,0.024998335467276478,-0.00035006946687177187,0.023961295872605648,0.0,0.43253743382107734,0.16091622854247464,0.2252393704848981,0.4650640553804902,0.20115761307680555,0.9912138617394431,True,2021-11-19 18:00:00+00:00,2021-11-19 20:00:00+00:00,210.89616631316588,212.53619250392717,0.007176462794141015,0.007776462794141015,5,stop,0.022000166682775824,-0.006817756019626864,False,False,AAPL,2021-11-19 17:30:00+00:00,752,0.7558679602451686,2
0.010045463952656054,1.0,0.0,0.12610276701879633,0.15515206880768279,0.709766504103426,0.0,0.1569713725185531,0.38387375644785177,0.7668412633025131,-0.07700840328614678,0.3681688880127564,0.0,18.132902189675892,0.3708592720328187,0.1665356942632445,2.0441342844576247,0.47660776740593913,0.23315873669748688,0.47660776740593913,1.0,0.20104820533109197,0.0018132902189675892,0.5408451289664048,0.28345631433592405,0.0035997722161622983,2.224278208059019,0.0030839576560539594,-0.0013299117064211607,0.01136686975786727,0.01804091406100028,0.004099434752679487,-0.004746511483920912,1.0,0.2331587366974869,0.25585123636020923,0.5645366865087025,1.244789279640232,0.290233495896574,3.1349348188051747,True,2021-11-24 15:00:00+00:00,2021-11-24 16:00:00+00:00,211.61091162085896,211.65323380318313,-0.000400000000000022,0.00019999999999997797,3,stop,0.012603940528534086,-0.009369888047457864,False,False,AAPL,2021-11-24 14:30:00+00:00,755,0.724043212529322,2
0.011127619493653354,1.0,0.0,0.2285907134455711,1.174762448893788,0.8628353344800461,0.0,0.09837434479148263,0.6188245374321008,0.6812729089358661,0.6758633300490967,0.7271214092619059,0.0,29.096550229550378,0.3344984526547867,0.04455381259733574,1.7071289472078197,0.5441082434159122,0.3187270910641339,0.5441082434159122,1.0,0.24360334818764842,0.0029096550229550378,0.7171988822235834,1.106881606265504,0.005232540307521839,1.6148630219491193,0.005467232339463779,0.02468319107544792,0.00766101283660392,0.023320452904263878,0.0204658481076605,0.030485812414269953,0.0,0.3187270910641339,1.0,1.0817894705592643,0.43035144914024615,0.1371646655199539,1.6150346648209346,True,2021-11-25 15:00:00+00:00,2021-11-25 17:00:00+00:00,216.83414418604636,216.87751101488357,-0.000400000000000022,0.00019999999999997797,5,stop,0.012912693000288522,-0.008653999136083557,False,False,AAPL,2021-11-25 14:30:00+00:00,756,0.8197805468757002,2
0.011036083392466946,-0.3546048870425359,-0.9350162426854147,0.4537913645351549,1.3418990623993456,0.6774701531305007,0.0,0.7912122963452601,1.3211618647831078,0.6115676380763736,0.20208129890143672,0.962859294995684,0.0,0.0,0.10276675232440788,0.12034395012744309,0.7441135691558053,0.2890377912068743,0.3884323619236264,0.2890377912068743,0.0,0.6056881708407253,0.0,1.1682635357359317,1.24741982790216,0.004537617474112168,1.1250008256262813,0.0050332864396309684,0.024695289017077515,0.008817226834377578,0.033148143115736994,0.009040503842878689,-0.0014365704752127284,0.0,0.3884323619236264,1.0,1.1074372016085527,0.8303372182275053,0.3225298468694993,0.35751037087465465,True,2021-11-25 19:30:00+00:00,2021-11-26 15:30:00+00:00,217.73283883778754,217.7763854055551,-0.000400000000000022,0.00019999999999997797,6,stop,0.013066892930764018,-0.009027308800009903,False,False,AAPL,2021-11-25 19:00:00+00:00,756,0.625760699815794,2
0.011407224947887564,0.120536680255323,0.992708874098054,0.10483158770507107,0.17564274185991063,0.4916243076115759,0.0,0.6744066321914973,1.0832400655309995,0.7740072868176753,0.24998740453489304,0.9193938802100671,0.0,0.0,0.1490879129914902,0.42621440084139495,1.1753989351591716,0.26563159442925127,0.2259927131823246,0.26563159442925127,0.0,0.32119839750892304,0.0,0.4638715391699194,0.32119839750883394,0.005506795874259287,1.322734946116858,0.0011972692420563202,0.005284782262100718,0.008068772856938855,0.03181376141280645,0.009738359412738262,0.01039288702168606,0.0,0.22599271318232467,-0.03319025822669554,-0.047020896691762654,2.2495224966671317,0.5083756923884241,0.8911999547569319,True,2021-11-26 16:30:00+00:00,2021-11-26 18:00:00+00:00,218.893955654029,224.26244672656765,0.023925533637958175,0.024525533637958175,4,target,0.027187793296735263,-0.004184758157847357,False,False,AAPL,2021-11-26 16:00:00+00:00,757,0.7617267719720007,2
0.010635650825671595,-0.9709418174260521,-0.23931566428755743,0.7617704713203937,1.4000530907025,0.5565968334875623,0.0,0.7792475702610381,2.4628441199817046,0.5665415562014707,0.5215322044737138,0.5273108744405588,0.0,0.0,0.029860512009844065,0.16939200009436614,0.2840834950864517,0.12313838968903303,0.43345844379852927,0.12313838968903303,0.0,0.2736355737668753,0.0,1.7574244595278048,1.3291596352119377,0.004120838825151618,1.1086053358207528,0.00816810209069696,0.02830726162143371,0.01408440986744286,0.04041676655362347,0.014748304638934062,0.020463952746082814,0.0,0.43345844379852927,0.9651560376892662,1.3942285953917568,1.02294273616339,0.44340316651243766,0.3799141605100966,True,2021-11-26 18:30:00+00:00,2021-11-26 20:30:00+00:00,1214.3555918974143,1214.5984630157939,-0.000400000000000022,0.00019999999999997797,5,stop,0.019792911588322193,-0.0017882064240556383,False,False,MSFT,2021-11-26 18:00:00+00:00,757,0.7474553435202774,2
0.009851295536792076,0.5680647467311559,0.8229838658936564,0.0736688611760418,0.3966522904157786,0.7449109192855448,0.0,0.5364241244962309,0.4471817796222052,0.8181282559414491,0.651129299713412,1.3517402631799673,0.0,0.0,0.6094326712268243,0.16713572027609264,3.09580346381405,0.5630391752269939,0.1818717440585509,0.5630391752269939,0.0,0.6444249683799359,0.0,0.40505940907635,0.6444249683798514,0.0038387408580955614,1.437795892550521,0.0007262607952551736,0.036662879076528654,0.002561927550214671,0.03656626793559825,0.0125438668759561,0.014514162488494131,0.0,0.1818717440585509,-0.16563047677299997,0.2922604014762172,1.4025767555846818,0.25508908071445524,1.6745249173649737,True,2021-11-29 16:00:00+00:00,2021-11-29 16:30:00+00:00,1231.980946277025,1258.0746543315893,0.020580285404102994,0.021180285404102994,2,target,0.021331153445016904,-0.006927775516208157,False,False,MSFT,2021-11-29 15:30:00+00:00,758,0.6840359769525913,2
0.011217058209716834,-0.35460488704253545,0.9350162426854148,0.8551435101444643,1.6521869762347674,0.7411783682833429,0.0,0.4996628094431449,1.9808270702957433,0.5570420001957653,0.7206922925794279,1.3935586717249653,0.0,0.0,0.09265400053187212,0.07613870175934755,0.6732475056571547,0.29822036847910827,0.44295799980423467,0.29822036847910827,0.0,0.28491432262383193,0.0,1.9305295547713217,1.5362050465744759,0.004143828180845217,1.2740012219114296,0.009685095854438774,0.0446313192976282,0.015638755361898626,0.05606821081833768,0.018240748270325957,0.024574245138393014,0.0,0.44295799980423467,1.0,1.5830227959995766,0.5843028725771331,0.258821631716657,1.0256230082460074,True,2021-11-29 17:00:00+00:00,2021-11-30 14:30:00+00:00,1251.2475949063717,1261.3129318741426,0.0074442408111274234,0.008044240811127423,9,stop,0.020943857752301787,-0.0063160845842386015,False,False,MSFT,2021-11-29 16:30:00+00:00,758,0.7095757363238634,2
0.010867770034799306,0.5680647467311559,0.8229838658936564,0.5804275999005979,1.5008298543505427,0.8001360748600906,0.0,0.2780819577801553,1.4720058121214086,0.5828332794341794,0.4605684589554799,2.0368526211971645,0.0,0.0,0.14270569522473808,0.0574320843835881,0.9180247019100309,0.38296935429427004,0.4171667205658206,0.38296935429427004,0.0,0.4549897316680359,0.0,1.3913564320599203,1.3857999835287156,0.00429392667250495,1.40125438903454,0.006347996545726042,0.03919630172351729,0.010622584137744528,0.07729623007038255,0.0052677218293744055,0.008809996135952236,0.0,0.4171667205658206,1.0,0.952054696084988,0.479098440232243,0.1998639251399094,1.3032496488377026,True,2021-11-30 16:00:00+00:00,2021-11-30 20:30:00+00:00,1280.2700431649237,1274.5088658064628,-0.005099970447030654,-0.0044999704470306545,10,momentum_decay,0.0041256247256802325,-0.014096414357538278,False,False,MSFT,2021-11-30 15:30:00+00:00,759,0.6473928518347178,2
0.015519232297951263,1.0,0.0,0.1724706324934019,0.5159047721833475,0.699828960139547,0.0,0.20850664527698454,0.4861194764631991,0.7517072463941799,0.6756907273691523,1.8521467375299536,0.0,190.94549619598888,0.3188951598510354,0.16614228918075688,1.818563771900206,0.4515362065337268,0.24829275360582015,0.4515362065337268,1.0,0.0,0.01909454961959889,0.6946261217401836,0.6882489628327451,0.006170663629183233,1.0650461621010612,0.021829590770306995,0.0555113161413443,0.02727563680685252,0.11884870710043183,0.024601079703985285,0.04667299448463713,0.0,0.2482927536058202,0.9039106121709393,1.8093432514238224,1.2089399932163776,0.300171039860453,0.18321746583757717,True,2021-12-01 15:00:00+00:00,2021-12-01 16:00:00+00:00,201.31122896281875,201.35149120861132,-0.000400000000000022,0.00019999999999997797,3,stop,0.025142126050291758,-0.020012265575594546,False,False,TSLA,2021-12-01 14:30:00+00:00,760,0.7483379982450313,2
0.01255129689041319,0.120536680255323,0.992708874098054,0.05644010009203942,0.05389615473362741,0.7110607430749923,0.0,0.4923475532443287,1.8474515238849918,0.8209194454487571,0.1812888715487345,1.4042569815826302,0.0,0.0,0.5780068950959951,0.20663393523975607,2.9706195061561425,0.5319801885237494,0.17908055455124294,0.5319801885237494,0.0,0.13779981565496702,0.0,0.3151659890347803,0.13779981565496338,0.00609785664939046,1.172630073027545,0.000708898634057542,0.01570008702421677,0.014046702148547086,0.03306567501126256,-0.0018534711074310595,0.015245920979266359,0.0,0.17908055455124294,0.15972162846024346,0.3035135806508068,1.6134596949889428,0.28893925692500766,0.4202244814185587,True,2021-12-02 16:30:00+00:00,2021-12-02 18:30:00+00:00,1322.2587902527036,1322.7790324850464,-0.00020655036958123704,0.0003934496304187629,5,momentum_decay,0.007690556668470849,-0.006827243643951042,False,False,MSFT,2021-12-02 16:00:00+00:00,761,0.7913861995780752,2
0.012982084710210793,0.120536680255323,0.992708874098054,0.38510285836998526,8.996405901650826,0.6351564323617441,0.0,1.3004634352025448,0.8791125141888085,0.6117194564728368,-0.07819219119459316,0.6856097787517194,0.0,0.0,0.08234643224104614,0.14429744984252105,0.6358183353503503,0.24687588883458092,0.38828054352716324,0.24687588883458092,0.0,0.3105927730137117,0.0,0.9918160072397353,3.219649930343955,0.005180754789130017,1.2725994779530663,0.005024557894821813,0.00127367104194831,0.00558618506686126,0.03675804080900402,-0.005455907598228671,0.005195356736396484,0.0,0.38828054352716324,-0.38956198582607965,-0.5291437939273581,0.9396390669583493,0.3648435676382559,0.9685290132192341,True,2021-12-03 16:30:00+00:00,2021-12-03 19:30:00+00:00,234.2974893363526,234.3443488342199,-0.000400000000000022,0.00019999999999997797,7,stop,0.01903834489806977,-0.01738328779530185,False,False,AAPL,2021-12-03 16:00:00+00:00,762,0.7199421729024249,2
0.02011331000459116,-0.970941817426052,0.23931566428755768,0.5070711642620327,4.409563574987092,0.8337172623951593,0.0,0.9144253081578032,1.0667437120209124,0.6036967660140468,-0.4520560918226304,0.11307911732245245,0.0,0.0,0.18517462736236537,0.04750135986847057,1.1037357026072132,0.43741402840920607,0.39630323398595324,0.43741402840920607,0.0,0.3885740594762476,0.0,1.2795029683759924,2.573511987257707,0.009837402172701838,1.2650437035153106,0.010303968454044243,-0.04584581457368231,0.01267030759994614,0.015776619448189644,0.0051759628535603674,-0.027822648508728842,0.0,0.39630323398595324,1.0,0.6696417032164088,0.41958460932129304,0.16628273760484066,0.7076215202000647,True,2021-12-06 18:00:00+00:00,2021-12-06 19:30:00+00:00,205.08687505540541,199.51815759599143,-0.027752968506197972,-0.027152968506197972,4,stop,0.006645345228561528,-0.029517351739950626,False,False,TSLA,2021-12-06 17:30:00+00:00,763,0.7846501820281275,2
0.010655829487552842,0.5680647467311559,0.8229838658936564,0.189316912218063,7.388451960439952,0.6823086937636135,0.0,0.19583213509264935,0.4288030211895725,0.6928781014068958,-0.2574226589087642,0.03443713915409264,0.0,0.0,0.1925099790520158,0.1492726788197495,1.2216217628539727,0.37518679517050924,0.30712189859310424,0.37518679517050924,0.0,0.4690905391548992,0.0,0.6164227073527009,2.1317846269108833,0.006220431033922683,1.7288103983495926,0.00202140657728056,-0.0044561376128990915,0.002295624637960181,-0.012484217875670334,-0.012561816771159862,0.006177962228979261,0.0,0.30712189859310424,0.40267789317949626,-1.0195702852651018,1.0344143732230728,0.31769130623638653,1.7842987967108408,True,2021-12-07 16:00:00+00:00,2021-12-08 16:00:00+00:00,1308.1651561938788,1308.4267892251175,-0.000400000000000022,0.00019999999999997797,14,stop,0.017944769155207263,-0.0014004058954218968,False,False,MSFT,2021-12-07 15:30:00+00:00,764,0.8303262826335311,2
0.009751981861831143,-0.970941817426052,0.23931566428755768,0.9694486481878134,1.4127626636204675,0.615571474778019,0.0,0.8428208034873936,1.908739734372352,0.5578138169356914,0.18570355654292484,0.21497237764096472,0.0,0.0,0.04488007611179195,0.13362311100709431,0.39210924799176883,0.17338529171371042,0.44218618306430857,0.17338529171371042,0.0,0.3878840233002568,0.0,2.1923992320827974,1.3479678826046537,0.003791489361620691,1.5818430614896115,0.009544277669728984,0.014336311827863879,0.016410900144488094,0.016903090014232625,0.012062339866156568,0.007801609646150842,0.0,0.4421861830643085,0.9653720586276845,1.8570947652628245,0.8693815861859299,0.38442852522198107,1.689271210332337,True,2021-12-08 18:00:00+00:00,2021-12-09 15:00:00+00:00,1331.105468888468,1359.0144391243548,0.02036676100293693,0.02096676100293693,8,target,0.03147416123500468,-0.0012357511229067475,False,False,MSFT,2021-12-08 17:30:00+00:00,765,0.7740778345316677,2
0.01192850624988259,0.120536680255323,0.992708874098054,0.5545745710484475,0.8157538576093868,0.7221935520749064,0.0,0.37480276580330735,2.3908867625597408,0.5889454247693491,0.677658045314528,0.9810262260087429,0.0,0.0,0.10731547124084406,0.09139622224419935,0.7569286308745649,0.3111389768442555,0.4110545752306509,0.3111389768442555,0.0,0.3766398403398112,0.0,1.3491507076335658,0.8449382097462944,0.004116102051938537,1.1488301830071843,0.006659299140355124,0.047610101715610975,0.014944666203108747,0.02379149726729235,0.019422149817762913,0.024873668954196626,0.0,0.4110545752306509,1.0,1.959140866270853,0.6758383549654895,0.27780644792509357,0.2812182808309402,True,2021-12-09 16:30:00+00:00,2021-12-09 17:30:00+00:00,243.6548473281942,239.73115552981665,-0.01670348343734147,-0.01610348343734147,3,stop,0.0010080461015089526,-0.024435666359916453,False,False,AAPL,2021-12-09 16:00:00+00:00,766,0.7069683448512347,2
0.015040185424074001,0.5680647467311559,0.8229838658936564,0.8998456744385165,2.9121034275343627,0.8507903409151063,0.0,0.2960385406684299,1.688005538542267,0.5464588292834209,-0.2549310366463252,0.19282476571485435,0.0,0.0,0.13573911873133895,0.03612053971311183,0.8758833725519662,0.3972491701985273,0.45354117071657907,0.3972491701985273,0.0,0.4066679435662488,0.0,1.9840440792106968,2.4590086723586277,0.00814550125934295,1.570856794545682,0.01371952371496743,-0.013717195940066262,0.018517973301853896,0.02456251464327952,-0.001661508612704199,0.0014869786366826787,0.0,0.453541170716579,0.4906555157942729,0.05943692767472612,0.328988124383728,0.1492096590848937,1.0168002889880827,True,2021-12-10 16:00:00+00:00,2021-12-10 19:00:00+00:00,238.72285911515772,238.77060368698076,-0.000400000000000022,0.00019999999999997797,7,stop,0.021868945104088544,-0.007451393114004001,False,False,AAPL,2021-12-10 15:30:00+00:00,767,0.847097200017747,2
0.008312914138506277,-0.3546048870425359,-0.9350162426854147,0.1268422798801488,0.7609543765018874,0.3096153738138492,0.0,0.3859003859980706,3.070294264856253,0.7730762570937323,0.4864229799530181,1.519685394584489,0.0,0.0,0.02907402885269529,0.7091493205787228,0.36440272775546956,0.08269163090758144,0.2269237429062677,0.08269163090758144,0.0,0.5968828716285,0.0,0.5589643386612999,0.875866653734893,0.004005314318065183,1.056358725893917,0.0010555419758269124,0.012771687072612004,0.0024460641041414988,0.039472627062334675,0.003981472588864277,0.023513477904291813,0.0,0.22692374290626774,1.0,0.4053215500762792,3.042364000098685,0.6903846261861508,0.14375349449205477,True,2021-12-10 19:30:00+00:00,2021-12-13 14:30:00+00:00,1385.738495351266,1417.676148379098,0.022447388186857143,0.023047388186857143,4,gap_through_target,0.023047388186857143,-0.0023845470745611497,False,True,MSFT,2021-12-10 19:00:00+00:00,767,0.7724766996276786,2
0.01523600699339819,-0.35460488704253545,0.9350162426854148,0.84169203096543,2.545998392497832,0.8854280095566304,0.0,0.5779507745262816,2.22508269265375,0.5826278203985895,0.12392608318284357,0.3841614268362686,0.0,0.0,0.19284011490624461,0.028359004260162402,1.1214351430947374,0.46805582995521994,0.4173721796014105,0.46805582995521994,0.0,0.49453274067291797,0.0,2.0166462263230964,2.0221108083541957,0.00534235976683717,1.6310507547288193,0.012990617684736083,0.0028162788474772604,0.018185774984846192,0.0022517997059989803,0.01590255743159119,0.014575664441941028,0.0,0.4173721796014105,0.8879375781753349,1.212486485638535,0.27450797164475355,0.11457199044336962,0.8736001047255587,True,2021-12-13 17:00:00+00:00,2021-12-13 18:30:00+00:00,243.80344016147936,246.56780867773497,0.010738513166281317,0.011338513166281317,4,stop,0.03078566844141095,-0.00794738594602351,False,False,AAPL,2021-12-13 16:30:00+00:00,768,0.8762995251637286,2
0.01817955556410226,1.0,0.0,0.1639431905513002,0.39959454142292805,0.7864863370569704,0.0,0.13371537199298658,0.4925460585397515,0.738219244298919,0.2354170194266492,1.4326254740900723,0.0,-135.64982502626722,0.3879120377433788,0.09539261982165836,2.0043703363525007,0.5247055813558894,0.26178075570108095,0.5247055813558894,1.0,0.2945353383983702,0.013564982502626721,0.6262614305327381,0.559400583446451,0.006456663007953546,1.1273950855575054,-0.010616208861792265,0.02543975882064764,-0.003260857863623179,0.0314333168897849,0.009498719752683238,0.005209207245788106,0.0,0.26178075570108095,1.0,0.3346303931004356,0.8156201641748958,0.2135136629430296,0.3783732805903377,True,2021-12-14 15:00:00+00:00,2021-12-14 17:00:00+00:00,250.78114279614016,247.89206131315143,-0.01212032984129614,-0.01152032984129614,5,momentum_decay,0.006988048757896603,-0.017771857320044382,False,False,TSLA,2021-12-14 14:30:00+00:00,769,0.7405989069947256,2
0.013051298851312542,-0.7485107481711012,0.6631226582407952,0.338555938105005,3.792205214921908,0.5332000438765312,0.0,1.3880692176904441,0.8482389604979492,0.6229411602732573,-0.23343553826854893,0.046489340413238524,0.0,0.0,0.0458484171300097,0.21692881008547243,0.41410301973771385,0.1561412041497885,0.3770588397267427,0.1561412041497885,0.0,0.42973678029205215,0.0,0.8978862247344711,2.2460323197232,0.00522389223091971,1.0723635645396083,0.004438205356878111,-0.011986589038910589,0.005615126485446709,0.03608658662410558,-0.005918608616712673,-0.01062591155048176,0.0,0.37705883972674265,1.0,0.5353749387063532,1.2380029505774925,0.46679995612346886,0.18902873650454466,True,2021-12-16 17:30:00+00:00,2021-12-16 19:00:00+00:00,242.5472822980102,242.59579175446981,-0.000400000000000022,0.00019999999999997797,4,stop,0.014716449025111489,-0.00455702930871682,False,False,AAPL,2021-12-16 17:00:00+00:00,771,0.7295029355447393,2
0.01074580839903254,0.8854560256532099,0.4647231720437685,0.10634977782852,0.27024859537969526,0.468366999098858,0.0,0.2386143405976426,0.8693836533466387,0.7630525835516174,0.2623922958707871,0.23288581758623003,0.0,0.0,0.11635033230685413,0.43861399154197517,0.9766706306365041,0.23141958265047544,0.23694741644838258,0.23141958265047544,0.0,0.3269376166946256,0.0,0.44883282300605964,0.43942413945570474,0.004414370378593038,1.5767844514021854,0.0011441218546823784,0.01546480183737442,0.004794171918358181,0.0037739798890794596,0.007177016844873707,0.01791520738609753,0.0,0.23694741644838258,-0.10130603805736874,-0.1617882666805311,2.243675026592348,0.531633000901142,1.389389829801711,True,2021-12-17 15:30:00+00:00,2021-12-17 16:30:00+00:00,1413.4184144571493,1392.9141777734312,-0.015106841338693843,-0.014506841338693843,3,stop,0.013476356682704305,-0.019512602535656676,False,False,MSFT,2021-12-17 15:00:00+00:00,772,0.8280917371646559,2
0.023664788025458797,-0.7485107481711013,-0.663122658240795,0.14156610575685535,1.2834534453638289,0.5366472800666193,0.0,0.4856697916280871,2.463477423054226,0.7236185022224288,0.19177759875219555,-0.11428472769714547,0.0,0.0,0.12189487569071478,0.29913474982683685,0.9416903243580481,0.26026578228904806,0.27638149777757115,0.26026578228904806,0.0,0.5928074911610327,0.0,0.5122126730450901,1.1403421273867438,0.013650016858696924,1.1539941707716126,0.003361392994171153,0.018261578307559034,0.005996119106862485,0.002040059582884668,0.019231514195832355,0.03793373427896807,0.0,0.2763814977775712,-0.11153274179003961,-0.05982909394502546,1.6764968844104942,0.46335271993338073,0.23684048338750532,True,2021-12-17 19:00:00+00:00,2021-12-20 14:30:00+00:00,239.82829793233617,236.13032878464253,-0.016019236093386135,-0.015419236093386135,5,momentum_decay,0.012194129419554445,-0.02160368144318847,False,False,TSLA,2021-12-17 18:30:00+00:00,772,0.7358470052884197,2
0.021123122234197506,0.120536680255323,0.992708874098054,0.22127128946880925,3.351100848528755,0.7139346947337835,0.0,0.7038874724170047,0.912356607153126,0.683262074502604,0.0671296436888656,-0.04425249582085063,0.0,0.0,0.2039060856028658,0.12399573648646701,1.2540233968265275,0.3971967692363875,0.316737925497396,0.3971967692363875,0.0,0.5557197591080432,0.0,0.6985942372430813,1.7994681376896475,0.009956936389797133,1.1643107479861852,0.004695888799183701,0.000140894589378604,0.0061057421276240476,0.030542078187910215,0.0006493608383233429,-0.0029061573230023674,0.0,0.316737925497396,1.0,0.5764563068595308,0.9031608855072596,0.28606530526621654,0.2648695440090269,True,2021-12-20 16:30:00+00:00,2021-12-20 19:30:00+00:00,239.13131916803692,239.17914543187052,-0.000400000000000022,0.00019999999999997797,7,stop,0.023308471063697267,-0.018686153304899977,False,False,TSLA,2021-12-20 16:00:00+00:00,773,0.7028684521263464,2
0.016295887196597542,-0.9709418174260521,-0.23931566428755743,0.06185687608347346,0.39765949600914335,0.666939646077294,0.0,1.667959144360414,0.7839670864750787,0.8647875492011335,0.13019414003979096,0.68644103408229,0.0,0.0,0.5767611019962544,0.3325013129811661,3.9325313026626603,0.5317271952784275,0.13521245079886646,0.5317271952784275,0.0,0.6370786215005005,0.0,0.45747914277131074,0.7105293202713524,0.0075755293407231165,1.151626052806971,0.0010090297898077694,0.011493356343330374,0.003555473111934937,0.026330977098464103,-0.0048060446003539425,0.018308976328645477,0.0,0.13521245079886646,-0.14778155453554248,-0.0715471479739091,2.4632373124927587,0.33306035392270605,0.3514651181795764,True,2021-12-21 18:30:00+00:00,2021-12-22 14:30:00+00:00,245.31859913229297,263.0233741561123,0.07157053695252717,0.07217053695252718,6,gap_through_target,0.07217053695252718,-0.004891506157096881,False,True,TSLA,2021-12-21 18:00:00+00:00,774,0.6108132836485862,2
0.02048975239886268,-0.35460488704253545,0.9350162426854148,0.7349052048995761,2.088401462116352,0.8394620615344719,0.0,0.27708693307381654,2.0493866766774054,0.5742124493083391,0.15849815865897335,0.5878262772930843,0.0,0.0,0.15610550754019265,0.042313100193599205,0.9715514466562599,0.41367451084281104,0.42578755069166085,0.41367451084281104,0.0,0.4695885030814676,0.0,1.7259903529489675,1.7935523572905125,0.00876605240124362,1.9036527803207228,0.01528823634052201,0.023865009829163064,0.022775510223070894,-0.008617846980390254,0.021313111029194642,0.01186281000090128,0.0,0.42578755069166085,1.0,1.1905107989977555,0.3770376522392593,0.16053793846552813,2.395330766749281,True,2021-12-24 17:00:00+00:00,2021-12-24 18:30:00+00:00,268.3953108826088,268.4489899447853,-0.000400000000000022,0.00019999999999997797,4,stop,0.025077742438151196,-0.02142541451919,False,False,TSLA,2021-12-24 16:30:00+00:00,777,0.7407905066197703,2
0.011275687654562059,-0.3546048870425359,-0.9350162426854147,0.4022160090737124,1.7201217420806596,0.6589801985795465,0.0,0.35051673820782836,3.0553642421988525,0.6086816731099509,0.7830814286569696,0.5008973954931344,0.0,0.0,0.09145293721904772,0.12948814993139895,0.6840003477901505,0.2676618716894974,0.3913183268900491,0.2676618716894974,0.0,0.295641396069993,0.0,1.0278486373747717,1.4872950186512017,0.004843907937588597,1.0810983333599904,0.0045559243991830645,0.03552148870627403,0.007223662820608379,0.05411725601810802,0.02221558839328175,0.017440343380021206,0.0,0.3913183268900491,1.0,1.8601378517800227,0.8714639156581482,0.3410198014204535,0.18581451610811367,True,2021-12-24 19:30:00+00:00,2021-12-27 16:30:00+00:00,1339.8643719612398,1340.132344835632,-0.000400000000000022,0.00019999999999997797,8,stop,0.014492430381608967,-0.007436155022027324,False,False,MSFT,2021-12-24 19:00:00+00:00,777,0.7187416621097446,2
0.010944257432106346,1.0,0.0,0.2327807363187881,0.8143694260836284,0.9085099904715879,0.0,0.06375479148041444,0.6330949717783317,0.665952765442277,-0.1908942262935987,0.7724635069168886,0.0,-10.486169281245239,0.3468213912257649,0.025871734196575343,1.7197051688641751,0.574462755913865,0.3340472345577229,0.574462755913865,1.0,0.6738073184186415,0.001048616928124524,0.6968497632587463,0.8685250465837915,0.005779208545636036,1.2850120940417726,0.0015028239882661776,-0.006453674986589664,0.00465042028410001,0.01227851382202405,-0.0009026589814038477,-0.012372218918576872,0.0,0.33404723455772295,0.44759960284383377,0.21917433630980765,0.2738834513912926,0.09149000952841214,0.8110968649843907,True,2021-12-29 15:00:00+00:00,2021-12-29 18:00:00+00:00,1364.1300464724807,1364.4028724817751,-0.000400000000000022,0.00019999999999997797,7,stop,0.018687428323643784,-0.017214260066008347,False,False,MSFT,2021-12-29 14:30:00+00:00,780,0.7901673290159773,2
0.02472574045075963,1.0,0.0,0.3264649455089114,33.3376704717918,0.816139255430314,0.0,0.1599674809358821,0.7100794739498679,0.6247731876128673,0.38848090634576377,-0.14826877952435885,0.0,455.2919879470219,0.19972107151186205,0.05705268736414462,1.1750558022172324,0.44091244304318117,0.37522681238713274,0.44091244304318117,1.0,0.0,0.045529198794702186,0.87004695488575,3.8083654258799022,0.017015689826756556,1.6071846959878384,0.05403748158373278,0.09532005813179589,0.05430655672317242,0.05912757377524036,0.06729936418560545,0.05537654289045957,0.0,0.37522681238713274,-0.15006862664098808,1.8125996610013764,0.489998951300704,0.1838607445696861,1.5254386752245108,True,2021-12-30 15:00:00+00:00,2021-12-30 15:00:00+00:00,267.77986801935043,258.8414430746605,-0.033979749608525525,-0.03337974960852552,1,stop,0.005847730494182857,-0.04334889217470095,False,False,TSLA,2021-12-30 14:30:00+00:00,781,0.8384731443155463,2
0.011591486757937506,-0.9709418174260521,-0.23931566428755743,0.1637589132143862,0.4471074086671691,0.3544044021801852,0.0,0.37277686514529357,3.871757354057042,0.7163932546249655,1.096320897921081,0.6282897370363628,0.0,0.0,0.02112670018161357,0.5051083337046783,0.2496331908868107,0.07079765680515075,0.2836067453750345,0.07079765680515075,0.0,0.4126828975284584,0.0,0.5774154384016343,0.5887575667965383,0.006817039882484508,1.540901530518692,0.0019018193250992521,0.05433699091910271,0.006181721211907298,0.030397308320108563,0.02664143858821877,0.05567836852243402,0.0,0.2836067453750345,1.0,1.1192502427569444,2.276376032469389,0.6455955978198148,1.9002084304967481,True,2022-01-05 18:30:00+00:00,2022-01-05 20:30:00+00:00,236.57941536020363,232.87730069373328,-0.01624850712321575,-0.01564850712321575,5,stop,0.008871123474409881,-0.01653636249276713,False,False,AAPL,2022-01-05 18:00:00+00:00,785,0.6945611070208071,2
0.012258251283979537,0.120536680255323,0.992708874098054,0.28989114292634194,0.3068258887939928,0.8602087365675398,0.0,0.20343332497933495,1.913983952483364,0.64444774668101,0.7546212835396245,1.2368858227398167,0.0,0.0,0.2622785206893981,0.04183594011459221,1.4193595414938884,0.5046564832485498,0.35555225331899,0.5046564832485498,0.0,0.38505703176007106,0.0,0.8153264118572776,0.3850570317600095,0.007117570513231272,1.6030273175901923,0.0035662312864026546,0.04579026912856565,0.015367831675336507,0.07633136151021636,0.03248814692615065,0.016156779864569648,0.0,0.35555225331899,0.8574526950344891,1.1864300813907807,0.3931665799538071,0.1397912634324602,1.6085016584716894,True,2022-01-06 16:30:00+00:00,2022-01-06 18:30:00+00:00,240.99207489623072,247.3434789310108,0.025755240260556023,0.026355240260556023,5,target,0.027050990734723168,-0.01469422949590149,False,False,AAPL,2022-01-06 16:00:00+00:00,786,0.6199540745545997,2
0.012233452942167069,0.5680647467311559,0.8229838658936564,0.6997813578736934,1.056272609734973,0.7306137456244509,0.0,0.4316887259835996,1.9862095200820853,0.5633161870282624,-0.4907093288284529,0.17194225008369937,0.0,0.0,0.09234120473944164,0.08178753421014717,0.6730955531702081,0.2939299326527132,0.43668381297173775,0.2939299326527132,0.0,0.29410886223268334,0.0,1.6024898040335274,1.0497572098528878,0.006662287125395824,1.139278289101208,0.008634661422739498,-0.014632561351321405,0.016947856658416693,0.015400127560212917,-0.009478638684118912,-0.006442056274220009,0.0,0.4366838129717377,0.9201145793358957,-0.10584653850846203,0.6168908633051626,0.2693862543755491,0.4193336827845074,True,2022-01-07 16:00:00+00:00,2022-01-07 17:30:00+00:00,1332.7126400135976,1332.9791825416003,-0.000400000000000022,0.00019999999999997797,4,stop,0.01418217305892644,-0.008527007828041722,False,False,MSFT,2022-01-07 15:30:00+00:00,787,0.8127400382300448,2
0.014953304716696439,1.0,0.0,0.2193463726080767,0.4824701561216149,0.6921937925309628,0.0,0.1945028068221359,0.43739740214847517,0.652878145165674,0.28208910758495453,2.0749770550655713,0.0,-103.22833247644824,0.14974980357521536,0.12638626856066662,0.9940945316189409,0.34507193769663674,0.347121854834326,0.34507193769663674,1.0,0.4144405341472849,0.010322833247644825,0.631900208970611,0.5734160997982725,0.007805453698482695,1.3691481795347988,-0.007066056433578272,0.03682042004413488,-0.000317988902622357,0.08136624824434646,-0.0015003102488166942,-0.013866152746503158,0.0,0.347121854834326,0.2674766580101022,-0.40713181272358845,0.8867381963477393,0.30780620746903725,0.9087349613541181,True,2022-01-10 15:00:00+00:00,2022-01-10 19:30:00+00:00,256.9591384095461,258.41822199390367,0.005078270846441347,0.005678270846441347,10,momentum_decay,0.02231196492735732,-0.005135489277070415,False,False,AAPL,2022-01-10 14:30:00+00:00,788,0.6257097812163405,2
0.011970185159530551,-0.35460488704253545,0.9350162426854148,0.47233457789124006,15.018314063353515,0.6551201518024228,0.0,0.9944004180200653,0.7789478011536751,0.6012581919776754,-0.04430191421663259,1.1993468376073655,0.0,0.0,0.08442095766688153,0.12890442496555193,0.6429683033527526,0.25637834378009816,0.3987418080223246,0.25637834378009816,0.0,0.2566643566985879,0.0,1.1845624621955746,3.896138960865854,0.004972252088920287,1.1778757708885303,0.005686081072352689,-0.0059514277416858885,0.006066987906053312,0.009774391998613075,0.004693867718347677,-0.005829106898900482,0.0,0.3987418080223247,1.0,0.6033284869930903,0.8649202096661823,0.34487984819757717,0.536083619846783,True,2022-01-11 17:00:00+00:00,2022-01-11 20:00:00+00:00,259.02140860559877,261.9500177188802,0.010706436518305985,0.011306436518305985,7,stop,0.02507214945176628,-0.0021660098486142587,False,False,AAPL,2022-01-11 16:30:00+00:00,789,0.7475851439413982,2
0.011933554573286709,1.0,0.0,1.043300221634823,2.5504593560976265,0.87324937089518,0.0,0.2941116946659744,2.0262846358544087,0.5503784384106281,-0.00020332560505794585,-0.14251856874673124,0.0,-163.61176689395407,0.15094397083148872,0.02980891504432639,0.942187487201877,0.423627809305808,0.44962156158937194,0.423627809305808,1.0,0.23898284074503173,0.016361176689395407,2.3203963305203827,2.1885199170240943,0.003751073405521528,1.2900480133786485,-0.003960202184770778,0.015740671957947594,0.0009064566075835945,-0.0013681124801329103,0.00038832949096900826,-0.006083390708156666,0.0,0.449621561589372,0.7460300252177473,-0.15058698966015086,0.2819051396394957,0.12675062910482002,0.8273357226596041,True,2022-01-17 15:00:00+00:00,2022-01-17 15:30:00+00:00,254.57781031240685,254.62872587446932,-0.000400000000000022,0.00019999999999997797,2,stop,0.01908141912308947,-0.008980105856536635,False,False,AAPL,2022-01-17 14:30:00+00:00,793,0.8315166918739831,2
0.023984550227995387,-0.35460488704253545,0.9350162426854148,0.2782028916701425,0.38841491385969085,0.5105320914503529,0.0,0.38226556529663874,1.3793830190333807,0.6437780435897242,0.7187843022834922,0.009792347279497383,0.0,0.0,0.04745824995465771,0.24936159686237655,0.4331853561049445,0.15431013504007707,0.35622195641027576,0.15431013504007707,0.0,0.3787439261130365,0.0,0.7809818756644089,0.4739311608779245,0.013335476494494078,1.2593207007888012,0.006717393515540682,0.04452094628379211,0.02443434615669071,0.0022215408524395297,0.027887924988802215,0.09818147648047648,0.0,0.3562219564102758,0.891581043165731,0.9653458971686067,1.3740531703374719,0.4894679085496471,0.7624033772363668,True,2022-01-17 17:00:00+00:00,2022-01-17 20:00:00+00:00,252.18813227118216,249.3517158064044,-0.011847224202159178,-0.011247224202159178,7,momentum_decay,0.007451268458212645,-0.016475625878343725,False,False,TSLA,2022-01-17 16:30:00+00:00,793,0.8614021079002548,2
0.012549111719262184,0.5680647467311559,0.8229838658936564,0.35976568628657013,22.11597658996703,0.7416497555596838,0.0,0.24519610025502955,1.7509413172091368,0.6209338040176805,0.47844471315364934,0.3253415896791041,0.0,0.0,0.14683039196557388,0.0899168593958476,0.9565177887662856,0.3625835595773643,0.3790661959823195,0.3625835595773643,0.0,0.2769529108873999,0.0,0.9490840652627078,3.610722114437002,0.005910485275051262,1.9167887163562853,0.0045352151060626955,0.02345254688743781,0.004741252478515978,0.027468431495086376,0.011160946784815717,0.016585613191356874,0.0,0.3790661959823195,1.0,1.5366893307264762,0.6815438759201473,0.2583502444403162,2.4379835114300024,True,2022-01-18 16:00:00+00:00,2022-01-19 14:30:00+00:00,260.22508698679286,260.2644851752443,-0.00044859957620675347,0.00015140042379324647,11,gap_through_stop,0.02314246390266783,-0.0058303875277087025,True,False,AAPL,2022-01-18 15:30:00+00:00,794,0.7570884719590688,2
0.015461829472564184,1.0,0.0,0.19436399471268592,0.8538684838576268,0.852719370088447,0.0,0.08478777526841011,0.4909007950434364,0.6623799659468655,0.32327706840167103,0.22200565180041476,0.0,227.91436448888146,0.28724656430762696,0.04670422137483061,1.52567763781935,0.5150993360353127,0.33762003405313445,0.5150993360353127,1.0,0.0,0.022791436448888147,0.5756885703118465,0.9033768636526992,0.010709028623638388,1.6574553760285249,0.025874417784675696,0.015847101098158234,0.029591866746269346,0.02438165576660767,0.03161941452705608,0.03539733473712481,0.0,0.33762003405313445,1.0,2.5248939727806845,0.43623190289765684,0.14728062991155297,1.9017812886246899,True,2022-01-21 15:00:00+00:00,2022-01-21 17:00:00+00:00,268.6484559482351,268.48774980217945,-0.0011982023812063362,-0.0005982023812063364,5,momentum_decay,0.011527994192051194,-0.00850787868872016,False,False,AAPL,2022-01-21 14:30:00+00:00,797,0.926268520095705,2
0.013423387514093707,0.120536680255323,0.992708874098054,0.2575026775964136,0.3540286264754048,0.8133196663683646,0.0,0.1934330946100241,1.6535751593883186,0.6473294837189155,0.3763208882865672,1.012714022361665,0.0,0.0,0.22922739968475528,0.06160343309854373,1.306174258467493,0.46064915008728013,0.3526705162810845,0.46064915008728013,0.0,0.3379414955645627,0.0,0.7301508510316738,0.43863340946282314,0.006800386186691079,1.1602962404177444,0.0034685474635653968,0.01341282843710312,0.013397168813954474,0.05900245242799396,0.01862795404799744,0.019366246702139378,0.0,0.3526705162810845,0.1336608862946922,0.2337498551602413,0.5293335422535029,0.1866803336316354,0.5831168358269728,True,2022-01-24 16:30:00+00:00,2022-01-24 16:30:00+00:00,273.7659435687359,268.8048739980116,-0.018721573144026626,-0.018121573144026626,1,stop,0.003879024367859474,-0.02076585147067811,False,False,AAPL,2022-01-24 16:00:00+00:00,798,0.7696165981713031,2
0.02574714161657637,0.5680647467311559,0.8229838658936564,0.08857421520157771,0.5207658138920274,0.5068939084347052,0.0,0.38491471393587906,0.4553436226321369,0.7717423279447205,-0.34881533733966436,0.5040699112889329,0.0,0.0,0.15917701265583403,0.4008855224940064,1.2207091830476742,0.2786362363794257,0.22825767205527947,0.2786362363794257,0.0,0.5597315392090295,0.0,0.3880448547645171,0.7057071897052645,0.017197243452065063,1.9055006787626108,0.0022857455802829385,-0.031111522766585353,0.006704372935811831,0.022685008622635783,-0.03496490341560232,-0.0022327894252611724,0.0,0.2282576720552795,-0.09601419998472498,-1.6002616546869108,2.1603045677477053,0.4931060915652948,2.825357823660935,True,2022-01-25 16:00:00+00:00,2022-01-25 19:00:00+00:00,264.72358349886736,266.09985605832924,0.004598904235397484,0.0051989042353974835,7,momentum_decay,0.01832435481776029,-0.00412691556117839,False,False,TSLA,2022-01-25 15:30:00+00:00,799,0.7930056304495735,2
0.01082193329244059,1.0,0.0,0.1692472128363459,0.30950221458799604,0.68934780417871,0.0,0.18831480189764005,0.41787695992068796,0.7208025191093437,0.03162353190703476,1.0096151077683557,0.0,33.101129455965776,0.24331282453652006,0.1576882447638342,1.4690330370418956,0.4101503232880537,0.2791974808906563,0.4101503232880537,1.0,0.34145024660161455,0.003310112945596577,0.606191761818328,0.4465748455646649,0.00469378513615204,1.9053336160515468,0.005151129709542124,0.0011381425564973568,0.011165863101925133,0.017673538431683955,0.0019013439540378485,0.006871482127202899,0.0,0.27919748089065627,0.43287948042196484,0.7337672684961518,1.11266117025727,0.31065219582129006,1.8990416557288994,True,2022-01-26 15:00:00+00:00,2022-01-26 15:30:00+00:00,277.73585130828224,273.6782388529827,-0.015209609944794766,-0.014609609944794766,2,stop,0.011436919068175344,-0.03751642501446861,False,False,AAPL,2022-01-26 14:30:00+00:00,800,0.8465344885293196,2
0.013901670620609829,-0.35460488704253545,0.9350162426854148,0.3264929510153656,1.1123680570531902,0.7353348464334858,0.0,1.1233032057759669,1.4744055079134033,0.6086145622309567,0.06134565920092129,1.023758838172547,0.0,0.0,0.1310980210576882,0.09000165964366706,0.8787997086068035,0.34394940866444235,0.39138543776904333,0.34394940866444235,0.0,0.3845707472839156,0.0,0.8341980040862663,1.0867199510924965,0.007187911955343686,1.0705791474100663,0.0045594920760427815,0.001129365676505678,0.008694034079812063,0.052242466349883276,-0.004221860310470005,0.007669145089681306,0.0,0.3913854377690434,-0.31930981094747296,-0.5654823389587496,0.676226369266826,0.26466515356651427,0.22930266840441016,True,2022-01-26 17:00:00+00:00,2022-01-26 18:00:00+00:00,1245.9137844218333,1222.531402300675,-0.019367255337823307,-0.018767255337823308,3,stop,0.0036759708335647456,-0.020005793464535016,False,False,MSFT,2022-01-26 16:30:00+00:00,800,0.7649642917300211,2
0.013440476998107345,0.8854560256532099,0.4647231720437685,0.6459225872153844,0.9379319727213589,0.760105974815178,0.0,0.3901586854044031,1.8891936900243456,0.6028462899799794,0.5528047423865204,0.4719552478509437,0.0,0.0,0.13958873481390424,0.07732467824597276,0.9138836063669842,0.3629522647951574,0.39715371002002064,0.3629522647951574,0.0,0.46299628006369925,0.0,1.6263793360581302,0.9520428799360445,0.009678729207603771,2.8292615446402527,0.008757536294590862,0.028832644086280945,0.039734054363530724,0.046577436386139315,0.038942081286210684,0.0228953424825189,1.0,0.39715371002002064,0.5867984227687725,2.8841008095815215,0.6040331970528657,0.23989402518482195,2.6447725223866225,True,2022-02-01 15:30:00+00:00,2022-02-01 15:30:00+00:00,1249.698036444915,1227.022710531801,-0.01874464394744486,-0.01814464394744486,1,stop,0.00903321206112917,-0.01840709532691409,False,False,MSFT,2022-02-01 15:00:00+00:00,804,0.8155008708542837,2
0.02065527090702522,-0.9709418174260521,-0.23931566428755743,0.05490361020167575,0.051849637090533106,0.833367210846488,0.0,0.8368351760983054,2.3141045843272403,0.85284093169402,0.6520661165874244,0.1001997301261992,0.0,0.0,0.7107296685415656,0.1010094218537316,4.663036742739075,0.6862081425405081,0.14715906830598002,0.6862081425405081,0.0,0.1578435657541509,0.0,0.3730902270155558,0.1578435657541377,0.013692799849044725,1.3068291322505172,0.0011353364696120583,0.03468894749958085,0.023547662866600483,0.05309563983749177,0.02792058850363288,0.06924561240803206,0.0,0.14715906830597997,0.82388633587858,1.0291980760216561,1.1323310963510622,0.16663278915351196,0.8076490665689734,True,2022-02-01 18:30:00+00:00,2022-02-02 14:30:00+00:00,244.5564235554115,259.15922715443355,0.05911138842612888,0.059711388426128886,6,gap_through_target,0.059711388426128886,-0.018026136494046607,False,True,TSLA,2022-02-01 18:00:00+00:00,804,0.7347262601853866,2
0.02232750840782659,1.0,0.0,0.548114958930233,2.4367585837438384,0.8510732887302943,0.0,0.19863060122643017,1.1351167133618238,0.5890413776769676,0.9020324692930465,0.9128611534394825,0.0,366.245997008785,0.17896135245514147,0.03983805638578055,1.0709464225845453,0.44011466640726193,0.4109586223230324,0.44011466640726193,1.0,0.0,0.0366245997008785,1.333747314588254,1.9601592192929436,0.014539429581956049,1.8015701509894269,0.04946803288701984,0.11292185601457394,0.05502877727127098,0.14204214859236508,0.07641466926475915,0.09810375409019012,0.0,0.41095862232303243,1.0,2.8105346483126383,0.362388579238997,0.14892671126970564,1.72262097712979,True,2022-02-02 15:00:00+00:00,2022-02-02 16:00:00+00:00,262.3701235768129,254.46172753764577,-0.03074213635056584,-0.03014213635056584,3,stop,0.002976924834684924,-0.03601656665786157,False,False,TSLA,2022-02-02 14:30:00+00:00,805,0.8081299894645074,2
0.026499194570417342,1.0,0.0,0.7338835898615922,1.7923382097977487,0.8217133728867225,0.0,0.29632420836686385,1.3657421684825293,0.5584510943222742,-0.021304200734198843,0.3077177370265925,0.0,-110.95580723213483,0.13169732567470857,0.04658867046031943,0.860979298828549,0.3801644672089967,0.44154890567772587,0.3801644672089967,1.0,0.6125968128841526,0.011095580723213483,1.662066376849393,1.632395041841274,0.009704817002681053,1.0851608056057012,0.008517383636107656,-0.011317821227436964,0.019675353858454203,0.022617506195551362,0.017204406350239232,-0.0003185041724821369,0.0,0.4415489056777258,1.0,1.2378767761438207,0.4037754930897023,0.17828662711327747,0.29121742083249824,True,2022-02-07 15:00:00+00:00,2022-02-07 18:30:00+00:00,259.8766400356993,274.6826615802158,0.05637326832639726,0.056973268326397264,8,target,0.06016289767814165,-0.004991332631374079,False,False,TSLA,2022-02-07 14:30:00+00:00,808,0.902067946877225,2
0.011013688923953793,-0.7485107481711013,-0.663122658240795,0.15148735648448552,0.4701475443354595,0.7987181185402199,0.0,0.10731871467793418,3.6886802269553067,0.7158775128636994,0.9591966955632889,1.2412388424065885,0.0,0.0,0.3452005583075335,0.08205786667409286,1.8111753018577754,0.5145956314039193,0.2841224871363006,0.5145956314039193,0.0,0.42402049663500085,0.0,0.5331762297709766,0.6104880681941376,0.0051205679668095225,1.8887763899690653,0.001671222946454165,0.05146794138543398,0.005244543210810804,0.05696667205645456,0.01360030011634783,0.0266203575391204,0.0,0.28412248713630056,1.0,1.0359764252675576,0.7084334770134654,0.2012818814597801,2.8254545811255567,True,2022-02-07 19:00:00+00:00,2022-02-07 20:30:00+00:00,1242.7836593778757,1243.0322161097513,-0.000400000000000022,0.00019999999999997797,4,stop,0.021837992433501263,-0.006404621176170355,False,False,MSFT,2022-02-07 18:30:00+00:00,808,0.6803505603342459,2
0.013549875470663017,1.0,0.0,0.4639635227111406,0.706440956814855,0.7851268188960255,0.0,0.2448345720616728,0.894602982703249,0.5928135589607968,0.5641778821485571,1.05869432267873,0.0,-63.88898865892334,0.14400138567532442,0.06486610061193067,0.9281752528203863,0.37794037785682244,0.4071864410392031,0.37794037785682244,1.0,0.7481399409389732,0.006388898865892334,1.1394375547649218,0.7481399409388364,0.006044797113439481,1.142521037941089,-0.00010289779242267372,0.0293751970432532,0.008874192502079215,0.026596468317511723,0.003986660466712033,0.02988896443078848,0.0,0.40718644103920315,1.0,0.7660504533024352,0.5277022008774548,0.2148731811039744,0.5508959236067865,True,2022-02-08 15:00:00+00:00,2022-02-08 17:00:00+00:00,265.13768741091286,260.28770083746633,-0.01889233188539503,-0.01829233188539503,5,stop,0.01199142140909859,-0.0356266835900072,False,False,AAPL,2022-02-08 14:30:00+00:00,809,0.8210057413702354,2
0.011843880262771387,-0.7485107481711012,0.6631226582407952,0.05171951409924678,0.06652890335143917,0.6933062505302543,0.0,0.4271315849848095,1.4696962707555954,0.8372745319253712,0.8396469877462123,2.2572042205819725,0.0,0.0,0.5804876663936528,0.24692035184507055,3.260588454486048,0.5305807824556256,0.16272546807462884,0.5305807824556256,0.0,0.18021412566423697,0.0,0.31783294103371257,0.18021412566423048,0.007742786496829255,1.82679382938725,0.0006129351916570602,0.0456219491472456,0.00991737079851207,0.08042188672556327,0.009743361038170972,0.035071243097164695,0.0,0.16272546807462882,0.7120392212590796,0.6793132953654977,1.8847310940209625,0.30669374946974565,1.8902876711203769,True,2022-02-09 17:30:00+00:00,2022-02-10 15:30:00+00:00,1327.0002998934044,1327.265699953383,-0.000400000000000022,0.00019999999999997797,10,stop,0.01646650027596608,-0.008279834923980545,False,False,MSFT,2022-02-09 17:00:00+00:00,810,0.7117797524768442,2
0.01205547387697925,-0.7485107481711012,0.6631226582407952,0.29575864071688535,0.5450404782350687,0.6035566097337385,0.0,0.3294511690825919,1.1369171321731948,0.6441003425398415,0.7122286673152045,0.7529284129760871,0.0,0.0,0.09017231922757026,0.17992926210689525,0.6958617326037851,0.24765695227357995,0.3558996574601585,0.24765695227357995,0.0,0.5607132538415358,0.0,0.831016929961486,0.628634959258326,0.006419655865570228,1.3425984142241156,0.0035782689227090714,0.041925574684770206,0.010210445405996138,0.03324658581462914,0.008132503834505478,0.042501186963253,0.0,0.35589965746015845,1.0,0.9924540246104028,1.1139189992342853,0.3964433902662616,0.9992868848618283,True,2022-02-10 17:30:00+00:00,2022-02-11 20:00:00+00:00,266.6957715222824,266.7491106765869,-0.000400000000000022,0.00019999999999997797,19,stop,0.01765607850561879,-0.0063665651517264,False,False,AAPL,2022-02-10 17:00:00+00:00,811,0.7428108804862761,2
0.01068311655680231,1.0,0.0,0.13424160915151717,0.172228248420837,0.4201478401590187,0.0,0.31302035298233233,0.22680751118941628,0.7513251574046063,0.2911463394344234,0.9832699084039386,0.0,17.39198015545229,0.07255589436474703,0.4838366592056911,0.689547023629478,0.17147299756362494,0.24867484259539374,0.17147299756362494,1.0,0.2959060371764774,0.0017391980155452291,0.5398278641717487,0.2959060371764212,0.004527478958971355,1.5138413669585287,0.0031778742219137346,0.015246726684944978,0.011628320696393857,0.02216329190248767,0.012956248061772424,0.010704034892918601,0.0,0.2486748425953937,0.1812763253971463,0.44484641788935103,2.331768480428613,0.5798521598409814,1.606889591396964,True,2022-02-14 15:00:00+00:00,2022-02-14 16:00:00+00:00,270.3362198425175,266.43737482527854,-0.01502220735168298,-0.01442220735168298,3,stop,0.01325203117423257,-0.014950755010002093,False,False,AAPL,2022-02-14 14:30:00+00:00,813,0.7751429061658537,2
0.010411901791944874,0.5680647467311559,0.8229838658936564,0.07373767130522231,6.9998526166888375,0.7173544051246812,0.0,0.2625082587888112,0.3843633277454443,0.8115607042480772,0.6825763108337884,0.4258628715314854,0.0,0.0,0.5446882744208662,0.1911479652854606,2.806819603425758,0.5289151093727585,0.18843929575192275,0.5289151093727585,0.0,0.6769648140645543,0.0,0.3913072961294483,1.4771816484754097,0.005599117834502193,1.3188672157008667,0.0007683392840147629,0.026702329721199458,0.000878200745713098,0.0028281282352220494,0.003597694751216185,0.028192292001838037,0.0,0.1884392957519227,-0.4095094790678431,-0.057710216757606174,1.4999291615223425,0.28264559487531876,0.9104814395168529,True,2022-02-15 16:00:00+00:00,2022-02-15 18:30:00+00:00,1330.9343582680501,1324.4100711655813,-0.0055020352220517925,-0.004902035222051793,6,momentum_decay,0.009038408369379747,-0.013504696659059956,False,False,MSFT,2022-02-15 15:30:00+00:00,814,0.8027691982230309,2
0.010575085321129123,-0.3546048870425359,-0.9350162426854147,0.03797324390995353,0.13394129809209018,0.28074628973008625,0.0,1.1860725037438191,1.748339569539876,0.8798786890588505,0.04681478639939158,0.013574175359532585,0.0,0.0,0.11010539262717917,0.7385481932919351,1.3371896920716073,0.16062497878893675,0.12012131094114953,0.16062497878893675,0.0,0.39218800017767846,0.0,0.3161241216269909,0.39218800017764355,0.005420495551506386,1.152104066011414,0.00040173161775181043,-0.0005377144760353447,0.0034112741575023087,0.020788220980997973,0.01090870517950826,-0.0060025252765680825,0.0,0.12012131094114949,1.0,1.2842665414940428,5.987727778137026,0.7192537102699138,0.34814037455514946,True,2022-02-16 19:30:00+00:00,2022-02-17 14:30:00+00:00,1318.9793064437945,1290.0472780180237,-0.022535164778116745,-0.021935164778116745,4,gap_through_stop,0.004166357558890832,-0.021935164778116745,True,False,MSFT,2022-02-16 19:00:00+00:00,815,0.7260622247826823,2
0.012052608903681096,0.120536680255323,0.992708874098054,0.8363595660694146,4.978667670669948,0.8143451310557537,0.0,0.3540446536119267,1.552959755296138,0.5614275655774139,0.08835785586995853,-0.03451857705929152,0.0,0.0,0.1305764543095412,0.049451588879011195,0.8568087438686334,0.37577269663316765,0.438572434422586,0.37577269663316765,0.0,0.3009077506334668,0.0,1.9070044089080647,3.3232776420489625,0.004112684769775208,1.1900927906239065,0.010182962216948699,0.012958846544883773,0.01225334293462299,0.028168277489539095,0.007798243462392884,0.0027652154193273937,0.0,0.43857243442258603,0.6050862464340363,0.8061723402046969,0.42331631988819446,0.18565486894424635,0.6559729640366174,True,2022-02-17 16:30:00+00:00,2022-02-17 18:30:00+00:00,260.4597387076233,267.20906034408887,0.025313109142914337,0.025913109142914337,5,target,0.029740425459829467,-0.00797169258306174,False,False,AAPL,2022-02-17 16:00:00+00:00,816,0.745440484470989,2
0.024360281560105963,-0.3546048870425359,-0.9350162426854147,0.017147039671022598,0.018772619647231207,0.6710127566965153,0.0,0.24344341191401628,2.3279244483677517,0.9334655510955756,0.6576159757724651,0.07802873560740407,0.0,0.0,0.6263672927218741,0.3692058743871105,9.085192975055737,0.6044783077920909,0.06653444890442439,0.6044783077920909,0.0,0.12664063488591523,0.0,0.2577167159775237,0.12664063488590394,0.011796687994664282,1.2256251973179566,0.00041788126611908005,0.06788983713365493,0.023194337252097297,0.030007299920679742,0.046149966963046296,0.03772276824586296,0.0,0.06653444890442436,1.0,1.6210902023508083,4.94461513873183,0.3289872433034847,0.6021993029480184,True,2022-02-18 19:30:00+00:00,2022-02-21 16:30:00+00:00,225.77180639403096,218.34698895170632,-0.03348638010614309,-0.03288638010614309,8,stop,0.005887880535498713,-0.037858244855359824,False,False,TSLA,2022-02-18 19:00:00+00:00,817,0.6163845081490529,2
0.010643737169448041,-0.970941817426052,0.23931566428755768,0.18185592044909127,0.8750568063494113,0.5298851906731146,0.0,0.47183683090291495,1.8682260498347736,0.6978161543320451,0.3842896328506167,-0.11663493769382992,0.0,0.0,0.09287437376504543,0.2794716321959313,0.753519250844634,0.22770134500515965,0.302183845667955,0.22770134500515965,0.0,0.3111634801401094,0.0,0.6018055665653214,0.9213824824109634,0.004573386760351517,1.229127012574729,0.001939380536561064,0.0261514273050496,0.004164902185744612,0.0017840377008897512,0.0069563254912172745,0.01227028363622873,0.0,0.3021838456679549,-0.03822951972240938,-0.0297320922186502,1.5557244904589198,0.47011480932688543,0.77631057634201,True,2022-02-21 18:00:00+00:00,2022-02-21 20:00:00+00:00,1282.579542247914,1311.9301372730993,0.022284034914313345,0.022884034914313345,5,target,0.026496113936071763,-0.004243790752353371,False,False,MSFT,2022-02-21 17:30:00+00:00,818,0.7477285647512416,2
0.0077708455993547,-0.35460488704253545,0.9350162426854148,0.28867188020683626,8.779050913357935,0.8727800689895255,0.0,0.11491492232862292,1.2793668568217278,0.6804173388417261,0.22060195250224252,0.5681723380364705,0.0,0.0,0.3426540466000489,0.04034054380203152,1.7309994410400573,0.5531974078312515,0.31958266115827394,0.5531974078312515,0.0,0.4339019752133467,0.0,0.9032776658176425,2.3046680059662323,0.0036978666688768417,1.1474693548832862,0.002248267980025309,0.014813484820741962,0.0025050041492173936,0.005178365563940135,0.005199329104001782,0.005273637269065379,0.0,0.319582661158274,1.0,0.5113562456869212,0.3980814558253709,0.1272199310104745,0.31913709616497876,True,2022-02-25 17:00:00+00:00,2022-02-25 17:30:00+00:00,1331.8582413505765,1332.1246129988465,-0.000400000000000022,0.00019999999999997797,2,stop,0.010819461868808,-0.008329007323099824,False,False,MSFT,2022-02-25 16:30:00+00:00,822,0.7517510227682389,2
0.012771394215086199,1.0,0.0,0.05251291498663726,0.06067277513522789,0.6696845349740799,0.0,0.10036141525241643,0.20347363299317808,0.8271663677714025,0.5991196304181462,0.13321253538646624,0.0,221.31343810712912,0.5308107495052037,0.26513615954005487,2.874735063646527,0.4968509027454824,0.1728336322285975,0.4968509027454824,1.0,0.0,0.02213134381071291,0.3038350482455945,0.158376764026478,0.008179134368796975,1.5775133630409657,0.0228173096779154,0.02997670056702062,0.03451351041577966,0.026478525946227238,0.037400185673071906,0.0417384054482286,0.0,0.1728336322285975,1.0,3.103483295739946,1.911175856031701,0.33031546502592013,1.5116221871370978,True,2022-03-01 15:00:00+00:00,2022-03-01 20:00:00+00:00,1360.0525236815256,1336.60333832176,-0.017841382190366416,-0.017241382190366417,11,stop,0.002096165644927428,-0.024399292360757552,False,False,MSFT,2022-03-01 14:30:00+00:00,824,0.9382014604300144,2
0.012209581161195972,1.0,0.0,0.40927889271678186,3.188056651770548,0.5188304582032661,0.0,0.4930105172454942,0.5315982212971512,0.6005510422457253,0.11040533094089358,0.6508158713880123,0.0,187.91617390817584,0.031040583365236768,0.21235051135946778,0.29886546987165435,0.1193815004489914,0.3994489577542747,0.1193815004489914,1.0,0.0,0.018791617390817583,1.0246087385426454,2.229426074119314,0.007834801744653714,1.4553957790342098,0.0239082135533617,0.005417156550843405,0.025554152447822442,0.0355562455977132,0.016297660436406014,0.018084458549700866,0.0,0.3994489577542747,-0.23687658499945233,1.2963050320962246,1.204583295202037,0.4811695417967339,1.3937125586300099,True,2022-03-02 15:00:00+00:00,2022-03-02 18:00:00+00:00,1367.420141119678,1380.9209800734616,0.009273219318481619,0.009873219318481619,7,momentum_decay,0.01920366008539509,-0.0030078929612279426,False,False,MSFT,2022-03-02 14:30:00+00:00,825,0.9047741083180391,2
0.01210673189229281,-0.35460488704253545,0.9350162426854148,0.5378976768976211,0.7825039149821823,0.9073188034519268,0.0,0.11886887364542897,2.5202371903637624,0.580605092094961,0.14364855057941328,0.7151910145054419,0.0,0.0,0.20429062243548304,0.021900930900806706,1.1633996654468468,0.48792389554688775,0.4193949079050391,0.48792389554688775,0.0,0.5170004126779936,0.0,1.2825565278904483,0.8124161665028866,0.006414901989191983,1.680718370729489,0.006554869468945235,-0.0033778618575656116,0.015057793495787175,0.029868799497185572,0.022699325148206606,0.0055290298610564115,0.0,0.419394907905039,1.0,1.9976365341049824,0.22098789184404724,0.0926811965480732,2.104495575669404,True,2022-03-03 17:00:00+00:00,2022-03-03 19:30:00+00:00,1382.7678002398338,1376.6745523576615,-0.005006558990681986,-0.004406558990681986,6,momentum_decay,0.0016466016185303634,-0.009697292610054475,False,False,MSFT,2022-03-03 16:30:00+00:00,826,0.8310313395844255,2
0.01163522867437227,0.8854560256532099,0.4647231720437685,0.5461039386673932,1.7396592685388692,0.8825045410548009,0.0,0.15362179295868872,1.1912873181692913,0.5823201144204775,0.849352214548745,0.8573300471287099,0.0,0.0,0.1906351939574409,0.02922228385738608,1.112872971678519,0.4648246554752784,0.4176798855795225,0.4648246554752784,0.0,0.5993082162900547,0.0,1.3074700446962744,1.5501376684326207,0.005762417868373877,1.169649815691273,0.006394676262024834,0.03538368019919602,0.017785804754903323,0.05336646202257067,0.030593492713253623,0.03917226951563313,0.0,0.4176798855795225,1.0,2.816626054147949,0.2813050448483136,0.11749545894519907,0.48225998449909485,True,2022-03-07 15:30:00+00:00,2022-03-07 16:00:00+00:00,1423.5505324101086,1401.190028845052,-0.016307558710402636,-0.015707558710402636,2,stop,0.011192207754581407,-0.016064351098763474,False,False,MSFT,2022-03-07 15:00:00+00:00,828,0.8125452996202818,2
0.01958001691384185,-0.970941817426052,0.23931566428755768,0.25220504819108,1.4324025623994001,0.9205797983303039,0.0,0.10045292087103284,2.65188134277724,0.6768684665274547,0.49733152749323073,0.8794813791998054,0.0,0.0,0.384030245615854,0.02232319608520117,1.848932100302244,0.5974482648577586,0.3231315334725453,0.5974482648577586,0.0,0.8040907239922234,0.0,0.7805027428946621,1.243640761125542,0.011326577827840616,1.378329782167196,0.004962685740387052,0.03401837290314713,0.008456572993846834,0.030604167510194236,0.016612594882238874,0.05456391021417928,0.0,0.3231315334725453,1.0,0.46792515252347644,0.2457828885226397,0.07942020166969609,1.077172501837855,True,2022-03-07 18:00:00+00:00,2022-03-07 19:30:00+00:00,251.83621112847345,245.17941880936542,-0.027033022833686537,-0.026433022833686537,4,stop,0.023036759129350992,-0.027525603056890002,False,False,TSLA,2022-03-07 17:30:00+00:00,828,0.7048065651104551,2
0.011867578882254,0.120536680255323,0.992708874098054,0.1709184134510883,2.8418272882850464,0.4857084254472152,0.0,0.8255979533797657,0.34442157585401684,0.7082642930524377,0.1317082276027122,0.1123815476931962,0.0,0.0,0.07624314360788519,0.3354622504119822,0.6648919343087732,0.1939727184996529,0.29173570694756235,0.1939727184996529,0.0,0.5192303143913611,0.0,0.5858673085972633,1.608220183429104,0.006045780980806385,1.0541378774396237,0.0020325104734146837,-0.009637686450294947,0.0027496896119010295,0.022091720423728534,0.013494990984384003,0.0021795492549858686,0.0,0.29173570694756235,-0.25526457842072553,-0.15015716782472724,1.7628681107736168,0.5142915745527847,0.18471961518808364,True,2022-03-08 16:30:00+00:00,2022-03-08 19:30:00+00:00,272.6158889230547,274.9690131426206,0.008031647366049489,0.008631647366049489,7,momentum_decay,0.020554355700220128,-0.0030154170220624277,False,False,AAPL,2022-03-08 16:00:00+00:00,829,0.7758383662113191,2
0.010991807360471534,1.0,0.0,0.19119064410639755,0.45843006961138105,0.4703606528618508,0.0,0.3420526381600721,0.30376916493729544,0.7039575883170166,-0.16541295460012057,0.3725602795800577,0.0,-158.61732728304267,0.0649897889178159,0.3466284764365089,0.5888286079942822,0.17431824117886735,0.2960424116829834,0.17431824117886735,1.0,0.0,0.015861732728304268,0.6458218030973675,0.5871930108488239,0.0051653393612329235,1.2461388558649276,-0.013789180385472055,-0.007591720040444394,-0.009310293838470818,0.00555856476687322,-0.016007553197156743,-0.017616292333014427,0.0,0.29604241168298345,0.1400843738554185,-1.3575514755104832,1.789065776509019,0.5296393471381492,0.8639376141028854,True,2022-03-09 15:00:00+00:00,2022-03-09 16:00:00+00:00,271.054835979815,271.10904694701094,-0.000400000000000022,0.00019999999999997797,3,stop,0.014842169891821078,-0.012721078681703801,False,False,AAPL,2022-03-09 14:30:00+00:00,830,0.8276834558280056,2
0.008418281951059184,-0.7485107481711013,-0.663122658240795,0.27042352786564067,2.048268072000626,0.7626335409584084,0.0,1.4038309798366229,0.733821885327679,0.67871550733036,-0.03297140971490314,1.4685380284636322,0.0,0.0,0.23701446373330137,0.09337629703454998,1.373701682958139,0.44134904828876836,0.32128449266964,0.44134904828876836,0.0,0.571780885331804,0.0,0.8416949278149662,1.4902588915755202,0.004186285948109789,1.217917296988249,0.0022816957876647948,0.0076098552631524985,0.003399446106004733,0.011501911049426994,-0.0010921047186291943,-0.005160816540992874,0.0,0.32128449266964,0.5460209476110619,0.27747257295188116,0.7388045936147691,0.23736645904159165,0.7314627919165629,True,2022-03-09 19:00:00+00:00,2022-03-09 20:30:00+00:00,1468.7185293646814,1495.3013157415958,0.017499306194777176,0.018099306194777176,4,target,0.02377440826748667,-0.0035484793396008962,False,False,MSFT,2022-03-09 18:30:00+00:00,830,0.6565736227669521,2
0.017948321920325038,1.0,0.0,1.034403785480781,2.5529536811847215,0.5632567585701626,0.0,1.0241517292791575,1.320822690762754,0.5588848319026468,0.7468257411731928,0.2849743055903377,0.0,286.59871071763376,0.029054878199914307,0.1619197198010813,0.2768927466258205,0.12214159047280941,0.4411151680973532,0.12214159047280941,1.0,0.0,0.028659871071763376,2.3449744200419116,2.4375947019487185,0.014072968498489711,4.314385787631327,0.04811905249808501,0.06434880229028184,0.056169410926287355,0.056268564157911705,0.07196020719933904,0.07590677997951967,1.0,0.4411151680973532,1.0,4.071120807776537,0.9900889223862908,0.43674324142983745,4.660222006637057,True,2022-03-10 15:00:00+00:00,2022-03-10 15:00:00+00:00,288.49689003010485,299.62966539894165,0.037988892128698756,0.03858889212869876,1,target,0.0428435239806062,-0.005766748761693363,False,False,AAPL,2022-03-10 14:30:00+00:00,831,0.945771429521878,2
0.02042310550128232,0.8854560256532099,0.4647231720437685,1.0450551123679572,1.1746720537422266,0.5672769947358864,0.0,1.007967775997673,2.1810515707458724,0.5513553114901043,1.0963477335671956,0.5782237914055828,0.0,0.0,0.027568042034968033,0.1562337617306269,0.2644237394629386,0.11863230622599077,0.4486446885098957,0.11863230622599077,0.0,0.3628629081824078,0.0,2.329360269122871,1.1549577510141198,0.014776598871276336,2.359396047238665,0.02180874067284999,0.08218842055091602,0.07097720910828897,0.0843066496573035,0.08233087616447743,0.10223486316650154,1.0,0.4486446885098957,1.0,4.679242182941408,0.964511597587988,0.4327230052641135,1.8810724369854752,True,2022-03-10 15:30:00+00:00,2022-03-10 17:00:00+00:00,294.78864388969515,286.66096946379724,-0.028171192426731117,-0.027571192426731117,4,stop,0.008416320529056831,-0.04810559198364828,False,False,AAPL,2022-03-10 15:00:00+00:00,831,0.7958140602961982,2
0.010888994644376938,1.0,0.0,0.3079592577822926,0.4381448571498263,0.6629374968155959,0.0,0.2858202185980493,0.5621537206498873,0.636829336930543,0.4842929973620391,0.7832642375673585,0.0,144.873004920254,0.11615748843241261,0.13795713513111832,0.825415883575238,0.2997668337461389,0.363170663069457,0.2997668337461389,1.0,0.0,0.014487300492025401,0.8479739392479366,0.5200820473627243,0.006001227103953471,1.6717409051575862,0.01790069479468981,0.03262632556154643,0.025892976764655184,0.012866351062135406,0.02852841553803165,0.02987860118343111,0.0,0.363170663069457,1.0,2.697046529199458,0.928110493109613,0.33706250318440406,1.9068264824497054,True,2022-03-14 14:00:00+00:00,2022-03-14 16:00:00+00:00,1541.6961905955072,1519.0330364859287,-0.01530014276990883,-0.01470014276990883,5,stop,0.006129884877877245,-0.014979218904481617,False,False,MSFT,2022-03-14 13:30:00+00:00,833,0.8835744047308038,2
0.014758555241269669,-0.7485107481711012,0.6631226582407952,0.32567000195574963,0.31274958238209305,0.8263781045783862,0.0,0.38602049501797137,1.881319775124424,0.6152190095014479,0.47762838439442046,0.6403959574876824,0.0,0.0,0.19449118009978186,0.051671019484853274,1.147658343275595,0.4415971140798342,0.3847809904985521,0.4415971140798342,0.0,0.37329093782485634,0.0,0.8463775758095179,0.3732909378248171,0.005665143462213388,1.1292874054378832,0.004829631947664614,0.051828725037453394,0.020590082953085842,0.05258716670576602,0.01988775475891269,0.0232641921309078,0.0,0.3847809904985521,0.7060177556902852,1.1900511466119326,0.45122264277278495,0.17362189542161374,0.28668464421384776,True,2022-03-15 16:30:00+00:00,2022-03-16 13:30:00+00:00,283.95927348454495,284.01606533924183,-0.000400000000000022,0.00019999999999997797,8,stop,0.01672121486573519,-0.016152116076166734,False,False,AAPL,2022-03-15 16:00:00+00:00,834,0.6818542879850289,2
0.011945475210051544,-0.9709418174260521,-0.23931566428755743,0.012790136793587878,0.025680112704262653,0.36378622371126995,0.0,1.2445976066375464,0.9871300682371339,0.9523905035195133,-0.13382923405501382,0.8916747134568539,0.0,0.0,0.34646654477383865,0.6512667910710359,6.64104329171156,0.3161767272307832,0.047609496480486735,0.3161767272307832,0.0,0.2173080481923144,0.0,0.2686467561955851,0.21730804819226263,0.004122543024963523,1.3836661449645689,0.000152807608598593,-0.006630519650710931,0.006139767775020344,0.04296597336263841,0.0026972585317701636,-0.013267766896067013,0.0,0.04760949648048671,-0.010676227245817821,-0.010541946132634246,13.363169604930329,0.6362137762887301,1.1016797692311164,True,2022-03-16 17:30:00+00:00,2022-03-16 19:30:00+00:00,284.18903358383227,279.60608995871263,-0.01672639153356965,-0.01612639153356965,5,stop,0.004337532214264694,-0.017104563851210397,False,False,AAPL,2022-03-16 17:00:00+00:00,835,0.71007173235505,2
0.02762840961771949,1.0,0.0,0.4675973919447526,1.2206394312735152,0.7829486714570639,0.0,0.2445506321503598,0.8821443012187485,0.58498314131358,0.518681375669274,1.3605288622374212,0.0,296.17168897996925,0.1353496036762405,0.06445887736873963,0.8865466668874327,0.36793181277064396,0.4150168586864199,0.36793181277064396,1.0,0.0,0.029617168897996926,1.1266949333691083,1.184895589228695,0.015578151888785403,1.7648285561942902,0.04309285659872453,0.06221452391185611,0.05473700483728683,0.20592012996019093,0.043252373955589896,0.04935566113539225,0.0,0.41501685868641996,1.0,2.1854283205060256,0.5229940037372656,0.21705132854293607,1.281561728590551,True,2022-03-17 14:00:00+00:00,2022-03-17 17:00:00+00:00,269.43998763854734,267.465754523306,-0.007927171933698917,-0.007327171933698917,7,momentum_decay,0.023648374813345363,-0.026820519002700438,False,False,TSLA,2022-03-17 13:30:00+00:00,836,0.8455979334204415,2
0.025426762147787444,1.0,0.0,0.6685543410277912,1.3089134713113773,0.7874336024963239,0.0,0.32775569111750424,1.2141422521443697,0.5664081763975446,-0.3979989705868365,0.10852433233510851,0.0,-228.5903489590868,0.12132498009297561,0.05980819034800802,0.8160711517895494,0.3538417788938685,0.4335918236024553,0.3538417788938685,1.0,0.7271786733009481,0.02285903489590868,1.541897943261874,1.2526821990525765,0.009375543698832577,1.376242716302202,-0.005961198117107935,-0.039775720749421706,0.007039500153918521,-0.05351714170310706,-0.021805960844584082,-0.022784981428963347,0.0,0.43359182360245535,0.20650524005141738,-0.5194048052739048,0.49024540116448684,0.21256639750367617,1.0080244234181306,True,2022-03-21 14:00:00+00:00,2022-03-22 13:30:00+00:00,255.0203296396118,251.5675422751816,-0.014139263200347817,-0.013539263200347817,13,momentum_decay,0.026623498205439633,-0.023008994707357955,False,False,TSLA,2022-03-21 13:30:00+00:00,838,0.9580753205270223,2
0.011485453401652954,1.0,0.0,0.1434449702024528,0.4657465318457715,0.8448454697739083,0.0,0.08365881226526055,0.45553789790074406,0.733965420229864,0.48753755729463166,0.21559934704513029,0.0,-81.56159906743787,0.44970759963712703,0.060097699544110456,2.175697950629594,0.5788108900037724,0.2660345797701359,0.5788108900037724,1.0,0.1529284889030293,0.008156159906743787,0.5391967101660046,0.6204486720751248,0.004947330747580431,1.2592091298843853,-0.006519370247241807,0.010914056308283238,-0.003015632501869203,0.010405087210280994,1.5757120992887508e-05,0.013111741936204124,0.0,0.26603457977013595,1.0,0.25274396437531954,0.583211890573802,0.15515453022609166,0.7267473588069309,True,2022-03-22 14:00:00+00:00,2022-03-22 16:00:00+00:00,273.94418938970915,270.8659236682702,-0.011836835241136722,-0.011236835241136722,5,momentum_decay,0.005368927252370259,-0.012654392509815482,False,False,AAPL,2022-03-22 13:30:00+00:00,839,0.8487020923631902,2
0.01217002747760648,1.0,0.0,0.332942592194042,0.6964063356993337,0.8506896241316385,0.0,0.1303711574188648,0.7427842188277647,0.6186903256265357,-0.23804028781338063,-0.1351650507338423,0.0,64.99157295625446,0.21595830798462728,0.04284971043122818,1.230967849240488,0.46937994975817426,0.3813096743734643,0.46937994975817426,1.0,0.12006422360992189,0.006499157295625446,0.8731553762466294,0.7526208202594653,0.006040596549427381,1.895885198575895,0.010594003852431255,0.003930065141071415,0.016571410614997895,-0.005294954326969137,0.0014218122856755055,-0.009928274071091536,0.0,0.3813096743734643,0.2780353743899963,0.8953492653077815,0.39157248269053263,0.14931037586836143,2.532346065102319,True,2022-03-29 14:00:00+00:00,2022-03-29 14:30:00+00:00,1447.0660631961443,1423.2914376322824,-0.017029537094768687,-0.016429537094768687,2,stop,0.0022152452373371823,-0.028247161869133675,False,False,MSFT,2022-03-29 13:30:00+00:00,844,0.8437755042546665,2
0.011341468334768462,-0.7485107481711013,-0.663122658240795,0.2821704741801887,0.376044954829056,0.6254232752581034,0.0,0.568779708104054,1.2825657942353343,0.641559489414077,-0.0006143765070345073,-0.05294089159838259,0.0,0.0,0.09962213769812306,0.16381496193508838,0.7448453977361564,0.2669827646721804,0.35844051058592297,0.2669827646721804,0.0,0.45796749900836564,0.0,0.7872170300141024,0.45796749900834943,0.004604800695854206,1.1972625759329585,0.0032105018341730407,0.00398025375951061,0.0118492130110186,0.004001696333009619,0.007876227202039843,0.0029893073824076577,0.0,0.35844051058592297,0.7106649264171568,0.8746404892414655,1.0450178305167452,0.3745767247418966,0.475601345429164,True,2022-03-30 18:00:00+00:00,2022-03-30 19:30:00+00:00,1446.8996794228874,1424.7462241109097,-0.015910982251937388,-0.015310982251937388,4,stop,0.003240529934448011,-0.020195125327824526,False,False,MSFT,2022-03-30 17:30:00+00:00,845,0.8142712749840965,2
0.021430397705678415,1.0,0.0,0.02939972040681162,0.06330513539117712,0.4015263296245301,0.0,0.18714776881895206,0.12556067280979907,0.9059836048758956,0.6062266364256105,1.191440899349601,0.0,552.3727157260016,0.36377627156581893,0.6273846458820493,3.2708117992896986,0.3075099345004257,0.09401639512410442,0.3075099345004257,1.0,0.0,0.055237271572600166,0.31270844162875117,0.2685403010494979,0.01576307075332863,1.667650320796115,0.0559025405404876,0.09099018070743248,0.06711679167870166,0.1393238233663152,0.07360906109276599,0.05197428830649753,0.0,0.09401639512410445,1.0,3.689006623444913,6.365630904928019,0.5984736703754698,2.290047355232759,True,2022-04-01 14:00:00+00:00,2022-04-01 16:30:00+00:00,267.8292104329953,280.16953640106567,0.04547535506720861,0.04607535506720861,6,target,0.05490860762301697,-0.003445313767125091,False,False,TSLA,2022-04-01 13:30:00+00:00,847,0.8532267344387907,2
0.02595644565163482,1.0,0.0,0.293527875127751,3.709769623585757,0.6478466937480659,0.0,0.27964879266262654,0.5144621462321596,0.6303691830057496,0.7402895571372513,2.089136464057532,0.0,394.2123551788379,0.10246126260440255,0.14449227921466776,0.7526858258628919,0.27821587675381554,0.3696308169942504,0.27821587675381554,1.0,0.0,0.03942123551788379,0.7941109388947861,2.2181200906695775,0.015826939038173348,1.5910661605720848,0.047401323713189614,0.1108806935838591,0.04965924649869358,0.21195992863745228,0.060591279419892174,0.08040506997737329,0.0,0.3696308169942504,0.029608214439462738,1.6155936355218292,0.9527163051917734,0.35215330625193414,1.8356680233341744,True,2022-04-04 14:00:00+00:00,2022-04-04 16:00:00+00:00,297.52629904782316,291.253707545515,-0.021682477489829943,-0.021082477489829943,5,momentum_decay,0.025046254072874197,-0.027915245484716023,False,False,TSLA,2022-04-04 13:30:00+00:00,848,0.7191203010360258,2
0.010915840821516531,-0.9709418174260521,-0.23931566428755743,0.28641144086950904,0.9740890426950513,0.5908636185691174,0.0,1.4273741562018964,0.8516009581108985,0.6439563516048326,-0.05812833417632545,0.4252121239517948,0.0,0.0,0.08364774011235196,0.1887398739221651,0.6595257947510818,0.23481997017394984,0.35604364839516756,0.23481997017394984,0.0,0.3939612095745474,0.0,0.8044278901210035,0.9823366122846642,0.004872199332959702,1.2027274394010308,0.0031362268657155745,-0.00561839261711683,0.006376407782211491,0.02924995987547918,-0.0004478507911079843,-0.0005032494953443045,0.0,0.3560436483951675,0.26196536932089487,0.2366941776599918,1.1491186074374151,0.40913638143088266,0.6130536650473576,True,2022-04-04 17:30:00+00:00,2022-04-05 16:30:00+00:00,1436.7752318482696,1452.4014515379215,0.01027589717812043,0.01087589717812043,12,ambiguous_stop_first,0.02467906807196507,-0.005377534219156099,False,False,MSFT,2022-04-04 17:00:00+00:00,848,0.7600882902159662,2
0.021418700516201993,1.0,0.0,0.2609732104124138,0.9280516024105352,0.325936678392558,0.0,0.658053416814607,0.3181952466571629,0.7326775234863507,0.6204504518020344,1.6837869484982502,0.0,207.67042436758533,0.017453889791136042,0.5797282668595573,0.2192640238984265,0.05861420187890875,0.26732247651364927,0.05861420187890875,1.0,0.0,0.02076704243675853,0.9762486634717701,1.2087344662826731,0.009657706534665822,4.231344026148048,0.026504904122410577,0.05165768415786842,0.03289095574391809,0.055558652306633816,0.0472883668029731,0.040000333818334566,1.0,0.2673224765136493,1.0,2.4941436747009345,2.5215362748318726,0.674063321607442,4.639489557013892,True,2022-04-06 14:00:00+00:00,2022-04-06 14:30:00+00:00,314.0564592487007,328.51882392722814,0.04545020610983423,0.046050206109834235,2,target,0.05209491326129467,-0.006929249491968492,False,False,TSLA,2022-04-06 13:30:00+00:00,850,0.8971286108962593,2
0.013003223386704892,1.0,0.0,0.9044072878852689,9.942973368203374,0.8034361390061177,0.0,0.39788032892443775,1.6262981081119667,0.5531978449442383,0.5134182380761514,0.6197219108049006,0.0,-30.33855268328334,0.11825460272813214,0.05219221839876295,0.7981921750259557,0.356633983950356,0.4468021550557617,0.356633983950356,1.0,0.19908072194124643,0.0030338552683283337,2.0241784370364044,5.023088073261113,0.005482403672294167,1.5147961093119877,0.008830199731768129,0.0316064400291336,0.01003538402668136,0.02926249923153934,0.017719134891851507,0.024431819956820977,0.0,0.44680215505576165,1.0,1.7378471043681918,0.43993489908142536,0.19656386099388232,1.1686932753245096,True,2022-04-07 14:00:00+00:00,2022-04-07 17:30:00+00:00,267.6690986994195,267.30095867533646,-0.0019753549657835594,-0.0013753549657835595,8,momentum_decay,0.009786776666281805,-0.010486554900951406,False,False,AAPL,2022-04-07 13:30:00+00:00,851,0.7775537002352051,2
0.00933007700765438,-0.9709418174260521,-0.23931566428755743,0.16498685866636342,0.1686415130262099,0.6609326554731464,0.0,0.20404138801489155,2.143626426953586,0.7258318197396875,0.5003643873326412,0.3213712596764492,0.0,0.0,0.22558046416785163,0.18348939543128173,1.4106833070323597,0.38676447521283386,0.27416818026031253,0.38676447521283386,0.0,0.2026336920060714,0.0,0.6017724540817047,0.27087199092473446,0.006662087623532601,1.6308583894631667,0.0015417133177355602,0.025064191116015877,0.010782240238674135,0.012306870147463789,0.009049020127705587,0.03084544545101009,0.0,0.27416818026031253,0.7307692699204993,0.9875216494781147,1.236712970136691,0.3390673445268536,1.8329001724388263,True,2022-04-08 17:30:00+00:00,2022-04-11 13:30:00+00:00,1460.289171495809,1452.5234614872197,-0.005917926175289367,-0.005317926175289367,6,momentum_decay,0.007937269769034527,-0.007051559311309075,False,False,MSFT,2022-04-08 17:00:00+00:00,852,0.7862972858559528,2
0.008620496000877416,1.0,0.0,0.036976469531107004,0.1884865841666394,0.5484875999292366,0.0,0.16643456370813148,0.2021811458095849,0.8996882971171096,0.35383673269197985,0.6942741122204127,0.0,-112.6233602381399,0.49346787477018533,0.49646968749454945,4.467832607413755,0.44817589704634614,0.10031170288289037,0.44817589704634614,1.0,0.0,0.01126233602381399,0.3686157095177164,0.5344474271146762,0.004384704500007432,1.4078557725105822,-0.010947069954936106,0.003724616993059149,-0.009289990479065091,0.00852848798625705,-0.0037825115322549507,0.005406974905791229,0.0,0.10031170288289042,1.0,-0.5525361430318104,4.501093961059653,0.45151240007076343,0.9455939693894309,True,2022-04-11 14:00:00+00:00,2022-04-11 16:00:00+00:00,1452.5234614872197,1435.6194733544626,-0.012237669601184508,-0.011637669601184508,5,stop,0.0046739902531514055,-0.016675233363435904,False,False,MSFT,2022-04-11 13:30:00+00:00,853,0.8640122920333579,2
0.009391440969836176,0.5680647467311559,0.8229838658936564,0.3734155653289708,0.974184317258269,0.854316779038926,0.0,0.14798388766071438,1.1756883114897787,0.6323898285545136,0.7743965906316599,0.05835364033652888,0.0,0.0,0.2384307584993139,0.04287965776174021,1.3239748119034813,0.48670660759343964,0.36761017144548636,0.48670660759343964,0.0,0.5489965955474961,0.0,1.0157922558580383,0.9818483122177271,0.004247356590773094,1.5295136879050641,0.003519251939665846,0.03520449897835709,0.00715762031209799,0.0033352680768949927,0.011680882293654715,0.029518421350779755,0.0,0.36761017144548636,1.0,1.2135538500551764,0.39629812305846135,0.14568322096107397,1.2599069432821253,True,2022-04-15 15:00:00+00:00,2022-04-15 17:00:00+00:00,1455.2965385468085,1455.587597854518,-0.000400000000000022,0.00019999999999997797,5,ambiguous_stop_first,0.020899940680190188,-0.0038425586729080585,False,False,MSFT,2022-04-15 14:30:00+00:00,857,0.8111712200907546,2
0.011561895116735834,-0.3546048870425359,-0.9350162426854147,0.014489969927588964,0.0368584347021384,0.692971254395291,0.0,0.4276128415325501,2.1120995727090754,0.9482697914234023,0.27320726864268086,0.0807043218868091,0.0,0.0,0.657123706867836,0.3402002786527857,12.395872033922938,0.6412410458186932,0.051730208576597714,0.6412410458186932,0.0,0.27054517252526783,0.0,0.28010654366748644,0.270545172525179,0.004937041475705303,1.293901273422067,0.00016755958405800797,0.01985663443070007,0.004735116496579872,0.01115571080460609,0.01075706195310655,0.0036156973722833996,0.0,0.05173020857659776,1.0,1.2702469063823474,5.93519249285228,0.307028745604709,0.7990798646318238,True,2022-04-15 18:30:00+00:00,2022-04-18 14:30:00+00:00,254.4179335444329,252.90917823154513,-0.006530223910981858,-0.005930223910981858,6,momentum_decay,0.0037073314467201968,-0.008583141342740741,False,False,AAPL,2022-04-15 18:00:00+00:00,857,0.7099462708169153,2
0.020558120596103038,0.5680647467311559,0.8229838658936564,0.6690680785145958,4.34980779707856,0.819038487424604,0.0,0.2885846147264061,1.3061446214484398,0.5804503590092587,-0.2648213013994996,0.8842717580749642,0.0,0.0,0.1508931220125659,0.05011500424171707,0.9521849321343231,0.39948884643386257,0.4195496409907413,0.39948884643386257,0.0,0.35602438123657515,0.0,1.594729236174846,2.808796399073502,0.012434452176960003,3.5342464021675855,0.01394661489605764,0.004523651702957876,0.01720804840809209,0.01845939506065597,-0.01193468148400334,-0.008738271825926791,1.0,0.4195496409907414,0.30080744036407747,-0.6797978729285497,0.4313232449633724,0.18096151257539606,4.2239799263462645,True,2022-04-25 15:00:00+00:00,2022-04-25 17:30:00+00:00,254.95594528274333,258.94244864730695,0.015036047867574332,0.015636047867574332,6,stop,0.04164001512928972,-0.012114074582242895,False,False,TSLA,2022-04-25 14:30:00+00:00,863,0.6903730331408453,2
0.011604629660746175,1.0,0.0,0.19211830466632202,0.7317221459242975,0.6350424143794688,0.0,0.21988637992622836,0.3826120708248618,0.6811306246068809,0.600613718282366,1.0284934235311514,0.0,186.58334922526444,0.1429630838507032,0.1776989885652139,0.99154407222849,0.3161730389863498,0.318869375393119,0.3161730389863498,1.0,0.0,0.018658334922526443,0.6024984507510902,0.8158284447485573,0.00676061064181625,1.184143418469002,0.020934469298345748,0.03926506991135259,0.02412015268579104,0.06507312724124747,0.024319090600745552,0.028884486999237513,0.0,0.31886937539311905,1.0,2.7306402763257402,1.1445363330061877,0.36495758562053116,0.652404926940033,True,2022-04-26 14:00:00+00:00,2022-04-26 16:00:00+00:00,1396.9293530678242,1388.0673741643654,-0.0069438991270365895,-0.00634389912703659,5,momentum_decay,0.0026227085852517096,-0.011926994654868461,False,False,MSFT,2022-04-26 13:30:00+00:00,864,0.8556293512076296,2
0.014410989396335564,0.8854560256532099,0.4647231720437685,0.339079611542362,0.37294333310067124,0.7941986662855621,0.0,0.26627073984792965,1.8577881086853012,0.6585855660842076,0.5395060324230301,0.6052060321983054,0.0,0.0,0.23122219725482904,0.07241288715583481,1.326201201210436,0.45278423236976967,0.3414144339157924,0.45278423236976967,0.0,0.46757712274709506,0.0,0.9931613249426758,0.46757712274708435,0.010040214171577336,2.128222626332205,0.0049104675520212915,0.030721758412526112,0.03594687619532788,0.03406975638489351,0.027599627471533772,0.03355104398552511,1.0,0.3414144339157924,0.9686372285510152,2.6259992579932074,0.602790372258157,0.2058013337144379,2.578403617497774,True,2022-04-29 14:30:00+00:00,2022-04-29 18:00:00+00:00,1430.1968557041087,1430.4828950752494,-0.000400000000000022,0.00019999999999997797,8,stop,0.023777391924874713,-0.009270831060343099,False,False,MSFT,2022-04-29 14:00:00+00:00,867,0.7717942143650669,2
0.011637842943056387,1.0,0.0,0.8952045236787557,2.699742394378401,0.7903422628159601,0.0,0.4261630302156179,1.6064976096420336,0.5595897779860353,-0.13625477062002803,0.3991635167536761,0.0,-88.02275831653161,0.11713590656053276,0.05772458010847483,0.7945593070061727,0.3499320408019954,0.4404102220139646,0.3499320408019954,1.0,0.4480320402433274,0.008802275831653161,2.032660639857651,2.2319832292719295,0.0037141881492718707,1.8612874479080603,0.0016329866797359927,-0.006958376935766175,0.005519602318464267,0.03319685182868848,0.003044850947797828,-0.011997454834875465,0.0,0.4404102220139647,1.0,0.5943308343488348,0.47605102403210153,0.20965773718403993,2.468081927937292,True,2022-05-02 14:00:00+00:00,2022-05-02 17:00:00+00:00,231.71082167825662,234.39955415324988,0.011003827803635003,0.011603827803635003,7,stop,0.024987347188149878,-0.003053333230913169,False,False,AAPL,2022-05-02 13:30:00+00:00,868,0.8263946630360729,2
0.011160357982455151,0.120536680255323,0.992708874098054,0.09370625084843312,0.259983563607464,0.434787552343245,0.0,0.822191974806817,1.5973373966058264,0.7740963364278245,0.8678253687991916,2.2161264844961783,0.0,0.0,0.10373672412547588,0.510743008185023,0.9246591465932762,0.20888388877106948,0.2259036635721755,0.20888388877106948,0.0,0.43817725032678845,0.0,0.4148062469048638,0.4381772503267621,0.005849677476315261,1.3364012472035638,0.0010468901374525164,0.029471070478223282,0.005094158152323391,0.05333659894680398,0.02182258351686195,0.03050523233864011,0.0,0.22590366357217553,1.0,0.48909317525498514,2.502006557657386,0.565212447656755,0.7886572594222948,True,2022-05-04 15:30:00+00:00,2022-05-04 17:30:00+00:00,1571.745577572087,1557.2717148409702,-0.00980878222127719,-0.00920878222127719,5,momentum_decay,0.003698872064120229,-0.013479659850666015,False,False,MSFT,2022-05-04 15:00:00+00:00,870,0.7518412014201783,2
0.0113808053105573,1.0,0.0,0.12730538680795042,2.030829674429623,0.8559650305873915,0.0,0.0733592120837449,0.43595607699440303,0.7500460136620462,-0.3747069813203321,1.03350337130426,0.0,31.94960909814526,0.5188515836086508,0.05676211611079623,2.424490415721321,0.6060110442494376,0.24995398633795385,0.6060110442494376,1.0,0.24140302349477796,0.003194960909814526,0.5093152890781479,1.3432954645587092,0.005835135925708515,1.5537256198255391,0.004650536605388611,-0.00474909128873835,0.005371125729164206,0.02992875574079834,-0.005410229917117149,-0.02189956794385839,0.0,0.24995398633795388,-0.640587703298568,-0.3743052750019391,0.5762459383922475,0.14403496941260852,1.897081087674635,True,2022-05-05 14:00:00+00:00,2022-05-05 18:00:00+00:00,241.7139512985872,243.66151506624914,0.0074573080585495395,0.00805730805854954,9,stop,0.022350954509900323,-0.006588948094726876,False,False,AAPL,2022-05-05 13:30:00+00:00,871,0.7043909197490095,2
0.00947385623609702,-0.3546048870425359,-0.9350162426854147,0.37525944077754225,2.2602059461434982,0.8558347629575255,0.0,0.61958972519266,1.6057939069421692,0.6310529841336301,0.06926277739300604,1.0512340318224274,0.0,0.0,0.23757423329903274,0.04217484585755545,1.3196684785422275,0.4868877470911555,0.36894701586637,0.4868877470911555,0.0,0.5886909239218866,0.0,1.017109299275261,1.6986842490076792,0.004119102360487242,1.234945029737248,0.0035678382074146864,0.003977024338431834,0.005154520477954838,0.018544531217781657,0.0006611346926952422,0.007074633781319006,0.0,0.36894701586636997,1.0,0.5659165808195323,0.39074780616917654,0.1441652370424745,0.80974520398902,True,2022-05-05 18:30:00+00:00,2022-05-05 19:00:00+00:00,1556.833186418197,1536.9217477993875,-0.013389705918730965,-0.012789705918730965,2,stop,0.001899721675718613,-0.013636040125008186,False,False,MSFT,2022-05-05 18:00:00+00:00,871,0.768980994958685,2
0.02055254262712746,1.0,0.0,0.3723904886577713,0.9918436973384933,0.7437209896717728,0.0,0.25788211934671956,0.748373207675338,0.6299244548996973,0.4711856114648444,1.1843496989773927,0.0,260.3469229432043,0.15766908849848696,0.09107729114521704,1.0096464073842604,0.3736454445714701,0.3700755451003027,0.3736454445714701,1.0,0.0,0.026034692294320427,1.0062553270220576,1.0026541797497097,0.011289826910566366,1.7016030422099082,0.033948087799997806,0.0784560496127249,0.04226375826553319,0.09371808531451054,0.03013220115794657,0.05872318113297226,0.0,0.3700755451003027,0.07886071080321022,1.4648558695085103,0.6925045810812636,0.2562790103282272,1.5154507155732166,True,2022-05-06 14:00:00+00:00,2022-05-06 14:00:00+00:00,274.8212484550714,267.1960766330585,-0.028345932546622054,-0.027745932546622054,1,stop,0.007160597381324241,-0.029434782451954078,False,False,TSLA,2022-05-06 13:30:00+00:00,872,0.789429227360901,2
0.012938122586343548,-0.970941817426052,0.23931566428755768,0.606448879610254,2.4306607203637496,0.7963720748899756,0.0,0.6023019365603067,1.5342713791882907,0.5768579960904842,-0.37608682157636286,-0.14406758954318807,0.0,0.0,0.13506853024659857,0.05799719793145874,0.8820444851418554,0.37323007098045974,0.42314200390951584,0.37323007098045974,0.0,0.4494524800075044,0.0,1.4332041584317312,1.9890138528760757,0.007583876667911858,1.152946223562087,0.007908361401474995,-0.017312358519791293,0.011198381345954633,-0.0301867081411773,0.012985701425447527,-0.020646564139535806,0.0,0.42314200390951584,0.5986059303166414,0.6610618120190423,0.4812283423260905,0.2036279251100244,0.3927167933349714,True,2022-05-06 17:00:00+00:00,2022-05-06 19:00:00+00:00,240.41320109817403,240.46128373839366,-0.000400000000000022,0.00019999999999997797,5,stop,0.017692576821288553,-0.007583811283616515,False,False,AAPL,2022-05-06 16:30:00+00:00,872,0.7662226711265316,2
0.020018580387345063,0.5680647467311559,0.8229838658936564,0.09902666447927325,1.1767506555833414,0.8301216905089691,0.0,0.07974312412597423,0.976658162346559,0.7890415939849669,-0.626630328296009,0.7006389721588938,0.0,0.0,0.6408092389967489,0.08066006152674754,2.9350017199534086,0.619163284493936,0.21095840601503313,0.619163284493936,0.0,0.823763433418036,0.0,0.4694132191737195,1.0687085115880774,0.01351520190553313,1.3964448481515153,0.00198631085285661,-0.024032110647728255,0.0036804857676673297,0.006849062934666472,-0.04236921112208769,-0.03052926890266039,0.0,0.21095840601503313,1.0,-1.9519817970169153,0.8052692125413589,0.1698783094910309,0.8495706892416615,True,2022-05-09 15:00:00+00:00,2022-05-09 16:30:00+00:00,263.733571809437,266.5414504053011,0.010046648345144838,0.010646648345144838,4,stop,0.03453419465607599,-0.009797995215556021,False,False,TSLA,2022-05-09 14:30:00+00:00,873,0.6610708214888709,2
0.011589813968825231,-0.970941817426052,0.23931566428755768,0.004124837952237268,0.007881407813022922,0.5990068591778207,0.0,0.28931618106738977,2.4718842728385972,0.9818675163060474,0.9995041836495726,2.3043513851227964,0.0,0.0,0.588145377071213,0.41152583596387543,32.03501435770645,0.5808743754838681,0.018132483693952595,0.5808743754838681,0.0,0.18010785789704567,0.0,0.22748333994713354,0.1801078578970384,0.0055064802630238755,1.229418975016895,4.78083900508075e-05,0.04441887503453268,0.006151091582298429,0.08694353263252919,0.019115737397236376,0.03975267474470634,0.0,0.01813248369395257,1.0,1.0608009148333954,22.11462850789339,0.40099314082217935,0.6142121821588518,True,2022-05-09 17:00:00+00:00,2022-05-09 19:00:00+00:00,1683.0506017996463,1682.7265842728928,-0.0007925179946503652,-0.00019251799465036523,5,momentum_decay,0.00947308416837589,-0.006986094404064613,False,False,MSFT,2022-05-09 16:30:00+00:00,873,0.7269304401602199,2
0.021520933310372508,0.5680647467311559,0.8229838658936564,0.24392657153501604,0.5131709837781124,0.7801083061728283,0.0,0.16247644722404195,1.277689329903216,0.6698756779785582,0.8536625931507371,0.6388698781208715,0.0,0.0,0.23743645049736076,0.08180495179946833,1.3630743151419604,0.44998398415138646,0.33012432202144193,0.44998398415138646,0.0,0.34442690968688766,0.0,0.7388930631993021,0.6171304166559277,0.01158307568241849,1.2778934547838918,0.005277230444864278,0.0638739785326683,0.015722485128967012,0.03830684136533247,0.06121171314871199,0.05620124804797233,0.0,0.3301243220214419,0.2444286040873988,2.276643808915047,0.6660875287242246,0.21989169382717166,0.639028578686204,True,2022-05-10 15:00:00+00:00,2022-05-10 18:30:00+00:00,280.57928431353696,280.2586671453428,-0.0017426972200693218,-0.001142697220069322,8,momentum_decay,0.01531716866738475,-0.023057231863707006,False,False,TSLA,2022-05-10 14:30:00+00:00,874,0.6349147251684992,2
0.019209998341713965,1.0,0.0,0.03486937570836263,0.11475475227166695,0.4317808664470505,0.0,0.20057189492907393,0.15241145794562055,0.9012152402531547,-0.0704527959085035,0.9198981737152128,0.0,-133.3336361861248,0.3891274972917939,0.6011140739499642,3.3709259156145546,0.33299610670020513,0.09878475974684531,0.33299610670020513,1.0,0.0038383081802333286,0.013333363618612482,0.3529833528746945,0.3956005199966589,0.008217777517447278,1.0833851835503734,-0.012672011197289446,-0.0038848768512477205,-0.006948877721639879,0.047177094364808436,-0.020423280591873705,-0.02204192472425237,0.0,0.09878475974684535,-0.27812917516753566,-0.9306280607254876,5.752093086079632,0.5682191335529495,0.1881417214376422,True,2022-05-11 14:00:00+00:00,2022-05-11 15:30:00+00:00,275.16302182823165,268.02708221765283,-0.026533497761313928,-0.02593349776131393,4,stop,0.006018954092560813,-0.03645750820610394,False,False,TSLA,2022-05-11 13:30:00+00:00,875,0.7524336747579924,2
0.019190976184378417,1.0,0.0,0.37228511520358404,5.710403472328709,0.7055112779293563,0.0,0.3018324345073544,0.723104725683619,0.6367727411364251,0.5864295102178253,0.1610530968442232,0.0,83.27816192706283,0.14111570807896143,0.1131857720785368,0.9423412222323505,0.34228401906578143,0.3632272588635749,0.34228401906578143,1.0,0.15312495748989813,0.008327816192706283,1.0249371601909736,2.503722053458474,0.007818055450288486,1.4132163584592305,0.01558366872389616,0.08132501480650811,0.016875749137130303,0.0013173309162521907,0.03218114268594929,0.04128191405043746,0.0,0.3632272588635749,0.33131335228398784,0.6445843260969902,0.8107561172359633,0.2944887220706437,1.0474863946038147,True,2022-05-13 14:00:00+00:00,2022-05-13 17:00:00+00:00,275.52550258389533,286.89384980418964,0.040660598796413636,0.04126059879641364,7,target,0.041682792823635184,-0.012686838003419632,False,False,TSLA,2022-05-13 13:30:00+00:00,877,0.6213689815174217,2
0.014455261853189105,-0.7485107481711013,-0.663122658240795,0.3625553459264525,1.3641661403614918,0.7800951038103209,0.0,0.20319252534537055,1.8990823982079779,0.6076248593620511,0.2700135752083994,0.5136754857937924,0.0,0.0,0.15612717781475988,0.06950207858928441,0.9881359011218335,0.38771996317237195,0.39237514063794887,0.38771996317237195,0.0,0.4739736706364366,0.0,0.9240018247256607,1.2655851366474624,0.006132472142159447,1.2009021455356665,0.005268443491311947,0.027349019640042327,0.009165867116597504,0.03156771447264406,0.00731876327080716,0.014007319668106533,0.0,0.39237514063794887,1.0,1.272395329948691,0.5604455364628382,0.21990489618967915,0.6150484114400275,True,2022-05-13 18:00:00+00:00,2022-05-16 13:30:00+00:00,258.53979259947056,254.70645869594037,-0.015426862298403687,-0.014826862298403687,5,momentum_decay,0.01467463848000472,-0.01790619455931919,False,False,AAPL,2022-05-13 17:30:00+00:00,877,0.7291947361164893,2
0.014526843447449003,1.0,0.0,0.039230503061049284,0.3255283910481948,0.7733045117492625,0.0,0.06307613395731697,0.21516554806306512,0.8590056573257219,0.058126136718432364,0.6177466529084379,0.0,-208.71273278816994,0.6642729504281216,0.1692768535157175,4.484649221220008,0.6323101690749844,0.14099434267427813,0.6323101690749844,1.0,0.0,0.020871273278816993,0.2782416820203821,0.6257911177387575,0.008345676227031936,1.6724552082381903,-0.02031295416114054,-0.0010272272301858898,-0.018629789912257055,0.002607292856467547,-0.024412047421049965,0.0035665636578077198,0.0,0.14099434267427813,-0.18486488611521162,-1.5486480183773264,1.607833931130715,0.2266954882507375,2.1680905495263607,True,2022-05-16 14:00:00+00:00,2022-05-16 16:00:00+00:00,254.70645869594037,251.50516672572368,-0.013168554353143746,-0.012568554353143746,5,momentum_decay,0.004032969102638395,-0.01686022066379622,False,False,AAPL,2022-05-16 13:30:00+00:00,878,0.8842402552642172,2
0.010466079461069927,-0.970941817426052,0.23931566428755768,0.5598947636828633,1.318676847311027,0.8617520686497556,0.0,0.5981803541272227,1.834016262545114,0.5881635277694499,-0.01904356823637849,0.5047662746631429,0.0,0.0,0.18457182795221524,0.03620262015656213,1.092461757897184,0.44991559641920553,0.4118364722305501,0.44991559641920553,0.0,0.5282329052979697,0.0,1.3595074779327185,1.2489630234292115,0.004549670601350084,1.4038672881360315,0.005894443956878215,0.016168107280496002,0.010410949061828711,0.0019965882634676024,-0.0009206127579814982,0.0076272324980724004,0.0,0.4118364722305501,0.029598425933107648,0.058367797631274754,0.3356864694412939,0.13824793135024435,1.1964541609443966,True,2022-05-16 17:00:00+00:00,2022-05-16 19:00:00+00:00,1743.2706817682717,1724.0906209265108,-0.011602342345541982,-0.011002342345541982,5,momentum_decay,0.007677940401943584,-0.01311617671586962,False,False,MSFT,2022-05-16 16:30:00+00:00,878,0.755796241094641,2
0.02498422835928081,0.8854560256532099,0.4647231720437685,0.5081661719454421,0.8999340590815544,0.8482102320720605,0.0,0.1864377943738634,1.631866660410423,0.5862725925959491,-0.13747125884552014,0.4924605607919258,0.0,0.0,0.17407650792932164,0.0405464038738193,1.0501668898226204,0.43448282466800964,0.4137274074040509,0.43448282466800964,0.0,0.411010310086434,0.0,1.2282632546244665,0.9184079527198763,0.011402078588253475,1.697100042775029,0.012859404479880654,0.0006513361120628058,-0.0007896292527806992,0.03179806251240058,-0.019060507401977178,0.014997426374338207,0.0,0.4137274074040509,0.2524739699498451,-0.6884844133008957,0.3668835209161222,0.1517897679279395,1.5748580121508173,True,2022-05-17 14:30:00+00:00,2022-05-17 16:30:00+00:00,282.0804968619835,282.13691296135585,-0.000400000000000022,0.00019999999999997797,5,stop,0.0418208177431143,-0.012812044997314698,False,False,TSLA,2022-05-17 14:00:00+00:00,879,0.7781406100590122,2
0.01213659816992857,1.0,0.0,0.27693775808544085,0.7228610715441961,0.6124572820877886,0.0,0.2953356983790993,0.46673693188510956,0.6365992595883845,-0.06461368931264816,0.21033675648765326,0.0,-180.4696682964746,0.08907028105309754,0.16993619339293511,0.6853495713685926,0.249056541676173,0.36340074041161563,0.249056541676173,1.0,0.0,0.01804696682964746,0.7620726302642089,0.7801148272272529,0.006650826998413824,1.3911859714128472,-0.014735411472188598,-0.0004186581767439135,-0.010200965748502488,-0.010742686074239227,-0.013948893652453442,-0.0032023886636189935,0.0,0.3634007404116156,0.45931577668789686,-1.1371972850616943,1.06643348462412,0.3875427179122114,1.0952194865190759,True,2022-05-18 14:00:00+00:00,2022-05-18 16:30:00+00:00,1720.97878374684,1765.8854638550517,0.025493686065346455,0.026093686065346455,6,target,0.03276135779863676,-0.0027556152977044057,False,False,MSFT,2022-05-18 13:30:00+00:00,880,0.8841604668515286,2
0.01140649349384336,-0.970941817426052,0.23931566428755768,0.7412894011661957,30.47603954531203,0.6053322748540486,0.0,0.6710614941063391,2.61582100855121,0.5640295200923772,0.3727260153789014,0.3665626545555804,0.0,0.0,0.04421124797251774,0.14137317486209613,0.3884707858713283,0.16936179494642573,0.43597047990762283,0.16936179494642573,0.0,0.1584797871653543,0.0,1.7003201715016725,6.309952946595251,0.006110943820944185,1.6784483949082039,0.008527618114997582,0.006924230660692032,0.008809897101422548,0.01181016709617766,0.017536121247691883,0.014461044528690126,0.0,0.43597047990762283,1.0,1.3958156801929034,0.905262496739574,0.39466772514595144,1.9240691749408514,True,2022-05-18 17:00:00+00:00,2022-05-18 19:00:00+00:00,1763.8589998138227,1753.7563187445064,-0.00632760128240557,-0.00572760128240557,5,momentum_decay,0.004840123851797884,-0.00819626847160726,False,False,MSFT,2022-05-18 16:30:00+00:00,880,0.8074944378673529,2
0.00977820899197385,0.5680647467311559,0.8229838658936564,0.24204329313093864,2.340181749332166,0.6422876147859959,0.0,0.2657976296905214,0.5007919391669905,0.6742563738746237,0.822556501796823,1.0159793936193875,0.0,0.0,0.14027862405663838,0.1686834303235431,0.9717580430528807,0.31654398866061956,0.32574362612537633,0.31654398866061956,0.0,0.5769067070172935,0.0,0.7430484396885112,1.5952372946434827,0.005698806573723231,1.3578444458263683,0.002372364699267271,0.034141274925588494,0.0033895531959700076,0.03603626745433619,0.022173584765315946,0.020302289931202644,0.0,0.32574362612537633,0.3118249457240989,2.1196613324342923,1.0981408584069698,0.3577123852140041,0.9524661221825563,True,2022-05-19 15:00:00+00:00,2022-05-19 16:30:00+00:00,1792.643383135896,1793.0019118125233,-0.000400000000000022,0.00019999999999997797,4,stop,0.0124049516200333,-0.0019798454283799227,False,False,MSFT,2022-05-19 14:30:00+00:00,881,0.7279502894158373,2
0.011421304071286695,-0.7485107481711013,-0.663122658240795,1.2827757216875353,9.455065768083225,0.8382907824065056,0.0,0.44879607049122094,2.326531626779612,0.5377930602757377,0.5269067554657093,1.2667736007640344,0.0,0.0,0.12227476692954875,0.03913077826456118,0.8136698313240144,0.3760838426822434,0.4622069397242622,0.3760838426822434,0.0,0.17659515978785675,0.0,2.775327697270833,5.662669357422928,0.0065196967258565434,1.9294725495008602,0.014868814146030251,0.03493823754773717,0.016467286704787698,0.05000023991376357,0.016058240623392672,0.021720885637712906,0.0,0.46220693972426224,0.5164323248344922,1.101669256742039,0.3498632402403108,0.16170921759349444,1.9523791728177275,True,2022-05-19 18:00:00+00:00,2022-05-20 13:30:00+00:00,1825.393915270783,1819.605006589,-0.003771320246744824,-0.0031713202467448243,5,momentum_decay,0.010412726248942628,-0.011264995315057758,False,False,MSFT,2022-05-19 17:30:00+00:00,881,0.7473254797110308,2
0.0109897647094708,1.0,0.0,0.3315954471218835,1.9247416596854818,0.8273810297299165,0.0,0.15414158081608131,0.7388169426585283,0.62865526404115,0.5671171762291156,1.6662293547336844,0.0,-158.2996420679761,0.21292124476848096,0.05298738360013215,1.228067209821799,0.4560362937710664,0.3713447359588501,0.4560362937710664,1.0,0.0,0.01582996420679761,0.8929585234746096,1.544803944848669,0.00581912909820204,1.6033776079250843,-0.012230377667654113,0.018480681506567898,-0.01037962322006758,0.05730821540253683,-0.007074316254244484,0.007950819907221796,0.0,0.37134473595885004,1.0,-0.8468545472309935,0.4648483028158126,0.17261897027008352,1.316515954002214,True,2022-05-20 14:00:00+00:00,2022-05-20 16:00:00+00:00,1819.605006589,1862.5986229951645,0.023027994125362317,0.023627994125362317,5,target,0.024622788424942144,-0.010230742290655126,False,False,MSFT,2022-05-20 13:30:00+00:00,882,0.8475009390144245,2
0.010072297231143747,-0.970941817426052,0.23931566428755768,0.0514257172193265,0.38955212437316245,0.6584328691467196,0.0,0.12125071414949948,3.3071243656557336,0.8551321136053697,0.704692213457408,2.0716718838469577,0.0,0.0,0.5630470910606822,0.3269194356210349,3.5450574694834005,0.5135649827520892,0.14486788639463033,0.5135649827520892,0.0,0.542549552549397,0.0,0.35498355432092943,0.6882901281557702,0.006111146067551488,1.343650499602511,0.0005182435464152757,0.03743481375161917,0.0018510635097732653,0.05623400371730991,0.008633725789518154,0.01324744212671436,0.0,0.14486788639463036,1.0,0.4527541248202039,2.357783628612303,0.3415671308532804,0.8579977291480144,True,2022-05-20 17:00:00+00:00,2022-05-20 17:00:00+00:00,1863.047853366164,1837.7148715239837,-0.014197601262044123,-0.013597601262044123,1,stop,0.011192111908242097,-0.018694024414110832,False,False,MSFT,2022-05-20 16:30:00+00:00,882,0.6443050202396604,2
0.014001968135496952,1.0,0.0,0.7213469918609835,1.152226452020761,0.6892324974515089,0.0,0.5110084847655713,1.1333348927593525,0.5613160841461473,0.4539197119705676,0.7319595153949577,0.0,181.76735964556602,0.0736533009233448,0.09933758648601035,0.5711369223781402,0.25054858159765625,0.4386839158538526,0.25054858159765625,1.0,0.0,0.0181767359645566,1.6443433775249239,1.1347475354978611,0.00872870715968939,2.0035259287193163,0.02856553337596779,0.05244322225492959,0.03792374547158661,0.0718644704520679,0.03178546143345362,0.03863587278114844,1.0,0.43868391585385264,0.5422219782784338,2.609251327107589,0.7084087000169487,0.3107675025484911,2.443681066359798,True,2022-05-23 14:00:00+00:00,2022-05-23 17:00:00+00:00,258.81245155310233,257.39427439701956,-0.0060795553597690725,-0.005479555359769073,7,momentum_decay,0.009116871539404547,-0.009467361200235724,False,False,AAPL,2022-05-23 13:30:00+00:00,883,0.7341079943870629,2
0.014295169703187019,1.0,0.0,0.9181757281639329,3.602877531023603,0.8729372095960269,0.0,0.2580363613792524,1.7727419692309339,0.5478700386328973,0.29571862834212526,-0.05482578786720765,0.0,-227.25754652150874,0.148374485637352,0.029725865986715897,0.9307218812847611,0.42080724822892424,0.4521299613671027,0.42080724822892424,1.0,0.05795615794672453,0.022725754652150876,2.030778330610186,2.845697806715233,0.005562968445337898,1.3568364675538196,-0.00972796093651207,0.009392302644767092,-0.006142506094576228,-0.032589404143803735,0.002426828884985799,0.021497368074536505,0.0,0.4521299613671027,1.0,-0.04512270495306515,0.281031564507991,0.12706279040397306,0.907875966894353,True,2022-05-25 14:00:00+00:00,2022-05-25 17:30:00+00:00,250.37790797198966,258.073176543425,0.03013461486185214,0.03073461486185214,8,target,0.03263366214053387,-0.006172491363582222,False,False,AAPL,2022-05-25 13:30:00+00:00,885,0.932425685388139,2
0.010942044178778339,0.5680647467311559,0.8229838658936564,0.4647610472279007,0.727039701427679,0.8210748409477278,0.0,0.20744241025790397,1.6306008894230912,0.5991299744677726,0.5767993696741663,0.9198617088215114,0.0,0.0,0.1718857918701023,0.051682346738851526,1.0482320668839193,0.4202048154155003,0.4008700255322274,0.4202048154155003,0.0,0.4499382236217946,0.0,1.1593808906286929,0.7700108018579579,0.004227306335597944,1.2798078923829415,0.005111429759801833,0.021961441698768347,0.012227865942750382,0.03612352688779619,0.017215603301201643,0.019253920492332766,0.0,0.4008700255322274,0.9615779745208739,1.3025650615774307,0.4463420751269642,0.17892515905227227,0.7092479547156454,True,2022-05-26 15:00:00+00:00,2022-05-26 17:00:00+00:00,1872.6822147597275,1866.2962115173852,-0.004010083778235484,-0.0034100837782354843,5,momentum_decay,0.008763587640636228,-0.006546015773466363,False,False,MSFT,2022-05-26 14:30:00+00:00,886,0.8118668452454466,2
0.015475974750338819,0.5680647467311559,0.8229838658936564,0.22176251099058789,0.33071674533418743,0.7454376520822249,0.0,0.2969967252562292,1.9089462945999431,0.6480774238477056,-0.15252660338614657,0.6259779021161022,0.0,0.0,0.18006578987179853,0.09477039432277128,1.1181865063388163,0.39351507592993057,0.3519225761522944,0.39351507592993057,0.0,0.41384714095263697,0.0,0.6301457366424263,0.4138471409525695,0.006986807946935206,1.2013399003655327,0.003443810146160464,-0.0005593273311678137,0.014002795026766934,0.029498432727093293,0.003864566242872014,-0.016056119507847466,0.0,0.35192257615229433,1.0,0.5407007372881593,0.7233475916797347,0.2545623479177751,0.6559034534143546,True,2022-05-27 15:00:00+00:00,2022-05-27 17:30:00+00:00,260.29351036272834,258.0643135019722,-0.009164166112515314,-0.008564166112515315,6,momentum_decay,0.008140141039842286,-0.017060031749076887,False,False,AAPL,2022-05-27 14:30:00+00:00,887,0.7494878697325101,2
0.013514949294371983,1.0,0.0,0.5085910486844492,0.9051911730241837,0.805777660438442,0.0,0.23866553430639645,0.9901608450131277,0.5861164300801494,-0.19360484928686034,-0.05388983177866691,0.0,-218.64679918581652,0.14906249702035082,0.055752309148756,0.9468703737001678,0.39189409051859136,0.41388356991985065,0.39189409051859136,1.0,0.14878605462101455,0.021864679918581653,1.2288263793195242,0.9183029962892982,0.005695909160905745,1.32600677516437,-0.015094853400204555,-0.03709778319537815,-0.0076733501094978784,-0.003139190677946213,-0.003889051621540074,-0.019200446233060053,0.0,0.41388356991985065,1.0,-0.40876951669940675,0.4692680591284623,0.19422233956155796,0.8001306432008216,True,2022-05-31 14:00:00+00:00,2022-05-31 16:30:00+00:00,255.89317965796957,253.16467600453677,-0.011262666574700275,-0.010662666574700275,6,momentum_decay,0.0029589111842509563,-0.014145036645596853,False,False,AAPL,2022-05-31 13:30:00+00:00,889,0.9386587013450615,2
0.01546265375264948,1.0,0.0,0.04409445783658047,0.2161333864109887,0.6119077306865393,0.0,0.10705648589937555,0.16879669223467897,0.8401524385731305,0.07470488365515233,0.15860836296192002,0.0,-209.04278205007066,0.4846330251217532,0.3725621107035767,2.8280704767815448,0.4520601692596697,0.1598475614268695,0.4520601692596697,1.0,0.0,0.020904278205007065,0.2758531781340545,0.4606702323994119,0.008974990171766475,1.4120753355203404,-0.020236258302754107,-0.001956423859597156,-0.01719863935933008,-0.019791916254222386,-0.0030955615725718477,-0.017988182540560782,0.0,0.15984756142686954,1.0,-0.41975730884463514,2.427889833581205,0.38809226931346075,1.3228804872596875,True,2022-06-10 14:00:00+00:00,2022-06-10 16:00:00+00:00,235.49622768854928,230.58034223966504,-0.02147458256607677,-0.02087458256607677,5,stop,0.00520785635107357,-0.028249744027307733,False,False,AAPL,2022-06-10 13:30:00+00:00,897,0.8645174229665141,2
0.011548563050900252,1.0,0.0,0.05548898141635823,0.9345649928178331,0.8172819301381455,0.0,0.06045164417434621,0.2703949120532408,0.8322818225794445,0.5470335827996787,0.7979211117161144,0.0,101.0281243126343,0.680208894376622,0.1059155047914437,3.872947838493519,0.64956375271759,0.1677181774205555,0.64956375271759,1.0,0.0,0.01010281243126343,0.330846556227587,0.9838895165118308,0.0059463155414640175,1.0561640142201083,0.010750519558228255,0.011414196834177881,0.011451513452582107,0.03877865306260064,0.017616238753845215,0.0290756690235503,0.0,0.1677181774205555,0.5414511438888593,0.933631110801919,1.0894351028125249,0.1827180698618545,0.21511839648702105,True,2022-06-13 14:00:00+00:00,2022-06-14 13:30:00+00:00,1756.9762240924333,1800.600908103591,0.02422941055943555,0.02482941055943555,13,target,0.025683584917527646,-0.007158822396944209,False,False,MSFT,2022-06-13 13:30:00+00:00,898,0.8932085696476971,2
0.007816660496487096,-0.970941817426052,0.23931566428755768,0.24809526461835424,1.7463687324094768,0.6899477034608096,0.0,0.9919977131946148,1.1814841593085315,0.6975902083206801,0.16133348501972614,1.753219627094319,0.0,0.0,0.20559551691011332,0.14601498748065755,1.2814992187565446,0.3875379117814896,0.3024097916793199,0.3875379117814896,0.0,0.42531248474970507,0.0,0.8203942843274015,1.3490410607833792,0.0026221082519178127,1.8986947031046795,0.0019430445548627162,0.0043152728293089915,0.0030590680063393716,0.05675152407191009,-0.0009281049776519446,0.002957955617282737,0.0,0.3024097916793199,0.7469937871720669,0.325726800770313,1.0252720152259005,0.3100522965391905,2.436713944226337,True,2022-06-14 17:00:00+00:00,2022-06-14 18:00:00+00:00,1788.2354985652119,1788.5931456649248,-0.000400000000000022,0.00019999999999997797,3,stop,0.010449076005222047,-0.00363646190032918,False,False,MSFT,2022-06-14 16:30:00+00:00,899,0.7353348516258795,2
0.024524917965283218,0.8854560256532099,0.4647231720437685,0.7953190766512697,1.1845514843317182,0.8295466038402122,0.0,0.306904646858208,1.9095871751811533,0.5582835286671064,0.6752097272240962,0.6266649643562131,0.0,0.0,0.1355415052120282,0.04396100105438176,0.8780069516921873,0.38783013250731857,0.4417164713328936,0.38783013250731857,0.0,0.5121650595227424,0.0,1.8005194016228754,1.1607401977037444,0.009131254517437312,1.117194181530366,0.019893153763030913,0.08930054132096688,0.03964271964197241,0.0273950606873139,0.049149653680413685,0.08681224788294006,0.0,0.44171647133289366,0.8962979681683045,1.6601874232158689,0.3858887028717706,0.1704533961597878,0.27509862680303315,True,2022-06-16 14:30:00+00:00,2022-06-16 17:00:00+00:00,208.8797067120224,201.96398385519396,-0.03370863925313235,-0.033108639253132344,6,stop,0.016264321076263633,-0.04202373931085113,False,False,TSLA,2022-06-16 14:00:00+00:00,901,0.7391020232048913,2
0.03189201319578084,1.0,0.0,0.17148427217974913,0.270516612848142,0.700277161456828,0.0,0.15354724135093992,0.35875019349676507,0.6652642380871423,-0.4665216344009545,-0.0593605881185876,0.0,-533.3102709356019,0.1695810590606209,0.12597777569672722,1.0920297175739997,0.36554139954397014,0.3347357619128578,0.36554139954397014,1.0,0.0,0.05333102709356019,0.512297434847705,0.3563556025936643,0.01818147358382331,2.006706136171908,-0.04812524435727217,-0.0791645412585692,-0.029448083052010632,-0.026114036247995798,-0.03451560210061477,-0.08552426719755013,1.0,0.33473576191285775,0.6875417886414597,-1.1620751833670329,0.8954013064815846,0.2997228385431721,1.9631094183041058,True,2022-06-17 14:00:00+00:00,2022-06-17 16:00:00+00:00,188.59214795418774,182.7200357143104,-0.03173656800443132,-0.03113656800443132,5,momentum_decay,0.007264711636864929,-0.035546906184589555,False,False,TSLA,2022-06-17 13:30:00+00:00,902,0.9695442927873414,2
0.010126400649058965,0.120536680255323,0.992708874098054,0.2246941926995914,0.5455575716495689,0.5777680903080276,0.0,0.2953469418270978,1.0367216053075028,0.6787741985973053,0.7770919954986465,0.21620425796900383,0.0,0.0,0.10440136269920981,0.22110622583516165,0.798635376688377,0.25654228890533287,0.32122580140269463,0.25654228890533287,0.0,0.48815795120814925,0.0,0.6994898657530644,0.652404616327306,0.0053256301468129165,1.11886464034698,0.0022805324132106897,0.032992240624577285,0.006487839323347844,0.022290342715121758,0.01988980232414561,0.032397364104906234,0.0,0.3212258014026947,0.4722954482981788,0.4021861349882418,1.3144395868828296,0.4222319096919725,0.34337747973806226,True,2022-06-21 15:30:00+00:00,2022-06-21 16:30:00+00:00,1708.335959865327,1684.981912462059,-0.0142706408762296,-0.0136706408762296,3,stop,0.008614731842681245,-0.01619938605225757,False,False,MSFT,2022-06-21 15:00:00+00:00,904,0.7831872925803949,2
0.010112729276097939,1.0,0.0,0.16245900505272973,0.6260339476482345,0.49138429411475515,0.0,0.2927791157910274,0.28286004045847496,0.717776313009683,0.3122354560403033,0.6660506431676707,0.0,-113.36102115623193,0.08713157638093258,0.34099849897766465,0.7411164149788021,0.20916060712443815,0.28222368699031697,0.20916060712443815,1.0,0.0,0.011336102115623192,0.5756391562495023,0.7458936266372873,0.00522581067402431,2.1572325755995823,-0.009709149378795745,0.00010157137807320638,-0.007128850915128604,0.043317028493526255,-0.0008952400702241237,-0.002689467237065757,1.0,0.28222368699031697,1.0,-0.40033317457799256,1.8021722815296979,0.5086157058852449,3.210168235278077,True,2022-06-22 14:00:00+00:00,2022-06-22 16:00:00+00:00,1701.4437366033262,1684.226942073811,-0.010718932621237309,-0.010118932621237309,5,momentum_decay,0.007242012572809431,-0.012712153421960304,False,False,MSFT,2022-06-22 13:30:00+00:00,905,0.7666123536661373,2
0.01766668597869019,-0.35460488704253545,0.9350162426854148,0.165962417673395,1.0729103220943244,0.5589769744038698,0.0,0.9506654408553722,0.7111800500157097,0.7402717449615859,0.13816053096479158,0.8781823492842485,0.0,0.0,0.15891940852678776,0.29361340892653665,1.1521608202413613,0.2992487193654556,0.25972825503841424,0.2992487193654556,0.0,0.6898647246276411,0.0,0.6389848407091824,1.0379570887107161,0.005513577374099099,1.1257889240527301,0.0029406278555732523,0.011011789009262252,0.005697037839550223,0.037623703292634314,0.0033263045375087064,0.003219191668544452,0.0,0.2597282550384142,-0.26568938005360376,-0.22216547172238477,1.6980171276710272,0.44102302559613016,0.37792881854898286,True,2022-06-24 16:00:00+00:00,2022-06-24 17:00:00+00:00,189.41517075402726,184.8976139932569,-0.024450026071231767,-0.023850026071231767,3,stop,0.015239056068248491,-0.05061200210416794,False,False,TSLA,2022-06-24 15:30:00+00:00,907,0.699818062369465,3
0.010729865885988453,-0.3546048870425359,-0.9350162426854147,0.30116909913030054,0.6769945919599243,0.7880273503359237,0.0,1.8251939079965482,1.2192195524761675,0.6405673854013645,-0.017351503791084213,0.056874586282905454,0.0,0.0,0.2006384709135344,0.071953206360279,1.1924202710869862,0.4285947357372881,0.3594326145986356,0.4285947357372881,0.0,0.4042337801979175,0.0,0.8379014226814235,0.7457446229718355,0.0059982528739570455,1.3934499307495947,0.003241980515815257,0.01938454329531436,0.008069406633701925,0.000621608876218982,-0.0019419412331322938,-0.011382209952783717,0.0,0.35943261459863557,0.7119684656395234,0.6199384053499035,0.589742391354048,0.21197264966407628,1.2002049898295375,True,2022-06-24 18:30:00+00:00,2022-06-27 13:30:00+00:00,1681.7446343070508,1682.080983233912,-0.000400000000000022,0.00019999999999997797,4,stop,0.017519355648415447,-0.00907407226636836,False,False,MSFT,2022-06-24 18:00:00+00:00,907,0.6839376511116667,3
0.0135891192629379,1.0,0.0,0.30438417394079476,0.3332231078380853,0.54949522735801,0.0,0.36984388255419504,0.4511105335005822,0.6292313336913884,0.7813386127494579,0.6028205949099635,0.0,143.63788836274648,0.05555703822218868,0.20930193100673727,0.4820433259061358,0.17872656104939852,0.3707686663086116,0.17872656104939852,1.0,0.0,0.014363788836274649,0.8209544160547773,0.4047579404689424,0.007412359393620165,1.2633808949026322,0.018576941720299223,0.03477869388470123,0.03162037799020534,0.03768160599964032,0.05071745203525979,0.04043388293557992,0.0,0.37076866630861155,1.0,2.8262679443482877,1.215056215852049,0.45050477264198996,0.6693172605988494,True,2022-06-27 14:00:00+00:00,2022-06-27 17:00:00+00:00,202.70829889431715,198.98955210781327,-0.01894531100496617,-0.01834531100496617,7,stop,0.006829618319078357,-0.02007129922222417,False,False,AAPL,2022-06-27 13:30:00+00:00,908,0.9507255465464078,3
0.0111128152859643,-0.3546048870425359,-0.9350162426854147,0.6838573080463816,1.2443960215705407,0.6636755424155683,0.0,0.5354375307142772,4.383415170462422,0.5704486051117296,0.7125140327663448,1.1673488185138852,0.0,0.0,0.0687831651570732,0.11402418094536881,0.5450433878539208,0.23412414752729785,0.42955139488827043,0.23412414752729785,0.0,0.29902436612395983,0.0,1.592026742746949,1.2034136567540958,0.0037998080459865926,1.1993792910465657,0.007657775825875568,0.04253132844969265,0.013897105274143895,0.06274032212274716,0.016835546847311145,0.02974675919342462,0.0,0.42955139488827043,0.8790872858088229,1.2371554919575065,0.7829667452759339,0.33632445758443175,0.4533804655691468,True,2022-06-27 18:30:00+00:00,2022-06-27 19:00:00+00:00,1753.2714677172721,1753.6221220108155,-0.000400000000000022,0.00019999999999997797,2,stop,0.014176626159171368,-0.006135729343261009,False,False,MSFT,2022-06-27 18:00:00+00:00,908,0.7904212111261807,3
0.012906340694325924,-0.970941817426052,0.23931566428755768,0.8084387313585428,26.350675089066677,0.8154414612790435,0.0,0.33358417468131935,2.3503853888626,0.5527237733999377,0.5977351172473662,1.6422593549638533,0.0,0.0,0.12366495398451684,0.048033998006946584,0.8231272148701999,0.3681652346789812,0.4472762266000623,0.3681652346789812,0.0,0.14169060454276725,0.0,1.8074708273762525,7.057630978615783,0.005920673969196005,1.4057864932377866,0.010544001659914981,0.042229001817140066,0.010948524234064116,0.07981110252875667,0.019851123677876892,0.02794091571754831,0.0,0.44727622660006233,1.0,1.0871229915186162,0.41262765097947407,0.18455853872095646,0.868817357788305,True,2022-06-28 17:00:00+00:00,2022-06-28 19:30:00+00:00,1803.875756656296,1809.3795586090482,0.0024510981326974386,0.0030510981326974385,6,momentum_decay,0.013580323704392994,-0.005804828478628399,False,False,MSFT,2022-06-28 16:30:00+00:00,909,0.8401899019894901,3
0.012786625605094125,0.120536680255323,0.992708874098054,0.36022915184102827,0.9954860333676759,0.7356363724749969,0.0,0.2425365297612993,1.6094407261730832,0.6073519918229443,-0.36156634359675516,0.5943117629691439,0.0,0.0,0.130094335729246,0.08955515093682855,0.8735263063991828,0.3429883642979412,0.3926480081770557,0.3429883642979412,0.0,0.5153938854140266,0.0,0.9174353220673696,0.9974603096506343,0.0067723066756547904,2.088202795035479,0.004627429771687286,-0.002413218041728782,0.009319161630407802,0.006571274366904634,-0.004220708770917403,-0.012273504874642072,1.0,0.3926480081770557,0.8651669161336109,0.6697095043439175,0.6732840152490019,0.2643636275250031,2.5931321890768104,True,2022-06-30 15:30:00+00:00,2022-06-30 17:30:00+00:00,1791.437424550742,1791.795712035652,-0.000400000000000022,0.00019999999999997797,5,stop,0.014540824050646828,-0.006917039444445772,False,False,MSFT,2022-06-30 15:00:00+00:00,911,0.7837575634418814,3
0.012971945952030163,1.0,0.0,0.2037609787125999,0.4122809828495711,0.786402556059225,0.0,0.12871786365488738,0.4739010688571398,0.6618742496801107,0.9772473879315265,0.3085719276994906,0.0,124.99282177065308,0.23002083163341353,0.07689414591678559,1.325769496452563,0.4482768057393357,0.33812575031988934,0.4482768057393357,1.0,0.0,0.012499282177065307,0.6026189325120271,0.5113249848374267,0.005676226858761471,1.5908412082913723,0.015182588840617628,0.05748706783760649,0.021833130002675283,0.033809842533536916,0.04519197298147204,0.05590874636797949,0.0,0.3381257503198893,1.0,2.851216738938326,0.6317100775041662,0.21359744394077498,1.211387486648536,True,2022-07-06 14:00:00+00:00,2022-07-06 18:30:00+00:00,1863.601655446974,1915.576916340704,0.02728968379686474,0.02788968379686474,10,target,0.029551192158511652,-0.011022181864728697,False,False,MSFT,2022-07-06 13:30:00+00:00,915,0.947392593264449,3
0.022205797813764507,0.5680647467311559,0.8229838658936564,0.49474904980234685,1.4659365696082896,0.701005195375516,0.0,0.3675491361802294,1.1773829200787955,0.5975302866410086,0.7367526148109572,0.6110025179356278,0.0,0.0,0.10356730052185514,0.10379461300482767,0.7417588755307581,0.2985354820165245,0.4024697133589914,0.2985354820165245,0.0,0.3875491639151717,0.0,1.229282684834088,1.344379742420183,0.010643697294566745,2.260861537902253,0.011108336860481405,0.05908165034493518,0.01882865170965342,0.12062087336404326,0.041226316109048255,0.050201841059101415,1.0,0.4024697133589914,0.6006406084579637,1.9581088713909454,0.7429001355876349,0.2989948046244841,2.594694942420982,True,2022-07-07 15:00:00+00:00,2022-07-07 17:30:00+00:00,157.54574696039532,165.06736931775058,0.04714246529959369,0.047742465299593695,6,target,0.04839542898173543,-0.013128263479133317,False,False,TSLA,2022-07-07 14:30:00+00:00,916,0.7923522766862608,3
0.010262863081167284,-0.9709418174260521,-0.23931566428755743,0.10281132463097921,0.13369924854284182,0.890185165798461,0.0,0.22537409283832913,2.572264189937841,0.7729927572834883,0.5260543082805788,0.0031243959017336117,0.0,0.0,0.6700772440691927,0.041983246224768254,2.9213954371922655,0.6631779230819493,0.22700724271651163,0.6631779230819493,0.0,0.2543975331310595,0.0,0.4528988740653123,0.25439753313105207,0.004790249566087444,1.1725790653456865,0.0010562530411812876,0.0319514884709724,0.0090277912868999,-0.004556571399806253,0.01089302176354745,0.009953040300572091,0.0,0.22700724271651168,1.0,1.0615347943356943,0.483750354778861,0.10981483420153901,0.392568611267369,True,2022-07-12 17:30:00+00:00,2022-07-12 19:30:00+00:00,1876.3143192452292,1850.318237355105,-0.014454865159575902,-0.013854865159575902,5,stop,0.004085833263041572,-0.013928256622866675,False,False,MSFT,2022-07-12 17:00:00+00:00,919,0.7973985765663189,3
0.02301075722949123,1.0,0.0,0.37578268422703853,2.3646773275506834,0.5427728495014094,0.0,0.4501484885415488,0.5343697931280266,0.6183080688052078,0.25517836015892936,-0.13353782737597503,0.0,391.190756555253,0.04720987952613074,0.20712034653306713,0.42201813856077214,0.16108091830661722,0.38169193119479217,0.16108091830661722,1.0,0.0,0.039119075655525304,0.9845182816695753,1.815078365480517,0.015306432159709232,1.194462365171381,0.04818275820927287,0.04990675836624492,0.05221584563805415,0.02639571669304197,0.046753696184544946,0.052606901841334874,0.0,0.3816919311947921,-0.05686315770564715,1.7767980984309524,1.1978957717733254,0.45722715049859064,0.45785134795553467,True,2022-07-14 14:00:00+00:00,2022-07-14 16:00:00+00:00,149.35066494614654,148.62952435528126,-0.0054285060607216044,-0.004828506060721605,5,momentum_decay,0.022054555802587306,-0.009608139585959075,False,False,TSLA,2022-07-14 13:30:00+00:00,921,0.9678696945953049,3
0.013345822383399956,1.0,0.0,0.4224839007521739,3.0731077872765478,0.7589082891583374,0.0,0.2555918776726188,0.8045519023865771,0.6014843375975065,0.5947949277072606,-0.045056608481528905,0.0,178.32265592288232,0.1376014046466606,0.07758065000366855,0.904337421979438,0.3603926267558439,0.3985156624024936,0.3603926267558439,1.0,0.0,0.017832265592288232,1.060143780059196,2.1768616161950662,0.008298898197862567,1.2222742078718403,0.023603747948329312,0.024538324226043517,0.025529754875371236,0.05832174633501763,0.042642339460568834,0.03585994983276275,0.0,0.39851566240249353,1.0,3.0254999817031076,0.6049742421363948,0.24109171084166256,0.521284230878004,True,2022-07-15 14:00:00+00:00,2022-07-15 14:00:00+00:00,185.38311313687774,182.04309150078896,-0.01861686021758986,-0.01801686021758986,1,stop,0.0042487060609361915,-0.01851849103090264,False,False,AAPL,2022-07-15 13:30:00+00:00,922,0.9562668125956016,3
0.02970157115499524,0.120536680255323,0.992708874098054,0.5696952087393551,1.3003554295740283,0.6607116807925293,0.0,0.44608433343215614,1.2910194563252884,0.5666941980531981,-0.3293971938004041,-0.03973202509341605,0.0,0.0,0.06550081139511311,0.11427554856852337,0.52481614098847,0.2274058788457274,0.4333058019468019,0.2274058788457274,0.0,0.36198146661114555,0.0,1.3147647831618423,1.250800848955366,0.01918796121185149,1.0598364622191074,0.017212085776352692,-0.023533016895369463,0.03085696945809091,0.0146428482847345,-0.03025843918564386,-0.01653252952760398,0.0,0.4333058019468019,0.5936450691293397,0.7876824068525041,0.7830227928703984,0.3392883192074707,0.13461220088233652,True,2022-07-15 15:30:00+00:00,2022-07-18 14:00:00+00:00,145.1426213832832,154.41119376105516,0.06325837798323979,0.06385837798323979,11,target,0.07031388596213373,-0.008812921808184715,False,False,TSLA,2022-07-15 15:00:00+00:00,922,0.6289338467929086,3
0.012674632358278537,-0.7485107481711013,-0.663122658240795,0.4721371638864507,0.47371772896440173,0.7994355418566212,0.0,0.22907235232906253,3.3890199378702017,0.5866199762588122,0.9476895765754088,1.7120477935574083,0.0,0.0,0.14598872793464635,0.058246412593072484,0.9338997918223223,0.3860555181154335,0.41338002374118776,0.3860555181154335,0.0,0.38426401398045246,0.0,1.1421383152806872,0.5230256084590691,0.005028163605753638,1.940497050831634,0.006020190789807867,0.05460645192836866,0.018969657042273935,0.0655336221589633,0.025574678003570828,0.04031175001800147,0.0,0.41338002374118776,1.0,2.1080903198995604,0.48518178582556115,0.20056445814337875,1.9913883372179413,True,2022-07-18 18:00:00+00:00,2022-07-19 13:30:00+00:00,2042.724709319546,2000.756548564418,-0.021145186810369653,-0.020545186810369653,5,gap_through_stop,0.004998828730442106,-0.020545186810369653,True,False,MSFT,2022-07-18 17:30:00+00:00,923,0.8527455293127628,3
0.022443408030154058,-0.7485107481711013,-0.663122658240795,0.3886712033184425,0.9975407017766323,0.5823498414126215,0.0,1.1628905250758923,1.018361910792532,0.617500857883181,0.08987626577229836,1.3534656760598516,0.0,0.0,0.0626290002230694,0.1798330565203354,0.5224866602043933,0.1998506992958025,0.382499142116819,0.1998506992958025,0.0,0.4084504061804329,0.0,1.0161361439073202,1.0002250082873692,0.009183420531161548,1.3510401156696024,0.008799868595763316,0.034995751904564276,0.017778264131933064,0.0750374730405492,-0.004688410081813976,-0.012517818922127777,0.0,0.382499142116819,0.24564798103056484,0.3096409401106177,1.0918982883876145,0.4176501585873785,0.864958843817691,True,2022-07-19 18:00:00+00:00,2022-07-20 15:00:00+00:00,163.4827523149549,163.51544886541788,-0.000400000000000022,0.00019999999999997797,8,stop,0.025620417732650447,-0.02929280371400289,False,False,TSLA,2022-07-19 17:30:00+00:00,924,0.6322759760634077,3
0.02109843224378885,-0.7485107481711012,0.6631226582407952,0.1322517331802381,0.3905646881200973,0.49011064387243314,0.0,0.5769808255499177,0.931975959050082,0.7464862142548223,0.2854161745063083,1.1282700372081689,0.0,0.0,0.11381567119473535,0.38205760212351575,0.9332701865947507,0.23659685812725545,0.2535137857451777,0.23659685812725545,0.0,0.5600194006140945,0.0,0.5216747199427352,0.5600194006139225,0.010492176244965314,1.1756689946026704,0.0027981118148645567,0.020314698677798004,0.010034272474523487,0.06818619061794795,-0.0008876246441996694,0.037093705460957915,0.0,0.25351378574517763,0.23013283022381648,0.17040670650251583,2.011288477380812,0.5098893561275669,0.4641651320747679,True,2022-07-20 16:30:00+00:00,2022-07-20 17:00:00+00:00,165.6546696805638,165.68780061449993,-0.000400000000000022,0.00019999999999997797,2,stop,0.027401161402801355,-0.009874165704605198,False,False,TSLA,2022-07-20 16:00:00+00:00,925,0.6150532075753731,3
0.011065344316292245,-0.9709418174260521,-0.23931566428755743,0.31850788305658895,0.3163410126579132,0.7836006352025271,0.0,0.18724612359668966,2.1350916721088486,0.6319021069568772,0.025539515095682874,0.02423640418436106,0.0,0.0,0.18630902402505561,0.07237751646050179,1.1287832666585473,0.4155027421594043,0.3680978930431228,0.4155027421594043,0.0,0.33468888395327107,0.0,0.8652803753464452,0.38726821787773497,0.004894803310472739,1.9444754587818993,0.00353686471733905,0.0021856948213381244,0.014883818243166314,-0.025535858043083337,0.011828687462824394,0.004037375945949773,0.0,0.3680978930431228,0.8407001005634421,1.2694414956348499,0.587885366602983,0.21639936479747288,2.5080951485438625,True,2022-07-20 17:30:00+00:00,2022-07-20 19:00:00+00:00,1978.6501298333883,2025.7231865147662,0.02319049028002833,0.02379049028002833,4,target,0.024649847798819513,-0.009631844093578201,False,False,MSFT,2022-07-20 17:00:00+00:00,925,0.8656458062144484,3
0.022400782640800067,1.0,0.0,0.3955772161516909,0.5337480523780097,0.6159393686418274,0.0,0.39570324758897435,0.6346112790252985,0.6160616919072264,0.6048727360322985,1.2086225102728494,0.0,265.27231164406476,0.07643098146596024,0.15776182246195358,0.6042665075578878,0.23200106054905376,0.38393830809277363,0.23200106054905376,1.0,0.0,0.026527231164406473,1.0303145266142728,0.6037552995508234,0.012256701486760486,1.5997892082445997,0.035704859704829284,0.07325329942617897,0.053825047286776284,0.0605979368064653,0.05759191975117206,0.059960711921484666,0.0,0.38393830809277363,1.0,2.9469937995876903,1.000318601354889,0.38406063135817264,1.6974480944436015,True,2022-07-21 14:00:00+00:00,2022-07-21 15:30:00+00:00,175.5874416077288,175.62255909605034,-0.000400000000000022,0.00019999999999997797,4,stop,0.025293119830950284,-0.011542230478457705,False,False,TSLA,2022-07-21 13:30:00+00:00,926,0.944758977671127,3
0.024401579976086253,-0.35460488704253545,0.9350162426854148,0.5478225895203863,1.610746852599836,0.7335126992940142,0.0,0.783471625280151,1.3951661211262922,0.5824922550246981,-0.5377545548428913,0.4935197454369503,0.0,0.0,0.1077968059956573,0.08476837114342645,0.7568840533419846,0.3160049543187123,0.41750774497530185,0.3160049543187123,0.0,0.4109355698013843,0.0,1.3121255739885576,1.4626603651570735,0.02004726801885967,1.2359040050779573,0.013548854247473763,-0.035538532845758586,0.022146677255672875,-0.0019932707701079133,0.026322808556270783,-0.05601158680126339,0.0,0.41750774497530185,0.7234257126696663,0.7743001462507255,0.6382810951725866,0.26648730070598586,0.8589957128459361,True,2022-07-25 16:00:00+00:00,2022-07-26 14:30:00+00:00,176.1207877086757,185.3606825051335,0.05186339694858548,0.05246339694858548,11,target,0.05332394074892077,-0.004268598890178166,False,False,TSLA,2022-07-25 15:30:00+00:00,928,0.8209839004894606,3
0.019735473145999355,0.5680647467311559,0.8229838658936564,0.8392635315748486,1.9565710961408385,0.8343787361698524,0.0,0.32178012829648195,1.621087115045427,0.5680283691791319,0.29205946999508325,0.7182354358567125,0.0,0.0,0.14717105861767088,0.04338254890541723,0.9315591039720952,0.40240710534898433,0.431971630820868,0.40240710534898433,0.0,0.5790588205678747,0.0,1.9428672433419087,1.7269402770155022,0.006840140784106217,3.708249406276883,0.01684222509165445,0.0698574544469086,0.025671235111192958,0.017037286319145917,0.016996045631304524,0.03900387658753246,1.0,0.43197163082086804,1.0,0.8832469265276636,0.38340773331657513,0.16562126383014766,4.54367184130334,True,2022-07-26 15:00:00+00:00,2022-07-26 15:30:00+00:00,184.34158404651058,186.34657189492046,0.010276481607666078,0.010876481607666078,2,stop,0.0367285046116852,-0.01344787733793873,False,False,TSLA,2022-07-26 14:30:00+00:00,929,0.8567963844104186,3
0.01087283968891496,-0.3546048870425359,-0.9350162426854147,0.19825071690503646,1.0043580618597552,0.41996633078028206,0.0,1.7891841088725293,0.6630155023981888,0.7008888241061512,-0.00959743522983243,0.6189877460065474,0.0,0.0,0.03964376502469279,0.39829868990711415,0.40404760713132665,0.1208551548864332,0.29911117589384884,0.1208551548864332,0.0,0.5099586548564652,0.0,0.6627994300533704,1.0034705268993545,0.00501063563263882,1.221217122171208,0.0021602046885853543,0.01360433672819883,0.004320328218471392,0.0013398630499021902,-0.0010455778200969545,-0.00672017890503207,0.0,0.29911117589384884,0.12640200399740642,0.0857250799768974,1.939190896110788,0.580033669219718,0.5567173581138752,True,2022-07-26 18:30:00+00:00,2022-07-27 14:00:00+00:00,195.88659789040813,193.0113090627145,-0.015278333580035119,-0.014678333580035119,5,stop,0.0035133714652308967,-0.019810415166818807,False,False,AAPL,2022-07-26 18:00:00+00:00,929,0.7036239268089661,3
0.016273850483001263,-0.9709418174260521,-0.23931566428755743,0.17923055906288077,0.589050801833078,0.47795569334717697,0.0,0.36115516378453993,1.0685809145273066,0.7409249477246855,0.30747110725916554,1.2061303934576915,0.0,0.0,0.0997292057423019,0.38873364814805983,0.844854180860626,0.21888064107186248,0.25907505227531447,0.21888064107186248,0.0,0.2847258347073796,0.0,0.6918094100099442,0.7361737040313562,0.00779183022873105,1.7017136421498926,0.0029253037622907208,0.05273490761984401,0.00793082079583729,0.03670237531013987,0.01024754465945743,-0.008567618811792355,0.0,0.25907505227531447,0.7865570152285988,0.4182989110660409,2.015031173658337,0.5220443066528231,1.9361601025042603,True,2022-07-29 17:30:00+00:00,2022-07-29 18:30:00+00:00,198.62120045442157,201.13237838375136,0.012043050810208223,0.012643050810208223,3,stop,0.032312931034751635,-0.006942751536946901,False,False,TSLA,2022-07-29 17:00:00+00:00,932,0.6609927744755272,3
0.026828601874708178,-0.35460488704253545,0.9350162426854148,0.3960500625287983,1.4708020522949476,0.6605005221481022,0.0,0.3363716937974301,2.019378145811287,0.6002672284526048,0.2654488379593463,0.5455471617523586,0.0,0.0,0.08621457075629535,0.12562429567943117,0.6523551961755203,0.26076775060070706,0.39973277154739517,0.26076775060070706,0.0,0.505380871792729,0.0,0.9907870725626502,1.3445401153757082,0.013457404822803855,1.594814231952284,0.01073958255639762,0.023079220313592552,0.018174141977556735,0.08409842499073328,0.026003897905833018,-0.00030038254781561413,0.0,0.39973277154739517,1.0,1.6846718927355395,0.8493160981960818,0.33949947785189777,1.3829797735421296,True,2022-08-01 16:00:00+00:00,2022-08-02 13:30:00+00:00,201.79734302192446,206.15483848193264,0.02099342335609815,0.02159342335609815,9,gap_through_stop,0.055380379335800534,-0.0043483404077646615,True,False,TSLA,2022-08-01 15:30:00+00:00,933,0.8341305113487945,3
0.008913351650596306,-0.3546048870425359,-0.9350162426854147,0.40491091399441215,0.7899458077601497,0.8499184814752648,0.0,0.1509571251618241,2.719754758351915,0.5974377176673473,0.46482831878587444,-0.11721997531499574,0.0,0.0,0.18809144102613443,0.04103087880352966,1.1112720162200036,0.44735619914261227,0.40256228233265257,0.44735619914261227,0.0,0.42254152236488957,0.0,1.0058342069409743,0.8245718276827096,0.004588567847392406,1.1304200524244674,0.0036221862443766017,0.009039242444982332,0.008245354591466914,-0.0019575468638061144,0.016927162341000557,0.015448052272944546,0.0,0.4025622823326526,1.0,1.9627311734982027,0.37281564893476343,0.15008151852473514,0.2520469131290151,True,2022-08-04 18:30:00+00:00,2022-08-04 19:30:00+00:00,182.52762567266743,186.02553143684054,0.018563706048781926,0.019163706048781926,3,target,0.02174150504017569,-0.006133003540168436,False,False,AAPL,2022-08-04 18:00:00+00:00,936,0.8350651380750811,3
0.016936560153389395,1.0,0.0,0.21960653839550948,0.815308698048319,0.5379966845491008,0.0,0.29241309177764285,0.34051113624928764,0.653028706010974,0.5079807465693179,0.2165002621007694,0.0,318.1616875707372,0.06447452743216431,0.2344754916948032,0.5505509933218697,0.1910253905600747,0.34697129398902604,0.1910253905600747,1.0,0.0,0.031816168757073715,0.6329242280269305,0.8726187432412703,0.010812609523034646,1.0852833971464082,0.03566821171470491,0.03653722337540155,0.04058460301711908,0.03390261927495564,0.05670870576964804,0.05532070384665366,0.0,0.34697129398902604,1.0,3.139000044978424,1.3315318110002679,0.46200331545089923,0.18207950141758597,True,2022-08-05 14:00:00+00:00,2022-08-05 18:00:00+00:00,212.31683596978704,212.359299336981,-0.000400000000000022,0.00019999999999997797,9,stop,0.025699594428814088,-0.0061468575747405385,False,False,TSLA,2022-08-05 13:30:00+00:00,937,0.9639464202381949,3
0.006930988355243987,1.0,0.0,0.36797384444479814,1.0264508493554936,0.5147319329922713,0.0,0.46445098836702314,0.49265091044723763,0.6155332625494992,1.0143570224217775,1.8241982964667645,0.0,30.457602095554925,0.035783350891762385,0.2252371704314096,0.3388204566292613,0.1302651955417705,0.38446673745050075,0.1302651955417705,1.0,0.049284757946835026,0.0030457602095554925,0.9571018988142608,1.0215260184231025,0.0017510636596542019,2.0564082023304926,0.005610491764481251,0.0406119862797969,0.008129444717698497,0.04464597343049359,0.010432871431948376,0.02087610810532925,1.0,0.38446673745050075,1.0,1.519593279885284,1.2621847867140807,0.4852680670077288,2.6331267282955215,True,2022-08-08 14:00:00+00:00,2022-08-08 18:00:00+00:00,1730.4536994514165,1730.7997901913068,-0.000400000000000022,0.00019999999999997797,9,stop,0.013203311800452866,-0.0022871753526124694,False,False,MSFT,2022-08-08 13:30:00+00:00,938,0.7911204381077992,3
0.005757107959075026,-0.970941817426052,0.23931566428755768,0.41072452744871807,0.9341193255745687,0.8751885055031111,0.0,0.5070229486816764,1.2101917436202991,0.6224354483017689,-0.04820931660140682,1.4780092653133623,0.0,0.0,0.23932316246548715,0.03445603956949258,1.3179837767251128,0.49762395380488,0.377564551698231,0.49762395380488,0.0,0.658911636252827,0.0,1.0878259773099415,0.9500573062107485,0.003364126628768208,1.2919925751110073,0.0023701899626522582,-0.005775965486256807,0.004920026256892918,0.020035172519529798,0.0032601481946894495,-0.00019027983753028277,0.0,0.37756455169823105,0.5669356840568521,0.624801568510834,0.3305699487292288,0.12481149449688893,0.800039372872368,True,2022-08-09 17:00:00+00:00,2022-08-09 17:00:00+00:00,1733.599357729071,1720.1256575377613,-0.00837209574475135,-0.0077720957447513506,1,stop,0.005400738782278536,-0.00833138214381246,False,False,MSFT,2022-08-09 16:30:00+00:00,939,0.7959708177009878,3
0.006019922481627923,1.0,0.0,0.09079167092526086,0.9757278951270025,0.45895415009377283,0.0,0.23656469848155165,0.2006712557773203,0.7923508576069517,-0.6745284303080704,0.23055968667967955,0.0,-63.92683043706104,0.14670218418545244,0.5152347357117031,1.2102386015386086,0.2513050077007245,0.20764914239304832,0.2513050077007245,1.0,0.0,0.006392683043706104,0.43723595425887196,0.9864239477642832,0.002565243669568889,1.5977867779837387,-0.005849321220868342,-0.016080944575443845,-0.0052953916756919295,-0.017186934955641386,-0.008486130328848374,-0.01664504639912001,0.0,0.2076491423930483,-0.08760244120853376,-1.0892377465335392,2.6055770983225517,0.5410458499062272,2.016663218104926,True,2022-08-10 14:00:00+00:00,2022-08-10 17:00:00+00:00,1700.712504275196,1710.2734617914089,0.005021736473494954,0.005621736473494954,7,stop,0.012633963275540339,-0.0029031823039226134,False,False,MSFT,2022-08-10 13:30:00+00:00,940,0.8120741278081015,3
0.012740741221553711,-0.7485107481711013,-0.663122658240795,1.2905725750608295,1.3921210168179332,0.8124142604675135,0.0,0.5076715946905805,3.1208439862661868,0.5231306745442714,0.4918723855139437,0.42737648407027046,0.0,0.0,0.0996822356803254,0.045577970210871,0.7036412641786338,0.33554493501178495,0.4768693254557286,0.33554493501178495,0.0,0.3938472916864784,0.0,2.7063442879817674,1.36493968612546,0.007766890512978352,2.700199087428506,0.01671773849303415,0.016305006815372725,0.0290757294482753,0.031668675858512296,0.03250609821685724,0.037350807473178316,1.0,0.4768693254557285,0.908708373055888,2.584885779772099,0.39336927229101787,0.1875857395324865,3.4707342915620303,True,2022-08-11 18:00:00+00:00,2022-08-11 19:30:00+00:00,196.6633555227636,202.05047490179118,0.02679259362634039,0.02739259362634039,4,target,0.03707319418015875,-0.009863103970617515,False,False,AAPL,2022-08-11 17:30:00+00:00,941,0.8859078894399421,3
0.014196011580105996,1.0,0.0,0.5342891435540823,0.90773657167988,0.7568243575363455,0.0,0.28927810851004054,0.9003069403020607,0.5508609123092005,1.2372836649386902,1.4416539206797017,0.0,16.75340814200288,0.09520103194292079,0.06882773751795312,0.6850556504161752,0.307685269845546,0.44913908769079947,0.307685269845546,1.0,0.2552423176141454,0.001675340814200288,1.1895850488121014,0.9175376440961575,0.005687072447531366,2.1835683273962894,0.009330888370839618,0.08187191777063596,0.017915649530347855,0.07540655593047307,0.03153887347198392,0.07175124414222234,1.0,0.44913908769079947,1.0,1.5960001371839732,0.5414261397594222,0.24317564246365453,1.902308806741343,True,2022-08-12 14:00:00+00:00,2022-08-12 18:30:00+00:00,205.10377016323082,211.36382948040617,0.029921424897227867,0.030521424897227867,10,target,0.033050219123404334,-0.00578007063600483,False,False,AAPL,2022-08-12 13:30:00+00:00,942,0.8380886792173033,3
0.007093821036652293,0.8854560256532099,0.4647231720437685,0.31703192522053264,0.5522609783911153,0.8603552730876337,0.0,0.11874119511936797,1.362825091450691,0.6271568887662157,0.36762079038909296,0.9494177084260803,0.0,0.0,0.23517551197594871,0.04012702140218535,1.3075530891277045,0.4875121618538494,0.37284311123378433,0.4875121618538494,0.0,0.49367445719675934,0.0,0.8503091935142223,0.6240029601310908,0.0028571730656775426,1.4142592507586864,0.0022540369969115126,0.015698214849402925,0.0013388897382058396,0.049513727433414534,0.001619059196648731,0.0032761350748813367,0.0,0.37284311123378433,0.8171485641356512,0.09905570493182747,0.3745401824650243,0.13964472691236626,1.2802089215705146,True,2022-08-17 14:30:00+00:00,2022-08-17 16:30:00+00:00,1664.2157253667683,1648.2780998618869,-0.01017665839948063,-0.009576658399480631,5,stop,0.0008945938365394479,-0.018448012416203863,False,False,MSFT,2022-08-17 14:00:00+00:00,945,0.7950179017332472,3
0.007878616325738826,1.0,0.0,0.2815219554430299,0.6284136401129471,0.632922087089767,0.0,0.28838575870114946,0.4972397135992576,0.6416588242503145,0.5545081692088506,1.5487356084110124,0.0,74.23926534160464,0.10373057750463942,0.1589400829430348,0.7662555405893865,0.27458091134008145,0.3583411757496856,0.27458091134008145,1.0,0.0,0.007423926534160463,0.785625472300407,0.7041923868932143,0.004158654549873107,1.7467578714884604,0.00966336338192142,0.025291581713234867,0.013274303161935563,0.032261043310097826,0.01488578946171093,0.019481782162275918,0.0,0.35834117574968555,0.1578463317395142,1.1914851080481657,1.0243810584745323,0.36707791291023295,2.4296724462224852,True,2022-08-18 14:00:00+00:00,2022-08-18 14:30:00+00:00,217.2730741479596,214.96212904264007,-0.011236132039747337,-0.010636132039747337,2,stop,0.011172134610414775,-0.01179169548518455,False,False,AAPL,2022-08-18 13:30:00+00:00,946,0.8511927924447734,3
0.00692746127109597,1.0,0.0,0.591139744722937,1.866972913074389,0.7854232586025957,0.0,0.30093545806754196,1.1015252937722764,0.5784981904502852,0.38010110784745565,-0.1483627260054266,0.0,47.27918114246776,0.13076536114173587,0.06244169785441998,0.8633923765157728,0.3639214490528808,0.42150180954971483,0.3639214490528808,1.0,0.05455279666958706,0.004727918114246776,1.4024607518398184,1.6445877863131046,0.003530762161895289,1.2501829845911119,0.00885929548206077,0.013929913075210187,0.011096725977769228,0.009975644513403825,0.011518078500325046,0.01943998438448391,0.0,0.42150180954971483,0.5734807912400501,1.402375639929802,0.5090766789983707,0.21457674139740435,0.8528321271697203,True,2022-08-22 14:00:00+00:00,2022-08-22 16:00:00+00:00,1650.0311563375458,1634.5999449798453,-0.009952072715979487,-0.009352072715979487,5,stop,0.000943680610249853,-0.012214830439766233,False,False,MSFT,2022-08-22 13:30:00+00:00,948,0.8497376803718399,3
0.008598820847785502,0.120536680255323,0.992708874098054,0.5534773280592782,1.225321145420631,0.7047698139990693,0.0,0.43466878573725504,1.8653411954504118,0.6240741919549488,-0.1247069441395854,-0.09869240803574479,0.0,0.0,0.12824783758095343,0.10964707729192134,0.8747577285629178,0.3288440059540183,0.37592580804505105,0.3288440059540183,0.0,0.4503131250545858,0.0,1.4723046841012555,1.1613477212370857,0.0034980573794013477,2.1755804923696784,0.00478201118544308,0.0031217006608967868,0.008718696771051526,-0.003969043631944613,-0.0014306345269293752,0.002555161478212664,1.0,0.3759258080450511,0.46896484073816314,0.6752674470502844,0.7853416277427696,0.2952301860009306,2.163062619582471,True,2022-09-02 15:30:00+00:00,2022-09-02 18:00:00+00:00,197.40312281870308,201.05260610771265,0.017887464822738886,0.018487464822738886,6,target,0.0195298140375737,-0.009357951503277784,False,False,AAPL,2022-09-02 15:00:00+00:00,957,0.795138458092829,3
0.00944681091567878,-0.3546048870425359,-0.9350162426854147,0.25448006956614666,0.5148886497735735,0.8608811497100732,0.0,0.11730488637948337,3.5799058295161372,0.6981969311558457,0.6330693279982947,0.46543505523750833,0.0,0.0,0.37114934071621203,0.04730213010403658,1.8524598938172494,0.5590780808659189,0.3018030688441543,0.5590780808659189,0.0,0.4598068682729608,0.0,0.8431990785937158,0.6386387713257643,0.0038133133006440505,1.2794679085258067,0.0024098183628284975,0.018514099091609504,0.007123428836685486,0.011710716726633486,0.014398634369086727,0.0272803972886706,0.0,0.3018030688441543,1.0,1.0372371948808654,0.4609590314055999,0.1391188502899268,0.41681232919122874,True,2022-09-02 18:30:00+00:00,2022-09-05 13:30:00+00:00,201.03559008508032,198.47174405582518,-0.013353194736166318,-0.012753194736166318,4,stop,0.0018277158354758072,-0.016352524559117843,False,False,AAPL,2022-09-02 18:00:00+00:00,957,0.8245940510436466,3
0.01292136337281804,1.0,0.0,0.4681178814822724,0.9800705567530992,0.5604467905537799,0.0,0.5224807949347601,0.666182565282807,0.6061812813035724,0.5954413647510305,0.009712424691967786,0.0,26.706142595889215,0.04791455589457608,0.18794692929303627,0.42310856225609045,0.16662807185735223,0.3938187186964276,0.16662807185735223,1.0,0.3531051018754821,0.0026706142595889215,1.188663360217567,0.9861334520639443,0.004811153302024091,2.200394839984076,0.008772397293439482,0.027233783688166202,0.015092220335928275,0.024414875864356533,0.02308049185958727,0.03040604325800822,1.0,0.3938187186964276,0.7661531743569514,1.0621785731837885,1.1161308200400588,0.4395532094462201,3.268742479933979,True,2022-09-06 14:00:00+00:00,2022-09-06 15:00:00+00:00,161.07006075825623,158.26038030047818,-0.01804384055330428,-0.01744384055330428,3,stop,0.004421225489834146,-0.02562401978849216,False,False,TSLA,2022-09-06 13:30:00+00:00,959,0.7333523050154646,3
0.013810108398071678,-0.970941817426052,0.23931566428755768,0.4642817028134734,0.5907104427127834,0.8218994480964958,0.0,0.20739721111037884,1.8860201263110004,0.6013021242326615,0.7549656859068478,1.1637221681587298,0.0,0.0,0.17486122759510728,0.05164364590307836,1.0614593105475305,0.4232015723291574,0.3986978757673385,0.4232015723291574,0.0,0.41728032395898346,0.0,1.164495050092533,0.6460572593109876,0.007613313506701943,1.5711092999620542,0.006453156869397514,0.03991156289839082,0.017569492532374165,0.06490321531527488,0.020981839652103318,0.05485041693611947,0.0,0.3986978757673385,1.0,1.5496883889130915,0.4467055450460182,0.17810055190350413,1.5942661888596006,True,2022-09-08 17:00:00+00:00,2022-09-09 13:30:00+00:00,167.8300535093758,167.86361952007766,-0.000400000000000022,0.00019999999999997797,7,stop,0.01869352444243577,-0.009873994169303124,False,False,TSLA,2022-09-08 16:30:00+00:00,961,0.6699173466628496,3
0.015030157708282098,1.0,0.0,0.4343566708838378,0.5683359285833102,0.7746399172328922,0.0,0.24460980150438838,0.8408078044039906,0.599825294412534,0.5902834651126878,1.4240411084264026,0.0,-142.630221831479,0.1449323175254211,0.07043399918345304,0.9357543253398872,0.3744652116454261,0.40017470558746604,0.3744652116454261,1.0,0.6227623523392352,0.0142630221831479,1.085417605908379,0.6227623523390947,0.005807933814766673,1.0651431127230544,-0.007785399503787871,0.027408579249606824,0.0036537689332127865,0.0588194421626711,0.00718164778587882,0.015103826252631292,0.0,0.400174705587466,1.0,0.8406542634229482,0.5631542414357998,0.22536008276710787,0.17741940774911336,True,2022-09-09 14:00:00+00:00,2022-09-09 16:00:00+00:00,169.27258692046476,168.28124831952658,-0.00645646275615781,-0.00585646275615781,5,momentum_decay,0.008887476302936292,-0.009704835131815193,False,False,TSLA,2022-09-09 13:30:00+00:00,962,0.7586916537008888,3
0.006990774234555933,1.0,0.0,0.343438408846304,0.9777470503385027,0.8783408687459335,0.0,0.11407005146247859,0.8235500867601164,0.6337126360176681,0.38833366656709833,1.5192099160476213,0.0,12.628630777080652,0.2593746984217168,0.03423466553158025,1.3979556902957173,0.5120535047636017,0.36628736398233186,0.5120535047636017,1.0,0.3239451356347222,0.0012628630777080652,0.937620138222595,0.984587442122736,0.002656355640255188,1.7099445827951176,0.0036725809584454705,0.00735255188438777,0.006152305341230679,0.032548345989250604,0.009378660395253702,0.006437295270262489,0.0,0.36628736398233186,0.8636660959993897,0.8234597498356008,0.33214121811659764,0.12165913125406642,1.5530218308176562,True,2022-09-12 14:00:00+00:00,2022-09-12 17:00:00+00:00,197.05064701610237,200.0123506761373,0.014430164604295404,0.015030164604295404,7,target,0.017577211039688123,-0.002272386268444504,False,False,AAPL,2022-09-12 13:30:00+00:00,963,0.8615410424368203,3
0.006898001895089334,1.0,0.0,1.0819831552037416,7.217864906210533,0.7795304591748864,0.0,0.5320284058767474,1.8811321780552361,0.5516323437370392,0.8554445153330907,2.310226061446034,0.0,100.63784060876158,0.10586900465885189,0.06047323569717458,0.7385965474670331,0.3311628029119255,0.44836765626296093,0.3311628029119255,1.0,0.0,0.010063784060876158,2.4131605839319836,4.386104258740579,0.004508611902938775,1.4618037524788146,0.01765910503227519,0.036978329069175864,0.0187311103783685,0.044602766036642594,0.0190247023160226,0.023604564910863823,0.0,0.4483676562629609,0.7655805612443064,2.944838125950527,0.49171597849526183,0.22046954082511358,0.9580057252658006,True,2022-09-13 14:00:00+00:00,2022-09-13 18:30:00+00:00,204.3372506847578,205.39297457451826,0.004566575777165505,0.005166575777165505,10,stop,0.013099277956518218,-0.006177249755094039,False,False,AAPL,2022-09-13 13:30:00+00:00,964,0.8731903488257509,3
0.007664829322602211,0.8854560256532099,0.4647231720437685,0.6007634744848119,0.559278574417959,0.8020416340644888,0.0,0.2828240164071358,2.4886127672328175,0.5795047491597926,0.41200024344478503,2.3801580688977806,0.0,0.0,0.14057849962437158,0.056241337912494097,0.9073738227994249,0.3815463832242814,0.42049525084020745,0.3815463832242814,0.0,0.3708678432795075,0.0,1.4287045413340667,0.6026842189544014,0.0032428108165479495,1.2071863874499793,0.004626051302579759,0.014482690438393231,0.00904057719686846,0.052694753835063946,0.008815594567544771,0.005873587980243178,0.0,0.42049525084020745,0.5919275003547034,0.8082497793164991,0.47077432037521444,0.19795836593551114,0.4216951790684362,True,2022-09-14 14:30:00+00:00,2022-09-14 16:00:00+00:00,207.49833249054342,207.53983215704153,-0.000400000000000022,0.00019999999999997797,4,stop,0.008447963289943239,-0.005457276714137649,False,False,AAPL,2022-09-14 14:00:00+00:00,965,0.7975966527856564,3
0.0073341881528013395,-0.9709418174260521,-0.23931566428755743,0.3482191193875797,3.556778487209759,0.9309808353732265,0.0,0.5734898919314171,3.163390675136115,0.627713433526734,0.3662984880423491,2.3147106823697063,0.0,0.0,0.2923329438867477,0.017118750756683006,1.5007102571320712,0.5586942688999605,0.37228656647326586,0.5586942688999605,0.0,0.46501995381413525,0.0,0.935352362257706,2.1504453557237837,0.0030655209346215906,1.446706955464044,0.002560443668701229,0.011033100467130241,0.003282683978388823,0.040982599448241785,-0.0018714244907825917,0.01330287916905637,0.0,0.3722865664732659,1.0,0.5555879459553953,0.1853925734696101,0.06901916462677353,0.9347556408994798,True,2022-09-14 17:30:00+00:00,2022-09-14 19:30:00+00:00,208.37482900791548,206.31167773487547,-0.010501154006281776,-0.009901154006281776,5,stop,0.00106726036136906,-0.010384511661166163,False,False,AAPL,2022-09-14 17:00:00+00:00,965,0.7427122324468434,3
0.011388433694249226,0.8854560256532099,0.4647231720437685,0.05042965958212716,1.2479953450226162,0.7082994694664095,0.0,0.11389333344980734,0.3427841328894135,0.870840917469347,0.476830990059755,1.5638157682573197,0.0,0.0,0.6168161598331798,0.27590977759576424,4.483930789714349,0.5791403869357565,0.129159082530653,0.5791403869357565,0.0,0.6657746976756075,0.0,0.39044609634911887,1.0544740737572915,0.00848319088813217,2.0434686218146174,0.0005746448614429855,0.006490183179507225,0.02686466326465342,0.027972605647902604,0.02561897395617274,0.02513360645077367,1.0,0.12915908253065306,-0.08053496721282967,2.24979133412728,2.2584592954327465,0.29170053053359046,2.929264157170395,True,2022-09-15 14:30:00+00:00,2022-09-15 18:30:00+00:00,190.10314935333292,194.75785014301147,0.023885132442635838,0.024485132442635837,9,target,0.04375779144435432,-0.008934248126238331,False,False,TSLA,2022-09-15 14:00:00+00:00,966,0.6621176105126323,3
0.009510304987577446,1.0,0.0,0.8031640608706594,9.77481557731869,0.8855167939060778,0.0,0.20194214804543376,1.5620034552927553,0.5446775346412571,1.2177296912557098,0.9733106192376796,0.0,64.18341034404307,0.15190099277365876,0.026011636753380845,0.9448124379462557,0.430194328547335,0.4553224653587429,0.430194328547335,1.0,0.09461064682835328,0.006418341034404307,1.763945603338189,5.446929818179135,0.004834358783866704,1.326347340050999,0.014164872250289173,0.054657313678413644,0.014969234316723812,0.0353146132948321,0.025942211003816773,0.05441125106434641,0.0,0.4553224653587429,1.0,2.0098323062812162,0.2514332474320396,0.11448320609392215,0.9524555046326876,True,2022-09-16 14:00:00+00:00,2022-09-19 13:30:00+00:00,1353.6861091880958,1382.9600632146,0.021025363389495167,0.021625363389495167,13,gap_through_target,0.021625363389495167,-0.0024984056778251107,False,True,MSFT,2022-09-16 13:30:00+00:00,967,0.8655017457842757,3
0.006093538570901189,0.8854560256532099,0.4647231720437685,0.2830344310498017,0.744573301187119,0.6851565764273846,0.0,0.2689257277123799,1.0251212851047422,0.6686388839822978,-0.06297777965363244,0.4229403127201014,0.0,0.0,0.16304628831523182,0.13684642641179134,1.0677036118800194,0.3537954604096824,0.33136111601770224,0.3537954604096824,0.0,0.46952811458417354,0.0,0.8541570430813047,0.8154388456298988,0.002783071820546988,1.4292277084669363,0.0017276608867853316,0.0007378709340761791,0.004336976837767237,0.0005035813904368247,0.0005863525380962464,0.0004766190622247368,0.0,0.33136111601770224,0.6109347862198335,0.5453686331601277,0.9501519893327396,0.31484342357261536,1.3877957213970904,True,2022-09-19 14:30:00+00:00,2022-09-19 15:00:00+00:00,207.71419562037295,206.00548109567873,-0.008826277070716548,-0.008226277070716548,2,stop,0.003959480528493486,-0.008555290405752869,False,False,AAPL,2022-09-19 14:00:00+00:00,968,0.7771696090348919,3
0.00556184188354772,1.0,0.0,0.04571906989628613,0.13110031117840598,0.49794253997536553,0.0,0.1848819623250355,0.1833666487322803,0.875847271317555,0.007442131575084214,2.3657082369688975,0.0,-21.106470158996913,0.43612161491035645,0.5484644850503467,3.010725702597524,0.3737898112929206,0.12415272868244498,0.3737898112929206,1.0,0.3780810111373451,0.0021106470158996915,0.3682486110573158,0.3780810111372945,0.0022402986123118934,2.356131795951842,-0.0018568369387257366,-0.005098683795021652,7.931566080876529e-05,0.017901282789004602,-0.0025480410567945144,-0.002609289831312145,1.0,0.12415272868244495,-0.20658111338183302,-0.5631272658380764,4.043869718782846,0.5020574600246345,3.8131637526493813,True,2022-09-20 14:00:00+00:00,2022-09-20 14:30:00+00:00,1377.9188270362192,1378.1944108016264,-0.000400000000000022,0.00019999999999997797,2,stop,0.008894618519495578,-0.005433576452855249,False,False,MSFT,2022-09-20 13:30:00+00:00,969,0.7674104870778028,3
0.006174990403776787,1.0,0.0,0.3090362634331614,1.0190743018405295,0.5264531372849127,0.0,0.41042053578708393,0.45627412128219175,0.6434312120047374,-0.020217320822675765,0.5042262105712888,0.0,-60.47408007977539,0.053796080369519314,0.23644988671469191,0.4764420078513493,0.16988434928965018,0.3565687879952626,0.16988434928965018,1.0,0.08368918829337689,0.006047408007977539,0.8666946570692756,1.012274277611357,0.003540823469942172,1.0690191561086109,-0.004147025799442483,-0.008815401946145274,-0.002286477433071199,-0.013869138794117442,-0.0005217991304383718,0.0002675077318248231,0.0,0.3565687879952626,1.0,-0.10030244098060613,1.3280659403121877,0.4735468627150872,0.1683046415884821,True,2022-09-21 14:00:00+00:00,2022-09-21 16:00:00+00:00,1365.771918726734,1371.3903550202394,0.0035137441885197303,0.00411374418851973,5,stop,0.011644527839904661,-0.001558235168459099,False,False,MSFT,2022-09-21 13:30:00+00:00,970,0.8221775574422661,3
0.005549374393866182,1.0,0.0,0.578323634388799,1.033531286879804,0.5907723438261149,0.0,0.586151666934845,0.8461847308910707,0.5962375631404658,0.23724158003982238,0.6048424551186151,0.0,-42.90413361897838,0.054382220450429605,0.16376549237672672,0.463168164976173,0.1870099069665807,0.40376243685953417,0.1870099069665807,1.0,0.9740737464865465,0.004290413361897838,1.4323363978259158,1.0266163148394818,0.0020594815739064173,1.2316298286482463,-0.001084559708599997,0.008068781960477223,0.0020235618715542802,-0.0008177495418655312,0.0006481721222799663,0.006109428469579736,0.0,0.40376243685953417,0.7493517013390006,0.2107507596160775,1.0135357299623184,0.4092276561738851,0.7501208843349566,True,2022-09-22 14:00:00+00:00,2022-09-22 14:30:00+00:00,1376.7920345466825,1366.477583022723,-0.008091655431719368,-0.007491655431719368,2,stop,0.004728044428132572,-0.010089958315579128,False,False,MSFT,2022-09-22 13:30:00+00:00,971,0.7932243887817716,3
0.006527405573302977,-0.7485107481711012,0.6631226582407952,0.5284790448815035,1.0522711840606929,0.6582170782706458,0.0,1.112687807581776,1.2735091722950886,0.5906943821409536,-0.1661205896076872,0.24693689365315064,0.0,0.0,0.07881482572081287,0.12349101882117967,0.6081310628315517,0.24891146041159937,0.4093056178590464,0.24891146041159937,0.0,0.4748774827676058,0.0,1.2911600081274652,1.0429670425772,0.0026837557400116664,1.3249567828715911,0.0034615379741622654,0.003577411338492542,0.00677340703664564,0.005800821378470156,-0.0019243969709697994,-0.0014034836173250076,0.0,0.4093056178590464,0.5397906139777856,0.7484216850650628,0.8350311034503873,0.3417829217293542,1.1836725001135249,True,2022-09-22 16:30:00+00:00,2022-09-22 17:30:00+00:00,1373.327142042177,1373.6018074705855,-0.000400000000000022,0.00019999999999997797,3,stop,0.007732202835447177,-0.0019622138106561993,False,False,MSFT,2022-09-22 16:00:00+00:00,971,0.7312181142458141,3
0.016271202728359548,0.8854560256532099,0.4647231720437685,0.6013933818137709,1.9245074323061386,0.7570964484970778,0.0,0.34022586706833263,1.135227911693902,0.570636443514219,0.1542021915586675,0.905541094047859,0.0,0.0,0.10992192092123652,0.072341714557563,0.7632992764768395,0.32773289201129685,0.42936355648578095,0.32773289201129685,0.0,0.507766236059856,0.0,1.4006623820987634,1.699880418802036,0.007920803386061132,1.2800182495864512,0.00988209381288252,0.010971254770776984,-0.0040634779598363036,0.058638604208128164,-0.006893111252696316,0.007122418237676786,0.0,0.42936355648578095,1.0,-0.07116454079481643,0.5657293168774902,0.2429035515029222,0.6917906443897593,True,2022-09-23 14:30:00+00:00,2022-09-23 16:30:00+00:00,188.56015542552657,188.75106232400196,0.00041244559352720037,0.0010124455935272003,5,momentum_decay,0.011657199107367733,-0.007505299407085109,False,False,TSLA,2022-09-23 14:00:00+00:00,972,0.6792570174401934,3
0.010499740813903037,-0.7485107481711013,-0.663122658240795,0.6240771195652289,0.6434288166038822,0.8507047059078907,0.0,0.21089899474235455,2.321516149975029,0.5582161156554071,0.3568348961525178,-0.06963879217712435,0.0,0.0,0.14651743468987613,0.03716747225681198,0.9256128076506027,0.4089208215632978,0.4417838843445929,0.4089208215632978,0.0,0.38693980329807215,0.0,1.4126298891392939,0.6727842285008494,0.004661588539010382,1.8482392381416246,0.0065958684072711105,0.01707129088511694,0.017021481444591702,0.03092807946309417,0.02329178489665451,0.016071991300443456,0.0,0.4417838843445929,1.0,1.8778418650305275,0.3379373928804185,0.14929529409210923,2.0793608753087747,True,2022-09-23 18:00:00+00:00,2022-09-23 18:30:00+00:00,201.33255569416093,205.8775259463681,0.02197444274989151,0.02257444274989151,2,target,0.024213039701932226,-0.009620192624286483,False,False,AAPL,2022-09-23 17:30:00+00:00,972,0.8723827965676914,3
0.012730142731366103,1.0,0.0,0.016932163368680087,0.024842347770870403,0.7815039978985214,0.0,0.03760037373143731,0.13448686525600262,0.9016070949344716,0.9885495638556847,0.9015854608319293,0.0,-94.62105554197132,0.7046095492249612,0.2114865800248868,6.942686491090934,0.683111092832993,0.09839290506552845,0.683111092832993,1.0,0.11483377647770301,0.009462105554197131,0.17208723898743994,0.11483377647767384,0.006324659470179783,2.1810530774213785,-0.009248550212184958,0.0415601918564068,-0.0006577812851431553,0.033532372216961814,0.013747987427298547,0.04390056724311098,1.0,0.09839290506552846,1.0,0.2958395651632026,2.220647941546713,0.21849600210147854,1.9100065776334025,True,2022-09-26 14:00:00+00:00,2022-09-26 16:00:00+00:00,206.38298972040513,206.4534687541108,-0.000258503669313303,0.00034149633068669694,5,momentum_decay,0.010114479775912288,-0.0048598157409524,False,False,AAPL,2022-09-26 13:30:00+00:00,973,0.8495766031831236,3
0.00659862830795284,-0.7485107481711012,0.6631226582407952,0.16929847251466237,0.6201097488190127,0.661920146634229,0.0,0.19325437650847294,2.855176139053429,0.7038286852960527,0.6914019691512926,0.72512281280796,0.0,0.0,0.19177467820401034,0.1698569346102412,1.2349232142743118,0.3657488319302818,0.2961713147039473,0.3657488319302818,0.0,0.5420301699043888,0.0,0.5716234628728074,0.7342798177201335,0.002943604808866645,1.2646440073664937,0.0011183870855973055,0.014647513537328516,0.0029271972637148203,0.016715810113103302,0.01460415283993921,0.015020702404060282,0.0,0.29617131470394725,1.0,1.3326309320694034,1.1415010049285113,0.3380798533657709,0.703107576850467,True,2022-09-26 16:30:00+00:00,2022-09-26 17:30:00+00:00,1396.283417771725,1416.0925616375573,0.013587050862098483,0.014187050862098483,3,target,0.02039287114371624,-0.00434593452644938,False,False,MSFT,2022-09-26 16:00:00+00:00,973,0.8235096890848922,3
0.007868193481661677,-0.7485107481711013,-0.663122658240795,1.0105945751520158,2.5213084737376064,0.7068713258356931,0.0,0.6482039286542344,4.2633591521424234,0.542992205328072,0.8682548821731979,1.0451724353363352,0.0,0.0,0.06995068494606413,0.08708579415396515,0.5467380077031562,0.24986353116376514,0.457007794671928,0.24986353116376514,0.0,0.3066983587289922,0.0,2.21132896842053,2.2234326623334657,0.003135422578621389,1.3383266330226529,0.008015287638481805,0.032615762307998564,0.011230007082713378,0.03140623712238977,0.016350480803927203,0.025431511682457053,0.0,0.457007794671928,1.0,2.1233340233822524,0.6414084783273971,0.2931286741643069,0.9472593241773755,True,2022-09-26 18:00:00+00:00,2022-09-27 13:30:00+00:00,1417.5279780067676,1400.0684317951007,-0.012916897078967992,-0.012316897078967992,5,gap_through_stop,0.004104854688407267,-0.012316897078967992,True,False,MSFT,2022-09-26 17:30:00+00:00,973,0.7885105614047855,3
0.008339195575032331,1.0,0.0,0.15998238137516174,0.5092936142893902,0.789765464631491,0.0,0.10601743194521739,0.39826428256655416,0.6827519682524058,0.43336668073285817,1.2693717054004694,0.0,-153.10124039422112,0.2677063940771071,0.07955270296143077,1.4894258926705775,0.4725174328838968,0.3172480317475942,0.4725174328838968,1.0,0.0,0.015310124039422113,0.5042817145117716,0.6190137855045098,0.005441673321240611,1.3301918911735,-0.013994670303232759,0.01415438536879865,-0.011441323534467474,0.021083804259704575,-0.009775417178711998,0.0040503057296932266,0.0,0.3172480317475942,1.0,-1.0492269950831266,0.6626819218083009,0.21023453536850897,0.6685400885679194,True,2022-09-27 14:00:00+00:00,2022-09-27 16:00:00+00:00,1401.9387924990015,1405.429972419814,0.0018902513144595685,0.0024902513144595684,5,momentum_decay,0.009930599282855779,-0.0028679282314889587,False,False,MSFT,2022-09-27 13:30:00+00:00,974,0.8171635649993411,3
0.007953798499709537,-0.9709418174260521,-0.23931566428755743,0.17957672204278316,22.55829169479665,0.8006514996843468,0.0,1.6100998508605837,0.651011722328161,0.6903780238997863,-0.5778127671669934,0.3632476764693324,0.0,0.0,0.2922032569461227,0.0754118317068816,1.585900102334829,0.4910295235841331,0.3096219761002137,0.4910295235841331,0.0,0.40840351583358253,0.0,0.579987003198573,2.448558744545359,0.0033023558049385016,1.1381719843497256,0.0014303600700600327,-0.020040071450434627,0.0014938620785454049,0.01571865736806566,-0.009578389363617767,-0.016868132214695408,0.0,0.30962197610021375,-0.37487931880075814,-0.21225816364123753,0.6438448033496307,0.19934850031565315,0.2321940046260022,True,2022-09-27 17:30:00+00:00,2022-09-27 18:30:00+00:00,203.15723476764197,203.1978662145955,-0.000400000000000022,0.00019999999999997797,3,stop,0.00953112745562823,-0.0026823826341643153,False,False,AAPL,2022-09-27 17:00:00+00:00,974,0.7281226868744027,3
0.005791132146263199,-0.7485107481711013,-0.663122658240795,0.5371084732984324,0.6878630205799453,0.752226701161465,0.0,0.3316389673299743,1.9550158347045057,0.5987168234941804,0.14462691516065398,0.5599603018495257,0.0,0.0,0.13129108367293305,0.07998089218650786,0.8745532960325261,0.35094352465564543,0.40128317650581957,0.35094352465564543,0.0,0.3829244115046878,0.0,1.3384774262786543,0.7338975373461575,0.0026321677039682807,1.0738994860442657,0.0031201713330493153,0.005047594939167288,0.007691094279727473,0.00837313056782163,0.006826818843748139,0.0041045778659400955,0.0,0.40128317650581957,0.6459463482496287,1.099978365018776,0.6174524957561632,0.24777329883853502,0.19055919914369404,True,2022-09-30 18:00:00+00:00,2022-10-03 15:00:00+00:00,1428.2317660400367,1434.9938473056206,0.0041345825981259805,0.00473458259812598,8,stop,0.011394384566328686,-0.005282836725277185,False,False,MSFT,2022-09-30 17:30:00+00:00,977,0.8035175703468391,3
0.00772321383601956,-0.9709418174260521,-0.23931566428755743,0.5904117759827748,5.891843027848659,0.7221788620171531,0.0,0.3907056118291039,2.04142632729583,0.5801727271996414,0.29677435989425466,0.6154070784492437,0.0,0.0,0.10058250219341015,0.08928269731818862,0.7201809144024721,0.3023515892167945,0.4198272728003586,0.3023515892167945,0.0,0.3036623329640937,0.0,1.406320680513614,3.2931315195971544,0.0030091351582882497,1.7878040534950175,0.004580764115390101,0.021544848357905932,0.005362408844144184,0.04295194978625205,0.0005059945159535673,0.005725764452470861,0.0,0.4198272728003586,0.1646799633016441,0.19755345250479825,0.6617510485428872,0.2778211379828469,2.1546046616817938,True,2022-10-03 17:30:00+00:00,2022-10-04 13:30:00+00:00,197.25413852393595,196.6846770153781,-0.0034869432743929833,-0.0028869432743929835,6,gap_through_stop,0.010193409007566157,-0.003360513549434896,True,False,AAPL,2022-10-03 17:00:00+00:00,978,0.7701431676488688,3
0.011228202719724752,1.0,0.0,0.015267687057039021,0.025547092358540444,0.7522583376569509,0.0,0.08036404147882328,0.24402242109178301,0.9529336491540061,0.6044982229171469,1.591666054815587,0.0,-101.12056063608765,0.7168522828099647,0.2809324758080772,14.982933117095321,0.705191986810957,0.047066350845993865,0.705191986810957,1.0,0.2179795766621232,0.010112056063608765,0.32438646257060627,0.21797957666206078,0.004950064992954936,2.3149916509435506,-0.00994233177913717,0.019971898552422207,-0.003320808663189956,0.05951827939553356,0.0007631992176488911,0.010440424711511964,1.0,0.04706635084599389,1.0,-0.17532799900148166,5.263668372055647,0.2477416623430491,2.4998829280841353,True,2022-10-04 14:00:00+00:00,2022-10-04 16:00:00+00:00,208.94241833861344,213.98642117280272,0.02354063584740811,0.02414063584740811,5,target,0.024536086510016153,-0.005195655874875582,False,False,TSLA,2022-10-04 13:30:00+00:00,979,0.7330565347056394,3
0.011366870414128103,-0.7485107481711012,0.6631226582407952,0.3871208011650725,4.646859591381699,0.8205728685502935,0.0,0.19062849712701427,2.367911584937344,0.635626488565975,0.7546013528204633,1.7784428711655498,0.0,0.0,0.2176735985353764,0.0567363986453739,1.2520102115007465,0.45619935711626863,0.36437351143402497,0.45619935711626863,0.0,0.42858547970323546,0.0,1.0624284944356233,2.333256835232783,0.005045699022381873,2.227985341484934,0.004419800660048878,0.032994335205130954,0.00537605114428219,0.0792116664296647,0.020543432078752755,0.020363357112257896,1.0,0.36437351143402497,1.0,1.2140686251249355,0.49242638616447115,0.17942713144970643,2.4431047882696038,True,2022-10-04 16:30:00+00:00,2022-10-04 18:30:00+00:00,213.60619512968438,213.6489163687103,-0.000400000000000022,0.00019999999999997797,5,stop,0.014121934273145564,-0.008159170615238964,False,False,TSLA,2022-10-04 16:00:00+00:00,979,0.7194264190627874,3
0.0048065515051378925,1.0,0.0,0.37209819592358834,1.188157226973726,0.5933370766113919,0.0,0.43256183618115035,0.6311246011678312,0.650180558049639,0.6799111488389745,1.2916624570677013,0.0,39.69427003975845,0.08951600374150433,0.19059090329218656,0.6961237868977377,0.24351763466103094,0.34981944195036097,0.24351763466103094,1.0,0.0,0.003969427003975845,1.0636864373489814,1.1265668071979775,0.001931190625152788,1.3173299395034093,0.005768252720384837,0.015165315716833438,0.007293257133741626,0.01902603208122189,0.00982558055437277,0.015897769220204472,0.0,0.34981944195036097,1.0,1.8054399670638461,1.1624937742772996,0.4066629233886081,1.0003553485932064,True,2022-10-06 14:00:00+00:00,2022-10-06 14:00:00+00:00,1474.7389736768512,1465.169621751475,-0.0070888445319361,-0.0064888445319361,1,stop,0.0037168430302700894,-0.007087610674738065,False,False,MSFT,2022-10-06 13:30:00+00:00,981,0.8358594905521357,3
0.006284472252740173,1.0,0.0,0.2168161205970881,0.19135926395890937,0.5869946425379357,0.0,0.2800998137168269,0.39809917003983003,0.6803060373282963,0.2811377915132503,0.6192750454139685,0.0,12.634147400241158,0.11129684067074232,0.21464961281047296,0.8361142563727167,0.26730067986623185,0.3196939626717037,0.26730067986623185,1.0,0.27077376529537084,0.0012634147400241158,0.6781989837566569,0.2707737652953592,0.0033182652692498177,1.1162706349057818,0.002629572623501497,-0.0013526042591276433,0.009839046288842246,0.01379219878707616,0.00810997171533967,0.010837971684868997,0.0,0.31969396267170375,1.0,1.679463882772494,1.2918772503876685,0.4130053574620644,0.4939699536276566,True,2022-10-07 14:00:00+00:00,2022-10-07 17:00:00+00:00,1472.7442354599543,1492.6433890686862,0.012911615343391403,0.013511615343391403,7,target,0.01697424398073122,-0.0014611227434521146,False,False,MSFT,2022-10-07 13:30:00+00:00,982,0.8252027539484196,3
0.010763487429552783,-0.9709418174260521,-0.23931566428755743,0.6728667308462444,1.0386104418143833,0.8366695552871025,0.0,0.24591399349973805,4.482509208345851,0.5530973214757392,1.1143532403342729,0.30124841596992574,0.0,0.0,0.13453219811709738,0.041117837400033545,0.8721515790633524,0.38976687676284166,0.4469026785242608,0.38976687676284166,0.0,0.3462805523508947,0.0,1.5056225061531305,1.0350649960727771,0.004517552005204267,1.912468248447358,0.007295227500889956,0.05406561409955746,0.014420544516663858,0.010192062646453559,0.025826025349365178,0.056548115470654636,0.0,0.4469026785242608,1.0,1.7640943154008673,0.3654720648623712,0.1633304447128975,2.1722013022377555,True,2022-10-07 17:30:00+00:00,2022-10-10 13:30:00+00:00,202.44537635003752,201.9965118214352,-0.002817213041340149,-0.002217213041340149,6,momentum_decay,0.007052407096828528,-0.004418121467109293,False,False,AAPL,2022-10-07 17:00:00+00:00,982,0.8179378011550936,3
0.007288352285917953,0.8854560256532099,0.4647231720437685,0.5255657498311389,1.3423135192484639,0.7145900217995547,0.0,0.3597907559500278,1.1830539634072295,0.5830862613295151,0.1047955074591183,0.9255493997428745,0.0,0.0,0.09916685248923225,0.09344839227572257,0.713999697103509,0.29767628312906985,0.41691373867048476,0.29767628312906985,0.0,0.46029417949000884,0.0,1.2606102919686442,1.2702683050378076,0.003310410803893656,1.3451169720314875,0.003845237548659064,0.0076737309097758555,0.007220510606975594,0.013824254635239619,0.0013914205935214863,0.00047628191626003513,0.0,0.4169137386704848,1.0,1.0287721975440882,0.6845780115343576,0.28540997820044534,1.2189962667492855,True,2022-10-10 14:30:00+00:00,2022-10-10 17:30:00+00:00,1488.2084039276497,1478.1189861585544,-0.007379573171652231,-0.006779573171652231,7,momentum_decay,0.0034665273721421475,-0.008833115671478708,False,False,MSFT,2022-10-10 14:00:00+00:00,983,0.7847470606668572,3
0.013865467355711352,-0.35460488704253545,0.9350162426854148,0.49904049060843975,0.6884387639258639,0.8085244499836264,0.0,0.5100679323091412,1.8185590463492352,0.5951663181461448,0.12899550455751155,0.9762459185567828,0.0,0.0,0.1599493309692162,0.05595324921973673,0.9971768314357743,0.4036907681297713,0.40483368185385504,0.4036907681297713,0.0,0.4176835635462421,0.0,1.232704967440415,0.7337284073388494,0.006561900853943129,1.300102716976221,0.006967641738417463,0.021374778459581467,0.017263294101921733,0.02988503426479694,0.008699829114601876,0.008686469014440812,0.0,0.4048336818538551,0.7537880146620025,1.113383105998056,0.4729733680740779,0.19147555001637362,0.9202154956927052,True,2022-10-12 16:00:00+00:00,2022-10-12 19:00:00+00:00,219.52761920765593,226.07190323892763,0.02921075481477946,0.02981075481477946,7,target,0.03185132032963467,-0.004177033963998156,False,False,TSLA,2022-10-12 15:30:00+00:00,985,0.6616780036729307,3
0.012432663807201084,-0.35460488704253545,0.9350162426854148,0.10108148875845901,0.31865224833986144,0.859557090107587,0.0,0.16739228730327527,0.969586934519728,0.7836420868651175,0.47775274814236024,1.7010164178003533,0.0,0.0,0.6674887047082864,0.06049916500004446,2.9728479427949726,0.6431991769727046,0.2163579131348825,0.6431991769727046,0.0,0.5203472680559534,0.0,0.46719570961771345,0.520347268055748,0.004922669396479672,1.4366839114976306,0.0012582934795906109,0.03349705088518151,0.005227735123885857,0.055587821386483105,0.004520505218033044,0.01747633748095767,0.0,0.21635791313488245,1.0,0.6325764365336808,0.6491230565917187,0.140442909892413,1.2309703668508636,True,2022-10-13 16:00:00+00:00,2022-10-14 14:00:00+00:00,226.88114703895752,226.92652326836532,-0.000400000000000022,0.00019999999999997797,10,stop,0.01627157183689487,-0.016456146480609002,False,False,TSLA,2022-10-13 15:30:00+00:00,986,0.6448770229850266,3
0.008013433781804833,-0.3546048870425359,-0.9350162426854147,0.3924677740541075,2.291400343480344,0.7852076613765409,0.0,0.2333676130514422,1.9008502878663764,0.6088068071885803,-0.022248322777014655,0.08486510388358938,0.0,0.0,0.16049579348149698,0.0675224197860196,1.007211975578635,0.3940144685651211,0.39119319281141973,0.3940144685651211,0.0,0.46654835699905867,0.0,1.0032581887060141,1.7880898664321283,0.0032547203560577736,1.0566142053926302,0.0031549368410461742,-0.0020153724771402315,0.004538044814659026,0.015720594877831173,0.005977179994296256,0.0034586385198782654,0.0,0.39119319281141973,1.0,1.2666177634910019,0.5490697245508217,0.21479233862345914,0.20842021672769054,True,2022-10-14 18:30:00+00:00,2022-10-14 19:00:00+00:00,202.99559855885988,200.79956464634338,-0.01141813560543654,-0.01081813560543654,2,stop,0.0020822397014008676,-0.011613552109065006,False,False,AAPL,2022-10-14 18:00:00+00:00,987,0.8103484823299407,3
0.008088754926364699,1.0,0.0,0.521953366166829,2.086153173865975,0.8755977028736337,0.0,0.15668105201734348,1.1027896783196438,0.585577216211151,-0.044337300091597046,0.06192502004336951,0.0,16.10011578063064,0.19019083542904566,0.031571520262251206,1.1128126568427739,0.46117491908478475,0.4144227837888489,0.46117491908478475,1.0,0.31938528034911806,0.0016100115780630642,1.2594707303369874,1.7589836395157368,0.003745820231286545,1.2691824617106893,0.005856691113786949,0.0021277425277832496,0.007908440814191842,-0.0014893658640010576,0.0014218219269508392,0.007407500406824363,0.0,0.41442278378884895,0.02417175963529943,0.23695745084505215,0.30018208938436436,0.1244022971263663,1.0544362476337747,True,2022-10-17 14:00:00+00:00,2022-10-17 17:00:00+00:00,203.28422215196537,202.86850405475644,-0.00264500916405681,-0.00204500916405681,7,momentum_decay,0.004287307977638433,-0.005636897141131136,False,False,AAPL,2022-10-17 13:30:00+00:00,988,0.7999312512196943,3
0.010261736913149019,-0.9709418174260521,-0.23931566428755743,0.02930424306963751,0.09593753558682729,0.69352383220956,0.0,0.832356543597671,0.9834618632589422,0.9229019043517279,0.26094883599290525,1.5180399643694258,0.0,0.0,0.6400544654595112,0.3540014181878988,7.99534322306322,0.6164257365612879,0.07709809564827208,0.6164257365612879,0.0,0.40830352466000325,0.0,0.3800903618077143,0.40830352465981984,0.003598637515859281,1.324044411616089,0.00030080288798783883,0.021604488854030768,0.0034470142010860627,0.03298092336094127,0.0038113227280498485,-0.000421473607294498,0.0,0.07709809564827211,1.0,0.5840597368022671,3.9751457569618402,0.30647616779043996,0.9014975883915858,True,2022-10-17 17:30:00+00:00,2022-10-17 17:30:00+00:00,233.061708768398,229.83302454951917,-0.014453344832751135,-0.013853344832751135,1,stop,0.00693190610664951,-0.031221027041757,False,False,TSLA,2022-10-17 17:00:00+00:00,988,0.6238349778803732,3
0.014349434768646044,0.120536680255323,0.992708874098054,0.6217000416628203,1.4458829410267373,0.7144772905149773,0.0,0.4193018904909051,2.59481959828708,0.576654710107084,0.1906249194386104,0.6115112860896507,0.0,0.0,0.09444483908059861,0.09189796286099082,0.6876939641765303,0.29113200062206135,0.423345289892916,0.29113200062206135,0.0,0.2994643203262532,0.0,1.4685412983337494,1.3533427446718014,0.007239998489394295,1.9814925646297405,0.009001345595362364,0.007360018520378375,0.015322235115251104,0.02673164342376988,0.021780331303409284,0.02125431738592698,0.0,0.42334528989291603,0.3785121339756688,0.6051178817764507,0.6744440443806708,0.2855227094850227,2.5519837680133053,True,2022-10-18 15:30:00+00:00,2022-10-18 18:00:00+00:00,233.88563363010573,230.60987724944547,-0.014605804160852952,-0.014005804160852953,6,momentum_decay,0.00551971525775552,-0.018123111154032978,False,False,TSLA,2022-10-18 15:00:00+00:00,989,0.7802490697163958,3
0.01032471747682443,0.120536680255323,0.992708874098054,0.4826894077401049,0.5911485680910862,0.6978855436894722,0.0,0.3425341134062408,1.7459025320046795,0.5742688325664571,0.19507129475662152,0.47873636139397074,0.0,0.0,0.08540003926709264,0.09887109135555325,0.6392634532639669,0.2721543762559294,0.4257311674335428,0.2721543762559294,0.0,0.40370769491708575,0.0,1.133789218792522,0.630665846199749,0.0047217098620920715,2.392122266738789,0.005008592745873397,0.0011960081661746003,0.013596436876790907,0.023093636678111373,0.015346215971171473,0.005756810327680162,1.0,0.42573116743354283,0.6710912311079045,1.0963923787111343,0.7096366895839182,0.30211445631052775,2.6823160185455532,True,2022-10-19 15:30:00+00:00,2022-10-19 17:30:00+00:00,207.89433342754168,212.5092014815367,0.021598142575172497,0.022198142575172497,5,target,0.026768868231566545,-0.009313167404659262,False,False,AAPL,2022-10-19 15:00:00+00:00,990,0.8649252069110979,3
0.010007257783509117,-0.3546048870425359,-0.9350162426854147,0.09464367534211529,0.24933278582881857,0.8098516435814344,0.0,0.16342127895491115,4.203241632091395,0.7406655259788563,0.9638870948766758,1.2871098668613163,0.0,0.0,0.4244406393223673,0.08136662581384065,2.122807511941814,0.5505171695602906,0.25933447402114373,0.5505171695602906,0.0,0.39095012480932434,0.0,0.3649482996788114,0.39095012480912794,0.0042036154324200355,1.3011416530524027,0.0009480215503647749,0.037348775670326795,0.004768385887042426,0.04494833525274511,0.016224812780630593,0.03903003779018399,0.0,0.25933447402114373,1.0,0.8928844834393338,0.7332166582762946,0.19014835641856562,0.6309433854910096,True,2022-10-19 18:30:00+00:00,2022-10-20 13:30:00+00:00,213.11090810774124,217.6961180646518,0.020915604234544572,0.021515604234544572,4,target,0.022361485920501023,-0.009329621826878243,False,False,AAPL,2022-10-19 18:00:00+00:00,990,0.7777981679308057,3
0.00974641194639418,1.0,0.0,0.09289881182216095,0.2922692163762181,0.8066242399025639,0.0,0.07080865868946654,0.29536266833615565,0.7462968698921079,1.0808225766648565,1.9176150590041194,0.0,88.80766637112015,0.4373196379261096,0.08477166982412927,2.179402002477173,0.5529211097946718,0.25370313010789214,0.5529211097946718,1.0,0.0,0.008880766637112014,0.3661713270256222,0.450130769648701,0.003977904293478211,1.4804290004199778,0.0097950654734682,0.05869852759759775,0.012963896331429803,0.046749093343046555,0.021656409817703892,0.038232593793127156,0.0,0.25370313010789214,0.8876660856091294,1.3028745544805675,0.7622127484758205,0.1933757600974361,0.9828759339124091,True,2022-10-20 14:00:00+00:00,2022-10-20 15:00:00+00:00,217.7261252703455,214.86135978403655,-0.013757656127632089,-0.01315765612763209,3,stop,0.0023419552793064735,-0.016709828814838845,False,False,AAPL,2022-10-20 13:30:00+00:00,991,0.8809175052624354,3
0.017392450428769295,1.0,0.0,0.9332879636577522,2.2310560927733567,0.7437334209042925,0.0,0.5242234273785483,1.5213941838932186,0.5437622561933635,0.4503657913251351,0.2997636922467737,0.0,89.97564487958299,0.08494644527301888,0.0725397523306248,0.6301444389472262,0.287495677097656,0.4562377438066365,0.287495677097656,1.0,0.06260492495320988,0.008997564487958298,2.045617611271767,2.008103437942606,0.009987386864171777,1.3137167395434384,0.025646019543325238,0.05052862962217319,0.033357075704904204,0.012633386932360269,0.023506718980732755,0.03663070993415385,0.0,0.45623774380663656,0.6855299005625026,1.7892163578981612,0.5616952621181035,0.25626657909570744,0.7712277511533185,True,2022-10-21 14:00:00+00:00,2022-10-21 16:30:00+00:00,237.12435597496034,233.9407326567166,-0.014025965060206324,-0.013425965060206324,6,momentum_decay,0.002391369522975584,-0.017608410381267925,False,False,TSLA,2022-10-21 13:30:00+00:00,992,0.8002318802710231,3
0.007602950981772156,-0.35460488704253545,0.9350162426854148,0.46185506412959826,1.198271072827035,0.676232065377025,0.0,0.37349042765721274,1.1139259191243347,0.5996313449145663,0.4651305159540966,1.7174548142950958,0.0,0.0,0.09313069929327396,0.1170462031565435,0.6890234956889169,0.2758634102915913,0.4003686550854336,0.2758634102915913,0.0,0.5029868876234098,0.0,1.153574482575426,1.1532289429777567,0.0038033367585949694,1.0665943157927262,0.0035238352246786953,0.02427106545358293,0.00648366850829496,0.02342130302569112,0.00503258020620545,0.018331846589051848,0.0,0.4003686550854337,0.5907054056355117,0.639566127581312,0.8086745316100475,0.32376793462297504,0.15596835668905956,True,2022-10-24 16:00:00+00:00,2022-10-24 17:30:00+00:00,220.95331745815562,224.56509652822837,0.015746344610810082,0.016346344610810082,4,target,0.025713419951970407,-0.0014265623349518641,False,False,AAPL,2022-10-24 15:30:00+00:00,993,0.7522504184360229,3
0.00873217131902381,-0.7485107481711013,-0.663122658240795,0.9944806324908645,1.7187891156421446,0.6201346932936178,0.0,0.8297906678333606,3.014282051790484,0.5447421800234524,0.811457432033738,1.778559443395552,0.0,0.0,0.04078102215064769,0.12652969959990323,0.3621615403014482,0.16487687331707027,0.45525781997654746,0.16487687331707027,0.0,0.31843013816055543,0.0,2.1844339379872593,1.6127288706154417,0.004258039948380616,1.3394732298255645,0.008760047290274686,0.034350519604960494,0.01392767039232612,0.033217378881027715,0.01833469478829919,0.02345954581658316,0.0,0.4552578199765475,1.0,2.0782150872537404,0.8343960060384168,0.37986530670638224,0.7702375927840879,True,2022-10-24 18:00:00+00:00,2022-10-25 13:30:00+00:00,225.0044290962131,222.70525032660308,-0.010818371162048934,-0.010218371162048934,5,momentum_decay,0.00288278279120302,-0.01139134628089522,False,False,AAPL,2022-10-24 17:30:00+00:00,993,0.7837782310144321,3
0.00715976768089356,-0.970941817426052,0.23931566428755768,0.3366608215868035,1.7686705615378577,0.8619727067237334,0.0,0.1267285280834016,2.474011008143084,0.6333234303391483,0.5020760383979251,1.920745913335183,0.0,0.0,0.2457987083637371,0.04010723671330028,1.3507711646808547,0.49529613706288167,0.3666765696608517,0.49529613706288167,0.0,0.5887846048249742,0.0,0.9181410797482629,1.4679592495639804,0.004008863588042349,1.1466417247473557,0.0024162374005134435,0.014792812164253322,0.003787543656119885,0.04108685733112827,0.0125256599232757,0.0060102609683283514,0.0,0.3666765696608517,1.0,0.7477415079586087,0.37642790594358744,0.13802729327626664,0.3184045216259829,True,2022-10-25 17:00:00+00:00,2022-10-25 19:00:00+00:00,225.19641589780068,228.66297704165666,0.014793500513921188,0.015393500513921188,5,target,0.015519275395099674,-0.003807189745541728,False,False,AAPL,2022-10-25 16:30:00+00:00,994,0.8014475845674841,3
0.006500876850764837,1.0,0.0,0.03808396972860196,0.32548504327670075,0.8152336342324097,0.0,0.05783107718401165,0.255164618454419,0.8783243020293923,0.04185359552808781,2.0226002788063693,0.0,-61.00861993731166,0.7160395127780661,0.13623888900521133,5.700053074092796,0.693557936261802,0.12167569797060773,0.693557936261802,1.0,0.0,0.006100861993731166,0.31299569563843066,0.6630205311480879,0.003075137252039145,1.1633646211973971,-0.0058547323064614964,-0.0033667597025355267,-0.005102397165695716,0.01009084475079347,-0.007409942461473418,-0.0007792152735570657,0.0,0.12167569797060773,0.794447222953759,-0.797179495241353,1.5185149446332007,0.18476636576759028,0.2993941209609801,True,2022-10-26 14:00:00+00:00,2022-10-26 14:30:00+00:00,1364.6812910826393,1352.7045973139134,-0.009376183748532618,-0.008776183748532618,2,stop,0.004609930915698168,-0.009390314322878845,False,False,MSFT,2022-10-26 13:30:00+00:00,995,0.8155675591343103,3
0.006911087695660321,0.5680647467311559,0.8229838658936564,0.10752599751354922,0.22157008628078867,0.8300395867435978,0.0,0.0817572649036358,1.7278951950878338,0.7709708258965167,0.884801889059057,2.4535594894379233,0.0,0.0,0.559766217071897,0.07609133834887609,2.6241653055301946,0.6010104126401143,0.22902917410348334,0.6010104126401143,0.0,0.3837592670533274,0.0,0.46948602916834176,0.3837592670531299,0.0023158660294567814,1.255541314418045,0.0007436742387685324,0.033401915754899036,0.0041138657084343055,0.04696196413192455,0.007470154669563023,0.016767459867538026,0.0,0.22902917410348336,1.0,1.4211614771708876,0.7420906699799437,0.16996041325640224,0.6545630268410128,True,2022-10-26 15:00:00+00:00,2022-10-26 17:00:00+00:00,229.83951599563264,228.96457546658863,-0.004406745438241554,-0.0038067454382415544,5,momentum_decay,0.004906044249827213,-0.008339552984399368,False,False,AAPL,2022-10-26 14:30:00+00:00,995,0.7716262878615043,3
0.007505766219437549,0.8854560256532099,0.4647231720437685,0.708786557358847,1.0900431598514237,0.7950510658995096,0.0,0.33794507631439125,1.9469301967849602,0.5701518985874754,0.5404775987476347,1.9125087755371908,0.0,0.0,0.12837593675272843,0.05752211701126413,0.8496093463867723,0.36520296448698497,0.4298481014125246,0.36520296448698497,0.0,0.39171459677155085,0.0,1.6489233173991051,1.0770441563705901,0.0036732519464268256,1.57932120092337,0.005348439825071161,0.013622540057278032,0.01294433961136554,0.04744906494235601,0.01302443263087083,0.01191253891896804,0.0,0.4298481014125246,0.8295177244419669,1.7084992600906297,0.47679385677601427,0.2049489341004904,1.9406460158180674,True,2022-10-27 14:30:00+00:00,2022-10-27 15:00:00+00:00,232.79738858828284,230.43850284170992,-0.010732784396240657,-0.010132784396240657,2,stop,0.004145788165953013,-0.014634564459335975,False,False,AAPL,2022-10-27 14:00:00+00:00,996,0.7943014060657703,3
0.008645368631564112,1.0,0.0,0.11534234752848063,11.619734068254134,0.5472133628736294,0.0,0.196510021774051,0.23749135030974125,0.734235062496043,-0.6176347189943355,-0.06158952492917725,0.0,77.17470384087655,0.14183117438141402,0.299617880932585,1.0590126297763915,0.2814484253696724,0.265764937503957,0.2814484253696724,1.0,0.0,0.007717470384087655,0.43400137208379225,1.9580337686963118,0.004739485317622466,1.0599944291315313,0.008723346218501016,-0.023749915611236183,0.008810675091396103,-0.012400534428932297,0.0028901399293266294,-0.012345557923885031,0.0,0.265764937503957,-0.5240836858380723,0.6045590165445068,1.7037109611858425,0.45278663712637063,0.1731235381454837,True,2022-10-28 14:00:00+00:00,2022-10-28 15:00:00+00:00,226.0594051295681,223.42100982809885,-0.012271247652611627,-0.011671247652611627,3,stop,0.004777739163429606,-0.01259845117275682,False,False,AAPL,2022-10-28 13:30:00+00:00,997,0.8858439895517373,3
0.006795951838055396,-0.35460488704253545,0.9350162426854148,0.25216961361386264,0.33384882016213246,0.6981074466074169,0.0,0.22048426099899898,1.8224028091048134,0.6547230709485621,0.5885148280000667,0.9614361201725676,0.0,0.0,0.1556887536709803,0.12349212393328558,1.0218768990014615,0.35283051755597894,0.3452769290514379,0.35283051755597894,0.0,0.336553797832254,0.0,0.7303401773951004,0.4212391094372964,0.0035331129117855357,1.089263587714007,0.0017166744700565228,0.011097115134767632,0.006894196319708001,0.0202792277385051,0.010054091596645387,0.00926988545992602,0.0,0.3452769290514379,1.0,1.3554271157755102,0.8743490456250029,0.30189255339258314,0.28660830283647526,True,2022-10-28 16:00:00+00:00,2022-10-28 17:00:00+00:00,1391.9118550684668,1379.141711063151,-0.009774534981374771,-0.009174534981374771,3,stop,0.001169180601326758,-0.011362291592087348,False,False,MSFT,2022-10-28 15:30:00+00:00,997,0.8094231127230876,3
0.011772906512720826,1.0,0.0,0.0840667715526554,0.11330113511331048,0.6986434932642509,0.0,0.13504361285229066,0.3130755079693033,0.8124008379769088,0.6230726973832846,0.7071605776857517,0.0,174.53038147005716,0.5153857515023452,0.2127003832167894,2.724129072475249,0.5110443312411596,0.18759916202309124,0.5110443312411596,1.0,0.0,0.017453038147005717,0.44811912082159394,0.2555689478124337,0.006161638648106262,2.467098305167528,0.018461019449353966,0.025220108158564125,0.027603069787554002,0.043653105191875374,0.034735179438274644,0.02718150178532852,1.0,0.18759916202309126,1.0,3.1618290244595046,1.6063851431140173,0.30135650673574915,3.6986119231358217,True,2022-10-31 14:00:00+00:00,2022-10-31 15:30:00+00:00,250.41357804355766,250.46366075916637,-0.000400000000000022,0.00019999999999997797,4,stop,0.014109375052171913,-0.01094140633456242,False,False,TSLA,2022-10-31 13:30:00+00:00,998,0.894725328233457,3
0.011822756941525162,-0.35460488704253545,0.9350162426854148,0.4888124438377398,0.4483456446154406,0.7712196749577505,0.0,0.257198237800766,3.4814312918542494,0.5651965941052749,0.5497357182539392,-0.001903665180669972,0.0,0.0,0.11241918556477398,0.0657808902347905,0.7737204090444155,0.3364162690630253,0.4348034058947251,0.3364162690630253,0.0,0.28049729659707445,0.0,1.1242148456309273,0.48467895561365104,0.00626140262418615,1.3028824804135029,0.0058127029674801545,0.025316501655441526,0.01902412732268055,-0.0014805003494574587,0.02688971356311587,0.023182775527165855,0.0,0.4348034058947251,1.0,2.8475771238832666,0.5261695790337706,0.2287803250422496,0.7521789649054756,True,2022-10-31 16:00:00+00:00,2022-10-31 17:00:00+00:00,229.63788426619016,235.47503298021743,0.024818927424279092,0.025418927424279092,3,target,0.03052793900357509,-0.003718549574715624,False,False,AAPL,2022-10-31 15:30:00+00:00,998,0.8394132739028864,3
0.013335361388665977,-0.9709418174260521,-0.23931566428755743,0.6558244011471539,0.7224242709241183,0.737645010030421,0.0,0.3776857903451201,4.865124034571085,0.5444392969416628,0.9669327100648387,0.5976707772861732,0.0,0.0,0.0828911738953518,0.07503169040181157,0.6192024577146733,0.28208430697208386,0.4555607030583372,0.28208430697208386,0.0,0.39545364407905137,0.0,1.4395982725120429,0.7423353443956092,0.006624521221259141,1.088645204831276,0.008822816711389736,0.0548400045296451,0.021295687602507662,0.03315867980432219,0.031323750839530096,0.04295381550641375,0.0,0.4555607030583372,1.0,2.035141091525538,0.5758946902315571,0.2623549899695789,0.21850949341025377,True,2022-10-31 17:30:00+00:00,2022-11-01 15:00:00+00:00,235.46233154297153,242.21327840473987,0.028071026985631842,0.028671026985631842,9,target,0.035562381211126315,-0.006118393774322994,False,False,AAPL,2022-10-31 17:00:00+00:00,998,0.7950691427127908,3
0.013409187519276902,1.0,0.0,0.128549322905128,0.6844113428232103,0.6832150885530572,0.0,0.1592362117668327,0.34342728643927634,0.744263660751395,-0.005816744496479802,0.32271486795293597,0.0,123.97995385914129,0.2833251288680824,0.175941874656181,1.671560446041699,0.4274787493044524,0.25573633924860484,0.4274787493044524,1.0,0.0,0.012397995385914129,0.502663498206109,0.8140872632437811,0.006465587547594509,1.3299931057973022,0.014146121625873587,-0.0009052758733608668,0.016743090970783747,0.007288918264992006,0.017300072643659847,0.014553450269374046,0.0,0.2557363392486049,-0.20845381650316055,0.7535663038749527,1.2387168455487396,0.3167849114469427,1.0882976649289045,True,2022-11-02 14:00:00+00:00,2022-11-02 15:30:00+00:00,252.23882214636134,252.2892699107906,-0.000400000000000022,0.00019999999999997797,4,stop,0.022973838697780913,-0.009272321776690351,False,False,TSLA,2022-11-02 13:30:00+00:00,1000,0.8643257795995556,3
0.014023582699247781,-0.970941817426052,0.23931566428755768,0.3149365541239773,2.0766542877233136,0.8109990299955171,0.0,0.6667096931698965,1.602089944351098,0.6352601209863136,0.3415801224824811,0.6877079394160636,0.0,0.0,0.21011379076889386,0.06075998862531938,1.2234997505295828,0.4462591509818308,0.3647398790136863,0.4462591509818308,0.0,0.5512108713879096,0.0,0.8634552245167569,1.6081410747014258,0.006576825968822111,1.4588100720780275,0.004436131157203649,0.031705671574060235,0.006586392413587605,0.005642314032611617,0.006219579382417795,0.03046706754367645,0.0,0.3647398790136864,-0.19465128458872247,-0.21906873629541587,0.5181801631217393,0.18900097000448288,1.3699469145018524,True,2022-11-02 17:00:00+00:00,2022-11-02 19:00:00+00:00,255.643536391929,253.25731076533773,-0.009934191117325585,-0.009334191117325585,5,momentum_decay,0.001648913270363428,-0.012865435212663923,False,False,TSLA,2022-11-02 16:30:00+00:00,1000,0.6108384674857078,3
0.009458911041812209,1.0,0.0,0.5056603417219103,1.2141627425929222,0.8122685075810917,0.0,0.2200476266518794,0.9520925604663273,0.5686007976869101,1.0499165333901141,1.70029157909194,0.0,-63.77255075959876,0.1359197169547781,0.05106535324659593,0.8828697485433206,0.38086930526800167,0.4313992023130899,0.38086930526800167,1.0,0.7169290732962876,0.006377255075959876,1.1721401871182067,1.1785681953849043,0.004586552577742636,2.7359750852381683,-0.0016019208676462116,0.030605148106859437,0.0023403101062671183,0.04256676323220332,0.009933615589786005,0.040513182593571395,1.0,0.43139920231309,1.0,0.4962350742960734,0.4351688445697085,0.18773149241890832,3.1898008755442198,True,2022-11-03 14:00:00+00:00,2022-11-03 16:00:00+00:00,1451.6978127771054,1461.8232519529197,0.006374894559112377,0.006974894559112377,5,stop,0.017852642257196294,-0.0037061744362468785,False,False,MSFT,2022-11-03 13:30:00+00:00,1001,0.8669328407506772,3
0.012024322120644483,-0.7485107481711012,0.6631226582407952,0.581156836369778,3.788784749409769,0.8065769867276267,0.0,0.27713732267667335,2.696405376811462,0.594392031398723,0.9033846307900641,1.3551335328295395,0.0,0.0,0.15797991972714456,0.05659820718404362,0.9885629700739315,0.40096901812634966,0.405607968601277,0.40096901812634966,0.0,0.40386160785293573,0.0,1.4328042872872404,2.4760957232745953,0.005388446064952149,1.104888379790874,0.007037193027656485,0.037645199195151635,0.008911119038764959,0.06224421240180611,0.019398889861332647,0.040718397026106246,0.0,0.405607968601277,1.0,1.5797554719231888,0.4768718275907649,0.19342301327237335,0.2739380829265077,True,2022-11-03 16:30:00+00:00,2022-11-03 18:00:00+00:00,264.0957249683398,259.8087026769388,-0.016832834862870082,-0.016232834862870082,4,stop,0.005145378328521799,-0.027138981225753755,False,False,TSLA,2022-11-03 16:00:00+00:00,1001,0.6789632995968353,3
0.008129774179957017,1.0,0.0,0.4821569910051523,1.37231421080049,0.8062231459129395,0.0,0.2284643333828881,0.9505430070925805,0.5910483552963219,0.2547882582218808,0.4487850611804416,0.0,7.063690742061812,0.15430232605794608,0.05626695679874039,0.9714388152093026,0.39727150120926136,0.4089516447036782,0.39727150120926136,1.0,0.35581184586014847,0.0007063690742061812,1.1790073404754686,1.2856434574592392,0.003914432790699249,4.080854024032403,0.004644401783995944,0.016987298132978168,0.00753565535832168,0.01375044997154573,0.01262486342918323,0.0008498818671729413,1.0,0.4089516447036781,1.0,1.587053330927443,0.4738380603097022,0.19377685408706047,4.524840595377937,True,2022-11-04 14:00:00+00:00,2022-11-04 16:30:00+00:00,238.6868801044586,240.47751482561966,0.006902024075966896,0.0075020240759668955,6,ambiguous_stop_first,0.018848353125462847,-0.004039795677372338,False,False,AAPL,2022-11-04 13:30:00+00:00,1002,0.9483638179931021,3
0.013117038456320626,0.8854560256532099,0.4647231720437685,0.43168193344734723,1.0282592438961766,0.8101728687269698,0.0,0.21114396008794725,1.2400069471778166,0.6119001319546495,0.5818029322883663,1.3960157875209835,0.0,0.0,0.1797136497850736,0.0576563394225938,1.0875370888609188,0.4220730006816194,0.38809986804535046,0.4220730006816194,0.0,0.5157203473001252,0.0,1.112296006750778,1.0230427397541781,0.008039859522078864,1.1566515657637688,0.0056946337507142175,0.045932412020432745,0.03244833006312331,0.05678836031333301,0.023909268326234967,0.02425661680634894,0.0,0.3880998680453504,0.44583976211712306,2.2438975791058366,0.48911928836504,0.1898271312730302,0.5627000974034505,True,2022-11-07 15:30:00+00:00,2022-11-07 19:00:00+00:00,273.7822170799278,268.93408105530074,-0.018308001916032834,-0.017708001916032834,8,stop,0.011994626046175183,-0.01838814253270682,False,False,TSLA,2022-11-07 15:00:00+00:00,1003,0.6492411171869923,3
0.008435075564799844,1.0,0.0,0.6151274121745807,1.5570466954576743,0.8061793703944681,0.0,0.2783702548068911,1.15785588568928,0.5717057399038334,0.09449540384575479,1.4877130796855416,0.0,-53.11271865543476,0.1355503065904693,0.05365122463626598,0.8823025324064773,0.3778851102983014,0.42829426009616667,0.3778851102983014,1.0,0.6944900538092083,0.0053112718655434765,1.4362261404961711,1.4399054306316106,0.0032345129816115903,1.9959141843894883,-0.00012326524159889107,0.002469489638266875,0.0032194148364090847,0.03392384847180718,0.0005159196461275162,-0.0023429542634069156,0.0,0.4282942600961666,1.0,0.5206235226985549,0.45254080585124173,0.19382062960553195,2.4057256667366618,True,2022-11-08 15:00:00+00:00,2022-11-08 19:30:00+00:00,246.78405765733066,246.60786434628156,-0.0013139574278892667,-0.0007139574278892669,10,momentum_decay,0.009172919622117748,-0.005993126972057561,False,False,AAPL,2022-11-08 14:30:00+00:00,1004,0.851799715620148,3
0.012434537784419655,1.0,0.0,0.7886191242949838,9.204364245244257,0.9289571394965488,0.0,0.13044508546510666,1.705701214679576,0.5705031106547211,0.40175857070968873,1.7144688039565095,0.0,41.36308722882953,0.20543448441445206,0.01574474935012762,1.162896082699157,0.49946025015127005,0.42949688934527874,0.49946025015127005,1.0,0.23567485768923052,0.004136308722882953,1.8361463001446827,4.24313399318144,0.006007570194294089,1.5511334568410111,0.014080497994156227,0.01893426055524139,0.015177272814856035,0.05231187849533647,0.027894813036173582,0.012160231223258933,0.0,0.4294968893452788,1.0,1.6209220658393446,0.16540948785851228,0.07104286050345116,1.4423437871725524,True,2022-11-10 15:00:00+00:00,2022-11-10 15:30:00+00:00,296.1231782201661,291.1522691747976,-0.017386626008966632,-0.016786626008966632,2,stop,0.003521765440171798,-0.01701820483145866,False,False,TSLA,2022-11-10 14:30:00+00:00,1006,0.8351046831143394,3
0.014838734670125902,0.5680647467311559,0.8229838658936564,0.9831563001086432,5.06198421449277,0.7734193711547549,0.0,0.4935498098586758,1.6847026399382174,0.5486490557142192,0.7868531979958094,1.0209974756476452,0.0,0.0,0.10093045316942555,0.062239724900437374,0.7135654216444438,0.3220684268689741,0.4513509442857808,0.3220684268689741,0.0,0.2785114646044996,0.0,2.178252449796893,3.5905164673191576,0.008692869252673163,1.4798230042619434,0.014804779374951726,0.03316483203683229,0.017781483702667966,0.04150644009254645,0.03726246730460936,0.04715617419026419,0.0,0.4513509442857808,0.7773388412508733,3.0237245290925343,0.502005438813772,0.2265806288452451,1.4507620483419368,True,2022-11-11 16:00:00+00:00,2022-11-14 14:30:00+00:00,302.3825535994618,305.54233676402833,0.009849621272634602,0.010449621272634602,11,stop,0.028958286946243694,-0.004657083897156689,False,False,TSLA,2022-11-11 15:30:00+00:00,1007,0.7745194566427991,3
0.012286209877262845,-0.3546048870425359,-0.9350162426854147,0.46614860377315026,22.140585365900325,0.8064244751008541,0.0,0.23190644340794261,3.515278844976088,0.6108992948606401,0.7534835142749186,2.0855811034275145,0.0,0.0,0.17612587895882628,0.05902881956913857,1.0725340880885732,0.41732376996149423,0.3891007051393599,0.41732376996149423,0.0,0.2580028567823973,0.0,1.1980153148429658,3.8759260748906375,0.0046581995361582185,1.0581148905986169,0.0057601893338834476,0.030058551996986038,0.006021920297139882,0.09585700953757192,0.0171505092669626,0.030985377107790812,0.0,0.3891007051393599,1.0,0.6518042078789462,0.49749466485728505,0.19357552489914587,0.1521279471719063,True,2022-11-14 19:30:00+00:00,2022-11-15 14:30:00+00:00,316.75177824355603,311.4980118277857,-0.017186383334304733,-0.016586383334304733,4,stop,0.00337501033456733,-0.023448045218302016,False,False,TSLA,2022-11-14 19:00:00+00:00,1008,0.6822326171534963,3
0.006490033862265648,1.0,0.0,0.15913668767163572,0.3058624625381511,0.45727995652068887,0.0,0.30133607555556136,0.253896920122529,0.713387552774513,0.4569052414442207,0.009161947393824994,0.0,108.51317516706649,0.06475036810354885,0.3734339225389429,0.5954644013098708,0.1706675092952019,0.28661244722548695,0.1706675092952019,1.0,0.0,0.010851317516706649,0.5552329956780904,0.4360298939165346,0.0038180686025333717,1.5524288623917681,0.011896406646851654,0.015989437920803873,0.015365769050954992,0.024665224788552154,0.013960913848966694,0.017379724670981256,0.0,0.286612447225487,0.42494169157140127,2.29619906787551,1.8935675987998997,0.5427200434793111,1.6319035533292634,True,2022-11-16 15:00:00+00:00,2022-11-16 18:00:00+00:00,1372.9944365575125,1373.2690354448239,-0.000400000000000022,0.00019999999999997797,7,stop,0.010919984538283023,-0.00677496496491925,False,False,MSFT,2022-11-16 14:30:00+00:00,1010,0.8939190810903528,3
0.014321356937405544,-0.7485107481711013,-0.663122658240795,0.4611040607244965,0.7205461077495194,0.7927029078475749,0.0,0.2383057783230817,1.632778934714431,0.5988954542332842,0.2650532189406012,1.3957078638821356,0.0,0.0,0.15449822561339993,0.0627705252466355,0.9762999851625533,0.39159836208085913,0.40110454576671584,0.39159836208085913,0.0,0.41804920268994666,0.0,1.1495857266915062,0.7645024392700669,0.005867811785103062,1.7543922255367923,0.006647533730908428,0.03714118677935052,0.016021026940092886,0.03606755455491628,0.0014622300272097988,0.010281852380578327,0.0,0.40110454576671584,0.7084880226394171,0.9526389514334782,0.5168156141339115,0.20729709215242506,1.1750708715577791,True,2022-11-16 19:00:00+00:00,2022-11-17 15:30:00+00:00,326.29670946020826,336.3436844941215,0.030190917415421948,0.030790917415421948,7,target,0.03430816076785792,-0.006515662256304844,False,False,TSLA,2022-11-16 18:30:00+00:00,1010,0.7127116314055277,3
0.012664559561491151,0.5680647467311559,0.8229838658936564,0.27093010005334917,1.5560729982583186,0.7767841219925434,0.0,0.1788116440246081,1.428735300829587,0.6617899215012325,0.8788459352836822,2.0639020795036562,0.0,0.0,0.22220591404892115,0.08173911299602,1.2967503672277303,0.43857404349377593,0.3382100784987675,0.43857404349377593,0.0,0.5065772243092231,0.0,0.8010704508154876,1.3194356475815283,0.005676998867895576,1.2187229066195868,0.003443024129288874,0.04358203136829575,0.005668202440932024,0.08045737388355012,0.012577114716491034,0.03883125232180329,0.0,0.3382100784987675,1.0,0.9638761630712442,0.659991798582894,0.22321587800745657,0.3564390063235309,True,2022-11-17 16:00:00+00:00,2022-11-17 17:30:00+00:00,336.72880323932986,345.89752550642226,0.026628803057206097,0.027228803057206097,4,target,0.037126492871538685,-0.0072322350084038645,False,False,TSLA,2022-11-17 15:30:00+00:00,1011,0.6602845015646044,3
0.017048628316406227,-0.7485107481711012,0.6631226582407952,0.9023878610953587,1.0459634422651363,0.8223840360506699,0.0,0.3531688380107264,2.715227369070842,0.5461703509646614,0.5679932465267362,1.5191535894383423,0.0,0.0,0.12158787184061748,0.044991652855332305,0.8120985215458347,0.3685543870153314,0.4538296490353386,0.3685543870153314,0.0,0.3931542253156506,0.0,1.9883845469626689,1.0428242942021464,0.008425805444185471,1.5064313119610933,0.015624855442755603,0.029963699113833675,0.03102658042259976,0.09669156099211151,0.04024448651220558,0.04386229736897662,0.0,0.45382964903533857,0.9832029998393074,2.0152498537814996,0.39137144152401304,0.17761596394933007,1.0269715253048168,True,2022-11-18 17:30:00+00:00,2022-11-18 20:30:00+00:00,353.1669600671577,366.1121363741708,0.03605455088027336,0.03665455088027336,7,target,0.05275132586627862,-0.009099267057567917,False,False,TSLA,2022-11-18 17:00:00+00:00,1012,0.822114435730332,3
0.008163345631730231,-0.9709418174260521,-0.23931566428755743,0.12000238332997051,0.1100719049037036,0.6780115993271199,0.0,0.9804161751577833,2.1813358560990963,0.7364511745982155,0.11415495989393787,1.018887973965243,0.0,0.0,0.26174854281976795,0.17561287681572219,1.5726223529610779,0.41446277392533537,0.2635488254017845,0.41446277392533537,0.0,0.19059282662564875,0.0,0.4553326433803107,0.19059282662560595,0.004050818801677917,1.2561676326106348,0.0009805815299459564,0.00848401847563185,0.009978025503739163,0.028105866612452512,0.007091135718712227,-0.0031860122921640865,0.0,0.2635488254017845,0.9430347064684617,1.1962875049432296,1.2217409816968987,0.3219884006728801,0.8435887631730603,True,2022-11-21 18:30:00+00:00,2022-11-22 14:30:00+00:00,228.35862830738083,232.3665946907319,0.016951193108219954,0.017551193108219953,6,target,0.022175987969844657,-0.008704259197013009,False,False,AAPL,2022-11-21 18:00:00+00:00,1013,0.7396996784531858,3
0.014495235321392803,0.5680647467311559,0.8229838658936564,0.8616428742901159,3.3886326758939367,0.8686080240141045,0.0,0.2552551868741877,2.4300241241347176,0.5564714620159857,1.0182363299307413,2.555849108432488,0.0,0.0,0.15441662535976497,0.03159197102979242,0.9584039123212484,0.4250794860300903,0.44352853798401426,0.4250794860300903,0.0,0.3768221459723691,0.0,1.9426999629078465,2.6537718408755184,0.00562911281677873,1.8737541629897023,0.012647682187270082,0.05022104739278732,0.016441433070596423,0.13342321052887485,0.035569145215575526,0.04948183433914033,0.0,0.44352853798401426,1.0,2.3155702546828967,0.2962424392871964,0.13139197598589542,1.8004203486883097,True,2022-11-22 16:00:00+00:00,2022-11-22 16:30:00+00:00,388.3438375015227,400.44647841844693,0.030564755940994438,0.031164755940994437,2,target,0.033691268112015615,-0.01803787388829592,False,False,TSLA,2022-11-22 15:30:00+00:00,1014,0.8100719368347007,3
0.017169241902216106,-0.35460488704253545,0.9350162426854148,0.47629249306335303,0.40051559791493907,0.789093244152865,0.0,0.24070041578326204,3.658388408769104,0.5826625217100219,1.236777283872022,2.4528153291250177,0.0,0.0,0.1365194343199091,0.06166339680775288,0.8907797291200059,0.37175576586288683,0.41733747828997814,0.37175576586288683,0.0,0.2621695065024047,0.0,1.1412646067996108,0.4470674431221127,0.006629710173919343,1.2908099067948335,0.00824500522795546,0.08578754044752523,0.02943697193191097,0.14966003198774014,0.04636239100632711,0.07618400580925355,0.0,0.4173374782899782,1.0,2.644529221030347,0.5053626065678347,0.210906755847135,0.6822823432589813,True,2022-11-22 17:00:00+00:00,2022-11-23 17:30:00+00:00,399.7755041459857,414.5327651711008,0.03631387008976465,0.036913870089764655,15,target,0.041110338726366935,-0.01029490549301082,False,False,TSLA,2022-11-22 16:30:00+00:00,1014,0.706219049431682,3
0.009295157048220625,1.0,0.0,0.5797680838398168,7.407369900447445,0.782102962377427,0.0,0.2933540583118434,1.0529426215905802,0.5693608307183547,-0.02997195166935517,1.2203790702694959,0.0,-130.33935232552696,0.12114272132362988,0.06227853038981558,0.8161445083636659,0.3514637930957818,0.43063916928164525,0.3514637930957818,1.0,0.0,0.013033935232552696,1.3462966799024236,3.87775323389341,0.004170563207331866,1.3617314882437583,-0.00768632170138972,-0.01702119396367696,-0.006969421664142272,0.01570354282781783,-0.0005348826700518616,-0.004920854936461994,0.0,0.43063916928164525,0.34647619640531413,-1.1111028449021612,0.505985180089119,0.21789703762257293,0.9871764072747355,True,2022-11-24 15:00:00+00:00,2022-11-24 17:00:00+00:00,236.38455811109324,233.4182954626805,-0.01314846201509785,-0.01254846201509785,5,stop,0.004770476979807592,-0.0156045686977071,False,False,AAPL,2022-11-24 14:30:00+00:00,1016,0.8690120520731914,3
0.006674884303840933,-0.7485107481711012,0.6631226582407952,0.03491735718303896,0.0930844928448981,0.8791421357210392,0.0,0.3629914290042483,0.8281161218486436,0.8952827488067198,0.6799786970353247,1.4201753488872033,0.0,0.0,0.7870807878601422,0.07769388378794874,7.395389734634872,0.7744248845277588,0.10471725119328024,0.7744248845277588,0.0,0.3292584697608607,0.0,0.3334441726186146,0.3292584697606585,0.003020699207117514,1.1558540755140982,0.00023312365336392027,0.021202579641994124,0.00274442749337811,0.027532026175637325,0.0013870686245411878,0.017785019042814376,0.0,0.10471725119328026,-0.008598181159434809,-0.006781016272475318,1.1541351868923375,0.12085786427896088,0.45349513356883997,True,2022-11-28 17:30:00+00:00,2022-11-28 20:00:00+00:00,240.90289334260973,241.69343005473328,0.0026815575651856667,0.0032815575651856665,6,stop,0.011658250370479628,-0.005187769192490976,False,False,AAPL,2022-11-28 17:00:00+00:00,1018,0.7431613005012139,3
0.007769029210124389,0.120536680255323,0.992708874098054,0.1892608031684411,0.6190327604516065,0.8190161736252826,0.0,0.17879264870445355,0.8228767515368649,0.6869599942435555,-0.26497947232102387,0.8908019220224184,0.0,0.0,0.30313277014148926,0.06540305196283937,1.6163306879730548,0.505976167868838,0.31304000575644453,0.505976167868838,0.0,0.5460381840701376,0.0,0.6045898277796872,0.7225211238812722,0.00507475231694523,1.1296894023482824,0.0014725378876689899,-0.0018627288116432883,0.0038604932669425995,0.02544272422274929,-0.01217911523294024,-0.0032969581894973787,0.0,0.31304000575644453,0.5353783996050744,0.3344499059900672,0.5781491919439063,0.18098382637471747,0.3749519473500001,True,2022-11-29 16:30:00+00:00,2022-11-30 14:30:00+00:00,239.79605369979495,232.65145686870216,-0.030394472097682045,-0.029794472097682045,10,gap_through_stop,0.005807686670065371,-0.029794472097682045,True,False,AAPL,2022-11-29 16:00:00+00:00,1019,0.7186153627246528,3
0.006038141744033448,-0.9709418174260521,-0.23931566428755743,0.5736012426433268,3.7128923766103363,0.561331385891339,0.0,0.6142983737169674,1.8162143579498216,0.590393084326663,0.2675681218908454,-0.14007784895582462,0.0,0.0,0.04091925158815212,0.1787830031173106,0.37041481579614915,0.1517244702180021,0.40960691567333696,0.1517244702180021,0.0,0.33763451826981555,0.0,1.4003700149945122,2.4880875428139335,0.002217824870809011,1.2560697873704731,0.003475523031633232,0.01250713967914674,0.0044157253409555786,-0.0010221492087707507,0.0016200456141262087,0.007344776800180641,0.0,0.40960691567333696,0.6526568239836427,0.585402998465974,1.0709502142742189,0.4386686141086609,0.8952421587676817,True,2022-12-01 18:30:00+00:00,2022-12-01 18:30:00+00:00,1281.5993442411016,1271.1523982666577,-0.00875149135444515,-0.00815149135444515,1,stop,0.004805338843991924,-0.008990902464927175,False,False,MSFT,2022-12-01 18:00:00+00:00,1021,0.7662113152445664,3
0.015247649813893413,-0.970941817426052,0.23931566428755768,0.5187873478308808,2.5293513424252683,0.6455021863569957,0.0,0.9493765915696615,0.9282024163091466,0.5850471978104363,0.014494129348290034,-0.13111280379482987,0.0,0.0,0.0699411278244645,0.12819328000098756,0.5556038733822837,0.23054938416743215,0.41495280218956354,0.23054938416743215,0.0,0.43169101775463514,0.0,1.2502321832589585,2.003808197264668,0.006494953646987563,1.5137957577272005,0.007973359375053946,0.006466268436515987,0.011160875839780093,0.013092358630129253,0.006355383928245528,0.008939304157528083,0.0,0.4149528021895636,-0.06694760987770662,-0.10426770728149808,0.8543087593873832,0.35449781364300426,1.6221939117365731,True,2022-12-02 18:00:00+00:00,2022-12-02 20:30:00+00:00,373.4701150345204,372.53427383659727,-0.003105799420755905,-0.0025057994207559053,6,momentum_decay,0.013478459635804851,-0.006102630715957069,False,False,TSLA,2022-12-02 17:30:00+00:00,1022,0.6947851474151482,3
0.008811298836625457,1.0,0.0,0.4266409731987739,0.9546787410750065,0.7918128013157752,0.0,0.21372447445280152,0.8128731060111904,0.5844126449178414,1.0609236330554224,0.9472749143164692,0.0,85.80577090600671,0.13963899330777596,0.06087201808843856,0.9052860767603551,0.3762254462336166,0.4155873550821586,0.3762254462336166,1.0,0.0,0.008580577090600672,1.026597580463992,0.9640801801028939,0.002722874547500265,1.6695226712721896,0.012386401920446044,0.06280332956245482,0.016438431629148598,0.04386803728321498,0.020349407546646825,0.03678530407928715,0.0,0.4155873550821586,1.0,2.1008455551587737,0.5009469035529853,0.20818719868422478,1.502342564953546,True,2022-12-08 15:00:00+00:00,2022-12-09 15:30:00+00:00,1306.6600574536762,1331.4138077785053,0.018344292498744853,0.018944292498744852,15,target,0.021891132626851606,-0.0023402229976414723,False,False,MSFT,2022-12-08 14:30:00+00:00,1026,0.8878791918584916,3
0.010625522076496472,-0.970941817426052,0.23931566428755768,0.6258006982556816,0.9779389166206761,0.8729111926715484,0.0,0.17971039340586345,3.1982462534171168,0.5574420440613654,0.46964871365164157,0.45371032706353936,0.0,0.0,0.15772605829514622,0.03039633710667497,0.9724223256135738,0.43035323673291387,0.44255795593863456,0.43035323673291387,0.0,0.6260870579322492,0.0,1.4140536620303257,0.9812647779955751,0.006038872429535593,1.3095877094910235,0.006693970417543715,0.0014764514434675302,0.013632260993812872,0.06036818943242128,0.02623816226277431,0.011895478850864283,0.0,0.44255795593863456,1.0,2.1196538606417272,0.2871687326438933,0.12708880732845157,0.9710565125956934,True,2022-12-09 18:00:00+00:00,2022-12-12 16:00:00+00:00,233.34641128672772,238.67718029261417,0.022244872464467425,0.022844872464467425,10,target,0.024080195071281674,-0.002951798755353896,False,False,AAPL,2022-12-09 17:30:00+00:00,1027,0.8627131553024469,3
0.013314551469991524,0.120536680255323,0.992708874098054,0.19631861834483424,0.3185192598675785,0.8235868858384029,0.0,1.180605336389588,1.6804163514045378,0.6930515457070725,0.6143556293954826,1.1973079582038921,0.0,0.0,0.3202395470645759,0.06417735507590257,1.683143942637133,0.5166384315454754,0.3069484542929275,0.5166384315454754,0.0,0.43352062304723865,0.0,0.6395817134738955,0.4335206230471824,0.0055776904346988305,2.2417888479081807,0.0026207446982253746,0.017451590249859983,0.010938647046038419,0.0570532404645967,0.020766632548141484,0.02992004719757846,1.0,0.3069484542929275,0.8750026802536318,0.7586822181484901,0.5747320492875665,0.1764131141615971,2.128100236179353,True,2022-12-13 16:30:00+00:00,2022-12-13 17:00:00+00:00,392.51244523864153,392.59094772768924,-0.000400000000000022,0.00019999999999997797,2,stop,0.015198764561708433,-0.009299132660344323,False,False,TSLA,2022-12-13 16:00:00+00:00,1029,0.7188001652745853,3
0.00661732563362254,-0.7485107481711012,0.6631226582407952,0.12727307390559076,0.21966521887074805,0.8017381569560967,0.0,1.8386840090662595,1.3322905963971328,0.7386691555700218,-0.20140044127612447,0.7678183561010198,0.0,0.0,0.40821767850692436,0.08585197437993372,2.0679048189064364,0.5404073125261186,0.2613308444299781,0.5404073125261186,0.0,0.3131778212744544,0.0,0.4870189517169402,0.3505467580225348,0.002542702452890045,1.2635611609419362,0.000842917285579281,-0.002322055910027321,0.004698227228936203,-0.0031441494230728395,-0.00038759317614844857,-0.006591075010176084,0.0,0.26133084442997817,0.32365399437513054,0.33817990121088987,0.7586622370435518,0.19826184304390324,0.7112502267433282,True,2022-12-13 17:30:00+00:00,2022-12-14 14:30:00+00:00,1340.8903714384783,1328.9116753323017,-0.009533389605390363,-0.008933389605390363,8,stop,0.0025899629287347015,-0.011834501748849036,False,False,MSFT,2022-12-13 17:00:00+00:00,1029,0.7197776564834112,3
0.020812765419936645,-0.7485107481711012,0.6631226582407952,0.45342428628255643,0.5471633759652603,0.7220543388104996,0.0,0.2951122971421942,2.513970450663013,0.5729513332022941,0.025326365615999658,0.24101231513436264,0.0,0.0,0.09526192590461614,0.08763238489785384,0.6908010607429403,0.2950056720127937,0.4270486667977059,0.2950056720127937,0.0,0.31136832894584504,0.0,1.0617625613554362,0.588419107669922,0.017728174237585305,1.6393806188670577,0.009526918967160292,-0.0062451057749418615,0.027415737753494263,0.022790635167605933,0.03793170296238535,-0.01069165688584306,0.0,0.4270486667977059,1.0,1.8677809651042903,0.6508524268993647,0.2779456611895004,1.485557237899229,True,2022-12-14 17:30:00+00:00,2022-12-15 18:30:00+00:00,390.8883119700266,403.3666454531389,0.03132301509406392,0.03192301509406392,16,momentum_decay,0.044661317255464184,-0.021282058375279855,False,False,TSLA,2022-12-14 17:00:00+00:00,1030,0.8229058326726179,3
0.006899607751315474,-0.35460488704253545,0.9350162426854148,0.313485300802111,2.3063492578714184,0.9141685904924118,0.0,0.16771902626518617,1.44155762301174,0.6309113723632023,0.031039929698445816,0.36365166811417016,0.0,0.0,0.2839245526994736,0.022248346902417795,1.476826762031296,0.545079962855614,0.36908862763679784,0.545079962855614,0.0,0.5819635973385715,0.0,0.8493496611079457,1.7183205351210442,0.0033529228371426,1.08033088355804,0.00216761399917198,0.008424123857546428,0.003110383661189209,0.013783301616312027,0.0013556397355392047,-0.002603634765024565,0.0,0.3690886276367978,0.11875476525426167,0.09279217911825619,0.2325495912922606,0.08583140950758818,0.23235495010675483,True,2022-12-16 17:00:00+00:00,2022-12-16 18:30:00+00:00,1346.0066192595223,1346.275820583374,-0.000400000000000022,0.00019999999999997797,4,stop,0.008079031386123425,-0.017825828124964804,False,False,MSFT,2022-12-16 16:30:00+00:00,1032,0.7935826118382202,3
0.014635006839077664,-0.7485107481711013,-0.663122658240795,0.5703049009113913,0.47720013833831776,0.7920151360142258,0.0,0.2832395877670885,2.735347730330688,0.5812210144013675,0.07839224482453135,0.2935680255524359,0.0,0.0,0.13675787867251826,0.060307432945922036,0.8912485183131906,0.3732361504155933,0.41877898559863247,0.3732361504155933,0.0,0.31223617968617384,0.0,1.3618278866026596,0.52392673572064,0.007215101565031557,1.837431587067011,0.008416665114630906,-0.002248614547806227,0.026522050332064895,0.0229315723887753,0.024443637373809723,0.008536199568439207,0.0,0.41877898559863247,1.0,2.0268080609770016,0.49664589470363213,0.20798486398577423,2.4179571553993817,True,2022-12-16 19:00:00+00:00,2022-12-19 14:30:00+00:00,402.4596293460732,416.175769662339,0.03348078554003579,0.034080785540035796,5,gap_through_target,0.034080785540035796,-0.008492440947579172,False,True,TSLA,2022-12-16 18:30:00+00:00,1032,0.7947866821064489,3
0.014584956543055623,1.0,0.0,0.36020460552589095,4.772102633080188,0.8111110200336871,0.0,0.17841191740200502,0.7661213075316231,0.6186427369442696,0.9220753784428655,0.9559909844442366,0.0,117.7819689899251,0.18848926707602917,0.05824460385226796,1.126905918964911,0.4297537569779567,0.38135726305573037,0.4297537569779567,1.0,0.0,0.01177819689899251,0.9445332249336281,2.531425556915821,0.008035177906798478,1.7635167529864062,0.017121715522844472,0.04841582989320714,0.0182619050518531,0.04188606429403818,0.03981666067253897,0.0678228786530275,0.0,0.38135726305573037,1.0,2.0164455673200377,0.4953071522820933,0.1888889799663129,1.5910092905299573,True,2022-12-19 15:00:00+00:00,2022-12-19 17:30:00+00:00,418.3737246912204,431.4929442669826,0.030757656567569503,0.0313576565675695,6,target,0.04072304918538605,-0.00546263254619328,False,False,TSLA,2022-12-19 14:30:00+00:00,1033,0.8819626754311115,3
0.011346041601791682,-0.7485107481711013,-0.663122658240795,0.9232814264823391,0.5629169486024115,0.8240184443600403,0.0,0.3511193012207249,3.634218903094759,0.5372498715936365,0.6222793286062229,0.8673096809431676,0.0,0.0,0.11520606025525325,0.04350048808586762,0.7806984672217797,0.36126831595367676,0.46275012840636354,0.36126831595367676,0.0,0.35763633232614717,0.0,1.9952051221724576,0.5841730927290064,0.007618984543127843,1.9930148224499624,0.010586489189764015,0.04647652971092464,0.029956347869119604,0.059103786025709315,0.021478298046714084,0.01766589965250498,0.0,0.4627501284063636,0.923818352064568,3.0088994402259104,0.38029499039998116,0.17598155563995968,2.024217450433243,True,2022-12-21 19:00:00+00:00,2022-12-21 20:00:00+00:00,234.66580513181572,240.3902403050343,0.02379398944385207,0.02439398944385207,3,target,0.027469832103709235,-0.0061878427794920254,False,False,AAPL,2022-12-21 18:30:00+00:00,1035,0.8202496638834718,3
0.01428869775660985,0.5680647467311559,0.8229838658936564,0.0908811904872643,8.242682467324418,0.5289976243433425,0.0,1.0289371673845655,0.3496375664418082,0.7796046006600936,0.07030991795940385,0.880327889160643,0.0,0.0,0.19248787971933146,0.3839738861969709,1.4002208119007558,0.3086022250034362,0.22039539933990637,0.3086022250034362,0.0,0.6127386377416721,0.0,0.4123552068666468,1.6320172066919465,0.007197021257055022,1.0846279786597326,0.0013002623493347798,-0.022513446779225732,0.0014582398583391498,-0.005029968903342508,0.01506803006223123,-0.005628341234664602,0.0,0.22039539933990632,-0.697505264322237,1.0343053091916377,2.137078981986621,0.4710023756566575,0.27344508081315827,True,2022-12-22 16:00:00+00:00,2022-12-22 18:00:00+00:00,455.86932012263225,455.9604939866568,-0.000400000000000022,0.00019999999999997797,5,stop,0.028804655006569924,-0.007640212409139258,False,False,TSLA,2022-12-22 15:30:00+00:00,1036,0.7625898795284749,3
0.014105708760814075,-0.9709418174260521,-0.23931566428755743,1.149848233928226,18.29759695738523,0.897895727396535,0.0,0.25735116803576125,2.2631228677102,0.5437968343967026,0.3834815703371411,1.0108129615634602,0.0,0.0,0.15758073308566975,0.02265032591692769,0.9681926718089982,0.4416925617932376,0.4562031656032973,0.4416925617932376,0.0,0.14108481571997414,0.0,2.520474035745962,7.087934976534814,0.007632802716435942,1.6771739442877067,0.016486831217928266,0.019313958718906843,0.017403550536713386,0.015636858096194084,0.016620510004554223,0.04128793906129147,0.0,0.4562031656032974,0.9395039112601135,1.3123906541074561,0.2238131611130441,0.10210427260346501,2.0325422247596854,True,2022-12-22 18:30:00+00:00,2022-12-23 14:30:00+00:00,467.30410833476566,482.94177283373597,0.03286357162297364,0.03346357162297364,6,gap_through_target,0.03346357162297364,-0.005587329493725646,False,True,TSLA,2022-12-22 18:00:00+00:00,1036,0.73002907219986,3
0.01365811827632033,1.0,0.0,0.6039416492159868,27.715069479528783,0.8804365024277088,0.0,0.1727701014200458,1.27223698626225,0.5820493516162106,1.0417669857024376,1.8074991515189132,0.0,86.7828389062586,0.18902099512403275,0.029833352587123413,1.106556134874373,0.46248585404391934,0.4179506483837895,0.46248585404391934,1.0,0.07085979853417548,0.00867828389062586,1.4450070876822958,5.141149997869153,0.005854029202575387,1.3966660389819914,0.017067777454046862,0.06975537029890866,0.017375742305006048,0.03590711952280978,0.030058100614399397,0.060194742357721154,0.0,0.4179506483837894,1.0,1.628596460626225,0.28607085079210237,0.11956349757229125,0.8932401038875343,True,2022-12-23 15:00:00+00:00,2022-12-23 17:00:00+00:00,486.95855098728947,477.979785382472,-0.01903845967303248,-0.01843845967303248,5,stop,0.0034820963647956837,-0.020949676597613043,False,False,TSLA,2022-12-23 14:30:00+00:00,1037,0.8025430299242519,3
0.008067828223589108,1.0,0.0,1.0345807161626666,7.9745792705164,0.8774688442924585,0.0,0.2761999275101195,1.977920062750612,0.5410267773531445,0.6325763276086932,1.50489224092219,0.0,-49.37487307139277,0.14428885293975027,0.027996882575934745,0.9118083604793742,0.418495621645603,0.4589732226468556,0.418495621645603,1.0,0.19938127618580906,0.004937487307139277,2.2541199902607314,5.015516096244954,0.0025708528861607214,1.4247741455319527,0.0034380288001343295,0.019067850653017526,0.004493024583817284,0.046991493615258006,0.010484235020878252,0.009523439645824583,0.0,0.4589732226468555,1.0,1.4268327064333415,0.2669679834498936,0.12253115570754144,1.411842012145868,True,2022-12-27 15:00:00+00:00,2022-12-27 17:30:00+00:00,1289.442749781128,1289.7006383310843,-0.000400000000000022,0.00019999999999997797,6,stop,0.012682384666632851,-0.0036467075405473004,False,False,MSFT,2022-12-27 14:30:00+00:00,1039,0.8438193691370981,3
0.006970981833331908,-0.970941817426052,0.23931566428755768,0.13536522357926753,1.4748894963585808,0.37927121865683733,0.0,0.3245812599825518,2.1441906949681906,0.741127721689415,0.026180619422404044,-0.09014420890685862,0.0,0.0,0.043577148587529785,0.5210433822190167,0.4650901252597006,0.12039894034625234,0.258872278310585,0.12039894034625234,0.0,0.38460033666369564,0.0,0.5229035123523792,1.2004051833566434,0.0021284103259149715,1.0530377428773938,0.0009445197902424596,-0.0018008883507700801,0.0015859358016270253,-0.023912241580883897,0.005391571395202854,0.006042966238512193,0.0,0.258872278310585,1.0,0.5522489607280664,2.397818667148918,0.6207287813431627,0.1741828337856969,True,2022-12-27 18:00:00+00:00,2022-12-27 20:00:00+00:00,246.184124795077,245.8254696580943,-0.0020568572903765896,-0.0014568572903765897,5,momentum_decay,0.006057326041059019,-0.0036290517859723925,False,False,AAPL,2022-12-27 17:30:00+00:00,1039,0.8029830004872411,3
0.006827981064958941,0.8854560256532099,0.4647231720437685,0.6174864301890696,1.8196583701721862,0.6521407088693489,0.0,0.5184304953906606,1.1066003847188526,0.585675623254944,0.22465582945514936,0.11294346123334466,0.0,0.0,0.07307661057365238,0.12492767399013312,0.5739858561843676,0.23781633212429307,0.41432437674505584,0.23781633212429307,0.0,0.49210276222925703,0.0,1.4903454028943712,1.5950310177298852,0.0020572679211490843,1.1250014056833246,0.00423403713984416,0.010487384349460838,0.005942908166138183,-0.019496343597542598,0.004247879152543765,0.006367333960701771,0.0,0.4143243767450559,1.0,1.1878633842144783,0.8395820054400625,0.34785929113065106,0.4319023261003426,True,2022-12-28 15:30:00+00:00,2022-12-28 17:30:00+00:00,247.7516613334703,245.89091982942597,-0.008110510702649964,-0.007510510702649964,5,momentum_decay,0.0023801958122675604,-0.008813490750885111,False,False,AAPL,2022-12-28 15:00:00+00:00,1040,0.7895078638549478,3
0.005792776225793446,1.0,0.0,1.0523261385565597,6.811892054675578,0.7778967296736943,0.0,0.5254221717939657,1.8402439033702374,0.5551670839750633,0.17977126779828723,1.0503868949460402,0.0,-5.289918517263903,0.10778415821076504,0.06162327468691387,0.7487391369887845,0.33306381364875753,0.4448329160249367,0.33306381364875753,1.0,0.2422267208245974,0.0005289918517263903,2.365666075164203,4.1283636941272635,0.0020714837412678043,1.4246291660847894,0.005601041316322997,0.009174248404040908,0.0065067984846765015,0.008514278340028048,0.00617822196397988,0.00562988808377507,0.0,0.4448329160249367,0.6251686140420046,0.9208424010842505,0.4992959430947932,0.22210327032630575,1.014621817076326,True,2022-12-29 15:00:00+00:00,2022-12-29 16:00:00+00:00,1300.4214242562957,1316.617482422676,0.01185446888545576,0.01245446888545576,3,target,0.01390894627218664,-0.003894568426510814,False,False,MSFT,2022-12-29 14:30:00+00:00,1041,0.8179173979653708,3
0.007923982188093325,-0.35460488704253545,0.9350162426854148,1.137901519978135,2.83186804466116,0.8315990454683369,0.0,0.4148139619121898,3.9993607585689035,0.538049053980704,0.9310351950479246,1.2682831221668713,0.0,0.0,0.1193458209894293,0.04121282377246166,0.8001890733947529,0.36964809944904087,0.461950946019296,0.36964809944904087,0.0,0.40392522480341786,0.0,2.4632518447761855,2.475705745999359,0.0029764508973043145,1.1789326079474354,0.009098752198568372,0.02907908057426445,0.012351423082672675,0.019447823057671343,0.021719037326982216,0.02803144432441229,0.0,0.461950946019296,1.0,2.595320492295761,0.3645429368264891,0.16840095453166315,0.42864783820938435,True,2022-12-29 17:00:00+00:00,2022-12-30 14:30:00+00:00,1328.6653257105256,1332.0600051936367,0.001954954522724362,0.002554954522724362,9,gap_through_stop,0.014428100610724526,-0.002348909620617401,True,False,MSFT,2022-12-29 16:30:00+00:00,1041,0.8308877441645541,3
0.0074163823860339834,0.120536680255323,0.992708874098054,0.9376376325715889,10.341813868190728,0.7890424975729784,0.0,0.43841441707839257,1.6397976020938443,0.5488248437014357,0.2750959114194413,1.8907204332739362,0.0,0.0,0.10809707419756748,0.056637922471066283,0.7488606953588438,0.3378673412744141,0.4511751562985643,0.3378673412744141,0.0,0.18639270310732822,0.0,2.078212019172237,5.365016888155342,0.003982964177823304,1.2376887174034288,0.007002574278466955,0.019229736167885925,0.007684890590244908,0.0419254465789034,0.0016788276522086143,0.007109323685730029,0.0,0.4511751562985643,1.0,1.1817149658991903,0.4675734013319613,0.21095750242702158,0.6044334540031869,True,2022-12-30 16:30:00+00:00,2022-12-30 19:00:00+00:00,1342.0046416952437,1340.1986345974585,-0.0019457532423314376,-0.0013457532423314378,6,momentum_decay,0.007118423371591298,-0.004107320619163413,False,False,MSFT,2022-12-30 16:00:00+00:00,1042,0.770786869265352,3
0.006943722867127905,-0.35460488704253545,0.9350162426854148,0.37633491770184146,2.1340005212976543,0.49330477236143394,0.0,0.5092194218051171,2.1810458784809277,0.6255305696760065,0.36298848161191605,0.409154246204221,0.0,0.0,0.03264163102345828,0.24860782705736456,0.3173432392984411,0.11883534203744042,0.3744694303239935,0.11883534203744042,0.0,0.3763889431248033,0.0,1.0049816813517567,1.6608824576548527,0.003501686108880924,1.145539490257283,0.0026200118981158926,0.0014625688788796332,0.0038524883840689306,0.005000340456765784,0.00502915027219375,0.015386855765667562,0.0,0.3744694303239935,1.0,0.9084474099027503,1.3531017130006902,0.5066952276385661,0.4352790701317781,True,2023-01-02 17:00:00+00:00,2023-01-02 18:30:00+00:00,249.26232897980327,246.92573745937494,-0.009974025870622637,-0.009374025870622638,4,stop,0.00781496394244674,-0.013174978374138946,False,False,AAPL,2023-01-02 16:30:00+00:00,1043,0.7750451856654121,3
0.007288935423113057,0.5680647467311559,0.8229838658936564,0.13154099431192984,0.37896166280510063,0.6054271939129476,0.0,0.1870651814999005,0.8162387400794003,0.7225432396078115,0.7361023771209453,0.6839346156712192,0.0,0.0,0.17236294039690034,0.23017746733022215,1.1820596227567814,0.32797043352075916,0.2774567603921885,0.32797043352075916,0.0,0.3738763666942538,0.0,0.47409547392536067,0.5242562764216266,0.004910860568716539,1.2722996032636495,0.0009597139808588118,0.012930587957211692,0.003501063396573967,0.009213727389695725,0.014397157055494825,0.013130529556096393,0.0,0.2774567603921885,1.0,2.2797420391966114,1.4221055761229893,0.3945728060870523,0.8616091648104641,True,2023-01-04 16:00:00+00:00,2023-01-04 17:00:00+00:00,1367.6994776150298,1354.2412288347718,-0.010440062821202644,-0.009840062821202644,3,stop,0.0011564576915570335,-0.012081631164763018,False,False,MSFT,2023-01-04 15:30:00+00:00,1045,0.8248415805023799,3
0.007587047191337939,0.5680647467311559,0.8229838658936564,0.22376331626111215,0.9069688249527809,0.6702753213179455,0.0,0.7280905557806877,1.5696269587898883,0.6557325925600654,-0.4784272257744392,-0.14141429963440705,0.0,0.0,0.13873657821754698,0.14109637544514791,0.9469613063349528,0.326007913878011,0.34426740743993456,0.326007913878011,0.0,0.29034542831688215,0.0,0.6499695045925974,0.9345992284027724,0.002812045175657288,1.4311600940113567,0.0017005899365285515,-0.018939460503782923,0.0035823326916242237,-0.006253770906477385,-0.004502570425560348,-0.012714278451389727,0.0,0.34426740743993456,-0.3790426520873052,-0.00683321713430008,0.9577574628217975,0.3297246786820545,1.4006373028792716,True,2023-01-05 16:00:00+00:00,2023-01-05 19:30:00+00:00,1341.7959873776954,1335.34147413843,-0.005410353660305466,-0.004810353660305466,8,momentum_decay,0.002505821869918101,-0.009183741051225991,False,False,MSFT,2023-01-05 15:30:00+00:00,1046,0.7930932614125316,3
0.00571790618984469,0.5680647467311559,0.8229838658936564,0.012992252956334912,0.03878346998723272,0.7334308238073051,0.0,0.6731796182112313,1.0668126940654952,0.95600221962872,0.11414195026187982,0.48712267844768187,0.0,0.0,0.7011614955039043,0.2969026998184963,15.669723281750077,0.6894330434360251,0.04399778037127999,0.6894330434360251,0.0,0.31465685522096026,0.0,0.29529337268149447,0.31465685522091696,0.0029365192289080005,1.26685964773611,7.42940027878003e-05,0.011092125171691336,0.0019937231948878864,0.009238023791268368,-0.0017532753147551094,0.003262310543066693,0.0,0.043997780371279945,-0.356919506611112,-0.7678918931832333,6.05869600558421,0.26656917619269493,0.664448846955555,True,2023-01-09 16:00:00+00:00,2023-01-09 17:00:00+00:00,1354.1915306321189,1343.7382914495495,-0.008319173356290243,-0.007719173356290243,3,stop,0.005652405044573872,-0.008833376872979914,False,False,MSFT,2023-01-09 15:30:00+00:00,1048,0.7476152987792983,3
0.011607472724035702,-0.7485107481711013,-0.663122658240795,0.45711790282712234,0.45975267583947466,0.8336004032355727,0.0,1.2643737279796812,2.326743852433023,0.5703144505192235,-0.13727806766758932,-0.04348275706489215,0.0,0.0,0.14896701419431113,0.043883670150453954,0.9400242904201874,0.40391485375479613,0.42968554948077664,0.40391485375479613,0.0,0.2763419636626071,0.0,1.0638428575955008,0.4990303690746352,0.006833078862499599,2.2359527806931676,0.005334287229230128,0.004908411542032809,0.017135618301841404,0.010052194804765824,-0.001796520255327727,-0.003627817520766019,1.0,0.4296855494807766,0.24765814649803866,0.6070461062686324,0.3872590012984357,0.16639959676442725,2.995628556976586,True,2023-01-09 19:00:00+00:00,2023-01-09 20:30:00+00:00,237.35448640567114,243.277920718466,0.0243560663566768,0.024956066356676798,4,target,0.025413398272956522,-0.005679148768526376,False,False,AAPL,2023-01-09 18:30:00+00:00,1048,0.6854679655893376,3
0.011031087796018324,1.0,0.0,0.03854975477114474,0.1835606860265041,0.8464101846738011,0.0,0.03633513464648112,0.20023741783241486,0.8370489121954092,0.8204181442515222,0.6694254615793466,0.0,4.162845626276557,0.7084867243523206,0.08324622968402504,4.194259185812866,0.6834590968692104,0.16295108780459078,0.6834590968692104,1.0,0.408712754563546,0.0004162845626276557,0.23657255247889597,0.4087127545632828,0.006212497494735525,1.1033153823276458,0.000841888301428062,0.021223970644380863,0.003167832868067988,0.02320948192369854,0.01724499138165525,0.031843428308966804,0.0,0.16295108780459078,1.0,0.9386488012943603,0.9425516416858626,0.15358981532619884,0.2272560068196371,True,2023-01-10 15:00:00+00:00,2023-01-10 20:30:00+00:00,243.27464708450856,249.0443526641579,0.023116838761439263,0.023716838761439263,12,target,0.0244789178954401,-0.004313103398895346,False,False,AAPL,2023-01-10 14:30:00+00:00,1049,0.8333954366569142,3
0.008279328581977864,1.0,0.0,0.41204547754968035,0.6134932541426386,0.7551891022702328,0.0,0.2534379702018149,0.7818017701530882,0.6019806219876933,0.708362561368651,1.9242105374496143,0.0,-22.01793477782821,0.13598386874637414,0.07933852263539695,0.8973676760191869,0.3571697242579262,0.3980193780123067,0.3571697242579262,1.0,0.4859855128259962,0.0022017934777828208,1.0352397403549032,0.6668034805631188,0.002593773124596974,1.289288948407985,0.0012138072764180663,0.02393193985081954,0.006819235726802209,0.045663841284057316,0.010856903717243238,0.015731484022696973,0.0,0.39801937801230663,1.0,0.9169402841355784,0.6150728111582285,0.24481089772976716,0.6640622032578515,True,2023-01-11 15:00:00+00:00,2023-01-11 19:30:00+00:00,249.09668130576435,253.53074084316725,0.017200556451252447,0.017800556451252447,10,target,0.020108397673099798,-0.004775741003962719,False,False,AAPL,2023-01-11 14:30:00+00:00,1050,0.8261019516631687,3
0.00614594471509608,-0.3546048870425359,-0.9350162426854147,0.31075044276625585,3.2448661423940504,0.5618319530236394,0.0,0.551864726688454,2.8330509085334623,0.6433473343800831,0.7710263925259699,0.19706843062730423,0.0,0.0,0.06931364363815085,0.20940577608768926,0.5752916133320011,0.20517928740372246,0.35665266561991704,0.20517928740372246,0.0,0.5066595939302421,0.0,0.8712971266487634,1.973711762255511,0.0021866267541182736,1.4700314781241282,0.0019135095673270541,0.024833936155971292,0.0025046902915788483,0.026427665349335383,0.005299004881856639,0.01474477407851671,0.0,0.356652665619917,1.0,1.2605584788131465,1.2285567702531615,0.4381680469763605,1.3094305314730788,True,2023-01-12 19:30:00+00:00,2023-01-12 20:00:00+00:00,1314.725229479357,1303.8169209018622,-0.008897025365379684,-0.008297025365379684,2,stop,0.003469934960673049,-0.01066559661119637,False,False,MSFT,2023-01-12 19:00:00+00:00,1051,0.769311437272344,3
0.006334182228794071,1.0,0.0,0.07886848072327214,1.1336408349984635,0.5349177377747949,0.0,0.1863682793414143,0.21435282846804646,0.8031836127764616,0.2626673311435391,-0.012547003563610404,0.0,55.67132317681134,0.2460176317727194,0.418748823571193,1.7178516246552882,0.3381013505512564,0.19681638722353845,0.3381013505512564,1.0,0.0,0.005567132317681134,0.40072110780946074,1.0526514661924566,0.0031237985842050464,1.0823263319362775,0.006069731886436891,-9.396031511954561e-06,0.0065159706572885945,0.012782583036747841,0.011066069402496437,0.010421774385974691,0.0,0.19681638722353847,1.0,1.72226984459378,2.3630261117244635,0.4650822622252051,0.13888658415441368,True,2023-01-16 15:00:00+00:00,2023-01-16 18:00:00+00:00,1310.1915805708188,1312.0825429806835,0.0008432716847720962,0.001443271684772096,7,momentum_decay,0.006314290817648116,-0.0015191738401465482,False,False,MSFT,2023-01-16 14:30:00+00:00,1053,0.8818628429573233,3
0.011703911688089158,-0.7485107481711013,-0.663122658240795,0.5615915275316499,2.9747418192528543,0.6375072745334796,0.0,0.6418173517189117,1.358243485891995,0.5992745511436721,0.3150868854760217,0.12542164631329691,0.0,0.0,0.07524734242382426,0.13791314287824605,0.5908829258357678,0.23678182567715172,0.4007254488563279,0.23678182567715172,0.0,0.3636971046898463,0.0,1.4014371414005138,2.133592204396765,0.008115189924761256,1.0967839137010815,0.006616305411952794,0.0189015413412299,0.008860173091467471,0.01073898993295308,0.011594097501681278,0.0017805007292022168,0.0,0.4007254488563278,0.8689109520509057,0.7161029627332345,0.9045912269883629,0.36249272546652045,0.25779618740413784,True,2023-01-16 19:00:00+00:00,2023-01-17 14:30:00+00:00,490.8876441996105,503.2400513180562,0.024563410129391606,0.025163410129391606,5,target,0.030344428582612437,-0.003724796703785338,False,False,TSLA,2023-01-16 18:30:00+00:00,1053,0.6557469982670218,3
0.011665116714144792,1.0,0.0,0.3596344488308805,1.1451840938373927,0.6862221546212286,0.0,0.31384731827978796,0.6863740896431733,0.6404451594595542,0.7190373877048775,0.7561862194264415,0.0,105.57769443122478,0.13309629610023202,0.1254433162601269,0.9085326555181835,0.32666731408078276,0.35955484054044584,0.32666731408078276,1.0,0.0,0.010557769443122478,1.0002214079229612,1.1049417531507852,0.005596302710412465,1.587179833642431,0.014815099238890461,0.028413866960040224,0.018601847604647226,0.05049483294876378,0.018853770782761625,0.03503851455739637,0.0,0.35955484054044584,1.0,1.8177907083205769,0.8726842472958629,0.3137778453787714,1.6139137205493308,True,2023-01-17 15:00:00+00:00,2023-01-17 17:30:00+00:00,503.9383977295953,504.0391854091412,-0.000400000000000022,0.00019999999999997797,6,stop,0.01574123529615079,-0.008754310711433178,False,False,TSLA,2023-01-17 14:30:00+00:00,1054,0.8204379823019354,3
0.011675861301001669,1.0,0.0,0.24334194824260097,1.7796362676390245,0.6160582966470509,0.0,0.2949322067721705,0.47323703401761125,0.6832183126827461,-0.1628986914384077,0.9478623808564126,0.0,-57.76971796009778,0.13254787258214032,0.19341496706967856,0.9447408777448152,0.299276609329797,0.31678168731725387,0.299276609329797,1.0,0.3832526435409084,0.005776971796009778,0.7681692407897818,1.3806491856688206,0.00518011458129615,1.1987586852878975,-0.002944109843510345,-0.009125135976086662,-0.0013544451193789886,0.019029450584336693,-0.011806057292726768,-0.015543244296506553,0.0,0.31678168731725387,0.9720192231379516,-0.11753940080378299,1.2120072552305223,0.38394170335294914,0.5698569941080137,True,2023-01-18 15:00:00+00:00,2023-01-18 16:30:00+00:00,499.3398913267415,491.4690898539373,-0.016362412756352262,-0.015762412756352262,4,stop,0.004700318803635639,-0.017427501257005207,False,False,TSLA,2023-01-18 14:30:00+00:00,1055,0.6874227493560343,3
0.010864069062496793,0.120536680255323,0.992708874098054,0.39340505356046696,2.989976838355131,0.7299508626923756,0.0,1.0629959940264615,1.0955939948454192,0.6217370770129889,0.8711176702151093,-0.11984002665935571,0.0,0.0,0.14065100504599395,0.09592209006027841,0.9297446784584228,0.35168793970536444,0.37826292298701114,0.35168793970536444,0.0,0.4866949997232363,0.0,1.0400307025967113,2.0126282264516178,0.012834691624724854,2.181395981213149,0.004292324981128637,0.030938143080063263,0.00573613092095937,-0.0021889991836093747,0.041216270977364466,0.04129800573949227,1.0,0.37826292298701114,-0.24681781307758702,-0.33805785156282264,0.7139191311035507,0.27004913730762437,1.8919515111839276,True,2023-01-19 16:30:00+00:00,2023-01-20 14:30:00+00:00,1314.4715081379268,1345.1746030148804,0.022757748484368113,0.023357748484368113,10,target,0.023679980387614208,-0.0031179772831453345,False,False,MSFT,2023-01-19 16:00:00+00:00,1056,0.8299021947063602,3
0.007911969430282873,-0.7485107481711012,0.6631226582407952,0.2752993208248433,0.7210030017853717,0.7885171561498857,0.0,0.16332013213210958,1.0431902430968099,0.6435155757102384,0.4371948624818796,1.302670561754506,0.0,0.0,0.20498639953255612,0.07227626459179273,1.2119259704545862,0.4320327318601242,0.35648442428976146,0.4320327318601242,0.0,0.4559601284658051,0.0,0.7722618495137155,0.7845246353108967,0.004524788020376296,1.7853742613081034,0.002182914547280479,0.030010647537138224,0.005226346001184323,0.04621076689722048,0.0037047390614199927,0.005718473832649229,0.0,0.3564844242897615,1.0,0.652265412179454,0.5932456776226999,0.21148284385011434,1.909826218847773,True,2023-01-23 17:30:00+00:00,2023-01-23 18:30:00+00:00,244.71614597128507,242.1022939721561,-0.011281158730881934,-0.010681158730881934,3,stop,0.0022401717157614076,-0.011715079764938907,False,False,AAPL,2023-01-23 17:00:00+00:00,1058,0.7799513414304141,3
0.006719918356493445,0.8854560256532099,0.4647231720437685,0.544262690527519,1.1307726918097172,0.7906501811239872,0.0,0.2754750858276894,1.4640207780304832,0.5863825748867243,0.035803649828955696,1.1066199406800594,0.0,0.0,0.1408719194853006,0.061630937786117064,0.9115494974791719,0.37703275601071146,0.4136174251132757,0.37703275601071146,0.0,0.44024870205777566,0.0,1.3158601584023304,1.1062793967290618,0.0026303979832323432,1.1182888931055117,0.0036708265288782904,-0.003730539717138215,0.002249331862134385,0.015792936480393482,0.00471779333793565,0.005311204298159566,0.0,0.4136174251132757,1.0,0.5606194098053596,0.5061436152469565,0.20934981887601284,0.30217650308475835,True,2023-01-24 15:30:00+00:00,2023-01-24 17:00:00+00:00,1357.9902814500722,1345.6707432927265,-0.009671889781266162,-0.009071889781266163,4,stop,0.002243148942136175,-0.010231167940355945,False,False,MSFT,2023-01-24 15:00:00+00:00,1059,0.8248277042005409,3
0.011382496736663552,-0.7485107481711012,0.6631226582407952,0.20459420071655574,0.4606845779221399,0.8694362862747265,0.0,0.6691113921648382,1.4619194235385988,0.7069663949654015,0.03599304187614641,-0.11380288144258487,0.0,0.0,0.4030174416326843,0.04447703058599723,1.9670190426506144,0.5764026812401281,0.2930336050345984,0.5764026812401281,0.0,0.5719783944171036,0.0,0.6981936446927285,0.5942735030493131,0.005050272442821299,1.8121704895440938,0.002334228757171042,-1.2988504244360044e-06,0.00743878989762492,0.032406634764289066,0.01112923259630949,-0.0013919254961454186,0.0,0.29303360503459847,0.9298391298898531,0.6195874946996006,0.44555884199609613,0.1305637137252735,1.5431829526791545,True,2023-01-24 17:30:00+00:00,2023-01-24 20:30:00+00:00,481.64468565634326,493.4316716411798,0.02387236798382657,0.02447236798382657,7,target,0.037080931819071905,-0.007908274747061017,False,False,TSLA,2023-01-24 17:00:00+00:00,1059,0.77054144043397,3
0.007453180340468974,1.0,0.0,0.47266520606112167,0.36590467878815525,0.9520503739958662,0.0,0.05657124589864314,1.1232345338954712,0.5993703250516322,0.46429421368286683,0.646858915910547,0.0,23.545389741448375,0.2618025426782561,0.010726432932900385,1.3763850596387517,0.5514206990474985,0.40062967494836776,0.5514206990474985,1.0,0.27783262107262824,0.0023545389741448375,1.1798057797941144,0.41989705650536124,0.003365217705379178,1.4087531416000136,0.005898176439663949,0.01770654100557878,0.015735156848806442,0.010128472912061648,0.013670270481967561,0.01696908518733542,0.0,0.40062967494836776,0.8126643192444087,2.0832832230011307,0.11968565735989999,0.04794962600413373,1.11813851443473,True,2023-01-25 15:00:00+00:00,2023-01-25 17:00:00+00:00,246.25347627452157,244.9870002567602,-0.005742977215678024,-0.005142977215678024,5,momentum_decay,0.005314236706916331,-0.0065031040420926445,False,False,AAPL,2023-01-25 14:30:00+00:00,1060,0.8419450373672879,3
0.011333735843141212,0.8854560256532099,0.4647231720437685,0.6550520000352963,0.7547913616188068,0.8521809155045841,0.0,0.21323421681276644,2.3411774577081053,0.5459022084287206,0.9614845450754713,0.5035794305184997,0.0,0.0,0.1359407862684525,0.03565424420983058,0.8766462451971103,0.39808312393330475,0.4540977915712794,0.39808312393330475,0.0,0.29480684286613423,0.0,1.4425350930879242,0.7735043768414385,0.005293715328041519,1.2746769655799055,0.007479717145721265,0.04777376772638897,0.005969145973095946,0.04558166327983382,0.012275737496957984,0.053113647901112726,0.0,0.4540977915712794,1.0,0.6478955494413775,0.3255225795833825,0.14781908449541586,0.5434777677528615,True,2023-02-02 15:30:00+00:00,2023-02-02 18:00:00+00:00,1257.667183687242,1248.9335337054179,-0.007544325251628691,-0.006944325251628691,6,momentum_decay,0.003826064295059828,-0.00803638524430228,False,False,MSFT,2023-02-02 15:00:00+00:00,1066,0.7921938234024293,3
0.008258957055111387,-0.3546048870425359,-0.9350162426854147,0.7383938353719055,3.47145165465727,0.6536758473149052,0.0,0.5840181859735522,2.6175433285217338,0.5621307255068025,0.6146465004527476,1.0376777847407086,0.0,0.0,0.060366876346863135,0.11621911820212663,0.49285616825100065,0.21580657282170784,0.43786927449319746,0.21580657282170784,0.0,0.37753446948607494,0.0,1.6863339777072597,2.648764764077006,0.0036580176745560876,1.9445927246048804,0.006135781196976664,0.013892988417434582,0.007917272187492053,0.050128764590960495,0.01904006852058071,0.011604922091764891,0.0,0.43786927449319746,1.0,1.9445892729324834,0.7909304736800903,0.34632415268509475,2.3720368843036357,True,2023-02-03 19:30:00+00:00,2023-02-06 17:30:00+00:00,244.1772200347482,243.53290747758433,-0.003238708709486348,-0.002638708709486348,10,momentum_decay,0.008622925437530737,-0.005845217728134955,False,False,AAPL,2023-02-03 19:00:00+00:00,1067,0.8492644620498906,3
0.007698206373795641,-0.3546048870425359,-0.9350162426854147,0.1767371419693498,0.3276921166468034,0.7327373032182165,0.0,0.1478305937491472,2.274732366987985,0.6804772003798716,0.14666184254352962,-0.1461775625168454,0.0,0.0,0.21493855729112618,0.111328969273454,1.2932238453378073,0.4132145035980881,0.3195227996201284,0.4132145035980881,0.0,0.3295854332104135,0.0,0.5531284220702485,0.4333167255097555,0.005408950206248545,1.321531877529483,0.0013624126355580302,-0.01073864014303505,0.005543058120715427,-0.003220574016766009,0.014639061252045948,0.005494164289998604,0.0,0.31952279962012836,1.0,1.2111804454474633,0.8364432744685724,0.26726269678178355,1.0924038555321944,True,2023-02-06 19:30:00+00:00,2023-02-07 14:30:00+00:00,1244.6846502157878,1265.2856047272498,0.01595114370366073,0.01655114370366073,4,target,0.01700172054041693,-0.003480306470049377,False,False,MSFT,2023-02-06 19:00:00+00:00,1068,0.8386285489136321,3
0.007705520149235262,0.8854560256532099,0.4647231720437685,0.4538385841966397,6.343585154025474,0.9039119484235484,0.0,0.10627727676559481,0.999763224857401,0.5896727257901675,0.8625115048994841,0.5993314892133967,0.0,0.0,0.21372099844102713,0.023309643330874333,1.2029048645720686,0.4935846742137159,0.4103272742098325,0.4935846742137159,0.0,0.3093138766676657,0.0,1.1060405016229957,3.2329619698055945,0.003408838474874251,1.205969068208175,0.003509334717358925,0.025483017241901607,0.009451986752585961,0.008146944303615511,0.01570358229803226,0.029610547899986628,0.0,0.4103272742098325,1.0,1.7559777748411356,0.23417417660443549,0.09608805157645159,0.6274261023908403,True,2023-02-07 15:30:00+00:00,2023-02-07 19:30:00+00:00,1269.4285217649801,1290.4589769277993,0.015966868320855965,0.016566868320855965,9,target,0.017538591848096585,-0.004922433516569291,False,False,MSFT,2023-02-07 15:00:00+00:00,1069,0.8291379196250483,3
0.0125008164008084,-0.3546048870425359,-0.9350162426854147,0.26054737516834253,0.40633864210698506,0.7326023808956761,0.0,0.7671048900718623,1.6412508084794601,0.6675813671251705,-0.1530735833576328,0.10871919216228766,0.0,0.0,0.19625709491971144,0.10736762773325349,1.203854743519223,0.40018374802084655,0.33241863287482953,0.40018374802084655,0.0,0.2750705152505462,0.0,0.7837929327699578,0.5086800626062353,0.007258810894179643,1.076549813349568,0.003267697972386907,-0.01951354374374059,0.011401193750564032,0.01610287339378602,0.00817843648965999,-0.0008109597862684392,0.0,0.33241863287482953,1.0,0.9259880591423104,0.8044002130434287,0.2673976191043239,0.22156372291039783,True,2023-02-08 19:30:00+00:00,2023-02-09 14:30:00+00:00,399.11214677684006,392.37668942208387,-0.017476102141091365,-0.016876102141091365,4,stop,0.002094359558728831,-0.01831384420753357,False,False,TSLA,2023-02-08 19:00:00+00:00,1070,0.6990575012114244,3
0.006262188553571601,1.0,0.0,0.06003480839055578,0.1966640614890374,0.7991287047001644,0.0,0.07349605310076304,0.2923902373772134,0.8359194920582317,0.12679462373519923,1.7899057466795234,0.0,-79.76764508028755,0.668007260922114,0.12449147130681548,3.8703451416817054,0.635048196758396,0.16408050794176832,0.635048196758396,1.0,0.0,0.007976764508028755,0.36588629047797644,0.4266515633431866,0.0036235107864168174,1.2825104449965725,-0.007603673813880607,0.0012570394434767707,-0.005717423862049986,0.022168911731615504,-0.009490847830759375,0.0019028426587928138,0.0,0.16408050794176834,1.0,-0.7568701045227482,1.2242239972264775,0.20087129529983563,0.91398103341731,True,2023-02-09 15:00:00+00:00,2023-02-09 17:00:00+00:00,1293.0326861175113,1282.1014465608725,-0.009053954547321674,-0.008453954547321674,5,stop,0.0016654142084864265,-0.009871192483430047,False,False,MSFT,2023-02-09 14:30:00+00:00,1071,0.7857101526331919,3
0.01363865520530844,0.8854560256532099,0.4647231720437685,0.4907982681375518,0.5679009759757034,0.6886905245068764,0.0,0.37988780992868865,2.0204589058376774,0.5978019103705488,0.5397518811630525,0.17068353264054506,0.0,0.0,0.09775372296756091,0.11004921837337844,0.712316747056824,0.2864924348774252,0.40219808962945125,0.2864924348774252,0.0,0.32526430922452926,0.0,1.220289903887233,0.6223416254353128,0.005727059292005028,1.1106099807735237,0.006738937646387111,0.0407713282459079,0.02129896900364492,0.015301097483525039,0.021200266990754946,0.02577891339079086,0.0,0.40219808962945125,1.0,2.1229177822007212,0.7740202738899657,0.31130947549312354,0.3783362578974181,True,2023-02-10 15:30:00+00:00,2023-02-10 18:30:00+00:00,405.54788366659136,406.21087518086085,0.0010348045224039433,0.0016348045224039431,7,momentum_decay,0.007273821618748899,-0.007970454664581683,False,False,TSLA,2023-02-10 15:00:00+00:00,1072,0.691549186198337,3
0.013216661297411574,1.0,0.0,1.1902113734648965,23.997641145379767,0.9090447627734839,0.0,0.23800884825450241,2.3787601857458385,0.545159944190649,0.6068377807894202,1.108655306955427,0.0,-81.06122283645712,0.16496084749496595,0.019833596629431762,0.99860313787853,0.4542047069641329,0.45484005580935094,0.4542047069641329,1.0,0.13252202774918678,0.008106122283645711,2.616769034000341,7.545915324296811,0.004168200790345346,2.5276911982356918,0.007746353255832394,0.03341907115410181,0.008412495161878697,0.05813722174211655,0.014443150146387529,0.025638690283375842,1.0,0.454840055809351,1.0,0.8358169432232835,0.19997191554436594,0.0909552372265161,3.9399373448962938,True,2023-02-13 15:00:00+00:00,2023-02-13 16:30:00+00:00,416.295527643978,408.86777770950613,-0.018442492751505623,-0.017842492751505623,4,stop,0.0017292964678250478,-0.021992838306242768,False,False,TSLA,2023-02-13 14:30:00+00:00,1073,0.7535545660738548,3
0.012092725559077975,1.0,0.0,0.22342591423088431,0.7688392050897136,0.5013770705891387,0.0,0.35836217156462935,0.360341583170528,0.689126552131042,0.08957294085591234,0.46437526169832044,0.0,131.6802271131201,0.07057677451081348,0.29825055079085366,0.6128012026305724,0.19050362272018068,0.310873447868958,0.19050362272018068,1.0,0.0,0.01316802271131201,0.7187037547351574,0.8471865771622117,0.0060337175525877595,1.701286351170008,0.015912844748587895,-0.007572852871121194,0.019552735636581442,0.025593140574041273,0.021089844044476447,0.008678926399467768,0.0,0.310873447868958,0.41744801805197485,1.4606237821210883,1.6039418381610975,0.49862292941086134,1.7867349160613362,True,2023-02-14 15:00:00+00:00,2023-02-14 19:00:00+00:00,413.1429828622244,406.39834950586857,-0.016925179504755316,-0.016325179504755316,9,stop,0.011135486406480988,-0.017687154617381462,False,False,TSLA,2023-02-14 14:30:00+00:00,1074,0.8953996283440936,3
0.01373113906744012,1.0,0.0,0.6449838504992553,2.5456806018296056,0.7231551601864528,0.0,0.4222726359099103,1.1030317049414757,0.5771441585623223,-0.3708670962540731,0.03473354323526979,0.0,-281.1450978784691,0.09879991063246385,0.08812912232191147,0.7101694935269081,0.30029931874877497,0.42285584143767774,0.30029931874877497,1.0,0.0,0.02811450978784691,1.5253043408513862,2.0322457677035777,0.006769218548085375,1.6971904182275042,-0.019430227991634408,-0.032837015825543325,-0.01607368223958927,-0.040161198807091014,-0.019143544528125278,-0.029935799136104224,0.0,0.42285584143767774,0.7795330463399689,-1.4288718169488892,0.6547026496600298,0.2768448398135473,2.1204183024497096,True,2023-02-15 15:00:00+00:00,2023-02-15 17:30:00+00:00,399.57660019576537,397.64446183576683,-0.005435464236524145,-0.004835464236524145,6,momentum_decay,0.006491957503068191,-0.010796336476012969,False,False,TSLA,2023-02-15 14:30:00+00:00,1075,0.8117125317270167,3
0.006879448623694587,-0.7485107481711012,0.6631226582407952,0.11264019332568473,1.054960083929803,0.8018852363560646,0.0,0.0952680293666597,1.4434335138703853,0.7657589285106501,0.6094498542323539,0.03646221340043597,0.0,0.0,0.4960165462998091,0.09333959966434317,2.423333197949217,0.5676441648667145,0.23424107148934992,0.5676441648667145,0.0,0.8399086103823329,0.0,0.480872942603518,1.0254181412254795,0.003710313865464614,1.244338700754254,0.0007755033623815244,0.021006422154971505,0.001511716718323619,0.017789756654891242,0.006685181007888064,0.006593324446009907,0.0,0.23424107148934994,1.0,0.79441617261918,0.8457729568222384,0.19811476364393546,0.9263129243309207,True,2023-02-20 17:30:00+00:00,2023-02-21 14:30:00+00:00,216.92080189551876,216.96418605589787,-0.000400000000000022,0.00019999999999997797,8,ambiguous_stop_first,0.01640059791132331,-0.004632990130997272,False,False,AAPL,2023-02-20 17:00:00+00:00,1078,0.7723759863719828,3
0.006745888527684024,-0.7485107481711012,0.6631226582407952,0.3691409791347858,0.9911037705698299,0.7857770987761689,0.0,0.20684092661866088,2.4850210829721924,0.6176846971071093,0.1427605670296841,-0.14007867247334183,0.0,0.0,0.17073623096421872,0.06882212285843356,1.0553116572374788,0.4034617958832782,0.38231530289289073,0.4034617958832782,0.0,0.44660607333470176,0.0,0.9655406841985715,0.9937794072452618,0.003830714427836312,1.20341299980104,0.0024964003922989253,0.0015967929396962788,0.005027872929032284,0.014556145954443434,0.011682996368780119,-0.002471344774192863,0.0,0.3823153028928907,1.0,0.8755491444241906,0.5603304382607386,0.2142229012238311,0.5289034508195476,True,2023-02-24 17:30:00+00:00,2023-02-27 14:30:00+00:00,1217.4801447862283,1217.4393754921086,-0.0006334866193048011,-3.3486619304801124e-05,8,gap_through_stop,0.011321370460612545,-0.005057052256334016,True,False,MSFT,2023-02-24 17:00:00+00:00,1082,0.8314420465497498,3
0.010044717294193036,0.8854560256532099,0.4647231720437685,0.32251970248902495,0.8594634064973926,0.797842341749701,0.0,0.1938458126563276,1.0367108980765898,0.6636510900013184,1.316640600884843,0.16334733332008627,0.0,0.0,0.24216486770706486,0.07159945815410713,1.3720675704053416,0.4614934317510195,0.3363489099986815,0.4614934317510195,0.0,0.6430507392365217,0.0,0.9588843397479397,0.9020695007083549,0.011576563037609414,1.785194916930663,0.0032501484768261424,0.04939388147195922,0.04624094586829619,0.03688501299396929,0.04631521133940031,0.05512893816459652,0.0,0.33634890999868156,0.9428047127650202,5.189111462876233,0.6010355682461095,0.20215765825029902,1.4965038506309285,True,2023-02-27 15:30:00+00:00,2023-02-27 17:00:00+00:00,221.3293645976393,218.3280568876523,-0.014160368347160678,-0.013560368347160678,4,stop,0.0031265792625023714,-0.014762284537656267,False,False,AAPL,2023-02-27 15:00:00+00:00,1083,0.835548302181562,3
0.008120483974917844,-0.9709418174260521,-0.23931566428755743,0.7952408255532336,1.439992869782728,0.7658420022065332,0.0,0.4159413083367572,3.4113516249163545,0.552311838851056,0.7229244097287069,0.8309487866052081,0.0,0.0,0.10019910446387419,0.06565727924191096,0.7106594917342505,0.3181538410575892,0.44768816114894405,0.3181538410575892,0.0,0.3086799130910151,0.0,1.7763275747840475,1.3761157972739098,0.003781203209109673,1.2432071209277937,0.006499713844659194,0.02255962216869567,0.011063363205398247,0.019133576545256936,0.019585037938879335,0.017108174905110518,0.0,0.447688161148944,1.0,2.1149686889190757,0.5230381728042488,0.23415799779346677,0.6479352946818882,True,2023-02-27 18:30:00+00:00,2023-02-28 15:30:00+00:00,1249.3468514067806,1255.3320497345885,0.004190661873496971,0.004790661873496971,8,momentum_decay,0.00812513237654744,-0.0033896426744021158,False,False,MSFT,2023-02-27 18:00:00+00:00,1083,0.8279309615244351,3
0.006511273035697213,-0.7485107481711012,0.6631226582407952,0.16739997541135912,0.14586007053228317,0.8225847267516685,0.0,0.36878762096522133,2.1567467001988443,0.706811567598854,0.6894451697000824,1.946493723646856,0.0,0.0,0.3499428310016273,0.0670937257889616,1.8056520511894179,0.5293962943505225,0.293188432401146,0.5293962943505225,0.0,0.22607642846791173,0.0,0.570963779301904,0.2260764284679009,0.0027648294928798696,1.0560727502855196,0.0010911763140104558,0.026010503135490692,0.008636768104686388,0.04134484712201192,0.007965783495468948,0.008341391526315967,0.0,0.293188432401146,1.0,1.5614889616837104,0.6051237144494847,0.1774152732483315,0.15600677854888695,True,2023-02-28 17:30:00+00:00,2023-02-28 20:00:00+00:00,1267.8166752464997,1268.070238581549,-0.000400000000000022,0.00019999999999997797,6,stop,0.007285317671661629,-0.006646080668292198,False,False,MSFT,2023-02-28 17:00:00+00:00,1084,0.7680635671028974,3
0.00697169869318514,0.5680647467311559,0.8229838658936564,0.16722391781817206,0.6629958795752743,0.8066276528195077,0.0,0.1073189214123402,0.9913026329816299,0.6986879753573498,-0.16543216660024845,1.4662860189904612,0.0,0.0,0.31505138060804666,0.0739380699306114,1.6770509865174081,0.5053156281768574,0.3013120246426503,0.5053156281768574,0.0,0.40834233052918345,0.0,0.5549858755769742,0.7660532032232519,0.0045266321577270355,1.0646101090196451,0.0011671955264496159,0.006137147652021113,0.0029328456108448364,0.030094131425752346,-0.005912665579017484,-0.001683274252728184,0.0,0.3013120246426502,1.0,-1.2366911365133721,0.6417677734889493,0.1933723471804924,0.17481587270729435,True,2023-03-01 16:00:00+00:00,2023-03-01 18:30:00+00:00,1263.036207876124,1251.148772238265,-0.010011793235799992,-0.009411793235799992,6,stop,0.0025603242985974273,-0.01586926794719301,False,False,MSFT,2023-03-01 15:30:00+00:00,1085,0.7478148646261731,3
0.012392807035424452,-0.7485107481711013,-0.663122658240795,0.5761740307152176,0.41176359464064094,0.907922981150059,0.0,0.13025843147997618,3.490473579374801,0.5927143718511073,0.7174479792006146,0.5612236467267646,0.0,0.0,0.22049430474750753,0.022304496348385543,1.2292045640706168,0.5006373530011663,0.4072856281488927,0.5006373530011663,0.0,0.231990731719379,0.0,1.4146682104495565,0.4644286281273315,0.00559972744460079,3.5007745471952667,0.007191765763408187,0.04233995963704329,0.025095847909476054,0.025196949812035463,0.0256154370222621,0.031031335844490027,1.0,0.4072856281488927,0.9282842153217818,2.1701748222707997,0.22607480472217198,0.09207701884994104,4.3026646357989815,True,2023-03-01 19:00:00+00:00,2023-03-02 14:30:00+00:00,390.9524280301872,402.01020318306627,0.027684196132490225,0.028284196132490225,5,gap_through_target,0.028284196132490225,-0.0056101869994636955,False,True,TSLA,2023-03-01 18:30:00+00:00,1085,0.8383748509987284,3
0.01328633771746302,1.0,0.0,0.8297874772273962,1.2823933366073414,0.8673103130631795,0.0,0.2521928132865621,1.6484282455802242,0.5634124575457755,1.1076202944917648,1.3840209456133685,0.0,99.60389415366144,0.16069641702002158,0.03249337580198131,0.9865667906775408,0.430722770608955,0.4365875424542245,0.430722770608955,1.0,0.09033207736278523,0.009960389415366144,1.9006210588667862,1.2403278851570212,0.006670433573053091,1.5581532723824831,0.021219163887369552,0.07201198539873088,0.03026437168455054,0.10413993987947867,0.03508755909675476,0.06484670113041746,0.0,0.43658754245422454,1.0,2.6938491562159768,0.303924583351352,0.13268968693682048,1.0103360825904286,True,2023-03-02 15:00:00+00:00,2023-03-02 19:30:00+00:00,406.4917078643563,418.1033980009297,0.027965626092545538,0.028565626092545537,10,target,0.03965420255023999,-0.011459505541986714,False,False,TSLA,2023-03-02 14:30:00+00:00,1086,0.8264855819212965,3
0.006958976495851905,-0.970941817426052,0.23931566428755768,1.0432852899452327,4.082104366434741,0.9146209646595604,0.0,0.19926175279570954,2.134586972493527,0.5529764724506996,0.5158609334472479,-0.05223173586809305,0.0,0.0,0.17634708764552307,0.01874331477104703,1.0460242208580046,0.46759743711026,0.4470235275493004,0.46759743711026,0.0,0.32630495529252235,0.0,2.3338487252892364,3.064617879010245,0.003814740817940907,1.2974133602055422,0.007313293770623064,0.014103698921776209,0.009121184753255074,0.01851377167514423,0.007762335138209897,0.022016056929653693,0.0,0.4470235275493004,0.7236046763915069,1.207817399436228,0.19099450046500638,0.08537903534043956,0.991179491104671,True,2023-03-08 18:00:00+00:00,2023-03-09 14:30:00+00:00,210.3415064880133,214.08521148123376,0.017198222784117135,0.017798222784117135,7,gap_through_target,0.017798222784117135,-0.002429887430368094,False,True,AAPL,2023-03-08 17:30:00+00:00,1090,0.7861892279934622,3
0.007634409241925248,1.0,0.0,0.18542586375644418,0.4942048467597998,0.7348740896883071,0.0,0.15169262649892673,0.42046053016761964,0.6759156851693973,0.7646228904523655,0.884688962722675,0.0,161.4478024581989,0.20986780375522726,0.10860147037276824,1.2675398223829293,0.41078977485770446,0.32408431483060274,0.41078977485770446,1.0,0.0,0.01614478024581989,0.5721531566665464,0.6038504811262682,0.005242510776965849,1.158058255666272,0.017585291209693432,0.03254251510705286,0.020560025098045998,0.037684645439319375,0.019927556221344345,0.03444661943172567,0.0,0.32408431483060274,0.767788584187744,2.9158948704369814,0.8180769576896219,0.26512591031169286,0.31953779686749845,True,2023-03-09 15:00:00+00:00,2023-03-09 17:00:00+00:00,1267.597715738437,1259.134225185642,-0.007276795364738197,-0.006676795364738197,5,momentum_decay,0.0026200093964130478,-0.009952956449364225,False,False,MSFT,2023-03-09 14:30:00+00:00,1091,0.9147205416480076,3
0.00848727531400419,-0.7485107481711013,-0.663122658240795,0.8305879364356139,0.805209970415288,0.7962780247301554,0.0,0.3745245941878201,2.622692603415572,0.5482031950053703,0.5813800744934401,1.3968846399803216,0.0,0.0,0.11094492296494367,0.054013232516522604,0.7624693577449757,0.3444812197355256,0.4517968049946298,0.3444812197355256,0.0,0.3597494442058574,0.0,1.8384103810682915,0.8217997197296933,0.0056844610239718055,1.9811774024203435,0.007099475735526717,0.03189573193256634,0.016057982532401205,0.043735899211344575,0.014171126989817928,0.008549721936378818,0.0,0.45179680499462976,0.9143889151024794,2.0187504728235193,0.4509150419340472,0.20372197526984462,1.8453303793308777,True,2023-03-09 19:00:00+00:00,2023-03-09 20:30:00+00:00,1278.4353237351895,1301.76375374712,0.01764764192510897,0.01824764192510897,4,target,0.0185418109598936,-0.005363379157706016,False,False,MSFT,2023-03-09 18:30:00+00:00,1091,0.8420173687032693,3
0.0089287860725158,1.0,0.0,0.49525973011093544,2.1895094506141706,0.746622012144845,0.0,0.2942062931871984,0.8669296668764801,0.5734696477027766,1.152894378954124,2.0555503760534286,0.0,3.60986220707904,0.10710614514941351,0.07720732257760896,0.7504545881051712,0.3200916598476217,0.42653035229722336,0.3200916598476217,1.0,0.36535240201246283,0.000360986220707904,1.1611359600636786,1.8623870926241972,0.004328254882478621,2.1653711089585737,0.004804299340443352,0.030834051105031346,0.0068475602053723605,0.06437998378598131,0.02026164140236908,0.03776298217410834,1.0,0.42653035229722336,1.0,1.0974146609138735,0.5940444483973023,0.2533779878551549,2.1456309454634455,True,2023-03-10 15:00:00+00:00,2023-03-10 16:30:00+00:00,1306.682888486137,1306.9442250638342,-0.000400000000000022,0.00019999999999997797,4,stop,0.010397705972732485,-0.0039566750752249025,False,False,MSFT,2023-03-10 14:30:00+00:00,1092,0.8471609067254162,3
0.00852110253554695,-0.970941817426052,0.23931566428755768,0.5706557401707045,2.3595380000236115,0.7202347960590805,0.0,0.36922593660792596,2.030993028455287,0.5676099545020792,0.728204151471368,2.5559979873751186,0.0,0.0,0.09071633046139274,0.08718091828954985,0.6657062380556094,0.28784475056115955,0.4323900454979209,0.28784475056115955,0.0,0.3616730631285134,0.0,1.3197707627925688,1.9908231317321252,0.0038558749451649632,1.0588006194071347,0.004886376648128188,0.04861718598910514,0.006971718393008031,0.07026043293888296,0.003386345252073042,0.016648347379251804,0.0,0.43239004549792087,0.19722043519821394,0.2715056291994991,0.647020454919842,0.2797652039409195,0.1267010690064347,True,2023-03-10 18:00:00+00:00,2023-03-13 13:30:00+00:00,1319.4023123591912,1316.911481495284,-0.0024878478842843103,-0.0018878478842843105,7,gap_through_stop,0.014595295067621139,-0.0058279153050770915,True,False,MSFT,2023-03-10 17:30:00+00:00,1092,0.7219090461047517,3
0.00815982855695698,1.0,0.0,0.597495118932238,4.391424495153587,0.8793793227471728,0.0,0.16985448527108554,1.2383160634239923,0.575694066683951,0.7150850340684259,1.2461868524728061,0.0,-19.34290756485546,0.18098770970630215,0.029727006151789033,1.0725124343046362,0.45507338943112374,0.42430593331604904,0.45507338943112374,1.0,0.3457386570111761,0.001934290756485546,1.4081705486950777,2.8923580852763084,0.0038582998850750353,1.1963523575354444,0.002955576767228685,0.020553673244648074,0.004073616477128672,0.016430752576539254,0.009844320362991432,0.025843755252481282,0.0,0.4243059333160491,1.0,1.1002977019750209,0.28427761146311437,0.12062067725282719,0.39110332207853693,True,2023-03-13 14:00:00+00:00,2023-03-13 16:00:00+00:00,218.4481778083251,216.04180324100608,-0.011615768551891902,-0.011015768551891902,5,stop,0.006382727625004581,-0.011917186420604686,False,False,AAPL,2023-03-13 13:30:00+00:00,1093,0.8161148800555922,3
0.008010389289855247,0.120536680255323,0.992708874098054,0.4770316948966318,1.5928756498727488,0.7797743274443015,0.0,0.3100113321665877,1.29127974730314,0.5832570531126402,-0.38595545383564583,0.19194326401579132,0.0,0.0,0.1320637381647864,0.06544198564438894,0.871115835956766,0.3630313805569417,0.4167429468873598,0.3630313805569417,0.0,0.4790682553987941,0.0,1.1446665107581706,1.4495867541063585,0.003564563736496037,1.9069860050551393,0.0038358672323361986,-0.01679398533366272,0.006259079760949415,-0.013285878889667035,0.0046430626917914886,-0.007014358651171171,0.0,0.4167429468873598,0.999828124770551,0.7838939464058434,0.5284448703943592,0.22022567255569853,2.0739297452023813,True,2023-03-14 15:30:00+00:00,2023-03-14 17:30:00+00:00,1298.9032863265008,1321.273436419198,0.016622336973188757,0.017222336973188757,5,target,0.020524985502572868,-0.0036567486384195824,False,False,MSFT,2023-03-14 15:00:00+00:00,1094,0.8747577792791437,3
0.008773782331104174,1.0,0.0,0.02820842322971692,0.029197245262467142,0.659068374561383,0.0,0.07905960509935911,0.15283324144324886,0.878355785224561,0.9420883482946781,1.184188657914679,0.0,-21.085155037806615,0.5788965196545387,0.37958407814198136,4.418000155424064,0.537424159785944,0.12164421477543896,0.537424159785944,1.0,0.11029230126017528,0.0021085155037806613,0.231892846542608,0.11029230126017084,0.00297768770446639,1.811233222095091,-0.001861481645050067,0.040702559320991094,0.006655693110538152,0.018279740832885194,0.016657074647528747,0.023713827591599346,0.0,0.12164421477543898,1.0,1.3489751802271366,2.8026949416950706,0.340931625438617,1.7945069980210167,True,2023-03-15 14:00:00+00:00,2023-03-15 19:00:00+00:00,1343.3644761538017,1351.4834979387106,0.005443796697791537,0.006043796697791537,11,stop,0.016133646378561295,-0.0037081095238278294,False,False,MSFT,2023-03-15 13:30:00+00:00,1095,0.86417444047749,3
0.006946396167642364,-0.7485107481711012,0.6631226582407952,0.27178885308310835,2.267090093187374,0.5950789659133716,0.0,1.63136428598493,0.8760659575385256,0.6586473836814143,-0.13426035996212832,0.7013620249057875,0.0,0.0,0.0971110503196423,0.19435554043159597,0.7432969236637241,0.25372634959478585,0.3413526163185857,0.25372634959478585,0.0,0.5615685089757126,0.0,0.7962114250486563,1.6170067742144107,0.003837225836743925,1.6531012704016683,0.0018915241562595941,-0.0015577249978067087,0.002728140444911764,0.023272914075357143,0.003961154635764519,-0.011415744248366666,0.0,0.3413526163185857,0.2395303616500886,0.1467138269194916,1.1862250784910597,0.40492103408662844,1.3683011614718943,True,2023-03-16 16:30:00+00:00,2023-03-16 19:30:00+00:00,217.62921083587153,217.67273667803872,-0.000400000000000022,0.00019999999999997797,7,stop,0.007752190123860636,-0.005579382434490188,False,False,AAPL,2023-03-16 16:00:00+00:00,1096,0.817594126542025,4
0.008210394936330512,-0.3546048870425359,-0.9350162426854147,0.31447508133290053,0.2832058520349394,0.7520347291639544,0.0,0.20373692721087094,2.2080925763970756,0.6144374587131449,-0.08980682967769256,0.13750645755192298,0.0,0.0,0.14639981007461852,0.08344842419950593,0.9504870121818745,0.36647218787709934,0.3855625412868552,0.36647218787709934,0.0,0.33455562405086303,0.0,0.815626643302296,0.3396879372174152,0.004648949723949295,1.1649548610606304,0.002588648413984318,-3.172759602698694e-05,0.011837366885646627,-0.014797475151895334,0.0018813486136766144,0.0050557004343636525,0.0,0.38556254128685513,0.35493994248566096,0.7788108997808675,0.6431259375155172,0.24796527083604555,0.3924380983728989,True,2023-03-17 18:30:00+00:00,2023-03-20 13:30:00+00:00,1342.1852979808186,1327.308471625704,-0.01168403316404627,-0.01108403316404627,4,stop,0.004056920949040865,-0.013978341327857358,False,False,MSFT,2023-03-17 18:00:00+00:00,1097,0.8589784731728953,4
0.008019185244231158,0.5680647467311559,0.8229838658936564,0.3700158972199321,0.8339338833652405,0.8902378137460931,0.0,0.10218331861785537,1.222056435539337,0.6025402739223242,-0.3010828093826218,0.0571164072634044,0.0,0.0,0.2216813319579694,0.028133415013595453,1.2398189183373742,0.4927780876684173,0.39745972607767577,0.4927780876684173,0.0,0.5845268068308851,0.0,0.9309519252967524,0.8640788569037829,0.005332491021344937,1.1418401648619751,0.0029760566558725277,-0.00016443295051815632,0.00656819271037179,-0.0017182525363077517,-0.005972834754708112,0.0075676176111700855,0.0,0.39745972607767577,0.27592636611385263,-0.8902210043218044,0.27615926608983865,0.10976218625390692,0.3418401404981031,True,2023-03-20 15:00:00+00:00,2023-03-21 13:30:00+00:00,1336.5215471747917,1365.0821327766057,0.020769341678169507,0.021369341678169507,11,gap_through_target,0.021369341678169507,-0.004962119699796097,False,True,MSFT,2023-03-20 14:30:00+00:00,1098,0.8291500623222838,4
0.007815422967725987,1.0,0.0,0.2339820589854141,0.6301839700474005,0.7945604855674407,0.0,0.13650140805377858,0.5279345863108236,0.6478486099941495,0.6401000736007967,0.4838381737749861,0.0,106.93258612621159,0.21556283170664725,0.07024615058386215,1.2563037037964362,0.4424090955615902,0.3521513900058505,0.4424090955615902,1.0,0.0,0.01069325861262116,0.6644359943646022,0.7098140253479553,0.0039813601024854565,1.1217525335573595,0.012544867778228719,0.0299613504861842,0.015528698429789545,0.028123232669198694,0.023153045305460473,0.02230213045376228,0.0,0.3521513900058505,1.0,2.441032860628174,0.5833840792991448,0.2054395144325593,0.3889949071316989,True,2023-03-21 14:00:00+00:00,2023-03-21 16:30:00+00:00,1367.5829890624445,1353.153865733408,-0.011150821006430011,-0.010550821006430011,6,stop,0.002462644686144655,-0.011025111695142087,False,False,MSFT,2023-03-21 13:30:00+00:00,1099,0.9123766219699414,4
0.009218356226597862,-0.7485107481711013,-0.663122658240795,0.7251841208613904,0.6090578352821868,0.849582086177068,0.0,0.24275647660241687,2.7514851535994014,0.5506579922226416,0.46206751429921905,1.0030124305746146,0.0,0.0,0.13890234962648934,0.03685196693542813,0.8907248186730374,0.4002400783997095,0.44934200777735844,0.4002400783997095,0.0,0.3869007173618314,0.0,1.6138800920227052,0.6356772301996303,0.005040387068343602,1.058559884269806,0.006729995614044082,0.033516014672028804,0.01797850184072214,0.03254832208446001,0.010956699203382714,0.010756142823009851,0.0,0.4493420077773585,0.5484810271518642,1.525999918976928,0.3347515060231033,0.15041791382293201,0.17487889925039227,True,2023-03-21 18:00:00+00:00,2023-03-22 15:00:00+00:00,1382.2929070151188,1396.0000323020365,0.009316223412096192,0.009916223412096192,8,momentum_decay,0.01644046050547754,-0.006368558760335374,False,False,MSFT,2023-03-21 17:30:00+00:00,1099,0.8460380078668693,4
0.006669887952484742,-0.9709418174260521,-0.23931566428755743,0.3851184610854235,13.506365248254498,0.742643487523023,0.0,1.7424331839956189,1.1382999639656708,0.6271615554570524,0.07798089298994744,0.506327412986167,0.0,0.0,0.1539893524104802,0.09093845522674986,0.9918640322425808,0.36980504298007544,0.37283844454294757,0.36980504298007544,0.0,0.3099604537977441,0.0,1.032936561994109,3.2262180150581043,0.003185637904685027,1.1168395582257211,0.002575312180503664,0.006481028511614584,0.0027665136450918393,0.014555563685279882,0.0024019106359947084,0.005517237747640014,0.0,0.37283844454294757,0.2038550622775551,0.13727550831954102,0.6902628101884907,0.257356512476977,0.4533084066147783,True,2023-03-22 17:30:00+00:00,2023-03-23 13:30:00+00:00,219.57259657094323,220.27873119647285,0.002615950608396856,0.003215950608396856,6,gap_through_stop,0.012265331110353328,-0.003423580489520517,True,False,AAPL,2023-03-22 17:00:00+00:00,1100,0.7544478032994312,4
0.008236807883847636,1.0,0.0,1.280357529424868,4.573851695635417,0.8062711942921356,0.0,0.5357301645434043,2.2296312518236827,0.537001738056033,0.5175056923475745,0.8066642918047526,0.0,-79.72524237865098,0.10700295708793839,0.049187437014705085,0.7414130042448541,0.34327293234816864,0.46299826194396687,0.34327293234816864,1.0,0.27922710551813884,0.007972524237865097,2.765361416367087,3.5813142070991844,0.002962802292618688,2.0127839126687856,0.00260096468161497,0.01488839841280587,0.004924073137965168,0.019478151273816025,0.009236850629331439,0.01671368371164461,1.0,0.4629982619439669,0.8710461043536311,0.5575640335473524,0.41842231738491376,0.19372880570786447,2.244789925777091,True,2023-03-23 14:00:00+00:00,2023-03-23 17:30:00+00:00,222.62656407450245,226.5690883864664,0.01710913695027243,0.01770913695027243,8,target,0.02031432271749245,-0.004155091399996369,False,False,AAPL,2023-03-23 13:30:00+00:00,1101,0.9026444138875211,4
0.007746806154191932,0.5680647467311559,0.8229838658936564,0.006874079984553143,0.008260661016553468,0.45419250198733774,0.0,0.7152732069463089,1.5942994702299151,0.9676558011385036,0.243760063833498,1.5233518603741032,0.0,0.0,0.4395020093816587,0.5594518434183493,13.042471848714095,0.4218483031258413,0.03234419886149642,0.4218483031258413,0.0,0.11431794759562133,0.0,0.21252899210733792,0.11431794759561577,0.0036248812412956414,1.2573892202760815,5.3255001072782804e-05,0.007224922663592981,0.006542252507414581,0.015832871426066042,0.0005978731989875197,0.005585610648630501,0.0,0.03234419886149643,-0.10419216202380292,0.09822352868148711,16.874973479562993,0.5458074980126623,0.8786937171300926,True,2023-03-24 15:00:00+00:00,2023-03-24 15:30:00+00:00,1423.8439458812318,1408.9531177737736,-0.011058188308159144,-0.010458188308159144,2,stop,0.0031620309873749974,-0.016241366439238125,False,False,MSFT,2023-03-24 14:30:00+00:00,1102,0.8189450879880417,4
0.008987860064220882,-0.9709418174260521,-0.23931566428755743,0.4668901431436313,1.9986444136573924,0.7748700864744806,0.0,0.2539009005178061,2.8770986455764027,0.5860158930611133,0.26747835014205573,1.0879118581834708,0.0,0.0,0.1319481715879659,0.06789159636536672,0.8717387297877376,0.360885979535594,0.41398410693888665,0.360885979535594,0.0,0.5461780165393776,0.0,1.1277972639963079,1.7047873132728713,0.0061072881806929985,1.2405799757732006,0.0042140267748433935,0.0085682553419133,0.006335827978999786,0.03608924699356453,0.007998555102337823,-0.00048740496854149384,0.0,0.41398410693888665,1.0,1.2356099678512322,0.5438129381100076,0.22512991352551937,0.6152132126684975,True,2023-03-24 17:30:00+00:00,2023-03-24 18:30:00+00:00,227.4968062416103,231.89293157965736,0.018723899138074863,0.019323899138074863,3,target,0.02051289665323197,-0.00963304447731228,False,False,AAPL,2023-03-24 17:00:00+00:00,1102,0.8509102131928169,4
0.011731733565690145,1.0,0.0,0.8911666878229852,1.534845935038842,0.7042227548769483,0.0,0.5696996615118172,1.3564108520769005,0.5373231797782108,1.105920185568453,1.6252652585323004,0.0,59.31224999559559,0.06584857266457415,0.08684216106908746,0.5220618887699509,0.24154593465515908,0.46267682022178924,0.24154593465515908,1.0,0.04801608219366285,0.005931224999559559,1.9261105135887178,1.4750587114585334,0.005032604236581797,1.6199519531716626,0.016559281272660487,0.06686991308444767,0.023647539058385236,0.07179738414675163,0.034302580295573426,0.05549773864021823,0.0,0.4626768202217892,1.0,2.8200714918089846,0.6392739644513616,0.2957772451230517,1.8387333691525485,True,2023-03-27 14:00:00+00:00,2023-03-27 18:30:00+00:00,238.61056901663093,239.99397394888155,0.0051977521194971794,0.005797752119497179,10,momentum_decay,0.016218717354383516,-0.0045058498716818995,False,False,AAPL,2023-03-27 13:30:00+00:00,1103,0.8779419876536819,4
0.006827823091947626,-0.9709418174260521,-0.23931566428755743,0.6896621023983797,1.4316122267222964,0.7914352190172391,0.0,0.33415905676965374,1.6771477917053437,0.5695486253482533,0.47938662924783465,0.9013585836929562,0.0,0.0,0.12600523610896652,0.05878117539926518,0.8386170090814328,0.36098384436549247,0.43045137465174665,0.36098384436549247,0.0,0.5682189924072266,0.0,1.602183528758261,1.3504319491605619,0.0032972375779158195,2.1403002569242178,0.004731169388538126,0.019303344871249406,0.008062598681742417,0.022230578614647722,0.009722290975101133,0.01620863575683673,1.0,0.4304513746517466,0.6721235549638768,0.9987623152685852,0.48452576356961974,0.20856478098276088,2.141490957506703,True,2023-03-28 17:30:00+00:00,2023-03-28 18:30:00+00:00,1433.9970305990237,1441.8021866540578,0.004842937390026215,0.005442937390026215,3,ambiguous_stop_first,0.020585249629778035,-0.004251050570922121,False,False,MSFT,2023-03-28 17:00:00+00:00,1104,0.8948865047122758,4
0.00978282499374201,1.0,0.0,0.6759733987289119,1.1854155547702105,0.7562107981457444,0.0,0.36716714175721726,1.1389173729159172,0.5511716692236104,1.1501580175041037,1.600327536535801,0.0,-58.22144752027136,0.09514968085573414,0.06911834258979287,0.6848553139183723,0.3073824673693548,0.4488283307763896,0.3073824673693548,1.0,0.7777161901159235,0.005822144752027136,1.5060845146731345,1.1627266935530292,0.0032047808648406713,1.4280301733492822,0.0007960489235410151,0.03881175943451787,0.0064148790126818955,0.04458363265995713,0.019147607744234074,0.039883792598691015,0.0,0.4488283307763897,1.0,1.321038642706463,0.5431680336054557,0.24378920185425554,0.7511667596836257,True,2023-03-29 14:00:00+00:00,2023-03-29 17:00:00+00:00,1479.2635623071665,1479.559415019628,-0.000400000000000022,0.00019999999999997797,7,stop,0.019030773901469678,-0.004205665115341151,False,False,MSFT,2023-03-29 13:30:00+00:00,1105,0.8991593541620366,4
0.014358609004181577,-0.3546048870425359,-0.9350162426854147,0.162457596069535,0.21588024269324751,0.802129898426109,0.0,0.13660278740329787,2.393787926715344,0.7067640977746241,0.43777618017473185,-0.09728789098037248,0.0,0.0,0.3279503623764305,0.07807131663921127,1.7354423259152054,0.5088939962007331,0.2932359022253759,0.5088939962007331,0.0,0.32065064186288605,0.0,0.5540167313642003,0.3206506418628337,0.008151213861394765,1.1163213182596268,0.002338119150668172,0.012880267672404022,0.013312937200385067,0.03027044465862261,0.015222711464752736,0.021973404701443267,0.0,0.29323590222537593,1.0,1.5869975631655073,0.6747812940772452,0.197870101573891,0.3414106430795887,True,2023-04-10 18:30:00+00:00,2023-04-11 14:30:00+00:00,247.08905901306588,248.69092155239977,0.005882935933028067,0.006482935933028067,6,stop,0.02467510534458328,-0.010327907431473271,False,False,TSLA,2023-04-10 18:00:00+00:00,1113,0.7783064232770998,4
0.006239519612607618,-0.9709418174260521,-0.23931566428755743,0.6884346914236221,2.766983124000854,0.8243915043264225,0.0,0.28468637082429904,1.3364559875356086,0.575339767125631,0.26886211475526556,0.586777505998561,0.0,0.0,0.14882064328028852,0.04760502379462442,0.9412966897002643,0.3997312714520535,0.42466023287436905,0.3997312714520535,0.0,0.4581850449715551,0.0,1.6211423583599076,2.1825243119009423,0.0034208486937507892,1.932671183211759,0.004314032694163972,0.007495428785792457,0.005882314464094929,0.0059679682890412256,0.002749474437273136,0.01443077497699563,0.0,0.42466023287436905,0.3709877363787282,0.5283141113732569,0.41352705546483326,0.17560849567357747,2.113639971053643,True,2023-04-11 17:30:00+00:00,2023-04-11 19:00:00+00:00,1397.6005738637934,1416.3493396749052,0.01281496716710644,0.01341496716710644,4,target,0.020039708982837023,-0.0025653328983344936,False,False,MSFT,2023-04-11 17:00:00+00:00,1114,0.8643381213226462,4
0.006793436107590109,0.120536680255323,0.992708874098054,0.6379480441959456,2.827853799153419,0.8023673676191111,0.0,0.2964921639333204,1.5281734417699382,0.5747632934911595,0.7628857755684824,1.7397985863114163,0.0,0.0,0.1363333555687361,0.05546163041071598,0.8868723121445078,0.3771306611102707,0.4252367065088404,0.3771306611102707,0.0,0.4508507335027288,0.0,1.500218665113481,2.218028996494463,0.0046760117459520205,1.0905898846243869,0.004352723368764355,0.010942709052124577,0.005901038546322068,0.04187699613179596,0.021742369172635057,0.015455763004342593,0.0,0.42523670650884043,1.0,1.2010601209316543,0.464759107941094,0.19763263238088888,0.16231654093552497,True,2023-04-13 15:30:00+00:00,2023-04-13 18:30:00+00:00,1452.1352788605936,1473.345003569105,0.014005887631318648,0.014605887631318648,7,target,0.02040002908467442,-0.005585291891658017,False,False,MSFT,2023-04-13 15:00:00+00:00,1116,0.8837857787969324,4
0.014635848462360507,1.0,0.0,0.756051859147463,2.2449529452315438,0.7478406048803397,0.0,0.43645865640695536,1.2944253195790962,0.563198995636461,0.5510998060418819,0.8897827768423416,0.0,59.27001314274705,0.09997276782900563,0.07466660460192721,0.712085360174269,0.31103960051680074,0.43680100436353897,0.31103960051680074,1.0,0.11814647295479079,0.005927001314274705,1.7308839759860515,1.93770506281662,0.0072874715522482335,1.4096507939992369,0.01718259508056641,0.0154217419606828,0.0223081749040146,0.0644716138831729,0.02541023826381994,0.02141043008498067,0.0,0.43680100436353897,1.0,1.8951251042730493,0.5772866650959138,0.2521593951196603,1.3801741442154163,True,2023-04-17 14:00:00+00:00,2023-04-17 18:00:00+00:00,261.1763350234102,269.3947901353285,0.03086707419407524,0.03146707419407524,9,target,0.03319659650153706,-0.01635729238259831,False,False,TSLA,2023-04-17 13:30:00+00:00,1118,0.8575076210464347,4
0.008179845274420375,1.0,0.0,0.4355714617499531,1.4167692011963025,0.567785208561099,0.0,0.46885037100105237,0.6159120672306116,0.598463731413853,0.6028366968833833,0.2893268786610281,0.0,-32.68276473972431,0.04689588778090813,0.17903083078869456,0.4140321883253916,0.16624893997495208,0.401536268586147,0.16624893997495208,1.0,0.7642698221652464,0.0032682764739724313,1.084762438231664,1.3084384218733394,0.0035754092304593112,2.0144989389769825,0.0002956841843939628,0.011200420376977327,0.002818328711103435,0.0136788411554436,0.013783419494056703,0.015891256440101476,1.0,0.40153626858614694,1.0,0.9460770157378476,1.076402868812352,0.43221479143890096,2.5678990992952913,True,2023-04-19 14:00:00+00:00,2023-04-19 15:00:00+00:00,214.5849906962977,212.215373466451,-0.011642791120467576,-0.011042791120467577,3,stop,0.002844590999186769,-0.018356634839984953,False,False,AAPL,2023-04-19 13:30:00+00:00,1120,0.8552120961336859,4
0.014271025187382939,1.0,0.0,0.027708832796369022,0.03578434000430641,0.7413068587465315,0.0,0.07413072224916299,0.21242779217441587,0.9033048002356301,-0.0002515380578100304,-0.011280865898182155,0.0,-187.64550606951812,0.669626043953338,0.28628344780935694,6.666428742551428,0.6446116589821616,0.09669519976436991,0.6446116589821616,1.0,0.09447429167468399,0.018764550606951813,0.2865585144235789,0.16121859249620976,0.007265953612427291,1.2272675717243904,-0.018376383793057505,-0.0214659356234852,-0.007611555926026914,-0.029937744588813153,0.004747534867771019,-0.013035968624491523,0.0,0.09669519976436985,1.0,0.0001854128880214727,2.6753462620829875,0.25869314125346854,0.6424400961607817,True,2023-04-20 14:00:00+00:00,2023-04-20 14:30:00+00:00,262.32392774406935,257.27002538094945,-0.019865884002966915,-0.019265884002966915,2,stop,0.005756018709177635,-0.02235283770234142,False,False,TSLA,2023-04-20 13:30:00+00:00,1121,0.8679110191467224,4
0.007183879753362608,0.8854560256532099,0.4647231720437685,0.27504926400681107,0.34167457786705235,0.6508365347258077,0.0,0.40145180527511265,1.4189241365284093,0.6398803472568835,0.7714980611675667,1.7555621306909823,0.0,0.0,0.11206574188841048,0.14668277331824878,0.8072785802389374,0.2907168819826911,0.36011965274311664,0.2907168819826911,0.0,0.4195682122151616,0.0,0.7637718794619948,0.4195682122151423,0.005270907329538395,1.1145735847656686,0.0019798328318256786,0.019775537080336747,0.020565396310077366,0.029391000997968764,0.01710188110209776,0.01778850849388558,0.0,0.3601196527431166,0.6096912531558618,2.7557322696462627,0.9695762578199356,0.3491634652741923,0.3803764889525695,True,2023-04-24 14:30:00+00:00,2023-04-24 16:00:00+00:00,1657.9031433145926,1683.5100234868246,0.014845341469729535,0.015445341469729534,4,target,0.015477172326004318,-0.0033437779673874957,False,False,MSFT,2023-04-24 14:00:00+00:00,1123,0.8321865416185986,4
0.0077915013728605985,-0.970941817426052,0.23931566428755768,0.3884263565935404,0.5798362088264798,0.5159988153348928,0.0,0.4710867858179562,3.0246193523325293,0.6009253020757113,1.064656184338338,2.123256879132122,0.0,0.0,0.03028292682004684,0.21453072025510284,0.2929880496527084,0.11692411741060409,0.39907469792428873,0.11692411741060409,0.0,0.40896453939485977,0.0,0.9733174230635678,0.6344779901571033,0.005466876805612949,1.423822878492624,0.00303561153976184,0.03172783747665098,0.008314431449978343,0.04401246631948874,0.01596310463001882,0.032560198342418856,0.0,0.3990746979242887,1.0,1.8719462324388456,1.2128084972123074,0.4840011846651072,1.2422884116522652,True,2023-04-24 17:00:00+00:00,2023-04-24 19:00:00+00:00,1680.6092921297536,1667.2379712964332,-0.008556234025325193,-0.007956234025325193,5,momentum_decay,0.002236149067961213,-0.00979684034045647,False,False,MSFT,2023-04-24 16:30:00+00:00,1123,0.8330820530705136,4
0.006395976797652953,1.0,0.0,0.00915756765863499,0.3624879308289405,0.4389280053998453,0.0,0.1453609179311146,0.11371620466650385,0.9646531211755894,0.2985027879476374,2.425903229832394,0.0,73.66283231836634,0.42341327038033677,0.5753373277770356,11.417730220995333,0.4035811265754347,0.035346878824410566,0.4035811265754347,1.0,0.0,0.0073662832318366345,0.25907712259761845,0.894952734845735,0.003297807383526128,3.389881291650879,0.007425289733131946,0.015268631784446596,0.007589307110535737,0.032545761793500994,0.0041237670049860675,0.002607005176717081,1.0,0.03534687882441061,-0.8604905143628357,0.7198097742598187,15.873310834080637,0.5610719946001547,4.480387458433348,True,2023-04-25 14:00:00+00:00,2023-04-25 18:00:00+00:00,1679.8911522869485,1688.2237086888458,0.00436017637247137,0.00496017637247137,9,stop,0.01231554968977222,-0.003166444725332118,False,False,MSFT,2023-04-25 13:30:00+00:00,1124,0.9510756066908712,4
0.0069711514349818406,-0.7485107481711012,0.6631226582407952,0.6895444395328383,6.296487770989519,0.7885543451119126,0.0,0.33773737601780446,2.567867254357982,0.5683001469645634,0.44058889506737703,1.312211618086813,0.0,0.0,0.12348022438082401,0.0596736521655414,0.8266263923122983,0.35685449207647607,0.43169985303543656,0.35685449207647607,0.0,0.274631662342063,0.0,1.5972774479407483,3.6412407494161165,0.003643911635577905,1.6108925205495703,0.004830136784007788,0.007273474011155967,0.005601549865827504,0.012591166478255644,0.01254100971775407,0.012141627841199432,0.0,0.43169985303543656,1.0,1.8830905317185511,0.48979783847807956,0.21144565488808736,1.2617430465450812,True,2023-04-26 16:30:00+00:00,2023-04-26 18:00:00+00:00,1696.6198447326033,1722.04874154284,0.014387975585210922,0.014987975585210922,4,target,0.015911985528095363,-0.003590354570037091,False,False,MSFT,2023-04-26 16:00:00+00:00,1125,0.8999370044788779,4
0.0070792331344146685,1.0,0.0,0.12506127407580991,0.46312777855831305,0.5289207150199403,0.0,0.23481491638632918,0.26364664597311244,0.74910548070379,0.12249575702582832,0.11142327049955628,0.0,33.98247433779922,0.14635475565764688,0.3384901168093804,1.1081397732484137,0.27802619572373033,0.25089451929621,0.27802619572373033,1.0,0.05807622709275849,0.0033982474337799218,0.4984615623594416,0.6334569865124646,0.003249801224374871,1.6532406363976284,0.004287381130121171,0.010338328851469125,0.006219166283302213,0.02018469743670326,0.0036300529489066147,0.007709680905469307,0.0,0.25089451929621004,-0.04533479042847705,0.43340258677876914,1.8775989459588616,0.47107928498005963,1.840541965056966,True,2023-04-28 14:00:00+00:00,2023-04-28 15:30:00+00:00,201.5161932598238,201.55649649847578,-0.000400000000000022,0.00019999999999997797,4,stop,0.007830687314805962,-0.005375080442812985,False,False,AAPL,2023-04-28 13:30:00+00:00,1127,0.8334061121052145,4
0.007427444926605846,0.5680647467311559,0.8229838658936564,0.033409021292047765,0.0655289316735502,0.48929539338359734,0.0,1.013770606447404,0.9512051097126882,0.8899984543184775,0.4239484976893991,0.8923471636567324,0.0,0.0,0.4354721438165531,0.5524275161311228,3.448077436954733,0.3792938477020748,0.11000154568152254,0.3792938477020748,0.0,0.24205949408318167,0.0,0.3037141076978488,0.2420594940830547,0.0030814241310868937,1.4581184617754925,0.0002482052562606807,0.011716144004007445,0.004051270505911031,0.02501255795185986,0.007647527724101266,0.010762277085066163,0.0,0.11000154568152254,-0.22702141005212206,0.34181886762098146,4.642703913315354,0.5107046066164026,1.3768106918412808,True,2023-05-01 15:00:00+00:00,2023-05-01 18:00:00+00:00,204.5768305334625,207.84371928886327,0.015369006592202462,0.01596900659220246,7,target,0.018533817523817886,-0.0045125574715629835,False,False,AAPL,2023-05-01 14:30:00+00:00,1128,0.7929509796227194,4
0.007881643711365603,-0.3546048870425359,-0.9350162426854147,0.5140023824376228,1.1258139465993748,0.847090371874975,0.0,0.19103936062887975,3.0025676998556627,0.5885878549049526,0.7870309136512929,1.271047467082634,0.0,0.0,0.175998325397413,0.04115044847655361,1.058982414529248,0.43567822677992757,0.4114121450950474,0.43567822677992757,0.0,0.5267886386099448,0.0,1.249361227094728,1.10183533285419,0.0028907118250733384,1.886541852650538,0.004067662492931889,0.022491116243004372,0.0077086002245296825,0.03619663763252956,0.015083574460559968,0.017254937963545824,0.0,0.4114121450950475,1.0,1.7926544221567768,0.37167018511210276,0.15290962812502498,2.182673311158913,True,2023-05-01 18:30:00+00:00,2023-05-02 14:30:00+00:00,208.05515067110755,208.09676170124177,-0.000400000000000022,0.00019999999999997797,6,stop,0.011033002351628074,-0.004299972326170964,False,False,AAPL,2023-05-01 18:00:00+00:00,1128,0.8795227650638399,4
0.015474886372481012,-0.35460488704253545,0.9350162426854148,0.6772080489091037,1.09613801935672,0.7758370928748498,0.0,0.3501131212187597,2.5703735642536003,0.5664117801595789,0.04554290378110312,-0.08195247154797772,0.0,0.0,0.1156235007146876,0.06420352887510045,0.7893408016487776,0.34224887303442875,0.43358821984042106,0.34224887303442875,0.0,0.42513957597201435,0.0,1.561869114336974,1.0834226982408004,0.007803304140953448,2.318899905875846,0.010590705207232931,-0.016912627475154984,0.020450126445265893,0.03477403601061768,0.026914365642614957,0.009349209806520431,1.0,0.43358821984042106,1.0,2.227134943119319,0.5169949202207805,0.2241629071251502,2.6191431257588813,True,2023-05-08 16:00:00+00:00,2023-05-08 18:30:00+00:00,262.6245855602065,271.36236964355936,0.032671005700834074,0.03327100570083408,6,target,0.033906413245858635,-0.005613641617793652,False,False,TSLA,2023-05-08 15:30:00+00:00,1133,0.9223066211479943,4
0.016089480140894917,1.0,0.0,0.8850855548395952,2.321119564163805,0.6597089765911363,0.0,0.6690193313453758,1.2970017662536082,0.5498087197942527,0.6389599454918672,0.8914007849662631,0.0,-190.05567614374664,0.056268636791767045,0.10950550052454394,0.465397055868298,0.20951769638538895,0.4501912802057473,0.20951769638538895,1.0,0.49150599955412105,0.019005567614374663,1.966021097598984,2.0345631607893537,0.005588982047380026,1.2699809322105005,-0.004833837744434799,0.06225158508889206,0.0012795324053063162,0.010299903678574918,0.01549992698687408,0.02831553853327562,0.0,0.45019128020574734,1.0,0.32990943796045347,0.7558809740900697,0.34029102340886375,0.6468970548477949,True,2023-05-09 14:00:00+00:00,2023-05-09 17:30:00+00:00,271.6617778738238,271.71611022939857,-0.000400000000000022,0.00019999999999997797,8,stop,0.020991636639626776,-0.005543343142674795,False,False,TSLA,2023-05-09 13:30:00+00:00,1134,0.8378151474727762,4
0.011433838016334085,0.5680647467311559,0.8229838658936564,0.37033633688509765,0.6786971381866279,0.8931450033308179,0.0,0.10977025558714694,1.5129741790252804,0.6394989896610231,-0.5114032248143581,0.10362641211810315,0.0,0.0,0.28130090424162396,0.029529411099481893,1.4775104027878772,0.5326439929918411,0.36050101033897686,0.5326439929918411,0.0,0.48050365278232,0.0,1.0272823827508075,0.7470076080916928,0.007061178142400058,1.192395128423118,0.004252371784682296,-0.011688928427150191,0.01058417931468525,0.004438456643551136,-0.012630814741523388,-0.01073373907956865,0.0,0.36050101033897686,0.6989761059779712,-1.0974417127417553,0.29640692703916177,0.10685499666918205,0.6244615789527697,True,2023-05-12 15:00:00+00:00,2023-05-12 19:00:00+00:00,271.8575989450649,271.91197046485394,-0.000400000000000022,0.00019999999999997797,9,stop,0.021002682527565764,-0.0073570290359386,False,False,TSLA,2023-05-12 14:30:00+00:00,1137,0.7206176818364292,4
0.011753651011147831,1.0,0.0,0.2095286005683167,0.38022164164929906,0.704540233347823,0.0,0.20648836971235915,0.4923829928831536,0.700190032411464,0.43449164887845043,0.4174479636423989,0.0,-90.75610370401054,0.22198318735921121,0.1369180654680498,1.3499560038449128,0.404730265759287,0.29980996758853606,0.404730265759287,1.0,0.5059952821142677,0.009075610370401055,0.6988713625955127,0.505995282114155,0.004389211678862193,1.326677463898923,-0.006629210251229867,0.028324866561102446,-0.0001963312500063985,-0.004161934513473797,0.0038427307629229635,0.014478036957841,0.0,0.299809967588536,1.0,0.7917513796881791,0.9854901390644789,0.29545976665217694,0.9659534204671731,True,2023-05-15 14:00:00+00:00,2023-05-15 15:00:00+00:00,276.63002734555397,272.24062006471166,-0.01646742886504966,-0.01586742886504966,3,stop,0.005101474191907318,-0.01831381653983577,False,False,TSLA,2023-05-15 13:30:00+00:00,1138,0.7571745337602285,4
0.0065695568292607545,-0.970941817426052,0.23931566428755768,0.11996215327106874,0.1733644263625083,0.848289058389599,0.0,0.7111468036303724,1.4259146549668231,0.746972340268997,0.41973675288585,0.7020575575004594,0.0,0.0,0.4968975471496081,0.06042362794698536,2.352554654660645,0.595261398658596,0.25302765973100305,0.595261398658596,0.0,0.2934704590916417,0.0,0.47410687589887224,0.29347045909162217,0.004966032557562459,1.4395966853404214,0.0007887197718940975,0.01533944173071955,0.005362607176829126,0.032261358415112795,0.0014721206839842793,0.011686877096063197,0.0,0.25302765973100305,0.8621456142031386,0.7427399987610214,0.5995824400049803,0.15171094161040102,1.364864723613282,True,2023-05-17 17:00:00+00:00,2023-05-17 18:00:00+00:00,1412.335397970676,1399.8095341311002,-0.009468901719502053,-0.008868901719502054,3,stop,0.0008360959622761843,-0.009296987720820549,False,False,MSFT,2023-05-17 16:30:00+00:00,1140,0.7649467797258738,4
0.00716869218125194,-0.35460488704253545,0.9350162426854148,0.6921090306057067,7.979144435772416,0.8243246631966905,0.0,0.28578725952230544,1.3410048942464392,0.5745559572547011,0.030175526981604143,0.23689913302196022,0.0,0.0,0.14801640806196745,0.047537917727448475,0.9375630644092505,0.3988806204513916,0.4254440427452989,0.3988806204513916,0.0,0.256697595197241,0.0,1.6267921537687446,3.8956344691494103,0.0030984892216262224,1.0766302370480598,0.004986255988115307,0.003363264015839418,0.005614675769096467,0.018264830880026395,0.00726922265785146,0.004487425776590115,0.0,0.4254440427452989,1.0,0.8434598339887461,0.41292230975786276,0.17567533680330946,0.22323240271037886,True,2023-05-18 16:00:00+00:00,2023-05-18 19:00:00+00:00,179.03226173447942,178.38198640219596,-0.0042321684482089054,-0.0036321684482089056,7,momentum_decay,0.005772110504551398,-0.007778963791293392,False,False,AAPL,2023-05-18 15:30:00+00:00,1141,0.8545180487784657,4
0.006092395789437277,-0.35460488704253545,0.9350162426854148,0.059676481436736824,0.1116338813494417,0.7005873713386311,0.0,0.17076945917195732,1.5451220762595137,0.8395898440309626,-0.0559972662970335,0.5531599976676198,0.0,0.0,0.5882060418322634,0.24020091753640188,3.3674751583235722,0.5401772153695936,0.16041015596903752,0.5401772153695936,0.0,0.2818080918324951,0.0,0.3720243339720687,0.2818080918324703,0.003448893075121058,1.3210653904185532,0.0003637049774503076,0.0012365832417775557,0.0036335592243290638,0.006934105891795994,0.0036389540876131665,-0.004809831157256972,0.0,0.16041015596903746,1.0,1.061077368087202,1.8665440903790382,0.29941262866136886,1.0278385938056531,True,2023-05-19 16:00:00+00:00,2023-05-19 19:30:00+00:00,1414.5430425032748,1420.5621442040444,0.0036551562730235305,0.00425515627302353,8,stop,0.011261411430876445,-0.00522488334154525,False,False,MSFT,2023-05-19 15:30:00+00:00,1142,0.844660584061393,4
0.006592763264765833,1.0,0.0,0.11597601896397464,0.23720996528236377,0.8672747649906168,0.0,0.06175951312304533,0.4035590310006788,0.7507599462162471,0.6454926285553164,1.0066354886184412,0.0,124.85273838316103,0.5381849897202985,0.05090253422320219,2.4796765280051183,0.6180347112068638,0.2492400537837529,0.6180347112068638,1.0,0.0,0.012485273838316102,0.46531854412372414,0.3855758120951001,0.003988330798861685,1.6271984006696059,0.01326001491546025,0.02726170552912377,0.016580223052895304,0.02763193445829959,0.016526647621939672,0.024652991750093722,0.0,0.24924005378375297,0.6050173470276871,2.5793884753551866,0.5325196853167874,0.13272523500938319,1.6060449961893306,True,2023-05-22 14:00:00+00:00,2023-05-22 16:30:00+00:00,1447.8372849798934,1453.0820660444504,0.0030224934382940168,0.0036224934382940166,6,stop,0.012083916985414556,-0.005837551130601248,False,False,MSFT,2023-05-22 13:30:00+00:00,1143,0.9139472498890496,4
0.007853761364608157,1.0,0.0,0.22979242095337943,0.9221923886492095,0.8749555109767579,0.0,0.08191762869888433,0.5731902400186106,0.6492296430460465,-0.04234716702252416,1.292719274041053,0.0,-165.193901266687,0.2829598972927896,0.036707663862904194,1.4943827026164966,0.5241851540228044,0.35077035695395353,0.5241851540228044,1.0,0.0,0.016519390126668698,0.6551078687174949,0.9402267693416919,0.005016724540106459,1.4353593860985479,-0.014741259353409975,-0.0072313141338131715,-0.012837856759008393,0.01983325343880593,-0.012941220487594163,-0.015676332506125323,0.0,0.35077035695395353,0.07717666095965055,-2.255508793711348,0.3564853373274321,0.1250444890232421,1.1292625512622518,True,2023-05-23 14:00:00+00:00,2023-05-23 16:00:00+00:00,1437.3675187575566,1428.0098455133868,-0.007110285728634213,-0.006510285728634213,5,momentum_decay,0.004589509852337859,-0.009829060823336566,False,False,MSFT,2023-05-23 13:30:00+00:00,1144,0.8799078247321445,4
0.011682270534236866,-0.9709418174260521,-0.23931566428755743,0.7303834832309873,3.2936737771725184,0.893862351124909,0.0,0.18443657293926735,1.553274549306554,0.5796864772971941,-0.1406854703211972,0.5579285438927526,0.0,0.0,0.19459602464942524,0.025687752699202808,1.126656181263859,0.4735488284221031,0.42031352270280586,0.4735488284221031,0.0,0.41580800662644035,0.0,1.7377111222458215,2.4049560952730005,0.008041171537268268,1.5977824886623366,0.008605968190678714,0.0015648169037547621,0.011248236595438277,0.017868406902333378,0.009151491541981471,-0.019755530910285923,0.0,0.42031352270280586,0.8115611230029006,0.9020582870774242,0.2525201858663343,0.106137648875091,1.996721550578725,True,2023-05-23 17:30:00+00:00,2023-05-23 18:30:00+00:00,278.036978412755,273.65203909229655,-0.01637106522121985,-0.01577106522121985,3,stop,0.00521005550914766,-0.018797347528939246,False,False,TSLA,2023-05-23 17:00:00+00:00,1144,0.7519763024928691,4
0.012175842650041891,-0.35460488704253545,0.9350162426854148,0.29591012695074115,1.1877663688768414,0.6871634365997233,0.0,0.2694581772943619,1.8764949394264903,0.6564531530639639,0.5966102282776256,0.6619315656930416,0.0,0.0,0.15039405986231064,0.13078912051445166,1.0002030079097972,0.34361658966368713,0.3435468469360362,0.34361658966368713,0.0,0.38870904278761115,0.0,0.8613385032924946,1.1228307227182455,0.006966771470948635,1.5480733844105221,0.0036159833701914224,0.028126519377016157,0.006680677475212615,0.012009291673257927,0.01641835762068844,0.019765981992832193,0.0,0.34354684693603615,1.0,0.7534741870709688,0.91060816360284,0.3128365634002767,1.3828179227385815,True,2023-05-24 16:00:00+00:00,2023-05-24 19:00:00+00:00,283.00831173426195,280.6074172703687,-0.009083476860381422,-0.008483476860381423,7,momentum_decay,0.004507433716070652,-0.014267312444526392,False,False,TSLA,2023-05-24 15:30:00+00:00,1145,0.7609373134889067,4
0.0068487222117649,1.0,0.0,0.04622579833314743,0.04133144723294115,0.5652958463103704,0.0,0.13790230894639022,0.17933024513877233,0.8542841907683348,0.6635445196369765,0.3598911722419886,0.0,61.62769644405319,0.463516345326299,0.49307226376815705,2.879440736665227,0.41958003707870534,0.14571580923166516,0.41958003707870534,1.0,0.0,0.006162769644405319,0.31723255408516254,0.12926102900115205,0.003037851131262675,1.5174771076211278,0.006481409230334689,0.020782271207004044,0.014301035290637198,0.013407261332658127,0.018679616376704455,0.01800902600377774,0.0,0.14571580923166513,1.0,2.90466205858343,2.9832326086016923,0.4347041536896295,1.5859186045783893,True,2023-05-25 14:00:00+00:00,2023-05-25 18:30:00+00:00,1456.6386807126134,1478.087325139905,0.014124752755294501,0.014724752755294501,10,target,0.015914974740289134,-0.007993812667817513,False,False,MSFT,2023-05-25 13:30:00+00:00,1146,0.8782540376153972,4
0.00823418413451254,1.0,0.0,1.3298030551607516,5.908103122273027,0.7301041283707214,0.0,0.7657691152211276,2.0715070187130977,0.5313099633637635,0.1426567027666291,0.6052842664248251,0.0,62.72511416347104,0.07211984471503327,0.07532484433305,0.5577547447149159,0.26141409173448477,0.46869003663623654,0.26141409173448477,1.0,0.034646463317627996,0.006272511416347104,2.837276133934225,4.479241985561896,0.005537479089649235,1.8868873503882644,0.017413024523677878,0.014796005727869765,0.019335116265900343,0.018140158243165505,0.015112127773426742,0.010937088667193118,0.0,0.4686900366362366,0.8243294389561544,2.5013825529898046,0.5758515234637593,0.26989587162927864,1.8030996859818276,True,2023-05-29 14:00:00+00:00,2023-05-29 17:00:00+00:00,1483.062336883856,1481.3711107972504,-0.0017403607552729065,-0.0011403607552729067,7,momentum_decay,0.005355964120124845,-0.003246043047249736,False,False,MSFT,2023-05-29 13:30:00+00:00,1148,0.9205397483263205,4
0.0076069473800433,0.5680647467311559,0.8229838658936564,0.5957883777437697,1.1325828276042929,0.8331170450766009,0.0,0.23225995636944233,1.581900767110528,0.5719153377057127,0.02908407300486229,0.8678976727234846,0.0,0.0,0.15027148837215976,0.0442166800169055,0.9461501858335992,0.40503238278231357,0.4280846622942873,0.40503238278231357,0.0,0.5573145686167291,0.0,1.391753618433062,1.1118479650081903,0.0034811793723992647,1.2500672210577244,0.004552764563821254,0.00017113518013833762,0.008607170894683325,0.014956908818443582,0.002185385938088036,0.004478731319277562,0.0,0.4280846622942873,1.0,0.18844833822558033,0.3898363329089574,0.16688295492339913,0.6169287990799445,True,2023-05-30 15:00:00+00:00,2023-05-30 18:00:00+00:00,1488.0057739866509,1512.3420144780725,0.015754936867092995,0.016354936867092995,7,target,0.01676848533929065,-0.0054753550666203354,False,False,MSFT,2023-05-30 14:30:00+00:00,1149,0.8715116106528834,4
0.00872605944587681,-0.3546048870425359,-0.9350162426854147,1.0592740338026259,5.820919131640128,0.6505125907243255,0.0,0.808527836578578,3.0096172503189376,0.5421271587218949,0.745362044843359,0.3441643577908201,0.0,0.0,0.049458009900277336,0.11136120551102875,0.42072761710077883,0.1926397494462204,0.4578728412781051,0.1926397494462204,0.0,0.24349525561305738,0.0,2.31346771047999,4.106856199235131,0.004421333602799621,1.1453367410890916,0.0093295236643256,0.032450660940288145,0.010949831413374467,0.037130212230091164,0.01776928207331019,0.024494739106239782,0.0,0.4578728412781051,1.0,1.629466099664596,0.7632848637623894,0.34948740927567445,0.6564998349651248,True,2023-05-30 18:30:00+00:00,2023-05-31 13:30:00+00:00,173.53109473237802,174.66091059611557,0.005910740138417015,0.006510740138417015,4,gap_through_stop,0.017972155270131518,-0.002433778314747004,True,False,AAPL,2023-05-30 18:00:00+00:00,1149,0.8154954831759021,4
0.010016732400272349,1.0,0.0,0.8505064405259953,1.5570056696112033,0.5980795489992592,0.0,0.7522298151771646,1.119358986298822,0.545569817550061,0.976806678293776,1.0231285574488858,0.0,-68.641254780758,0.034381480975430624,0.13773795821092358,0.3161087711533093,0.14364936654932012,0.45443018244993905,0.14364936654932012,1.0,0.6761324759738178,0.0068641254780758,1.8715888014759865,1.4790001006227005,0.003150943403305739,1.5799395111875432,0.0016693919848713712,0.03979490525871987,0.007189519186858728,0.03475207352057175,0.015159181099981822,0.03319783093825812,0.0,0.45443018244993905,1.0,0.941822131043245,0.8844492873110368,0.40192045100074086,2.247888279587028,True,2023-05-31 14:00:00+00:00,2023-05-31 15:30:00+00:00,176.16168402390426,173.7795220190384,-0.014122588740367602,-0.013522588740367603,4,stop,0.005130863198618663,-0.01611691152344752,False,False,AAPL,2023-05-31 13:30:00+00:00,1150,0.8023900558262244,4
0.009035698269544689,-0.9709418174260521,-0.23931566428755743,0.09918380910195793,0.12600723693640423,0.5496729875583674,0.0,1.5139899844796163,1.379931842514263,0.7475799315193834,0.2173283218007455,1.1282097714785049,0.0,0.0,0.16130321466976968,0.3124205180897509,1.177612068902052,0.29725291907775075,0.2524200684806165,0.29725291907775075,0.0,0.22266567751338143,0.0,0.3929315513579076,0.22266567751330166,0.004344421396501573,1.1304917209691911,0.0008969988581362109,0.020053578109812786,0.008073097943850582,0.038606113508276696,0.002854616481470451,-0.004402870186206775,0.0,0.25242006848061654,1.0,0.8847731063942776,1.7840380725249019,0.4503270124416327,0.4443131391057447,True,2023-05-31 17:30:00+00:00,2023-05-31 19:00:00+00:00,175.09376686635582,175.1287856197291,-0.000400000000000022,0.00019999999999997797,4,stop,0.010239255297982863,-0.0030806505657504646,False,False,AAPL,2023-05-31 17:00:00+00:00,1150,0.7512846869244436,4
0.007967283588220764,1.0,0.0,0.1507266381934797,0.5075426640915243,0.5450048478285695,0.0,0.23750785828068938,0.2844929963376528,0.7112521237083365,-0.06034013441564382,0.20442501146991227,0.0,-101.27808480118405,0.11467257831969588,0.277851790640292,0.8874765585351949,0.25625697153690596,0.28874787629166354,0.25625697153690596,1.0,0.0,0.010127808480118405,0.5220008546183422,0.6397295888703999,0.0036954118516100984,1.7101943813583835,-0.008937659682812127,-0.015138121181130892,-0.0066082318301712295,-0.018570073997926984,-0.0002669744278257502,-0.009087532126294429,0.0,0.2887478762916635,1.0,-0.394331710290401,1.5757523761305505,0.4549951521714305,1.6477476846427312,True,2023-06-02 14:00:00+00:00,2023-06-02 17:30:00+00:00,172.89034851598092,173.83369352346273,0.0048563196591312925,0.005456319659131292,8,ambiguous_stop_first,0.027199751701750374,-0.0007565519078279737,False,False,AAPL,2023-06-02 13:30:00+00:00,1152,0.8909629409475746,4
0.008064720920189753,1.0,0.0,0.19454349732586312,1.0819061108789447,0.8817395828135692,0.0,0.07176353883749566,0.5350628240727971,0.67940829664544,0.9449082178913917,2.3404871080995497,0.0,-1.4599731464648436,0.3495223694381083,0.036661895925465406,1.7503505973031097,0.5611478794590092,0.32059170335456,0.5611478794590092,1.0,0.7463795593714836,0.00014599731464648436,0.6068263629102928,1.0514957067232429,0.0030021655516138486,1.3051631680016504,0.0014251777150415812,0.02055379701222937,0.002881591074555878,0.06968813605281521,0.011901589195212559,0.024988617798902935,0.0,0.32059170335455994,1.0,0.9740852726408057,0.36888171449412877,0.11826041718643078,0.8285594288630828,True,2023-06-06 14:00:00+00:00,2023-06-06 17:30:00+00:00,184.93875464558124,186.1098235057422,0.005732198258851785,0.0063321982588517844,8,ambiguous_stop_first,0.030104490951364138,-0.0021851192476755044,False,False,AAPL,2023-06-06 13:30:00+00:00,1154,0.8506090000162582,4
0.008559103021390391,-0.7485107481711013,-0.663122658240795,1.416685237207697,3.2515489381239555,0.836875448476866,0.0,0.49392191898256826,3.426462920035375,0.5321200880394494,0.8823935286446456,2.5132045615482883,0.0,0.0,0.11706739108357184,0.0390216619275195,0.788654368532212,0.3689955365163154,0.46787991196055057,0.3689955365163154,0.0,0.3543521108500725,0.0,3.0278821573496946,2.8220517654049733,0.0030079618280757833,1.4694858459326572,0.012274388667726122,0.04373526690667595,0.01611013926409366,0.07206087517239923,0.01839931738713796,0.025768027290215656,0.0,0.4678799119605506,1.0,2.3452268896353834,0.34864619607096303,0.16312455152313396,1.4384806937207528,True,2023-06-06 18:00:00+00:00,2023-06-07 13:30:00+00:00,189.70426152230706,194.01631251983179,0.022130385511227302,0.022730385511227302,5,gap_through_target,0.022730385511227302,-0.004433193747587327,False,True,AAPL,2023-06-06 17:30:00+00:00,1154,0.8626454729570228,4
0.008793497208084627,1.0,0.0,0.44746208830424544,1.527144293583801,0.9342585357515573,0.0,0.07188191812818215,1.0215211411120884,0.5907619934636403,1.337754936522348,3.1105152928081585,0.0,78.66072511194533,0.23602537261704412,0.015025521151703315,1.2829222135502367,0.5250205292151977,0.40923800653635956,0.5250205292151977,1.0,0.0,0.007866072511194533,1.0934030592402706,1.3965741827655411,0.0038002724614876176,1.0588339350652032,0.011847445951860935,0.05322832713262193,0.014492299298823896,0.07487616837603572,0.021642929112149156,0.044240750622856595,0.0,0.4092380065363596,1.0,1.7660478335263663,0.16064359418805843,0.06574146424844272,0.15113490915624236,True,2023-06-07 14:00:00+00:00,2023-06-07 19:00:00+00:00,194.78273517735596,194.82169172439143,-0.000400000000000022,0.00019999999999997797,11,ambiguous_stop_first,0.02036280758603315,-0.006533237533955405,False,False,AAPL,2023-06-07 13:30:00+00:00,1155,0.8886600023789957,4
0.0069863676465222,-0.7485107481711013,-0.663122658240795,0.03635416318666407,0.028243162337715483,0.7135276147712846,0.0,0.4221221761911015,2.364831457278071,0.8759569583117559,0.21126160815213083,0.4012928659765926,0.0,0.0,0.6250194791064968,0.2768224776472964,4.752258289207577,0.5894845730830404,0.1240430416882442,0.5894845730830404,0.0,0.10516034489535687,0.0,0.2930770053029862,0.10516034489535324,0.0038751060007198514,1.2346604541046171,0.00025404807353512915,0.0020926697984247067,0.009333028264202126,0.013483814273984374,0.006147883397382481,0.0065096127203929655,0.0,0.12404304168824415,1.0,1.4152616042747608,2.3094595337958927,0.2864723852287155,0.9498480891819683,True,2023-06-08 18:00:00+00:00,2023-06-08 19:30:00+00:00,1486.7406489278255,1492.5426152627874,0.0033024737361865737,0.0039024737361865736,4,ambiguous_stop_first,0.017811871400373436,-0.005067087408801463,False,False,MSFT,2023-06-08 17:30:00+00:00,1156,0.8317021032335414,4
0.00856849592000157,-0.970941817426052,0.23931566428755768,0.9165689521565141,2.7719487260444633,0.8231948225835262,0.0,0.3549975500733474,2.872169614112923,0.5435063251366624,0.6601112453899304,1.2034150166016715,0.0,0.0,0.11980183855896369,0.044437770620218454,0.8032995152231602,0.3667011477201886,0.4564936748633376,0.3667011477201886,0.0,0.4176875554680437,0.0,2.0078458971658506,2.394134052855249,0.004798238467706917,1.1032400996913534,0.007915784872181808,0.03729167633512165,0.0108023078232935,0.03469123417670228,0.014653888695197015,0.01873904248141689,0.0,0.4564936748633376,0.9894243145989219,1.3465522108456474,0.3873113411032257,0.1768051774164739,0.2999223304206273,True,2023-06-09 17:00:00+00:00,2023-06-09 18:30:00+00:00,1527.9235463582097,1556.0713607052558,0.01782226622800336,0.01842226622800336,4,target,0.02005073476780006,-0.0032184935894160605,False,False,MSFT,2023-06-09 16:30:00+00:00,1157,0.8503721095362571,4
0.008178004485739836,1.0,0.0,0.6095931488561463,4.441449016416843,0.7216328260154177,0.0,0.39111576179329816,1.0139197393213575,0.5661368354233481,0.8599455465403735,2.1281458955082044,0.0,-62.5241728134196,0.09032514446436653,0.08623545680319449,0.6632728586662203,0.28776966143876587,0.43386316457665186,0.28776966143876587,1.0,0.3293608706100751,0.00625241728134196,1.4050355011146556,3.0361833758440397,0.0025081534685334386,2.1767396922429865,-0.0012735105510063294,0.037925092294502694,-0.00015267215535874623,0.05076880439892384,0.00327939541864386,0.023875338248809053,1.0,0.43386316457665186,0.8277131497110364,-0.09000312949776192,0.6416013082285219,0.27836717398458233,2.897773938974508,True,2023-06-12 14:00:00+00:00,2023-06-12 16:00:00+00:00,1552.117013470744,1579.4074362526412,0.01698270964434061,0.01758270964434061,5,target,0.019630540108141137,-0.0038449829007197733,False,False,MSFT,2023-06-12 13:30:00+00:00,1158,0.8591436049972311,4
0.013040158329593867,-0.7485107481711012,0.6631226582407952,0.6066864534528639,1.0099034895812617,0.7652619981597223,0.0,0.3431937812108009,2.4135560280267825,0.5850380349997788,0.8765460861198472,1.0859554944599958,0.0,0.0,0.1259809506802034,0.07167221122459701,0.8441738344842142,0.35030003315950103,0.4149619650002212,0.35030003315950103,0.0,0.37379699283997686,0.0,1.4620290644048315,1.0095658672938992,0.0034297461540956455,1.0526886915573108,0.007974374981837062,0.06194652288768232,0.01599686431871805,0.05553765659612586,0.01652531556965342,0.04914958459450203,0.0,0.4149619650002212,0.8898014876300726,1.2146863187325754,0.5656855847982246,0.23473800184027774,0.15147820544168727,True,2023-06-12 16:30:00+00:00,2023-06-12 18:30:00+00:00,276.83385738696995,271.96041498969026,-0.01820421374495169,-0.01760421374495169,5,stop,0.0007718024591101269,-0.018974103792714025,False,False,TSLA,2023-06-12 16:00:00+00:00,1158,0.7616448390652836,4
0.00702514889865262,-0.9709418174260521,-0.23931566428755743,0.051377375392009025,0.08597771114615413,0.8989663139125277,0.0,1.3596186902952219,1.0800672814427041,0.8403828501613226,-0.06635272780176413,2.032716310745486,0.0,0.0,0.7554758730848283,0.04621699396186313,4.632015825491196,0.7393491640738502,0.15961714983867747,0.7393491640738502,0.0,0.22794511852936977,0.0,0.32187879212187,0.22794511852935523,0.0038924397140678107,1.3312151768748048,0.00036106403233238105,0.0037521773077664466,0.004579804332773607,0.030538287981109358,-0.0017237991279360765,0.0015402519602405462,0.0,0.15961714983867742,0.14985225382391437,0.16351919917459218,0.6329751294858245,0.10103368608747232,0.8367392189228273,True,2023-06-13 17:30:00+00:00,2023-06-14 13:30:00+00:00,1579.396405431776,1572.06630083158,-0.005241079702971673,-0.004641079702971673,6,momentum_decay,0.0017102235931747423,-0.008250787824071404,False,False,MSFT,2023-06-13 17:00:00+00:00,1159,0.8094794377499097,4
0.01394005636985194,-0.970941817426052,0.23931566428755768,0.2181758827636356,0.7393990352594846,0.6278514788570052,0.0,0.38776573594213265,1.389385278788209,0.6753468178597721,0.5041876191547218,0.5830589943030289,0.0,0.0,0.13199868900662157,0.17980900600390878,0.9339144459254096,0.30319829671677734,0.32465318214022787,0.30319829671677734,0.0,0.6596375191073699,0.0,0.672027550524358,0.8150051979892771,0.009802378071957694,1.191422220136517,0.003050662340216226,0.02663518296125278,0.007206261773126332,0.015734795953003866,0.0039059423839507,0.0431530415035879,0.0,0.32465318214022787,-0.008814206933525028,-0.008857915707444753,1.1462956213434057,0.3721485211429948,0.5461859186309049,True,2023-06-20 17:00:00+00:00,2023-06-21 13:30:00+00:00,272.8959328689462,250.6600320511864,-0.08208124665690138,-0.08148124665690137,7,gap_through_stop,0.006616025974556017,-0.08148124665690137,True,False,TSLA,2023-06-20 16:30:00+00:00,1164,0.6562964795939956,4
0.025006251069619585,1.0,0.0,0.10850213405411017,0.15522739376821157,0.7028671964036698,0.0,0.10354064526464007,0.2449252393884231,0.6886291059392049,0.8690873883921114,0.015020351113442612,0.0,474.2200980629674,0.20285562078084957,0.13329072458093305,1.2573310794615347,0.3914963023428747,0.3113708940607951,0.3914963023428747,1.0,0.0,0.04742200980629674,0.34846588465306316,0.21596362500833047,0.015518366360488802,1.6349504092677696,0.05027164001460371,0.12433880808791042,0.06991286405144592,0.046751858494510135,0.08433683350097865,0.1276461257352599,0.0,0.3113708940607951,1.0,3.197292046435801,0.954272892115364,0.2971328035963302,0.7402738375700038,True,2023-06-22 14:00:00+00:00,2023-06-22 16:30:00+00:00,281.7907708303241,296.9408119739663,0.05316343979968223,0.05376343979968223,6,target,0.06417690777759844,-0.010131936105005623,False,False,TSLA,2023-06-22 13:30:00+00:00,1166,0.9883153924644735,4
0.009309515473688494,-0.7485107481711013,-0.663122658240795,0.9169341087607589,2.719427398560137,0.8238858666967889,0.0,0.35528975292057746,4.188082672669491,0.545483497530951,0.6576859815388921,-0.04710473382997621,0.0,0.0,0.12174149492181281,0.04443037515084468,0.8126643636061704,0.3693693642277399,0.45451650246904896,0.3693693642277399,0.0,0.4266271255276404,0.0,2.0173835356466494,2.3439672260936777,0.005043616271283919,1.0722891400250187,0.00860970655664417,0.021582695629429383,0.011813106633763892,0.019067697480826373,0.014412246535710604,0.03603066311975622,0.0,0.4545165024690489,1.0,1.4979601982394126,0.3874757733688565,0.17611413330321116,0.204447701420797,True,2023-06-22 18:00:00+00:00,2023-06-22 19:00:00+00:00,189.89446969609426,189.9324485900335,-0.000400000000000022,0.00019999999999997797,3,stop,0.013891695797310089,-0.006108737773422135,False,False,AAPL,2023-06-22 17:30:00+00:00,1166,0.8585259006186686,4
0.007380288105151676,-0.970941817426052,0.23931566428755768,0.15188858280145842,0.30962352016242217,0.8054934921210698,0.0,0.1054026395406698,2.8391595341661824,0.7197098862406375,0.672368515317352,1.515192986203348,0.0,0.0,0.36209120885589363,0.07904423318012826,1.8737848842225686,0.5252033783617072,0.2802901137593625,0.5252033783617072,0.0,0.3852817420213459,0.0,0.5418977528827839,0.4450649206052673,0.003120598460565547,1.779396417192358,0.001122239510689127,0.013287339514065355,0.004764036166551744,0.04479536086788216,0.013673704413224241,0.01946136851912339,0.0,0.2802901137593626,0.9479325304193529,0.6121327635005724,0.6939470867140002,0.19450650787893026,2.2568215537793965,True,2023-06-26 17:00:00+00:00,2023-06-26 17:30:00+00:00,196.08449395660887,196.72113283062785,0.0026467578704100665,0.0032467578704100664,2,stop,0.015516678621057878,-0.004529523546505598,False,False,AAPL,2023-06-26 16:30:00+00:00,1168,0.8641537523766527,4
0.008680219722803334,-0.7485107481711013,-0.663122658240795,0.6558372097398206,0.7415520985363308,0.8521629977229508,0.0,0.22344227322247776,3.9219475491823705,0.5660758115670397,0.8456853468422987,1.5504637197556095,0.0,0.0,0.15498386432315897,0.037399636145200935,0.963852259077825,0.4182388092899904,0.43392418843296043,0.4182388092899904,0.0,0.5259180108273838,0.0,1.5114096591578805,0.7689895070031579,0.0035152409600200133,1.2702122675711536,0.00572540473043559,0.030024028748717457,0.013550868305256758,0.04658976866984288,0.018379461298502875,0.02831745638461758,0.0,0.4339241884329604,1.0,1.822765363419343,0.34069776753124875,0.1478370022770492,0.775870120790137,True,2023-06-26 18:00:00+00:00,2023-06-27 14:00:00+00:00,198.74160911091778,202.45061890648225,0.018062472404027186,0.018662472404027186,6,target,0.02172887832942827,-0.006762998602511061,False,False,AAPL,2023-06-26 17:30:00+00:00,1168,0.8737515190933947,4
0.01283950618166526,1.0,0.0,0.23689806673937622,1.1749796564853907,0.598587857025601,0.0,0.2928995839799299,0.4367733696322637,0.6753366483345322,0.15743375487605413,1.6792702105824928,0.0,73.65802868707804,0.11369060673198596,0.20208686237007253,0.8437185902094015,0.27392450536013313,0.3246633516654679,0.27392450536013313,1.0,0.0,0.007365802868707805,0.7296729536121935,1.1111674774354312,0.0058355289452447345,1.2048101487833662,0.010439209526453386,0.00308080726778015,0.013089157501607884,0.019555854237474746,0.00854754611711983,0.015155827466965643,0.0,0.32466335166546784,-0.20745976753476972,0.3380171520001754,1.2363949947377944,0.40141214297439903,0.5481706224313664,True,2023-06-28 14:00:00+00:00,2023-06-28 15:00:00+00:00,315.53957640829395,324.2500269432808,0.027004938290580306,0.027604938290580305,3,target,0.031976723028379395,-0.010001688632159667,False,False,TSLA,2023-06-28 13:30:00+00:00,1170,0.8563656217015659,4
0.014169332637875464,0.5680647467311559,0.8229838658936564,0.5699907443727472,1.4883605841698015,0.8061575915316288,0.0,0.2653101491141664,1.6044770424899626,0.5835501240235312,0.5640283684117183,1.9795979788512472,0.0,0.0,0.14674155811186718,0.05525617908967207,0.9357854042848494,0.3897077155551601,0.41644987597646865,0.3897077155551601,0.0,0.4903913752198874,0.0,1.3686899126485854,1.3760737216312986,0.005426941940887817,1.1158620925988247,0.00814214760445986,0.03968007179504829,0.013687573853246926,0.05676645993571183,0.017090923753766862,0.027744731475688234,0.0,0.4164498759764687,0.08365006518888204,0.42243747245140617,0.46546396013154784,0.19384240846837117,0.3165862235878318,True,2023-06-29 15:00:00+00:00,2023-06-29 17:30:00+00:00,332.86291860369533,330.0490078257747,-0.009053662515862437,-0.008453662515862437,6,momentum_decay,0.012819381795087015,-0.01492937189910215,False,False,TSLA,2023-06-29 14:30:00+00:00,1171,0.8024479998173581,4
0.013512424598591675,1.0,0.0,0.3692050327952177,0.6527880274236194,0.7185113121866253,0.0,0.2759965275650848,0.7044923500130752,0.6234480153337727,0.3623419040055869,1.7083407808009312,0.0,71.40432084681959,0.13560075745091926,0.10222749882484239,0.9081331169275629,0.34195932752039804,0.3765519846662273,0.34195932752039804,1.0,0.029054853937351563,0.007140432084681958,0.98048887757816,0.7165313094504703,0.0062958113140749936,2.478870828806123,0.012190101904621775,0.01505483794335527,0.02008098214913412,0.05874668927845916,0.009267475404082681,0.01898427245668599,1.0,0.3765519846662273,1.0,1.5594641669205025,0.7475427013423438,0.28148868781337466,3.438379191221709,True,2023-07-03 14:00:00+00:00,2023-07-03 16:00:00+00:00,347.6589061022146,348.3322910829527,0.0013369127869834914,0.0019369127869834912,5,momentum_decay,0.013469823431271344,-0.007127966647272332,False,False,TSLA,2023-07-03 13:30:00+00:00,1173,0.8691854675774714,4
0.013002339598824311,0.120536680255323,0.992708874098054,0.2165786396938553,0.21283572915536805,0.7353648837384817,0.0,0.21451206779155704,2.063606585832938,0.6842590757167866,-0.021561825866077806,0.6202542994886585,0.0,0.0,0.22291105124628174,0.11094950890391399,1.3290135271740728,0.41962395945526837,0.3157409242832133,0.41962395945526837,0.0,0.30109837073718565,0.0,0.6859378149523264,0.30109837073715606,0.005425894973191438,1.1132811629949162,0.002823981436837819,-0.021420977337992753,0.016308733307901946,0.013780670101833481,0.014359351306803436,0.0025334126431910686,0.0,0.3157409242832134,1.0,1.5074517532153566,0.8381400569533795,0.26463511626151826,0.24677842887571314,True,2023-07-04 15:30:00+00:00,2023-07-04 18:30:00+00:00,344.03481024365607,344.85612710625287,0.0017873074414042518,0.0023873074414042517,7,momentum_decay,0.010473140441381812,-0.0075982030421538616,False,False,TSLA,2023-07-04 15:00:00+00:00,1174,0.8664441378069816,4
0.006346440282421294,0.8854560256532099,0.4647231720437685,0.19957739984469286,1.098884926749483,0.7886488049817427,0.0,0.13555573589632486,0.6339064525994693,0.6888296782360208,0.0141591085984855,-0.05302212981132489,0.0,0.0,0.2778624635878624,0.0814894362578039,1.534460229082025,0.47747848321776354,0.3111703217639792,0.47747848321776354,0.0,0.6200624039002346,0.0,0.64137671842648,1.059776390276316,0.0028475761787626936,1.2187946179293403,0.00126821237530228,-0.0006454213766091677,0.0033989508718559325,-0.007038254355454465,0.003983499656494027,0.005747976346100359,0.0,0.3111703217639792,-0.14024556297737145,0.027106478075904942,0.6792138588924996,0.21135119501825728,0.4814996331957481,True,2023-07-05 14:30:00+00:00,2023-07-05 15:30:00+00:00,1343.5770424839238,1343.8457578924206,-0.000400000000000022,0.00019999999999997797,3,stop,0.009610179584214285,-0.003109676839634812,False,False,MSFT,2023-07-05 14:00:00+00:00,1175,0.859512902513177,4
0.005977459839966155,-0.7485107481711012,0.6631226582407952,0.7425596885128896,4.949586591895539,0.5702255748476607,0.0,0.7635378926691113,2.307154715404041,0.582033627491193,0.588845474496666,-0.02118341301126927,0.0,0.0,0.040300990701080945,0.1691177268804668,0.36428577118476785,0.15225920233885365,0.41796637250880697,0.15225920233885365,0.0,0.2974253437534041,0.0,1.7766015099629648,2.9967128918775225,0.0019866578024794407,1.3060623312621193,0.004458409907442951,0.01676314484778252,0.00536400571032436,0.005167343025347604,0.0116519006517799,0.015149360577448867,0.0,0.41796637250880697,1.0,1.1881910008220091,1.0282512025360777,0.4297744251523394,0.7777571695831418,True,2023-07-05 16:30:00+00:00,2023-07-05 17:00:00+00:00,187.49669177787962,185.98367395182075,-0.008669570783954316,-0.008069570783954316,2,stop,0.004170109354705964,-0.009284970106209656,False,False,AAPL,2023-07-05 16:00:00+00:00,1175,0.8319300406332959,4
0.013655270862944094,0.5680647467311559,0.8229838658936564,0.2187009625281077,1.276358701304079,0.7383374790814655,0.0,0.2121576642395289,2.0673404213772106,0.6774408883025329,0.43595767931337903,0.2310770033458762,0.0,0.0,0.21491050301402143,0.10701877904283728,1.2889989843894538,0.41577836738399837,0.3225591116974671,0.41577836738399837,0.0,0.8180618983798272,0.0,0.6780182440892586,1.1632375669324815,0.009105944560810424,2.1968315432161916,0.00299536630579067,0.0014115213621717082,0.005354738876461429,0.017521061620824785,0.033830252242223136,0.0033909700227257034,1.0,0.3225591116974671,1.0,2.167843083817493,0.8112079660105853,0.26166252091853454,2.795702242903955,True,2023-07-06 15:00:00+00:00,2023-07-06 16:30:00+00:00,349.0768787280865,359.3253682897862,0.028758832355329767,0.029358832355329767,4,target,0.03100849344603729,-0.006378743625543581,False,False,TSLA,2023-07-06 14:30:00+00:00,1176,0.8653317658418569,4
0.012885728468832259,-0.9709418174260521,-0.23931566428755743,0.2310210994397346,0.6861697221849093,0.6771313482897118,0.0,0.8934579498745955,0.9237249297537713,0.6778096270595588,0.24695427865683273,0.7904048520226888,0.0,0.0,0.16853999521978033,0.14604922418250654,1.10164984791322,0.3549409753492706,0.32219037294044117,0.3549409753492706,0.0,0.42299292106814657,0.0,0.7170329061397506,0.7736196320224296,0.011364282384395326,1.088903582629981,0.002985763402852948,0.013802490086558095,0.007369177485478273,0.013041647471103923,0.0035779190805649286,0.03540853052249715,0.0,0.3221903729404411,0.7191793358765335,0.46693767749321774,1.002105211162446,0.3228686517102882,0.2954113815559662,True,2023-07-10 17:30:00+00:00,2023-07-10 19:30:00+00:00,361.3024424845623,361.3747029730592,-0.000400000000000022,0.00019999999999997797,5,stop,0.014530364664379736,-0.016540208102324594,False,False,TSLA,2023-07-10 17:00:00+00:00,1178,0.6130952061220359,4
0.017503964254406562,-0.3546048870425359,-0.9350162426854147,1.328502082386971,4.068821922771945,0.8611283189793019,0.0,0.39239320514334886,3.8434946723716465,0.5298304990954712,0.48161775171531057,0.4183578978028864,0.0,0.0,0.12646202465839584,0.03177032064956539,0.8315273902764585,0.3909588180747731,0.4701695009045287,0.3909588180747731,0.0,0.2955589059567784,0.0,2.825581157074527,3.383420292352998,0.010412443511818425,1.8110753174338619,0.02380767796633787,0.019933667126281085,0.029833487029377714,0.04211889416426873,0.03598155403616343,0.05612719252917109,0.0,0.47016950090452875,0.9778444451102253,1.9343994659361674,0.2953651411959214,0.13887168102069813,2.0220448049931328,True,2023-07-11 18:30:00+00:00,2023-07-12 15:00:00+00:00,370.60189945468903,384.54895461612966,0.03703352314697421,0.03763352314697421,7,target,0.04199948881516247,-0.010094123824069823,False,False,TSLA,2023-07-11 18:00:00+00:00,1179,0.891315869202665,4
0.010458292694437656,1.0,0.0,0.5099047201675726,17.90529253108042,0.8249285872156209,0.0,0.2076062461925213,0.9782312522928123,0.5700045572695481,0.8789205590012565,0.4388442957314577,0.0,-33.451723059581,0.14395712263680935,0.04680710926092845,0.9184589073245694,0.3949331444851691,0.42999544273045187,0.3949331444851691,1.0,0.18961559742416334,0.0033451723059580996,1.1858374984853337,5.273827752474705,0.004791938902324011,2.280122120955257,0.0019982164582978967,0.02564483353598046,0.002297327141180805,0.01850474598520857,0.013453755762071973,0.039708544084501085,1.0,0.42999544273045187,1.0,0.8696589895825446,0.407147135496367,0.17507141278437904,2.850701405631698,True,2023-07-13 14:00:00+00:00,2023-07-14 19:00:00+00:00,178.95574376168602,181.88323632273313,0.01575875160813849,0.01635875160813849,24,momentum_decay,0.021947486104773484,-0.00423302012678517,False,False,AAPL,2023-07-13 13:30:00+00:00,1181,0.8757892369210494,4
0.006883523677296173,-0.3546048870425359,-0.9350162426854147,0.42029896985065346,0.7090759890588961,0.7587597580944205,0.0,0.2641418142581928,1.5755504115854795,0.6161417099212922,0.3373045734148726,0.4378253186896249,0.0,0.0,0.1521983207676278,0.08068385954233905,0.9766663315728625,0.3749014680157127,0.38385829007870775,0.3749014680157127,0.0,0.46595416808339885,0.0,1.094932637157514,0.7613378313554655,0.0026056763194032763,1.728192603376468,0.00290153244402247,0.014134106110288203,0.007022258289150818,0.006527495644642611,0.008525588167170639,0.009441940343119182,0.0,0.38385829007870775,0.5417631294200084,0.7318385620727204,0.6284617217871161,0.2412402419055795,2.2973670198775524,True,2023-07-19 18:30:00+00:00,2023-07-20 13:30:00+00:00,182.63269991102894,185.33558641631404,0.014199575906186746,0.014799575906186746,4,target,0.015054206407714377,-0.00247906226947725,False,False,AAPL,2023-07-19 18:00:00+00:00,1185,0.8185777096444592,4
0.006985489009762705,1.0,0.0,0.39827526784183465,9.362333408200957,0.7342205151531234,0.0,0.2783364735900756,0.7689094180574059,0.6196926901137941,0.8613756798930559,0.9821607073832533,0.0,13.832359492560453,0.14113792494361913,0.09326802177411124,0.9305979560901068,0.35391320526691755,0.38030730988620587,0.35391320526691755,1.0,0.22239168919349409,0.0013832359492560453,1.0472458916474814,3.1177128855729146,0.0026315018436688913,2.7113759533326633,0.004177004498274295,0.020267792162152576,0.004476745536912574,0.02449875007036484,0.013084449720555336,0.021721590517437495,1.0,0.38030730988620587,1.0,1.428386238441648,0.6988545261617134,0.2657794848468766,3.584989562631053,True,2023-07-20 14:00:00+00:00,2023-07-20 17:00:00+00:00,185.02234829034407,186.13154144064669,0.00539491445520961,0.00599491445520961,7,stop,0.014363228186772714,-0.00762894865952124,False,False,AAPL,2023-07-20 13:30:00+00:00,1186,0.894843446366721,4
0.007563454458357627,-0.3546048870425359,-0.9350162426854147,0.7045361614244676,11.842144477639721,0.7956353969429047,0.0,0.4865118445113993,2.3905531340465167,0.5700507949970592,0.32742840927375455,1.5465365389334402,0.0,0.0,0.12858722050147037,0.05729081391614921,0.8505334762442364,0.365686191939964,0.42994920500294076,0.365686191939964,0.0,0.21379046081398473,0.0,1.6386497596143916,4.67747717176242,0.0034345261159221393,1.1471970546067554,0.005357274626063502,0.023868075066165284,0.005812294634875315,0.038339535082087206,0.0007150948607890228,0.012322117879213668,0.0,0.42994920500294076,0.14495776837037216,0.19858576657492374,0.475322667605566,0.20436460305709525,0.3172327412889118,True,2023-07-20 18:30:00+00:00,2023-07-21 14:30:00+00:00,186.99179090204183,190.03254427537664,0.01566142708546885,0.01626142708546885,6,target,0.016437716954380788,-0.0051280932200479246,False,False,AAPL,2023-07-20 18:00:00+00:00,1186,0.8238085474927952,4
0.01657810920364892,0.120536680255323,0.992708874098054,0.5058527971163597,0.6427253766533234,0.7983962930771576,0.0,0.24332901059516437,2.0078855774828623,0.5808892708415374,0.8470448515004274,0.16463298379821373,0.0,0.0,0.13990336054467584,0.05781408821060678,0.9049769846745385,0.379285563918695,0.4191107291584626,0.379285563918695,0.0,0.31957395384297094,0.0,1.206966946735216,0.68434686052966,0.010024060563000986,1.186378339875455,0.008457004048702199,0.04819135580654077,0.021903244369905206,0.04918411286496194,0.04336787987512336,0.06281924643733205,0.0,0.41911072915846265,0.5088201573118142,0.9236707942865943,0.48102731067653604,0.20160370692284238,0.5181002244545028,True,2023-07-21 15:30:00+00:00,2023-07-24 14:30:00+00:00,369.73016877248017,382.9084370671367,0.03504293478784508,0.03564293478784508,12,target,0.037764896883352606,-0.012597224946906738,False,False,TSLA,2023-07-21 15:00:00+00:00,1187,0.8106215489614937,4
0.0077847916734706864,0.120536680255323,0.992708874098054,0.7834504689193103,0.9358933800228578,0.8327844521437088,0.0,0.29448698468419177,2.241560801818896,0.5551412925121266,0.029222295501688672,-0.0556427862245787,0.0,0.0,0.13438209044852736,0.042573656400038996,0.8720201226281691,0.3879257446558354,0.4448587074878734,0.3879257446558354,0.0,0.4305439199207601,0.0,1.7611220275837056,0.9433879564171597,0.0036586115642118335,1.841789022326683,0.006136424733411916,-0.0001985411387978031,0.01277695633341236,0.01625771933930875,0.005470261099678186,0.002465166563112575,0.0,0.44485870748787343,0.7886240713474287,1.5822055636414578,0.375884623683189,0.16721554785629122,1.9668895092389864,True,2023-07-24 15:30:00+00:00,2023-07-24 17:30:00+00:00,1242.3461084438934,1263.1396305711462,0.01613730209796198,0.01673730209796198,5,target,0.025570964941510566,-0.0038297015165407178,False,False,MSFT,2023-07-24 15:00:00+00:00,1188,0.887846234541066,4
0.008548017957601638,-0.7485107481711013,-0.663122658240795,0.9940491890306199,5.290000050149909,0.762283282030657,0.0,0.5140602535591916,4.414885580038678,0.5403221527430597,0.7861359644830114,0.6833580697182442,0.0,0.0,0.09037973485760464,0.06495554458921639,0.6582989295208416,0.30260543477371676,0.45967784725694016,0.30260543477371676,0.0,0.25618983736576206,0.0,2.16249095961979,3.903355458132924,0.004102827919480825,1.0755453589191437,0.008569970647389624,0.023601263330172095,0.010206537810860894,0.03741037604355113,0.015503329876041194,0.032571332366805095,0.0,0.4596778472569402,1.0,1.470061281598335,0.5171376419113092,0.23771671796934304,0.19037152531024099,True,2023-07-24 18:00:00+00:00,2023-07-25 18:00:00+00:00,1268.539883990504,1278.2547671190782,0.007058319025818594,0.007658319025818594,14,stop,0.017488539677060544,-0.005273307974198671,False,False,MSFT,2023-07-24 17:30:00+00:00,1188,0.8807333520339262,4
0.006793510204610109,-0.7485107481711013,-0.663122658240795,0.3300113354499608,7.910713010866345,0.8176095170984171,0.0,1.2099673884711046,0.9892204304052515,0.6405662925074734,-0.12796039984409716,1.4243248862802012,0.0,0.0,0.22253694331982338,0.058706283616307524,1.2747157544048286,0.45817580960589055,0.35943370749252657,0.45817580960589055,0.0,0.3723220235611148,0.0,0.9181424239595628,2.6858470268108774,0.0029271558456752567,1.1104260903726182,0.002246972943144243,-0.002453042790142468,0.0025317338335257844,0.009396257394022278,-0.00623226738273519,-0.004272964451533134,0.0,0.35943370749252657,-0.25890811842603845,-0.2519354242739914,0.5074384485905934,0.18239048290158286,0.28989573290702825,True,2023-07-26 18:00:00+00:00,2023-07-26 18:00:00+00:00,198.40523112448423,196.58560937538974,-0.009771238776223722,-0.009171238776223722,1,stop,0.0041604850361551815,-0.009496612610298216,False,False,AAPL,2023-07-26 17:30:00+00:00,1190,0.7953632104028033,4
0.007315118501500871,1.0,0.0,0.04566605957284458,0.060383702592824426,0.749311625138719,0.0,0.0831888626824858,0.24865286204255788,0.8623860227019902,0.19427144833070503,0.9915745420776003,0.0,7.869252774352908,0.6461958721677443,0.2033396742906562,4.445025569654564,0.6116976478407091,0.13761397729800984,0.6116976478407091,1.0,0.15436191565444093,0.0007869252774352908,0.3318417247250437,0.18968581359088538,0.0033566138776454685,1.7822320178055786,0.0011213525054689644,-0.00032957483849427316,0.0066968109403893195,0.017778840850727784,0.009959159996410394,0.0021919366281077934,0.0,0.13761397729800978,1.0,1.4466104631226995,1.8216781447616741,0.2506883748612811,1.9456704734049142,True,2023-07-27 14:00:00+00:00,2023-07-27 18:30:00+00:00,199.19097771934082,199.38239621417586,0.0003609797442970969,0.0009609797442970969,10,momentum_decay,0.012144937174934034,-0.005364533868114307,False,False,AAPL,2023-07-27 13:30:00+00:00,1191,0.871054832325679,4
0.0070638906605367925,0.5680647467311559,0.8229838658936564,0.43958279748593077,0.7661132935387315,0.6915247210876411,0.0,0.33803202620895273,1.2595638938754772,0.598853317005748,0.47801328737615545,0.6969373351645055,0.0,0.0,0.09992346284238776,0.10892897392060889,0.7238699717666055,0.2903780380933891,0.40114668299425205,0.2903780380933891,0.0,0.5389768989476403,0.0,1.0958156109001889,0.8040632039222875,0.0029936083256595523,1.2607295274448391,0.0031148368996472,0.011708413945537233,0.007209916098524172,0.008913554514885735,0.01471983116720943,0.008556977130030896,0.0,0.40114668299425205,0.9923766209316222,1.5379834418590368,0.7689837458202342,0.3084752789123589,0.6965745778991219,True,2023-07-28 15:00:00+00:00,2023-07-28 19:30:00+00:00,1292.506078070554,1301.1793851996786,0.006110457518367852,0.006710457518367852,10,stop,0.014833931777985088,-0.0023478622726140763,False,False,MSFT,2023-07-28 14:30:00+00:00,1192,0.8685817425731452,4
0.012444401215355156,-0.9709418174260521,-0.23931566428755743,0.06122803539460794,0.12608498347960906,0.6305527132332163,0.0,0.27917823213667325,2.4510140746100006,0.8419555325096161,0.09533942560021273,0.07708097617628884,0.0,0.0,0.529077622580022,0.3460642678087981,2.989717091931739,0.4725082457428324,0.15804446749038392,0.4725082457428324,0.0,0.3141701786073661,0.0,0.3874101787101994,0.3141701786073139,0.006762966230386197,1.4544896016471172,0.0007625272428426477,-0.022039208845143987,0.006851688862820948,-0.009680623312886438,0.00569525488267697,0.016386769871064466,0.0,0.15804446749038392,0.8653367927487414,0.4923319586925668,2.3376160686423635,0.3694472867667837,1.5138299981441072,True,2023-08-01 17:30:00+00:00,2023-08-02 13:30:00+00:00,392.1005254145789,403.47263765685756,0.028403052801968687,0.029003052801968687,6,gap_through_target,0.029003052801968687,-0.0074789371525151305,False,True,TSLA,2023-08-01 17:00:00+00:00,1194,0.7910651550610142,4
0.01245976637030051,1.0,0.0,0.36827742213459613,0.5797880335146681,0.7868177241909995,0.0,0.21304280414468324,0.7863029591755177,0.6314814795321285,0.6677526484092778,0.5283747237162592,0.0,151.36862074634826,0.18799280006498006,0.0708322107303471,1.1350832603795054,0.418299203723128,0.3685185204678715,0.418299203723128,1.0,0.0,0.015136862074634827,0.999345763320201,0.6551256905376455,0.005674495828809748,1.4466548033121984,0.019816443449792054,0.057816519165949876,0.028114554905277256,0.028634847731377144,0.0336541290679484,0.04082946434558399,0.0,0.3685185204678715,1.0,3.0188683403233796,0.5784845644615892,0.2131822758090005,1.5291949764375732,True,2023-08-02 14:00:00+00:00,2023-08-02 16:00:00+00:00,405.3325672004522,401.599275928884,-0.009810439953920457,-0.009210439953920457,5,momentum_decay,0.007605816780648755,-0.014188361283847928,False,False,TSLA,2023-08-02 13:30:00+00:00,1195,0.8688050812054008,4
0.01538158347444925,1.0,0.0,0.3603164004295062,617.8793669223933,0.667376686886985,0.0,0.3103327973952871,0.6226529109451435,0.6138028726394671,-0.45984986568472946,0.26890211635983163,0.0,-69.73303615652515,0.09941533967670158,0.1266694037230287,0.7280726333933313,0.28117955952645224,0.3861971273605328,0.28117955952645224,1.0,0.2315317719283261,0.006973303615652515,0.9329857083404306,4.3190616634195536,0.006963575859158719,1.447475295073338,-0.0014390423386251294,-0.03204270950082222,-0.0014300982841158882,0.023921211737144565,-0.027238219002498787,-0.023044519711975853,0.0,0.38619712736053285,-0.4672027600314264,-1.0354602219428708,0.8612785791188518,0.33262331311301496,1.6055926531054499,True,2023-08-03 14:00:00+00:00,2023-08-03 15:30:00+00:00,392.34461349842564,405.31960855847024,0.032470404470065814,0.03307040447006582,4,target,0.035859105542362935,-0.006979801533819607,False,False,TSLA,2023-08-03 13:30:00+00:00,1196,0.7442550929784729,4
0.016240393812318593,-0.7485107481711012,0.6631226582407952,0.48399589980111085,0.41064357103543153,0.776651432502107,0.0,0.260800655891699,2.7693915388234305,0.5855079791658125,0.3858199341265743,0.37794629898622406,0.0,0.0,0.13244065263789437,0.0670796382145871,0.8737427826449856,0.36215941166791954,0.41449202083418746,0.36215941166791954,0.0,0.2904224073079402,0.0,1.1676844799739283,0.4590816642884992,0.008720312775368758,1.1962078677467323,0.007922557568944999,0.01316700752569,0.02775098524060371,0.044821350970077445,0.032749485839212555,0.020012195866081495,0.0,0.41449202083418746,1.0,1.9558021231004628,0.5388488952050806,0.223348567497893,0.65110576812289,True,2023-08-03 16:30:00+00:00,2023-08-03 19:30:00+00:00,406.8871366173513,421.0943523893911,0.03431684669648487,0.03491684669648487,7,target,0.0424845140010528,-0.009934130636407357,False,False,TSLA,2023-08-03 16:00:00+00:00,1196,0.8497947511547858,4
0.015240899404075647,0.5680647467311559,0.8229838658936564,0.7894132479634443,2.246020152297793,0.8635971600397945,0.0,0.24388501316552624,1.5440910527043477,0.5584877991197359,0.6624290417764187,0.415062684850749,0.0,0.0,0.15369537807473319,0.03323817237625771,0.9559984034822068,0.4220849591595303,0.4415122008802642,0.4220849591595303,0.0,0.5116104367767877,0.0,1.7879760658698738,1.954612197319432,0.007172782809664454,1.1517205668147832,0.012177884509235293,0.05486681461704812,0.017695814561007772,-0.006598018041388598,0.03768399607079265,0.031009400757763927,0.0,0.44151220088026416,0.9045138286220725,2.32595721235119,0.30894466718751135,0.1364028399602055,0.43161344365865484,True,2023-08-08 15:00:00+00:00,2023-08-09 14:30:00+00:00,425.7263000856746,431.981975169913,0.014094124095644412,0.014694124095644412,13,momentum_decay,0.02451594815394409,-0.004216258377998217,False,False,TSLA,2023-08-08 14:30:00+00:00,1199,0.8165691118278661,4
0.011753176970600954,0.5680647467311559,0.8229838658936564,0.4692753826624317,3.188902617982224,0.7444241687161535,0.0,0.3109030865192169,1.1671152957707978,0.6142352674341077,0.20202653604474208,0.26582120883155663,0.0,0.0,0.14170778147690452,0.08699603598545425,0.9297361989638276,0.3586594361502612,0.3857647325658923,0.3586594361502612,0.0,0.3996560052661253,0.0,1.2164807797256971,2.1232600431352293,0.004693112930847363,1.0779788176489975,0.005546065816725232,0.0028872194177405053,0.007297935131825195,-0.002916634901503623,0.006973121887718037,0.018221552053579337,0.0,0.3857647325658923,1.0,1.0038666309655924,0.6625173576231056,0.25557583128384653,0.3371453484139071,True,2023-08-11 15:00:00+00:00,2023-08-11 18:00:00+00:00,430.722041464312,441.60609907801944,0.02466933048679214,0.02526933048679214,7,target,0.03307781272637733,-0.006753986215480623,False,False,TSLA,2023-08-11 14:30:00+00:00,1202,0.7825420511889021,4
0.007273332396074537,-0.3546048870425359,-0.9350162426854147,0.5536944003608167,3.903167152833251,0.6500539237014715,0.0,0.4714745605788165,1.7862307472722998,0.5890272793576464,0.27161570825424247,0.12389176399267765,0.0,0.0,0.07424991741561633,0.12721566703064924,0.581744702385893,0.23908120305911798,0.4109727206423536,0.23908120305911798,0.0,0.37977567467298384,0.0,1.3472777450906914,2.569191120766102,0.002533619729713785,1.1868702740816102,0.0040434873658163895,0.010285529877413824,0.005084705214798424,0.01416763275514632,0.002325814035958329,0.01205922475817478,0.0,0.4109727206423536,1.0,0.9219108894763458,0.8515068244702579,0.3499460762985285,0.4747103229668117,True,2023-08-11 18:30:00+00:00,2023-08-14 15:30:00+00:00,190.72519656019827,190.7633415995103,-0.000400000000000022,0.00019999999999997797,8,stop,0.012604247591673001,-0.0049616219694601504,False,False,AAPL,2023-08-11 18:00:00+00:00,1202,0.8299986347290345,4
0.008596750073750357,-0.3546048870425359,-0.9350162426854147,0.8061226519747949,1.0557574907662812,0.7323567476769827,0.0,0.4851717384849097,2.9471052661666692,0.555305325451267,0.6712844091769384,0.992603507811596,0.0,0.0,0.08769078310956128,0.079358056230778,0.6468754621807673,0.28766207312824976,0.444694674548733,0.28766207312824976,0.0,0.2890051327583363,0.0,1.8127553535306706,1.049938375223746,0.003497313163746728,1.4360681430788858,0.006978395492599043,0.025649488955526545,0.013678656327232641,0.03619883741793273,0.014355455195078193,0.021219580467378485,0.0,0.44469467454873296,0.7396757520257047,1.4765719211011528,0.6018584607391998,0.2676432523230173,1.1775018428022683,True,2023-08-14 18:30:00+00:00,2023-08-15 15:30:00+00:00,195.6172003829097,197.17447364115066,0.007360819678395792,0.007960819678395792,8,ambiguous_stop_first,0.023441828342128934,-0.0038893480206505515,False,False,AAPL,2023-08-14 18:00:00+00:00,1203,0.8548066063157016,4
0.010076889193542585,-0.7485107481711013,-0.663122658240795,0.9261318158019258,0.7605999628060686,0.800171718255913,0.0,0.39952212855718094,3.0814756585225,0.5367782753646833,0.42980340186997096,0.35542091318461666,0.0,0.0,0.10414379674047018,0.05117855201951364,0.7274054209910801,0.3369499936205964,0.46322172463531663,0.3369499936205964,0.0,0.3147223151345359,0.0,1.9993272477257995,0.7757694830614295,0.005161458790453784,2.00405222049263,0.009420444243168458,0.021850734786673875,0.022079454210717442,0.03726312424558276,0.016689784545741215,0.022690417367924764,1.0,0.4632217246353167,0.6725487820965405,2.014769090493725,0.4313879749517131,0.19982828174408696,2.309846542905922,True,2023-08-15 18:00:00+00:00,2023-08-16 13:30:00+00:00,1215.571156557127,1256.7221076107,0.03325318155304473,0.03385318155304473,5,gap_through_target,0.03385318155304473,-0.0056368711295819995,False,True,MSFT,2023-08-15 17:30:00+00:00,1204,0.8932776171933274,4
0.010829164676828098,1.0,0.0,0.37711864122466165,1.1205720805133357,0.7663265456328466,0.0,0.20915970312900536,0.6859342804621671,0.5786826320610062,1.1467143807926463,1.279376528652036,0.0,172.4547090783779,0.12104708874673833,0.07007359914809526,0.8188819259493304,0.34500917769385286,0.42131736793899377,0.34500917769385286,1.0,0.0,0.01724547090783779,0.8950939835911724,1.1034690158356035,0.006745350701293187,1.4378221532319577,0.02141681447383892,0.061647382110913584,0.025233258082529186,0.0710522990989706,0.03144865767752503,0.05644643367685842,0.0,0.42131736793899377,1.0,2.7999873314020163,0.5546257338267233,0.23367345436715337,0.9041259239911986,True,2023-08-16 14:00:00+00:00,2023-08-16 18:00:00+00:00,1261.8754553795084,1291.2553281616056,0.022682704055180403,0.023282704055180403,9,target,0.02439596650323317,-0.0019692290418852343,False,False,MSFT,2023-08-16 13:30:00+00:00,1205,0.9349325896972781,4
0.007871749106645226,-0.3546048870425359,-0.9350162426854147,0.03767661991117103,0.2601685163543935,0.6369593734556616,0.0,0.24727586687250702,2.086909222744472,0.8739346150462196,0.7062470413326644,2.4910833490141395,0.0,0.0,0.5566608448410548,0.4103175198921967,4.05261118014911,0.5108939885018811,0.1260653849537804,0.5108939885018811,0.0,0.36929130567455637,0.0,0.2988657031030721,0.5827966508233751,0.005775601915565278,1.4853654368572107,0.00029666888545198944,0.02123222179967099,0.0014386044231740058,0.04968293290681847,0.008234292614936578,0.002645032195513597,0.0,0.12606538495378042,1.0,1.0934081786102792,2.8797804145164774,0.3630406265443385,1.67536371383247,True,2023-08-16 18:30:00+00:00,2023-08-17 15:00:00+00:00,205.33603662495346,205.19207561055683,-0.00130109960610365,-0.0007010996061036501,7,momentum_decay,0.0077123866132584595,-0.004188827135363837,False,False,AAPL,2023-08-16 18:00:00+00:00,1205,0.7905810894361027,4
0.014324937327409547,-0.970941817426052,0.23931566428755768,0.06576680701696846,0.15853709548819012,0.6073399047404028,0.0,0.1480604698495904,1.3917974086179274,0.8181494695669933,0.7207556589684231,1.2281131522043658,0.0,0.0,0.387540738249449,0.3383075260885136,2.3397752719954217,0.4254893743073961,0.1818505304330067,0.4254893743073961,0.0,0.3420805406263623,0.0,0.361653094221778,0.34208054062631243,0.010598736119612685,1.3241997127375709,0.0009429937882714512,0.06021766044814747,0.006932323435602017,0.05923904717262407,0.011571617509744003,0.04680907827901426,0.0,0.18185053043300667,1.0,0.8925498312422113,2.1592463564648936,0.3926600952595972,0.9328967648970304,True,2023-08-17 17:00:00+00:00,2023-08-17 17:30:00+00:00,453.3516734305466,444.5844571131687,-0.019938665392002907,-0.019338665392002907,2,stop,0.006820947791790655,-0.02342533396633173,False,False,TSLA,2023-08-17 16:30:00+00:00,1206,0.6117008927941767,4
0.01650350553776953,1.0,0.0,0.48295701852963535,0.9467529849674611,0.9181924905970823,0.0,0.09508879182492135,1.0672591701034968,0.5844987608285774,0.21098195749358462,0.9366017941259787,0.0,240.11604562921062,0.21643379790099415,0.019076965178748805,1.2098429656382523,0.5026912514256596,0.41550123917142257,0.5026912514256596,1.0,0.0,0.024011604562921063,1.1623479619284183,0.9605826154044366,0.010723263668175432,1.3482250720757358,0.03223904921317167,0.01836731591900853,0.04128801940992921,0.06559200293075529,0.027562469021448877,0.01663368128950604,0.0,0.4155012391714226,0.6097218028347576,2.437566321885944,0.19688872544888913,0.08180750940291774,0.8936574736441786,True,2023-08-18 14:00:00+00:00,2023-08-18 17:30:00+00:00,460.4583712945662,476.79660244779643,0.034882536906204395,0.0354825369062044,8,target,0.03598057106714436,-0.0077504471857666735,False,False,TSLA,2023-08-18 13:30:00+00:00,1207,0.9452487902319765,4
0.014922714943966919,-0.7485107481711013,-0.663122658240795,0.6391685226476347,2.1781908036073765,0.788309345093631,0.0,0.3163312931213717,3.1667427741828122,0.5722648814801286,0.680989855057381,1.8312476364930697,0.0,0.0,0.12676293534204072,0.06036604950812669,0.8429848543215391,0.3605742265737597,0.42773511851987134,0.3605742265737597,0.0,0.4436923918009173,0.0,1.494309199720155,1.857917954372838,0.009866475400531495,1.0707282119682509,0.009629981678545008,0.05940549301831277,0.014113470510101811,0.09571951468767703,0.009319197910407251,0.03111317891534182,0.0,0.4277351185198714,0.5754251724374254,0.7092978181624536,0.49491062515243917,0.21169065490636896,0.19501721281215018,True,2023-08-18 18:00:00+00:00,2023-08-21 13:30:00+00:00,474.78469498372095,471.47520817132505,-0.007570500202221896,-0.0069705002022218965,5,gap_through_stop,0.018081264431316857,-0.0069705002022218965,True,False,TSLA,2023-08-18 17:30:00+00:00,1207,0.6892335043097045,4
0.015515712036617392,1.0,0.0,0.523303671785029,0.9159056195430809,0.8634196239888419,0.0,0.17146817133326375,1.083969661985158,0.5831703825574441,0.5847462989406486,1.9043475512874573,0.0,-209.84958962036893,0.17982354317266358,0.03524933565446397,1.0713970117723595,0.4465900065462859,0.416829617442556,0.4465900065462859,1.0,0.20052696195977135,0.020984958962036893,1.2554378333184217,0.9273488749147026,0.006266174228809954,1.514009278727152,-0.012970845745038817,0.032307552251546356,-0.0042581710085113356,0.05126827118932886,0.0021697170584960013,0.0114410756010761,0.0,0.4168296174425559,1.0,0.076767830595947,0.3276647586827133,0.1365803760111582,1.5861613621541237,True,2023-08-21 14:00:00+00:00,2023-08-21 16:30:00+00:00,475.3346541848273,475.4297211156643,-0.000400000000000022,0.00019999999999997797,6,stop,0.017542171449105082,-0.013992844525983372,False,False,TSLA,2023-08-21 13:30:00+00:00,1208,0.835265203278337,4
0.006207569308680163,-0.9709418174260521,-0.23931566428755743,0.020749084208195656,0.449752671958999,0.28482646015960716,0.0,0.8328453165682085,1.2631772878560892,0.936153744414455,0.22904721339690437,1.2383794284420113,0.0,0.0,0.2666413571867309,0.7292822984609745,3.461130218821853,0.22098020457406214,0.06384625558554502,0.22098020457406214,0.0,0.44929040625224737,0.0,0.32498513840635157,0.8650828816745629,0.0024774300295386125,2.851173849712322,0.00012881797024610897,0.014702027411815699,0.0004153565138986792,0.011973456877339084,-0.003772846313682021,0.0030818812814097374,1.0,0.06384625558554505,-0.7431588462667057,-0.3602655799807468,11.20149542450881,0.7151735398403928,3.937304612377257,True,2023-08-21 17:30:00+00:00,2023-08-21 19:00:00+00:00,206.49116117730995,204.76072011454866,-0.008980218566718223,-0.008380218566718223,4,stop,0.005513139109730503,-0.013230133724147275,False,False,AAPL,2023-08-21 17:00:00+00:00,1208,0.8473571748509806,4
0.013735429393636344,1.0,0.0,0.6111958801799517,9.24590115713415,0.8114462793268368,0.0,0.27492201410001293,1.1831346772158777,0.5808147352430104,0.1904927687387068,1.0235754664026544,0.0,-9.867285418151406,0.1470094605000913,0.052925207132840664,0.9357700462041616,0.3922610145698473,0.4191852647569895,0.3922610145698473,1.0,0.2540598131924854,0.0009867285418151406,1.4580566913158906,3.9360809859446757,0.0047938811332639926,1.0963654392161903,0.0074710288864168195,0.007974250647786452,0.008393464370952008,0.028819779948516366,0.016043732823255885,0.012967541715597442,0.0,0.41918526475698953,1.0,0.8737390932093335,0.44980999220577517,0.18855372067316317,0.2325019190077425,True,2023-08-23 14:00:00+00:00,2023-08-23 16:00:00+00:00,489.0336943203381,484.04722087691806,-0.010796584614379778,-0.010196584614379778,5,momentum_decay,0.002920822328033257,-0.015859619242857725,False,False,TSLA,2023-08-23 13:30:00+00:00,1210,0.8518615986463659,4
0.01246885804559776,-0.9709418174260521,-0.23931566428755743,0.25088506843789404,0.7737643180629453,0.6431823682214117,0.0,0.5489129199457189,1.0621607933488728,0.6721351291890827,0.07470139633017783,0.8308017761982674,0.0,0.0,0.13858705136409424,0.16694598890021442,0.9617300463767411,0.3153174974104945,0.3278648708109173,0.3153174974104945,0.0,0.3334686748640776,0.0,0.7652087514510874,0.8403509506506114,0.004932221034658427,1.7145841765863024,0.0031380669630436397,0.006511354079297593,0.007222945232910005,0.016856087032012246,0.007750054388065752,0.004400973750410708,0.0,0.3278648708109173,0.1964449293996834,0.18550645602190285,1.0883069933531682,0.3568176317785883,1.6966520788428465,True,2023-08-23 17:30:00+00:00,2023-08-23 18:30:00+00:00,487.54346744345435,487.64097613694304,-0.000400000000000022,0.00019999999999997797,3,stop,0.017094540657889068,-0.00600581223857366,False,False,TSLA,2023-08-23 17:00:00+00:00,1210,0.8030021539133139,4
0.01322479051318583,0.120536680255323,0.992708874098054,0.6893317438222458,2.8384400272962296,0.9340544523475233,0.0,0.10701435069073525,1.5157540468769828,0.5752124919024497,0.3053747685358124,0.9008267665067312,0.0,0.0,0.21471036003495836,0.014607170880046207,1.198874577387313,0.5092669442499729,0.4247875080975504,0.5092669442499729,0.0,0.4509410113737702,0.0,1.622768397567718,2.2175849496441673,0.005081370144004974,1.2991857764688253,0.009200138836545912,0.027459605577666357,0.012481861757611679,0.03174560561044326,0.016671737857003155,0.015098521919543195,0.0,0.42478750809755034,0.730894375787901,0.8257570255701944,0.15524361332517836,0.06594554765247673,0.6847024896661722,True,2023-08-24 15:30:00+00:00,2023-08-24 19:30:00+00:00,497.07883078765894,497.17824655381645,-0.000400000000000022,0.00019999999999997797,9,stop,0.017984370082436918,-0.015033709522987104,False,False,TSLA,2023-08-24 15:00:00+00:00,1211,0.826578357894919,4
0.007531199735451665,-0.7485107481711012,0.6631226582407952,0.04846160267772193,0.2794848589593465,0.9317296571834688,0.0,2.810827452566945,0.7116145583012621,0.853379285206449,-0.5413938255431485,1.054376738176601,0.0,0.0,0.7951187888528783,0.0284626895905575,5.3546931856465765,0.7851089423899178,0.146620714793551,0.7851089423899178,0.0,0.5698848778653545,0.0,0.3305235740117499,0.5698848778647322,0.003741727722698075,1.465281406523359,0.0003651072639279107,-0.012042962407896152,0.0016736515895168225,0.0057246849704224445,-0.0067430271851502965,-0.017757209195104928,0.0,0.146620714793551,-0.3968477716600995,-0.27373369703041533,0.4656254944041632,0.06827034281653117,1.629020509829428,True,2023-08-30 16:30:00+00:00,2023-08-31 13:30:00+00:00,209.66154817517577,210.76312280825556,0.00465406133202555,0.00525406133202555,8,stop,0.013914941027795003,-0.005354434642219852,False,False,AAPL,2023-08-30 16:00:00+00:00,1215,0.6915060366942442,4
0.007555906305766816,1.0,0.0,0.8065348516412663,5.113545856428829,0.9104415702889497,0.0,0.16497719586451667,1.677140809071435,0.562169823279422,0.2557119323096179,0.9316426106469685,0.0,-58.26235991407414,0.18416065452310987,0.020215188565584376,1.0794399716984917,0.4726113935683717,0.437830176720578,0.4726113935683717,1.0,0.2974544970450491,0.0058262359914074136,1.8421180049359516,3.361858737833819,0.0026978080919161816,1.830069105429479,0.0002695081902692742,0.005292755126756754,0.001463330332557966,0.008692855028819668,0.002006795745127299,0.012580293506043061,0.0,0.437830176720578,0.6012530686107628,-0.04899168184815241,0.2045506099688899,0.08955842971105032,1.9937674020271559,True,2023-08-31 14:00:00+00:00,2023-08-31 17:30:00+00:00,212.29915198815087,215.74799386576572,0.015645198557398588,0.016245198557398588,8,target,0.018954893104179416,-0.007719881345898294,False,False,AAPL,2023-08-31 13:30:00+00:00,1216,0.8878812566260452,4
0.007746467286615387,-0.7485107481711013,-0.663122658240795,0.7101549953710965,1.9393736974545208,0.7557042819336189,0.0,0.40169630824135794,3.6176142690736923,0.5681119767016382,0.6372789271805656,1.1222078208683595,0.0,0.0,0.10729810777158717,0.07243060427232985,0.7497690168900137,0.3238162586352571,0.43188802329836185,0.3238162586352571,0.0,0.2999374884613236,0.0,1.6443035163318225,1.7179372961168626,0.002665248458022433,1.2694907189086764,0.005531622962491323,0.021016611035572286,0.008407877382874851,0.014158489456974621,0.01652236055986389,0.015794019112611135,0.0,0.43188802329836185,1.0,1.4128747118698743,0.5656459658234327,0.24429571806638106,0.6505870765123403,True,2023-08-31 18:00:00+00:00,2023-09-01 17:00:00+00:00,215.65220885224286,217.3031198453446,0.007055432800286688,0.007655432800286688,12,stop,0.01656387017989447,-0.0031466981171744957,False,False,AAPL,2023-08-31 17:30:00+00:00,1216,0.8810162202368595,4
0.011175480631060246,-0.7485107481711013,-0.663122658240795,0.050634249925159865,0.09012440086911933,0.7387079250548555,0.0,0.26213124650556396,2.8174583583429205,0.8722571499303724,0.7843611451511366,1.301422912595571,0.0,0.0,0.6443432693393273,0.23136705080277642,4.782773162255882,0.6109650749852279,0.1277428500696276,0.6109650749852279,0.0,0.28009454439281395,0.0,0.39637639130143976,0.2800945443927789,0.005124247513991339,1.320266726403674,0.0005661824604912269,0.038209407075367796,0.00689171051515669,0.07025692088445723,0.01337016879019104,0.026252937954708067,0.0,0.1277428500696276,0.8879723967934513,0.5629508305348909,2.0454536187490024,0.26129207494514456,1.0008500311882944,True,2023-09-01 18:00:00+00:00,2023-09-04 14:30:00+00:00,505.4637391627473,505.5648319105798,-0.000400000000000022,0.00019999999999997797,7,stop,0.013622002093093721,-0.011590010285352337,False,False,TSLA,2023-09-01 17:30:00+00:00,1217,0.7357391592687816,4
0.007460902587759312,-0.35460488704253545,0.9350162426854148,0.7823102801408007,1.408378119138496,0.5593638780985665,0.0,0.7788409218404457,2.152098345035784,0.5574010580359758,0.6761976331060483,0.7790616888029889,0.0,0.0,0.02741845798124114,0.16337761836899156,0.2638165731178301,0.11676493613454239,0.44259894196402405,0.11676493613454239,0.0,0.26213364453853744,0.0,1.7675376192028707,1.3450273630713143,0.003360204626873074,1.0784862862568694,0.005871008347454021,0.02444244065054857,0.010081665848604038,0.031394243960929824,0.013215754767606835,0.019592575867075857,0.0,0.4425989419640241,0.42403611757026255,0.8596837720233605,0.9955652400479276,0.44063612190143353,0.1808086740807037,True,2023-09-04 16:00:00+00:00,2023-09-05 13:30:00+00:00,1236.0273488375828,1236.2745543073504,-0.000400000000000022,0.00019999999999997797,9,stop,0.011638787673574624,-0.005109433705797861,False,False,MSFT,2023-09-04 15:30:00+00:00,1218,0.8441610713252624,4
0.0065637086060108,0.5680647467311559,0.8229838658936564,0.34557221607195837,16.360907572137585,0.7697318049374579,0.0,0.6110747031572392,0.7147629615422153,0.6263451931191155,-0.06155391760700717,1.2844532191227083,0.0,0.0,0.17034954344640635,0.07770293948678271,1.060007768567783,0.3960769980565734,0.3736548068808845,0.3960769980565734,0.0,0.2987542556306613,0.0,0.9248434911266152,3.347232654104236,0.0032871168901552985,1.5091601705798914,0.0022733919164905636,0.01031871379982352,0.0024126798424983775,0.022358388400365747,-0.006846855874598878,-0.0005792049007240507,0.0,0.3736548068808844,-0.195560531968336,-0.34497300772227457,0.6162591536949398,0.23026819506254212,1.2883925685596869,True,2023-09-05 15:00:00+00:00,2023-09-05 16:30:00+00:00,1236.3174221659083,1236.5646856503415,-0.000400000000000022,0.00019999999999997797,4,stop,0.007718055103871135,-0.0026071892285390863,False,False,MSFT,2023-09-05 14:30:00+00:00,1219,0.8103287485246576,4
0.007135378182589825,-0.7485107481711013,-0.663122658240795,0.1863407888603141,5.4721262728640525,0.4554663013444198,0.0,1.2049822818600622,0.9282698796679877,0.6989102959280775,-0.16107362064955572,0.9673848662793492,0.0,0.0,0.0544053981769504,0.3562919694073716,0.5127262579363924,0.1543765972724973,0.3010897040719225,0.1543765972724973,0.0,0.38318862505206175,0.0,0.6188879471474792,1.9686504993977803,0.0027117674671405106,1.1524043254869014,0.0013313822211373783,-0.010273815365697048,0.0015750679791268762,0.00881373375783312,-0.0022912366840105447,-0.0006449830058864459,0.0,0.3010897040719225,-0.5339619641686176,-0.4782482078321799,1.8085430730094127,0.5445336986555802,0.3565029267339418,True,2023-09-05 18:00:00+00:00,2023-09-06 13:30:00+00:00,221.2614028447683,222.13704135614483,0.003357484225076913,0.003957484225076913,5,stop,0.012255229105818888,-0.0027938822013987563,False,False,AAPL,2023-09-05 17:30:00+00:00,1219,0.8234939122756175,4
0.007738188797689032,0.5680647467311559,0.8229838658936564,0.4927508272078398,0.8294476125957643,0.6267430428317141,0.0,0.45206538275801855,1.6328909302788297,0.5931502799801767,0.34138211820724146,0.9549291572653995,0.0,0.0,0.06697473860390347,0.14150486457829228,0.5404779995938541,0.21989332281189086,0.4068497200198232,0.21989332281189086,0.0,0.2582695769335829,0.0,1.21113719135368,0.8575637410394753,0.003049872822369957,1.0950995632566967,0.0038275935412332984,0.01437148351637263,0.008481361527560072,0.016495838741362512,0.007678340906825287,0.01484709608458945,0.0,0.4068497200198233,0.45504057474432286,0.6488891874957501,0.9174320118732362,0.37325695716828583,0.20631773377553422,True,2023-09-06 15:00:00+00:00,2023-09-06 17:00:00+00:00,224.2479324422352,221.90531410995047,-0.011046554876880176,-0.010446554876880176,5,stop,0.004711443963709261,-0.01343850514149536,False,False,AAPL,2023-09-06 14:30:00+00:00,1220,0.8436619298400452,4
0.006772335941953533,-0.3546048870425359,-0.9350162426854147,0.8903689143267082,3.2724154565672627,0.6293967520428861,0.0,0.9060602402032104,1.3672683100159972,0.5557202142806312,-0.03839344295453439,0.9427784343048924,0.0,0.0,0.048579060110589815,0.12591656940751753,0.41666754210695206,0.18511696632351726,0.4442797857193689,0.18511696632351726,0.0,0.3794507897290566,0.0,2.0040725302976385,2.6043172858143824,0.0027791152319566565,1.510274188503056,0.006066457394434233,0.00926626660150398,0.007934983783162375,0.005247728082205638,0.001996920587268969,0.0007106964159677709,0.0,0.4442797857193688,0.5890408722482988,0.9282162165453158,0.8341663516313071,0.3706032479571139,1.0166757468849081,True,2023-09-06 18:30:00+00:00,2023-09-07 15:30:00+00:00,1252.2974567358867,1240.848134982923,-0.009742653521637234,-0.009142653521637234,8,stop,0.00596109308438475,-0.009740833177703134,False,False,MSFT,2023-09-06 18:00:00+00:00,1220,0.8601490029790326,4
0.006503009686732992,-0.9709418174260521,-0.23931566428755743,0.2554233229865767,1.603675768690311,0.757652886148146,0.0,0.18923159799052633,1.791526318819309,0.6728817713659756,0.024936170019382507,-0.04569190070513192,0.0,0.0,0.22366146334684367,0.09462761906276913,1.3161438887425323,0.4305346575141216,0.3271182286340244,0.4305346575141216,0.0,0.7535310689038036,0.0,0.7808287665691079,1.3270852938467002,0.0047817059986648095,1.4051653329333869,0.0016637839225419615,0.0017009498178004456,0.0027040708338268438,0.0009869504020378894,0.00651809383360491,-0.0063827321517647695,0.0,0.3271182286340244,1.0,0.7004909528778074,0.7408548122285514,0.24234711385185398,1.6489507810392012,True,2023-09-08 17:30:00+00:00,2023-09-08 19:00:00+00:00,221.90841482510234,225.01102085312903,0.013381470826475828,0.013981470826475828,4,target,0.0148485916659582,-0.004312640338179907,False,False,AAPL,2023-09-08 17:00:00+00:00,1222,0.7898092397282871,4
0.009925800627779712,-0.35460488704253545,0.9350162426854148,0.7201639438776114,1.6090496023293295,0.7977390147352112,0.0,1.1163435870115694,1.692185655855251,0.5537453590356036,-0.274066976011302,0.03538317500291062,0.0,0.0,0.11597728916886231,0.05425486191211929,0.7876318619589128,0.3514843737708148,0.4462546409643965,0.3514843737708148,0.0,0.40785416329521024,0.0,1.6137959760402094,1.5090672501836442,0.0058847333208631915,1.4198019435628908,0.007199668422892991,0.006975492454290411,0.011726624097573968,0.0013420739962430872,0.002965013969133956,-0.005868329024030006,0.0,0.44625464096439643,0.2561332075520575,0.502484668710094,0.4532411916827516,0.20226098526478875,1.622751348084995,True,2023-09-11 16:00:00+00:00,2023-09-12 13:30:00+00:00,222.41214564616092,223.93233587012801,0.006235014425810915,0.006835014425810915,9,stop,0.0182496851477576,-0.004438080169319125,False,False,AAPL,2023-09-11 15:30:00+00:00,1223,0.7669604185571964,4
0.013843716739947888,1.0,0.0,0.8569209700673529,1.3957732847067885,0.8638540664222936,0.0,0.2647066813413413,1.6795796765781026,0.559261954095932,0.25112119801622634,0.46538659723754516,0.0,63.28768501483451,0.1546013673474564,0.03322053574698538,0.9600170088566624,0.42311602051822567,0.44073804590406795,0.42311602051822567,1.0,0.20978341683691284,0.0063287685014834505,1.9442863579194438,1.3342112561790775,0.007183509889380989,1.1532831345604675,0.018410138623493166,0.009714697107823689,0.02730213957473593,0.021394243888684272,0.030687085432260064,0.01862508692921172,0.0,0.44073804590406795,0.793327142227092,1.9620444903894168,0.3089044271147789,0.1361459335777064,0.3177066601482398,True,2023-09-13 14:00:00+00:00,2023-09-13 19:30:00+00:00,495.67228424632646,495.1176812504001,-0.0017188904716946667,-0.0011188904716946668,12,momentum_decay,0.012295804428047008,-0.013985806029497838,False,False,TSLA,2023-09-13 13:30:00+00:00,1225,0.9007529081691471,4
0.02447644722082855,0.5680647467311559,0.8229838658936564,0.12588966697822163,0.16120001647141377,0.6536441148378779,0.0,0.17093344393818122,1.7371720729131293,0.7449145934555921,2.6652487834320384,2.416940710774475,0.0,0.0,0.25359067079424247,0.20277547482139527,1.5624520182964048,0.3985587082934699,0.25508540654440803,0.3985587082934699,0.0,0.19762053817300773,0.0,0.49351967516928646,0.27545283978005775,0.04603253617216139,1.2888493667053487,0.003090855741493037,0.20383279220896466,0.022700150461635538,0.2613606686823935,0.1974029648819502,0.20274373754864206,0.0,0.255085406544408,1.0,8.078673070227259,1.3578036072465416,0.3463558851621221,0.7743935788880973,True,2023-09-18 15:00:00+00:00,2023-09-18 19:00:00+00:00,644.6653598727495,657.532870320317,0.019359984277901022,0.01995998427790102,9,stop,0.048107898581853936,-0.01032432827563945,False,False,TSLA,2023-09-18 14:30:00+00:00,1228,0.6148325364266422,4
0.006269609588739532,-0.7485107481711012,0.6631226582407952,0.037282327430664196,0.09478067142647752,0.38617826147863543,0.0,0.8420031383304531,0.7101456451383776,0.8950426040571318,-0.10187421039655557,0.4403251031998913,0.0,0.0,0.30870578647512253,0.6433379482527981,2.679381124161732,0.28122086553576725,0.10495739594286813,0.28122086553576725,0.0,0.3331640653071569,0.0,0.35521391413863024,0.3331640653069383,0.002884530814177244,1.1270841588483247,0.00023380028734698577,-0.0011456692304113725,0.0027072290439356106,0.0029304262707345874,0.002680289910024891,-0.007005997080022808,0.0,0.10495739594286818,1.0,0.5417088737377083,5.848294281652813,0.6138217385213646,0.33176610676582563,True,2023-09-19 16:30:00+00:00,2023-09-19 19:30:00+00:00,227.9837243064032,227.6652493199335,-0.0019969198346881482,-0.0013969198346881484,7,momentum_decay,0.004840585442391188,-0.003273484624564782,False,False,AAPL,2023-09-19 16:00:00+00:00,1229,0.8126587733858169,4
0.007473670188785604,0.120536680255323,0.992708874098054,0.8051519819807458,1.0168526135086715,0.7749257646775645,0.0,0.4145761506661281,2.5581704528957947,0.5628813515406452,0.6892327051380448,0.6932945518158122,0.0,0.0,0.11236347596987313,0.06397445040798083,0.772804174355373,0.3378071162182097,0.4371186484593548,0.3378071162182097,0.0,0.3233411125986749,0.0,1.841952945312541,1.015444869002853,0.0034531540074031765,1.074775330877483,0.006053869161831038,0.022546319553855776,0.01207932034854653,0.018061540436291157,0.02121207796490565,0.02198917665107114,0.0,0.4371186484593548,0.9573503396984373,1.7383806418661516,0.5149042167740026,0.22507423532243553,0.20083794657628068,True,2023-09-20 15:30:00+00:00,2023-09-20 17:00:00+00:00,232.4945023384076,236.2303148854513,0.015468390905889185,0.016068390905889185,4,target,0.022185585863256918,-0.00417686444764287,False,False,AAPL,2023-09-20 15:00:00+00:00,1230,0.8633805780862689,4
0.013963747328489732,-0.970941817426052,0.23931566428755768,0.28225943544394744,0.32286539034513745,0.6154531930387395,0.0,0.5710581256818399,1.4045375494300258,0.6468917540980377,-0.31671558787304427,1.2507168749759185,0.0,0.0,0.09859848324694127,0.17322279120662232,0.7429589939667262,0.2623449471367772,0.3531082459019622,0.2623449471367772,0.0,0.404615524813049,0.0,0.7993566809037774,0.40461552481302704,0.005574584775660066,1.1814962355118772,0.003956995537607977,-0.025129075583780525,0.01641403152654708,0.018396901632016238,0.004682155204841276,-0.015293801827195974,0.0,0.35310824590196227,0.5174639939662219,0.8133111436490348,1.0890337776702061,0.38454680696126053,0.5743414654486857,True,2023-09-21 17:00:00+00:00,2023-09-22 13:30:00+00:00,666.0409641293257,695.4232543220432,0.04351483943953387,0.04411483943953387,7,gap_through_target,0.04411483943953387,-0.007370967510991422,False,True,TSLA,2023-09-21 16:30:00+00:00,1231,0.8385745503481692,4
0.008279303276349681,1.0,0.0,0.2640678176936256,0.7280065521856989,0.7995633086061876,0.0,0.14831518907695618,0.591645084890801,0.6431324396948208,0.9760139013203954,2.500806090823765,0.0,154.13861916718562,0.21263281896897274,0.06710295893409415,1.2405043146023564,0.44269574830100844,0.3568675603051792,0.44269574830100844,1.0,0.0,0.015413861916718563,0.7399602739677572,0.7929661484497444,0.0049791446144041044,2.237644148336415,0.017638722961692554,0.043804196318476984,0.020758262597658117,0.07858645295742517,0.018029927623361308,0.03230858756600252,1.0,0.35686756030517924,0.8931478667463324,2.7128991847463664,0.5616556775909717,0.20043669139381232,2.2862420681486437,True,2023-09-22 14:00:00+00:00,2023-09-22 17:00:00+00:00,247.83771150715378,247.8872790494552,-0.000400000000000022,0.00019999999999997797,7,stop,0.01034739746547464,-0.01318643602745928,False,False,AAPL,2023-09-22 13:30:00+00:00,1232,0.9412898377957468,4
0.008645006369755757,-0.7485107481711013,-0.663122658240795,1.4238720800748725,2.6173761031862655,0.9139920504908158,0.0,0.25930444183002627,2.7555848016617848,0.5277199375902248,0.23213066989610281,0.15680202442919347,0.0,0.0,0.1503710527917034,0.01788461238179754,0.9352755350865462,0.44171198808104056,0.47228006240977527,0.44171198808104056,0.0,0.4185310128381959,0.0,3.014889243491811,2.389309201290949,0.004495928831586541,1.948104728957374,0.012462792490496755,0.01514938449637393,0.01730675932630099,0.009457169849945268,0.01510946697716653,0.014864143814540043,0.0,0.4722800624097752,0.5041271129144846,1.5847676457124726,0.18211217528499687,0.08600794950918421,2.1616033012978946,True,2023-09-22 18:00:00+00:00,2023-09-22 18:30:00+00:00,1172.3046015787386,1172.5390624990544,-0.000400000000000022,0.00019999999999997797,2,ambiguous_stop_first,0.027043718235325365,-0.006234047438470225,False,False,MSFT,2023-09-22 17:30:00+00:00,1232,0.9055792721531333,4
0.011809157198353841,1.0,0.0,0.16246786515633033,0.20291079041489277,0.7775925372935271,0.0,0.10118135006420466,0.3537554979755617,0.6428782019825994,1.3994691402383064,1.2903305342436902,0.0,28.877885184446228,0.19619094027252817,0.077342073371734,1.1773874952753804,0.4204707392761265,0.3571217980174006,0.4204707392761265,1.0,0.09078386671918082,0.002887788518444623,0.45493684803976636,0.26356254499506304,0.005498395622438008,2.8716684155956584,0.004815636398970202,0.06125910254766165,0.014453925452377892,0.06653131618585761,0.03671464306546768,0.05777812089368051,1.0,0.3571217980174006,1.0,1.9105840451018308,0.6227776180034287,0.2224074627064729,3.482239948484117,True,2023-09-25 14:00:00+00:00,2023-09-25 18:00:00+00:00,1225.8970197801184,1257.0221626036086,0.024789687976460573,0.025389687976460573,9,target,0.02690111261926531,-0.0045817648198132055,False,False,MSFT,2023-09-25 13:30:00+00:00,1233,0.9335608158518264,4
0.006220725575269487,1.0,0.0,0.21807322318506406,0.4501170656050987,0.6520640583157844,0.0,0.23771755139674902,0.445504625208679,0.6808165328172524,0.35204342575850983,3.278001639248987,0.0,-32.72330054828521,0.15432887395715578,0.16503319985584788,1.0429130119770702,0.3328805911330368,0.3191834671827476,0.3328805911330368,1.0,0.5620812376696784,0.0032723300548285206,0.683222176605428,0.5620812376696199,0.0026766004184603513,1.4509951199221338,-0.0019183587730938756,0.008305893944390741,0.001092971472511639,0.036323376355519965,0.002069260841149001,0.0006952114369334073,0.0,0.31918346718274765,0.9597824889702296,0.1595634938785932,1.0900813402243164,0.34793594168421554,1.21701488456345,True,2023-09-27 14:00:00+00:00,2023-09-27 17:30:00+00:00,1270.425738602702,1264.5503920462402,-0.005224706803346035,-0.004624706803346035,8,momentum_decay,0.00578200824483055,-0.006390153389026265,False,False,MSFT,2023-09-27 13:30:00+00:00,1235,0.869959385612901,4
0.007022123877830157,-0.3546048870425359,-0.9350162426854147,1.2173446763507145,3.762010749325273,0.6054095505174392,0.0,1.0566994985056242,1.7071891645093191,0.5454217744063079,0.09362002550455709,-0.07482603878191556,0.0,0.0,0.036521062331926805,0.1340118253873532,0.33180499291774157,0.1508313249237471,0.4545782255936921,0.1508313249237471,0.0,0.3048840671655468,0.0,2.677965216571532,2.9930396476477346,0.0033028142154919726,1.1259116323104883,0.008622049373028462,0.011447784843849229,0.010938992755022081,0.014529103191149195,0.004214142986009861,0.007820278034297523,0.0,0.4545782255936921,0.7216893690897778,1.4818718424357438,0.8680364066427172,0.3945904494825608,0.22625433057984543,True,2023-09-28 18:30:00+00:00,2023-09-29 14:00:00+00:00,243.20164519689885,240.89612588908147,-0.010079867235070771,-0.009479867235070771,5,stop,0.007399493679964841,-0.01194906598064105,False,False,AAPL,2023-09-28 18:00:00+00:00,1236,0.8149828119539632,4
0.00690227636659651,-0.7485107481711013,-0.663122658240795,0.6629542337342229,4.895819280003676,0.6361129871962331,0.0,0.6450556258694368,1.1278231973904038,0.5799330498088402,-0.028856601779998017,-0.09184294474443196,0.0,0.0,0.06324390211524088,0.13127898393775925,0.5143133419721839,0.21604603700507327,0.4200669501911598,0.21604603700507327,0.0,0.3322396661046646,0.0,1.5782108862230946,3.009875406279248,0.003944615429977637,1.057980543196386,0.004596928393658217,0.0043886691596890515,0.005541080961732225,0.005768539886400026,0.003829232167025687,0.002304370036686265,0.0,0.4200669501911598,0.8951195594453009,0.7783847633785095,0.8662595632382992,0.3638870128037669,0.13632471045367694,True,2023-09-29 18:00:00+00:00,2023-09-29 19:00:00+00:00,242.18088124149241,245.77481989351696,0.014239894188182434,0.014839894188182434,3,target,0.01591471297861813,-0.0011267386974400662,False,False,AAPL,2023-09-29 17:30:00+00:00,1237,0.8144693315686904,4
0.007270328703953128,0.8854560256532099,0.4647231720437685,0.38262306371819527,0.3945302501468794,0.806920639573505,0.0,0.1884346555097938,2.1532819915732446,0.6079457028365172,-0.14505263673073693,0.148957470989667,0.0,0.0,0.17303595195271876,0.058396692699215165,1.0581859334573227,0.4148663424100222,0.3920542971634827,0.4148663424100222,0.0,0.3331600685784607,0.0,0.9759440630710527,0.45478647554063617,0.002766194353170784,1.084405303425814,0.0027895554154875324,0.0008835467735215374,0.004317032116489816,0.007632188586555344,0.0007891759885467753,-0.005583207889159447,0.0,0.3920542971634828,0.4582821804091836,0.09244475195728982,0.4924811737133529,0.19307936042649504,0.27361301420970985,True,2023-10-09 14:30:00+00:00,2023-10-09 15:30:00+00:00,1168.7839883291829,1157.3124392274378,-0.010414943750336646,-0.009814943750336647,3,stop,0.0015291672643837906,-0.01625051805073574,False,False,MSFT,2023-10-09 14:00:00+00:00,1243,0.8669422072989548,4
0.00924454442224593,-0.7485107481711013,-0.663122658240795,0.7913954110396203,0.8100123019570931,0.6582104765641178,0.0,0.5965097940963368,2.578965205056176,0.5465444774492814,0.23064870942072874,-0.005834077084378014,0.0,0.0,0.054146297981289594,0.10920166976005295,0.45154363290497485,0.20475495401339905,0.45345552255071875,0.20475495401339905,0.0,0.21924999955880045,0.0,1.7452547641011547,0.8257901556582362,0.004400651272349405,1.772203230714304,0.0073700096873332566,0.001324380741059672,0.016619867066676175,0.014498014743672627,0.01960758127465434,0.010549783952189529,0.0,0.4534555225507187,1.0,2.4060665903450755,0.7537443176637322,0.34178952343588226,2.104710406692061,True,2023-10-09 18:00:00+00:00,2023-10-09 19:30:00+00:00,1177.828788218143,1201.239042910281,0.01927577050782874,0.01987577050782874,4,target,0.023183097170710543,-0.0029466646393010443,False,False,MSFT,2023-10-09 17:30:00+00:00,1243,0.8957559113395017,4
0.009460063380867901,1.0,0.0,0.1293836693195866,0.20251752337136922,0.7023884965846244,0.0,0.1253773221176039,0.2959011589853765,0.6928785230595267,1.0066454659792972,0.9012374554210505,0.0,-13.402354674943995,0.20878227563373072,0.13534400561842314,1.2870054663109536,0.3952670196441511,0.3071214769404733,0.3952670196441511,1.0,0.29303409613224585,0.0013402354674943995,0.42127848110298044,0.2930340961322279,0.004533152160030075,3.012144089063127,-0.00011640022656478344,0.03200818986201481,0.005962741139442951,0.030876898127890406,0.017990267526315273,0.04181174995657244,1.0,0.3071214769404733,1.0,0.9414924107166736,0.9690351400363216,0.2976115034153756,3.0966169423207504,True,2023-10-10 14:00:00+00:00,2023-10-10 17:30:00+00:00,1202.839261359819,1227.3039730061585,0.019739136268866076,0.020339136268866076,8,target,0.02384945796699256,-0.005675110193748889,False,False,MSFT,2023-10-10 13:30:00+00:00,1244,0.9397996115436006,4
0.014059055265599276,1.0,0.0,0.15966367076073543,0.21573893367974512,0.5425795356361462,0.0,0.2531114556003491,0.30023382586264274,0.7114574279216767,0.20920777704121218,-0.11301545820855431,0.0,23.41810698110347,0.11328648112378867,0.2804469123937513,0.880414150771138,0.2540369635578229,0.28854257207832334,0.2540369635578229,1.0,0.32407079398110794,0.002341810698110347,0.5533452814629918,0.3240707939810882,0.005737100158943317,1.389328435576974,0.004596849711434148,0.020397609635133485,0.015208446864001912,-0.016058609769360688,0.005683067874673764,0.026451216686821155,0.0,0.28854257207832334,1.0,1.1096707757914632,1.585278945386924,0.45742046436385375,0.9632891056058046,True,2023-10-11 14:00:00+00:00,2023-10-11 15:30:00+00:00,681.9538946448207,688.2227636106468,0.008592511422038363,0.009192511422038363,4,stop,0.025454108966995515,-0.006323248399528136,False,False,TSLA,2023-10-11 13:30:00+00:00,1245,0.7657798642601038,4
0.010085511411612553,-0.970941817426052,0.23931566428755768,0.3037102507608114,1.532673691783983,0.5646441229880105,0.0,1.6723418096531222,0.8378976321393125,0.674533863739889,0.13790515458756958,0.9162605477930078,0.0,0.0,0.09329808134218265,0.2288253713537503,0.7348782563868257,0.23917798672789942,0.3254661362601111,0.23917798672789942,0.0,0.5373755773620893,0.0,0.9331546877678466,1.2930643677691342,0.00502152964450586,1.341776344588944,0.0030724844446312627,0.00752634197599189,0.005087339421538717,0.0455882416772353,0.004359956369104578,0.0075239883306157385,0.0,0.32546613626011106,0.7542270035871299,0.4271596679397982,1.3376380167055268,0.4353558770119895,0.7081833276265619,True,2023-10-12 17:00:00+00:00,2023-10-12 18:30:00+00:00,697.5589764425512,712.684740329497,0.021083849534966937,0.021683849534966937,4,target,0.02749040807863956,-0.002418907038361784,False,False,TSLA,2023-10-12 16:30:00+00:00,1246,0.7036131009127856,4
0.011348488306014422,1.0,0.0,0.4366910513066303,0.7803628722806529,0.4817376793477358,0.0,0.6020367222807125,0.5596080631688899,0.6240752278351479,0.509083109952566,1.1184265346750346,0.0,-95.1263977702066,0.028207461686664385,0.2564441380470325,0.28147362189914965,0.10581290718288372,0.3759247721648521,0.10581290718288372,1.0,0.6477561646241643,0.00951263977702066,1.1616447854496024,0.8252039883536931,0.0050648298204958335,1.5344024290567013,-0.004579551753980171,0.010781864307016997,0.0017530611928286977,0.038294711442084406,0.00835702473380806,0.018185813109383275,0.0,0.3759247721648521,0.5438442686257495,-0.14371596224391428,1.3786330644495168,0.5182623206522642,1.5334296378889825,True,2023-10-13 14:00:00+00:00,2023-10-13 17:30:00+00:00,708.0691222570497,725.3454776876854,0.02379924985793107,0.02439924985793107,8,target,0.030958275564272553,-0.01054627850559453,False,False,TSLA,2023-10-13 13:30:00+00:00,1247,0.792154028647717,4
0.01103709236823631,0.5680647467311559,0.8229838658936564,0.3864660011029311,9.420666973879115,0.41234348465358833,0.0,0.7295811254733287,0.8814312323502695,0.6387570818982706,-0.2573013951127813,0.8826683255374712,0.0,0.0,0.01241938194594858,0.32866909919811027,0.1414576286238825,0.051100566551858934,0.36124291810172937,0.051100566551858934,0.0,0.22438386951147496,0.0,1.0698230518503857,2.8181555685188138,0.0062216489092329795,1.4062396406082562,0.00428373304739571,0.00465609311827242,0.0047406052143597055,0.02104631984786076,-0.011151445412150962,-0.0005449246541531227,0.0,0.36124291810172937,-0.20977312571842138,-0.4906865368047432,1.6267627291747428,0.5876565153464117,1.279054557423598,True,2023-10-16 15:00:00+00:00,2023-10-16 16:00:00+00:00,709.1481706900685,698.5818099754612,-0.015500074697118959,-0.014900074697118959,3,stop,0.0064122150432270875,-0.017857814821108264,False,False,TSLA,2023-10-16 14:30:00+00:00,1248,0.6588719768882895,4
0.007385848732230872,1.0,0.0,0.05605323381397205,0.12449648273777421,0.8005541317016212,0.0,0.06986384211583607,0.2804259017224119,0.8399803739619178,0.3859465283440409,-0.03503530016522366,0.0,61.34820711114486,0.6724497589234861,0.12544601942829714,4.002849659855778,0.640534505663539,0.16001962603808217,0.640534505663539,1.0,0.0,0.006134820711114486,0.35028974383824796,0.3084419660923035,0.0036535775157444245,3.9272410344769093,0.0065515337566168785,0.012199360252858504,0.009931965201053439,0.008318116679324694,0.014446078916483529,0.020093505140540646,1.0,0.1600196260380822,0.571609858665255,1.2055002145253078,1.2463837920031833,0.19944586829837888,4.417977837318515,True,2023-10-18 14:00:00+00:00,2023-10-18 16:00:00+00:00,229.11883036427153,227.3310380711858,-0.008402904240753028,-0.007802904240753028,5,momentum_decay,0.005064373467982053,-0.009039182428410841,False,False,AAPL,2023-10-18 13:30:00+00:00,1250,0.9727932624677605,4
0.008525606729352849,-0.9709418174260521,-0.23931566428755743,0.06719501716817779,0.14448441411128507,0.5652406419481371,0.0,0.14811792258177253,2.8544664125656567,0.8027675380594628,0.612798758429805,0.7604594020763569,0.0,0.0,0.2822155924972946,0.37277823506559443,1.8658600941450951,0.3680081800075999,0.19723246194053712,0.3680081800075999,0.0,0.2050451686138553,0.0,0.3406894408103882,0.30024320969742485,0.00365584646375181,1.8637865792466262,0.0005732066682042625,0.02758526689518015,0.004558547659210044,0.024197302291411482,0.010641510754721528,0.0144243680607814,0.0,0.19723246194053717,1.0,1.0228055409552355,2.204299199893757,0.43475935805186294,2.5032977328334485,True,2023-10-24 17:30:00+00:00,2023-10-24 19:30:00+00:00,232.72299201988923,233.2409755832638,0.0016257515636026072,0.002225751563602607,5,momentum_decay,0.005804050004780459,-0.0035815917006105646,False,False,AAPL,2023-10-24 17:00:00+00:00,1254,0.8277346809168238,4
0.008079611077446442,0.8854560256532099,0.4647231720437685,0.5287346203056192,0.7107670809775888,0.6703334391403576,0.0,0.41974463681524227,1.8197322523217105,0.5847329337996852,0.3396161768378956,1.1128035653321764,0.0,0.0,0.08025145253203665,0.11526601729018507,0.6142224936680863,0.25506637294004275,0.41526706620031484,0.25506637294004275,0.0,0.32815330846026997,0.0,1.2732399540939525,0.7484677467354668,0.003200774472024589,1.1099329974832963,0.004290298120521285,0.021887412224417035,0.003582774158738644,0.026445760179073075,0.0028199394990915394,0.0063930408123671345,0.0,0.4152670662003149,0.8717990061457885,0.3723842347385431,0.7938663758620567,0.32966656085964235,0.30208446147075624,True,2023-10-25 14:30:00+00:00,2023-10-25 17:30:00+00:00,234.0766253233425,235.14889508203333,0.003980849357383121,0.004580849357383121,7,stop,0.013872402096446468,-0.004173207371278687,False,False,AAPL,2023-10-25 14:00:00+00:00,1255,0.823819865153813,4
0.008447754425550985,-0.35460488704253545,0.9350162426854148,0.27635930878864495,6.295424519354764,0.86805522507536,0.0,0.8885318712215265,1.1502978625041116,0.6364883170127809,0.2989278152415829,1.2564891639881106,0.0,0.0,0.25562116848676303,0.03815474000442223,1.3879706367098277,0.5045435420881408,0.36351168298721925,0.5045435420881408,0.0,0.3887733420979713,0.0,0.7602487670206779,2.572192822177386,0.0041348811197629435,1.061105196189909,0.0023400787581744353,0.008090476020289783,0.002712798169280717,0.030734605869209064,0.0036811630172783882,0.01000394867009069,0.0,0.3635116829872192,-0.43002432247476785,-0.4616908668173216,0.36297258409997596,0.13194477492463996,0.16758693795354102,True,2023-10-26 16:00:00+00:00,2023-10-26 19:00:00+00:00,237.71163158470958,242.02910998331762,0.0175626720149346,0.0181626720149346,7,target,0.024285139804801403,-0.007034980764034415,False,False,AAPL,2023-10-26 15:30:00+00:00,1256,0.812981616435007,4
0.00685431292672012,1.0,0.0,0.2513128953293322,0.8075041601485244,0.5780251116282564,0.0,0.3066484121668394,0.4200498360395657,0.6541715960515823,0.8005924728194734,1.8110663033584575,0.0,-50.90739759377016,0.084627698865775,0.20428964097492558,0.6714217369905661,0.23219670767983866,0.34582840394841774,0.23219670767983866,1.0,0.1774081620214991,0.0050907397593770165,0.726698248206405,0.8578964157984394,0.0035948526134027643,1.3786462568730937,-0.003373974463845908,0.015240768637078128,-0.0012506191170240655,0.041125938161437725,0.007246383513201948,0.009021767681619108,0.0,0.34582840394841774,1.0,0.5286713505478834,1.2201857440098274,0.4219748883717436,1.2181498022941593,True,2023-10-27 14:00:00+00:00,2023-10-27 18:00:00+00:00,1153.463977133081,1144.7085585641464,-0.00819054356486799,-0.007590543564867991,9,momentum_decay,0.005535234692833901,-0.008935044968731654,False,False,MSFT,2023-10-27 13:30:00+00:00,1257,0.8393919947479778,4
0.008037306463080958,1.0,0.0,0.11648126939845842,0.9934060939929551,0.7163861780349224,0.0,0.128103208526162,0.3235786158594486,0.7421165450770588,-0.10509488827690042,1.094355717797998,0.0,34.21734965454837,0.3150768513063795,0.14731638352753573,1.7779454802440309,0.4585027231119813,0.2578834549229412,0.4585027231119813,1.0,0.0,0.003421734965454837,0.4516818243856106,0.9986889373666896,0.004094043199531979,1.6859658236017705,0.004362014323694874,-0.009213938593201187,0.0053135643482289385,0.02225349580325431,0.009590807766201914,-0.006571823588805259,0.0,0.2578834549229411,0.23427656523004065,0.4931774806944876,1.0997751757613674,0.28361382196507756,1.6901640322062528,True,2023-10-30 14:00:00+00:00,2023-10-30 15:00:00+00:00,242.11029890214382,242.15872096192425,-0.000400000000000022,0.00019999999999997797,3,stop,0.009789036010891872,-0.02221047290089262,False,False,AAPL,2023-10-30 13:30:00+00:00,1258,0.8997760037971951,4
0.01441217828328495,1.0,0.0,0.573683251209559,1.6228022901205519,0.7498183778997488,0.0,0.3432662457769719,1.0288019457044166,0.5818843008158603,0.4979799027432583,1.7690373106119057,0.0,248.83049436617011,0.1153782560619556,0.07756111348399582,0.7933274913207016,0.33170267871560905,0.4181156991841397,0.33170267871560905,1.0,0.0,0.02488304943661701,1.3720681914813886,1.4809224798185154,0.009803574138149015,1.7678071741628838,0.033427453764441006,0.0373744106179843,0.03889747319946979,0.060863639788083956,0.03557164437831428,0.03327819579334412,0.0,0.41811569918413977,0.9176524242777367,3.0000855938143793,0.5983550069714778,0.2501816221002512,1.9730668835678407,True,2023-10-31 14:00:00+00:00,2023-10-31 16:30:00+00:00,738.6950421579141,739.5862197957697,0.0006064215772347176,0.0012064215772347175,6,momentum_decay,0.01510554733945857,-0.007537091042316479,False,False,TSLA,2023-10-31 13:30:00+00:00,1259,0.9440104521425846,4
0.015232393786393583,1.0,0.0,0.41833970546181815,1.290705946467411,0.8812073737021691,0.0,0.12480433055808689,0.9258023817237317,0.6018113147657093,-0.21845787028216543,1.454410983351541,0.0,-29.27895697259375,0.21443330326682272,0.030939586615487284,1.2130397130284376,0.4830186884678783,0.39818868523429074,0.4830186884678783,1.0,0.8207213126599068,0.002927895697259375,1.0506067122818186,1.218440394534118,0.006580192338385138,2.3143131743153122,0.003466509121341499,-0.007566490715467222,0.008462626397520934,0.029525126771579924,-0.016280809219107795,-0.012685894983909818,1.0,0.39818868523429074,0.2458716371758742,0.10154122379097834,0.29833250090446184,0.11879262629783095,3.441866892459924,True,2023-11-01 14:00:00+00:00,2023-11-01 16:00:00+00:00,733.1057129798646,730.050389778716,-0.0047676434203870015,-0.004167643420387002,5,momentum_decay,0.014882754639542695,-0.01036378728345666,False,False,TSLA,2023-11-01 13:30:00+00:00,1260,0.7828548313576323,4
0.00836783186611425,0.120536680255323,0.992708874098054,0.19179465027568654,0.1746745360077158,0.6826989426705425,0.0,0.38553251867540256,1.9874743754017128,0.6618440260060237,0.8563172624992188,-0.14872331670988254,0.0,0.0,0.15345814912331576,0.1356853877659775,1.018887718016518,0.34454296867656625,0.33815597399397634,0.34454296867656625,0.0,0.23901239574117084,0.0,0.5671780628636861,0.23901239574116015,0.005093334379249017,2.7120257731502213,0.001607485248060092,0.02030080299773296,0.010910638273523787,0.01096835816617081,0.026652974173428712,0.027216367626508253,1.0,0.33815597399397634,1.0,1.5911051631915079,0.9383275225974094,0.3173010573294574,3.6798609384020295,True,2023-11-03 15:30:00+00:00,2023-11-03 16:30:00+00:00,1125.8855156541085,1146.1411401494054,0.01739083851214567,0.017990838512145668,3,target,0.019068613645926158,-0.0058496261011250494,False,False,MSFT,2023-11-03 15:00:00+00:00,1262,0.903431642765735,4
0.008652927230676746,-0.9709418174260521,-0.23931566428755743,0.025484790393298023,0.06665553983307887,0.5905060320594668,0.0,0.17925518950436423,3.8755345196414206,0.8886650495566778,1.2388889108526677,0.8511301724206698,0.0,0.0,0.5247620722436432,0.4628424565661397,4.303869357342388,0.47917108161614463,0.1113349504433222,0.47917108161614463,0.0,0.24315461614961625,0.0,0.22890197814631155,0.24315461614959022,0.004389350200602183,1.064469497673353,0.00022056667569247956,0.04715199997666275,0.0035413375718933437,0.03187125114822131,0.017490402485023537,0.0446095479041686,0.0,0.11133495044332223,1.0,1.1486324829072454,3.678036109131562,0.40949396794053317,0.14284679975803968,True,2023-11-03 17:30:00+00:00,2023-11-06 14:30:00+00:00,1145.5777064749573,1168.0022061863845,0.01897483947590899,0.01957483947590899,6,gap_through_target,0.01957483947590899,-0.006274829381931357,False,True,MSFT,2023-11-03 17:00:00+00:00,1262,0.8396376187147367,4
0.012834679127320796,0.5680647467311559,0.8229838658936564,0.043950417965316166,0.10571706382022526,0.7579350948765107,0.0,0.18339569247497642,0.9025640212188429,0.8725555072663732,0.12139502203544378,-0.10260602031380983,0.0,0.0,0.6613404411849605,0.20413057274805838,4.947178089987288,0.6304906021428839,0.1274444927336268,0.6304906021428839,0.0,0.3175617760403824,0.0,0.34485929538891447,0.31756177604035096,0.0062823839730402915,1.097307733377012,0.0005644078886670734,0.028534869235960825,0.005934946939047503,-0.013742031349953221,-0.00434634631600006,0.016874914558571374,0.0,0.1274444927336268,0.4577412349301924,-0.5797466461984239,1.8993751705602548,0.2420649051234893,0.23783127123875783,True,2023-11-07 16:00:00+00:00,2023-11-07 19:30:00+00:00,725.1731919801273,745.1840272263471,0.02699456012373973,0.02759456012373973,8,target,0.047627562901080056,-0.009543864616265552,False,False,TSLA,2023-11-07 15:30:00+00:00,1264,0.6637822836638476,4
0.007871325428675344,1.0,0.0,0.5153569803755702,3.6539401272959515,0.7028594749902848,0.0,0.3721259061622657,0.880230722574588,0.5884902362872728,0.378500854060689,0.5746842553839918,0.0,117.91377968102923,0.09761598904766944,0.10037642362463078,0.708001940582484,0.2913497112775576,0.4115097637127272,0.2913497112775576,1.0,0.0,0.011791377968102923,1.2523566287368537,2.4954837765592988,0.004730163589280995,1.7487928313923715,0.01591247008382468,0.02254772246168546,0.017059559523151746,0.043947565422250756,0.00997720298488125,0.009967585366658094,0.0,0.4115097637127272,0.38132895502115444,2.032916683163969,0.7220740580455195,0.2971405250097152,2.339746537175397,True,2023-11-09 15:00:00+00:00,2023-11-09 17:00:00+00:00,233.6999459876445,231.21658274547548,-0.01122628932871179,-0.010626289328711791,5,stop,0.005893649582881855,-0.014581658161714972,False,False,AAPL,2023-11-09 14:30:00+00:00,1266,0.8742473629202503,4
0.012633022970812913,-0.9709418174260521,-0.23931566428755743,0.28571492836707074,0.804684456684527,0.7185146122287327,0.0,1.2917574434206005,1.2923838566018686,0.6562583444853549,-0.2498004292961662,0.470987299462324,0.0,0.0,0.17136624059155733,0.11199922801753825,1.090275067631373,0.3747729567140877,0.343741655514645,0.3747729567140877,0.0,0.4690651973939128,0.0,0.8311908777517886,0.8582832224603676,0.00545867716969693,1.7216758957374663,0.0036225185282265926,-0.02069258211897651,0.008161045445483905,0.025553443894504424,0.0014154080576767036,-0.0054441989040886485,0.0,0.34374165551464503,0.8564339178066951,0.5876949791371813,0.8188864609665296,0.28148538777126725,1.805609064803975,True,2023-11-09 18:30:00+00:00,2023-11-10 14:30:00+00:00,752.6004718062783,734.4252790490502,-0.024749855651308227,-0.024149855651308227,6,gap_through_stop,0.019138922883943366,-0.024149855651308227,True,False,TSLA,2023-11-09 18:00:00+00:00,1266,0.7905763235664999,4
0.01000088956816418,0.8854560256532099,0.4647231720437685,0.1259152374122046,0.19669935599461685,0.6632574567320559,0.0,0.2467930891371249,1.3588746455162681,0.7833926106576745,0.03945541584211152,0.14287181537287025,0.0,0.0,0.3571367096577572,0.22463777919802758,2.0620259943365884,0.44665006738973045,0.21660738934232548,0.44665006738973045,0.0,0.36203398453538466,0.0,0.5813062878164726,0.36203398453535485,0.003832536527986683,1.5377950943022927,0.0012608521304904308,-0.010566649167893294,0.011060725585646747,0.00789033043808618,0.009041393961820354,0.0015388038405457216,0.0,0.21660738934232546,0.8546001943503624,1.0346052740792675,1.5546216788357288,0.3367425432679441,1.570059780091055,True,2023-11-15 15:30:00+00:00,2023-11-15 19:00:00+00:00,755.9290650253641,756.0802508383692,-0.000400000000000022,0.00019999999999997797,8,stop,0.012083042717137893,-0.010560952909470678,False,False,TSLA,2023-11-15 15:00:00+00:00,1270,0.8024467831685802,4
0.007700019498561457,0.120536680255323,0.992708874098054,0.38387338896828754,4.42846600998424,0.7614052570554523,0.0,0.2306226278387433,1.0722474355739786,0.602856955440717,0.9589145413798821,1.1363718105707157,0.0,0.0,0.14033824867469544,0.07675116157876102,0.9172065770415039,0.3642622124961692,0.39714304455928306,0.3642622124961692,0.0,0.385492496200858,0.0,0.9665872139200599,2.5940842165670914,0.002812762578450963,2.439707892724177,0.0029645954277868203,0.03927676993871154,0.003636470538718406,0.020858877651981578,0.007735366336818261,0.025000896841939513,1.0,0.397143044559283,1.0,0.7017425929369125,0.6007778462021164,0.23859474294454777,2.557068270301593,True,2023-11-17 16:30:00+00:00,2023-11-17 17:30:00+00:00,1143.5452307201438,1143.7739397662879,-0.000400000000000022,0.00019999999999997797,3,stop,0.009059971370766196,-0.004965990308493096,False,False,MSFT,2023-11-17 16:00:00+00:00,1272,0.8881758256572707,4
0.014434774698243431,-0.7485107481711013,-0.663122658240795,0.22065967496937858,0.4909607456552962,0.9373727809708122,0.0,1.2626449554811425,2.072960604960597,0.6700928943679475,0.042702314132737035,-0.14460654826903196,0.0,0.0,0.385528217373562,0.0166441972776332,1.8413234057953676,0.6074656753387597,0.3299071056320525,0.6074656753387597,0.0,0.5951575344129583,0.0,0.6688539628348645,0.5951575344129089,0.008558516810806825,1.1256778231269706,0.003195350436124844,0.00416628044759082,0.009767281803034322,-0.006154918950868837,0.018497599524285535,-0.014959260058653778,0.0,0.3299071056320525,1.0,0.9463790720489894,0.1898328891982396,0.0626272190291878,0.42187986656549914,True,2023-11-20 19:00:00+00:00,2023-11-21 14:30:00+00:00,743.1543832852627,775.5965829441536,0.04305472422496341,0.043654724224963415,5,gap_through_target,0.043654724224963415,-0.0039146838455784705,False,True,TSLA,2023-11-20 18:30:00+00:00,1273,0.7527838508161502,4
0.009297503148570327,-0.7485107481711013,-0.663122658240795,0.40289786577029213,0.5377927168385256,0.5926688396930606,0.0,0.3951338632913668,3.023413764312664,0.5846651719941607,0.797359313013296,0.9478745905685169,0.0,0.0,0.04931644377900789,0.1572384650724663,0.42696638887381616,0.17733401168722132,0.4153348280058393,0.17733401168722132,0.0,0.4491615231472532,0.0,0.9700555758946074,0.5845203097102976,0.004548604157014566,1.1815449498928656,0.0037600290344128595,0.03806917508004504,0.010827324611901057,0.015633619331582693,0.014925222998111165,0.022586862404226915,0.0,0.41533482800583926,1.0,2.112427991175246,0.9807296013738569,0.40733116030693944,0.7967341475743352,True,2023-11-21 19:00:00+00:00,2023-11-22 14:30:00+00:00,1166.1206099103395,1151.4838963532964,-0.013151629250569962,-0.012551629250569962,5,stop,0.004614946876711157,-0.014741783631734395,False,False,MSFT,2023-11-21 18:30:00+00:00,1274,0.8244559339286607,4
0.01471093353949224,1.0,0.0,0.643948854963338,3.6762493498896482,0.763553131566828,0.0,0.3563339093858454,1.1507019492284447,0.5727050213951479,1.003227380625886,2.2362786058938995,0.0,12.313451885743731,0.11470808588302778,0.07011560940992255,0.7869461842492027,0.336258152961976,0.4272949786048521,0.336258152961976,1.0,0.37918642886577447,0.0012313451885743731,1.50703585861429,2.6372251849599793,0.0057750654359367505,1.0668405017778066,0.010806807847242306,0.061678249915045225,0.013446514333649517,0.09577567010795485,0.025578900149318073,0.048102846441437475,0.0,0.42729497860485205,1.0,1.4973092235625323,0.5533574703010958,0.23644686843317197,0.1960716349654752,True,2023-11-22 15:00:00+00:00,2023-11-22 20:00:00+00:00,826.6972718169621,826.1325827723414,-0.0012830662975089162,-0.0006830662975089163,11,momentum_decay,0.015174087584983953,-0.009579415612048447,False,False,TSLA,2023-11-22 14:30:00+00:00,1275,0.7941807846347416,4
0.0076289533225236345,1.0,0.0,0.5002252089374791,5.087545627525705,0.8137634569848776,0.0,0.22894326190427147,1.0003711261193577,0.5930860211099522,-0.4291903594991449,-0.1244527032474631,0.0,-19.885049056662663,0.16085174261702564,0.0536690171438944,0.9998414878842867,0.4068494780948298,0.40691397889004777,0.4068494780948298,1.0,0.34711587345094924,0.0019885049056662663,1.2293143880236292,2.8808823695004544,0.0029525611310227185,1.0989401609682439,0.0018346914038067652,-0.014040454253858026,0.002588117804771084,0.006305336932745043,-0.002957327323177217,-0.012018940746892581,0.0,0.4069139788900478,-0.1408585265166761,-0.4534183519555222,0.4576803763854508,0.18623654301512238,0.2460856138717559,True,2023-11-23 15:00:00+00:00,2023-11-23 17:00:00+00:00,217.94338409398773,216.7061609217453,-0.006276809954042405,-0.0056768099540424055,5,momentum_decay,0.005027229888164841,-0.008124842698312817,False,False,AAPL,2023-11-23 14:30:00+00:00,1276,0.8654158779932659,4
0.014277987797237785,-0.7485107481711013,-0.663122658240795,0.4343944554546345,0.5215166311293097,0.7703394206466012,0.0,0.2519676268653405,2.129849186405201,0.6040630951335181,0.1950425372672061,1.1567957602636145,0.0,0.0,0.1466749490419532,0.07306619889440877,0.9456115638078825,0.37440251578011935,0.3959369048664819,0.37440251578011935,0.0,0.285981755782119,0.0,1.097130502651985,0.5811601902997134,0.008616036653805786,1.2020879383301997,0.006240987075588178,-0.005526010788057034,0.018428516347999135,0.030588850167012405,0.015364739923841908,0.025841647320783867,0.0,0.3959369048664819,1.0,1.4557504838555317,0.5800433769385567,0.22966057935339876,0.4956060506790336,True,2023-11-23 19:00:00+00:00,2023-11-24 14:30:00+00:00,831.5028972231357,822.3398972390371,-0.011619805240245262,-0.011019805240245262,5,momentum_decay,0.0110252767957284,-0.017428217956694025,False,False,TSLA,2023-11-23 18:30:00+00:00,1276,0.8304467149421888,4
0.010962944992769298,-0.7485107481711012,0.6631226582407952,0.7211519312569004,3.5640145990129475,0.7600569606251723,0.0,0.41704015722261994,1.7288861472067687,0.5850869916480499,0.15598179557765432,0.4013669740640285,0.0,0.0,0.12330723099668547,0.07385776053955176,0.8318465445180763,0.34514395227322214,0.4149130083519501,0.34514395227322214,0.0,0.4041386664491244,0.0,1.7380798305682017,2.4743982276828977,0.004042790813969131,1.153769946740901,0.007968951074206698,0.011759651763720402,0.010227767762929885,0.016040630009307666,0.01348404462352537,0.0129046157818975,0.0,0.4149130083519501,1.0,1.2240064166880078,0.5782972202482968,0.23994303937482772,0.43712003568229874,True,2023-11-27 17:30:00+00:00,2023-11-28 14:30:00+00:00,828.2845142689102,828.450171171764,-0.000400000000000022,0.00019999999999997797,8,stop,0.015611392472832053,-0.005296331599439097,False,False,TSLA,2023-11-27 17:00:00+00:00,1278,0.8099967657143489,4
0.010947227765752928,1.0,0.0,0.4546776370834699,1.7842397553438178,0.8326755625506925,0.0,0.20215595845981846,1.006011608343229,0.623663430821438,0.2678306941089564,0.8278507291450816,0.0,-89.64475456895605,0.20990172251188988,0.05025047389902393,1.212582115971567,0.45633899337213063,0.37633656917856195,0.45633899337213063,1.0,0.31218461012615045,0.008964475456895604,1.2081675668030474,1.4894990324830164,0.0041381943721377455,1.6798158462105723,-0.00400696028690839,0.013034441206477565,-0.001231880261889473,0.014139461163833023,-0.0005448925950383154,0.006860958900849035,0.0,0.37633656917856195,0.32013198687880096,-0.4857584329318948,0.4446138142102157,0.16732443744930742,2.053383306288493,True,2023-11-28 15:00:00+00:00,2023-11-28 16:00:00+00:00,833.9673402795189,821.6423392081462,-0.015378757483766447,-0.014778757483766447,3,stop,0.011334675500713542,-0.01511991955437264,False,False,TSLA,2023-11-28 14:30:00+00:00,1279,0.7793153572582411,4
0.016183264090473076,1.0,0.0,0.06052756024345926,0.15965796710963415,0.780533021185279,0.0,0.07126972627516047,0.25347036291761055,0.8136122940844267,0.7113639616285804,0.0009987388867504156,0.0,210.0431642274292,0.6350512619752032,0.1296040977876924,3.1876851123330545,0.5941453152697057,0.1863877059155733,0.5941453152697057,1.0,0.0,0.02100431642274292,0.32474008919277103,0.33993625353321966,0.008864265920209568,1.7372838420186973,0.022005404946068285,0.049427364274182484,0.02845402470201064,0.008785443733411835,0.035704752310244725,0.05987468738082491,0.0,0.18638770591557333,1.0,2.357763034471418,1.1774756158749278,0.21946697881472096,1.4989323858932952,True,2023-11-30 15:00:00+00:00,2023-11-30 16:30:00+00:00,841.2941134230477,870.5661157759117,0.03419401779451696,0.03479401779451696,4,target,0.04163938181148108,-0.007820501495369059,False,False,TSLA,2023-11-30 14:30:00+00:00,1281,0.9298044757441076,4
0.011552506298382913,-0.970941817426052,0.23931566428755768,0.2855496740852304,0.5059989532105159,0.8236469956260573,0.0,0.15084139576512676,2.0433005825625337,0.6661556818173331,0.5934326273364615,1.1740436231961708,0.0,0.0,0.26833218429892525,0.059845504224414814,1.467158944353294,0.48980267744339023,0.3338443181826669,0.48980267744339023,0.0,0.44100908622141166,0.0,0.8553378282418107,0.6067709501974548,0.003667582484059034,1.334931301288202,0.0033097326019659867,0.03198726148488995,0.00991557731819448,0.012177712469750634,0.019266962095036533,0.02169120852081874,0.0,0.33384431818266697,1.0,1.2639586557724498,0.5282492310604199,0.17635300437394277,1.1507009257082705,True,2023-12-05 18:00:00+00:00,2023-12-05 19:30:00+00:00,908.826387099904,931.3997156062867,0.024237888541523245,0.024837888541523245,4,target,0.02834316797962999,-0.007049149955971279,False,False,TSLA,2023-12-05 17:30:00+00:00,1284,0.7903020109659411,4
0.006525717274850756,0.5680647467311559,0.8229838658936564,0.10892514393488832,0.3674018507352567,0.4473080566332001,0.0,0.9703979366042368,0.6755042423303269,0.7764821996176817,0.7416448556428362,1.3761077132688764,0.0,0.0,0.11591670528659098,0.49677571671102083,1.0012189448298139,0.2237902562508819,0.22351780038231828,0.2237902562508819,0.0,0.48595420428414415,0.0,0.48732201081335014,0.5655685791646207,0.0018349941224004166,1.0573862901606168,0.0007113203103699117,0.020777716371475963,0.0026525383890787513,0.03076654567877468,0.005911624360073642,0.01136588628003965,0.0,0.22351780038231825,-0.257836952904951,0.8836612085600937,2.47269766621694,0.5526919433667998,0.19109570011653415,True,2023-12-06 16:00:00+00:00,2023-12-06 18:00:00+00:00,222.30416300775633,223.72084101644614,0.005772701210459964,0.006372701210459963,5,stop,0.013948899972587192,-0.00164259713461401,False,False,AAPL,2023-12-06 15:30:00+00:00,1285,0.7859153330780498,4
0.0057037987550179435,-0.35460488704253545,0.9350162426854148,0.7346825960316306,44.660248201838534,0.8076211327134335,0.0,0.33410202982263826,2.0940691043015045,0.5769633434590334,0.6572473382684209,0.3060381930144082,0.0,0.0,0.14120445219633238,0.053823852099624016,0.9091043771880332,0.38458447617246694,0.42303665654096656,0.38458447617246694,0.0,0.17374391976061024,0.0,1.7366877897506368,5.755597095871336,0.0026974691499602322,1.0690821553598497,0.0042081157083473375,0.017418763394649206,0.00430274622054605,0.015766364507341812,0.0039980173730738144,0.014304293389665768,0.0,0.42303665654096656,1.0,1.3566137628693096,0.4547569680120494,0.19237886728656647,0.2379501076424464,True,2023-12-11 17:00:00+00:00,2023-12-11 17:30:00+00:00,1097.7782554917424,1097.9978111428406,-0.000400000000000022,0.00019999999999997797,2,stop,0.008194716511250144,-0.005914829480656469,False,False,MSFT,2023-12-11 16:30:00+00:00,1288,0.8244526632122586,4
0.018945753325162424,1.0,0.0,0.17745119008399926,0.7707620491760163,0.8569477509225194,0.0,0.07556015215741593,0.4526395276427298,0.6640452524485791,1.0918816840938885,0.4191364797934574,0.0,238.74334397547824,0.2941588188193705,0.04514734190211319,1.5507832741407757,0.5209930033710987,0.33595474755142085,0.5209930033710987,1.0,0.0,0.023874334397547825,0.5281996798001457,0.8401081412726952,0.010163429385917144,2.050652758829271,0.027328156672116632,0.08643494900128879,0.03195238556268043,0.07690257465968475,0.05467071748527341,0.08523789140423288,1.0,0.3359547475514208,1.0,2.5962568198932727,0.425808089095508,0.14305224907748057,1.335563934387791,True,2023-12-12 15:00:00+00:00,2023-12-12 18:30:00+00:00,919.6538896596661,929.46449437627,0.010067714046459942,0.010667714046459942,8,stop,0.032455330370396496,-0.00614541099777377,False,False,TSLA,2023-12-12 14:30:00+00:00,1289,0.9642322821578402,4
0.008316179438886108,0.120536680255323,0.992708874098054,1.3759345526280953,1.7207574734979718,0.8155991130108399,0.0,0.5397467583469585,2.6622370039193943,0.5299211194510663,0.26488066717193814,0.24555538711388739,0.0,0.0,0.10589353871086936,0.045350122523334375,0.7350260706424385,0.34552023246190616,0.47007888054893365,0.34552023246190616,0.0,0.4695215494746263,0.0,2.9270290786545243,1.6459193907562801,0.00447062085982627,4.242754335416318,0.011574965393037484,0.009668902931440293,0.01842557681771706,0.014181785671170122,0.018176133177429943,0.01053688389725349,1.0,0.47007888054893365,0.8774130774876481,2.491107125313762,0.39227647660710024,0.18440088698916018,4.519125385466522,True,2023-12-13 16:30:00+00:00,2023-12-13 16:30:00+00:00,1108.6812524316892,1128.5042357385537,0.017279785793605052,0.017879785793605052,1,target,0.019252990322253583,-0.00647178829210171,False,False,MSFT,2023-12-13 16:00:00+00:00,1290,0.9826893004463516,4
0.009854615890460439,-0.35460488704253545,0.9350162426854148,1.2160317032921784,1.0599827168761624,0.7230639595562617,0.0,0.7142588160109311,3.4357356401971733,0.528514038028147,0.6530188185031987,0.4372864503217778,0.0,0.0,0.067969782010111,0.07744484787211027,0.533585340552321,0.25157799758440863,0.4714859619718531,0.25157799758440863,0.0,0.28027419829848865,0.0,2.5791472098267336,1.0568193523015872,0.005403753647937083,3.0297013581005827,0.012128871991502255,0.01967087041682447,0.023844228658097988,0.022181209919449385,0.029539281097362924,0.02937196306747314,1.0,0.47148596197185305,1.0,3.750207989252764,0.5873685809976467,0.2769360404437383,2.6161261283994843,True,2023-12-13 17:00:00+00:00,2023-12-13 18:00:00+00:00,1122.1283054218115,1145.9033137957638,0.020587424164490043,0.021187424164490043,3,target,0.024232027466875916,-0.007285611852463791,False,False,MSFT,2023-12-13 16:30:00+00:00,1290,0.9706875707117332,4
0.01109909177498275,-0.9709418174260521,-0.23931566428755743,0.5084333191646694,0.7682393362667626,0.7742063201626447,0.0,0.26042962969720546,4.864267870608062,0.5591859873256844,1.2527721652717885,1.0931325290710248,0.0,0.0,0.10914200327876089,0.06364462561838358,0.7563105933626387,0.333392307488329,0.44081401267431564,0.333392307488329,0.0,0.24741927962746932,0.0,1.1533964541647015,0.791010728323128,0.005445629836694087,1.289017487103742,0.005675173917612852,0.047024914799838946,0.013159634633711947,0.046819734107746314,0.03366695882271298,0.05245502712738359,0.0,0.44081401267431564,1.0,1.971297920195554,0.5122198327305498,0.22579367983735532,0.39846345694231466,True,2023-12-13 18:30:00+00:00,2023-12-13 19:30:00+00:00,1146.0071785048208,1173.354402030201,0.023263047316212915,0.023863047316212915,3,target,0.02941162433487099,-0.006860800436541803,False,False,MSFT,2023-12-13 18:00:00+00:00,1290,0.9132487534631601,4
0.02215119397810628,1.0,0.0,0.02906549549272511,0.04412518372266004,0.834202666957414,0.0,0.05406751934820411,0.2720385666544975,0.9108710424604455,-0.02655172796300133,1.38725771623958,0.0,-756.0658469947068,0.7598510528747835,0.1439822582601779,8.359502119004961,0.7450737094178594,0.08912895753955452,0.7450737094178594,1.0,0.0,0.07560658469947068,0.3261060860027016,0.22156520366391866,0.02159731214491327,1.574649457260759,-0.07501104403843939,-0.030592826903362846,-0.06235602333220547,0.006562878605351541,-0.06215235645360517,-0.042056149882934935,0.0,0.08912895753955453,0.7488982517772914,-3.7841653064939393,1.8601960307762901,0.16579733304258604,1.3429668091223363,True,2023-12-14 15:00:00+00:00,2023-12-14 16:00:00+00:00,925.6894664964419,898.0075451330412,-0.030504111870443506,-0.029904111870443506,3,stop,0.0065258363638311945,-0.03055289112392512,False,False,TSLA,2023-12-14 14:30:00+00:00,1291,0.8352326152804384,4
0.019533153535141973,-0.3546048870425359,-0.9350162426854147,0.0887947066661159,0.1475295369229128,0.7785151053684406,0.0,0.3449389816065137,1.5790711133526292,0.8154275792437838,-0.2386869797531675,-0.10836864353249905,0.0,0.0,0.6348226877753068,0.13244293138898763,3.2179384231858554,0.5939426846122244,0.18457242075621616,0.5939426846122244,0.0,0.32068101710153374,0.0,0.4810832859119089,0.3206810171015219,0.021592185613603695,1.2871581054233974,0.0017374541495014384,-0.06187042091652972,0.013675502247270321,-0.013825878450100193,0.01859710143910087,0.011332497811572972,0.0,0.1845724207562162,0.862717984585109,0.6346766329197878,1.199989108470108,0.22148489463155943,0.7045440275601983,True,2023-12-14 19:30:00+00:00,2023-12-15 15:30:00+00:00,925.9677470452044,910.6830112901258,-0.01710676905740267,-0.01650676905740267,6,momentum_decay,0.007437865658445952,-0.02288405249990688,False,False,TSLA,2023-12-14 19:00:00+00:00,1291,0.7881070349867347,4
0.0068866839560293835,-0.35460488704253545,0.9350162426854148,0.011340053809176433,0.015314964868306165,0.5377151174333311,0.0,0.37676392376074613,1.356498824723258,0.9592414827307729,0.13577960549766893,0.6195504797622432,0.0,0.0,0.5157986465335003,0.4825400967365139,12.192705560227077,0.49695660016410403,0.04075851726922708,0.49695660016410403,0.0,0.1605211769849323,0.0,0.278225376410791,0.16052117698487103,0.002982836504925654,1.2811891070478802,7.810146599074308e-05,0.008186609158695513,0.0052043248734827685,0.019281612119848468,0.00475691921488397,-0.0009236875823623869,0.0,0.04075851726922709,0.22988915062262674,0.2740341540373216,11.342043663809417,0.4622848825666689,0.7093754357990114,True,2023-12-18 17:00:00+00:00,2023-12-18 18:00:00+00:00,219.5239145494517,222.77426696308052,0.014206370505463296,0.014806370505463295,3,target,0.01526273061957828,-0.0033549104347138092,False,False,AAPL,2023-12-18 16:30:00+00:00,1293,0.831471579100928,4
0.006036806053531075,-0.7485107481711013,-0.663122658240795,0.28977247472374223,0.45448125450272164,0.7396715781999239,0.0,0.5231494519304124,1.6173467659204654,0.6525288611278137,-0.25661501330658915,1.2343073414624846,0.0,0.0,0.18159619305532257,0.09904708534025598,1.1287281027153655,0.3922004393277376,0.3474711388721863,0.3922004393277376,0.0,0.32818400349132476,0.0,0.8339468873998542,0.5459118550370887,0.0032157393038885693,1.4133192406560156,0.0017523656431808199,-0.013166395704306555,0.005629821824406633,0.0007035999664584125,0.004469071528752089,-2.7975654520062676e-05,0.0,0.3474711388721862,0.8104174325451358,0.8396784633560228,0.7492087620425674,0.26032842180007615,0.9681727376597693,True,2023-12-18 19:00:00+00:00,2023-12-19 14:30:00+00:00,1195.4982159697304,1194.8116583021863,-0.0011742858152132378,-0.000574285815213238,5,gap_through_stop,0.009668813697057743,-0.003033914921947045,True,False,MSFT,2023-12-18 18:30:00+00:00,1293,0.885297784480864,4
0.006694850804045859,1.0,0.0,0.18664927453263983,0.23158972984757584,0.8656561467912914,0.0,0.08099886117182631,0.5219231128316386,0.6904254902284136,0.12747697764958218,0.9894448168121747,0.0,-79.58800273386912,0.35786097395601996,0.04433546615479351,1.79627721103274,0.556081637019705,0.3095745097715864,0.556081637019705,1.0,0.31045396626060473,0.007958800273386912,0.6029219740034649,0.3276617329834742,0.003259664333190789,1.0579387931409105,-0.006717605473920862,0.0006481535675657568,-0.0013654683646954213,-0.007847303567663055,-0.0025434038887522936,0.005716864800568988,0.0,0.3095745097715864,0.6443813364999947,-0.4485819208653496,0.4339629038183465,0.1343438532087086,0.13427915188697362,True,2023-12-19 15:00:00+00:00,2023-12-19 18:00:00+00:00,1196.3065498621686,1213.5261016767133,0.013793929228698754,0.014393929228698754,7,target,0.017085086117780035,-0.004144936353932982,False,False,MSFT,2023-12-19 14:30:00+00:00,1294,0.8681344134211292,4
0.0067430834964468,-0.3546048870425359,-0.9350162426854147,0.19723450865899267,1.2428948672114142,0.7552444532190568,0.0,0.8105044703345646,1.294717349032151,0.6988780867128294,0.25703016166672465,1.1173733340301981,0.0,0.0,0.2653373638366121,0.10336309678494429,1.5081019344390036,0.4541225399318861,0.30112191328717064,0.4541225399318861,0.0,0.46836318281130696,0.0,0.6549988557986355,1.1338517061089082,0.003411269228866884,1.13333311755514,0.0013317399327756885,0.011652277967688862,0.002405800070935049,0.015528121275428797,0.005954380182650931,0.0004908053098018339,0.0,0.30112191328717064,1.0,0.7376909247937937,0.812812140133763,0.2447555467809433,0.33629311516554444,True,2023-12-19 19:30:00+00:00,2023-12-19 20:00:00+00:00,223.1388190737539,221.10755009453155,-0.009703162720203173,-0.009103162720203173,2,stop,0.0015725377100179738,-0.011064345731126801,False,False,AAPL,2023-12-19 19:00:00+00:00,1294,0.8116814007284379,4
0.005946281861466898,0.120536680255323,0.992708874098054,0.38091309928638944,3.6487298783990765,0.8719609563726363,0.0,0.13057335213647728,1.7504138162855474,0.6264800731562183,0.6073304671713593,1.7784415974090355,0.0,0.0,0.24298700861901973,0.03590348906358974,1.3344429405426068,0.4984410295288546,0.37351992684378166,0.4984410295288546,0.0,0.4579336762661018,0.0,1.019793247725977,2.1837223419633682,0.0023781948174438463,1.0582980359020744,0.0022701586001161456,0.01630934813221363,0.002894137032629418,0.0263941634317284,0.004939064683710415,0.00532676105837715,0.0,0.3735199268437817,1.0,1.1321553760505179,0.3427903959749591,0.1280390436273637,0.1715643366482124,True,2023-12-20 16:30:00+00:00,2023-12-20 17:00:00+00:00,1228.21125719128,1218.351815258354,-0.0086274805129803,-0.0080274805129803,2,stop,0.004158617409714793,-0.0090809955473925,False,False,MSFT,2023-12-20 16:00:00+00:00,1295,0.8538781618230397,4
0.012416553542891675,-0.7485107481711013,-0.663122658240795,0.4881706877679948,1.0899071506702116,0.5530196747449581,0.0,0.5538185231862658,2.0906547727277216,0.6060032597986476,0.2812634072726903,-0.01089135962370343,0.0,0.0,0.04508804687133381,0.19272303945615443,0.40361484834190947,0.1590229345436055,0.39399674020135256,0.1590229345436055,0.0,0.28076032116065885,0.0,1.2390221490627424,1.0706772884913125,0.005337244604631849,1.0641324852004896,0.006098362079297814,0.021783120218227703,0.011759464078040516,0.02879262241196079,0.0024405712838495575,0.017631424588713918,0.0,0.3939967402013525,0.2702612225643821,0.4097939632520719,1.1344772168077537,0.446980325255042,0.1607635873798609,True,2023-12-20 19:00:00+00:00,2023-12-20 20:30:00+00:00,877.6038671477525,862.8931663498025,-0.01736234728290371,-0.01676234728290371,4,stop,0.006318367021498128,-0.021602740693618117,False,False,TSLA,2023-12-20 18:30:00+00:00,1295,0.730470571689194,4
0.0073986452748164245,0.5680647467311559,0.8229838658936564,0.7521921668591611,6.199878822072072,0.682098190122031,0.0,0.5433816881689357,1.6884877094688102,0.5599350209493703,-0.18747144458714754,0.22638736541988438,0.0,0.0,0.07001989062679513,0.10219808209433377,0.5499942567425241,0.24203321107140124,0.4400649790506298,0.24203321107140124,0.0,0.2629147114469019,0.0,1.709275226767411,3.803514814733799,0.003938245052863284,2.4223299409874426,0.0055963478329534855,0.008715703980354927,0.0065048738753836766,-0.005056628958657328,-0.003567117059986913,0.003195485942564691,1.0,0.44006497905062975,0.0711746440890742,-0.14683607226163,0.7223974299516965,0.317901809877969,3.192394441829386,True,2023-12-22 16:00:00+00:00,2023-12-22 17:30:00+00:00,1219.2327967617055,1238.6272393486292,0.01530708734085533,0.01590708734085533,4,target,0.017613965173414847,-0.003967618597599865,False,False,MSFT,2023-12-22 15:30:00+00:00,1297,0.8611888405530121,4
0.007960776724252109,-0.970941817426052,0.23931566428755768,0.7453897654257949,1.0555731273677529,0.7130599545242629,0.0,0.4823072431844293,3.248354518000263,0.5565437255798368,0.45579130455735417,0.4963593424820813,0.0,0.0,0.08042278257268096,0.08767524159250119,0.607960007909642,0.2696036801040996,0.4434562744201632,0.2696036801040996,0.0,0.22737855476654878,0.0,1.6808641762943186,1.049551815200686,0.004019679223405295,1.8293346312762035,0.005969302629509343,0.020329553685430435,0.01169044718125356,0.012851870401754395,0.013721739725607973,0.010105675613753196,0.0,0.4434562744201632,0.8940177812589944,1.491953127424868,0.647053750340738,0.2869400454757372,1.707101375148107,True,2023-12-22 18:00:00+00:00,2023-12-22 20:00:00+00:00,1235.9627918637946,1257.1171230886432,0.0165156699571422,0.0171156699571422,5,target,0.019461948916467797,-0.0050835416041746795,False,False,MSFT,2023-12-22 17:30:00+00:00,1297,0.8923634065701443,4
